Date,"Volatility of Returns (Session:All day, Interval:1d, Symbol:FGBL)",ZScore wrt All Days,ZScore wrt Given Days
2008-12-29,73.0000000000004,-0.13297585894621175,-0.13297585894621175
2008-12-30,73.0000000000004,-0.13297585894621175,-0.13297585894621175
2009-01-02,146.0000000000008,1.5465421358932552,1.5465421358932552
2009-01-05,87.99999999999955,0.21213057834954763,0.21213057834954763
2009-01-06,164.00000000000006,1.960669860648173,1.960669860648173
2009-01-07,100.0,0.4882157281861813,0.4882157281861813
2009-01-08,135.99999999999994,1.3164711776960496,1.3164711776960496
2009-01-09,146.0000000000008,1.5465421358932552,1.5465421358932552
2009-01-12,79.99999999999972,0.028073811791802756,0.028073811791802756
2009-01-13,43.99999999999977,-0.8001816377180655,-0.8001816377180655
2009-01-14,135.00000000000085,1.2934640818763519,1.2934640818763519
2009-01-15,84.99999999999943,0.1431092908903892,0.1431092908903892
2009-01-16,76.00000000000051,-0.06395457148705333,-0.06395457148705333
2009-01-19,121.99999999999989,0.9943718362199879,0.9943718362199879
2009-01-20,105.00000000000114,0.6032512072848004,0.6032512072848004
2009-01-21,68.99999999999977,-0.22500424222510054,-0.22500424222510054
2009-01-22,125.0,1.0633931236791463,1.0633931236791463
2009-01-23,162.00000000000045,1.914655669008745,1.914655669008745
2009-01-26,122.99999999999898,1.0173789320396855,1.0173789320396855
2009-01-27,126.9999999999996,1.1094073153185744,1.1094073153185744
2009-01-28,84.99999999999943,0.1431092908903892,0.1431092908903892
2009-01-29,101.00000000000051,0.5112228240059117,0.5112228240059117
2009-01-30,81.00000000000023,0.051080907611533125,0.051080907611533125
2009-02-02,89.99999999999915,0.2581447699889757,0.2581447699889757
2009-02-03,100.0,0.4882157281861813,0.4882157281861813
2009-02-04,62.000000000000455,-0.38605391296311503,-0.38605391296311503
2009-02-05,104.00000000000063,0.58024411146507,0.58024411146507
2009-02-06,96.99999999999989,0.4191944407270229,0.4191944407270229
2009-02-09,67.00000000000017,-0.27101843386452856,-0.27101843386452856
2009-02-10,103.00000000000011,0.5572370156453397,0.5572370156453397
2009-02-11,137.00000000000045,1.33947827351578,1.33947827351578
2009-02-12,118.00000000000068,0.9023434529411318,0.9023434529411318
2009-02-13,57.99999999999983,-0.4780822962420038,-0.4780822962420038
2009-02-16,89.00000000000006,0.235137674169278,0.235137674169278
2009-02-17,78.9999999999992,0.0050667159720723855,0.0050667159720723855
2009-02-18,76.9999999999996,-0.04094747566735566,-0.04094747566735566
2009-02-19,107.99999999999983,0.6722724947439261,0.6722724947439261
2009-02-20,81.99999999999932,0.0740880034312308,0.0740880034312308
2009-02-23,82.99999999999983,0.09709509925096117,0.09709509925096117
2009-02-24,64.00000000000006,-0.340039721323687,-0.340039721323687
2009-02-25,73.0000000000004,-0.13297585894621175,-0.13297585894621175
2009-02-26,110.99999999999994,0.7412937822030846,0.7412937822030846
2009-02-27,104.99999999999972,0.6032512072847678,0.6032512072847678
2009-03-02,59.00000000000034,-0.45507520042227345,-0.45507520042227345
2009-03-03,48.0000000000004,-0.7081532544391768,-0.7081532544391768
2009-03-04,93.99999999999977,0.35017315326786447,0.35017315326786447
2009-03-05,162.99999999999955,1.9376627648284426,1.9376627648284426
2009-03-06,84.99999999999943,0.1431092908903892,0.1431092908903892
2009-03-09,62.999999999999545,-0.36304681714341736,-0.36304681714341736
2009-03-10,76.00000000000051,-0.06395457148705333,-0.06395457148705333
2009-03-11,95.00000000000028,0.37318024908759484,0.37318024908759484
2009-03-12,60.00000000000085,-0.4320681046025431,-0.4320681046025431
2009-03-13,100.0,0.4882157281861813,0.4882157281861813
2009-03-16,54.999999999999716,-0.5471035837011623,-0.5471035837011623
2009-03-17,93.99999999999977,0.35017315326786447,0.35017315326786447
2009-03-18,235.99999999999994,3.6171807596679098,3.6171807596679098
2009-03-19,101.00000000000051,0.5112228240059117,0.5112228240059117
2009-03-20,83.99999999999892,0.12010219507065885,0.12010219507065885
2009-03-23,68.99999999999977,-0.22500424222510054,-0.22500424222510054
2009-03-24,117.99999999999926,0.9023434529410991,0.9023434529410991
2009-03-25,71.0000000000008,-0.1789900505856398,-0.1789900505856398
2009-03-26,76.9999999999996,-0.04094747566735566,-0.04094747566735566
2009-03-27,78.00000000000011,-0.01794037984762529,-0.01794037984762529
2009-03-30,103.9999999999992,0.5802441114650374,0.5802441114650374
2009-03-31,62.999999999999545,-0.36304681714341736,-0.36304681714341736
2009-04-01,43.99999999999977,-0.8001816377180655,-0.8001816377180655
2009-04-02,175.0,2.2137479146650763,2.2137479146650763
2009-04-03,117.00000000000017,0.8793363571214015,0.8793363571214015
2009-04-06,62.999999999999545,-0.36304681714341736,-0.36304681714341736
2009-04-07,43.99999999999977,-0.8001816377180655,-0.8001816377180655
2009-04-08,78.9999999999992,0.0050667159720723855,0.0050667159720723855
2009-04-09,67.00000000000017,-0.27101843386452856,-0.27101843386452856
2009-04-14,45.000000000000284,-0.7771745418983351,-0.7771745418983351
2009-04-15,57.99999999999983,-0.4780822962420038,-0.4780822962420038
2009-04-16,57.99999999999983,-0.4780822962420038,-0.4780822962420038
2009-04-17,95.00000000000028,0.37318024908759484,0.37318024908759484
2009-04-20,132.00000000000074,1.2244427944171936,1.2244427944171936
2009-04-21,81.00000000000023,0.051080907611533125,0.051080907611533125
2009-04-22,104.99999999999972,0.6032512072847678,0.6032512072847678
2009-04-23,51.9999999999996,-0.6161248711603207,-0.6161248711603207
2009-04-24,60.99999999999994,-0.4090610087828454,-0.4090610087828454
2009-04-27,70.00000000000028,-0.20199714640537017,-0.20199714640537017
2009-04-28,68.99999999999977,-0.22500424222510054,-0.22500424222510054
2009-04-29,87.99999999999955,0.21213057834954763,0.21213057834954763
2009-04-30,61.999999999999034,-0.3860539129631477,-0.3860539129631477
2009-05-04,84.00000000000034,0.12010219507069154,0.12010219507069154
2009-05-05,62.000000000000455,-0.38605391296311503,-0.38605391296311503
2009-05-06,95.00000000000028,0.37318024908759484,0.37318024908759484
2009-05-07,145.00000000000028,1.5235350400735248,1.5235350400735248
2009-05-08,65.99999999999966,-0.29402552968425893,-0.29402552968425893
2009-05-11,70.00000000000028,-0.20199714640537017,-0.20199714640537017
2009-05-12,48.0000000000004,-0.7081532544391768,-0.7081532544391768
2009-05-13,104.00000000000063,0.58024411146507,0.58024411146507
2009-05-14,78.00000000000011,-0.01794037984762529,-0.01794037984762529
2009-05-15,100.0,0.4882157281861813,0.4882157281861813
2009-05-18,57.99999999999983,-0.4780822962420038,-0.4780822962420038
2009-05-19,61.999999999999034,-0.3860539129631477,-0.3860539129631477
2009-05-20,57.99999999999983,-0.4780822962420038,-0.4780822962420038
2009-05-21,120.00000000000028,0.9483576445805598,0.9483576445805598
2009-05-22,76.00000000000051,-0.06395457148705333,-0.06395457148705333
2009-05-25,42.00000000000017,-0.8461958293574936,-0.8461958293574936
2009-05-26,84.00000000000034,0.12010219507069154,0.12010219507069154
2009-05-27,75.0,-0.0869616673067837,-0.0869616673067837
2009-05-28,51.00000000000051,-0.6391319669800184,-0.6391319669800184
2009-05-29,68.99999999999977,-0.22500424222510054,-0.22500424222510054
2009-06-01,112.00000000000045,0.764300878022815,0.764300878022815
2009-06-02,50.99999999999909,-0.639131966980051,-0.639131966980051
2009-06-03,112.99999999999955,0.7873079738425126,0.7873079738425126
2009-06-04,92.99999999999926,0.3271660574481341,0.3271660574481341
2009-06-05,110.99999999999994,0.7412937822030846,0.7412937822030846
2009-06-08,46.999999999999886,-0.7311603502589071,-0.7311603502589071
2009-06-09,64.00000000000006,-0.340039721323687,-0.340039721323687
2009-06-10,62.999999999999545,-0.36304681714341736,-0.36304681714341736
2009-06-11,85.99999999999994,0.16611638671011958,0.16611638671011958
2009-06-12,48.0000000000004,-0.7081532544391768,-0.7081532544391768
2009-06-15,98.99999999999949,0.46520863236645094,0.46520863236645094
2009-06-16,42.00000000000017,-0.8461958293574936,-0.8461958293574936
2009-06-17,53.000000000000114,-0.5931177753405903,-0.5931177753405903
2009-06-18,82.00000000000074,0.0740880034312635,0.0740880034312635
2009-06-19,106.99999999999932,0.6492653989241958,0.6492653989241958
2009-06-22,67.00000000000017,-0.27101843386452856,-0.27101843386452856
2009-06-23,46.999999999999886,-0.7311603502589071,-0.7311603502589071
2009-06-24,42.00000000000017,-0.8461958293574936,-0.8461958293574936
2009-06-25,85.99999999999994,0.16611638671011958,0.16611638671011958
2009-06-26,64.00000000000006,-0.340039721323687,-0.340039721323687
2009-06-29,39.00000000000006,-0.915217116816652,-0.915217116816652
2009-06-30,46.999999999999886,-0.7311603502589071,-0.7311603502589071
2009-07-01,39.00000000000006,-0.915217116816652,-0.915217116816652
2009-07-02,85.99999999999994,0.16611638671011958,0.16611638671011958
2009-07-03,21.999999999999886,-1.3063377457518721,-1.3063377457518721
2009-07-06,39.00000000000006,-0.915217116816652,-0.915217116816652
2009-07-07,51.9999999999996,-0.6161248711603207,-0.6161248711603207
2009-07-08,59.99999999999943,-0.4320681046025758,-0.4320681046025758
2009-07-09,58.99999999999892,-0.45507520042230615,-0.45507520042230615
2009-07-10,59.99999999999943,-0.4320681046025758,-0.4320681046025758
2009-07-13,40.99999999999966,-0.869202925177224,-0.869202925177224
2009-07-14,56.00000000000023,-0.5240964878814319,-0.5240964878814319
2009-07-15,79.99999999999972,0.028073811791802756,0.028073811791802756
2009-07-16,90.99999999999966,0.28115186580870605,0.28115186580870605
2009-07-17,98.0000000000004,0.44220153654675326,0.44220153654675326
2009-07-20,95.00000000000028,0.37318024908759484,0.37318024908759484
2009-07-21,89.00000000000006,0.235137674169278,0.235137674169278
2009-07-22,65.99999999999966,-0.29402552968425893,-0.29402552968425893
2009-07-23,92.99999999999926,0.3271660574481341,0.3271660574481341
2009-07-24,45.999999999999375,-0.7541674460786375,-0.7541674460786375
2009-07-27,43.99999999999977,-0.8001816377180655,-0.8001816377180655
2009-07-28,98.99999999999949,0.46520863236645094,0.46520863236645094
2009-07-29,48.0000000000004,-0.7081532544391768,-0.7081532544391768
2009-07-30,103.00000000000011,0.5572370156453397,0.5572370156453397
2009-07-31,114.00000000000006,0.810315069662243,0.810315069662243
2009-08-03,74.00000000000091,-0.10996876312648138,-0.10996876312648138
2009-08-04,55.00000000000114,-0.5471035837011295,-0.5471035837011295
2009-08-05,76.9999999999996,-0.04094747566735566,-0.04094747566735566
2009-08-06,98.0000000000004,0.44220153654675326,0.44220153654675326
2009-08-07,150.0,1.6385705191721114,1.6385705191721114
2009-08-10,63.000000000000966,-0.36304681714338466,-0.36304681714338466
2009-08-11,54.999999999999716,-0.5471035837011623,-0.5471035837011623
2009-08-12,67.00000000000017,-0.27101843386452856,-0.27101843386452856
2009-08-13,101.00000000000051,0.5112228240059117,0.5112228240059117
2009-08-14,93.99999999999977,0.35017315326786447,0.35017315326786447
2009-08-17,42.00000000000017,-0.8461958293574936,-0.8461958293574936
2009-08-18,42.00000000000017,-0.8461958293574936,-0.8461958293574936
2009-08-19,51.9999999999996,-0.6161248711603207,-0.6161248711603207
2009-08-20,57.00000000000074,-0.5010893920617016,-0.5010893920617016
2009-08-21,98.99999999999949,0.46520863236645094,0.46520863236645094
2009-08-24,64.00000000000006,-0.340039721323687,-0.340039721323687
2009-08-25,45.999999999999375,-0.7541674460786375,-0.7541674460786375
2009-08-26,62.000000000000455,-0.38605391296311503,-0.38605391296311503
2009-08-27,53.999999999999204,-0.5701106795208927,-0.5701106795208927
2009-08-28,65.99999999999966,-0.29402552968425893,-0.29402552968425893
2009-08-31,64.99999999999915,-0.3170326255039893,-0.3170326255039893
2009-09-01,62.000000000000455,-0.38605391296311503,-0.38605391296311503
2009-09-02,40.00000000000057,-0.8922100209969216,-0.8922100209969216
2009-09-03,39.00000000000006,-0.915217116816652,-0.915217116816652
2009-09-04,62.000000000000455,-0.38605391296311503,-0.38605391296311503
2009-09-07,70.99999999999937,-0.1789900505856725,-0.1789900505856725
2009-09-08,32.99999999999983,-1.0532596917349688,-1.0532596917349688
2009-09-09,112.00000000000045,0.764300878022815,0.764300878022815
2009-09-10,109.99999999999943,0.7182866863833542,0.7182866863833542
2009-09-11,71.99999999999989,-0.15598295476594212,-0.15598295476594212
2009-09-14,31.000000000000227,-1.099273883374397,-1.099273883374397
2009-09-15,59.99999999999943,-0.4320681046025758,-0.4320681046025758
2009-09-16,77.99999999999869,-0.017940379847657985,-0.017940379847657985
2009-09-17,46.999999999999886,-0.7311603502589071,-0.7311603502589071
2009-09-18,89.00000000000006,0.235137674169278,0.235137674169278
2009-09-21,50.0,-0.6621390627997488,-0.6621390627997488
2009-09-22,54.000000000000625,-0.5701106795208599,-0.5701106795208599
2009-09-23,84.00000000000034,0.12010219507069154,0.12010219507069154
2009-09-24,56.00000000000023,-0.5240964878814319,-0.5240964878814319
2009-09-25,76.00000000000051,-0.06395457148705333,-0.06395457148705333
2009-09-28,50.99999999999909,-0.639131966980051,-0.639131966980051
2009-09-29,59.00000000000034,-0.45507520042227345,-0.45507520042227345
2009-09-30,42.00000000000017,-0.8461958293574936,-0.8461958293574936
2009-10-01,103.9999999999992,0.5802441114650374,0.5802441114650374
2009-10-02,48.0000000000004,-0.7081532544391768,-0.7081532544391768
2009-10-05,26.999999999999602,-1.1913022666532858,-1.1913022666532858
2009-10-06,24.00000000000091,-1.2603235541124114,-1.2603235541124114
2009-10-07,59.99999999999943,-0.4320681046025758,-0.4320681046025758
2009-10-08,60.99999999999994,-0.4090610087828454,-0.4090610087828454
2009-10-09,92.99999999999926,0.3271660574481341,0.3271660574481341
2009-10-12,65.99999999999966,-0.29402552968425893,-0.29402552968425893
2009-10-13,40.99999999999966,-0.869202925177224,-0.869202925177224
2009-10-14,59.99999999999943,-0.4320681046025758,-0.4320681046025758
2009-10-15,62.000000000000455,-0.38605391296311503,-0.38605391296311503
2009-10-16,51.9999999999996,-0.6161248711603207,-0.6161248711603207
2009-10-19,35.99999999999994,-0.9842384042758104,-0.9842384042758104
2009-10-20,79.00000000000063,0.005066715972105081,0.005066715972105081
2009-10-21,89.00000000000006,0.235137674169278,0.235137674169278
2009-10-22,42.00000000000017,-0.8461958293574936,-0.8461958293574936
2009-10-23,41.00000000000108,-0.8692029251771912,-0.8692029251771912
2009-10-26,42.99999999999926,-0.8231887335377959,-0.8231887335377959
2009-10-27,93.99999999999977,0.35017315326786447,0.35017315326786447
2009-10-28,43.99999999999977,-0.8001816377180655,-0.8001816377180655
2009-10-29,83.99999999999892,0.12010219507065885,0.12010219507065885
2009-10-30,93.99999999999977,0.35017315326786447,0.35017315326786447
2009-11-02,35.00000000000085,-1.007245500095508,-1.007245500095508
2009-11-03,98.99999999999949,0.46520863236645094,0.46520863236645094
2009-11-04,71.0000000000008,-0.1789900505856398,-0.1789900505856398
2009-11-05,79.00000000000063,0.005066715972105081,0.005066715972105081
2009-11-06,64.00000000000006,-0.340039721323687,-0.340039721323687
2009-11-09,68.00000000000068,-0.24801133804479822,-0.24801133804479822
2009-11-10,62.999999999999545,-0.36304681714341736,-0.36304681714341736
2009-11-11,52.00000000000102,-0.616124871160288,-0.616124871160288
2009-11-12,75.99999999999909,-0.06395457148708603,-0.06395457148708603
2009-11-13,63.000000000000966,-0.36304681714338466,-0.36304681714338466
2009-11-16,79.00000000000063,0.005066715972105081,0.005066715972105081
2009-11-17,52.00000000000102,-0.616124871160288,-0.616124871160288
2009-11-18,42.00000000000017,-0.8461958293574936,-0.8461958293574936
2009-11-19,43.99999999999977,-0.8001816377180655,-0.8001816377180655
2009-11-20,49.00000000000091,-0.6851461586194464,-0.6851461586194464
2009-11-23,32.00000000000074,-1.0762667875546665,-1.0762667875546665
2009-11-24,33.99999999999892,-1.030252595915271,-1.030252595915271
2009-11-25,35.99999999999994,-0.9842384042758104,-0.9842384042758104
2009-11-26,90.99999999999966,0.28115186580870605,0.28115186580870605
2009-11-27,76.00000000000051,-0.06395457148705333,-0.06395457148705333
2009-11-30,32.99999999999983,-1.0532596917349688,-1.0532596917349688
2009-12-01,45.999999999999375,-0.7541674460786375,-0.7541674460786375
2009-12-02,35.99999999999994,-0.9842384042758104,-0.9842384042758104
2009-12-03,51.9999999999996,-0.6161248711603207,-0.6161248711603207
2009-12-04,89.00000000000006,0.235137674169278,0.235137674169278
2009-12-07,42.99999999999926,-0.8231887335377959,-0.8231887335377959
2009-12-08,54.000000000000625,-0.5701106795208599,-0.5701106795208599
2009-12-09,50.0,-0.6621390627997488,-0.6621390627997488
2009-12-10,51.9999999999996,-0.6161248711603207,-0.6161248711603207
2009-12-11,45.000000000000284,-0.7771745418983351,-0.7771745418983351
2009-12-14,51.9999999999996,-0.6161248711603207,-0.6161248711603207
2009-12-15,71.99999999999989,-0.15598295476594212,-0.15598295476594212
2009-12-16,87.99999999999955,0.21213057834954763,0.21213057834954763
2009-12-17,85.00000000000085,0.1431092908904219,0.1431092908904219
2009-12-18,35.99999999999994,-0.9842384042758104,-0.9842384042758104
2009-12-21,68.00000000000068,-0.24801133804479822,-0.24801133804479822
2009-12-22,48.99999999999949,-0.6851461586194791,-0.6851461586194791
2009-12-23,65.99999999999966,-0.29402552968425893,-0.29402552968425893
2009-12-28,42.00000000000017,-0.8461958293574936,-0.8461958293574936
2009-12-29,36.999999999999034,-0.9612313084561127,-0.9612313084561127
2009-12-30,54.999999999999716,-0.5471035837011623,-0.5471035837011623
2010-01-04,57.99999999999983,-0.4780822962420038,-0.4780822962420038
2010-01-05,50.0,-0.6621390627997488,-0.6621390627997488
2010-01-06,32.99999999999983,-1.0532596917349688,-1.0532596917349688
2010-01-07,37.999999999999545,-0.9382242126363823,-0.9382242126363823
2010-01-08,65.00000000000057,-0.3170326255039566,-0.3170326255039566
2010-01-11,60.99999999999994,-0.4090610087828454,-0.4090610087828454
2010-01-12,50.0,-0.6621390627997488,-0.6621390627997488
2010-01-13,39.00000000000006,-0.915217116816652,-0.915217116816652
2010-01-14,51.00000000000051,-0.6391319669800184,-0.6391319669800184
2010-01-15,42.00000000000017,-0.8461958293574936,-0.8461958293574936
2010-01-18,23.000000000000398,-1.2833306499321417,-1.2833306499321417
2010-01-19,55.999999999998806,-0.5240964878814646,-0.5240964878814646
2010-01-20,54.000000000000625,-0.5701106795208599,-0.5701106795208599
2010-01-21,71.99999999999989,-0.15598295476594212,-0.15598295476594212
2010-01-22,45.999999999999375,-0.7541674460786375,-0.7541674460786375
2010-01-25,37.000000000000455,-0.9612313084560801,-0.9612313084560801
2010-01-26,35.00000000000085,-1.007245500095508,-1.007245500095508
2010-01-27,64.00000000000006,-0.340039721323687,-0.340039721323687
2010-01-28,65.99999999999966,-0.29402552968425893,-0.29402552968425893
2010-01-29,75.0,-0.0869616673067837,-0.0869616673067837
2010-02-01,28.000000000000114,-1.1682951708335554,-1.1682951708335554
2010-02-02,39.99999999999915,-0.8922100209969543,-0.8922100209969543
2010-02-03,43.00000000000068,-0.8231887335377632,-0.8231887335377632
2010-02-04,95.00000000000028,0.37318024908759484,0.37318024908759484
2010-02-05,75.0,-0.0869616673067837,-0.0869616673067837
2010-02-08,42.00000000000017,-0.8461958293574936,-0.8461958293574936
2010-02-09,84.00000000000034,0.12010219507069154,0.12010219507069154
2010-02-10,72.99999999999898,-0.13297585894624445,-0.13297585894624445
2010-02-11,45.000000000000284,-0.7771745418983351,-0.7771745418983351
2010-02-12,53.000000000000114,-0.5931177753405903,-0.5931177753405903
2010-02-15,25.0,-1.2373164582927136,-1.2373164582927136
2010-02-16,49.00000000000091,-0.6851461586194464,-0.6851461586194464
2010-02-17,29.000000000000625,-1.145288075013825,-1.145288075013825
2010-02-18,54.999999999999716,-0.5471035837011623,-0.5471035837011623
2010-02-19,48.99999999999949,-0.6851461586194791,-0.6851461586194791
2010-02-22,35.99999999999994,-0.9842384042758104,-0.9842384042758104
2010-02-23,118.99999999999977,0.9253505487608294,0.9253505487608294
2010-02-24,51.9999999999996,-0.6161248711603207,-0.6161248711603207
2010-02-25,34.99999999999943,-1.0072455000955407,-1.0072455000955407
2010-02-26,40.99999999999966,-0.869202925177224,-0.869202925177224
2010-03-01,39.00000000000006,-0.915217116816652,-0.915217116816652
2010-03-02,46.000000000000796,-0.7541674460786048,-0.7541674460786048
2010-03-03,37.000000000000455,-0.9612313084560801,-0.9612313084560801
2010-03-04,56.99999999999932,-0.5010893920617342,-0.5010893920617342
2010-03-05,44.99999999999886,-0.7771745418983679,-0.7771745418983679
2010-03-08,17.00000000000017,-1.4213732248504587,-1.4213732248504587
2010-03-09,53.000000000000114,-0.5931177753405903,-0.5931177753405903
2010-03-10,28.999999999999204,-1.1452880750138577,-1.1452880750138577
2010-03-11,50.0,-0.6621390627997488,-0.6621390627997488
2010-03-12,61.000000000001364,-0.4090610087828127,-0.4090610087828127
2010-03-15,25.0,-1.2373164582927136,-1.2373164582927136
2010-03-16,78.9999999999992,0.0050667159720723855,0.0050667159720723855
2010-03-17,42.00000000000017,-0.8461958293574936,-0.8461958293574936
2010-03-18,40.99999999999966,-0.869202925177224,-0.869202925177224
2010-03-19,39.99999999999915,-0.8922100209969543,-0.8922100209969543
2010-03-22,56.00000000000023,-0.5240964878814319,-0.5240964878814319
2010-03-23,25.0,-1.2373164582927136,-1.2373164582927136
2010-03-24,53.000000000000114,-0.5931177753405903,-0.5931177753405903
2010-03-25,82.99999999999983,0.09709509925096117,0.09709509925096117
2010-03-26,28.000000000000114,-1.1682951708335554,-1.1682951708335554
2010-03-29,50.99999999999909,-0.639131966980051,-0.639131966980051
2010-03-30,54.999999999999716,-0.5471035837011623,-0.5471035837011623
2010-03-31,33.99999999999892,-1.030252595915271,-1.030252595915271
2010-04-01,37.000000000000455,-0.9612313084560801,-0.9612313084560801
2010-04-06,64.00000000000006,-0.340039721323687,-0.340039721323687
2010-04-07,57.99999999999983,-0.4780822962420038,-0.4780822962420038
2010-04-08,32.99999999999983,-1.0532596917349688,-1.0532596917349688
2010-04-09,65.00000000000057,-0.3170326255039566,-0.3170326255039566
2010-04-12,67.00000000000017,-0.27101843386452856,-0.27101843386452856
2010-04-13,50.99999999999909,-0.639131966980051,-0.639131966980051
2010-04-14,48.0000000000004,-0.7081532544391768,-0.7081532544391768
2010-04-15,51.9999999999996,-0.6161248711603207,-0.6161248711603207
2010-04-16,48.99999999999949,-0.6851461586194791,-0.6851461586194791
2010-04-19,28.999999999999204,-1.1452880750138577,-1.1452880750138577
2010-04-20,34.99999999999943,-1.0072455000955407,-1.0072455000955407
2010-04-21,50.0,-0.6621390627997488,-0.6621390627997488
2010-04-22,67.00000000000017,-0.27101843386452856,-0.27101843386452856
2010-04-23,55.00000000000114,-0.5471035837011295,-0.5471035837011295
2010-04-26,57.00000000000074,-0.5010893920617016,-0.5010893920617016
2010-04-27,129.00000000000063,1.1554215069580351,1.1554215069580351
2010-04-28,121.0000000000008,0.9713647404002902,0.9713647404002902
2010-04-29,53.000000000000114,-0.5931177753405903,-0.5931177753405903
2010-04-30,59.99999999999943,-0.4320681046025758,-0.4320681046025758
2010-05-03,39.00000000000006,-0.915217116816652,-0.915217116816652
2010-05-04,138.99999999999864,1.3854924651551754,1.3854924651551754
2010-05-05,115.00000000000057,0.8333221654819734,0.8333221654819734
2010-05-06,225.0,3.3641027056510064,3.3641027056510064
2010-05-07,124.00000000000091,1.0403860278594486,1.0403860278594486
2010-05-10,93.00000000000068,0.3271660574481668,0.3271660574481668
2010-05-11,73.0000000000004,-0.13297585894621175,-0.13297585894621175
2010-05-12,51.9999999999996,-0.6161248711603207,-0.6161248711603207
2010-05-13,72.99999999999898,-0.13297585894624445,-0.13297585894624445
2010-05-14,86.99999999999903,0.18912348252981726,0.18912348252981726
2010-05-17,76.00000000000051,-0.06395457148705333,-0.06395457148705333
2010-05-18,154.99999999999972,1.7536059982706977,1.7536059982706977
2010-05-19,79.99999999999972,0.028073811791802756,0.028073811791802756
2010-05-20,139.00000000000148,1.3854924651552407,1.3854924651552407
2010-05-21,87.00000000000045,0.18912348252984995,0.18912348252984995
2010-05-24,59.00000000000034,-0.45507520042227345,-0.45507520042227345
2010-05-25,73.00000000000182,-0.13297585894617905,-0.13297585894617905
2010-05-26,62.999999999999545,-0.36304681714341736,-0.36304681714341736
2010-05-27,64.99999999999773,-0.317032625504022,-0.317032625504022
2010-05-28,75.99999999999909,-0.06395457148708603,-0.06395457148708603
2010-05-31,32.99999999999841,-1.0532596917350014,-1.0532596917350014
2010-06-01,109.00000000000034,0.6952795905636565,0.6952795905636565
2010-06-02,54.999999999998295,-0.5471035837011949,-0.5471035837011949
2010-06-03,67.00000000000159,-0.27101843386449587,-0.27101843386449587
2010-06-04,109.00000000000034,0.6952795905636565,0.6952795905636565
2010-06-07,58.00000000000125,-0.4780822962419711,-0.4780822962419711
2010-06-08,73.00000000000182,-0.13297585894617905,-0.13297585894617905
2010-06-09,63.999999999998636,-0.3400397213237197,-0.3400397213237197
2010-06-10,100.99999999999909,0.5112228240058789,0.5112228240058789
2010-06-11,90.00000000000057,0.25814476998900837,0.25814476998900837
2010-06-14,61.000000000001364,-0.4090610087828127,-0.4090610087828127
2010-06-15,110.99999999999852,0.7412937822030519,0.7412937822030519
2010-06-16,77.99999999999869,-0.017940379847657985,-0.017940379847657985
2010-06-17,64.99999999999915,-0.3170326255039893,-0.3170326255039893
2010-06-18,86.99999999999903,0.18912348252981726,0.18912348252981726
2010-06-21,50.99999999999909,-0.639131966980051,-0.639131966980051
2010-06-22,99.00000000000091,0.46520863236648363,0.46520863236648363
2010-06-23,47.99999999999898,-0.7081532544392095,-0.7081532544392095
2010-06-24,75.99999999999909,-0.06395457148708603,-0.06395457148708603
2010-06-25,37.000000000000455,-0.9612313084560801,-0.9612313084560801
2010-06-28,71.99999999999989,-0.15598295476594212,-0.15598295476594212
2010-06-29,50.0,-0.6621390627997488,-0.6621390627997488
2010-06-30,46.000000000000796,-0.7541674460786048,-0.7541674460786048
2010-07-01,67.00000000000159,-0.27101843386449587,-0.27101843386449587
2010-07-02,56.00000000000023,-0.5240964878814319,-0.5240964878814319
2010-07-05,47.99999999999898,-0.7081532544392095,-0.7081532544392095
2010-07-06,64.99999999999773,-0.317032625504022,-0.317032625504022
2010-07-07,48.99999999999807,-0.6851461586195118,-0.6851461586195118
2010-07-08,70.0000000000017,-0.20199714640533747,-0.20199714640533747
2010-07-09,57.99999999999841,-0.4780822962420365,-0.4780822962420365
2010-07-12,77.00000000000102,-0.040947475667322965,-0.040947475667322965
2010-07-13,81.00000000000023,0.051080907611533125,0.051080907611533125
2010-07-14,52.00000000000102,-0.616124871160288,-0.616124871160288
2010-07-15,84.00000000000034,0.12010219507069154,0.12010219507069154
2010-07-16,96.99999999999989,0.4191944407270229,0.4191944407270229
2010-07-19,95.99999999999795,0.3961873449072598,0.3961873449072598
2010-07-20,52.99999999999727,-0.5931177753406557,-0.5931177753406557
2010-07-21,71.0000000000008,-0.1789900505856398,-0.1789900505856398
2010-07-22,90.00000000000057,0.25814476998900837,0.25814476998900837
2010-07-23,106.00000000000023,0.6262583031044981,0.6262583031044981
2010-07-26,69.0000000000012,-0.22500424222506785,-0.22500424222506785
2010-07-27,46.999999999999886,-0.7311603502589071,-0.7311603502589071
2010-07-28,60.00000000000085,-0.4320681046025431,-0.4320681046025431
2010-07-29,50.0,-0.6621390627997488,-0.6621390627997488
2010-07-30,44.99999999999886,-0.7771745418983679,-0.7771745418983679
2010-08-02,40.99999999999966,-0.869202925177224,-0.869202925177224
2010-08-03,94.99999999999886,0.37318024908756214,0.37318024908756214
2010-08-04,38.999999999998636,-0.9152171168166847,-0.9152171168166847
2010-08-05,70.99999999999795,-0.1789900505857052,-0.1789900505857052
2010-08-06,71.0000000000008,-0.1789900505856398,-0.1789900505856398
2010-08-09,16.99999999999875,-1.4213732248504913,-1.4213732248504913
2010-08-10,78.00000000000011,-0.01794037984762529,-0.01794037984762529
2010-08-11,83.00000000000125,0.09709509925099387,0.09709509925099387
2010-08-12,50.0,-0.6621390627997488,-0.6621390627997488
2010-08-13,59.99999999999943,-0.4320681046025758,-0.4320681046025758
2010-08-16,92.00000000000159,0.3041589616284691,0.3041589616284691
2010-08-17,53.000000000000114,-0.5931177753405903,-0.5931177753405903
2010-08-18,62.999999999999545,-0.36304681714341736,-0.36304681714341736
2010-08-19,84.00000000000034,0.12010219507069154,0.12010219507069154
2010-08-20,64.00000000000148,-0.3400397213236543,-0.3400397213236543
2010-08-23,28.999999999999204,-1.1452880750138577,-1.1452880750138577
2010-08-24,142.99999999999784,1.4775208484340314,1.4775208484340314
2010-08-25,121.99999999999989,0.9943718362199879,0.9943718362199879
2010-08-26,68.00000000000068,-0.24801133804479822,-0.24801133804479822
2010-08-27,128.9999999999992,1.1554215069580025,1.1554215069580025
2010-08-30,96.0000000000008,0.3961873449073252,0.3961873449073252
2010-08-31,42.00000000000159,-0.8461958293574608,-0.8461958293574608
2010-09-01,134.99999999999943,1.2934640818763192,1.2934640818763192
2010-09-02,99.00000000000091,0.46520863236648363,0.46520863236648363
2010-09-03,109.00000000000034,0.6952795905636565,0.6952795905636565
2010-09-06,53.999999999999204,-0.5701106795208927,-0.5701106795208927
2010-09-07,99.00000000000091,0.46520863236648363,0.46520863236648363
2010-09-08,61.000000000001364,-0.4090610087828127,-0.4090610087828127
2010-09-09,122.99999999999898,1.0173789320396855,1.0173789320396855
2010-09-10,91.99999999999875,0.3041589616284037,0.3041589616284037
2010-09-13,68.00000000000068,-0.24801133804479822,-0.24801133804479822
2010-09-14,73.99999999999807,-0.10996876312654677,-0.10996876312654677
2010-09-15,71.99999999999989,-0.15598295476594212,-0.15598295476594212
2010-09-16,84.99999999999943,0.1431092908903892,0.1431092908903892
2010-09-17,112.99999999999955,0.7873079738425126,0.7873079738425126
2010-09-20,59.99999999999943,-0.4320681046025758,-0.4320681046025758
2010-09-21,100.99999999999909,0.5112228240058789,0.5112228240058789
2010-09-22,70.0000000000017,-0.20199714640533747,-0.20199714640533747
2010-09-23,111.00000000000136,0.7412937822031173,0.7412937822031173
2010-09-24,98.99999999999807,0.46520863236641824,0.46520863236641824
2010-09-27,86.99999999999761,0.18912348252978456,0.18912348252978456
2010-09-28,67.00000000000159,-0.27101843386449587,-0.27101843386449587
2010-09-29,56.99999999999932,-0.5010893920617342,-0.5010893920617342
2010-09-30,122.99999999999898,1.0173789320396855,1.0173789320396855
2010-10-01,93.99999999999977,0.35017315326786447,0.35017315326786447
2010-10-04,51.99999999999818,-0.6161248711603534,-0.6161248711603534
2010-10-05,85.99999999999852,0.16611638671008688,0.16611638671008688
2010-10-06,75.99999999999909,-0.06395457148708603,-0.06395457148708603
2010-10-07,50.0,-0.6621390627997488,-0.6621390627997488
2010-10-08,75.99999999999909,-0.06395457148708603,-0.06395457148708603
2010-10-11,43.00000000000068,-0.8231887335377632,-0.8231887335377632
2010-10-12,98.00000000000182,0.44220153654678596,0.44220153654678596
2010-10-13,48.99999999999807,-0.6851461586195118,-0.6851461586195118
2010-10-14,86.00000000000136,0.16611638671015228,0.16611638671015228
2010-10-15,94.99999999999886,0.37318024908756214,0.37318024908756214
2010-10-18,37.999999999999545,-0.9382242126363823,-0.9382242126363823
2010-10-19,80.00000000000114,0.028073811791835452,0.028073811791835452
2010-10-20,63.999999999998636,-0.3400397213237197,-0.3400397213237197
2010-10-21,65.00000000000057,-0.3170326255039566,-0.3170326255039566
2010-10-22,43.99999999999977,-0.8001816377180655,-0.8001816377180655
2010-10-25,43.00000000000068,-0.8231887335377632,-0.8231887335377632
2010-10-26,59.99999999999943,-0.4320681046025758,-0.4320681046025758
2010-10-27,81.00000000000023,0.051080907611533125,0.051080907611533125
2010-10-28,53.999999999999204,-0.5701106795208927,-0.5701106795208927
2010-10-29,62.999999999999545,-0.36304681714341736,-0.36304681714341736
2010-11-01,87.00000000000045,0.18912348252984995,0.18912348252984995
2010-11-02,52.00000000000102,-0.616124871160288,-0.616124871160288
2010-11-03,63.999999999998636,-0.3400397213237197,-0.3400397213237197
2010-11-04,141.99999999999875,1.4545137526143337,1.4545137526143337
2010-11-05,92.00000000000159,0.3041589616284691,0.3041589616284691
2010-11-08,47.99999999999898,-0.7081532544392095,-0.7081532544392095
2010-11-09,107.99999999999841,0.6722724947438935,0.6722724947438935
2010-11-10,96.99999999999989,0.4191944407270229,0.4191944407270229
2010-11-11,73.00000000000182,-0.13297585894617905,-0.13297585894617905
2010-11-12,155.99999999999739,1.7766130940903628,1.7766130940903628
2010-11-15,81.99999999999932,0.0740880034312308,0.0740880034312308
2010-11-16,90.99999999999824,0.28115186580867335,0.28115186580867335
2010-11-17,59.99999999999943,-0.4320681046025758,-0.4320681046025758
2010-11-18,85.99999999999852,0.16611638671008688,0.16611638671008688
2010-11-19,47.00000000000131,-0.7311603502588745,-0.7311603502588745
2010-11-22,105.00000000000114,0.6032512072848004,0.6032512072848004
2010-11-23,85.99999999999852,0.16611638671008688,0.16611638671008688
2010-11-24,172.99999999999898,2.1677337230256155,2.1677337230256155
2010-11-25,69.0000000000012,-0.22500424222506785,-0.22500424222506785
2010-11-26,90.99999999999966,0.28115186580870605,0.28115186580870605
2010-11-29,76.9999999999996,-0.04094747566735566,-0.04094747566735566
2010-11-30,87.00000000000045,0.18912348252984995,0.18912348252984995
2010-12-01,131.00000000000023,1.2014356985974632,1.2014356985974632
2010-12-02,75.0,-0.0869616673067837,-0.0869616673067837
2010-12-03,73.0000000000004,-0.13297585894621175,-0.13297585894621175
2010-12-06,42.00000000000017,-0.8461958293574936,-0.8461958293574936
2010-12-07,131.00000000000023,1.2014356985974632,1.2014356985974632
2010-12-08,51.9999999999996,-0.6161248711603207,-0.6161248711603207
2010-12-09,90.00000000000057,0.25814476998900837,0.25814476998900837
2010-12-10,62.999999999999545,-0.36304681714341736,-0.36304681714341736
2010-12-13,64.00000000000006,-0.340039721323687,-0.340039721323687
2010-12-14,121.99999999999989,0.9943718362199879,0.9943718362199879
2010-12-15,59.99999999999943,-0.4320681046025758,-0.4320681046025758
2010-12-16,56.99999999999932,-0.5010893920617342,-0.5010893920617342
2010-12-17,78.9999999999992,0.0050667159720723855,0.0050667159720723855
2010-12-20,67.00000000000017,-0.27101843386452856,-0.27101843386452856
2010-12-21,53.999999999999204,-0.5701106795208927,-0.5701106795208927
2010-12-22,60.99999999999994,-0.4090610087828454,-0.4090610087828454
2010-12-23,61.000000000001364,-0.4090610087828127,-0.4090610087828127
2010-12-27,85.99999999999994,0.16611638671011958,0.16611638671011958
2010-12-28,103.9999999999992,0.5802441114650374,0.5802441114650374
2010-12-29,87.00000000000045,0.18912348252984995,0.18912348252984995
2010-12-30,48.99999999999949,-0.6851461586194791,-0.6851461586194791
2011-01-03,72.99999999999898,-0.13297585894624445,-0.13297585894624445
2011-01-04,69.0000000000012,-0.22500424222506785,-0.22500424222506785
2011-01-05,131.99999999999932,1.2244427944171608,1.2244427944171608
2011-01-06,87.00000000000045,0.18912348252984995,0.18912348252984995
2011-01-07,106.99999999999932,0.6492653989241958,0.6492653989241958
2011-01-10,47.99999999999898,-0.7081532544392095,-0.7081532544392095
2011-01-11,76.9999999999996,-0.04094747566735566,-0.04094747566735566
2011-01-12,137.00000000000045,1.33947827351578,1.33947827351578
2011-01-13,71.0000000000008,-0.1789900505856398,-0.1789900505856398
2011-01-14,68.00000000000068,-0.24801133804479822,-0.24801133804479822
2011-01-17,51.9999999999996,-0.6161248711603207,-0.6161248711603207
2011-01-18,78.00000000000011,-0.01794037984762529,-0.01794037984762529
2011-01-19,53.000000000000114,-0.5931177753405903,-0.5931177753405903
2011-01-20,101.9999999999996,0.5342299198256093,0.5342299198256093
2011-01-21,48.99999999999949,-0.6851461586194791,-0.6851461586194791
2011-01-24,54.000000000000625,-0.5701106795208599,-0.5701106795208599
2011-01-25,63.000000000000966,-0.36304681714338466,-0.36304681714338466
2011-01-26,65.99999999999966,-0.29402552968425893,-0.29402552968425893
2011-01-27,56.00000000000023,-0.5240964878814319,-0.5240964878814319
2011-01-28,70.99999999999937,-0.1789900505856725,-0.1789900505856725
2011-01-31,48.99999999999949,-0.6851461586194791,-0.6851461586194791
2011-02-01,63.000000000000966,-0.36304681714338466,-0.36304681714338466
2011-02-02,60.99999999999994,-0.4090610087828454,-0.4090610087828454
2011-02-03,70.00000000000028,-0.20199714640537017,-0.20199714640537017
2011-02-04,57.99999999999983,-0.4780822962420038,-0.4780822962420038
2011-02-07,50.0,-0.6621390627997488,-0.6621390627997488
2011-02-08,57.00000000000074,-0.5010893920617016,-0.5010893920617016
2011-02-09,57.99999999999983,-0.4780822962420038,-0.4780822962420038
2011-02-10,68.99999999999977,-0.22500424222510054,-0.22500424222510054
2011-02-11,55.00000000000114,-0.5471035837011295,-0.5471035837011295
2011-02-14,45.999999999999375,-0.7541674460786375,-0.7541674460786375
2011-02-15,45.999999999999375,-0.7541674460786375,-0.7541674460786375
2011-02-16,79.99999999999972,0.028073811791802756,0.028073811791802756
2011-02-17,71.0000000000008,-0.1789900505856398,-0.1789900505856398
2011-02-18,89.00000000000006,0.235137674169278,0.235137674169278
2011-02-21,57.99999999999983,-0.4780822962420038,-0.4780822962420038
2011-02-22,46.999999999999886,-0.7311603502589071,-0.7311603502589071
2011-02-23,46.000000000000796,-0.7541674460786048,-0.7541674460786048
2011-02-24,43.99999999999977,-0.8001816377180655,-0.8001816377180655
2011-02-25,40.99999999999966,-0.869202925177224,-0.869202925177224
2011-02-28,56.00000000000023,-0.5240964878814319,-0.5240964878814319
2011-03-01,52.99999999999869,-0.593117775340623,-0.593117775340623
2011-03-02,80.9999999999988,0.05108090761150043,0.05108090761150043
2011-03-03,101.00000000000051,0.5112228240059117,0.5112228240059117
2011-03-04,76.9999999999996,-0.04094747566735566,-0.04094747566735566
2011-03-07,59.99999999999943,-0.4320681046025758,-0.4320681046025758
2011-03-08,23.000000000000398,-1.2833306499321417,-1.2833306499321417
2011-03-09,34.00000000000034,-1.0302525959152384,-1.0302525959152384
2011-03-10,53.000000000000114,-0.5931177753405903,-0.5931177753405903
2011-03-11,44.99999999999886,-0.7771745418983679,-0.7771745418983679
2011-03-14,82.99999999999983,0.09709509925096117,0.09709509925096117
2011-03-15,87.00000000000045,0.18912348252984995,0.18912348252984995
2011-03-16,126.00000000000051,1.0864002194988767,1.0864002194988767
2011-03-17,87.99999999999955,0.21213057834954763,0.21213057834954763
2011-03-18,67.99999999999926,-0.24801133804483091,-0.24801133804483091
2011-03-21,45.999999999999375,-0.7541674460786375,-0.7541674460786375
2011-03-22,44.99999999999886,-0.7771745418983679,-0.7771745418983679
2011-03-23,51.00000000000051,-0.6391319669800184,-0.6391319669800184
2011-03-24,72.99999999999898,-0.13297585894624445,-0.13297585894624445
2011-03-25,45.000000000000284,-0.7771745418983351,-0.7771745418983351
2011-03-28,43.00000000000068,-0.8231887335377632,-0.8231887335377632
2011-03-29,65.00000000000057,-0.3170326255039566,-0.3170326255039566
2011-03-30,32.99999999999983,-1.0532596917349688,-1.0532596917349688
2011-03-31,54.999999999999716,-0.5471035837011623,-0.5471035837011623
2011-04-01,42.99999999999926,-0.8231887335377959,-0.8231887335377959
2011-04-04,35.99999999999994,-0.9842384042758104,-0.9842384042758104
2011-04-05,41.00000000000108,-0.8692029251771912,-0.8692029251771912
2011-04-06,44.99999999999886,-0.7771745418983679,-0.7771745418983679
2011-04-07,51.9999999999996,-0.6161248711603207,-0.6161248711603207
2011-04-08,60.99999999999994,-0.4090610087828454,-0.4090610087828454
2011-04-11,31.000000000000227,-1.099273883374397,-1.099273883374397
2011-04-12,48.99999999999949,-0.6851461586194791,-0.6851461586194791
2011-04-13,59.99999999999943,-0.4320681046025758,-0.4320681046025758
2011-04-14,54.000000000000625,-0.5701106795208599,-0.5701106795208599
2011-04-15,65.99999999999966,-0.29402552968425893,-0.29402552968425893
2011-04-18,146.9999999999999,1.569549231712953,1.569549231712953
2011-04-19,80.00000000000114,0.028073811791835452,0.028073811791835452
2011-04-20,39.99999999999915,-0.8922100209969543,-0.8922100209969543
2011-04-21,73.0000000000004,-0.13297585894621175,-0.13297585894621175
2011-04-26,34.00000000000034,-1.0302525959152384,-1.0302525959152384
2011-04-27,65.99999999999966,-0.29402552968425893,-0.29402552968425893
2011-04-28,67.00000000000017,-0.27101843386452856,-0.27101843386452856
2011-04-29,50.0,-0.6621390627997488,-0.6621390627997488
2011-05-02,42.99999999999926,-0.8231887335377959,-0.8231887335377959
2011-05-03,40.99999999999966,-0.869202925177224,-0.869202925177224
2011-05-04,66.99999999999875,-0.27101843386456126,-0.27101843386456126
2011-05-05,132.00000000000074,1.2244427944171936,1.2244427944171936
2011-05-06,95.00000000000028,0.37318024908759484,0.37318024908759484
2011-05-09,89.00000000000006,0.235137674169278,0.235137674169278
2011-05-10,37.000000000000455,-0.9612313084560801,-0.9612313084560801
2011-05-11,73.99999999999949,-0.10996876312651407,-0.10996876312651407
2011-05-12,58.99999999999892,-0.45507520042230615,-0.45507520042230615
2011-05-13,81.00000000000023,0.051080907611533125,0.051080907611533125
2011-05-16,59.00000000000034,-0.45507520042227345,-0.45507520042227345
2011-05-17,60.99999999999994,-0.4090610087828454,-0.4090610087828454
2011-05-18,45.000000000000284,-0.7771745418983351,-0.7771745418983351
2011-05-19,50.0,-0.6621390627997488,-0.6621390627997488
2011-05-20,70.99999999999937,-0.1789900505856725,-0.1789900505856725
2011-05-23,45.999999999999375,-0.7541674460786375,-0.7541674460786375
2011-05-24,46.000000000000796,-0.7541674460786048,-0.7541674460786048
2011-05-25,37.000000000000455,-0.9612313084560801,-0.9612313084560801
2011-05-26,85.00000000000085,0.1431092908904219,0.1431092908904219
2011-05-27,46.000000000000796,-0.7541674460786048,-0.7541674460786048
2011-05-30,25.99999999999909,-1.2143093624730161,-1.2143093624730161
2011-05-31,48.0000000000004,-0.7081532544391768,-0.7081532544391768
2011-06-01,93.00000000000068,0.3271660574481668,0.3271660574481668
2011-06-02,67.00000000000017,-0.27101843386452856,-0.27101843386452856
2011-06-03,101.00000000000051,0.5112228240059117,0.5112228240059117
2011-06-06,50.0,-0.6621390627997488,-0.6621390627997488
2011-06-07,79.99999999999972,0.028073811791802756,0.028073811791802756
2011-06-08,31.000000000000227,-1.099273883374397,-1.099273883374397
2011-06-09,73.99999999999949,-0.10996876312651407,-0.10996876312651407
2011-06-10,84.99999999999943,0.1431092908903892,0.1431092908903892
2011-06-13,34.99999999999943,-1.0072455000955407,-1.0072455000955407
2011-06-14,62.000000000000455,-0.38605391296311503,-0.38605391296311503
2011-06-15,87.99999999999955,0.21213057834954763,0.21213057834954763
2011-06-16,49.00000000000091,-0.6851461586194464,-0.6851461586194464
2011-06-17,62.999999999999545,-0.36304681714341736,-0.36304681714341736
2011-06-20,60.99999999999994,-0.4090610087828454,-0.4090610087828454
2011-06-21,50.99999999999909,-0.639131966980051,-0.639131966980051
2011-06-22,67.99999999999926,-0.24801133804483091,-0.24801133804483091
2011-06-23,103.9999999999992,0.5802441114650374,0.5802441114650374
2011-06-24,81.00000000000023,0.051080907611533125,0.051080907611533125
2011-06-27,78.9999999999992,0.0050667159720723855,0.0050667159720723855
2011-06-28,90.99999999999966,0.28115186580870605,0.28115186580870605
2011-06-29,73.0000000000004,-0.13297585894621175,-0.13297585894621175
2011-06-30,81.99999999999932,0.0740880034312308,0.0740880034312308
2011-07-01,59.99999999999943,-0.4320681046025758,-0.4320681046025758
2011-07-04,34.99999999999943,-1.0072455000955407,-1.0072455000955407
2011-07-05,57.00000000000074,-0.5010893920617016,-0.5010893920617016
2011-07-06,100.0,0.4882157281861813,0.4882157281861813
2011-07-07,73.99999999999949,-0.10996876312651407,-0.10996876312651407
2011-07-08,165.00000000000057,1.9836769564679033,1.9836769564679033
2011-07-11,200.00000000000142,2.788925310158074,2.788925310158074
2011-07-12,231.99999999999932,3.5251523763890207,3.5251523763890207
2011-07-13,109.99999999999943,0.7182866863833542,0.7182866863833542
2011-07-14,68.00000000000068,-0.24801133804479822,-0.24801133804479822
2011-07-15,85.99999999999852,0.16611638671008688,0.16611638671008688
2011-07-18,73.00000000000182,-0.13297585894617905,-0.13297585894617905
2011-07-19,90.99999999999966,0.28115186580870605,0.28115186580870605
2011-07-20,98.99999999999807,0.46520863236641824,0.46520863236641824
2011-07-21,136.00000000000136,1.3164711776960822,1.3164711776960822
2011-07-22,142.99999999999926,1.477520848434064,1.477520848434064
2011-07-25,88.99999999999864,0.2351376741692453,0.2351376741692453
2011-07-26,79.00000000000063,0.005066715972105081,0.005066715972105081
2011-07-27,116.99999999999875,0.8793363571213687,0.8793363571213687
2011-07-28,74.00000000000091,-0.10996876312648138,-0.10996876312648138
2011-07-29,103.9999999999992,0.5802441114650374,0.5802441114650374
2011-08-01,148.00000000000182,1.592556327532716,1.592556327532716
2011-08-02,106.00000000000023,0.6262583031044981,0.6262583031044981
2011-08-03,119.99999999999886,0.9483576445805272,0.9483576445805272
2011-08-04,200.9999999999991,2.811932405977739,2.811932405977739
2011-08-05,325.0,5.664812287622866,5.664812287622866
2011-08-08,312.99999999999955,5.3887271377862325,5.3887271377862325
2011-08-09,174.0000000000009,2.1907408188453785,2.1907408188453785
2011-08-10,190.00000000000057,2.5588543519608686,2.5588543519608686
2011-08-11,175.9999999999991,2.236755010484774,2.236755010484774
2011-08-12,130.00000000000114,1.1784286027777655,1.1784286027777655
2011-08-15,66.99999999999875,-0.27101843386456126,-0.27101843386456126
2011-08-16,126.99999999999818,1.1094073153185418,1.1094073153185418
2011-08-17,100.99999999999909,0.5112228240058789,0.5112228240058789
2011-08-18,196.9999999999999,2.719904022698883,2.719904022698883
2011-08-19,115.99999999999966,0.8563292613016711,0.8563292613016711
2011-08-22,109.99999999999943,0.7182866863833542,0.7182866863833542
2011-08-23,84.00000000000034,0.12010219507069154,0.12010219507069154
2011-08-24,108.00000000000125,0.6722724947439589,0.6722724947439589
2011-08-25,112.99999999999955,0.7873079738425126,0.7873079738425126
2011-08-26,117.00000000000159,0.8793363571214341,0.8793363571214341
2011-08-29,97.99999999999898,0.44220153654672056,0.44220153654672056
2011-08-30,130.00000000000114,1.1784286027777655,1.1784286027777655
2011-08-31,98.99999999999807,0.46520863236641824,0.46520863236641824
2011-09-01,131.99999999999932,1.2244427944171608,1.2244427944171608
2011-09-02,146.0000000000008,1.5465421358932552,1.5465421358932552
2011-09-05,184.00000000000034,2.4208117770425517,2.4208117770425517
2011-09-06,121.0000000000008,0.9713647404002902,0.9713647404002902
2011-09-07,74.00000000000091,-0.10996876312648138,-0.10996876312648138
2011-09-08,33.00000000000125,-1.0532596917349362,-1.0532596917349362
2011-09-09,166.99999999999875,2.0296911481072986,2.0296911481072986
2011-09-12,66.0000000000025,-0.29402552968419354,-0.29402552968419354
2011-09-13,144.99999999999886,1.5235350400734922,1.5235350400734922
2011-09-14,172.99999999999898,2.1677337230256155,2.1677337230256155
2011-09-15,181.99999999999932,2.374797585403091,2.374797585403091
2011-09-16,114.00000000000148,0.8103150696622757,0.8103150696622757
2011-09-19,67.99999999999784,-0.2480113380448636,-0.2480113380448636
2011-09-20,93.99999999999977,0.35017315326786447,0.35017315326786447
2011-09-21,77.00000000000102,-0.040947475667322965,-0.040947475667322965
2011-09-22,84.99999999999943,0.1431092908903892,0.1431092908903892
2011-09-23,171.0000000000008,2.12171953138622,2.12171953138622
2011-09-26,153.9999999999992,1.7305989024509674,1.7305989024509674
2011-09-27,121.99999999999989,0.9943718362199879,0.9943718362199879
2011-09-28,128.0000000000001,1.1324144111383048,1.1324144111383048
2011-09-29,87.00000000000045,0.18912348252984995,0.18912348252984995
2011-09-30,132.00000000000216,1.2244427944172263,1.2244427944172263
2011-10-03,126.99999999999818,1.1094073153185418,1.1094073153185418
2011-10-04,95.0000000000017,0.37318024908762754,0.37318024908762754
2011-10-05,146.9999999999999,1.569549231712953,1.569549231712953
2011-10-06,152.00000000000102,1.6845847108115721,1.6845847108115721
2011-10-07,116.99999999999875,0.8793363571213687,0.8793363571213687
2011-10-10,140.00000000000057,1.4084995609749384,1.4084995609749384
2011-10-11,59.00000000000034,-0.45507520042227345,-0.45507520042227345
2011-10-12,171.0000000000008,2.12171953138622,2.12171953138622
2011-10-13,153.9999999999992,1.7305989024509674,1.7305989024509674
2011-10-14,126.00000000000193,1.0864002194989093,1.0864002194989093
2011-10-17,203.0000000000001,2.8579465976172,2.8579465976172
2011-10-18,104.9999999999983,0.603251207284735,0.603251207284735
2011-10-19,112.99999999999955,0.7873079738425126,0.7873079738425126
2011-10-20,131.99999999999932,1.2244427944171608,1.2244427944171608
2011-10-21,128.0000000000001,1.1324144111383048,1.1324144111383048
2011-10-24,111.00000000000136,0.7412937822031173,0.7412937822031173
2011-10-25,125.0,1.0633931236791463,1.0633931236791463
2011-10-26,131.99999999999932,1.2244427944171608,1.2244427944171608
2011-10-27,162.99999999999955,1.9376627648284426,1.9376627648284426
2011-10-28,115.00000000000057,0.8333221654819734,0.8333221654819734
2011-10-31,270.0000000000017,4.399422017538383,4.399422017538383
2011-11-01,172.99999999999898,2.1677337230256155,2.1677337230256155
2011-11-02,84.00000000000034,0.12010219507069154,0.12010219507069154
2011-11-03,192.0000000000016,2.604868543600329,2.604868543600329
2011-11-04,161.00000000000136,1.8916485731890473,1.8916485731890473
2011-11-07,97.99999999999898,0.44220153654672056,0.44220153654672056
2011-11-08,118.00000000000068,0.9023434529411318,0.9023434529411318
2011-11-09,223.99999999999807,3.3410956098312434,3.3410956098312434
2011-11-10,168.00000000000068,2.052698243927062,2.052698243927062
2011-11-11,151.00000000000193,1.6615776149918744,1.6615776149918744
2011-11-14,166.99999999999875,2.0296911481072986,2.0296911481072986
2011-11-15,84.00000000000034,0.12010219507069154,0.12010219507069154
2011-11-16,108.00000000000125,0.6722724947439589,0.6722724947439589
2011-11-17,159.99999999999943,1.8686414773692843,1.8686414773692843
2011-11-18,184.00000000000034,2.4208117770425517,2.4208117770425517
2011-11-21,101.99999999999818,0.5342299198255767,0.5342299198255767
2011-11-22,75.0,-0.0869616673067837,-0.0869616673067837
2011-11-23,251.99999999999818,3.9852942927833666,3.9852942927833666
2011-11-24,109.99999999999943,0.7182866863833542,0.7182866863833542
2011-11-25,134.00000000000034,1.2704569860566215,1.2704569860566215
2011-11-28,115.99999999999966,0.8563292613016711,0.8563292613016711
2011-11-29,137.99999999999955,1.3624853693354777,1.3624853693354777
2011-11-30,113.99999999999864,0.8103150696622103,0.8103150696622103
2011-12-01,165.00000000000057,1.9836769564679033,1.9836769564679033
2011-12-02,109.00000000000034,0.6952795905636565,0.6952795905636565
2011-12-05,134.00000000000034,1.2704569860566215,1.2704569860566215
2011-12-06,93.99999999999977,0.35017315326786447,0.35017315326786447
2011-12-07,159.99999999999943,1.8686414773692843,1.8686414773692843
2011-12-08,50.0,-0.6621390627997488,-0.6621390627997488
2011-12-09,181.99999999999932,2.374797585403091,2.374797585403091
2011-12-12,161.00000000000136,1.8916485731890473,1.8916485731890473
2011-12-13,93.99999999999977,0.35017315326786447,0.35017315326786447
2011-12-14,146.9999999999999,1.569549231712953,1.569549231712953
2011-12-15,78.00000000000011,-0.01794037984762529,-0.01794037984762529
2011-12-16,126.00000000000193,1.0864002194989093,1.0864002194989093
2011-12-19,60.99999999999852,-0.4090610087828781,-0.4090610087828781
2011-12-20,97.00000000000273,0.4191944407270883,0.4191944407270883
2011-12-21,139.00000000000148,1.3854924651552407,1.3854924651552407
2011-12-22,75.0,-0.0869616673067837,-0.0869616673067837
2011-12-23,49.00000000000091,-0.6851461586194464,-0.6851461586194464
2011-12-27,112.00000000000045,0.764300878022815,0.764300878022815
2011-12-28,75.99999999999909,-0.06395457148708603,-0.06395457148708603
2011-12-29,83.00000000000125,0.09709509925099387,0.09709509925099387
2011-12-30,53.000000000000114,-0.5931177753405903,-0.5931177753405903
2012-01-02,122.99999999999898,1.0173789320396855,1.0173789320396855
2012-01-03,68.99999999999977,-0.22500424222510054,-0.22500424222510054
2012-01-04,70.99999999999795,-0.1789900505857052,-0.1789900505857052
2012-01-05,128.0000000000001,1.1324144111383048,1.1324144111383048
2012-01-06,71.99999999999989,-0.15598295476594212,-0.15598295476594212
2012-01-09,62.999999999999545,-0.36304681714341736,-0.36304681714341736
2012-01-10,62.000000000000455,-0.38605391296311503,-0.38605391296311503
2012-01-11,93.99999999999977,0.35017315326786447,0.35017315326786447
2012-01-12,49.00000000000091,-0.6851461586194464,-0.6851461586194464
2012-01-13,150.0,1.6385705191721114,1.6385705191721114
2012-01-16,46.000000000000796,-0.7541674460786048,-0.7541674460786048
2012-01-17,63.999999999998636,-0.3400397213237197,-0.3400397213237197
2012-01-18,62.999999999999545,-0.36304681714341736,-0.36304681714341736
2012-01-19,90.99999999999966,0.28115186580870605,0.28115186580870605
2012-01-20,112.99999999999955,0.7873079738425126,0.7873079738425126
2012-01-23,119.99999999999886,0.9483576445805272,0.9483576445805272
2012-01-24,71.99999999999989,-0.15598295476594212,-0.15598295476594212
2012-01-25,122.99999999999898,1.0173789320396855,1.0173789320396855
2012-01-26,103.9999999999992,0.5802441114650374,0.5802441114650374
2012-01-27,73.99999999999807,-0.10996876312654677,-0.10996876312654677
2012-01-30,65.99999999999966,-0.29402552968425893,-0.29402552968425893
2012-01-31,80.99999999999739,0.05108090761146774,0.05108090761146774
2012-02-01,78.00000000000011,-0.01794037984762529,-0.01794037984762529
2012-02-02,90.99999999999966,0.28115186580870605,0.28115186580870605
2012-02-03,146.0000000000008,1.5465421358932552,1.5465421358932552
2012-02-06,69.99999999999886,-0.20199714640540287,-0.20199714640540287
2012-02-07,129.9999999999983,1.1784286027777,1.1784286027777
2012-02-08,46.000000000000796,-0.7541674460786048,-0.7541674460786048
2012-02-09,103.00000000000011,0.5572370156453397,0.5572370156453397
2012-02-10,141.99999999999875,1.4545137526143337,1.4545137526143337
2012-02-13,78.00000000000011,-0.01794037984762529,-0.01794037984762529
2012-02-14,86.00000000000136,0.16611638671015228,0.16611638671015228
2012-02-15,115.00000000000057,0.8333221654819734,0.8333221654819734
2012-02-16,96.0000000000008,0.3961873449073252,0.3961873449073252
2012-02-17,68.00000000000068,-0.24801133804479822,-0.24801133804479822
2012-02-20,53.000000000000114,-0.5931177753405903,-0.5931177753405903
2012-02-21,60.000000000002274,-0.4320681046025104,-0.4320681046025104
2012-02-22,130.00000000000114,1.1784286027777655,1.1784286027777655
2012-02-23,67.00000000000159,-0.27101843386449587,-0.27101843386449587
2012-02-24,35.99999999999852,-0.9842384042758431,-0.9842384042758431
2012-02-27,113.99999999999864,0.8103150696622103,0.8103150696622103
2012-02-28,67.99999999999784,-0.2480113380448636,-0.2480113380448636
2012-02-29,80.00000000000114,0.028073811791835452,0.028073811791835452
2012-03-01,90.00000000000057,0.25814476998900837,0.25814476998900837
2012-03-02,77.00000000000102,-0.040947475667322965,-0.040947475667322965
2012-03-05,67.99999999999784,-0.2480113380448636,-0.2480113380448636
2012-03-06,56.00000000000023,-0.5240964878814319,-0.5240964878814319
2012-03-07,42.00000000000159,-0.8461958293574608,-0.8461958293574608
2012-03-08,44.99999999999886,-0.7771745418983679,-0.7771745418983679
2012-03-09,44.000000000002615,-0.8001816377180001,-0.8001816377180001
2012-03-12,56.00000000000023,-0.5240964878814319,-0.5240964878814319
2012-03-13,102.00000000000102,0.534229919825642,0.534229919825642
2012-03-14,113.99999999999864,0.8103150696622103,0.8103150696622103
2012-03-15,60.000000000002274,-0.4320681046025104,-0.4320681046025104
2012-03-16,128.9999999999992,1.1554215069580025,1.1554215069580025
2012-03-19,76.99999999999818,-0.04094747566738836,-0.04094747566738836
2012-03-20,43.99999999999977,-0.8001816377180655,-0.8001816377180655
2012-03-21,120.99999999999795,0.9713647404002248,0.9713647404002248
2012-03-22,93.99999999999977,0.35017315326786447,0.35017315326786447
2012-03-23,82.99999999999841,0.09709509925092848,0.09709509925092848
2012-03-26,100.0,0.4882157281861813,0.4882157281861813
2012-03-27,92.00000000000159,0.3041589616284691,0.3041589616284691
2012-03-28,93.99999999999977,0.35017315326786447,0.35017315326786447
2012-03-29,70.0000000000017,-0.20199714640533747,-0.20199714640533747
2012-03-30,56.00000000000023,-0.5240964878814319,-0.5240964878814319
2012-04-02,83.00000000000125,0.09709509925099387,0.09709509925099387
2012-04-03,90.00000000000057,0.25814476998900837,0.25814476998900837
2012-04-04,93.99999999999977,0.35017315326786447,0.35017315326786447
2012-04-05,100.99999999999909,0.5112228240058789,0.5112228240058789
2012-04-10,99.00000000000091,0.46520863236648363,0.46520863236648363
2012-04-11,75.99999999999909,-0.06395457148708603,-0.06395457148708603
2012-04-12,56.00000000000023,-0.5240964878814319,-0.5240964878814319
2012-04-13,62.999999999999545,-0.36304681714341736,-0.36304681714341736
2012-04-16,46.999999999999886,-0.7311603502589071,-0.7311603502589071
2012-04-17,59.00000000000034,-0.45507520042227345,-0.45507520042227345
2012-04-18,67.00000000000159,-0.27101843386449587,-0.27101843386449587
2012-04-19,71.99999999999989,-0.15598295476594212,-0.15598295476594212
2012-04-20,65.00000000000057,-0.3170326255039566,-0.3170326255039566
2012-04-23,78.9999999999992,0.0050667159720723855,0.0050667159720723855
2012-04-24,69.99999999999886,-0.20199714640540287,-0.20199714640540287
2012-04-25,57.00000000000216,-0.5010893920616688,-0.5010893920616688
2012-04-26,87.00000000000045,0.18912348252984995,0.18912348252984995
2012-04-27,75.0,-0.0869616673067837,-0.0869616673067837
2012-04-30,62.000000000000455,-0.38605391296311503,-0.38605391296311503
2012-05-02,112.00000000000045,0.764300878022815,0.764300878022815
2012-05-03,56.00000000000023,-0.5240964878814319,-0.5240964878814319
2012-05-04,65.99999999999966,-0.29402552968425893,-0.29402552968425893
2012-05-07,66.99999999999875,-0.27101843386456126,-0.27101843386456126
2012-05-08,71.99999999999989,-0.15598295476594212,-0.15598295476594212
2012-05-09,62.000000000000455,-0.38605391296311503,-0.38605391296311503
2012-05-10,74.00000000000091,-0.10996876312648138,-0.10996876312648138
2012-05-11,59.99999999999943,-0.4320681046025758,-0.4320681046025758
2012-05-14,74.00000000000091,-0.10996876312648138,-0.10996876312648138
2012-05-15,64.00000000000148,-0.3400397213236543,-0.3400397213236543
2012-05-16,85.99999999999852,0.16611638671008688,0.16611638671008688
2012-05-17,93.00000000000068,0.3271660574481668,0.3271660574481668
2012-05-18,52.00000000000102,-0.616124871160288,-0.616124871160288
2012-05-21,52.00000000000102,-0.616124871160288,-0.616124871160288
2012-05-22,52.00000000000102,-0.616124871160288,-0.616124871160288
2012-05-23,93.00000000000068,0.3271660574481668,0.3271660574481668
2012-05-24,71.99999999999989,-0.15598295476594212,-0.15598295476594212
2012-05-25,75.99999999999909,-0.06395457148708603,-0.06395457148708603
2012-05-28,58.00000000000125,-0.4780822962419711,-0.4780822962419711
2012-05-29,56.00000000000023,-0.5240964878814319,-0.5240964878814319
2012-05-30,122.99999999999898,1.0173789320396855,1.0173789320396855
2012-05-31,111.00000000000136,0.7412937822031173,0.7412937822031173
2012-06-01,104.9999999999983,0.603251207284735,0.603251207284735
2012-06-04,70.0000000000017,-0.20199714640533747,-0.20199714640533747
2012-06-05,75.0,-0.0869616673067837,-0.0869616673067837
2012-06-06,140.99999999999966,1.4315066567946362,1.4315066567946362
2012-06-07,78.00000000000011,-0.01794037984762529,-0.01794037984762529
2012-06-08,92.00000000000159,0.3041589616284691,0.3041589616284691
2012-06-11,160.00000000000227,1.8686414773693496,1.8686414773693496
2012-06-12,221.9999999999999,3.295081418191848,3.295081418191848
2012-06-13,90.00000000000057,0.25814476998900837,0.25814476998900837
2012-06-14,90.00000000000057,0.25814476998900837,0.25814476998900837
2012-06-15,93.99999999999977,0.35017315326786447,0.35017315326786447
2012-06-18,195.0000000000017,2.6738898310594874,2.6738898310594874
2012-06-19,175.9999999999991,2.236755010484774,2.236755010484774
2012-06-20,129.00000000000205,1.1554215069580678,1.1554215069580678
2012-06-21,121.99999999999989,0.9943718362199879,0.9943718362199879
2012-06-22,120.99999999999795,0.9713647404002248,0.9713647404002248
2012-06-25,131.00000000000023,1.2014356985974632,1.2014356985974632
2012-06-26,87.00000000000045,0.18912348252984995,0.18912348252984995
2012-06-27,74.00000000000091,-0.10996876312648138,-0.10996876312648138
2012-06-28,89.99999999999773,0.258144769988943,0.258144769988943
2012-06-29,131.00000000000023,1.2014356985974632,1.2014356985974632
2012-07-02,109.99999999999943,0.7182866863833542,0.7182866863833542
2012-07-03,47.99999999999898,-0.7081532544392095,-0.7081532544392095
2012-07-04,106.00000000000023,0.6262583031044981,0.6262583031044981
2012-07-05,115.00000000000057,0.8333221654819734,0.8333221654819734
2012-07-06,87.00000000000045,0.18912348252984995,0.18912348252984995
2012-07-09,43.00000000000068,-0.8231887335377632,-0.8231887335377632
2012-07-10,58.00000000000125,-0.4780822962419711,-0.4780822962419711
2012-07-11,76.00000000000193,-0.06395457148702065,-0.06395457148702065
2012-07-12,43.99999999999977,-0.8001816377180655,-0.8001816377180655
2012-07-13,63.999999999998636,-0.3400397213237197,-0.3400397213237197
2012-07-16,63.00000000000239,-0.36304681714335196,-0.36304681714335196
2012-07-17,65.00000000000057,-0.3170326255039566,-0.3170326255039566
2012-07-18,66.99999999999875,-0.27101843386456126,-0.27101843386456126
2012-07-19,50.99999999999909,-0.639131966980051,-0.639131966980051
2012-07-20,75.99999999999909,-0.06395457148708603,-0.06395457148708603
2012-07-23,73.99999999999807,-0.10996876312654677,-0.10996876312654677
2012-07-24,98.00000000000182,0.44220153654678596,0.44220153654678596
2012-07-25,117.99999999999784,0.9023434529410664,0.9023434529410664
2012-07-26,134.00000000000034,1.2704569860566215,1.2704569860566215
2012-07-27,165.00000000000057,1.9836769564679033,1.9836769564679033
2012-07-30,66.99999999999875,-0.27101843386456126,-0.27101843386456126
2012-07-31,133.00000000000125,1.247449890236924,1.247449890236924
2012-08-01,127.00000000000102,1.109407315318607,1.109407315318607
2012-08-02,233.9999999999975,3.571166568028416,3.571166568028416
2012-08-03,228.0000000000001,3.433123993110165,3.433123993110165
2012-08-06,82.99999999999841,0.09709509925092848,0.09709509925092848
2012-08-07,119.00000000000261,0.9253505487608948,0.9253505487608948
2012-08-08,83.00000000000125,0.09709509925099387,0.09709509925099387
2012-08-09,79.9999999999983,0.02807381179177006,0.02807381179177006
2012-08-10,71.99999999999989,-0.15598295476594212,-0.15598295476594212
2012-08-13,96.99999999999989,0.4191944407270229,0.4191944407270229
2012-08-14,80.00000000000114,0.028073811791835452,0.028073811791835452
2012-08-15,111.99999999999761,0.7643008780227496,0.7643008780227496
2012-08-16,110.99999999999852,0.7412937822030519,0.7412937822030519
2012-08-17,77.00000000000102,-0.040947475667322965,-0.040947475667322965
2012-08-20,103.00000000000011,0.5572370156453397,0.5572370156453397
2012-08-21,71.99999999999989,-0.15598295476594212,-0.15598295476594212
2012-08-22,125.0,1.0633931236791463,1.0633931236791463
2012-08-23,102.00000000000102,0.534229919825642,0.534229919825642
2012-08-24,71.0000000000008,-0.1789900505856398,-0.1789900505856398
2012-08-27,43.99999999999977,-0.8001816377180655,-0.8001816377180655
2012-08-28,43.99999999999977,-0.8001816377180655,-0.8001816377180655
2012-08-29,98.00000000000182,0.44220153654678596,0.44220153654678596
2012-08-30,62.999999999999545,-0.36304681714341736,-0.36304681714341736
2012-08-31,114.00000000000148,0.8103150696622757,0.8103150696622757
2012-09-03,69.99999999999886,-0.20199714640540287,-0.20199714640540287
2012-09-04,66.99999999999875,-0.27101843386456126,-0.27101843386456126
2012-09-05,108.00000000000125,0.6722724947439589,0.6722724947439589
2012-09-06,69.99999999999886,-0.20199714640540287,-0.20199714640540287
2012-09-07,134.00000000000034,1.2704569860566215,1.2704569860566215
2012-09-10,80.00000000000114,0.028073811791835452,0.028073811791835452
2012-09-11,64.99999999999773,-0.317032625504022,-0.317032625504022
2012-09-12,125.99999999999909,1.086400219498844,1.086400219498844
2012-09-13,99.00000000000091,0.46520863236648363,0.46520863236648363
2012-09-14,149.0000000000009,1.6155634233524137,1.6155634233524137
2012-09-17,74.00000000000091,-0.10996876312648138,-0.10996876312648138
2012-09-18,65.99999999999966,-0.29402552968425893,-0.29402552968425893
2012-09-19,91.99999999999875,0.3041589616284037,0.3041589616284037
2012-09-20,56.99999999999932,-0.5010893920617342,-0.5010893920617342
2012-09-21,61.000000000001364,-0.4090610087828127,-0.4090610087828127
2012-09-24,54.000000000002046,-0.5701106795208273,-0.5701106795208273
2012-09-25,98.99999999999807,0.46520863236641824,0.46520863236641824
2012-09-26,110.99999999999852,0.7412937822030519,0.7412937822030519
2012-09-27,43.00000000000068,-0.8231887335377632,-0.8231887335377632
2012-09-28,58.9999999999975,-0.45507520042233884,-0.45507520042233884
2012-10-01,62.999999999999545,-0.36304681714341736,-0.36304681714341736
2012-10-02,59.00000000000034,-0.45507520042227345,-0.45507520042227345
2012-10-03,46.999999999999886,-0.7311603502589071,-0.7311603502589071
2012-10-04,67.00000000000159,-0.27101843386449587,-0.27101843386449587
2012-10-05,82.99999999999841,0.09709509925092848,0.09709509925092848
2012-10-08,38.999999999998636,-0.9152171168166847,-0.9152171168166847
2012-10-09,51.99999999999818,-0.6161248711603534,-0.6161248711603534
2012-10-10,50.99999999999909,-0.639131966980051,-0.639131966980051
2012-10-11,92.00000000000159,0.3041589616284691,0.3041589616284691
2012-10-12,69.99999999999886,-0.20199714640540287,-0.20199714640540287
2012-10-15,44.000000000002615,-0.8001816377180001,-0.8001816377180001
2012-10-16,83.00000000000125,0.09709509925099387,0.09709509925099387
2012-10-17,102.00000000000102,0.534229919825642,0.534229919825642
2012-10-18,68.00000000000068,-0.24801133804479822,-0.24801133804479822
2012-10-19,76.99999999999818,-0.04094747566738836,-0.04094747566738836
2012-10-22,63.00000000000239,-0.36304681714335196,-0.36304681714335196
2012-10-23,62.999999999999545,-0.36304681714341736,-0.36304681714341736
2012-10-24,52.00000000000102,-0.616124871160288,-0.616124871160288
2012-10-25,58.00000000000125,-0.4780822962419711,-0.4780822962419711
2012-10-26,63.999999999998636,-0.3400397213237197,-0.3400397213237197
2012-10-29,84.99999999999943,0.1431092908903892,0.1431092908903892
2012-10-30,65.00000000000057,-0.3170326255039566,-0.3170326255039566
2012-10-31,68.00000000000068,-0.24801133804479822,-0.24801133804479822
2012-11-01,37.000000000000455,-0.9612313084560801,-0.9612313084560801
2012-11-02,65.00000000000057,-0.3170326255039566,-0.3170326255039566
2012-11-05,33.00000000000125,-1.0532596917349362,-1.0532596917349362
2012-11-06,65.00000000000057,-0.3170326255039566,-0.3170326255039566
2012-11-07,110.99999999999852,0.7412937822030519,0.7412937822030519
2012-11-08,61.000000000001364,-0.4090610087828127,-0.4090610087828127
2012-11-09,53.000000000000114,-0.5931177753405903,-0.5931177753405903
2012-11-12,24.00000000000091,-1.2603235541124114,-1.2603235541124114
2012-11-13,50.0,-0.6621390627997488,-0.6621390627997488
2012-11-14,57.99999999999841,-0.4780822962420365,-0.4780822962420365
2012-11-15,46.000000000000796,-0.7541674460786048,-0.7541674460786048
2012-11-16,44.99999999999886,-0.7771745418983679,-0.7771745418983679
2012-11-19,31.999999999999318,-1.0762667875546992,-1.0762667875546992
2012-11-20,88.99999999999864,0.2351376741692453,0.2351376741692453
2012-11-21,50.99999999999909,-0.639131966980051,-0.639131966980051
2012-11-22,24.00000000000091,-1.2603235541124114,-1.2603235541124114
2012-11-23,46.999999999999886,-0.7311603502589071,-0.7311603502589071
2012-11-26,34.99999999999943,-1.0072455000955407,-1.0072455000955407
2012-11-27,52.00000000000102,-0.616124871160288,-0.616124871160288
2012-11-28,83.00000000000125,0.09709509925099387,0.09709509925099387
2012-11-29,39.00000000000148,-0.9152171168166193,-0.9152171168166193
2012-11-30,40.00000000000057,-0.8922100209969216,-0.8922100209969216
2012-12-03,98.00000000000182,0.44220153654678596,0.44220153654678596
2012-12-04,45.999999999997954,-0.7541674460786701,-0.7541674460786701
2012-12-05,83.00000000000125,0.09709509925099387,0.09709509925099387
2012-12-06,25.0,-1.2373164582927136,-1.2373164582927136
2012-12-07,46.000000000000796,-0.7541674460786048,-0.7541674460786048
2012-12-10,62.999999999999545,-0.36304681714341736,-0.36304681714341736
2012-12-11,53.999999999999204,-0.5701106795208927,-0.5701106795208927
2012-12-12,38.999999999998636,-0.9152171168166847,-0.9152171168166847
2012-12-13,70.99999999999795,-0.1789900505857052,-0.1789900505857052
2012-12-14,51.00000000000193,-0.6391319669799856,-0.6391319669799856
2012-12-17,40.99999999999966,-0.869202925177224,-0.869202925177224
2012-12-18,72.99999999999898,-0.13297585894624445,-0.13297585894624445
2012-12-19,60.99999999999852,-0.4090610087828781,-0.4090610087828781
2012-12-20,34.00000000000034,-1.0302525959152384,-1.0302525959152384
2012-12-21,40.99999999999966,-0.869202925177224,-0.869202925177224
2012-12-27,100.99999999999909,0.5112228240058789,0.5112228240058789
2012-12-28,40.00000000000057,-0.8922100209969216,-0.8922100209969216
2013-01-02,96.0000000000008,0.3961873449073252,0.3961873449073252
2013-01-03,97.99999999999898,0.44220153654672056,0.44220153654672056
2013-01-04,90.99999999999966,0.28115186580870605,0.28115186580870605
2013-01-07,39.00000000000148,-0.9152171168166193,-0.9152171168166193
2013-01-08,51.00000000000193,-0.6391319669799856,-0.6391319669799856
2013-01-09,58.00000000000125,-0.4780822962419711,-0.4780822962419711
2013-01-10,122.99999999999898,1.0173789320396855,1.0173789320396855
2013-01-11,72.99999999999898,-0.13297585894624445,-0.13297585894624445
2013-01-14,50.0,-0.6621390627997488,-0.6621390627997488
2013-01-15,59.99999999999943,-0.4320681046025758,-0.4320681046025758
2013-01-16,50.0,-0.6621390627997488,-0.6621390627997488
2013-01-17,111.00000000000136,0.7412937822031173,0.7412937822031173
2013-01-18,100.0,0.4882157281861813,0.4882157281861813
2013-01-21,49.00000000000091,-0.6851461586194464,-0.6851461586194464
2013-01-22,68.99999999999977,-0.22500424222510054,-0.22500424222510054
2013-01-23,61.000000000001364,-0.4090610087828127,-0.4090610087828127
2013-01-24,88.99999999999864,0.2351376741692453,0.2351376741692453
2013-01-25,129.00000000000205,1.1554215069580678,1.1554215069580678
2013-01-28,91.99999999999875,0.3041589616284037,0.3041589616284037
2013-01-29,57.00000000000216,-0.5010893920616688,-0.5010893920616688
2013-01-30,69.99999999999886,-0.20199714640540287,-0.20199714640540287
2013-01-31,61.99999999999761,-0.3860539129631804,-0.3860539129631804
2013-02-01,90.99999999999966,0.28115186580870605,0.28115186580870605
2013-02-04,134.99999999999943,1.2934640818763192,1.2934640818763192
2013-02-05,99.00000000000091,0.46520863236648363,0.46520863236648363
2013-02-06,56.00000000000023,-0.5240964878814319,-0.5240964878814319
2013-02-07,87.00000000000045,0.18912348252984995,0.18912348252984995
2013-02-08,49.00000000000091,-0.6851461586194464,-0.6851461586194464
2013-02-11,48.00000000000182,-0.7081532544391441,-0.7081532544391441
2013-02-12,62.000000000000455,-0.38605391296311503,-0.38605391296311503
2013-02-13,84.99999999999943,0.1431092908903892,0.1431092908903892
2013-02-14,81.00000000000023,0.051080907611533125,0.051080907611533125
2013-02-15,71.99999999999989,-0.15598295476594212,-0.15598295476594212
2013-02-18,43.99999999999977,-0.8001816377180655,-0.8001816377180655
2013-02-19,36.99999999999761,-0.9612313084561455,-0.9612313084561455
2013-02-20,49.00000000000091,-0.6851461586194464,-0.6851461586194464
2013-02-21,88.99999999999864,0.2351376741692453,0.2351376741692453
2013-02-22,57.00000000000216,-0.5010893920616688,-0.5010893920616688
2013-02-25,162.00000000000045,1.914655669008745,1.914655669008745
2013-02-26,69.99999999999886,-0.20199714640540287,-0.20199714640540287
2013-02-27,59.99999999999943,-0.4320681046025758,-0.4320681046025758
2013-02-28,41.99999999999875,-0.8461958293575262,-0.8461958293575262
2013-03-01,77.99999999999727,-0.01794037984769068,-0.01794037984769068
2013-03-04,45.000000000001705,-0.7771745418983025,-0.7771745418983025
2013-03-05,42.00000000000159,-0.8461958293574608,-0.8461958293574608
2013-03-06,38.999999999998636,-0.9152171168166847,-0.9152171168166847
2013-03-07,37.000000000000455,-0.9612313084560801,-0.9612313084560801
2013-03-08,67.99999999999784,-0.2480113380448636,-0.2480113380448636
2013-03-11,36.000000000001364,-0.9842384042757777,-0.9842384042757777
2013-03-12,68.99999999999977,-0.22500424222510054,-0.22500424222510054
2013-03-13,45.000000000001705,-0.7771745418983025,-0.7771745418983025
2013-03-14,42.00000000000159,-0.8461958293574608,-0.8461958293574608
2013-03-15,53.999999999999204,-0.5701106795208927,-0.5701106795208927
2013-03-18,81.99999999999932,0.0740880034312308,0.0740880034312308
2013-03-19,84.00000000000034,0.12010219507069154,0.12010219507069154
2013-03-20,68.99999999999977,-0.22500424222510054,-0.22500424222510054
2013-03-21,62.000000000000455,-0.38605391296311503,-0.38605391296311503
2013-03-22,62.000000000000455,-0.38605391296311503,-0.38605391296311503
2013-03-25,102.00000000000102,0.534229919825642,0.534229919825642
2013-03-26,40.99999999999966,-0.869202925177224,-0.869202925177224
2013-03-27,83.9999999999975,0.12010219507062615,0.12010219507062615
2013-03-28,53.000000000000114,-0.5931177753405903,-0.5931177753405903
2013-04-02,53.000000000000114,-0.5931177753405903,-0.5931177753405903
2013-04-03,52.00000000000102,-0.616124871160288,-0.616124871160288
2013-04-04,63.00000000000239,-0.36304681714335196,-0.36304681714335196
2013-04-05,71.99999999999989,-0.15598295476594212,-0.15598295476594212
2013-04-08,49.00000000000091,-0.6851461586194464,-0.6851461586194464
2013-04-09,55.00000000000114,-0.5471035837011295,-0.5471035837011295
2013-04-10,53.000000000000114,-0.5931177753405903,-0.5931177753405903
2013-04-11,56.99999999999932,-0.5010893920617342,-0.5010893920617342
2013-04-12,70.99999999999795,-0.1789900505857052,-0.1789900505857052
2013-04-15,59.00000000000034,-0.45507520042227345,-0.45507520042227345
2013-04-16,56.00000000000023,-0.5240964878814319,-0.5240964878814319
2013-04-17,101.00000000000193,0.5112228240059443,0.5112228240059443
2013-04-18,52.99999999999727,-0.5931177753406557,-0.5931177753406557
2013-04-19,36.000000000001364,-0.9842384042757777,-0.9842384042757777
2013-04-22,71.0000000000008,-0.1789900505856398,-0.1789900505856398
2013-04-23,86.00000000000136,0.16611638671015228,0.16611638671015228
2013-04-24,66.99999999999875,-0.27101843386456126,-0.27101843386456126
2013-04-25,33.00000000000125,-1.0532596917349362,-1.0532596917349362
2013-04-26,34.00000000000034,-1.0302525959152384,-1.0302525959152384
2013-04-29,46.999999999999886,-0.7311603502589071,-0.7311603502589071
2013-04-30,48.00000000000182,-0.7081532544391441,-0.7081532544391441
2013-05-02,103.00000000000011,0.5572370156453397,0.5572370156453397
2013-05-03,111.00000000000136,0.7412937822031173,0.7412937822031173
2013-05-06,39.00000000000148,-0.9152171168166193,-0.9152171168166193
2013-05-07,90.00000000000057,0.25814476998900837,0.25814476998900837
2013-05-08,48.00000000000182,-0.7081532544391441,-0.7081532544391441
2013-05-09,45.999999999997954,-0.7541674460786701,-0.7541674460786701
2013-05-10,122.99999999999898,1.0173789320396855,1.0173789320396855
2013-05-13,63.999999999998636,-0.3400397213237197,-0.3400397213237197
2013-05-14,77.00000000000102,-0.040947475667322965,-0.040947475667322965
2013-05-15,67.99999999999784,-0.2480113380448636,-0.2480113380448636
2013-05-16,83.00000000000125,0.09709509925099387,0.09709509925099387
2013-05-17,61.000000000001364,-0.4090610087828127,-0.4090610087828127
2013-05-20,68.00000000000068,-0.24801133804479822,-0.24801133804479822
2013-05-21,66.99999999999875,-0.27101843386456126,-0.27101843386456126
2013-05-22,93.99999999999977,0.35017315326786447,0.35017315326786447
2013-05-23,84.00000000000034,0.12010219507069154,0.12010219507069154
2013-05-24,71.0000000000008,-0.1789900505856398,-0.1789900505856398
2013-05-27,40.00000000000057,-0.8922100209969216,-0.8922100209969216
2013-05-28,79.9999999999983,0.02807381179177006,0.02807381179177006
2013-05-29,47.99999999999898,-0.7081532544392095,-0.7081532544392095
2013-05-30,39.00000000000148,-0.9152171168166193,-0.9152171168166193
2013-05-31,94.99999999999886,0.37318024908756214,0.37318024908756214
2013-06-03,86.00000000000136,0.16611638671015228,0.16611638671015228
2013-06-04,42.00000000000159,-0.8461958293574608,-0.8461958293574608
2013-06-05,59.00000000000034,-0.45507520042227345,-0.45507520042227345
2013-06-06,24.00000000000091,-1.2603235541124114,-1.2603235541124114
2013-06-07,96.0000000000008,0.3961873449073252,0.3961873449073252
2013-06-10,109.00000000000034,0.6952795905636565,0.6952795905636565
2013-06-11,84.99999999999943,0.1431092908903892,0.1431092908903892
2013-06-12,48.99999999999807,-0.6851461586195118,-0.6851461586195118
2013-06-13,53.000000000000114,-0.5931177753405903,-0.5931177753405903
2013-06-14,56.00000000000023,-0.5240964878814319,-0.5240964878814319
2013-06-17,51.00000000000193,-0.6391319669799856,-0.6391319669799856
2013-06-18,55.00000000000114,-0.5471035837011295,-0.5471035837011295
2013-06-19,139.00000000000148,1.3854924651552407,1.3854924651552407
2013-06-20,75.99999999999909,-0.06395457148708603,-0.06395457148708603
2013-06-21,102.00000000000102,0.534229919825642,0.534229919825642
2013-06-24,110.99999999999852,0.7412937822030519,0.7412937822030519
2013-06-25,84.00000000000034,0.12010219507069154,0.12010219507069154
2013-06-26,89.00000000000148,0.2351376741693107,0.2351376741693107
2013-06-27,108.00000000000125,0.6722724947439589,0.6722724947439589
2013-06-28,87.99999999999955,0.21213057834954763,0.21213057834954763
2013-07-01,66.99999999999875,-0.27101843386456126,-0.27101843386456126
2013-07-02,75.0,-0.0869616673067837,-0.0869616673067837
2013-07-03,58.9999999999975,-0.45507520042233884,-0.45507520042233884
2013-07-04,100.99999999999909,0.5112228240058789,0.5112228240058789
2013-07-05,103.00000000000011,0.5572370156453397,0.5572370156453397
2013-07-08,46.000000000000796,-0.7541674460786048,-0.7541674460786048
2013-07-09,84.00000000000034,0.12010219507069154,0.12010219507069154
2013-07-10,52.00000000000102,-0.616124871160288,-0.616124871160288
2013-07-11,55.00000000000114,-0.5471035837011295,-0.5471035837011295
2013-07-12,75.0,-0.0869616673067837,-0.0869616673067837
2013-07-15,45.000000000001705,-0.7771745418983025,-0.7771745418983025
2013-07-16,56.00000000000023,-0.5240964878814319,-0.5240964878814319
2013-07-17,70.99999999999795,-0.1789900505857052,-0.1789900505857052
2013-07-18,41.99999999999875,-0.8461958293575262,-0.8461958293575262
2013-07-19,37.999999999999545,-0.9382242126363823,-0.9382242126363823
2013-07-22,28.999999999999204,-1.1452880750138577,-1.1452880750138577
2013-07-23,75.0,-0.0869616673067837,-0.0869616673067837
2013-07-24,162.99999999999955,1.9376627648284426,1.9376627648284426
2013-07-25,64.00000000000148,-0.3400397213236543,-0.3400397213236543
2013-07-26,58.00000000000125,-0.4780822962419711,-0.4780822962419711
2013-07-29,50.0,-0.6621390627997488,-0.6621390627997488
2013-07-30,31.999999999999318,-1.0762667875546992,-1.0762667875546992
2013-07-31,114.00000000000148,0.8103150696622757,0.8103150696622757
2013-08-01,103.9999999999992,0.5802441114650374,0.5802441114650374
2013-08-02,115.00000000000057,0.8333221654819734,0.8333221654819734
2013-08-05,84.99999999999943,0.1431092908903892,0.1431092908903892
2013-08-06,40.99999999999966,-0.869202925177224,-0.869202925177224
2013-08-07,71.99999999999989,-0.15598295476594212,-0.15598295476594212
2013-08-08,67.00000000000159,-0.27101843386449587,-0.27101843386449587
2013-08-09,51.00000000000193,-0.6391319669799856,-0.6391319669799856
2013-08-12,53.000000000000114,-0.5931177753405903,-0.5931177753405903
2013-08-13,130.00000000000114,1.1784286027777655,1.1784286027777655
2013-08-14,55.00000000000114,-0.5471035837011295,-0.5471035837011295
2013-08-15,117.99999999999784,0.9023434529410664,0.9023434529410664
2013-08-16,65.99999999999966,-0.29402552968425893,-0.29402552968425893
2013-08-19,53.000000000000114,-0.5931177753405903,-0.5931177753405903
2013-08-20,54.000000000002046,-0.5701106795208273,-0.5701106795208273
2013-08-21,75.0,-0.0869616673067837,-0.0869616673067837
2013-08-22,51.99999999999818,-0.6161248711603534,-0.6161248711603534
2013-08-23,78.9999999999992,0.0050667159720723855,0.0050667159720723855
2013-08-26,58.00000000000125,-0.4780822962419711,-0.4780822962419711
2013-08-27,101.99999999999818,0.5342299198255767,0.5342299198255767
2013-08-28,78.00000000000011,-0.01794037984762529,-0.01794037984762529
2013-08-29,77.00000000000102,-0.040947475667322965,-0.040947475667322965
2013-08-30,53.999999999999204,-0.5701106795208927,-0.5701106795208927
2013-09-02,55.00000000000114,-0.5471035837011295,-0.5471035837011295
2013-09-03,71.99999999999989,-0.15598295476594212,-0.15598295476594212
2013-09-04,45.000000000001705,-0.7771745418983025,-0.7771745418983025
2013-09-05,106.00000000000023,0.6262583031044981,0.6262583031044981
2013-09-06,64.00000000000148,-0.3400397213236543,-0.3400397213236543
2013-09-09,38.999999999998636,-0.9152171168166847,-0.9152171168166847
2013-09-10,68.99999999999977,-0.22500424222510054,-0.22500424222510054
2013-09-11,63.999999999998636,-0.3400397213237197,-0.3400397213237197
2013-09-12,53.999999999999204,-0.5701106795208927,-0.5701106795208927
2013-09-13,99.00000000000091,0.46520863236648363,0.46520863236648363
2013-09-16,53.000000000000114,-0.5931177753405903,-0.5931177753405903
2013-09-17,46.999999999999886,-0.7311603502589071,-0.7311603502589071
2013-09-18,159.99999999999943,1.8686414773692843,1.8686414773692843
2013-09-19,106.00000000000023,0.6262583031044981,0.6262583031044981
2013-09-20,75.0,-0.0869616673067837,-0.0869616673067837
2013-09-23,78.00000000000011,-0.01794037984762529,-0.01794037984762529
2013-09-24,105.00000000000114,0.6032512072848004,0.6032512072848004
2013-09-25,43.99999999999977,-0.8001816377180655,-0.8001816377180655
2013-09-26,37.999999999999545,-0.9382242126363823,-0.9382242126363823
2013-09-27,79.9999999999983,0.02807381179177006,0.02807381179177006
2013-09-30,65.00000000000057,-0.3170326255039566,-0.3170326255039566
2013-10-01,54.000000000002046,-0.5701106795208273,-0.5701106795208273
2013-10-02,55.00000000000114,-0.5471035837011295,-0.5471035837011295
2013-10-03,71.99999999999989,-0.15598295476594212,-0.15598295476594212
2013-10-04,53.999999999999204,-0.5701106795208927,-0.5701106795208927
2013-10-07,40.99999999999966,-0.869202925177224,-0.869202925177224
2013-10-08,37.999999999999545,-0.9382242126363823,-0.9382242126363823
2013-10-09,53.999999999999204,-0.5701106795208927,-0.5701106795208927
2013-10-10,61.000000000001364,-0.4090610087828127,-0.4090610087828127
2013-10-11,40.00000000000057,-0.8922100209969216,-0.8922100209969216
2013-10-14,62.000000000000455,-0.38605391296311503,-0.38605391296311503
2013-10-15,48.00000000000182,-0.7081532544391441,-0.7081532544391441
2013-10-16,56.00000000000023,-0.5240964878814319,-0.5240964878814319
2013-10-17,51.00000000000193,-0.6391319669799856,-0.6391319669799856
2013-10-18,65.99999999999966,-0.29402552968425893,-0.29402552968425893
2013-10-21,30.000000000001137,-1.1222809791940946,-1.1222809791940946
2013-10-22,85.99999999999852,0.16611638671008688,0.16611638671008688
2013-10-23,35.99999999999852,-0.9842384042758431,-0.9842384042758431
2013-10-24,52.00000000000102,-0.616124871160288,-0.616124871160288
2013-10-25,28.000000000000114,-1.1682951708335554,-1.1682951708335554
2013-10-28,31.000000000000227,-1.099273883374397,-1.099273883374397
2013-10-29,50.99999999999909,-0.639131966980051,-0.639131966980051
2013-10-30,48.00000000000182,-0.7081532544391441,-0.7081532544391441
2013-10-31,79.9999999999983,0.02807381179177006,0.02807381179177006
2013-11-01,50.0,-0.6621390627997488,-0.6621390627997488
2013-11-04,25.0,-1.2373164582927136,-1.2373164582927136
2013-11-05,85.99999999999852,0.16611638671008688,0.16611638671008688
2013-11-06,37.999999999999545,-0.9382242126363823,-0.9382242126363823
2013-11-07,104.9999999999983,0.603251207284735,0.603251207284735
2013-11-08,107.99999999999841,0.6722724947438935,0.6722724947438935
2013-11-11,32.99999999999841,-1.0532596917350014,-1.0532596917350014
2013-11-12,46.000000000000796,-0.7541674460786048,-0.7541674460786048
2013-11-13,74.00000000000091,-0.10996876312648138,-0.10996876312648138
2013-11-14,39.00000000000148,-0.9152171168166193,-0.9152171168166193
2013-11-15,39.00000000000148,-0.9152171168166193,-0.9152171168166193
2013-11-18,50.0,-0.6621390627997488,-0.6621390627997488
2013-11-19,57.99999999999841,-0.4780822962420365,-0.4780822962420365
2013-11-20,78.9999999999992,0.0050667159720723855,0.0050667159720723855
2013-11-21,47.99999999999898,-0.7081532544392095,-0.7081532544392095
2013-11-22,42.00000000000159,-0.8461958293574608,-0.8461958293574608
2013-11-25,53.999999999999204,-0.5701106795208927,-0.5701106795208927
2013-11-26,50.0,-0.6621390627997488,-0.6621390627997488
2013-11-27,37.999999999999545,-0.9382242126363823,-0.9382242126363823
2013-11-28,56.00000000000023,-0.5240964878814319,-0.5240964878814319
2013-11-29,37.000000000000455,-0.9612313084560801,-0.9612313084560801
2013-12-02,58.9999999999975,-0.45507520042233884,-0.45507520042233884
2013-12-03,47.99999999999898,-0.7081532544392095,-0.7081532544392095
2013-12-04,98.00000000000182,0.44220153654678596,0.44220153654678596
2013-12-05,84.00000000000034,0.12010219507069154,0.12010219507069154
2013-12-06,40.99999999999966,-0.869202925177224,-0.869202925177224
2013-12-09,30.000000000001137,-1.1222809791940946,-1.1222809791940946
2013-12-10,37.000000000000455,-0.9612313084560801,-0.9612313084560801
2013-12-11,35.99999999999852,-0.9842384042758431,-0.9842384042758431
2013-12-12,44.99999999999886,-0.7771745418983679,-0.7771745418983679
2013-12-13,37.000000000000455,-0.9612313084560801,-0.9612313084560801
2013-12-16,45.000000000001705,-0.7771745418983025,-0.7771745418983025
2013-12-17,31.000000000000227,-1.099273883374397,-1.099273883374397
2013-12-18,80.00000000000114,0.028073811791835452,0.028073811791835452
2013-12-19,62.000000000000455,-0.38605391296311503,-0.38605391296311503
2013-12-20,53.000000000000114,-0.5931177753405903,-0.5931177753405903
2013-12-23,31.000000000000227,-1.099273883374397,-1.099273883374397
2013-12-27,79.9999999999983,0.02807381179177006,0.02807381179177006
2013-12-30,56.00000000000023,-0.5240964878814319,-0.5240964878814319
2014-01-02,53.999999999999204,-0.5701106795208927,-0.5701106795208927
2014-01-03,31.000000000000227,-1.099273883374397,-1.099273883374397
2014-01-06,54.999999999998295,-0.5471035837011949,-0.5471035837011949
2014-01-07,34.99999999999943,-1.0072455000955407,-1.0072455000955407
2014-01-08,48.99999999999807,-0.6851461586195118,-0.6851461586195118
2014-01-09,58.00000000000125,-0.4780822962419711,-0.4780822962419711
2014-01-10,78.9999999999992,0.0050667159720723855,0.0050667159720723855
2014-01-13,71.99999999999989,-0.15598295476594212,-0.15598295476594212
2014-01-14,33.00000000000125,-1.0532596917349362,-1.0532596917349362
2014-01-15,42.00000000000159,-0.8461958293574608,-0.8461958293574608
2014-01-16,65.99999999999966,-0.29402552968425893,-0.29402552968425893
2014-01-17,41.99999999999875,-0.8461958293575262,-0.8461958293575262
2014-01-20,34.99999999999943,-1.0072455000955407,-1.0072455000955407
2014-01-21,47.99999999999898,-0.7081532544392095,-0.7081532544392095
2014-01-22,36.99999999999761,-0.9612313084561455,-0.9612313084561455
2014-01-23,107.99999999999841,0.6722724947438935,0.6722724947438935
2014-01-24,68.99999999999977,-0.22500424222510054,-0.22500424222510054
2014-01-27,28.999999999999204,-1.1452880750138577,-1.1452880750138577
2014-01-28,37.000000000000455,-0.9612313084560801,-0.9612313084560801
2014-01-29,105.00000000000114,0.6032512072848004,0.6032512072848004
2014-01-30,48.99999999999807,-0.6851461586195118,-0.6851461586195118
2014-01-31,69.99999999999886,-0.20199714640540287,-0.20199714640540287
2014-02-03,72.99999999999898,-0.13297585894624445,-0.13297585894624445
2014-02-04,37.999999999999545,-0.9382242126363823,-0.9382242126363823
2014-02-05,68.99999999999977,-0.22500424222510054,-0.22500424222510054
2014-02-06,78.9999999999992,0.0050667159720723855,0.0050667159720723855
2014-02-07,81.99999999999932,0.0740880034312308,0.0740880034312308
2014-02-10,37.999999999999545,-0.9382242126363823,-0.9382242126363823
2014-02-11,30.000000000001137,-1.1222809791940946,-1.1222809791940946
2014-02-12,56.99999999999932,-0.5010893920617342,-0.5010893920617342
2014-02-13,61.99999999999761,-0.3860539129631804,-0.3860539129631804
2014-02-14,34.99999999999943,-1.0072455000955407,-1.0072455000955407
2014-02-17,34.99999999999943,-1.0072455000955407,-1.0072455000955407
2014-02-18,53.000000000000114,-0.5931177753405903,-0.5931177753405903
2014-02-19,56.99999999999932,-0.5010893920617342,-0.5010893920617342
2014-02-20,83.00000000000125,0.09709509925099387,0.09709509925099387
2014-02-21,50.0,-0.6621390627997488,-0.6621390627997488
2014-02-24,50.0,-0.6621390627997488,-0.6621390627997488
2014-02-25,62.999999999999545,-0.36304681714341736,-0.36304681714341736
2014-02-26,90.00000000000057,0.25814476998900837,0.25814476998900837
2014-02-27,75.0,-0.0869616673067837,-0.0869616673067837
2014-02-28,101.99999999999818,0.5342299198255767,0.5342299198255767
2014-03-03,58.9999999999975,-0.45507520042233884,-0.45507520042233884
2014-03-04,40.00000000000057,-0.8922100209969216,-0.8922100209969216
2014-03-05,37.000000000000455,-0.9612313084560801,-0.9612313084560801
2014-03-06,22.00000000000273,-1.3063377457518068,-1.3063377457518068
2014-03-07,65.00000000000057,-0.3170326255039566,-0.3170326255039566
2014-03-10,47.99999999999898,-0.7081532544392095,-0.7081532544392095
2014-03-11,61.000000000001364,-0.4090610087828127,-0.4090610087828127
2014-03-12,69.00000000000261,-0.22500424222503515,-0.22500424222503515
2014-03-13,100.0,0.4882157281861813,0.4882157281861813
2014-03-14,60.99999999999852,-0.4090610087828781,-0.4090610087828781
2014-03-17,42.00000000000159,-0.8461958293574608,-0.8461958293574608
2014-03-18,37.999999999999545,-0.9382242126363823,-0.9382242126363823
2014-03-19,96.0000000000008,0.3961873449073252,0.3961873449073252
2014-03-20,55.00000000000114,-0.5471035837011295,-0.5471035837011295
2014-03-21,27.000000000001023,-1.191302266653253,-1.191302266653253
2014-03-24,96.0000000000008,0.3961873449073252,0.3961873449073252
2014-03-25,28.000000000000114,-1.1682951708335554,-1.1682951708335554
2014-03-26,43.99999999999977,-0.8001816377180655,-0.8001816377180655
2014-03-27,45.999999999997954,-0.7541674460786701,-0.7541674460786701
2014-03-28,66.0000000000025,-0.29402552968419354,-0.29402552968419354
2014-03-31,65.99999999999966,-0.29402552968425893,-0.29402552968425893
2014-04-01,28.999999999999204,-1.1452880750138577,-1.1452880750138577
2014-04-02,52.00000000000102,-0.616124871160288,-0.616124871160288
2014-04-03,50.0,-0.6621390627997488,-0.6621390627997488
2014-04-04,107.99999999999841,0.6722724947438935,0.6722724947438935
2014-04-07,44.99999999999886,-0.7771745418983679,-0.7771745418983679
2014-04-08,32.99999999999841,-1.0532596917350014,-1.0532596917350014
2014-04-09,38.999999999998636,-0.9152171168166847,-0.9152171168166847
2014-04-10,54.000000000002046,-0.5701106795208273,-0.5701106795208273
2014-04-11,59.99999999999943,-0.4320681046025758,-0.4320681046025758
2014-04-14,48.00000000000182,-0.7081532544391441,-0.7081532544391441
2014-04-15,80.99999999999739,0.05108090761146774,0.05108090761146774
2014-04-16,25.99999999999909,-1.2143093624730161,-1.2143093624730161
2014-04-17,82.99999999999841,0.09709509925092848,0.09709509925092848
2014-04-22,37.000000000000455,-0.9612313084560801,-0.9612313084560801
2014-04-23,43.00000000000068,-0.8231887335377632,-0.8231887335377632
2014-04-24,61.99999999999761,-0.3860539129631804,-0.3860539129631804
2014-04-25,53.999999999999204,-0.5701106795208927,-0.5701106795208927
2014-04-28,33.00000000000125,-1.0532596917349362,-1.0532596917349362
2014-04-29,50.0,-0.6621390627997488,-0.6621390627997488
2014-04-30,72.99999999999898,-0.13297585894624445,-0.13297585894624445
2014-05-02,85.99999999999852,0.16611638671008688,0.16611638671008688
2014-05-05,29.999999999998295,-1.12228097919416,-1.12228097919416
2014-05-06,37.000000000000455,-0.9612313084560801,-0.9612313084560801
2014-05-07,59.99999999999943,-0.4320681046025758,-0.4320681046025758
2014-05-08,62.000000000000455,-0.38605391296311503,-0.38605391296311503
2014-05-09,31.999999999999318,-1.0762667875546992,-1.0762667875546992
2014-05-12,21.999999999999886,-1.3063377457518721,-1.3063377457518721
2014-05-13,68.00000000000068,-0.24801133804479822,-0.24801133804479822
2014-05-14,71.99999999999989,-0.15598295476594212,-0.15598295476594212
2014-05-15,102.00000000000102,0.534229919825642,0.534229919825642
2014-05-16,50.99999999999909,-0.639131966980051,-0.639131966980051
2014-05-19,51.00000000000193,-0.6391319669799856,-0.6391319669799856
2014-05-20,39.00000000000148,-0.9152171168166193,-0.9152171168166193
2014-05-21,56.99999999999932,-0.5010893920617342,-0.5010893920617342
2014-05-22,57.00000000000216,-0.5010893920616688,-0.5010893920616688
2014-05-23,25.0,-1.2373164582927136,-1.2373164582927136
2014-05-26,36.000000000001364,-0.9842384042757777,-0.9842384042757777
2014-05-27,63.999999999998636,-0.3400397213237197,-0.3400397213237197
2014-05-28,68.00000000000068,-0.24801133804479822,-0.24801133804479822
2014-05-29,46.999999999999886,-0.7311603502589071,-0.7311603502589071
2014-05-30,31.999999999999318,-1.0762667875546992,-1.0762667875546992
2014-06-02,51.99999999999818,-0.6161248711603534,-0.6161248711603534
2014-06-03,77.00000000000102,-0.040947475667322965,-0.040947475667322965
2014-06-04,44.99999999999886,-0.7771745418983679,-0.7771745418983679
2014-06-05,118.00000000000068,0.9023434529411318,0.9023434529411318
2014-06-06,46.000000000000796,-0.7541674460786048,-0.7541674460786048
2014-06-09,42.99999999999784,-0.8231887335378286,-0.8231887335378286
2014-06-10,62.999999999999545,-0.36304681714341736,-0.36304681714341736
2014-06-11,71.99999999999989,-0.15598295476594212,-0.15598295476594212
2014-06-12,72.99999999999898,-0.13297585894624445,-0.13297585894624445
2014-06-13,74.00000000000091,-0.10996876312648138,-0.10996876312648138
2014-06-16,30.000000000001137,-1.1222809791940946,-1.1222809791940946
2014-06-17,69.99999999999886,-0.20199714640540287,-0.20199714640540287
2014-06-18,77.00000000000102,-0.040947475667322965,-0.040947475667322965
2014-06-19,62.000000000000455,-0.38605391296311503,-0.38605391296311503
2014-06-20,42.00000000000159,-0.8461958293574608,-0.8461958293574608
2014-06-23,53.999999999999204,-0.5701106795208927,-0.5701106795208927
2014-06-24,31.000000000000227,-1.099273883374397,-1.099273883374397
2014-06-25,70.99999999999795,-0.1789900505857052,-0.1789900505857052
2014-06-26,45.000000000001705,-0.7771745418983025,-0.7771745418983025
2014-06-27,37.999999999999545,-0.9382242126363823,-0.9382242126363823
2014-06-30,35.99999999999852,-0.9842384042758431,-0.9842384042758431
2014-07-01,34.00000000000034,-1.0302525959152384,-1.0302525959152384
2014-07-02,69.99999999999886,-0.20199714640540287,-0.20199714640540287
2014-07-03,77.00000000000102,-0.040947475667322965,-0.040947475667322965
2014-07-04,48.99999999999807,-0.6851461586195118,-0.6851461586195118
2014-07-07,26.99999999999818,-1.1913022666533184,-1.1913022666533184
2014-07-08,65.99999999999966,-0.29402552968425893,-0.29402552968425893
2014-07-09,31.000000000000227,-1.099273883374397,-1.099273883374397
2014-07-10,59.00000000000034,-0.45507520042227345,-0.45507520042227345
2014-07-11,33.00000000000125,-1.0532596917349362,-1.0532596917349362
2014-07-14,19.999999999998863,-1.3523519373913329,-1.3523519373913329
2014-07-15,46.999999999999886,-0.7311603502589071,-0.7311603502589071
2014-07-16,26.000000000001933,-1.2143093624729506,-1.2143093624729506
2014-07-17,60.99999999999852,-0.4090610087828781,-0.4090610087828781
2014-07-18,37.000000000000455,-0.9612313084560801,-0.9612313084560801
2014-07-21,25.0,-1.2373164582927136,-1.2373164582927136
2014-07-22,42.00000000000159,-0.8461958293574608,-0.8461958293574608
2014-07-23,43.00000000000068,-0.8231887335377632,-0.8231887335377632
2014-07-24,60.99999999999852,-0.4090610087828781,-0.4090610087828781
2014-07-25,59.00000000000034,-0.45507520042227345,-0.45507520042227345
2014-07-28,40.00000000000057,-0.8922100209969216,-0.8922100209969216
2014-07-29,59.99999999999943,-0.4320681046025758,-0.4320681046025758
2014-07-30,96.0000000000008,0.3961873449073252,0.3961873449073252
2014-07-31,62.000000000000455,-0.38605391296311503,-0.38605391296311503
2014-08-01,87.99999999999955,0.21213057834954763,0.21213057834954763
2014-08-04,23.999999999998067,-1.2603235541124769,-1.2603235541124769
2014-08-05,63.999999999998636,-0.3400397213237197,-0.3400397213237197
2014-08-06,80.00000000000114,0.028073811791835452,0.028073811791835452
2014-08-07,62.999999999999545,-0.36304681714341736,-0.36304681714341736
2014-08-08,68.00000000000068,-0.24801133804479822,-0.24801133804479822
2014-08-11,34.99999999999943,-1.0072455000955407,-1.0072455000955407
2014-08-12,28.999999999999204,-1.1452880750138577,-1.1452880750138577
2014-08-13,80.00000000000114,0.028073811791835452,0.028073811791835452
2014-08-14,37.000000000000455,-0.9612313084560801,-0.9612313084560801
2014-08-15,83.9999999999975,0.12010219507062615,0.12010219507062615
2014-08-18,46.000000000000796,-0.7541674460786048,-0.7541674460786048
2014-08-19,43.00000000000068,-0.8231887335377632,-0.8231887335377632
2014-08-20,43.00000000000068,-0.8231887335377632,-0.8231887335377632
2014-08-21,45.000000000001705,-0.7771745418983025,-0.7771745418983025
2014-08-22,52.00000000000102,-0.616124871160288,-0.616124871160288
2014-08-25,68.99999999999977,-0.22500424222510054,-0.22500424222510054
2014-08-26,27.000000000001023,-1.191302266653253,-1.191302266653253
2014-08-27,53.000000000000114,-0.5931177753405903,-0.5931177753405903
2014-08-28,59.00000000000034,-0.45507520042227345,-0.45507520042227345
2014-08-29,45.000000000001705,-0.7771745418983025,-0.7771745418983025
2014-09-01,21.000000000000796,-1.3293448415715698,-1.3293448415715698
2014-09-02,66.99999999999875,-0.27101843386456126,-0.27101843386456126
2014-09-03,55.00000000000114,-0.5471035837011295,-0.5471035837011295
2014-09-04,100.0,0.4882157281861813,0.4882157281861813
2014-09-05,68.00000000000068,-0.24801133804479822,-0.24801133804479822
2014-09-08,32.99999999999841,-1.0532596917350014,-1.0532596917350014
2014-09-09,53.000000000000114,-0.5931177753405903,-0.5931177753405903
2014-09-10,42.99999999999784,-0.8231887335378286,-0.8231887335378286
2014-09-11,43.99999999999977,-0.8001816377180655,-0.8001816377180655
2014-09-12,56.00000000000023,-0.5240964878814319,-0.5240964878814319
2014-09-15,56.99999999999932,-0.5010893920617342,-0.5010893920617342
2014-09-16,52.00000000000102,-0.616124871160288,-0.616124871160288
2014-09-17,56.00000000000023,-0.5240964878814319,-0.5240964878814319
2014-09-18,75.0,-0.0869616673067837,-0.0869616673067837
2014-09-19,108.00000000000125,0.6722724947439589,0.6722724947439589
2014-09-22,40.00000000000057,-0.8922100209969216,-0.8922100209969216
2014-09-23,43.00000000000068,-0.8231887335377632,-0.8231887335377632
2014-09-24,38.999999999998636,-0.9152171168166847,-0.9152171168166847
2014-09-25,57.99999999999841,-0.4780822962420365,-0.4780822962420365
2014-09-26,46.000000000000796,-0.7541674460786048,-0.7541674460786048
2014-09-29,46.999999999999886,-0.7311603502589071,-0.7311603502589071
2014-09-30,50.0,-0.6621390627997488,-0.6621390627997488
2014-10-01,76.99999999999818,-0.04094747566738836,-0.04094747566738836
2014-10-02,50.0,-0.6621390627997488,-0.6621390627997488
2014-10-03,62.000000000000455,-0.38605391296311503,-0.38605391296311503
2014-10-06,29.999999999998295,-1.12228097919416,-1.12228097919416
2014-10-07,51.99999999999818,-0.6161248711603534,-0.6161248711603534
2014-10-08,48.00000000000182,-0.7081532544391441,-0.7081532544391441
2014-10-09,64.00000000000148,-0.3400397213236543,-0.3400397213236543
2014-10-10,56.00000000000023,-0.5240964878814319,-0.5240964878814319
2014-10-13,53.999999999999204,-0.5701106795208927,-0.5701106795208927
2014-10-14,94.99999999999886,0.37318024908756214,0.37318024908756214
2014-10-15,157.00000000000216,1.7996201899101911,1.7996201899101911
2014-10-16,159.99999999999943,1.8686414773692843,1.8686414773692843
2014-10-17,76.99999999999818,-0.04094747566738836,-0.04094747566738836
2014-10-20,48.00000000000182,-0.7081532544391441,-0.7081532544391441
2014-10-21,86.00000000000136,0.16611638671015228,0.16611638671015228
2014-10-22,54.000000000002046,-0.5701106795208273,-0.5701106795208273
2014-10-23,84.99999999999943,0.1431092908903892,0.1431092908903892
2014-10-24,46.999999999999886,-0.7311603502589071,-0.7311603502589071
2014-10-27,65.00000000000057,-0.3170326255039566,-0.3170326255039566
2014-10-28,48.00000000000182,-0.7081532544391441,-0.7081532544391441
2014-10-29,59.99999999999943,-0.4320681046025758,-0.4320681046025758
2014-10-30,87.00000000000045,0.18912348252984995,0.18912348252984995
2014-10-31,59.99999999999943,-0.4320681046025758,-0.4320681046025758
2014-11-03,66.99999999999875,-0.27101843386456126,-0.27101843386456126
2014-11-04,61.99999999999761,-0.3860539129631804,-0.3860539129631804
2014-11-05,24.00000000000091,-1.2603235541124114,-1.2603235541124114
2014-11-06,57.99999999999841,-0.4780822962420365,-0.4780822962420365
2014-11-07,62.000000000000455,-0.38605391296311503,-0.38605391296311503
2014-11-10,50.99999999999909,-0.639131966980051,-0.639131966980051
2014-11-11,37.999999999999545,-0.9382242126363823,-0.9382242126363823
2014-11-12,40.00000000000057,-0.8922100209969216,-0.8922100209969216
2014-11-13,51.00000000000193,-0.6391319669799856,-0.6391319669799856
2014-11-14,31.000000000000227,-1.099273883374397,-1.099273883374397
2014-11-17,57.00000000000216,-0.5010893920616688,-0.5010893920616688
2014-11-18,29.999999999998295,-1.12228097919416,-1.12228097919416
2014-11-19,81.00000000000023,0.051080907611533125,0.051080907611533125
2014-11-20,68.00000000000068,-0.24801133804479822,-0.24801133804479822
2014-11-21,51.00000000000193,-0.6391319669799856,-0.6391319669799856
2014-11-24,25.99999999999909,-1.2143093624730161,-1.2143093624730161
2014-11-25,48.00000000000182,-0.7081532544391441,-0.7081532544391441
2014-11-26,31.999999999999318,-1.0762667875546992,-1.0762667875546992
2014-11-27,49.00000000000091,-0.6851461586194464,-0.6851461586194464
2014-11-28,25.0,-1.2373164582927136,-1.2373164582927136
2014-12-01,84.99999999999943,0.1431092908903892,0.1431092908903892
2014-12-02,38.999999999998636,-0.9152171168166847,-0.9152171168166847
2014-12-03,34.99999999999943,-1.0072455000955407,-1.0072455000955407
2014-12-04,68.00000000000068,-0.24801133804479822,-0.24801133804479822
2014-12-05,61.99999999999761,-0.3860539129631804,-0.3860539129631804
2014-12-08,56.99999999999932,-0.5010893920617342,-0.5010893920617342
2014-12-09,53.000000000000114,-0.5931177753405903,-0.5931177753405903
2014-12-10,40.99999999999966,-0.869202925177224,-0.869202925177224
2014-12-11,37.000000000000455,-0.9612313084560801,-0.9612313084560801
2014-12-12,57.00000000000216,-0.5010893920616688,-0.5010893920616688
2014-12-15,37.999999999999545,-0.9382242126363823,-0.9382242126363823
2014-12-16,90.99999999999966,0.28115186580870605,0.28115186580870605
2014-12-17,53.000000000000114,-0.5931177753405903,-0.5931177753405903
2014-12-18,79.9999999999983,0.02807381179177006,0.02807381179177006
2014-12-19,62.999999999999545,-0.36304681714341736,-0.36304681714341736
2014-12-22,32.99999999999841,-1.0532596917350014,-1.0532596917350014
2014-12-23,39.00000000000148,-0.9152171168166193,-0.9152171168166193
2014-12-29,81.99999999999932,0.0740880034312308,0.0740880034312308
2014-12-30,40.00000000000057,-0.8922100209969216,-0.8922100209969216
2015-01-02,82.99999999999841,0.09709509925092848,0.09709509925092848
2015-01-05,38.00000000000239,-0.938224212636317,-0.938224212636317
2015-01-06,90.99999999999966,0.28115186580870605,0.28115186580870605
2015-01-07,75.0,-0.0869616673067837,-0.0869616673067837
2015-01-08,47.99999999999898,-0.7081532544392095,-0.7081532544392095
2015-01-12,59.99999999999943,-0.4320681046025758,-0.4320681046025758
2015-01-13,47.99999999999898,-0.7081532544392095,-0.7081532544392095
2015-01-14,56.99999999999932,-0.5010893920617342,-0.5010893920617342
2015-01-19,47.99999999999898,-0.7081532544392095,-0.7081532544392095
2015-01-20,31.999999999999318,-1.0762667875546992,-1.0762667875546992
2015-01-21,114.99999999999773,0.833322165481908,0.833322165481908
2015-01-22,208.00000000000125,2.972982076715819,2.972982076715819
2015-01-23,125.0,1.0633931236791463,1.0633931236791463
2015-01-26,92.00000000000159,0.3041589616284691,0.3041589616284691
2015-01-27,32.99999999999841,-1.0532596917350014,-1.0532596917350014
2015-01-28,135.99999999999852,1.316471177696017,1.316471177696017
2015-01-29,64.00000000000148,-0.3400397213236543,-0.3400397213236543
2015-02-03,71.0000000000008,-0.1789900505856398,-0.1789900505856398
2015-02-04,51.99999999999818,-0.6161248711603534,-0.6161248711603534
2015-02-05,86.00000000000136,0.16611638671015228,0.16611638671015228
2015-02-09,66.0000000000025,-0.29402552968419354,-0.29402552968419354
2015-02-10,62.000000000000455,-0.38605391296311503,-0.38605391296311503
2015-02-11,35.99999999999852,-0.9842384042758431,-0.9842384042758431
2015-02-12,79.00000000000205,0.005066715972137775,0.005066715972137775
2015-02-13,40.99999999999966,-0.869202925177224,-0.869202925177224
2015-02-16,59.99999999999943,-0.4320681046025758,-0.4320681046025758
2015-02-17,107.00000000000216,0.6492653989242612,0.6492653989242612
2015-02-19,54.999999999998295,-0.5471035837011949,-0.5471035837011949
2015-02-20,100.0,0.4882157281861813,0.4882157281861813
2015-02-23,53.999999999999204,-0.5701106795208927,-0.5701106795208927
2015-02-24,43.99999999999977,-0.8001816377180655,-0.8001816377180655
2015-02-25,68.00000000000068,-0.24801133804479822,-0.24801133804479822
2015-03-03,51.99999999999818,-0.6161248711603534,-0.6161248711603534
2015-03-04,43.99999999999977,-0.8001816377180655,-0.8001816377180655
2015-03-05,149.0000000000009,1.6155634233524137,1.6155634233524137
2015-03-09,117.00000000000159,0.8793363571214341,0.8793363571214341
2015-03-10,123.00000000000182,1.017378932039751,1.017378932039751
2015-03-11,65.00000000000057,-0.3170326255039566,-0.3170326255039566
2015-03-12,93.00000000000068,0.3271660574481668,0.3271660574481668
2015-03-16,59.99999999999943,-0.4320681046025758,-0.4320681046025758
2015-03-17,33.00000000000125,-1.0532596917349362,-1.0532596917349362
2015-03-18,150.9999999999991,1.661577614991809,1.661577614991809
2015-03-19,55.00000000000114,-0.5471035837011295,-0.5471035837011295
2015-03-20,38.999999999998636,-0.9152171168166847,-0.9152171168166847
2015-03-23,70.99999999999795,-0.1789900505857052,-0.1789900505857052
2015-03-25,43.00000000000068,-0.8231887335377632,-0.8231887335377632
2015-03-26,39.00000000000148,-0.9152171168166193,-0.9152171168166193
2015-03-31,53.000000000000114,-0.5931177753405903,-0.5931177753405903
2015-04-01,65.00000000000057,-0.3170326255039566,-0.3170326255039566
2015-04-02,44.99999999999886,-0.7771745418983679,-0.7771745418983679
2015-04-07,27.000000000001023,-1.191302266653253,-1.191302266653253
2015-04-08,25.99999999999909,-1.2143093624730161,-1.2143093624730161
2015-04-09,43.99999999999977,-0.8001816377180655,-0.8001816377180655
2015-04-10,36.000000000001364,-0.9842384042757777,-0.9842384042757777
2015-04-13,37.000000000000455,-0.9612313084560801,-0.9612313084560801
2015-04-16,50.0,-0.6621390627997488,-0.6621390627997488
2015-04-20,26.99999999999818,-1.1913022666533184,-1.1913022666533184
2015-04-21,62.000000000000455,-0.38605391296311503,-0.38605391296311503
2015-04-22,106.99999999999932,0.6492653989241958,0.6492653989241958
2015-04-23,56.00000000000023,-0.5240964878814319,-0.5240964878814319
2015-04-24,44.99999999999886,-0.7771745418983679,-0.7771745418983679
2015-04-27,52.00000000000102,-0.616124871160288,-0.616124871160288
2015-04-28,41.99999999999875,-0.8461958293575262,-0.8461958293575262
2015-05-04,128.9999999999992,1.1554215069580025,1.1554215069580025
2015-05-05,162.00000000000045,1.914655669008745,1.914655669008745
2015-05-06,127.00000000000102,1.109407315318607,1.109407315318607
2015-05-07,300.0,5.089634892129902,5.089634892129902
2015-05-11,164.00000000000148,1.9606698606482058,1.9606698606482058
2015-05-12,123.99999999999807,1.0403860278593833,1.0403860278593833
2015-05-13,218.99999999999977,3.2260601307326895,3.2260601307326895
2015-05-15,89.00000000000148,0.2351376741693107,0.2351376741693107
2015-05-18,59.99999999999943,-0.4320681046025758,-0.4320681046025758
2015-05-19,129.00000000000205,1.1554215069580678,1.1554215069580678
2015-05-20,90.99999999999966,0.28115186580870605,0.28115186580870605
2015-05-27,78.9999999999992,0.0050667159720723855,0.0050667159720723855
2015-05-28,45.000000000001705,-0.7771745418983025,-0.7771745418983025
2015-06-02,224.0000000000009,3.3410956098313087,3.3410956098313087
2015-06-03,257.9999999999984,4.123336867701684,4.123336867701684
2015-06-04,230.00000000000114,3.4791381847496257,3.4791381847496257
2015-06-08,93.00000000000068,0.3271660574481668,0.3271660574481668
2015-06-09,149.0000000000009,1.6155634233524137,1.6155634233524137
2015-06-10,140.99999999999966,1.4315066567946362,1.4315066567946362
2015-06-11,209.99999999999943,3.018996268355214,3.018996268355214
2015-06-15,83.00000000000125,0.09709509925099387,0.09709509925099387
2015-06-16,93.00000000000068,0.3271660574481668,0.3271660574481668
2015-06-17,68.00000000000068,-0.24801133804479822,-0.24801133804479822
2015-06-19,84.00000000000034,0.12010219507069154,0.12010219507069154
2015-06-22,150.0,1.6385705191721114,1.6385705191721114
2015-06-23,82.99999999999841,0.09709509925092848,0.09709509925092848
2015-06-26,123.99999999999807,1.0403860278593833,1.0403860278593833
2015-06-29,178.0000000000001,2.2827692021242347,2.2827692021242347
2015-06-30,108.00000000000125,0.6722724947439589,0.6722724947439589
2015-07-01,112.00000000000045,0.764300878022815,0.764300878022815
2015-07-03,100.99999999999909,0.5112228240058789,0.5112228240058789
2015-07-06,131.99999999999932,1.2244427944171608,1.2244427944171608
2015-07-07,178.0000000000001,2.2827692021242347,2.2827692021242347
2015-07-08,114.00000000000148,0.8103150696622757,0.8103150696622757
2015-07-09,111.00000000000136,0.7412937822031173,0.7412937822031173
2015-07-10,175.0,2.2137479146650763,2.2137479146650763
2015-07-13,184.99999999999943,2.4438188728622494,2.4438188728622494
2015-07-14,81.00000000000023,0.051080907611533125,0.051080907611533125
2015-07-16,92.99999999999784,0.3271660574481014,0.3271660574481014
2015-07-20,91.0000000000025,0.28115186580877144,0.28115186580877144
2015-07-21,81.99999999999932,0.0740880034312308,0.0740880034312308
2015-07-22,63.00000000000239,-0.36304681714335196,-0.36304681714335196
2015-07-23,43.99999999999977,-0.8001816377180655,-0.8001816377180655
2015-07-24,59.00000000000034,-0.45507520042227345,-0.45507520042227345
2015-07-27,52.00000000000102,-0.616124871160288,-0.616124871160288
2015-07-28,65.00000000000057,-0.3170326255039566,-0.3170326255039566
2015-07-29,56.99999999999932,-0.5010893920617342,-0.5010893920617342
2015-07-31,82.00000000000216,0.07408800343129619,0.07408800343129619
2015-08-04,93.00000000000068,0.3271660574481668,0.3271660574481668
2015-08-05,146.0000000000008,1.5465421358932552,1.5465421358932552
2015-08-06,72.99999999999898,-0.13297585894624445,-0.13297585894624445
2015-08-10,58.9999999999975,-0.45507520042233884,-0.45507520042233884
2015-08-11,85.00000000000227,0.1431092908904546,0.1431092908904546
2015-08-12,66.99999999999875,-0.27101843386456126,-0.27101843386456126
2015-08-13,59.00000000000034,-0.45507520042227345,-0.45507520042227345
2015-08-17,56.99999999999932,-0.5010893920617342,-0.5010893920617342
2015-08-18,71.0000000000008,-0.1789900505856398,-0.1789900505856398
2015-08-20,50.99999999999909,-0.639131966980051,-0.639131966980051
2015-08-21,54.999999999998295,-0.5471035837011949,-0.5471035837011949
2015-08-24,132.00000000000216,1.2244427944172263,1.2244427944172263
2015-08-25,206.99999999999932,2.949974980896056,2.949974980896056
2015-08-26,100.0,0.4882157281861813,0.4882157281861813
2015-08-31,134.00000000000034,1.2704569860566215,1.2704569860566215
2015-09-01,72.99999999999898,-0.13297585894624445,-0.13297585894624445
2015-09-02,61.000000000001364,-0.4090610087828127,-0.4090610087828127
2015-09-03,103.00000000000011,0.5572370156453397,0.5572370156453397
2015-09-07,46.999999999999886,-0.7311603502589071,-0.7311603502589071
2015-09-08,35.000000000002274,-1.0072455000954754,-1.0072455000954754
2015-09-09,63.999999999998636,-0.3400397213237197,-0.3400397213237197
2015-09-10,53.000000000000114,-0.5931177753405903,-0.5931177753405903
2015-09-14,50.99999999999909,-0.639131966980051,-0.639131966980051
2015-09-15,156.99999999999932,1.7996201899101258,1.7996201899101258
2015-09-17,110.99999999999852,0.7412937822030519,0.7412937822030519
2015-09-18,78.9999999999992,0.0050667159720723855,0.0050667159720723855
2015-09-21,56.99999999999932,-0.5010893920617342,-0.5010893920617342
2015-09-23,54.999999999998295,-0.5471035837011949,-0.5471035837011949
2015-09-24,69.99999999999886,-0.20199714640540287,-0.20199714640540287
2015-09-29,66.99999999999875,-0.27101843386456126,-0.27101843386456126
2015-10-01,102.00000000000102,0.534229919825642,0.534229919825642
2015-10-05,78.9999999999992,0.0050667159720723855,0.0050667159720723855
2015-10-06,77.00000000000102,-0.040947475667322965,-0.040947475667322965
2015-10-07,56.99999999999932,-0.5010893920617342,-0.5010893920617342
2015-10-08,75.99999999999909,-0.06395457148708603,-0.06395457148708603
2015-10-09,50.0,-0.6621390627997488,-0.6621390627997488
2015-10-12,63.999999999998636,-0.3400397213237197,-0.3400397213237197
2015-10-13,61.000000000001364,-0.4090610087828127,-0.4090610087828127
2015-10-16,42.00000000000159,-0.8461958293574608,-0.8461958293574608
2015-10-19,46.999999999999886,-0.7311603502589071,-0.7311603502589071
2015-10-20,116.99999999999875,0.8793363571213687,0.8793363571213687
2015-10-21,96.99999999999989,0.4191944407270229,0.4191944407270229
2015-10-22,130.00000000000114,1.1784286027777655,1.1784286027777655
2015-10-23,57.99999999999841,-0.4780822962420365,-0.4780822962420365
2015-10-26,32.99999999999841,-1.0532596917350014,-1.0532596917350014
2015-10-27,78.00000000000011,-0.01794037984762529,-0.01794037984762529
2015-10-28,68.00000000000068,-0.24801133804479822,-0.24801133804479822
2015-11-02,93.99999999999977,0.35017315326786447,0.35017315326786447
2015-11-03,63.999999999998636,-0.3400397213237197,-0.3400397213237197
2015-11-05,50.99999999999909,-0.639131966980051,-0.639131966980051
2015-11-09,87.00000000000045,0.18912348252984995,0.18912348252984995
2015-11-10,75.0,-0.0869616673067837,-0.0869616673067837
2015-11-11,68.00000000000068,-0.24801133804479822,-0.24801133804479822
2015-11-12,44.000000000002615,-0.8001816377180001,-0.8001816377180001
2015-11-16,60.99999999999852,-0.4090610087828781,-0.4090610087828781
2015-11-18,50.99999999999909,-0.639131966980051,-0.639131966980051
2015-11-19,46.000000000000796,-0.7541674460786048,-0.7541674460786048
2015-11-20,40.99999999999966,-0.869202925177224,-0.869202925177224
2015-11-23,82.99999999999841,0.09709509925092848,0.09709509925092848
2015-11-26,31.999999999999318,-1.0762667875546992,-1.0762667875546992
2015-11-27,47.99999999999898,-0.7081532544392095,-0.7081532544392095
2015-11-30,37.999999999999545,-0.9382242126363823,-0.9382242126363823
2015-12-01,89.00000000000148,0.2351376741693107,0.2351376741693107
2015-12-02,50.99999999999909,-0.639131966980051,-0.639131966980051
2015-12-03,346.0000000000008,6.147961299836975,6.147961299836975
2015-12-07,142.0000000000016,1.4545137526143992,1.4545137526143992
2015-12-08,56.00000000000023,-0.5240964878814319,-0.5240964878814319
2015-12-09,70.0000000000017,-0.20199714640533747,-0.20199714640533747
2015-12-10,60.99999999999852,-0.4090610087828781,-0.4090610087828781
2015-12-14,70.0000000000017,-0.20199714640533747,-0.20199714640533747
2015-12-16,116.99999999999875,0.8793363571213687,0.8793363571213687
2015-12-17,99.00000000000091,0.46520863236648363,0.46520863236648363
2015-12-18,69.99999999999886,-0.20199714640540287,-0.20199714640540287
2015-12-21,71.0000000000008,-0.1789900505856398,-0.1789900505856398
2015-12-28,112.00000000000045,0.764300878022815,0.764300878022815
2015-12-29,135.99999999999852,1.316471177696017,1.316471177696017
2015-12-30,56.99999999999932,-0.5010893920617342,-0.5010893920617342
2016-01-04,61.99999999999761,-0.3860539129631804,-0.3860539129631804
2016-01-05,80.00000000000114,0.028073811791835452,0.028073811791835452
2016-01-06,75.0,-0.0869616673067837,-0.0869616673067837
2016-01-07,115.00000000000057,0.8333221654819734,0.8333221654819734
2016-01-11,65.00000000000057,-0.3170326255039566,-0.3170326255039566
2016-01-12,96.99999999999989,0.4191944407270229,0.4191944407270229
2016-01-13,100.0,0.4882157281861813,0.4882157281861813
2016-01-14,80.00000000000114,0.028073811791835452,0.028073811791835452
2016-01-18,45.999999999997954,-0.7541674460786701,-0.7541674460786701
2016-01-19,50.99999999999909,-0.639131966980051,-0.639131966980051
2016-01-21,112.99999999999955,0.7873079738425126,0.7873079738425126
2016-01-22,59.00000000000034,-0.45507520042227345,-0.45507520042227345
2016-01-25,42.00000000000159,-0.8461958293574608,-0.8461958293574608
2016-01-26,47.99999999999898,-0.7081532544392095,-0.7081532544392095
2016-01-27,63.999999999998636,-0.3400397213237197,-0.3400397213237197
2016-01-28,80.00000000000114,0.028073811791835452,0.028073811791835452
2016-02-02,59.99999999999943,-0.4320681046025758,-0.4320681046025758
2016-02-03,93.99999999999977,0.35017315326786447,0.35017315326786447
2016-02-04,62.000000000000455,-0.38605391296311503,-0.38605391296311503
2016-02-08,134.00000000000034,1.2704569860566215,1.2704569860566215
2016-02-09,112.99999999999955,0.7873079738425126,0.7873079738425126
2016-02-10,64.00000000000148,-0.3400397213236543,-0.3400397213236543
2016-02-11,129.9999999999983,1.1784286027777,1.1784286027777
2016-02-12,106.99999999999932,0.6492653989241958,0.6492653989241958
2016-02-15,107.00000000000216,0.6492653989242612,0.6492653989242612
2016-02-18,95.99999999999795,0.3961873449072598,0.3961873449072598
2016-02-22,66.99999999999875,-0.27101843386456126,-0.27101843386456126
2016-02-23,81.00000000000023,0.051080907611533125,0.051080907611533125
2016-02-25,65.99999999999966,-0.29402552968425893,-0.29402552968425893
2016-02-29,68.99999999999977,-0.22500424222510054,-0.22500424222510054
2016-03-01,78.9999999999992,0.0050667159720723855,0.0050667159720723855
2016-03-02,79.00000000000205,0.005066715972137775,0.005066715972137775
2016-03-03,112.00000000000045,0.764300878022815,0.764300878022815
2016-03-07,43.99999999999977,-0.8001816377180655,-0.8001816377180655
2016-03-08,72.99999999999898,-0.13297585894624445,-0.13297585894624445
2016-03-09,87.99999999999955,0.21213057834954763,0.21213057834954763
2016-03-10,259.00000000000034,4.1463439635214465,4.1463439635214465
2016-03-11,93.00000000000068,0.3271660574481668,0.3271660574481668
2016-03-14,96.0000000000008,0.3961873449073252,0.3961873449073252
2016-03-17,59.00000000000034,-0.45507520042227345,-0.45507520042227345
2016-03-18,47.99999999999898,-0.7081532544392095,-0.7081532544392095
2016-03-21,81.00000000000023,0.051080907611533125,0.051080907611533125
2016-03-22,75.0,-0.0869616673067837,-0.0869616673067837
2016-03-23,71.0000000000008,-0.1789900505856398,-0.1789900505856398
2016-03-24,51.00000000000193,-0.6391319669799856,-0.6391319669799856
2016-03-29,76.00000000000193,-0.06395457148702065,-0.06395457148702065
2016-03-30,71.0000000000008,-0.1789900505856398,-0.1789900505856398
2016-03-31,60.99999999999852,-0.4090610087828781,-0.4090610087828781
2016-04-04,50.0,-0.6621390627997488,-0.6621390627997488
2016-04-05,56.00000000000023,-0.5240964878814319,-0.5240964878814319
2016-04-08,33.9999999999975,-1.030252595915304,-1.030252595915304
2016-04-11,85.99999999999852,0.16611638671008688,0.16611638671008688
2016-04-12,78.00000000000011,-0.01794037984762529,-0.01794037984762529
2016-04-15,72.99999999999898,-0.13297585894624445,-0.13297585894624445
2016-04-18,80.99999999999739,0.05108090761146774,0.05108090761146774
2016-04-19,50.99999999999909,-0.639131966980051,-0.639131966980051
2016-04-20,55.00000000000114,-0.5471035837011295,-0.5471035837011295
2016-04-21,100.99999999999909,0.5112228240058789,0.5112228240058789
2016-04-22,34.00000000000034,-1.0302525959152384,-1.0302525959152384
2016-04-25,90.00000000000057,0.25814476998900837,0.25814476998900837
2016-04-26,84.99999999999943,0.1431092908903892,0.1431092908903892
2016-04-27,62.000000000000455,-0.38605391296311503,-0.38605391296311503
2016-05-02,56.00000000000023,-0.5240964878814319,-0.5240964878814319
2016-05-03,121.99999999999989,0.9943718362199879,0.9943718362199879
2016-05-04,42.00000000000159,-0.8461958293574608,-0.8461958293574608
2016-05-05,113.00000000000239,0.787307973842578,0.787307973842578
2016-05-09,63.999999999998636,-0.3400397213237197,-0.3400397213237197
2016-05-10,50.0,-0.6621390627997488,-0.6621390627997488
2016-05-11,37.999999999999545,-0.9382242126363823,-0.9382242126363823
2016-05-12,87.00000000000045,0.18912348252984995,0.18912348252984995
2016-05-16,53.000000000000114,-0.5931177753405903,-0.5931177753405903
2016-05-18,80.00000000000114,0.028073811791835452,0.028073811791835452
2016-05-19,65.00000000000057,-0.3170326255039566,-0.3170326255039566
2016-05-20,41.99999999999875,-0.8461958293575262,-0.8461958293575262
2016-05-23,72.99999999999898,-0.13297585894624445,-0.13297585894624445
2016-05-24,36.000000000001364,-0.9842384042757777,-0.9842384042757777
2016-05-25,81.99999999999932,0.0740880034312308,0.0740880034312308
2016-05-26,62.000000000000455,-0.38605391296311503,-0.38605391296311503
2016-05-30,46.000000000000796,-0.7541674460786048,-0.7541674460786048
2016-06-01,36.99999999999761,-0.9612313084561455,-0.9612313084561455
2016-06-02,71.99999999999989,-0.15598295476594212,-0.15598295476594212
2016-06-06,30.999999999997385,-1.0992738833744622,-1.0992738833744622
2016-06-07,65.00000000000057,-0.3170326255039566,-0.3170326255039566
2016-06-08,35.99999999999852,-0.9842384042758431,-0.9842384042758431
2016-06-09,37.999999999999545,-0.9382242126363823,-0.9382242126363823
2016-06-10,42.99999999999784,-0.8231887335378286,-0.8231887335378286
2016-06-13,34.99999999999943,-1.0072455000955407,-1.0072455000955407
2016-06-14,89.00000000000148,0.2351376741693107,0.2351376741693107
2016-06-17,59.00000000000034,-0.45507520042227345,-0.45507520042227345
2016-06-20,56.99999999999932,-0.5010893920617342,-0.5010893920617342
2016-06-21,50.99999999999909,-0.639131966980051,-0.639131966980051
2016-06-22,50.0,-0.6621390627997488,-0.6621390627997488
2016-06-23,109.99999999999943,0.7182866863833542,0.7182866863833542
2016-06-24,327.000000000001,5.710826479262328,5.710826479262328
2016-06-27,89.99999999999773,0.258144769988943,0.258144769988943
2016-06-30,182.00000000000216,2.374797585403156,2.374797585403156
2016-07-01,121.99999999999989,0.9943718362199879,0.9943718362199879
2016-07-04,53.000000000000114,-0.5931177753405903,-0.5931177753405903
2016-07-05,76.00000000000193,-0.06395457148702065,-0.06395457148702065
2016-07-06,54.999999999998295,-0.5471035837011949,-0.5471035837011949
2016-07-07,53.999999999999204,-0.5701106795208927,-0.5701106795208927
2016-07-11,62.000000000000455,-0.38605391296311503,-0.38605391296311503
2016-07-12,115.00000000000057,0.8333221654819734,0.8333221654819734
2016-07-13,75.0,-0.0869616673067837,-0.0869616673067837
2016-07-18,50.0,-0.6621390627997488,-0.6621390627997488
2016-07-19,53.999999999999204,-0.5701106795208927,-0.5701106795208927
2016-07-20,59.00000000000034,-0.45507520042227345,-0.45507520042227345
2016-07-21,81.99999999999932,0.0740880034312308,0.0740880034312308
2016-07-22,67.00000000000159,-0.27101843386449587,-0.27101843386449587
2016-07-25,64.00000000000148,-0.3400397213236543,-0.3400397213236543
2016-07-26,61.000000000001364,-0.4090610087828127,-0.4090610087828127
2016-07-27,125.0,1.0633931236791463,1.0633931236791463
2016-07-28,50.0,-0.6621390627997488,-0.6621390627997488
2016-08-01,47.99999999999898,-0.7081532544392095,-0.7081532544392095
2016-08-03,50.0,-0.6621390627997488,-0.6621390627997488
2016-08-04,112.99999999999955,0.7873079738425126,0.7873079738425126
2016-08-08,48.00000000000182,-0.7081532544391441,-0.7081532544391441
2016-08-09,65.99999999999966,-0.29402552968425893,-0.29402552968425893
2016-08-10,50.99999999999909,-0.639131966980051,-0.639131966980051
2016-08-11,71.0000000000008,-0.1789900505856398,-0.1789900505856398
2016-08-15,69.00000000000261,-0.22500424222503515,-0.22500424222503515
2016-08-17,65.99999999999966,-0.29402552968425893,-0.29402552968425893
2016-08-18,52.00000000000102,-0.616124871160288,-0.616124871160288
2016-08-19,83.00000000000125,0.09709509925099387,0.09709509925099387
2016-08-22,80.00000000000114,0.028073811791835452,0.028073811791835452
2016-08-23,46.999999999999886,-0.7311603502589071,-0.7311603502589071
2016-08-24,28.999999999999204,-1.1452880750138577,-1.1452880750138577
2016-08-25,51.99999999999818,-0.6161248711603534,-0.6161248711603534
2016-08-30,49.00000000000091,-0.6851461586194464,-0.6851461586194464
2016-08-31,50.99999999999909,-0.639131966980051,-0.639131966980051
2016-09-01,53.000000000000114,-0.5931177753405903,-0.5931177753405903
2016-09-05,31.000000000000227,-1.099273883374397,-1.099273883374397
2016-09-07,35.99999999999852,-0.9842384042758431,-0.9842384042758431
2016-09-08,25.0,-1.2373164582927136,-1.2373164582927136
2016-09-09,109.00000000000034,0.6952795905636565,0.6952795905636565
2016-09-12,65.00000000000057,-0.3170326255039566,-0.3170326255039566
2016-09-13,137.00000000000045,1.33947827351578,1.33947827351578
2016-09-14,90.99999999999966,0.28115186580870605,0.28115186580870605
2016-09-19,48.00000000000182,-0.7081532544391441,-0.7081532544391441
2016-09-20,63.999999999998636,-0.3400397213237197,-0.3400397213237197
2016-09-21,56.99999999999932,-0.5010893920617342,-0.5010893920617342
2016-09-22,100.0,0.4882157281861813,0.4882157281861813
2016-09-23,30.000000000001137,-1.1222809791940946,-1.1222809791940946
2016-09-26,66.99999999999875,-0.27101843386456126,-0.27101843386456126
2016-09-27,81.00000000000023,0.051080907611533125,0.051080907611533125
2016-09-28,43.99999999999977,-0.8001816377180655,-0.8001816377180655
2016-10-03,54.999999999998295,-0.5471035837011949,-0.5471035837011949
2016-10-05,89.00000000000148,0.2351376741693107,0.2351376741693107
2016-10-06,83.00000000000125,0.09709509925099387,0.09709509925099387
2016-10-10,87.00000000000045,0.18912348252984995,0.18912348252984995
2016-10-11,51.99999999999818,-0.6161248711603534,-0.6161248711603534
2016-10-12,66.99999999999875,-0.27101843386456126,-0.27101843386456126
2016-10-13,49.00000000000091,-0.6851461586194464,-0.6851461586194464
2016-10-17,75.99999999999909,-0.06395457148708603,-0.06395457148708603
2016-10-20,109.00000000000034,0.6952795905636565,0.6952795905636565
2016-10-21,30.000000000001137,-1.1222809791940946,-1.1222809791940946
2016-10-24,67.99999999999784,-0.2480113380448636,-0.2480113380448636
2016-10-25,44.99999999999886,-0.7771745418983679,-0.7771745418983679
2016-10-26,117.00000000000159,0.8793363571214341,0.8793363571214341
2016-10-27,146.9999999999999,1.569549231712953,1.569549231712953
2016-11-01,83.00000000000125,0.09709509925099387,0.09709509925099387
2016-11-02,59.99999999999943,-0.4320681046025758,-0.4320681046025758
2016-11-03,76.99999999999818,-0.04094747566738836,-0.04094747566738836
2016-11-07,43.00000000000068,-0.8231887335377632,-0.8231887335377632
2016-11-08,75.99999999999909,-0.06395457148708603,-0.06395457148708603
2016-11-09,230.00000000000114,3.4791381847496257,3.4791381847496257
2016-11-10,145.99999999999795,1.54654213589319,1.54654213589319
2016-11-11,84.99999999999943,0.1431092908903892,0.1431092908903892
2016-11-14,124.00000000000091,1.0403860278594486,1.0403860278594486
2016-11-15,47.99999999999898,-0.7081532544392095,-0.7081532544392095
2016-11-18,111.00000000000136,0.7412937822031173,0.7412937822031173
2016-11-21,46.999999999999886,-0.7311603502589071,-0.7311603502589071
2016-11-22,88.00000000000239,0.21213057834961302,0.21213057834961302
2016-11-23,140.99999999999966,1.4315066567946362,1.4315066567946362
2016-11-24,52.00000000000102,-0.616124871160288,-0.616124871160288
2016-11-25,56.00000000000023,-0.5240964878814319,-0.5240964878814319
2016-11-28,60.000000000002274,-0.4320681046025104,-0.4320681046025104
2016-12-01,143.00000000000068,1.4775208484340967,1.4775208484340967
2016-12-05,158.9999999999975,1.845634381549521,1.845634381549521
2016-12-06,90.99999999999966,0.28115186580870605,0.28115186580870605
2016-12-07,81.00000000000023,0.051080907611533125,0.051080907611533125
2016-12-08,47.99999999999898,-0.7081532544392095,-0.7081532544392095
2016-12-09,128.9999999999992,1.1554215069580025,1.1554215069580025
2016-12-12,59.99999999999943,-0.4320681046025758,-0.4320681046025758
2016-12-13,86.99999999999761,0.18912348252978456,0.18912348252978456
2016-12-16,76.00000000000193,-0.06395457148702065,-0.06395457148702065
2016-12-19,148.00000000000182,1.592556327532716,1.592556327532716
2016-12-20,44.99999999999886,-0.7771745418983679,-0.7771745418983679
2016-12-21,35.000000000002274,-1.0072455000954754,-1.0072455000954754
2016-12-23,62.000000000000455,-0.38605391296311503,-0.38605391296311503
2016-12-27,62.999999999999545,-0.36304681714341736,-0.36304681714341736
2016-12-28,44.000000000002615,-0.8001816377180001,-0.8001816377180001
2016-12-29,37.999999999999545,-0.9382242126363823,-0.9382242126363823
2016-12-30,46.999999999999886,-0.7311603502589071,-0.7311603502589071
2017-01-02,87.00000000000045,0.18912348252984995,0.18912348252984995
2017-01-03,153.0000000000001,1.7075918066312696,1.7075918066312696
2017-01-04,52.00000000000102,-0.616124871160288,-0.616124871160288
2017-01-05,93.00000000000068,0.3271660574481668,0.3271660574481668
2017-01-09,86.00000000000136,0.16611638671015228,0.16611638671015228
2017-01-10,44.000000000002615,-0.8001816377180001,-0.8001816377180001
2017-01-11,93.99999999999977,0.35017315326786447,0.35017315326786447
2017-01-16,53.000000000000114,-0.5931177753405903,-0.5931177753405903
2017-01-17,73.99999999999807,-0.10996876312654677,-0.10996876312654677
2017-01-19,53.000000000000114,-0.5931177753405903,-0.5931177753405903
2017-01-20,108.00000000000125,0.6722724947439589,0.6722724947439589
2017-01-23,93.00000000000068,0.3271660574481668,0.3271660574481668
2017-01-24,75.0,-0.0869616673067837,-0.0869616673067837
2017-01-25,96.99999999999989,0.4191944407270229,0.4191944407270229
2017-01-26,56.99999999999932,-0.5010893920617342,-0.5010893920617342
2017-01-31,79.9999999999983,0.02807381179177006,0.02807381179177006
2017-02-01,51.00000000000193,-0.6391319669799856,-0.6391319669799856
2017-02-02,93.00000000000068,0.3271660574481668,0.3271660574481668
2017-02-06,103.9999999999992,0.5802441114650374,0.5802441114650374
2017-02-07,77.00000000000102,-0.040947475667322965,-0.040947475667322965
2017-02-08,96.99999999999989,0.4191944407270229,0.4191944407270229
2017-02-09,49.00000000000091,-0.6851461586194464,-0.6851461586194464
2017-02-10,40.99999999999966,-0.869202925177224,-0.869202925177224
2017-02-13,34.99999999999943,-1.0072455000955407,-1.0072455000955407
2017-02-16,56.00000000000023,-0.5240964878814319,-0.5240964878814319
2017-02-17,101.99999999999818,0.5342299198255767,0.5342299198255767
2017-02-20,50.0,-0.6621390627997488,-0.6621390627997488
2017-02-21,54.999999999998295,-0.5471035837011949,-0.5471035837011949
2017-02-22,121.99999999999989,0.9943718362199879,0.9943718362199879
2017-02-23,96.0000000000008,0.3961873449073252,0.3961873449073252
2017-02-24,80.00000000000114,0.028073811791835452,0.028073811791835452
2017-02-27,41.99999999999875,-0.8461958293575262,-0.8461958293575262
2017-03-03,96.0000000000008,0.3961873449073252,0.3961873449073252
2017-03-06,48.99999999999807,-0.6851461586195118,-0.6851461586195118
2017-03-07,68.99999999999977,-0.22500424222510054,-0.22500424222510054
2017-03-08,68.00000000000068,-0.24801133804479822,-0.24801133804479822
2017-03-09,109.00000000000034,0.6952795905636565,0.6952795905636565
2017-03-13,74.00000000000091,-0.10996876312648138,-0.10996876312648138
2017-03-16,121.99999999999989,0.9943718362199879,0.9943718362199879
2017-03-17,79.9999999999983,0.02807381179177006,0.02807381179177006
2017-03-20,58.00000000000125,-0.4780822962419711,-0.4780822962419711
2017-03-21,71.99999999999989,-0.15598295476594212,-0.15598295476594212
2017-03-22,68.00000000000068,-0.24801133804479822,-0.24801133804479822
2017-03-23,59.00000000000034,-0.45507520042227345,-0.45507520042227345
2017-03-24,62.000000000000455,-0.38605391296311503,-0.38605391296311503
2017-03-27,77.00000000000102,-0.040947475667322965,-0.040947475667322965
2017-03-28,57.00000000000216,-0.5010893920616688,-0.5010893920616688
2017-03-29,106.00000000000023,0.6262583031044981,0.6262583031044981
2017-04-03,84.00000000000034,0.12010219507069154,0.12010219507069154
2017-04-04,55.00000000000114,-0.5471035837011295,-0.5471035837011295
2017-04-05,66.99999999999875,-0.27101843386456126,-0.27101843386456126
2017-04-06,41.99999999999875,-0.8461958293575262,-0.8461958293575262
2017-04-10,71.0000000000008,-0.1789900505856398,-0.1789900505856398
2017-04-11,51.99999999999818,-0.6161248711603534,-0.6161248711603534
2017-04-12,52.00000000000102,-0.616124871160288,-0.616124871160288
2017-04-18,65.00000000000057,-0.3170326255039566,-0.3170326255039566
2017-04-19,64.00000000000148,-0.3400397213236543,-0.3400397213236543
2017-04-20,91.99999999999875,0.3041589616284037,0.3041589616284037
2017-04-21,44.99999999999886,-0.7771745418983679,-0.7771745418983679
2017-04-24,69.99999999999886,-0.20199714640540287,-0.20199714640540287
2017-04-25,81.99999999999932,0.0740880034312308,0.0740880034312308
2017-04-26,72.00000000000273,-0.15598295476587673,-0.15598295476587673
2017-04-27,112.99999999999955,0.7873079738425126,0.7873079738425126
2017-05-02,36.000000000001364,-0.9842384042757777,-0.9842384042757777
2017-05-03,40.99999999999966,-0.869202925177224,-0.869202925177224
2017-05-04,78.9999999999992,0.0050667159720723855,0.0050667159720723855
2017-05-09,36.99999999999761,-0.9612313084561455,-0.9612313084561455
2017-05-10,61.000000000001364,-0.4090610087828127,-0.4090610087828127
2017-05-15,42.99999999999784,-0.8231887335378286,-0.8231887335378286
2017-05-16,46.000000000000796,-0.7541674460786048,-0.7541674460786048
2017-05-17,109.99999999999943,0.7182866863833542,0.7182866863833542
2017-05-18,92.00000000000159,0.3041589616284691,0.3041589616284691
2017-05-19,38.00000000000239,-0.938224212636317,-0.938224212636317
2017-05-22,68.00000000000068,-0.24801133804479822,-0.24801133804479822
2017-05-23,72.99999999999898,-0.13297585894624445,-0.13297585894624445
2017-05-24,44.99999999999886,-0.7771745418983679,-0.7771745418983679
2017-05-25,40.99999999999966,-0.869202925177224,-0.869202925177224
2017-05-29,63.999999999998636,-0.3400397213237197,-0.3400397213237197
2017-05-31,37.999999999999545,-0.9382242126363823,-0.9382242126363823
2017-06-01,37.000000000000455,-0.9612313084560801,-0.9612313084560801
2017-06-05,34.99999999999943,-1.0072455000955407,-1.0072455000955407
2017-06-06,43.99999999999977,-0.8001816377180655,-0.8001816377180655
2017-06-07,40.00000000000057,-0.8922100209969216,-0.8922100209969216
2017-06-08,34.99999999999943,-1.0072455000955407,-1.0072455000955407
2017-06-09,43.99999999999977,-0.8001816377180655,-0.8001816377180655
2017-06-15,103.9999999999992,0.5802441114650374,0.5802441114650374
2017-06-19,38.999999999998636,-0.9152171168166847,-0.9152171168166847
2017-06-20,42.00000000000159,-0.8461958293574608,-0.8461958293574608
2017-06-21,50.0,-0.6621390627997488,-0.6621390627997488
2017-06-22,37.000000000000455,-0.9612313084560801,-0.9612313084560801
2017-06-23,21.999999999999886,-1.3063377457518721,-1.3063377457518721
2017-06-26,44.99999999999886,-0.7771745418983679,-0.7771745418983679
2017-06-27,220.0000000000017,3.2490672265524525,3.2490672265524525
2017-06-28,125.99999999999909,1.086400219498844,1.086400219498844
2017-07-03,79.9999999999983,0.02807381179177006,0.02807381179177006
2017-07-04,39.999999999997726,-0.892210020996987,-0.892210020996987
2017-07-05,58.00000000000125,-0.4780822962419711,-0.4780822962419711
2017-07-06,146.9999999999999,1.569549231712953,1.569549231712953
2017-07-11,46.999999999999886,-0.7311603502589071,-0.7311603502589071
2017-07-12,60.99999999999852,-0.4090610087828781,-0.4090610087828781
2017-07-17,46.999999999999886,-0.7311603502589071,-0.7311603502589071
2017-07-18,53.000000000000114,-0.5931177753405903,-0.5931177753405903
2017-07-19,46.000000000000796,-0.7541674460786048,-0.7541674460786048
2017-07-20,58.9999999999975,-0.45507520042233884,-0.45507520042233884
2017-07-21,56.99999999999932,-0.5010893920617342,-0.5010893920617342
2017-07-24,40.99999999999966,-0.869202925177224,-0.869202925177224
2017-07-25,100.0,0.4882157281861813,0.4882157281861813
2017-07-26,46.000000000000796,-0.7541674460786048,-0.7541674460786048
2017-07-27,55.00000000000114,-0.5471035837011295,-0.5471035837011295
2017-07-31,46.999999999999886,-0.7311603502589071,-0.7311603502589071
2017-08-02,34.00000000000034,-1.0302525959152384,-1.0302525959152384
2017-08-03,76.99999999999818,-0.04094747566738836,-0.04094747566738836
2017-08-07,53.999999999999204,-0.5701106795208927,-0.5701106795208927
2017-08-08,38.999999999998636,-0.9152171168166847,-0.9152171168166847
2017-08-09,74.00000000000091,-0.10996876312648138,-0.10996876312648138
2017-08-15,63.00000000000239,-0.36304681714335196,-0.36304681714335196
2017-08-16,65.99999999999966,-0.29402552968425893,-0.29402552968425893
2017-08-17,62.000000000000455,-0.38605391296311503,-0.38605391296311503
2017-08-21,51.99999999999818,-0.6161248711603534,-0.6161248711603534
2017-08-22,34.99999999999943,-1.0072455000955407,-1.0072455000955407
2017-08-23,66.99999999999875,-0.27101843386456126,-0.27101843386456126
2017-08-24,24.00000000000091,-1.2603235541124114,-1.2603235541124114
2017-08-25,43.99999999999977,-0.8001816377180655,-0.8001816377180655
2017-08-28,39.999999999997726,-0.892210020996987,-0.892210020996987
2017-08-29,68.99999999999977,-0.22500424222510054,-0.22500424222510054
2017-09-04,26.000000000001933,-1.2143093624729506,-1.2143093624729506
2017-09-05,99.00000000000091,0.46520863236648363,0.46520863236648363
2017-09-06,54.000000000002046,-0.5701106795208273,-0.5701106795208273
2017-09-08,61.000000000001364,-0.4090610087828127,-0.4090610087828127
2017-09-12,96.99999999999989,0.4191944407270229,0.4191944407270229
2017-09-18,55.999999999997385,-0.5240964878814973,-0.5240964878814973
2017-09-19,45.000000000001705,-0.7771745418983025,-0.7771745418983025
2017-09-20,65.00000000000057,-0.3170326255039566,-0.3170326255039566
2017-09-21,53.999999999999204,-0.5701106795208927,-0.5701106795208927
2017-09-22,37.999999999999545,-0.9382242126363823,-0.9382242126363823
2017-09-25,85.99999999999852,0.16611638671008688,0.16611638671008688
2017-09-26,32.99999999999841,-1.0532596917350014,-1.0532596917350014
2017-09-27,103.00000000000011,0.5572370156453397,0.5572370156453397
2017-10-02,71.0000000000008,-0.1789900505856398,-0.1789900505856398
2017-10-03,56.00000000000023,-0.5240964878814319,-0.5240964878814319
2017-10-04,65.99999999999966,-0.29402552968425893,-0.29402552968425893
2017-10-05,60.99999999999852,-0.4090610087828781,-0.4090610087828781
2017-10-09,42.00000000000159,-0.8461958293574608,-0.8461958293574608
2017-10-11,28.999999999999204,-1.1452880750138577,-1.1452880750138577
2017-10-16,65.00000000000057,-0.3170326255039566,-0.3170326255039566
2017-10-17,43.00000000000068,-0.8231887335377632,-0.8231887335377632
2017-10-18,64.00000000000148,-0.3400397213236543,-0.3400397213236543
2017-10-19,52.00000000000102,-0.616124871160288,-0.616124871160288
2017-10-20,68.99999999999977,-0.22500424222510054,-0.22500424222510054
2017-10-23,31.999999999999318,-1.0762667875546992,-1.0762667875546992
2017-10-24,70.0000000000017,-0.20199714640533747,-0.20199714640533747
2017-10-25,55.00000000000114,-0.5471035837011295,-0.5471035837011295
2017-10-26,105.00000000000114,0.6032512072848004,0.6032512072848004
2017-10-31,39.00000000000148,-0.9152171168166193,-0.9152171168166193
2017-11-01,41.99999999999875,-0.8461958293575262,-0.8461958293575262
2017-11-02,45.999999999997954,-0.7541674460786701,-0.7541674460786701
2017-11-06,45.000000000001705,-0.7771745418983025,-0.7771745418983025
2017-11-07,43.99999999999977,-0.8001816377180655,-0.8001816377180655
2017-11-08,40.99999999999966,-0.869202925177224,-0.869202925177224
2017-11-09,92.00000000000159,0.3041589616284691,0.3041589616284691
2017-11-16,43.99999999999977,-0.8001816377180655,-0.8001816377180655
2017-11-17,43.99999999999977,-0.8001816377180655,-0.8001816377180655
2017-11-20,32.99999999999841,-1.0532596917350014,-1.0532596917350014
2017-11-21,40.00000000000057,-0.8922100209969216,-0.8922100209969216
2017-11-23,22.00000000000273,-1.3063377457518068,-1.3063377457518068
2017-11-24,36.000000000001364,-0.9842384042757777,-0.9842384042757777
2017-11-28,34.99999999999943,-1.0072455000955407,-1.0072455000955407
2017-12-01,132.9999999999984,1.2474498902368585,1.2474498902368585
2017-12-04,29.999999999998295,-1.12228097919416,-1.12228097919416
2017-12-05,56.00000000000023,-0.5240964878814319,-0.5240964878814319
2017-12-06,37.999999999999545,-0.9382242126363823,-0.9382242126363823
2017-12-07,37.000000000000455,-0.9612313084560801,-0.9612313084560801
2017-12-14,62.000000000000455,-0.38605391296311503,-0.38605391296311503
2017-12-15,31.999999999999318,-1.0762667875546992,-1.0762667875546992
2017-12-18,29.999999999998295,-1.12228097919416,-1.12228097919416
2017-12-19,121.99999999999989,0.9943718362199879,0.9943718362199879
2017-12-20,89.99999999999773,0.258144769988943,0.258144769988943
2017-12-27,74.00000000000091,-0.10996876312648138,-0.10996876312648138
2017-12-28,61.000000000001364,-0.4090610087828127,-0.4090610087828127
2017-12-29,40.00000000000057,-0.8922100209969216,-0.8922100209969216
2018-01-02,59.99999999999943,-0.4320681046025758,-0.4320681046025758
2018-01-03,62.000000000000455,-0.38605391296311503,-0.38605391296311503
2018-01-04,49.00000000000091,-0.6851461586194464,-0.6851461586194464
2018-01-08,65.00000000000057,-0.3170326255039566,-0.3170326255039566
2018-01-09,80.00000000000114,0.028073811791835452,0.028073811791835452
2018-01-10,46.000000000000796,-0.7541674460786048,-0.7541674460786048
2018-01-15,45.999999999997954,-0.7541674460786701,-0.7541674460786701
2018-01-17,31.999999999999318,-1.0762667875546992,-1.0762667875546992
2018-01-18,39.999999999997726,-0.892210020996987,-0.892210020996987
2018-01-22,43.99999999999977,-0.8001816377180655,-0.8001816377180655
2018-01-23,44.99999999999886,-0.7771745418983679,-0.7771745418983679
2018-01-24,53.000000000000114,-0.5931177753405903,-0.5931177753405903
2018-01-25,109.00000000000034,0.6952795905636565,0.6952795905636565
2018-01-30,45.000000000001705,-0.7771745418983025,-0.7771745418983025
2018-01-31,83.00000000000125,0.09709509925099387,0.09709509925099387
2018-02-01,65.99999999999966,-0.29402552968425893,-0.29402552968425893
2018-02-05,168.00000000000068,2.052698243927062,2.052698243927062
2018-02-06,76.00000000000193,-0.06395457148702065,-0.06395457148702065
2018-02-07,100.0,0.4882157281861813,0.4882157281861813
2018-02-08,96.99999999999989,0.4191944407270229,0.4191944407270229
2018-02-09,95.0000000000017,0.37318024908762754,0.37318024908762754
2018-02-13,49.00000000000091,-0.6851461586194464,-0.6851461586194464
2018-02-19,36.000000000001364,-0.9842384042757777,-0.9842384042757777
2018-02-20,65.00000000000057,-0.3170326255039566,-0.3170326255039566
2018-02-21,68.00000000000068,-0.24801133804479822,-0.24801133804479822
2018-02-22,66.99999999999875,-0.27101843386456126,-0.27101843386456126
2018-02-23,97.99999999999898,0.44220153654672056,0.44220153654672056
2018-02-26,41.99999999999875,-0.8461958293575262,-0.8461958293575262
2018-02-27,45.999999999997954,-0.7541674460786701,-0.7541674460786701
2018-03-05,96.99999999999989,0.4191944407270229,0.4191944407270229
2018-03-07,37.000000000000455,-0.9612313084560801,-0.9612313084560801
2018-03-08,24.00000000000091,-1.2603235541124114,-1.2603235541124114
2018-03-15,43.00000000000068,-0.8231887335377632,-0.8231887335377632
2018-03-19,63.00000000000239,-0.36304681714335196,-0.36304681714335196
2018-03-20,25.99999999999909,-1.2143093624730161,-1.2143093624730161
2018-03-21,34.99999999999943,-1.0072455000955407,-1.0072455000955407
2018-03-22,94.99999999999886,0.37318024908756214,0.37318024908756214
2018-03-23,45.999999999997954,-0.7541674460786701,-0.7541674460786701
2018-03-26,35.99999999999852,-0.9842384042758431,-0.9842384042758431
2018-03-27,68.99999999999977,-0.22500424222510054,-0.22500424222510054
2018-04-03,54.000000000002046,-0.5701106795208273,-0.5701106795208273
2018-04-04,43.99999999999977,-0.8001816377180655,-0.8001816377180655
2018-04-05,37.000000000000455,-0.9612313084560801,-0.9612313084560801
2018-04-12,37.000000000000455,-0.9612313084560801,-0.9612313084560801
2018-04-16,53.000000000000114,-0.5931177753405903,-0.5931177753405903
2018-04-17,50.0,-0.6621390627997488,-0.6621390627997488
2018-04-18,59.00000000000034,-0.45507520042227345,-0.45507520042227345
2018-04-19,97.99999999999898,0.44220153654672056,0.44220153654672056
2018-04-20,50.0,-0.6621390627997488,-0.6621390627997488
2018-04-23,34.99999999999943,-1.0072455000955407,-1.0072455000955407
2018-04-24,60.99999999999852,-0.4090610087828781,-0.4090610087828781
2018-04-25,43.00000000000068,-0.8231887335377632,-0.8231887335377632
2018-04-26,71.99999999999989,-0.15598295476594212,-0.15598295476594212
2018-05-02,25.99999999999909,-1.2143093624730161,-1.2143093624730161
2018-05-03,91.99999999999875,0.3041589616284037,0.3041589616284037
2018-05-07,34.99999999999943,-1.0072455000955407,-1.0072455000955407
2018-05-08,50.99999999999909,-0.639131966980051,-0.639131966980051
2018-05-15,55.999999999997385,-0.5240964878814973,-0.5240964878814973
2018-05-16,65.99999999999966,-0.29402552968425893,-0.29402552968425893
2018-05-17,65.99999999999966,-0.29402552968425893,-0.29402552968425893
2018-05-18,101.99999999999818,0.5342299198255767,0.5342299198255767
2018-05-21,88.99999999999864,0.2351376741692453,0.2351376741692453
2018-05-22,68.99999999999977,-0.22500424222510054,-0.22500424222510054
2018-05-23,81.00000000000023,0.051080907611533125,0.051080907611533125
2018-05-24,97.99999999999898,0.44220153654672056,0.44220153654672056
2018-05-28,171.0000000000008,2.12171953138622,2.12171953138622
2018-05-29,236.00000000000136,3.617180759667942,3.617180759667942
2018-06-04,63.999999999998636,-0.3400397213237197,-0.3400397213237197
2018-06-05,87.00000000000045,0.18912348252984995,0.18912348252984995
2018-06-06,137.99999999999955,1.3624853693354777,1.3624853693354777
2018-06-07,59.99999999999943,-0.4320681046025758,-0.4320681046025758
2018-06-08,94.99999999999886,0.37318024908756214,0.37318024908756214
2018-06-14,140.00000000000057,1.4084995609749384,1.4084995609749384
2018-06-18,38.999999999998636,-0.9152171168166847,-0.9152171168166847
2018-06-19,40.00000000000057,-0.8922100209969216,-0.8922100209969216
2018-06-20,37.999999999999545,-0.9382242126363823,-0.9382242126363823
2018-06-21,109.00000000000034,0.6952795905636565,0.6952795905636565
2018-06-22,43.99999999999977,-0.8001816377180655,-0.8001816377180655
2018-06-25,56.00000000000023,-0.5240964878814319,-0.5240964878814319
2018-06-26,62.000000000000455,-0.38605391296311503,-0.38605391296311503
2018-06-27,54.000000000002046,-0.5701106795208273,-0.5701106795208273
2018-07-02,46.999999999999886,-0.7311603502589071,-0.7311603502589071
2018-07-03,59.00000000000034,-0.45507520042227345,-0.45507520042227345
2018-07-04,50.0,-0.6621390627997488,-0.6621390627997488
2018-07-05,71.99999999999989,-0.15598295476594212,-0.15598295476594212
2018-07-10,31.000000000000227,-1.099273883374397,-1.099273883374397
2018-07-16,53.000000000000114,-0.5931177753405903,-0.5931177753405903
2018-07-17,33.00000000000125,-1.0532596917349362,-1.0532596917349362
2018-07-18,44.99999999999886,-0.7771745418983679,-0.7771745418983679
2018-07-19,56.00000000000023,-0.5240964878814319,-0.5240964878814319
2018-07-20,94.99999999999886,0.37318024908756214,0.37318024908756214
2018-07-23,56.99999999999932,-0.5010893920617342,-0.5010893920617342
2018-07-24,51.00000000000193,-0.6391319669799856,-0.6391319669799856
2018-07-25,56.99999999999932,-0.5010893920617342,-0.5010893920617342
2018-07-26,49.00000000000091,-0.6851461586194464,-0.6851461586194464
2018-07-30,96.99999999999989,0.4191944407270229,0.4191944407270229
2018-08-01,58.9999999999975,-0.45507520042233884,-0.45507520042233884
2018-08-02,50.0,-0.6621390627997488,-0.6621390627997488
2018-08-06,54.999999999998295,-0.5471035837011949,-0.5471035837011949
2018-08-07,41.99999999999875,-0.8461958293575262,-0.8461958293575262
2018-08-08,31.000000000000227,-1.099273883374397,-1.099273883374397
2018-08-14,23.999999999998067,-1.2603235541124769,-1.2603235541124769
2018-08-15,71.99999999999989,-0.15598295476594212,-0.15598295476594212
2018-08-16,30.999999999997385,-1.0992738833744622,-1.0992738833744622
2018-08-20,32.00000000000216,-1.076266787554634,-1.076266787554634
2018-08-21,54.000000000002046,-0.5701106795208273,-0.5701106795208273
2018-08-22,53.999999999999204,-0.5701106795208927,-0.5701106795208927
2018-08-23,29.999999999998295,-1.12228097919416,-1.12228097919416
2018-08-24,35.99999999999852,-0.9842384042758431,-0.9842384042758431
2018-08-27,81.00000000000023,0.051080907611533125,0.051080907611533125
2018-08-28,52.00000000000102,-0.616124871160288,-0.616124871160288
2018-09-03,45.000000000001705,-0.7771745418983025,-0.7771745418983025
2018-09-04,41.99999999999875,-0.8461958293575262,-0.8461958293575262
2018-09-05,75.0,-0.0869616673067837,-0.0869616673067837
2018-09-06,25.0,-1.2373164582927136,-1.2373164582927136
2018-09-11,43.99999999999977,-0.8001816377180655,-0.8001816377180655
2018-09-17,44.99999999999886,-0.7771745418983679,-0.7771745418983679
2018-09-18,59.99999999999943,-0.4320681046025758,-0.4320681046025758
2018-09-19,45.000000000001705,-0.7771745418983025,-0.7771745418983025
2018-09-20,55.00000000000114,-0.5471035837011295,-0.5471035837011295
2018-09-21,41.99999999999875,-0.8461958293575262,-0.8461958293575262
2018-09-24,92.99999999999784,0.3271660574481014,0.3271660574481014
2018-09-25,46.000000000000796,-0.7541674460786048,-0.7541674460786048
2018-09-26,60.000000000002274,-0.4320681046025104,-0.4320681046025104
2018-10-01,62.000000000000455,-0.38605391296311503,-0.38605391296311503
2018-10-02,78.00000000000011,-0.01794037984762529,-0.01794037984762529
2018-10-03,125.0,1.0633931236791463,1.0633931236791463
2018-10-04,73.99999999999807,-0.10996876312654677,-0.10996876312654677
2018-10-08,72.99999999999898,-0.13297585894624445,-0.13297585894624445
2018-10-15,40.99999999999966,-0.869202925177224,-0.869202925177224
2018-10-16,46.999999999999886,-0.7311603502589071,-0.7311603502589071
2018-10-17,52.00000000000102,-0.616124871160288,-0.616124871160288
2018-10-18,112.00000000000045,0.764300878022815,0.764300878022815
2018-10-19,101.00000000000193,0.5112228240059443,0.5112228240059443
2018-10-22,68.00000000000068,-0.24801133804479822,-0.24801133804479822
2018-10-23,54.999999999998295,-0.5471035837011949,-0.5471035837011949
2018-10-24,68.99999999999977,-0.22500424222510054,-0.22500424222510054
2018-10-25,50.0,-0.6621390627997488,-0.6621390627997488
2018-10-30,59.99999999999943,-0.4320681046025758,-0.4320681046025758
2018-10-31,36.000000000001364,-0.9842384042757777,-0.9842384042757777
2018-11-01,52.00000000000102,-0.616124871160288,-0.616124871160288
2018-11-05,32.99999999999841,-1.0532596917350014,-1.0532596917350014
2018-11-06,42.99999999999784,-0.8231887335378286,-0.8231887335378286
2018-11-07,60.99999999999852,-0.4090610087828781,-0.4090610087828781
2018-11-08,31.999999999999318,-1.0762667875546992,-1.0762667875546992
2018-11-12,51.99999999999818,-0.6161248711603534,-0.6161248711603534
2018-11-15,84.99999999999943,0.1431092908903892,0.1431092908903892
2018-11-16,21.999999999999886,-1.3063377457518721,-1.3063377457518721
2018-11-19,48.99999999999807,-0.6851461586195118,-0.6851461586195118
2018-11-20,50.0,-0.6621390627997488,-0.6621390627997488
2018-11-22,34.00000000000034,-1.0302525959152384,-1.0302525959152384
2018-11-23,68.00000000000068,-0.24801133804479822,-0.24801133804479822
2018-11-26,35.000000000002274,-1.0072455000954754,-1.0072455000954754
2018-11-27,39.00000000000148,-0.9152171168166193,-0.9152171168166193
2018-11-30,31.000000000000227,-1.099273883374397,-1.099273883374397
2018-12-03,68.99999999999977,-0.22500424222510054,-0.22500424222510054
2018-12-04,81.99999999999932,0.0740880034312308,0.0740880034312308
2018-12-05,47.99999999999898,-0.7081532544392095,-0.7081532544392095
2018-12-13,62.999999999999545,-0.36304681714341736,-0.36304681714341736
2018-12-14,49.00000000000091,-0.6851461586194464,-0.6851461586194464
2018-12-17,34.00000000000034,-1.0302525959152384,-1.0302525959152384
2018-12-18,33.00000000000125,-1.0532596917349362,-1.0532596917349362
2018-12-19,60.99999999999852,-0.4090610087828781,-0.4090610087828781
2018-12-20,59.99999999999943,-0.4320681046025758,-0.4320681046025758
2018-12-27,63.999999999998636,-0.3400397213237197,-0.3400397213237197
2018-12-28,34.00000000000034,-1.0302525959152384,-1.0302525959152384
2019-01-02,135.99999999999852,1.316471177696017,1.316471177696017
2019-01-03,71.99999999999989,-0.15598295476594212,-0.15598295476594212
2019-01-07,56.00000000000023,-0.5240964878814319,-0.5240964878814319
2019-01-08,40.00000000000057,-0.8922100209969216,-0.8922100209969216
2019-01-09,63.00000000000239,-0.36304681714335196,-0.36304681714335196
2019-01-16,53.999999999999204,-0.5701106795208927,-0.5701106795208927
2019-01-17,65.99999999999966,-0.29402552968425893,-0.29402552968425893
2019-01-21,26.000000000001933,-1.2143093624729506,-1.2143093624729506
2019-01-22,62.999999999999545,-0.36304681714341736,-0.36304681714341736
2019-01-23,43.00000000000068,-0.8231887335377632,-0.8231887335377632
2019-01-24,94.99999999999886,0.37318024908756214,0.37318024908756214
2019-01-25,46.999999999999886,-0.7311603502589071,-0.7311603502589071
2019-01-28,61.000000000001364,-0.4090610087828127,-0.4090610087828127
2019-01-29,43.00000000000068,-0.8231887335377632,-0.8231887335377632
2019-01-30,53.999999999999204,-0.5701106795208927,-0.5701106795208927
2019-01-31,56.99999999999932,-0.5010893920617342,-0.5010893920617342
2019-02-05,59.00000000000034,-0.45507520042227345,-0.45507520042227345
2019-02-08,57.00000000000216,-0.5010893920616688,-0.5010893920616688
2019-02-12,41.99999999999875,-0.8461958293575262,-0.8461958293575262
2019-02-18,27.000000000001023,-1.191302266653253,-1.191302266653253
2019-02-19,47.99999999999898,-0.7081532544392095,-0.7081532544392095
2019-02-20,34.00000000000034,-1.0302525959152384,-1.0302525959152384
2019-02-21,81.99999999999932,0.0740880034312308,0.0740880034312308
2019-02-22,60.99999999999852,-0.4090610087828781,-0.4090610087828781
2019-02-25,42.00000000000159,-0.8461958293574608,-0.8461958293574608
2019-02-26,50.0,-0.6621390627997488,-0.6621390627997488
2019-02-27,91.99999999999875,0.3041589616284037,0.3041589616284037
2019-03-04,70.0000000000017,-0.20199714640533747,-0.20199714640533747
2019-03-05,53.000000000000114,-0.5931177753405903,-0.5931177753405903
2019-03-06,65.99999999999966,-0.29402552968425893,-0.29402552968425893
2019-03-07,25.0,-1.2373164582927136,-1.2373164582927136
2019-03-14,37.999999999999545,-0.9382242126363823,-0.9382242126363823
2019-03-18,40.00000000000057,-0.8922100209969216,-0.8922100209969216
2019-03-19,71.99999999999989,-0.15598295476594212,-0.15598295476594212
2019-03-20,68.99999999999977,-0.22500424222510054,-0.22500424222510054
2019-03-21,61.000000000001364,-0.4090610087828127,-0.4090610087828127
2019-03-22,124.00000000000091,1.0403860278594486,1.0403860278594486
2019-03-26,38.00000000000239,-0.938224212636317,-0.938224212636317
2019-03-27,101.99999999999818,0.5342299198255767,0.5342299198255767
2019-04-01,61.000000000001364,-0.4090610087828127,-0.4090610087828127
2019-04-02,46.999999999999886,-0.7311603502589071,-0.7311603502589071
2019-04-03,81.99999999999932,0.0740880034312308,0.0740880034312308
2019-04-04,46.999999999999886,-0.7311603502589071,-0.7311603502589071
2019-04-09,52.99999999999727,-0.5931177753406557,-0.5931177753406557
2019-04-16,55.00000000000114,-0.5471035837011295,-0.5471035837011295
2019-04-17,53.000000000000114,-0.5931177753405903,-0.5931177753405903
2019-04-18,93.99999999999977,0.35017315326786447,0.35017315326786447
2019-04-23,41.99999999999875,-0.8461958293575262,-0.8461958293575262
2019-04-24,81.99999999999932,0.0740880034312308,0.0740880034312308
2019-04-25,24.00000000000091,-1.2603235541124114,-1.2603235541124114
2019-04-30,84.99999999999943,0.1431092908903892,0.1431092908903892
2019-05-02,50.99999999999909,-0.639131966980051,-0.639131966980051
2019-05-06,55.00000000000114,-0.5471035837011295,-0.5471035837011295
2019-05-07,93.99999999999977,0.35017315326786447,0.35017315326786447
2019-05-08,55.00000000000114,-0.5471035837011295,-0.5471035837011295
2019-05-14,40.99999999999966,-0.869202925177224,-0.869202925177224
2019-05-15,86.00000000000136,0.16611638671015228,0.16611638671015228
2019-05-16,49.00000000000091,-0.6851461586194464,-0.6851461586194464
2019-05-20,43.99999999999977,-0.8001816377180655,-0.8001816377180655
2019-05-21,56.99999999999932,-0.5010893920617342,-0.5010893920617342
2019-05-22,46.000000000000796,-0.7541674460786048,-0.7541674460786048
2019-05-23,53.999999999999204,-0.5701106795208927,-0.5701106795208927
2019-05-24,23.00000000000182,-1.283330649932109,-1.283330649932109
2019-05-27,50.99999999999909,-0.639131966980051,-0.639131966980051
2019-05-28,40.99999999999966,-0.869202925177224,-0.869202925177224
2019-05-29,28.000000000000114,-1.1682951708335554,-1.1682951708335554
2019-06-03,35.99999999999852,-0.9842384042758431,-0.9842384042758431
2019-06-04,29.000000000002046,-1.1452880750137922,-1.1452880750137922
2019-06-05,46.000000000000796,-0.7541674460786048,-0.7541674460786048
2019-06-06,31.000000000000227,-1.099273883374397,-1.099273883374397
2019-06-13,30.000000000001137,-1.1222809791940946,-1.1222809791940946
2019-06-17,33.00000000000125,-1.0532596917349362,-1.0532596917349362
2019-06-18,137.00000000000045,1.33947827351578,1.33947827351578
2019-06-19,62.999999999999545,-0.36304681714341736,-0.36304681714341736
2019-06-20,28.999999999999204,-1.1452880750138577,-1.1452880750138577
2019-06-21,70.0000000000017,-0.20199714640533747,-0.20199714640533747
2019-06-24,56.99999999999932,-0.5010893920617342,-0.5010893920617342
2019-06-25,46.000000000000796,-0.7541674460786048,-0.7541674460786048
2019-06-26,56.00000000000023,-0.5240964878814319,-0.5240964878814319
2019-07-01,86.00000000000136,0.16611638671015228,0.16611638671015228
2019-07-02,53.000000000000114,-0.5931177753405903,-0.5931177753405903
2019-07-03,37.000000000000455,-0.9612313084560801,-0.9612313084560801
2019-07-04,43.99999999999977,-0.8001816377180655,-0.8001816377180655
2019-07-09,42.00000000000159,-0.8461958293574608,-0.8461958293574608
2019-07-10,106.00000000000023,0.6262583031044981,0.6262583031044981
2019-07-15,92.99999999999784,0.3271660574481014,0.3271660574481014
2019-07-16,52.00000000000102,-0.616124871160288,-0.616124871160288
2019-07-17,68.99999999999977,-0.22500424222510054,-0.22500424222510054
2019-07-18,60.99999999999852,-0.4090610087828781,-0.4090610087828781
2019-07-22,50.0,-0.6621390627997488,-0.6621390627997488
2019-07-23,40.99999999999966,-0.869202925177224,-0.869202925177224
2019-07-24,76.99999999999818,-0.04094747566738836,-0.04094747566738836
2019-07-25,142.99999999999784,1.4775208484340314,1.4775208484340314
2019-07-29,29.999999999998295,-1.12228097919416,-1.12228097919416
2019-07-31,75.99999999999909,-0.06395457148708603,-0.06395457148708603
2019-08-01,115.00000000000057,0.8333221654819734,0.8333221654819734
2019-08-05,69.99999999999886,-0.20199714640540287,-0.20199714640540287
2019-08-06,62.000000000000455,-0.38605391296311503,-0.38605391296311503
2019-08-07,102.00000000000102,0.534229919825642,0.534229919825642
2019-08-08,103.9999999999992,0.5802441114650374,0.5802441114650374
2019-08-14,87.00000000000045,0.18912348252984995,0.18912348252984995
2019-08-15,147.99999999999898,1.5925563275326506,1.5925563275326506
2019-08-19,102.00000000000102,0.534229919825642,0.534229919825642
2019-08-20,100.0,0.4882157281861813,0.4882157281861813
2019-08-21,64.00000000000148,-0.3400397213236543,-0.3400397213236543
2019-08-22,128.9999999999992,1.1554215069580025,1.1554215069580025
2019-08-23,135.00000000000227,1.2934640818763847,1.2934640818763847
2019-08-26,99.00000000000091,0.46520863236648363,0.46520863236648363
2019-08-27,62.000000000000455,-0.38605391296311503,-0.38605391296311503
2019-08-28,58.00000000000125,-0.4780822962419711,-0.4780822962419711
2019-09-02,59.99999999999943,-0.4320681046025758,-0.4320681046025758
2019-09-03,85.99999999999852,0.16611638671008688,0.16611638671008688
2019-09-04,102.00000000000102,0.534229919825642,0.534229919825642
2019-09-05,159.99999999999943,1.8686414773692843,1.8686414773692843
2019-09-10,77.00000000000102,-0.040947475667322965,-0.040947475667322965
2019-09-16,72.99999999999898,-0.13297585894624445,-0.13297585894624445
2019-09-17,49.00000000000091,-0.6851461586194464,-0.6851461586194464
2019-09-18,82.99999999999841,0.09709509925092848,0.09709509925092848
2019-09-19,53.999999999999204,-0.5701106795208927,-0.5701106795208927
2019-09-20,61.000000000001364,-0.4090610087828127,-0.4090610087828127
2019-09-23,134.99999999999943,1.2934640818763192,1.2934640818763192
2019-09-24,84.99999999999943,0.1431092908903892,0.1431092908903892
2019-09-25,103.9999999999992,0.5802441114650374,0.5802441114650374
2019-09-30,59.00000000000034,-0.45507520042227345,-0.45507520042227345
2019-10-01,93.99999999999977,0.35017315326786447,0.35017315326786447
2019-10-02,43.99999999999977,-0.8001816377180655,-0.8001816377180655
2019-10-03,90.00000000000057,0.25814476998900837,0.25814476998900837
2019-10-07,55.00000000000114,-0.5471035837011295,-0.5471035837011295
2019-10-09,71.0000000000008,-0.1789900505856398,-0.1789900505856398
2019-10-14,62.000000000000455,-0.38605391296311503,-0.38605391296311503
2019-10-16,91.99999999999875,0.3041589616284037,0.3041589616284037
2019-10-17,120.0000000000017,0.9483576445805926,0.9483576445805926
2019-10-18,63.999999999998636,-0.3400397213237197,-0.3400397213237197
2019-10-21,68.00000000000068,-0.24801133804479822,-0.24801133804479822
2019-10-22,96.99999999999989,0.4191944407270229,0.4191944407270229
2019-10-23,49.00000000000091,-0.6851461586194464,-0.6851461586194464
2019-10-24,80.00000000000114,0.028073811791835452,0.028073811791835452
2019-10-28,78.9999999999992,0.0050667159720723855,0.0050667159720723855
2019-10-29,53.999999999999204,-0.5701106795208927,-0.5701106795208927
2019-11-04,56.00000000000023,-0.5240964878814319,-0.5240964878814319
2019-11-05,64.99999999999773,-0.317032625504022,-0.317032625504022
2019-11-06,71.99999999999989,-0.15598295476594212,-0.15598295476594212
2019-11-11,53.000000000000114,-0.5931177753405903,-0.5931177753405903
2019-11-15,40.00000000000057,-0.8922100209969216,-0.8922100209969216
2019-11-18,50.99999999999909,-0.639131966980051,-0.639131966980051
2019-11-19,34.00000000000034,-1.0302525959152384,-1.0302525959152384
2019-11-20,61.000000000001364,-0.4090610087828127,-0.4090610087828127
2019-11-21,78.9999999999992,0.0050667159720723855,0.0050667159720723855
2019-11-26,61.000000000001364,-0.4090610087828127,-0.4090610087828127
2019-11-28,43.99999999999977,-0.8001816377180655,-0.8001816377180655
2019-11-29,49.00000000000091,-0.6851461586194464,-0.6851461586194464
2019-12-02,115.00000000000057,0.8333221654819734,0.8333221654819734
2019-12-03,139.99999999999773,1.408499560974873,1.408499560974873
2019-12-04,75.0,-0.0869616673067837,-0.0869616673067837
2019-12-05,78.00000000000011,-0.01794037984762529,-0.01794037984762529
2019-12-10,37.999999999999545,-0.9382242126363823,-0.9382242126363823
2019-12-13,156.00000000000023,1.7766130940904281,1.7766130940904281
2019-12-16,62.999999999999545,-0.36304681714341736,-0.36304681714341736
2019-12-17,32.99999999999841,-1.0532596917350014,-1.0532596917350014
2019-12-18,105.00000000000114,0.6032512072848004,0.6032512072848004
2019-12-19,75.99999999999909,-0.06395457148708603,-0.06395457148708603
2019-12-23,57.99999999999841,-0.4780822962420365,-0.4780822962420365
2019-12-27,37.000000000000455,-0.9612313084560801,-0.9612313084560801
2019-12-30,126.00000000000193,1.0864002194989093,1.0864002194989093
2020-01-02,122.99999999999898,1.0173789320396855,1.0173789320396855
2020-01-03,128.0000000000001,1.1324144111383048,1.1324144111383048
2020-01-06,53.000000000000114,-0.5931177753405903,-0.5931177753405903
2020-01-07,40.00000000000057,-0.8922100209969216,-0.8922100209969216
2020-01-08,196.0000000000008,2.696896926879185,2.696896926879185
2020-01-09,50.0,-0.6621390627997488,-0.6621390627997488
2020-01-16,45.000000000001705,-0.7771745418983025,-0.7771745418983025
2020-01-20,23.999999999998067,-1.2603235541124769,-1.2603235541124769
2020-01-21,71.99999999999989,-0.15598295476594212,-0.15598295476594212
2020-01-22,59.00000000000034,-0.45507520042227345,-0.45507520042227345
2020-01-23,74.00000000000091,-0.10996876312648138,-0.10996876312648138
2020-01-24,93.99999999999977,0.35017315326786447,0.35017315326786447
2020-01-27,86.00000000000136,0.16611638671015228,0.16611638671015228
2020-01-28,100.0,0.4882157281861813,0.4882157281861813
2020-01-29,87.00000000000045,0.18912348252984995,0.18912348252984995
2020-02-03,51.99999999999818,-0.6161248711603534,-0.6161248711603534
2020-02-04,81.99999999999932,0.0740880034312308,0.0740880034312308
2020-02-05,97.99999999999898,0.44220153654672056,0.44220153654672056
2020-02-11,42.00000000000159,-0.8461958293574608,-0.8461958293574608
2020-02-12,47.99999999999898,-0.7081532544392095,-0.7081532544392095
2020-02-17,43.99999999999977,-0.8001816377180655,-0.8001816377180655
2020-02-18,62.999999999999545,-0.36304681714341736,-0.36304681714341736
2020-02-20,61.000000000001364,-0.4090610087828127,-0.4090610087828127
2020-02-21,59.99999999999943,-0.4320681046025758,-0.4320681046025758
2020-02-24,73.00000000000182,-0.13297585894617905,-0.13297585894617905
2020-02-25,100.0,0.4882157281861813,0.4882157281861813
2020-02-26,92.00000000000159,0.3041589616284691,0.3041589616284691
2020-03-02,137.99999999999955,1.3624853693354777,1.3624853693354777
2020-03-03,141.99999999999875,1.4545137526143337,1.4545137526143337
2020-03-04,90.00000000000057,0.25814476998900837,0.25814476998900837
2020-03-05,140.00000000000057,1.4084995609749384,1.4084995609749384
2020-03-10,250.0,3.9392801011439715,3.9392801011439715
2020-03-16,328.0000000000001,5.733833575082024,5.733833575082024
2020-03-17,156.99999999999932,1.7996201899101258,1.7996201899101258
2020-03-18,314.9999999999977,5.434741329425628,5.434741329425628
2020-03-19,365.99999999999966,6.608103216231322,6.608103216231322
2020-03-20,231.99999999999932,3.5251523763890207,3.5251523763890207
2020-03-23,131.99999999999932,1.2244427944171608,1.2244427944171608
2020-03-24,118.99999999999977,0.9253505487608294,0.9253505487608294
2020-03-25,143.99999999999977,1.5005279442537944,1.5005279442537944
2020-03-30,121.0000000000008,0.9713647404002902,0.9713647404002902
2020-03-31,82.99999999999841,0.09709509925092848,0.09709509925092848
2020-04-01,125.0,1.0633931236791463,1.0633931236791463
2020-04-02,100.0,0.4882157281861813,0.4882157281861813
2020-04-07,165.99999999999966,2.0066840522876013,2.0066840522876013
2020-04-08,131.00000000000023,1.2014356985974632,1.2014356985974632
2020-04-14,143.00000000000068,1.4775208484340967,1.4775208484340967
2020-04-15,141.99999999999875,1.4545137526143337,1.4545137526143337
2020-04-16,86.00000000000136,0.16611638671015228,0.16611638671015228
2020-04-17,71.99999999999989,-0.15598295476594212,-0.15598295476594212
2020-04-20,81.99999999999932,0.0740880034312308,0.0740880034312308
2020-04-21,81.00000000000023,0.051080907611533125,0.051080907611533125
2020-04-22,128.0000000000001,1.1324144111383048,1.1324144111383048
2020-04-23,118.99999999999977,0.9253505487608294,0.9253505487608294
2020-04-27,68.00000000000068,-0.24801133804479822,-0.24801133804479822
2020-04-28,75.0,-0.0869616673067837,-0.0869616673067837
2020-05-04,91.99999999999875,0.3041589616284037,0.3041589616284037
2020-05-05,113.00000000000239,0.787307973842578,0.787307973842578
2020-05-06,103.9999999999992,0.5802441114650374,0.5802441114650374
2020-05-07,119.00000000000261,0.9253505487608948,0.9253505487608948
2020-05-14,58.00000000000125,-0.4780822962419711,-0.4780822962419711
2020-05-18,147.99999999999898,1.5925563275326506,1.5925563275326506
2020-05-19,85.00000000000227,0.1431092908904546,0.1431092908904546
2020-05-20,46.000000000000796,-0.7541674460786048,-0.7541674460786048
2020-05-21,61.000000000001364,-0.4090610087828127,-0.4090610087828127
2020-05-22,59.00000000000034,-0.45507520042227345,-0.45507520042227345
2020-05-25,30.000000000001137,-1.1222809791940946,-1.1222809791940946
2020-05-26,115.00000000000057,0.8333221654819734,0.8333221654819734
2020-05-27,103.00000000000011,0.5572370156453397,0.5572370156453397
2020-06-01,94.99999999999886,0.37318024908756214,0.37318024908756214
2020-06-02,48.00000000000182,-0.7081532544391441,-0.7081532544391441
2020-06-03,100.99999999999909,0.5112228240058789,0.5112228240058789
2020-06-04,96.99999999999989,0.4191944407270229,0.4191944407270229
2020-06-09,71.99999999999989,-0.15598295476594212,-0.15598295476594212
2020-06-15,69.99999999999886,-0.20199714640540287,-0.20199714640540287
2020-06-16,68.00000000000068,-0.24801133804479822,-0.24801133804479822
2020-06-17,82.99999999999841,0.09709509925092848,0.09709509925092848
2020-06-18,59.99999999999943,-0.4320681046025758,-0.4320681046025758
2020-06-19,48.99999999999807,-0.6851461586195118,-0.6851461586195118
2020-06-22,77.00000000000102,-0.040947475667322965,-0.040947475667322965
2020-06-23,68.00000000000068,-0.24801133804479822,-0.24801133804479822
2020-06-24,92.00000000000159,0.3041589616284691,0.3041589616284691
2020-06-29,51.00000000000193,-0.6391319669799856,-0.6391319669799856
2020-06-30,70.0000000000017,-0.20199714640533747,-0.20199714640533747
2020-07-01,100.0,0.4882157281861813,0.4882157281861813
2020-07-03,39.00000000000148,-0.9152171168166193,-0.9152171168166193
2020-07-06,53.000000000000114,-0.5931177753405903,-0.5931177753405903
2020-07-07,58.00000000000125,-0.4780822962419711,-0.4780822962419711
2020-07-08,34.99999999999943,-1.0072455000955407,-1.0072455000955407
2020-07-09,65.00000000000057,-0.3170326255039566,-0.3170326255039566
2020-07-15,55.00000000000114,-0.5471035837011295,-0.5471035837011295
2020-07-16,67.00000000000159,-0.27101843386449587,-0.27101843386449587
2020-07-20,76.99999999999818,-0.04094747566738836,-0.04094747566738836
2020-07-21,38.999999999998636,-0.9152171168166847,-0.9152171168166847
2020-07-22,75.0,-0.0869616673067837,-0.0869616673067837
2020-07-23,29.999999999998295,-1.12228097919416,-1.12228097919416
2020-07-24,103.00000000000011,0.5572370156453397,0.5572370156453397
2020-07-27,90.99999999999966,0.28115186580870605,0.28115186580870605
2020-07-28,75.0,-0.0869616673067837,-0.0869616673067837
2020-07-29,45.999999999997954,-0.7541674460786701,-0.7541674460786701
2020-08-03,44.99999999999886,-0.7771745418983679,-0.7771745418983679
2020-08-04,81.99999999999932,0.0740880034312308,0.0740880034312308
2020-08-05,100.0,0.4882157281861813,0.4882157281861813
2020-08-06,89.00000000000148,0.2351376741693107,0.2351376741693107
2020-08-13,132.9999999999984,1.2474498902368585,1.2474498902368585
2020-08-17,73.00000000000182,-0.13297585894617905,-0.13297585894617905
2020-08-18,47.99999999999898,-0.7081532544392095,-0.7081532544392095
2020-08-19,48.00000000000182,-0.7081532544391441,-0.7081532544391441
2020-08-20,73.00000000000182,-0.13297585894617905,-0.13297585894617905
2020-08-21,62.000000000000455,-0.38605391296311503,-0.38605391296311503
2020-08-24,52.00000000000102,-0.616124871160288,-0.616124871160288
2020-08-25,119.99999999999886,0.9483576445805272,0.9483576445805272
2020-08-26,56.99999999999932,-0.5010893920617342,-0.5010893920617342
2020-08-31,56.00000000000023,-0.5240964878814319,-0.5240964878814319
2020-09-01,101.00000000000193,0.5112228240059443,0.5112228240059443
2020-09-02,81.99999999999932,0.0740880034312308,0.0740880034312308
2020-09-03,68.99999999999977,-0.22500424222510054,-0.22500424222510054
2020-09-07,67.00000000000159,-0.27101843386449587,-0.27101843386449587
2020-09-08,52.00000000000102,-0.616124871160288,-0.616124871160288
2020-09-09,90.00000000000057,0.25814476998900837,0.25814476998900837
2020-09-15,37.000000000000455,-0.9612313084560801,-0.9612313084560801
2020-09-16,44.99999999999886,-0.7771745418983679,-0.7771745418983679
2020-09-17,70.99999999999795,-0.1789900505857052,-0.1789900505857052
2020-09-21,90.00000000000057,0.25814476998900837,0.25814476998900837
2020-09-22,49.00000000000091,-0.6851461586194464,-0.6851461586194464
2020-09-23,44.99999999999886,-0.7771745418983679,-0.7771745418983679
2020-09-24,50.0,-0.6621390627997488,-0.6621390627997488
2020-09-25,53.999999999999204,-0.5701106795208927,-0.5701106795208927
2020-09-28,37.000000000000455,-0.9612313084560801,-0.9612313084560801
2020-09-29,31.999999999999318,-1.0762667875546992,-1.0762667875546992
2020-10-05,71.0000000000008,-0.1789900505856398,-0.1789900505856398
2020-10-06,50.0,-0.6621390627997488,-0.6621390627997488
2020-10-07,68.00000000000068,-0.24801133804479822,-0.24801133804479822
2020-10-08,54.000000000002046,-0.5701106795208273,-0.5701106795208273
2020-10-09,37.000000000000455,-0.9612313084560801,-0.9612313084560801
2020-10-12,27.000000000001023,-1.191302266653253,-1.191302266653253
2020-10-15,93.00000000000068,0.3271660574481668,0.3271660574481668
2020-10-19,39.999999999997726,-0.892210020996987,-0.892210020996987
2020-10-20,58.00000000000125,-0.4780822962419711,-0.4780822962419711
2020-10-21,52.00000000000102,-0.616124871160288,-0.616124871160288
2020-10-22,56.00000000000023,-0.5240964878814319,-0.5240964878814319
2020-10-23,52.00000000000102,-0.616124871160288,-0.616124871160288
2020-10-26,62.999999999999545,-0.36304681714341736,-0.36304681714341736
2020-10-27,78.9999999999992,0.0050667159720723855,0.0050667159720723855
2020-10-28,48.00000000000182,-0.7081532544391441,-0.7081532544391441
2020-11-02,46.000000000000796,-0.7541674460786048,-0.7541674460786048
2020-11-03,55.00000000000114,-0.5471035837011295,-0.5471035837011295
2020-11-04,130.00000000000114,1.1784286027777655,1.1784286027777655
2020-11-05,56.00000000000023,-0.5240964878814319,-0.5240964878814319
2020-11-10,71.0000000000008,-0.1789900505856398,-0.1789900505856398
2020-11-11,84.00000000000034,0.12010219507069154,0.12010219507069154
2020-11-16,84.00000000000034,0.12010219507069154,0.12010219507069154
2020-11-17,42.00000000000159,-0.8461958293574608,-0.8461958293574608
2020-11-19,31.000000000000227,-1.099273883374397,-1.099273883374397
2020-11-20,47.99999999999898,-0.7081532544392095,-0.7081532544392095
2020-11-23,45.000000000001705,-0.7771745418983025,-0.7771745418983025
2020-11-24,34.99999999999943,-1.0072455000955407,-1.0072455000955407
2020-11-26,43.00000000000068,-0.8231887335377632,-0.8231887335377632
2020-11-27,24.00000000000091,-1.2603235541124114,-1.2603235541124114
2020-11-30,50.99999999999909,-0.639131966980051,-0.639131966980051
2020-12-01,97.99999999999898,0.44220153654672056,0.44220153654672056
2020-12-02,31.999999999999318,-1.0762667875546992,-1.0762667875546992
2020-12-03,62.000000000000455,-0.38605391296311503,-0.38605391296311503
2020-12-07,47.99999999999898,-0.7081532544392095,-0.7081532544392095
2020-12-08,26.000000000001933,-1.2143093624729506,-1.2143093624729506
2020-12-09,39.00000000000148,-0.9152171168166193,-0.9152171168166193
2020-12-15,40.00000000000057,-0.8922100209969216,-0.8922100209969216
2020-12-16,103.9999999999992,0.5802441114650374,0.5802441114650374
2020-12-17,63.999999999998636,-0.3400397213237197,-0.3400397213237197
2020-12-18,56.99999999999932,-0.5010893920617342,-0.5010893920617342
2020-12-21,82.99999999999841,0.09709509925092848,0.09709509925092848
2020-12-28,60.000000000002274,-0.4320681046025104,-0.4320681046025104
2020-12-29,22.999999999998977,-1.2833306499321744,-1.2833306499321744
2020-12-30,56.99999999999932,-0.5010893920617342,-0.5010893920617342
2021-01-04,84.99999999999943,0.1431092908903892,0.1431092908903892
2021-01-05,56.00000000000023,-0.5240964878814319,-0.5240964878814319
2021-01-06,82.99999999999841,0.09709509925092848,0.09709509925092848
2021-01-07,52.00000000000102,-0.616124871160288,-0.616124871160288
2021-01-12,53.000000000000114,-0.5931177753405903,-0.5931177753405903
2021-01-14,64.00000000000148,-0.3400397213236543,-0.3400397213236543
2021-01-18,56.99999999999932,-0.5010893920617342,-0.5010893920617342
2021-01-19,34.99999999999943,-1.0072455000955407,-1.0072455000955407
2021-01-20,25.0,-1.2373164582927136,-1.2373164582927136
2021-01-21,81.99999999999932,0.0740880034312308,0.0740880034312308
2021-01-22,64.00000000000148,-0.3400397213236543,-0.3400397213236543
2021-01-25,75.99999999999909,-0.06395457148708603,-0.06395457148708603
2021-01-26,51.00000000000193,-0.6391319669799856,-0.6391319669799856
2021-01-27,73.00000000000182,-0.13297585894617905,-0.13297585894617905
2021-02-01,44.99999999999886,-0.7771745418983679,-0.7771745418983679
2021-02-02,59.99999999999943,-0.4320681046025758,-0.4320681046025758
2021-02-03,34.99999999999943,-1.0072455000955407,-1.0072455000955407
2021-02-04,46.999999999999886,-0.7311603502589071,-0.7311603502589071
2021-02-09,44.000000000002615,-0.8001816377180001,-0.8001816377180001
2021-02-11,39.999999999997726,-0.892210020996987,-0.892210020996987
2021-02-15,54.999999999998295,-0.5471035837011949,-0.5471035837011949
2021-02-16,95.99999999999795,0.3961873449072598,0.3961873449072598
2021-02-18,87.99999999999955,0.21213057834954763,0.21213057834954763
2021-02-19,71.99999999999989,-0.15598295476594212,-0.15598295476594212
2021-02-22,143.99999999999977,1.5005279442537944,1.5005279442537944
2021-02-23,83.00000000000125,0.09709509925099387,0.09709509925099387
2021-02-24,91.99999999999875,0.3041589616284037,0.3041589616284037
2021-03-01,97.99999999999898,0.44220153654672056,0.44220153654672056
2021-03-02,79.00000000000205,0.005066715972137775,0.005066715972137775
2021-03-03,121.99999999999989,0.9943718362199879,0.9943718362199879
2021-03-04,79.9999999999983,0.02807381179177006,0.02807381179177006
2021-03-09,86.99999999999761,0.18912348252978456,0.18912348252978456
2021-03-11,89.99999999999773,0.258144769988943,0.258144769988943
2021-03-15,67.00000000000159,-0.27101843386449587,-0.27101843386449587
2021-03-16,36.000000000001364,-0.9842384042757777,-0.9842384042757777
2021-03-17,82.00000000000216,0.07408800343129619,0.07408800343129619
2021-03-18,94.99999999999886,0.37318024908756214,0.37318024908756214
2021-03-19,50.0,-0.6621390627997488,-0.6621390627997488
2021-03-22,57.00000000000216,-0.5010893920616688,-0.5010893920616688
2021-03-23,75.0,-0.0869616673067837,-0.0869616673067837
2021-03-24,50.99999999999909,-0.639131966980051,-0.639131966980051
2021-03-29,89.00000000000148,0.2351376741693107,0.2351376741693107
2021-03-30,84.99999999999943,0.1431092908903892,0.1431092908903892
2021-03-31,52.00000000000102,-0.616124871160288,-0.616124871160288
2021-04-01,79.00000000000205,0.005066715972137775,0.005066715972137775
2021-04-06,56.99999999999932,-0.5010893920617342,-0.5010893920617342
2021-04-07,46.000000000000796,-0.7541674460786048,-0.7541674460786048
2021-04-08,49.00000000000091,-0.6851461586194464,-0.6851461586194464
2021-04-14,96.0000000000008,0.3961873449073252,0.3961873449073252
2021-04-15,92.00000000000159,0.3041589616284691,0.3041589616284691
2021-04-19,90.00000000000057,0.25814476998900837,0.25814476998900837
2021-04-20,84.00000000000034,0.12010219507069154,0.12010219507069154
2021-04-21,50.99999999999909,-0.639131966980051,-0.639131966980051
2021-04-22,74.00000000000091,-0.10996876312648138,-0.10996876312648138
2021-04-23,46.000000000000796,-0.7541674460786048,-0.7541674460786048
2021-04-26,48.99999999999807,-0.6851461586195118,-0.6851461586195118
2021-04-27,40.00000000000057,-0.8922100209969216,-0.8922100209969216
2021-04-28,62.999999999999545,-0.36304681714341736,-0.36304681714341736
2021-05-03,87.00000000000045,0.18912348252984995,0.18912348252984995
2021-05-04,91.0000000000025,0.28115186580877144,0.28115186580877144
2021-05-05,43.99999999999977,-0.8001816377180655,-0.8001816377180655
2021-05-06,65.00000000000057,-0.3170326255039566,-0.3170326255039566
2021-05-11,86.00000000000136,0.16611638671015228,0.16611638671015228
2021-05-17,68.00000000000068,-0.24801133804479822,-0.24801133804479822
2021-05-18,44.99999999999886,-0.7771745418983679,-0.7771745418983679
2021-05-19,83.00000000000125,0.09709509925099387,0.09709509925099387
2021-05-20,43.99999999999977,-0.8001816377180655,-0.8001816377180655
2021-05-21,56.00000000000023,-0.5240964878814319,-0.5240964878814319
2021-05-24,38.999999999998636,-0.9152171168166847,-0.9152171168166847
2021-05-25,62.999999999999545,-0.36304681714341736,-0.36304681714341736
2021-05-26,71.0000000000008,-0.1789900505856398,-0.1789900505856398
2021-05-31,60.000000000002274,-0.4320681046025104,-0.4320681046025104
2021-06-01,46.999999999999886,-0.7311603502589071,-0.7311603502589071
2021-06-02,31.999999999999318,-1.0762667875546992,-1.0762667875546992
2021-06-03,38.999999999998636,-0.9152171168166847,-0.9152171168166847
2021-06-07,34.99999999999943,-1.0072455000955407,-1.0072455000955407
2021-06-08,25.99999999999909,-1.2143093624730161,-1.2143093624730161
2021-06-09,76.99999999999818,-0.04094747566738836,-0.04094747566738836
2021-06-16,75.0,-0.0869616673067837,-0.0869616673067837
2021-06-17,89.99999999999773,0.258144769988943,0.258144769988943
2021-06-18,51.99999999999818,-0.6161248711603534,-0.6161248711603534
2021-06-21,109.99999999999943,0.7182866863833542,0.7182866863833542
2021-06-22,53.000000000000114,-0.5931177753405903,-0.5931177753405903
2021-06-23,70.0000000000017,-0.20199714640533747,-0.20199714640533747
2021-06-28,62.999999999999545,-0.36304681714341736,-0.36304681714341736
2021-06-29,46.999999999999886,-0.7311603502589071,-0.7311603502589071
2021-06-30,76.00000000000193,-0.06395457148702065,-0.06395457148702065
2021-07-01,46.999999999999886,-0.7311603502589071,-0.7311603502589071
2021-07-05,53.000000000000114,-0.5931177753405903,-0.5931177753405903
2021-07-06,115.99999999999966,0.8563292613016711,0.8563292613016711
2021-07-07,81.00000000000023,0.051080907611533125,0.051080907611533125
2021-07-08,68.00000000000068,-0.24801133804479822,-0.24801133804479822
2021-07-09,44.99999999999886,-0.7771745418983679,-0.7771745418983679
2021-07-15,45.000000000001705,-0.7771745418983025,-0.7771745418983025
2021-07-19,69.99999999999886,-0.20199714640540287,-0.20199714640540287
2021-07-20,87.00000000000045,0.18912348252984995,0.18912348252984995
2021-07-21,70.0000000000017,-0.20199714640533747,-0.20199714640533747
2021-07-22,90.99999999999966,0.28115186580870605,0.28115186580870605
2021-07-23,40.99999999999966,-0.869202925177224,-0.869202925177224
2021-07-26,79.9999999999983,0.02807381179177006,0.02807381179177006
2021-07-27,55.00000000000114,-0.5471035837011295,-0.5471035837011295
2021-07-28,46.000000000000796,-0.7541674460786048,-0.7541674460786048
2021-08-02,71.99999999999989,-0.15598295476594212,-0.15598295476594212
2021-08-03,45.000000000001705,-0.7771745418983025,-0.7771745418983025
2021-08-04,67.00000000000159,-0.27101843386449587,-0.27101843386449587
2021-08-05,56.00000000000023,-0.5240964878814319,-0.5240964878814319
2021-08-10,53.999999999999204,-0.5701106795208927,-0.5701106795208927
2021-08-16,59.00000000000034,-0.45507520042227345,-0.45507520042227345
2021-08-17,56.00000000000023,-0.5240964878814319,-0.5240964878814319
2021-08-18,37.000000000000455,-0.9612313084560801,-0.9612313084560801
2021-08-19,37.999999999999545,-0.9382242126363823,-0.9382242126363823
2021-08-20,22.999999999998977,-1.2833306499321744,-1.2833306499321744
2021-08-23,59.99999999999943,-0.4320681046025758,-0.4320681046025758
2021-08-24,42.00000000000159,-0.8461958293574608,-0.8461958293574608
2021-08-25,96.0000000000008,0.3961873449073252,0.3961873449073252
2021-08-30,56.99999999999932,-0.5010893920617342,-0.5010893920617342
2021-08-31,113.99999999999864,0.8103150696622103,0.8103150696622103
2021-09-01,52.00000000000102,-0.616124871160288,-0.616124871160288
2021-09-02,45.000000000001705,-0.7771745418983025,-0.7771745418983025
2021-09-06,37.000000000000455,-0.9612313084560801,-0.9612313084560801
2021-09-07,81.99999999999932,0.0740880034312308,0.0740880034312308
2021-09-08,37.999999999999545,-0.9382242126363823,-0.9382242126363823
2021-09-09,88.99999999999864,0.2351376741692453,0.2351376741692453
2021-09-15,72.99999999999898,-0.13297585894624445,-0.13297585894624445
2021-09-16,43.00000000000068,-0.8231887335377632,-0.8231887335377632
2021-09-20,84.99999999999943,0.1431092908903892,0.1431092908903892
2021-09-21,68.99999999999977,-0.22500424222510054,-0.22500424222510054
2021-09-22,52.00000000000102,-0.616124871160288,-0.616124871160288
2021-09-23,112.00000000000045,0.764300878022815,0.764300878022815
2021-09-24,48.00000000000182,-0.7081532544391441,-0.7081532544391441
2021-09-27,95.0000000000017,0.37318024908762754,0.37318024908762754
2021-09-28,83.00000000000125,0.09709509925099387,0.09709509925099387
2021-09-29,70.99999999999795,-0.1789900505857052,-0.1789900505857052
2021-10-04,63.00000000000239,-0.36304681714335196,-0.36304681714335196
2021-10-05,75.0,-0.0869616673067837,-0.0869616673067837
2021-10-06,78.9999999999992,0.0050667159720723855,0.0050667159720723855
2021-10-07,59.99999999999943,-0.4320681046025758,-0.4320681046025758
2021-10-11,54.000000000002046,-0.5701106795208273,-0.5701106795208273
2021-10-18,66.0000000000025,-0.29402552968419354,-0.29402552968419354
2021-10-19,113.99999999999864,0.8103150696622103,0.8103150696622103
2021-10-20,78.9999999999992,0.0050667159720723855,0.0050667159720723855
2021-10-21,88.00000000000239,0.21213057834961302,0.21213057834961302
2021-10-22,71.0000000000008,-0.1789900505856398,-0.1789900505856398
2021-10-25,61.000000000001364,-0.4090610087828127,-0.4090610087828127
2021-10-26,56.99999999999932,-0.5010893920617342,-0.5010893920617342
2021-10-27,132.00000000000216,1.2244427944172263,1.2244427944172263
2021-11-01,87.00000000000045,0.18912348252984995,0.18912348252984995
2021-11-02,105.00000000000114,0.6032512072848004,0.6032512072848004
2021-11-03,71.99999999999989,-0.15598295476594212,-0.15598295476594212
2021-11-04,130.00000000000114,1.1784286027777655,1.1784286027777655
2021-11-11,65.99999999999966,-0.29402552968425893,-0.29402552968425893
2021-11-15,98.00000000000182,0.44220153654678596,0.44220153654678596
2021-11-16,50.0,-0.6621390627997488,-0.6621390627997488
2021-11-17,41.99999999999875,-0.8461958293575262,-0.8461958293575262
2021-11-18,50.0,-0.6621390627997488,-0.6621390627997488
2021-11-19,141.99999999999875,1.4545137526143337,1.4545137526143337
2021-11-22,103.9999999999992,0.5802441114650374,0.5802441114650374
2021-11-23,113.99999999999864,0.8103150696622103,0.8103150696622103
2021-11-25,46.000000000000796,-0.7541674460786048,-0.7541674460786048
2021-11-26,132.00000000000216,1.2244427944172263,1.2244427944172263
2021-11-29,72.99999999999898,-0.13297585894624445,-0.13297585894624445
2021-11-30,87.00000000000045,0.18912348252984995,0.18912348252984995
2021-12-01,96.0000000000008,0.3961873449073252,0.3961873449073252
2021-12-02,93.99999999999977,0.35017315326786447,0.35017315326786447
2021-12-06,40.99999999999966,-0.869202925177224,-0.869202925177224
2021-12-07,51.99999999999818,-0.6161248711603534,-0.6161248711603534
2021-12-08,56.00000000000023,-0.5240964878814319,-0.5240964878814319
2021-12-09,87.00000000000045,0.18912348252984995,0.18912348252984995
2021-12-15,52.00000000000102,-0.616124871160288,-0.616124871160288
2021-12-16,100.99999999999909,0.5112228240058789,0.5112228240058789
2021-12-17,57.99999999999841,-0.4780822962420365,-0.4780822962420365
2021-12-20,84.99999999999943,0.1431092908903892,0.1431092908903892
2021-12-21,121.0000000000008,0.9713647404002902,0.9713647404002902
2021-12-27,55.999999999997385,-0.5240964878814973,-0.5240964878814973
2021-12-28,37.999999999999545,-0.9382242126363823,-0.9382242126363823
2021-12-29,110.99999999999852,0.7412937822030519,0.7412937822030519
2021-12-30,47.99999999999898,-0.7081532544392095,-0.7081532544392095
2022-01-03,97.99999999999898,0.44220153654672056,0.44220153654672056
2022-01-04,66.99999999999875,-0.27101843386456126,-0.27101843386456126
2022-01-05,40.00000000000057,-0.8922100209969216,-0.8922100209969216
2022-01-06,66.0000000000025,-0.29402552968419354,-0.29402552968419354
2022-01-11,62.999999999999545,-0.36304681714341736,-0.36304681714341736
2022-01-17,38.999999999998636,-0.9152171168166847,-0.9152171168166847
2022-01-18,50.0,-0.6621390627997488,-0.6621390627997488
2022-01-19,59.00000000000034,-0.45507520042227345,-0.45507520042227345
2022-01-20,72.99999999999898,-0.13297585894624445,-0.13297585894624445
2022-01-21,71.0000000000008,-0.1789900505856398,-0.1789900505856398
2022-01-24,96.99999999999989,0.4191944407270229,0.4191944407270229
2022-01-25,62.999999999999545,-0.36304681714341736,-0.36304681714341736
2022-01-26,92.00000000000159,0.3041589616284691,0.3041589616284691
2022-01-31,112.00000000000045,0.764300878022815,0.764300878022815
2022-02-01,88.99999999999864,0.2351376741692453,0.2351376741692453
2022-02-02,75.99999999999909,-0.06395457148708603,-0.06395457148708603
2022-02-03,196.9999999999999,2.719904022698883,2.719904022698883
2022-02-07,111.00000000000136,0.7412937822031173,0.7412937822031173
2022-02-08,108.00000000000125,0.6722724947439589,0.6722724947439589
2022-02-09,67.99999999999784,-0.2480113380448636,-0.2480113380448636
2022-02-16,112.99999999999955,0.7873079738425126,0.7873079738425126
2022-02-17,94.00000000000261,0.35017315326792986,0.35017315326792986
2022-02-18,112.99999999999955,0.7873079738425126,0.7873079738425126
2022-02-21,116.99999999999875,0.8793363571213687,0.8793363571213687
2022-02-22,200.9999999999991,2.811932405977739,2.811932405977739
2022-02-23,78.00000000000011,-0.01794037984762529,-0.01794037984762529
2022-02-28,175.0,2.2137479146650763,2.2137479146650763
2022-03-01,381.0000000000002,6.9532096535271135,6.9532096535271135
2022-03-02,184.00000000000034,2.4208117770425517,2.4208117770425517
2022-03-03,128.9999999999992,1.1554215069580025,1.1554215069580025
2022-03-07,204.9999999999983,2.9039607892565953,2.9039607892565953
2022-03-08,189.00000000000148,2.535847256141171,2.535847256141171
2022-03-09,190.99999999999966,2.581861447780566,2.581861447780566
2022-03-16,125.0,1.0633931236791463,1.0633931236791463
2022-03-17,100.99999999999909,0.5112228240058789,0.5112228240058789
2022-03-18,101.00000000000193,0.5112228240059443,0.5112228240059443
2022-03-21,156.99999999999932,1.7996201899101258,1.7996201899101258
2022-03-22,92.00000000000159,0.3041589616284691,0.3041589616284691
2022-03-23,125.0,1.0633931236791463,1.0633931236791463
2022-03-24,153.0000000000001,1.7075918066312696,1.7075918066312696
2022-03-28,101.99999999999818,0.5342299198255767,0.5342299198255767
2022-03-29,228.0000000000001,3.433123993110165,3.433123993110165
2022-04-04,166.99999999999875,2.0296911481072986,2.0296911481072986
2022-04-05,179.9999999999983,2.32878339376363,2.32878339376363
2022-04-06,93.99999999999977,0.35017315326786447,0.35017315326786447
2022-04-07,146.9999999999999,1.569549231712953,1.569549231712953
2022-04-08,103.00000000000011,0.5572370156453397,0.5572370156453397
2022-04-19,140.99999999999966,1.4315066567946362,1.4315066567946362
2022-04-20,175.0,2.2137479146650763,2.2137479146650763
2022-04-21,137.99999999999955,1.3624853693354777,1.3624853693354777
2022-04-22,86.99999999999761,0.18912348252978456,0.18912348252978456
2022-04-25,214.99999999999773,3.134031747453768,3.134031747453768
2022-04-26,156.00000000000023,1.7766130940904281,1.7766130940904281
2022-04-27,101.00000000000193,0.5112228240059443,0.5112228240059443
2022-05-02,96.0000000000008,0.3961873449073252,0.3961873449073252
2022-05-03,143.99999999999977,1.5005279442537944,1.5005279442537944
2022-05-04,128.9999999999992,1.1554215069580025,1.1554215069580025
2022-05-05,203.0000000000001,2.8579465976172,2.8579465976172
2022-05-10,166.99999999999875,2.0296911481072986,2.0296911481072986
2022-05-16,120.99999999999795,0.9713647404002248,0.9713647404002248
2022-05-17,140.99999999999966,1.4315066567946362,1.4315066567946362
2022-05-18,117.00000000000159,0.8793363571214341,0.8793363571214341
2022-05-19,196.9999999999999,2.719904022698883,2.719904022698883
2022-05-20,106.00000000000023,0.6262583031044981,0.6262583031044981
2022-05-23,126.00000000000193,1.0864002194989093,1.0864002194989093
2022-05-24,120.99999999999795,0.9713647404002248,0.9713647404002248
2022-05-25,95.0000000000017,0.37318024908762754,0.37318024908762754
2022-05-30,115.99999999999966,0.8563292613016711,0.8563292613016711
2022-05-31,154.9999999999983,1.753605998270665,1.753605998270665
2022-06-01,106.99999999999932,0.6492653989241958,0.6492653989241958
2022-06-02,103.00000000000011,0.5572370156453397,0.5572370156453397
2022-06-06,121.99999999999989,0.9943718362199879,0.9943718362199879
2022-06-07,93.99999999999977,0.35017315326786447,0.35017315326786447
2022-06-08,43.00000000000068,-0.8231887335377632,-0.8231887335377632
2022-06-09,211.00000000000136,3.0420033641749775,3.0420033641749775
2022-06-15,325.9999999999991,5.687819383442564,5.687819383442564
2022-06-16,469.0000000000026,8.977834085662405,8.977834085662405
2022-06-17,243.00000000000068,3.778230430405957,3.778230430405957
2022-06-20,182.9999999999984,2.3978046812227887,2.3978046812227887
2022-06-21,95.99999999999795,0.3961873449072598,0.3961873449072598
2022-06-22,231.99999999999932,3.5251523763890207,3.5251523763890207
2022-06-23,363.99999999999864,6.56208902459186,6.56208902459186
2022-06-27,178.9999999999992,2.3057762979439325,2.3057762979439325
2022-06-28,208.00000000000125,2.972982076715819,2.972982076715819
2022-07-01,340.99999999999966,6.032925820738356,6.032925820738356
2022-07-04,166.99999999999875,2.0296911481072986,2.0296911481072986
2022-07-05,272.999999999999,4.468443304997476,4.468443304997476
2022-07-06,235.99999999999852,3.617180759667877,3.617180759667877
2022-07-07,150.0,1.6385705191721114,1.6385705191721114
2022-07-11,191.99999999999875,2.6048685436002637,2.6048685436002637
2022-07-18,184.99999999999943,2.4438188728622494,2.4438188728622494
2022-07-19,197.99999999999898,2.7429111185185806,2.7429111185185806
2022-07-20,153.9999999999992,1.7305989024509674,1.7305989024509674
2022-07-21,268.9999999999998,4.376414921718619,4.376414921718619
2022-07-22,303.0000000000001,5.15865617958906,5.15865617958906
2022-07-25,108.00000000000125,0.6722724947439589,0.6722724947439589
2022-07-26,175.9999999999991,2.236755010484774,2.236755010484774
2022-07-27,87.99999999999955,0.21213057834954763,0.21213057834954763
2022-08-01,179.9999999999983,2.32878339376363,2.32878339376363
2022-08-02,259.99999999999943,4.169351059341144,4.169351059341144
2022-08-03,204.00000000000205,2.880953693436963,2.880953693436963
2022-08-04,162.00000000000045,1.914655669008745,1.914655669008745
2022-08-09,128.0000000000001,1.1324144111383048,1.1324144111383048
2022-08-15,179.9999999999983,2.32878339376363,2.32878339376363
2022-08-16,146.9999999999999,1.569549231712953,1.569549231712953
2022-08-17,212.99999999999955,3.0880175558143725,3.0880175558143725
2022-08-18,122.99999999999898,1.0173789320396855,1.0173789320396855
2022-08-19,162.99999999999955,1.9376627648284426,1.9376627648284426
2022-08-22,181.00000000000023,2.351790489583393,2.351790489583393
2022-08-23,217.0000000000016,3.180045939093294,3.180045939093294
2022-08-24,103.9999999999992,0.5802441114650374,0.5802441114650374
2022-08-29,107.00000000000216,0.6492653989242612,0.6492653989242612
2022-08-30,145.99999999999795,1.54654213589319,1.54654213589319
2022-08-31,161.00000000000136,1.8916485731890473,1.8916485731890473
2022-09-01,105.00000000000114,0.6032512072848004,0.6032512072848004
2022-09-05,187.99999999999955,2.512840160321408,2.512840160321408
2022-09-06,234.00000000000034,3.5711665680284814,3.5711665680284814
2022-09-07,113.99999999999864,0.8103150696622103,0.8103150696622103
2022-09-08,87.00000000000045,0.18912348252984995,0.18912348252984995
2022-09-09,201.99999999999818,2.834939501797437,2.834939501797437
2022-09-15,88.99999999999864,0.2351376741692453,0.2351376741692453
2022-09-19,107.99999999999841,0.6722724947438935,0.6722724947438935
2022-09-20,205.00000000000114,2.9039607892566606,2.9039607892566606
2022-09-21,125.0,1.0633931236791463,1.0633931236791463
2022-09-22,212.00000000000045,3.065010459994675,3.065010459994675
2022-09-23,254.00000000000205,4.031308484422893,4.031308484422893
2022-09-26,181.00000000000023,2.351790489583393,2.351790489583393
2022-09-27,266.99999999999875,4.330400730079159,4.330400730079159
2022-09-28,321.9999999999999,5.595791000163708,5.595791000163708
2022-10-03,333.9999999999975,5.8718761500002765,5.8718761500002765
2022-10-04,206.00000000000023,2.9269678850763583,2.9269678850763583
2022-10-05,221.9999999999999,3.295081418191848,3.295081418191848
2022-10-06,149.0000000000009,1.6155634233524137,1.6155634233524137
2022-10-10,262.99999999999955,4.238372346800302,4.238372346800302
2022-10-17,153.0000000000001,1.7075918066312696,1.7075918066312696
2022-10-18,175.0,2.2137479146650763,2.2137479146650763
2022-10-19,168.00000000000068,2.052698243927062,2.052698243927062
2022-10-20,128.9999999999992,1.1554215069580025,1.1554215069580025
2022-10-21,161.9999999999976,1.9146556690086796,1.9146556690086796
2022-10-24,159.00000000000034,1.8456343815495866,1.8456343815495866
2022-10-25,198.99999999999807,2.7659182143382783,2.7659182143382783
2022-10-26,136.00000000000136,1.3164711776960822,1.3164711776960822
2022-10-31,103.00000000000011,0.5572370156453397,0.5572370156453397
2022-11-01,153.9999999999992,1.7305989024509674,1.7305989024509674
2022-11-02,115.00000000000057,0.8333221654819734,0.8333221654819734
2022-11-03,135.99999999999852,1.316471177696017,1.316471177696017
2022-11-07,107.99999999999841,0.6722724947438935,0.6722724947438935
2022-11-08,156.00000000000023,1.7766130940904281,1.7766130940904281
2022-11-09,154.00000000000205,1.7305989024510329,1.7305989024510329
2022-11-16,216.0000000000025,3.1570388432735963,3.1570388432735963
2022-11-17,136.00000000000136,1.3164711776960822,1.3164711776960822
2022-11-18,133.00000000000125,1.247449890236924,1.247449890236924
2022-11-21,132.9999999999984,1.2474498902368585,1.2474498902368585
2022-11-22,75.0,-0.0869616673067837,-0.0869616673067837
2022-11-24,140.00000000000057,1.4084995609749384,1.4084995609749384
2022-11-25,168.99999999999977,2.0757053397467593,2.0757053397467593
2022-11-28,163.99999999999864,1.9606698606481403,1.9606698606481403
2022-11-29,165.99999999999966,2.0066840522876013,2.0066840522876013
2022-12-05,100.99999999999909,0.5112228240058789,0.5112228240058789
2022-12-06,167.0000000000016,2.0296911481073643,2.0296911481073643
2022-12-07,121.0000000000008,0.9713647404002902,0.9713647404002902
2022-12-08,46.999999999999886,-0.7311603502589071,-0.7311603502589071
2022-12-14,140.99999999999966,1.4315066567946362,1.4315066567946362
2022-12-15,265.99999999999966,4.307393634259461,4.307393634259461
2022-12-16,165.99999999999966,2.0066840522876013,2.0066840522876013
2022-12-19,94.99999999999886,0.37318024908756214,0.37318024908756214
2022-12-20,143.99999999999977,1.5005279442537944,1.5005279442537944
2022-12-21,71.99999999999989,-0.15598295476594212,-0.15598295476594212
2022-12-27,150.0,1.6385705191721114,1.6385705191721114
2022-12-28,82.00000000000216,0.07408800343129619,0.07408800343129619
2022-12-29,106.99999999999932,0.6492653989241958,0.6492653989241958
2022-12-30,146.9999999999999,1.569549231712953,1.569549231712953
2023-01-02,193.99999999999977,2.6508827352397244,2.6508827352397244
2023-01-03,176.00000000000193,2.2367550104848393,2.2367550104848393
2023-01-04,158.9999999999975,1.845634381549521,1.845634381549521
2023-01-05,92.99999999999784,0.3271660574481014,0.3271660574481014
2023-01-10,89.00000000000148,0.2351376741693107,0.2351376741693107
2023-01-11,151.99999999999818,1.6845847108115066,1.6845847108115066
2023-01-16,83.00000000000125,0.09709509925099387,0.09709509925099387
2023-01-17,186.00000000000136,2.4668259686820124,2.4668259686820124
2023-01-20,143.00000000000068,1.4775208484340967,1.4775208484340967
2023-01-23,78.00000000000011,-0.01794037984762529,-0.01794037984762529
2023-01-24,95.0000000000017,0.37318024908762754,0.37318024908762754
2023-01-25,116.0000000000025,0.8563292613017365,0.8563292613017365
2023-01-30,155.00000000000114,1.7536059982707304,1.7536059982707304
2023-01-31,81.00000000000023,0.051080907611533125,0.051080907611533125
2023-02-01,84.00000000000034,0.12010219507069154,0.12010219507069154
2023-02-02,286.00000000000136,4.767535550653872,4.767535550653872
2023-02-06,109.00000000000034,0.6952795905636565,0.6952795905636565
2023-02-07,116.99999999999875,0.8793363571213687,0.8793363571213687
2023-02-08,79.9999999999983,0.02807381179177006,0.02807381179177006
2023-02-09,141.99999999999875,1.4545137526143337,1.4545137526143337
2023-02-15,96.0000000000008,0.3961873449073252,0.3961873449073252
2023-02-17,166.0000000000025,2.0066840522876666,2.0066840522876666
2023-02-20,50.99999999999909,-0.639131966980051,-0.639131966980051
2023-02-21,121.0000000000008,0.9713647404002902,0.9713647404002902
2023-02-22,80.00000000000114,0.028073811791835452,0.028073811791835452
2023-02-27,96.0000000000008,0.3961873449073252,0.3961873449073252
2023-02-28,155.00000000000114,1.7536059982707304,1.7536059982707304
2023-03-01,123.00000000000182,1.017378932039751,1.017378932039751
2023-03-02,81.99999999999932,0.0740880034312308,0.0740880034312308
2023-03-03,81.99999999999932,0.0740880034312308,0.0740880034312308
2023-03-06,129.00000000000205,1.1554215069580678,1.1554215069580678
2023-03-07,117.99999999999784,0.9023434529410664,0.9023434529410664
2023-03-08,76.00000000000193,-0.06395457148702065,-0.06395457148702065
2023-03-09,121.0000000000008,0.9713647404002902,0.9713647404002902
2023-03-16,215.99999999999966,3.157038843273531,3.157038843273531
2023-03-20,320.0000000000017,5.549776808524313,5.549776808524313
2023-03-21,253.9999999999992,4.031308484422827,4.031308484422827
2023-03-22,181.99999999999932,2.374797585403091,2.374797585403091
2023-03-23,206.00000000000023,2.9269678850763583,2.9269678850763583
2023-03-24,218.99999999999977,3.2260601307326895,3.2260601307326895
2023-03-27,168.00000000000068,2.052698243927062,2.052698243927062
2023-03-28,100.99999999999909,0.5112228240058789,0.5112228240058789
2023-03-29,85.00000000000227,0.1431092908904546,0.1431092908904546
2023-04-03,151.99999999999818,1.6845847108115066,1.6845847108115066
2023-04-04,121.0000000000008,0.9713647404002902,0.9713647404002902
2023-04-05,164.00000000000148,1.9606698606482058,1.9606698606482058
2023-04-06,114.00000000000148,0.8103150696622757,0.8103150696622757
2023-04-11,116.99999999999875,0.8793363571213687,0.8793363571213687
2023-04-17,90.00000000000057,0.25814476998900837,0.25814476998900837
2023-04-18,76.99999999999818,-0.04094747566738836,-0.04094747566738836
2023-04-19,65.99999999999966,-0.29402552968425893,-0.29402552968425893
2023-04-20,77.00000000000102,-0.040947475667322965,-0.040947475667322965
2023-04-21,87.00000000000045,0.18912348252984995,0.18912348252984995
2023-04-24,93.00000000000068,0.3271660574481668,0.3271660574481668
2023-04-25,195.0000000000017,2.6738898310594874,2.6738898310594874
2023-04-26,121.99999999999989,0.9943718362199879,0.9943718362199879
2023-05-02,202.00000000000102,2.834939501797502,2.834939501797502
2023-05-03,78.9999999999992,0.0050667159720723855,0.0050667159720723855
2023-05-04,159.99999999999943,1.8686414773692843,1.8686414773692843
2023-05-09,78.00000000000011,-0.01794037984762529,-0.01794037984762529
2023-05-15,44.99999999999886,-0.7771745418983679,-0.7771745418983679
2023-05-16,124.00000000000091,1.0403860278594486,1.0403860278594486
2023-05-17,68.99999999999977,-0.22500424222510054,-0.22500424222510054
2023-05-18,159.00000000000034,1.8456343815495866,1.8456343815495866
2023-05-19,102.00000000000102,0.534229919825642,0.534229919825642
2023-05-22,79.00000000000205,0.005066715972137775,0.005066715972137775
2023-05-23,62.000000000000455,-0.38605391296311503,-0.38605391296311503
2023-05-24,98.99999999999807,0.46520863236641824,0.46520863236641824
2023-05-29,128.9999999999992,1.1554215069580025,1.1554215069580025
2023-05-30,131.99999999999932,1.2244427944171608,1.2244427944171608
2023-05-31,109.00000000000034,0.6952795905636565,0.6952795905636565
2023-06-01,99.00000000000091,0.46520863236648363,0.46520863236648363
2023-06-05,84.99999999999943,0.1431092908903892,0.1431092908903892
2023-06-06,112.00000000000045,0.764300878022815,0.764300878022815
2023-06-07,146.9999999999999,1.569549231712953,1.569549231712953
2023-06-08,43.99999999999977,-0.8001816377180655,-0.8001816377180655
2023-06-09,86.00000000000136,0.16611638671015228,0.16611638671015228
2023-06-15,124.00000000000091,1.0403860278594486,1.0403860278594486
2023-06-19,112.99999999999955,0.7873079738425126,0.7873079738425126
2023-06-20,134.00000000000034,1.2704569860566215,1.2704569860566215
2023-06-21,72.99999999999898,-0.13297585894624445,-0.13297585894624445
2023-06-22,124.00000000000091,1.0403860278594486,1.0403860278594486
2023-06-23,195.0000000000017,2.6738898310594874,2.6738898310594874
2023-06-26,90.00000000000057,0.25814476998900837,0.25814476998900837
2023-06-27,91.99999999999875,0.3041589616284037,0.3041589616284037
2023-06-28,93.00000000000068,0.3271660574481668,0.3271660574481668
2023-07-03,100.99999999999909,0.5112228240058789,0.5112228240058789
2023-07-04,59.99999999999943,-0.4320681046025758,-0.4320681046025758
2023-07-05,118.99999999999977,0.9253505487608294,0.9253505487608294
2023-07-06,168.00000000000068,2.052698243927062,2.052698243927062
2023-07-11,76.00000000000193,-0.06395457148702065,-0.06395457148702065
2023-07-17,87.00000000000045,0.18912348252984995,0.18912348252984995
2023-07-18,123.99999999999807,1.0403860278593833,1.0403860278593833
2023-07-19,137.99999999999955,1.3624853693354777,1.3624853693354777
2023-07-20,103.9999999999992,0.5802441114650374,0.5802441114650374
2023-07-21,63.999999999998636,-0.3400397213237197,-0.3400397213237197
2023-07-24,103.9999999999992,0.5802441114650374,0.5802441114650374
2023-07-25,63.00000000000239,-0.36304681714335196,-0.36304681714335196
2023-07-26,85.99999999999852,0.16611638671008688,0.16611638671008688
2023-07-31,63.00000000000239,-0.36304681714335196,-0.36304681714335196
2023-08-01,96.0000000000008,0.3961873449073252,0.3961873449073252
2023-08-02,65.99999999999966,-0.29402552968425893,-0.29402552968425893
2023-08-03,87.99999999999955,0.21213057834954763,0.21213057834954763
2023-08-07,105.99999999999739,0.6262583031044328,0.6262583031044328
2023-08-08,162.99999999999955,1.9376627648284426,1.9376627648284426
2023-08-09,87.00000000000045,0.18912348252984995,0.18912348252984995
2023-08-15,112.00000000000045,0.764300878022815,0.764300878022815
2023-08-16,63.999999999998636,-0.3400397213237197,-0.3400397213237197
2023-08-17,48.99999999999807,-0.6851461586195118,-0.6851461586195118
2023-08-18,96.99999999999989,0.4191944407270229,0.4191944407270229
2023-08-21,94.99999999999886,0.37318024908756214,0.37318024908756214
2023-08-22,77.00000000000102,-0.040947475667322965,-0.040947475667322965
2023-08-23,162.00000000000045,1.914655669008745,1.914655669008745
2023-08-24,102.00000000000102,0.534229919825642,0.534229919825642
2023-08-28,63.00000000000239,-0.36304681714335196,-0.36304681714335196
2023-08-29,84.00000000000034,0.12010219507069154,0.12010219507069154
2023-09-04,58.00000000000125,-0.4780822962419711,-0.4780822962419711
2023-09-05,64.99999999999773,-0.317032625504022,-0.317032625504022
2023-09-06,80.00000000000114,0.028073811791835452,0.028073811791835452
2023-09-07,40.00000000000057,-0.8922100209969216,-0.8922100209969216
2023-09-08,68.00000000000068,-0.24801133804479822,-0.24801133804479822
2023-09-12,54.000000000002046,-0.5701106795208273,-0.5701106795208273
2023-09-18,51.00000000000193,-0.6391319669799856,-0.6391319669799856
2023-09-19,71.0000000000008,-0.1789900505856398,-0.1789900505856398
2023-09-20,66.99999999999875,-0.27101843386456126,-0.27101843386456126
2023-09-21,61.99999999999761,-0.3860539129631804,-0.3860539129631804
2023-09-22,94.99999999999886,0.37318024908756214,0.37318024908756214
2023-09-25,78.00000000000011,-0.01794037984762529,-0.01794037984762529
2023-09-26,61.000000000001364,-0.4090610087828127,-0.4090610087828127
2023-09-27,116.99999999999875,0.8793363571213687,0.8793363571213687
2023-10-02,87.99999999999955,0.21213057834954763,0.21213057834954763
2023-10-03,85.00000000000085,0.1431092908904219,0.1431092908904219
2023-10-04,112.99999999999955,0.7873079738425126,0.7873079738425126
2023-10-05,107.00000000000074,0.6492653989242285,0.6492653989242285
2023-10-09,151.99999999999818,1.6845847108115066,1.6845847108115066
2023-10-16,67.00000000000159,-0.27101843386449587,-0.27101843386449587
2023-10-17,117.99999999999926,0.9023434529410991,0.9023434529410991
2023-10-18,71.99999999999989,-0.15598295476594212,-0.15598295476594212
2023-10-19,59.99999999999943,-0.4320681046025758,-0.4320681046025758
2023-10-20,64.99999999999915,-0.3170326255039893,-0.3170326255039893
2023-10-23,118.00000000000068,0.9023434529411318,0.9023434529411318
2023-10-24,90.00000000000057,0.25814476998900837,0.25814476998900837
2023-10-25,119.0000000000012,0.9253505487608622,0.9253505487608622
2023-10-30,98.00000000000182,0.44220153654678596,0.44220153654678596
2023-10-31,96.99999999999989,0.4191944407270229,0.4191944407270229
2023-11-01,143.00000000000068,1.4775208484340967,1.4775208484340967
2023-11-02,90.99999999999966,0.28115186580870605,0.28115186580870605
2023-11-06,96.99999999999989,0.4191944407270229,0.4191944407270229
2023-11-07,121.0000000000008,0.9713647404002902,0.9713647404002902
2023-11-08,66.99999999999875,-0.27101843386456126,-0.27101843386456126
2023-11-09,115.99999999999966,0.8563292613016711,0.8563292613016711
2023-11-16,71.99999999999989,-0.15598295476594212,-0.15598295476594212
2023-11-17,84.00000000000034,0.12010219507069154,0.12010219507069154
2023-11-20,53.000000000000114,-0.5931177753405903,-0.5931177753405903
2023-11-21,61.000000000001364,-0.4090610087828127,-0.4090610087828127
2023-11-23,85.00000000000227,0.1431092908904546,0.1431092908904546
2023-11-24,51.99999999999818,-0.6161248711603534,-0.6161248711603534
2023-11-27,127.00000000000102,1.109407315318607,1.109407315318607
2023-11-28,87.00000000000045,0.18912348252984995,0.18912348252984995
2023-12-01,130.00000000000114,1.1784286027777655,1.1784286027777655
2023-12-04,78.00000000000011,-0.01794037984762529,-0.01794037984762529
2023-12-05,109.00000000000034,0.6952795905636565,0.6952795905636565
2023-12-06,96.99999999999989,0.4191944407270229,0.4191944407270229
2023-12-07,79.00000000000205,0.005066715972137775,0.005066715972137775
2023-12-14,143.99999999999977,1.5005279442537944,1.5005279442537944
2023-12-15,166.99999999999875,2.0296911481072986,2.0296911481072986
2023-12-18,90.00000000000057,0.25814476998900837,0.25814476998900837
2023-12-19,69.99999999999886,-0.20199714640540287,-0.20199714640540287
2023-12-20,78.9999999999992,0.0050667159720723855,0.0050667159720723855
2023-12-27,117.00000000000159,0.8793363571214341,0.8793363571214341
2023-12-28,71.0000000000008,-0.1789900505856398,-0.1789900505856398
2023-12-29,130.00000000000114,1.1784286027777655,1.1784286027777655
2024-01-02,96.0000000000008,0.3961873449073252,0.3961873449073252
2024-01-03,131.99999999999932,1.2244427944171608,1.2244427944171608
2024-01-04,207.00000000000216,2.9499749808961213,2.9499749808961213
2024-01-09,63.999999999998636,-0.3400397213237197,-0.3400397213237197
2024-01-10,84.00000000000034,0.12010219507069154,0.12010219507069154
2024-01-15,75.0,-0.0869616673067837,-0.0869616673067837
2024-01-16,93.00000000000068,0.3271660574481668,0.3271660574481668
2024-01-17,78.9999999999992,0.0050667159720723855,0.0050667159720723855
2024-01-18,75.0,-0.0869616673067837,-0.0869616673067837
2024-01-22,50.0,-0.6621390627997488,-0.6621390627997488
2024-01-23,83.00000000000125,0.09709509925099387,0.09709509925099387
2024-01-24,78.00000000000011,-0.01794037984762529,-0.01794037984762529
2024-01-29,86.00000000000136,0.16611638671015228,0.16611638671015228
2024-01-30,107.99999999999841,0.6722724947438935,0.6722724947438935
2024-01-31,109.99999999999943,0.7182866863833542,0.7182866863833542
2024-02-01,109.00000000000034,0.6952795905636565,0.6952795905636565
2024-02-06,79.00000000000205,0.005066715972137775,0.005066715972137775
2024-02-07,62.999999999999545,-0.36304681714341736,-0.36304681714341736
2024-02-08,93.99999999999977,0.35017315326786447,0.35017315326786447
2024-02-15,83.00000000000125,0.09709509925099387,0.09709509925099387
2024-02-19,40.00000000000057,-0.8922100209969216,-0.8922100209969216
2024-02-20,62.999999999999545,-0.36304681714341736,-0.36304681714341736
2024-02-21,104.00000000000205,0.5802441114651028,0.5802441114651028
2024-02-22,102.00000000000102,0.534229919825642,0.534229919825642
2024-02-23,131.99999999999932,1.2244427944171608,1.2244427944171608
2024-02-27,68.99999999999977,-0.22500424222510054,-0.22500424222510054
2024-03-04,47.99999999999898,-0.7081532544392095,-0.7081532544392095
2024-03-05,116.99999999999875,0.8793363571213687,0.8793363571213687
2024-03-06,53.000000000000114,-0.5931177753405903,-0.5931177753405903
2024-03-07,53.999999999999204,-0.5701106795208927,-0.5701106795208927
2024-03-13,88.99999999999864,0.2351376741692453,0.2351376741692453
2024-03-18,56.00000000000023,-0.5240964878814319,-0.5240964878814319
2024-03-19,43.00000000000068,-0.8231887335377632,-0.8231887335377632
2024-03-20,59.00000000000034,-0.45507520042227345,-0.45507520042227345
2024-03-21,70.99999999999795,-0.1789900505857052,-0.1789900505857052
2024-03-22,90.00000000000057,0.25814476998900837,0.25814476998900837
2024-03-25,75.99999999999909,-0.06395457148708603,-0.06395457148708603
2024-03-26,39.00000000000148,-0.9152171168166193,-0.9152171168166193
2024-03-27,66.99999999999875,-0.27101843386456126,-0.27101843386456126
2024-04-02,107.99999999999841,0.6722724947438935,0.6722724947438935
2024-04-03,76.99999999999818,-0.04094747566738836,-0.04094747566738836
2024-04-04,79.9999999999983,0.02807381179177006,0.02807381179177006
2024-04-09,87.00000000000045,0.18912348252984995,0.18912348252984995
2024-04-16,114.00000000000148,0.8103150696622757,0.8103150696622757
2024-04-17,67.99999999999784,-0.2480113380448636,-0.2480113380448636
2024-04-18,86.00000000000136,0.16611638671015228,0.16611638671015228
2024-04-19,140.99999999999966,1.4315066567946362,1.4315066567946362
2024-04-22,76.99999999999818,-0.04094747566738836,-0.04094747566738836
2024-04-23,68.99999999999977,-0.22500424222510054,-0.22500424222510054
2024-04-24,91.99999999999875,0.3041589616284037,0.3041589616284037
2024-04-29,76.99999999999818,-0.04094747566738836,-0.04094747566738836
2024-04-30,113.99999999999864,0.8103150696622103,0.8103150696622103
2024-05-02,59.99999999999943,-0.4320681046025758,-0.4320681046025758
2024-05-06,65.00000000000057,-0.3170326255039566,-0.3170326255039566
2024-05-07,47.00000000000273,-0.7311603502588417,-0.7311603502588417
2024-05-08,46.999999999999886,-0.7311603502589071,-0.7311603502589071
2024-05-09,45.000000000001705,-0.7771745418983025,-0.7771745418983025
2024-05-16,83.00000000000125,0.09709509925099387,0.09709509925099387
2024-05-17,79.9999999999983,0.02807381179177006,0.02807381179177006
2024-05-20,37.000000000000455,-0.9612313084560801,-0.9612313084560801
2024-05-21,47.99999999999898,-0.7081532544392095,-0.7081532544392095
2024-05-22,56.00000000000023,-0.5240964878814319,-0.5240964878814319
2024-05-23,104.9999999999983,0.603251207284735,0.603251207284735
2024-05-27,68.99999999999977,-0.22500424222510054,-0.22500424222510054
2024-05-28,83.00000000000125,0.09709509925099387,0.09709509925099387
2024-05-29,106.99999999999932,0.6492653989241958,0.6492653989241958
2024-06-03,96.99999999999989,0.4191944407270229,0.4191944407270229
2024-06-04,96.99999999999989,0.4191944407270229,0.4191944407270229
2024-06-05,61.000000000001364,-0.4090610087828127,-0.4090610087828127
2024-06-06,22.999999999998977,-1.2833306499321744,-1.2833306499321744
2024-06-11,76.00000000000193,-0.06395457148702065,-0.06395457148702065
2024-06-17,88.99999999999864,0.2351376741692453,0.2351376741692453
2024-06-18,62.999999999999545,-0.36304681714341736,-0.36304681714341736
2024-06-19,62.999999999999545,-0.36304681714341736,-0.36304681714341736
2024-06-20,56.99999999999932,-0.5010893920617342,-0.5010893920617342
2024-06-21,75.99999999999909,-0.06395457148708603,-0.06395457148708603
2024-06-24,50.0,-0.6621390627997488,-0.6621390627997488
2024-06-25,43.00000000000068,-0.8231887335377632,-0.8231887335377632
2024-06-26,59.00000000000034,-0.45507520042227345,-0.45507520042227345
2024-07-01,93.00000000000068,0.3271660574481668,0.3271660574481668
2024-07-02,47.99999999999898,-0.7081532544392095,-0.7081532544392095
2024-07-03,79.00000000000205,0.005066715972137775,0.005066715972137775
2024-07-04,32.99999999999841,-1.0532596917350014,-1.0532596917350014
2024-07-09,53.000000000000114,-0.5931177753405903,-0.5931177753405903
2024-07-10,60.000000000002274,-0.4320681046025104,-0.4320681046025104
2024-07-15,71.0000000000008,-0.1789900505856398,-0.1789900505856398
2024-07-16,68.99999999999977,-0.22500424222510054,-0.22500424222510054
2024-07-17,40.99999999999966,-0.869202925177224,-0.869202925177224
2024-07-19,60.99999999999852,-0.4090610087828781,-0.4090610087828781
2024-07-22,66.99999999999875,-0.27101843386456126,-0.27101843386456126
2024-07-23,67.99999999999784,-0.2480113380448636,-0.2480113380448636
2024-07-24,75.0,-0.0869616673067837,-0.0869616673067837
2024-07-29,64.00000000000148,-0.3400397213236543,-0.3400397213236543
2024-07-30,53.999999999999204,-0.5701106795208927,-0.5701106795208927
2024-07-31,68.99999999999977,-0.22500424222510054,-0.22500424222510054
2024-08-01,76.99999999999818,-0.04094747566738836,-0.04094747566738836
2024-08-05,140.00000000000057,1.4084995609749384,1.4084995609749384
2024-08-06,114.00000000000148,0.8103150696622757,0.8103150696622757
2024-08-07,90.00000000000057,0.25814476998900837,0.25814476998900837
2024-08-08,75.0,-0.0869616673067837,-0.0869616673067837
2024-08-09,51.99999999999818,-0.6161248711603534,-0.6161248711603534
2024-08-15,98.99999999999807,0.46520863236641824,0.46520863236641824
2024-08-19,53.000000000000114,-0.5931177753405903,-0.5931177753405903
2024-08-20,59.00000000000034,-0.45507520042227345,-0.45507520042227345
2024-08-22,96.99999999999989,0.4191944407270229,0.4191944407270229
2024-08-23,52.00000000000102,-0.616124871160288,-0.616124871160288
2024-08-26,65.99999999999966,-0.29402552968425893,-0.29402552968425893
2024-08-27,62.000000000000455,-0.38605391296311503,-0.38605391296311503
2024-08-28,50.0,-0.6621390627997488,-0.6621390627997488
2024-09-02,46.000000000000796,-0.7541674460786048,-0.7541674460786048
2024-09-03,91.99999999999875,0.3041589616284037,0.3041589616284037
2024-09-04,68.00000000000068,-0.24801133804479822,-0.24801133804479822
2024-09-05,45.000000000001705,-0.7771745418983025,-0.7771745418983025
2024-09-10,66.99999999999875,-0.27101843386456126,-0.27101843386456126
2024-09-16,46.000000000000796,-0.7541674460786048,-0.7541674460786048
2024-09-17,69.99999999999886,-0.20199714640540287,-0.20199714640540287
2024-09-18,74.00000000000091,-0.10996876312648138,-0.10996876312648138
2024-09-19,40.99999999999966,-0.869202925177224,-0.869202925177224
2024-09-20,61.000000000001364,-0.4090610087828127,-0.4090610087828127
2024-09-23,79.9999999999983,0.02807381179177006,0.02807381179177006
2024-09-24,78.00000000000011,-0.01794037984762529,-0.01794037984762529
2024-09-25,63.999999999998636,-0.3400397213237197,-0.3400397213237197
2024-09-30,68.00000000000068,-0.24801133804479822,-0.24801133804479822
2024-10-01,128.9999999999992,1.1554215069580025,1.1554215069580025
2024-10-02,87.99999999999955,0.21213057834954763,0.21213057834954763
2024-10-03,78.00000000000011,-0.01794037984762529,-0.01794037984762529
2024-10-07,62.999999999999545,-0.36304681714341736,-0.36304681714341736
2024-10-08,46.999999999999886,-0.7311603502589071,-0.7311603502589071
2024-10-09,59.00000000000034,-0.45507520042227345,-0.45507520042227345
2024-10-14,40.99999999999966,-0.869202925177224,-0.869202925177224
2024-10-16,56.99999999999932,-0.5010893920617342,-0.5010893920617342
2024-10-17,44.99999999999886,-0.7771745418983679,-0.7771745418983679
2024-10-18,58.00000000000125,-0.4780822962419711,-0.4780822962419711
2024-10-21,112.00000000000045,0.764300878022815,0.764300878022815
2024-10-22,55.999999999997385,-0.5240964878814973,-0.5240964878814973
2024-10-23,35.99999999999852,-0.9842384042758431,-0.9842384042758431
2024-10-24,87.00000000000045,0.18912348252984995,0.18912348252984995
2024-10-28,103.9999999999992,0.5802441114650374,0.5802441114650374
2024-10-29,81.00000000000023,0.051080907611533125,0.051080907611533125
2024-11-04,65.99999999999966,-0.29402552968425893,-0.29402552968425893
2024-11-05,62.000000000000455,-0.38605391296311503,-0.38605391296311503
2024-11-06,163.99999999999864,1.9606698606481403,1.9606698606481403
2024-11-07,100.99999999999909,0.5112228240058789,0.5112228240058789
2024-11-11,64.00000000000148,-0.3400397213236543,-0.3400397213236543
2024-11-15,67.00000000000159,-0.27101843386449587,-0.27101843386449587
2024-11-18,89.00000000000148,0.2351376741693107,0.2351376741693107
2024-11-19,93.00000000000068,0.3271660574481668,0.3271660574481668
2024-11-20,58.00000000000125,-0.4780822962419711,-0.4780822962419711
2024-11-21,81.00000000000023,0.051080907611533125,0.051080907611533125
2024-11-25,63.999999999998636,-0.3400397213237197,-0.3400397213237197
2024-11-26,57.00000000000216,-0.5010893920616688,-0.5010893920616688
2024-11-28,61.000000000001364,-0.4090610087828127,-0.4090610087828127
2024-11-29,59.99999999999943,-0.4320681046025758,-0.4320681046025758
2024-12-02,67.00000000000159,-0.27101843386449587,-0.27101843386449587
2024-12-03,50.0,-0.6621390627997488,-0.6621390627997488
2024-12-04,62.000000000000455,-0.38605391296311503,-0.38605391296311503
2024-12-05,84.99999999999943,0.1431092908903892,0.1431092908903892
2024-12-10,50.99999999999909,-0.639131966980051,-0.639131966980051
2024-12-13,76.00000000000193,-0.06395457148702065,-0.06395457148702065
2024-12-16,40.00000000000057,-0.8922100209969216,-0.8922100209969216
2024-12-17,47.99999999999898,-0.7081532544392095,-0.7081532544392095
2024-12-18,78.9999999999992,0.0050667159720723855,0.0050667159720723855
2024-12-23,44.99999999999886,-0.7771745418983679,-0.7771745418983679
2024-12-27,97.99999999999898,0.44220153654672056,0.44220153654672056
2024-12-30,76.99999999999818,-0.04094747566738836,-0.04094747566738836
2025-01-02,96.0000000000008,0.3961873449073252,0.3961873449073252
2025-01-03,100.0,0.4882157281861813,0.4882157281861813
2025-01-06,45.999999999997954,-0.7541674460786701,-0.7541674460786701
2025-01-07,53.999999999999204,-0.5701106795208927,-0.5701106795208927
2025-01-08,80.99999999999739,0.05108090761146774,0.05108090761146774
2025-01-09,40.99999999999966,-0.869202925177224,-0.869202925177224
2025-01-17,46.999999999999886,-0.7311603502589071,-0.7311603502589071
2025-01-20,40.00000000000057,-0.8922100209969216,-0.8922100209969216
2025-01-21,50.0,-0.6621390627997488,-0.6621390627997488
2025-01-22,56.99999999999932,-0.5010893920617342,-0.5010893920617342
2025-01-23,56.99999999999932,-0.5010893920617342,-0.5010893920617342
2025-01-27,75.99999999999909,-0.06395457148708603,-0.06395457148708603
2025-01-28,31.999999999999318,-1.0762667875546992,-1.0762667875546992
2025-01-29,74.00000000000091,-0.10996876312648138,-0.10996876312648138
2025-02-04,56.99999999999932,-0.5010893920617342,-0.5010893920617342
2025-02-05,53.000000000000114,-0.5931177753405903,-0.5931177753405903
2025-02-06,39.999999999997726,-0.892210020996987,-0.892210020996987
2025-02-11,68.00000000000068,-0.24801133804479822,-0.24801133804479822
2025-02-14,28.000000000000114,-1.1682951708335554,-1.1682951708335554
2025-02-17,43.99999999999977,-0.8001816377180655,-0.8001816377180655
2025-02-18,36.99999999999761,-0.9612313084561455,-0.9612313084561455
2025-02-19,63.999999999998636,-0.3400397213237197,-0.3400397213237197
2025-02-20,34.00000000000034,-1.0302525959152384,-1.0302525959152384
2025-02-24,66.0000000000025,-0.29402552968419354,-0.29402552968419354
2025-02-25,68.99999999999977,-0.22500424222510054,-0.22500424222510054
2025-02-26,73.00000000000182,-0.13297585894617905,-0.13297585894617905
2025-03-03,115.00000000000057,0.8333221654819734,0.8333221654819734
2025-03-04,218.00000000000068,3.2030530349129918,3.2030530349129918
2025-03-05,209.99999999999943,3.018996268355214,3.018996268355214
2025-03-11,177.00000000000102,2.259762106304537,2.259762106304537
2025-03-17,85.00000000000085,0.1431092908904219,0.1431092908904219
2025-03-18,63.000000000000966,-0.36304681714338466,-0.36304681714338466
2025-03-19,78.00000000000011,-0.01794037984762529,-0.01794037984762529
2025-03-20,48.00000000000182,-0.7081532544391441,-0.7081532544391441
2025-03-21,47.99999999999898,-0.7081532544392095,-0.7081532544392095
2025-03-24,42.00000000000159,-0.8461958293574608,-0.8461958293574608
2025-03-25,60.99999999999994,-0.4090610087828454,-0.4090610087828454
2025-03-26,51.00000000000051,-0.6391319669800184,-0.6391319669800184
2025-03-31,97.99999999999898,0.44220153654672056,0.44220153654672056
2025-04-01,91.99999999999875,0.3041589616284037,0.3041589616284037
2025-04-02,87.00000000000045,0.18912348252984995,0.18912348252984995
2025-04-03,50.99999999999909,-0.639131966980051,-0.639131966980051
2025-04-07,291.99999999999875,4.905578125572124,4.905578125572124
2025-04-08,112.00000000000045,0.764300878022815,0.764300878022815
2025-04-09,215.00000000000057,3.1340317474538333,3.1340317474538333
2025-04-15,81.99999999999932,0.0740880034312308,0.0740880034312308
2025-04-16,50.0,-0.6621390627997488,-0.6621390627997488
2025-04-17,96.0000000000008,0.3961873449073252,0.3961873449073252
2025-04-18,0.0,-1.8124938537856787,-1.8124938537856787
2025-04-22,54.999999999998295,-0.5471035837011949,-0.5471035837011949
2025-04-23,81.99999999999932,0.0740880034312308,0.0740880034312308
2025-04-24,62.000000000000455,-0.38605391296311503,-0.38605391296311503
2025-04-28,72.99999999999898,-0.13297585894624445,-0.13297585894624445
2025-04-29,29.000000000002046,-1.1452880750137922,-1.1452880750137922
2025-05-05,55.00000000000114,-0.5471035837011295,-0.5471035837011295
2025-05-06,42.00000000000159,-0.8461958293574608,-0.8461958293574608
2025-05-07,93.00000000000068,0.3271660574481668,0.3271660574481668
2025-05-14,53.000000000000114,-0.5931177753405903,-0.5931177753405903
2025-05-19,87.99999999999955,0.21213057834954763,0.21213057834954763
2025-05-20,75.99999999999909,-0.06395457148708603,-0.06395457148708603
2025-05-21,68.00000000000068,-0.24801133804479822,-0.24801133804479822
2025-05-22,54.999999999998295,-0.5471035837011949,-0.5471035837011949
2025-05-23,109.00000000000034,0.6952795905636565,0.6952795905636565
2025-05-26,63.00000000000239,-0.36304681714335196,-0.36304681714335196
2025-05-28,31.999999999999318,-1.0762667875546992,-1.0762667875546992
2025-06-02,56.99999999999932,-0.5010893920617342,-0.5010893920617342
2025-06-03,43.99999999999977,-0.8001816377180655,-0.8001816377180655
2025-06-04,44.99999999999886,-0.7771745418983679,-0.7771745418983679
2025-06-05,135.99999999999852,1.316471177696017,1.316471177696017
2025-06-10,59.00000000000034,-0.45507520042227345,-0.45507520042227345
2025-06-16,79.00000000000205,0.005066715972137775,0.005066715972137775
2025-06-17,64.99999999999773,-0.317032625504022,-0.317032625504022
2025-06-18,68.99999999999977,-0.22500424222510054,-0.22500424222510054
2025-06-19,43.99999999999977,-0.8001816377180655,-0.8001816377180655
2025-06-20,60.000000000002274,-0.4320681046025104,-0.4320681046025104
2025-06-23,72.99999999999898,-0.13297585894624445,-0.13297585894624445
2025-06-25,81.00000000000023,0.051080907611533125,0.051080907611533125
2025-06-30,52.00000000000102,-0.616124871160288,-0.616124871160288
2025-07-01,54.999999999998295,-0.5471035837011949,-0.5471035837011949
2025-07-02,72.99999999999898,-0.13297585894624445,-0.13297585894624445
2025-07-04,44.99999999999886,-0.7771745418983679,-0.7771745418983679
2025-07-07,59.99999999999943,-0.4320681046025758,-0.4320681046025758
2025-07-09,43.99999999999977,-0.8001816377180655,-0.8001816377180655
2025-07-10,70.0000000000017,-0.20199714640533747,-0.20199714640533747
2025-07-11,62.000000000000455,-0.38605391296311503,-0.38605391296311503
2025-07-14,32.99999999999841,-1.0532596917350014,-1.0532596917350014
2025-07-17,53.999999999999204,-0.5701106795208927,-0.5701106795208927
2025-07-21,75.0,-0.0869616673067837,-0.0869616673067837
2025-07-22,51.99999999999818,-0.6161248711603534,-0.6161248711603534
2025-07-23,85.99999999999852,0.16611638671008688,0.16611638671008688
2025-07-24,56.00000000000023,-0.5240964878814319,-0.5240964878814319
2025-07-25,78.00000000000011,-0.01794037984762529,-0.01794037984762529
2025-07-28,66.99999999999875,-0.27101843386456126,-0.27101843386456126
2025-07-29,34.99999999999943,-1.0072455000955407,-1.0072455000955407
2025-08-04,93.99999999999977,0.35017315326786447,0.35017315326786447
2025-08-05,50.0,-0.6621390627997488,-0.6621390627997488
2025-08-06,62.000000000000455,-0.38605391296311503,-0.38605391296311503
2025-08-08,63.999999999998636,-0.3400397213237197,-0.3400397213237197
2025-08-11,43.00000000000068,-0.8231887335377632,-0.8231887335377632
2025-08-13,78.9999999999992,0.0050667159720723855,0.0050667159720723855
2025-08-18,48.00000000000182,-0.7081532544391441,-0.7081532544391441
2025-08-19,42.00000000000159,-0.8461958293574608,-0.8461958293574608
2025-08-20,61.000000000001364,-0.4090610087828127,-0.4090610087828127
2025-08-21,58.00000000000125,-0.4780822962419711,-0.4780822962419711
2025-08-22,61.000000000001364,-0.4090610087828127,-0.4090610087828127
2025-08-25,46.999999999999886,-0.7311603502589071,-0.7311603502589071
2025-08-26,34.99999999999943,-1.0072455000955407,-1.0072455000955407
2025-08-27,50.0,-0.6621390627997488,-0.6621390627997488
2025-09-01,43.00000000000068,-0.8231887335377632,-0.8231887335377632
2025-09-02,56.00000000000023,-0.5240964878814319,-0.5240964878814319
2025-09-03,36.000000000001364,-0.9842384042757777,-0.9842384042757777
