Date,"Volatility of Returns (Session:All day, Interval:1d, Symbol:ZN)",ZScore wrt All Days,ZScore wrt Given Days
2000-09-21,5.250122070312273,-0.8602651697634867,-0.8602651697634867
2000-09-22,0.7498779296877274,-1.6392429626621137,-1.6392429626621137
2000-09-25,0.5,-1.682496028958026,-1.682496028958026
2000-09-26,1.500732421875,-1.5092724639880377,-1.5092724639880377
2000-09-27,0.748779296875,-1.63943313247,-1.63943313247
2000-09-28,2.0,-1.4228508513108904,-1.4228508513108904
2000-09-29,1.0,-1.5959476364089809,-1.5959476364089809
2000-10-02,0.499267578125,-1.682622808829924,-1.682622808829924
2000-10-03,2.5,-1.3363024587618453,-1.3363024587618453
2000-10-04,0.7501220703122726,-1.6392007027048932,-1.6392007027048932
2000-10-05,0.7496337890625,-1.6392852226194523,-1.6392852226194523
2000-10-06,1.75048828125,-1.4660405276708144,-1.4660405276708144
2000-10-09,1.75048828125,-1.4660405276708144,-1.4660405276708144
2000-10-10,3.0,-1.2497540662128002,-1.2497540662128002
2000-10-11,1.500732421875,-1.5092724639880377,-1.5092724639880377
2000-10-12,12.251220703125,0.35160249573103197,0.35160249573103197
2000-10-13,6.748779296875,-0.6008524218814582,-0.6008524218814582
2000-10-16,4.24951171875,-1.033467604754786,-1.033467604754786
2000-10-17,9.748779296875,-0.0815620665871872,-0.0815620665871872
2000-10-18,15.2496337890625,0.8706181613028573,0.8706181613028573
2000-10-19,9.0,-0.21117335562425826,-0.21117335562425826
2000-10-20,5.7503662109375,-0.7736745172571028,-0.7736745172571028
2000-10-23,5.75048828125,-0.7736533872784531,-0.7736533872784531
2000-10-24,8.0,-0.38427014072234855,-0.38427014072234855
2000-10-25,11.2496337890625,0.17823102091049597,0.17823102091049597
2000-10-26,8.499267578125,-0.29784852804520145,-0.29784852804520145
2000-10-27,8.7503662109375,-0.2543841619628318,-0.2543841619628318
2000-10-30,6.7503662109375,-0.6005777321590124,-0.6005777321590124
2000-10-31,8.2496337890625,-0.341059334383775,-0.341059334383775
2000-11-01,3.7503662109375,-1.1198680874532834,-1.1198680874532834
2000-11-02,3.0,-1.2497540662128002,-1.2497540662128002
2000-11-03,12.2496337890625,0.35132780600858626,0.35132780600858626
2000-11-06,7.2496337890625,-0.5141561194818653,-0.5141561194818653
2000-11-07,5.499511718750227,-0.8170966233821337,-0.8170966233821337
2000-11-08,14.2503662109375,0.697648156076665,0.697648156076665
2000-11-09,9.4991455078125,-0.12477287292576078,-0.12477287292576078
2000-11-10,4.7503662109375,-0.9467713023551931,-0.9467713023551931
2000-11-13,4.251220703125,-1.0331717850536906,-1.0331717850536906
2000-11-14,6.500732421875,-0.643788538497586,-0.643788538497586
2000-11-15,6.0,-0.7304637109185292,-0.7304637109185292
2000-11-16,4.2496337890625,-1.0334464747761363,-1.0334464747761363
2000-11-17,5.0,-0.9035604960166196,-0.9035604960166196
2000-11-20,4.24951171875,-1.033467604754786,-1.033467604754786
2000-11-21,4.0,-1.07665728111471,-1.07665728111471
2000-11-22,7.24951171875,-0.514177249460515,-0.514177249460515
2000-11-24,2.7503662109375,-1.2929648725513738,-1.2929648725513738
2000-11-27,4.2496337890625,-1.0334464747761363,-1.0334464747761363
2000-11-28,7.0,-0.5573669258204389,-0.5573669258204389
2000-11-29,8.748779296875,-0.2546588516852775,-0.2546588516852775
2000-11-30,9.7503662109375,-0.08128737686474151,-0.08128737686474151
2000-12-01,6.0,-0.7304637109185292,-0.7304637109185292
2000-12-04,8.251220703125,-0.3407846446613293,-0.3407846446613293
2000-12-05,11.251220703125,0.17850571063294166,0.17850571063294166
2000-12-06,12.499267578125,0.39453861234715987,0.39453861234715987
2000-12-07,7.500732421875,-0.4706917533994957,-0.4706917533994957
2000-12-08,7.7503662109375,-0.42748094706092216,-0.42748094706092216
2000-12-11,3.4991455078125,-1.1633535835143027,-1.1633535835143027
2000-12-12,5.2496337890625,-0.8603496896780459,-0.8603496896780459
2000-12-13,11.0,0.1350202145719224,0.1350202145719224
2000-12-14,4.4991455078125,-0.9902567984162124,-0.9902567984162124
2000-12-15,5.748779296875,-0.7739492069795485,-0.7739492069795485
2000-12-18,3.748779296875,-1.120142777175729,-1.120142777175729
2000-12-19,1.0,-1.5959476364089809,-1.5959476364089809
2000-12-20,13.0,0.481213784768103,0.481213784768103
2000-12-21,10.2496337890625,0.00513423581240564,0.00513423581240564
2000-12-22,8.0,-0.38427014072234855,-0.38427014072234855
2000-12-26,6.24951171875,-0.6872740345586054,-0.6872740345586054
2000-12-27,9.2496337890625,-0.1679625492856847,-0.1679625492856847
2000-12-28,7.0,-0.5573669258204389,-0.5573669258204389
2000-12-29,6.24951171875,-0.6872740345586054,-0.6872740345586054
2001-01-02,22.748779296875,2.168696139687987,2.168696139687987
2001-01-03,31.2496337890625,3.6401667228723027,3.6401667228723027
2001-01-04,15.0,0.8274073549642836,0.8274073549642836
2001-01-05,16.5008544921875,1.0872004424619668,1.0872004424619668
2001-01-08,11.7503662109375,0.2649061933314391,0.2649061933314391
2001-01-09,8.0,-0.38427014072234855,-0.38427014072234855
2001-01-10,13.0,0.481213784768103,0.481213784768103
2001-01-11,12.0,0.3081169996700127,0.3081169996700127
2001-01-12,16.24951171875,1.043693816422298,1.043693816422298
2001-01-16,7.748779296875,-0.42775563678336787,-0.42775563678336787
2001-01-17,18.4991455078125,1.433098192957052,1.433098192957052
2001-01-18,11.75048828125,0.2649273233100888,0.2649273233100888
2001-01-19,10.500732421875,0.048598601894775245,0.048598601894775245
2001-01-22,7.499267578125,-0.47094531314329174,-0.47094531314329174
2001-01-23,12.7503662109375,0.43800297842952945,0.43800297842952945
2001-01-24,7.75048828125,-0.4274598170822725,-0.4274598170822725
2001-01-25,14.7503662109375,0.7841965486257101,0.7841965486257101
2001-01-26,9.5008544921875,-0.1244770532246654,-0.1244770532246654
2001-01-29,7.0,-0.5573669258204389,-0.5573669258204389
2001-01-30,12.2496337890625,0.35132780600858626,0.35132780600858626
2001-01-31,11.2496337890625,0.17823102091049597,0.17823102091049597
2001-02-01,9.0,-0.21117335562425826,-0.21117335562425826
2001-02-02,10.7503662109375,0.09180940823334882,0.09180940823334882
2001-02-05,6.0,-0.7304637109185292,-0.7304637109185292
2001-02-06,7.7503662109375,-0.42748094706092216,-0.42748094706092216
2001-02-07,5.748779296875,-0.7739492069795485,-0.7739492069795485
2001-02-08,7.75048828125,-0.4274598170822725,-0.4274598170822725
2001-02-09,7.499267578125,-0.47094531314329174,-0.47094531314329174
2001-02-12,6.0,-0.7304637109185292,-0.7304637109185292
2001-02-13,9.7503662109375,-0.08128737686474151,-0.08128737686474151
2001-02-14,11.24951171875,0.1782098909318463,0.1782098909318463
2001-02-15,9.24951171875,-0.16798367926433436,-0.16798367926433436
2001-02-16,15.4991455078125,0.9138078376627812,0.9138078376627812
2001-02-20,7.24951171875,-0.514177249460515,-0.514177249460515
2001-02-21,8.2496337890625,-0.341059334383775,-0.341059334383775
2001-02-22,6.0,-0.7304637109185292,-0.7304637109185292
2001-02-23,10.7503662109375,0.09180940823334882,0.09180940823334882
2001-02-26,9.2496337890625,-0.1679625492856847,-0.1679625492856847
2001-02-27,10.0,-0.03807657052616793,-0.03807657052616793
2001-02-28,8.7503662109375,-0.2543841619628318,-0.2543841619628318
2001-03-01,7.2496337890625,-0.5141561194818653,-0.5141561194818653
2001-03-02,12.0,0.3081169996700127,0.3081169996700127
2001-03-05,14.0,0.6543105698661934,0.6543105698661934
2001-03-06,6.75048828125,-0.6005566021803628,-0.6005566021803628
2001-03-07,7.499267578125,-0.47094531314329174,-0.47094531314329174
2001-03-08,4.4991455078125,-0.9902567984162124,-0.9902567984162124
2001-03-09,11.2496337890625,0.17823102091049597,0.17823102091049597
2001-03-12,11.2496337890625,0.17823102091049597,0.17823102091049597
2001-03-13,6.7503662109375,-0.6005777321590124,-0.6005777321590124
2001-03-14,8.0003662109375,-0.38420675078639954,-0.38420675078639954
2001-03-15,9.0,-0.21117335562425826,-0.21117335562425826
2001-03-16,4.2496337890625,-1.0334464747761363,-1.0334464747761363
2001-03-19,6.251220703125,-0.68697821485751,-0.68697821485751
2001-03-20,8.500732421875,-0.2975949683014054,-0.2975949683014054
2001-03-21,7.2496337890625,-0.5141561194818653,-0.5141561194818653
2001-03-22,11.24951171875,0.1782098909318463,0.1782098909318463
2001-03-23,6.0,-0.7304637109185292,-0.7304637109185292
2001-03-26,5.0,-0.9035604960166196,-0.9035604960166196
2001-03-27,20.24951171875,1.7360809568146591,1.7360809568146591
2001-03-28,5.2496337890625,-0.8603496896780459,-0.8603496896780459
2001-03-29,6.7503662109375,-0.6005777321590124,-0.6005777321590124
2001-03-30,16.0,1.000504140062374,1.000504140062374
2001-04-02,8.7503662109375,-0.2543841619628318,-0.2543841619628318
2001-04-04,7.251220703125,-0.5138814297594196,-0.5138814297594196
2001-04-05,5.500732421875,-0.8168853235956763,-0.8168853235956763
2001-04-06,15.75048828125,0.9573144637024501,0.9573144637024501
2001-04-09,5.251220703125,-0.8600749999556002,-0.8600749999556002
2001-04-10,18.251220703125,1.3901832063195738,1.3901832063195738
2001-04-11,12.748779296875,0.43772828870708375,0.43772828870708375
2001-04-12,12.499267578125,0.39453861234715987,0.39453861234715987
2001-04-16,14.0,0.6543105698661934,0.6543105698661934
2001-04-17,9.24951171875,-0.16798367926433436,-0.16798367926433436
2001-04-18,24.0,2.3852784208470967,2.3852784208470967
2001-04-19,20.2496337890625,1.7361020867933088,1.7361020867933088
2001-04-20,10.7503662109375,0.09180940823334882,0.09180940823334882
2001-04-23,11.499267578125,0.22144182724906952,0.22144182724906952
2001-04-24,8.4991455078125,-0.2978696580238511,-0.2978696580238511
2001-04-25,13.748779296875,0.610825073805174,0.610825073805174
2001-04-26,12.0,0.3081169996700127,0.3081169996700127
2001-04-27,17.7503662109375,1.303486903919981,1.303486903919981
2001-04-30,9.5008544921875,-0.1244770532246654,-0.1244770532246654
2001-05-01,10.2496337890625,0.00513423581240564,0.00513423581240564
2001-05-02,8.0,-0.38427014072234855,-0.38427014072234855
2001-05-03,11.7503662109375,0.2649061933314391,0.2649061933314391
2001-05-04,14.2496337890625,0.697521376204767,0.697521376204767
2001-05-07,4.2496337890625,-1.0334464747761363,-1.0334464747761363
2001-05-08,9.7503662109375,-0.08128737686474151,-0.08128737686474151
2001-05-09,8.748779296875,-0.2546588516852775,-0.2546588516852775
2001-05-10,16.748779296875,1.130115429099445,1.130115429099445
2001-05-11,26.4991455078125,2.817872473741775,2.817872473741775
2001-05-14,5.748779296875,-0.7739492069795485,-0.7739492069795485
2001-05-15,11.4991455078125,0.22142069727041985,0.22142069727041985
2001-05-16,8.7503662109375,-0.2543841619628318,-0.2543841619628318
2001-05-17,13.2496337890625,0.5244245911066766,0.5244245911066766
2001-05-18,7.2496337890625,-0.5141561194818653,-0.5141561194818653
2001-05-21,7.2496337890625,-0.5141561194818653,-0.5141561194818653
2001-05-22,4.4991455078125,-0.9902567984162124,-0.9902567984162124
2001-05-23,5.75048828125,-0.7736533872784531,-0.7736533872784531
2001-05-24,16.748779296875,1.130115429099445,1.130115429099445
2001-05-25,7.0,-0.5573669258204389,-0.5573669258204389
2001-05-29,7.4991455078125,-0.4709664431219414,-0.4709664431219414
2001-05-30,3.24951171875,-1.2065643898528762,-1.2065643898528762
2001-05-31,14.75048828125,0.7842176786043598,0.7842176786043598
2001-06-01,13.0,0.481213784768103,0.481213784768103
2001-06-04,4.7503662109375,-0.9467713023551931,-0.9467713023551931
2001-06-05,9.7503662109375,-0.08128737686474151,-0.08128737686474151
2001-06-06,5.24951171875,-0.8603708196566956,-0.8603708196566956
2001-06-07,8.75048828125,-0.25436303198418214,-0.25436303198418214
2001-06-08,5.500732421875,-0.8168853235956763,-0.8168853235956763
2001-06-11,6.5008544921875,-0.6437674085189363,-0.6437674085189363
2001-06-12,3.500732421875,-1.163078893791857,-1.163078893791857
2001-06-13,7.2496337890625,-0.5141561194818653,-0.5141561194818653
2001-06-14,6.499267578125,-0.644042098241382,-0.644042098241382
2001-06-15,4.500732421875,-0.9899821086937667,-0.9899821086937667
2001-06-18,2.500732421875,-1.3361756788899473,-1.3361756788899473
2001-06-19,7.251220703125,-0.5138814297594196,-0.5138814297594196
2001-06-20,1.24951171875,-1.5527579600490569,-1.5527579600490569
2001-06-21,8.0,-0.38427014072234855,-0.38427014072234855
2001-06-22,9.0,-0.21117335562425826,-0.21117335562425826
2001-06-25,5.0,-0.9035604960166196,-0.9035604960166196
2001-06-26,13.5008544921875,0.5679100871676959,0.5679100871676959
2001-06-27,7.4991455078125,-0.4709664431219414,-0.4709664431219414
2001-06-28,17.251220703125,1.2170864212214836,1.2170864212214836
2001-06-29,12.7503662109375,0.43800297842952945,0.43800297842952945
2001-07-02,10.7503662109375,0.09180940823334882,0.09180940823334882
2001-07-03,7.7503662109375,-0.42748094706092216,-0.42748094706092216
2001-07-05,10.24951171875,0.005113105833755971,0.005113105833755971
2001-07-06,8.7503662109375,-0.2543841619628318,-0.2543841619628318
2001-07-09,7.24951171875,-0.514177249460515,-0.514177249460515
2001-07-10,10.500732421875,0.048598601894775245,0.048598601894775245
2001-07-11,7.500732421875,-0.4706917533994957,-0.4706917533994957
2001-07-12,11.24951171875,0.1782098909318463,0.1782098909318463
2001-07-13,8.251220703125,-0.3407846446613293,-0.3407846446613293
2001-07-16,7.251220703125,-0.5138814297594196,-0.5138814297594196
2001-07-17,5.748779296875,-0.7739492069795485,-0.7739492069795485
2001-07-18,16.251220703125,1.0439896361233933,1.0439896361233933
2001-07-19,4.5008544921875,-0.989960978715117,-0.989960978715117
2001-07-20,7.251220703125,-0.5138814297594196,-0.5138814297594196
2001-07-23,6.2496337890625,-0.6872529045799557,-0.6872529045799557
2001-07-24,4.0,-1.07665728111471,-1.07665728111471
2001-07-25,8.5008544921875,-0.29757383832275575,-0.29757383832275575
2001-07-26,8.5008544921875,-0.29757383832275575,-0.29757383832275575
2001-07-27,7.0,-0.5573669258204389,-0.5573669258204389
2001-07-30,6.2496337890625,-0.6872529045799557,-0.6872529045799557
2001-07-31,7.7503662109375,-0.42748094706092216,-0.42748094706092216
2001-08-01,7.7503662109375,-0.42748094706092216,-0.42748094706092216
2001-08-02,8.499267578125,-0.29784852804520145,-0.29784852804520145
2001-08-03,7.0,-0.5573669258204389,-0.5573669258204389
2001-08-06,3.5008544921875,-1.1630577638132074,-1.1630577638132074
2001-08-07,3.748779296875,-1.120142777175729,-1.120142777175729
2001-08-08,14.5008544921875,0.7410068722657862,0.7410068722657862
2001-08-09,10.500732421875,0.048598601894775245,0.048598601894775245
2001-08-10,7.0,-0.5573669258204389,-0.5573669258204389
2001-08-13,6.500732421875,-0.643788538497586,-0.643788538497586
2001-08-14,6.0,-0.7304637109185292,-0.7304637109185292
2001-08-15,8.2496337890625,-0.341059334383775,-0.341059334383775
2001-08-16,10.251220703125,0.0054089255348513405,0.0054089255348513405
2001-08-17,11.2496337890625,0.17823102091049597,0.17823102091049597
2001-08-20,7.0,-0.5573669258204389,-0.5573669258204389
2001-08-21,7.0,-0.5573669258204389,-0.5573669258204389
2001-08-22,8.500732421875,-0.2975949683014054,-0.2975949683014054
2001-08-23,5.7503662109375,-0.7736745172571028,-0.7736745172571028
2001-08-24,6.5008544921875,-0.6437674085189363,-0.6437674085189363
2001-08-27,4.75048828125,-0.9467501723765435,-0.9467501723765435
2001-08-28,11.0,0.1350202145719224,0.1350202145719224
2001-08-29,8.24951171875,-0.3410804643624247,-0.3410804643624247
2001-08-30,8.0,-0.38427014072234855,-0.38427014072234855
2001-08-31,6.500732421875,-0.643788538497586,-0.643788538497586
2001-09-04,17.2496337890625,1.2168117314990379,1.2168117314990379
2001-09-05,3.748779296875,-1.120142777175729,-1.120142777175729
2001-09-06,14.5008544921875,0.7410068722657862,0.7410068722657862
2001-09-07,12.24951171875,0.3513066760299366,0.3513066760299366
2001-09-10,11.2496337890625,0.17823102091049597,0.17823102091049597
2001-09-11,21.251220703125,1.909473561613845,1.909473561613845
2001-09-12,0.0,-1.769044421507071,-1.769044421507071
2001-09-13,19.4991455078125,1.6061949780551423,1.6061949780551423
2001-09-14,11.748779296875,0.26463150360899346,0.26463150360899346
2001-09-17,7.2496337890625,-0.5141561194818653,-0.5141561194818653
2001-09-18,15.0,0.8274073549642836,0.8274073549642836
2001-09-19,6.0,-0.7304637109185292,-0.7304637109185292
2001-09-20,11.4991455078125,0.22142069727041985,0.22142069727041985
2001-09-21,10.7503662109375,0.09180940823334882,0.09180940823334882
2001-09-24,9.0,-0.21117335562425826,-0.21117335562425826
2001-09-25,7.0,-0.5573669258204389,-0.5573669258204389
2001-09-26,10.5008544921875,0.048619731873424915,0.048619731873424915
2001-09-27,10.748779296875,0.09153471851090311,0.09153471851090311
2001-09-28,11.2496337890625,0.17823102091049597,0.17823102091049597
2001-10-01,9.5008544921875,-0.1244770532246654,-0.1244770532246654
2001-10-02,5.7503662109375,-0.7736745172571028,-0.7736745172571028
2001-10-03,7.500732421875,-0.4706917533994957,-0.4706917533994957
2001-10-04,12.2496337890625,0.35132780600858626,0.35132780600858626
2001-10-05,6.0,-0.7304637109185292,-0.7304637109185292
2001-10-09,13.2496337890625,0.5244245911066766,0.5244245911066766
2001-10-10,6.500732421875,-0.643788538497586,-0.643788538497586
2001-10-11,12.5008544921875,0.3948133020696056,0.3948133020696056
2001-10-12,9.748779296875,-0.0815620665871872,-0.0815620665871872
2001-10-15,9.5008544921875,-0.1244770532246654,-0.1244770532246654
2001-10-16,5.4991455078125,-0.817160013318122,-0.817160013318122
2001-10-17,10.2496337890625,0.00513423581240564,0.00513423581240564
2001-10-18,3.2496337890625,-1.2065432598742265,-1.2065432598742265
2001-10-19,11.748779296875,0.26463150360899346,0.26463150360899346
2001-10-22,6.0,-0.7304637109185292,-0.7304637109185292
2001-10-23,5.24951171875,-0.8603708196566956,-0.8603708196566956
2001-10-24,7.251220703125,-0.5138814297594196,-0.5138814297594196
2001-10-25,9.251220703125,-0.16768785956323898,-0.16768785956323898
2001-10-26,7.0,-0.5573669258204389,-0.5573669258204389
2001-10-29,6.7503662109375,-0.6005777321590124,-0.6005777321590124
2001-10-30,9.75048828125,-0.08126624688609184,-0.08126624688609184
2001-10-31,24.7503662109375,2.515164399606613,2.515164399606613
2001-11-01,15.5008544921875,0.9141036573638766,0.9141036573638766
2001-11-02,15.499267578125,0.9138289676414308,0.9138289676414308
2001-11-05,8.748779296875,-0.2546588516852775,-0.2546588516852775
2001-11-06,10.4991455078125,0.04832391217232954,0.04832391217232954
2001-11-07,8.748779296875,-0.2546588516852775,-0.2546588516852775
2001-11-08,16.4991455078125,1.0869046227608714,1.0869046227608714
2001-11-09,9.24951171875,-0.16798367926433436,-0.16798367926433436
2001-11-13,13.7503662109375,0.6110997635276197,0.6110997635276197
2001-11-14,20.500732421875,1.7795664528756785,1.7795664528756785
2001-11-15,31.75048828125,3.7268630252718955,3.7268630252718955
2001-11-16,26.748779296875,2.8610832800803485,2.8610832800803485
2001-11-19,14.500732421875,0.7409857422871365,0.7409857422871365
2001-11-20,17.0,1.1736009251604642,1.1736009251604642
2001-11-21,22.0,2.039084850650916,2.039084850650916
2001-11-23,12.7503662109375,0.43800297842952945,0.43800297842952945
2001-11-26,13.5008544921875,0.5679100871676959,0.5679100871676959
2001-11-27,22.24951171875,2.08227452701084,2.08227452701084
2001-11-28,14.499267578125,0.7407321825433405,0.7407321825433405
2001-11-29,23.0,2.212181635749006,2.212181635749006
2001-11-30,12.748779296875,0.43772828870708375,0.43772828870708375
2001-12-03,10.0,-0.03807657052616793,-0.03807657052616793
2001-12-04,12.7503662109375,0.43800297842952945,0.43800297842952945
2001-12-05,41.251220703125,5.371409263575652,5.371409263575652
2001-12-06,17.2496337890625,1.2168117314990379,1.2168117314990379
2001-12-07,27.75048828125,3.034475884879534,3.034475884879534
2001-12-10,12.499267578125,0.39453861234715987,0.39453861234715987
2001-12-11,9.7503662109375,-0.08128737686474151,-0.08128737686474151
2001-12-12,35.2496337890625,4.332553863264664,4.332553863264664
2001-12-13,19.0,1.519794495356645,1.519794495356645
2001-12-14,16.251220703125,1.0439896361233933,1.0439896361233933
2001-12-17,22.499267578125,2.125506463328063,2.125506463328063
2001-12-18,10.2496337890625,0.00513423581240564,0.00513423581240564
2001-12-19,11.0,0.1350202145719224,0.1350202145719224
2001-12-20,10.251220703125,0.0054089255348513405,0.0054089255348513405
2001-12-21,10.7503662109375,0.09180940823334882,0.09180940823334882
2001-12-24,7.5008544921875,-0.47067062342084603,-0.47067062342084603
2001-12-26,10.0,-0.03807657052616793,-0.03807657052616793
2001-12-27,17.748779296875,1.3032122141975353,1.3032122141975353
2001-12-28,13.0,0.481213784768103,0.481213784768103
2001-12-31,13.500732421875,0.5678889571890462,0.5678889571890462
2002-01-02,19.0,1.519794495356645,1.519794495356645
2002-01-03,7.2496337890625,-0.5141561194818653,-0.5141561194818653
2002-01-04,15.499267578125,0.9138289676414308,0.9138289676414308
2002-01-07,14.0,0.6543105698661934,0.6543105698661934
2002-01-08,8.0,-0.38427014072234855,-0.38427014072234855
2002-01-09,10.7503662109375,0.09180940823334882,0.09180940823334882
2002-01-10,16.499267578125,1.086925752739521,1.086925752739521
2002-01-11,19.0,1.519794495356645,1.519794495356645
2002-01-14,8.0,-0.38427014072234855,-0.38427014072234855
2002-01-15,11.0,0.1350202145719224,0.1350202145719224
2002-01-16,10.2496337890625,0.00513423581240564,0.00513423581240564
2002-01-17,12.5008544921875,0.3948133020696056,0.3948133020696056
2002-01-18,12.0,0.3081169996700127,0.3081169996700127
2002-01-22,8.500732421875,-0.2975949683014054,-0.2975949683014054
2002-01-23,13.499267578125,0.5676353974452502,0.5676353974452502
2002-01-24,11.0,0.1350202145719224,0.1350202145719224
2002-01-25,14.748779296875,0.7839218589032644,0.7839218589032644
2002-01-28,9.0,-0.21117335562425826,-0.21117335562425826
2002-01-29,22.0,2.039084850650916,2.039084850650916
2002-01-30,9.251220703125,-0.16768785956323898,-0.16768785956323898
2002-01-31,10.0,-0.03807657052616793,-0.03807657052616793
2002-02-01,14.251220703125,0.6977960659272127,0.6977960659272127
2002-02-04,11.5008544921875,0.22171651697151523,0.22171651697151523
2002-02-05,10.2496337890625,0.00513423581240564,0.00513423581240564
2002-02-06,8.499267578125,-0.29784852804520145,-0.29784852804520145
2002-02-07,12.251220703125,0.35160249573103197,0.35160249573103197
2002-02-08,14.75048828125,0.7842176786043598,0.7842176786043598
2002-02-11,5.75048828125,-0.7736533872784531,-0.7736533872784531
2002-02-12,11.75048828125,0.2649273233100888,0.2649273233100888
2002-02-13,13.0,0.481213784768103,0.481213784768103
2002-02-14,8.748779296875,-0.2546588516852775,-0.2546588516852775
2002-02-15,12.4991455078125,0.3945174823685102,0.3945174823685102
2002-02-19,9.251220703125,-0.16768785956323898,-0.16768785956323898
2002-02-20,10.0,-0.03807657052616793,-0.03807657052616793
2002-02-21,7.0,-0.5573669258204389,-0.5573669258204389
2002-02-22,8.24951171875,-0.3410804643624247,-0.3410804643624247
2002-02-25,7.4991455078125,-0.4709664431219414,-0.4709664431219414
2002-02-26,12.0,0.3081169996700127,0.3081169996700127
2002-02-27,16.251220703125,1.0439896361233933,1.0439896361233933
2002-02-28,11.0,0.1350202145719224,0.1350202145719224
2002-03-01,14.75048828125,0.7842176786043598,0.7842176786043598
2002-03-04,7.251220703125,-0.5138814297594196,-0.5138814297594196
2002-03-05,11.0,0.1350202145719224,0.1350202145719224
2002-03-06,7.2496337890625,-0.5141561194818653,-0.5141561194818653
2002-03-07,19.7503662109375,1.6496804741161617,1.6496804741161617
2002-03-08,11.0,0.1350202145719224,0.1350202145719224
2002-03-11,4.499267578125,-0.9902356684375627,-0.9902356684375627
2002-03-12,8.0,-0.38427014072234855,-0.38427014072234855
2002-03-13,13.5008544921875,0.5679100871676959,0.5679100871676959
2002-03-14,15.251220703125,0.8708928510253029,0.8708928510253029
2002-03-15,15.75048828125,0.9573144637024501,0.9573144637024501
2002-03-18,6.4991455078125,-0.6440632282200317,-0.6440632282200317
2002-03-19,4.2496337890625,-1.0334464747761363,-1.0334464747761363
2002-03-20,20.0,1.6928912804547354,1.6928912804547354
2002-03-21,11.0,0.1350202145719224,0.1350202145719224
2002-03-22,10.0,-0.03807657052616793,-0.03807657052616793
2002-03-25,7.4991455078125,-0.4709664431219414,-0.4709664431219414
2002-03-26,13.251220703125,0.5246992808291223,0.5246992808291223
2002-03-27,6.0,-0.7304637109185292,-0.7304637109185292
2002-03-28,14.75048828125,0.7842176786043598,0.7842176786043598
2002-04-01,9.2496337890625,-0.1679625492856847,-0.1679625492856847
2002-04-02,16.2496337890625,1.0437149464009476,1.0437149464009476
2002-04-03,13.0,0.481213784768103,0.481213784768103
2002-04-04,9.2496337890625,-0.1679625492856847,-0.1679625492856847
2002-04-05,13.7503662109375,0.6110997635276197,0.6110997635276197
2002-04-08,11.0,0.1350202145719224,0.1350202145719224
2002-04-09,10.748779296875,0.09153471851090311,0.09153471851090311
2002-04-10,7.2496337890625,-0.5141561194818653,-0.5141561194818653
2002-04-11,10.251220703125,0.0054089255348513405,0.0054089255348513405
2002-04-12,10.2496337890625,0.00513423581240564,0.00513423581240564
2002-04-15,8.0,-0.38427014072234855,-0.38427014072234855
2002-04-16,10.4991455078125,0.04832391217232954,0.04832391217232954
2002-04-17,6.2496337890625,-0.6872529045799557,-0.6872529045799557
2002-04-18,19.24951171875,1.562984171716569,1.562984171716569
2002-04-19,9.2496337890625,-0.1679625492856847,-0.1679625492856847
2002-04-22,6.7503662109375,-0.6005777321590124,-0.6005777321590124
2002-04-23,6.251220703125,-0.68697821485751,-0.68697821485751
2002-04-24,11.75048828125,0.2649273233100888,0.2649273233100888
2002-04-25,9.2496337890625,-0.1679625492856847,-0.1679625492856847
2002-04-26,9.0,-0.21117335562425826,-0.21117335562425826
2002-04-29,8.0,-0.38427014072234855,-0.38427014072234855
2002-04-30,5.500732421875,-0.8168853235956763,-0.8168853235956763
2002-05-01,10.251220703125,0.0054089255348513405,0.0054089255348513405
2002-05-02,10.499267578125,0.04834504215097921,0.04834504215097921
2002-05-03,10.251220703125,0.0054089255348513405,0.0054089255348513405
2002-05-06,4.500732421875,-0.9899821086937667,-0.9899821086937667
2002-05-07,7.24951171875,-0.514177249460515,-0.514177249460515
2002-05-08,17.0,1.1736009251604642,1.1736009251604642
2002-05-09,10.2496337890625,0.00513423581240564,0.00513423581240564
2002-05-10,14.748779296875,0.7839218589032644,0.7839218589032644
2002-05-13,10.75048828125,0.09183053821199849,0.09183053821199849
2002-05-14,13.5008544921875,0.5679100871676959,0.5679100871676959
2002-05-15,8.0,-0.38427014072234855,-0.38427014072234855
2002-05-16,11.0,0.1350202145719224,0.1350202145719224
2002-05-17,9.251220703125,-0.16768785956323898,-0.16768785956323898
2002-05-20,8.2496337890625,-0.341059334383775,-0.341059334383775
2002-05-21,9.0,-0.21117335562425826,-0.21117335562425826
2002-05-22,9.0,-0.21117335562425826,-0.21117335562425826
2002-05-23,14.7503662109375,0.7841965486257101,0.7841965486257101
2002-05-24,6.499267578125,-0.644042098241382,-0.644042098241382
2002-05-28,9.0,-0.21117335562425826,-0.21117335562425826
2002-05-29,9.0,-0.21117335562425826,-0.21117335562425826
2002-05-30,8.0,-0.38427014072234855,-0.38427014072234855
2002-05-31,9.4991455078125,-0.12477287292576078,-0.12477287292576078
2002-06-03,12.7503662109375,0.43800297842952945,0.43800297842952945
2002-06-04,7.5008544921875,-0.47067062342084603,-0.47067062342084603
2002-06-05,5.5008544921875,-0.8168641936170267,-0.8168641936170267
2002-06-06,12.5008544921875,0.3948133020696056,0.3948133020696056
2002-06-07,14.7503662109375,0.7841965486257101,0.7841965486257101
2002-06-10,6.500732421875,-0.643788538497586,-0.643788538497586
2002-06-11,10.7503662109375,0.09180940823334882,0.09180940823334882
2002-06-12,4.0,-1.07665728111471,-1.07665728111471
2002-06-13,12.5008544921875,0.3948133020696056,0.3948133020696056
2002-06-14,8.7503662109375,-0.2543841619628318,-0.2543841619628318
2002-06-17,8.0,-0.38427014072234855,-0.38427014072234855
2002-06-18,7.7503662109375,-0.42748094706092216,-0.42748094706092216
2002-06-19,3.0,-1.2497540662128002,-1.2497540662128002
2002-06-20,15.2496337890625,0.8706181613028573,0.8706181613028573
2002-06-21,9.0,-0.21117335562425826,-0.21117335562425826
2002-06-24,14.7503662109375,0.7841965486257101,0.7841965486257101
2002-06-25,12.0,0.3081169996700127,0.3081169996700127
2002-06-26,20.499267578125,1.7793128931318825,1.7793128931318825
2002-06-27,13.75048828125,0.6111208935062694,0.6111208935062694
2002-06-28,10.7503662109375,0.09180940823334882,0.09180940823334882
2002-07-01,11.5008544921875,0.22171651697151523,0.22171651697151523
2002-07-02,11.0,0.1350202145719224,0.1350202145719224
2002-07-03,5.24951171875,-0.8603708196566956,-0.8603708196566956
2002-07-05,11.7503662109375,0.2649061933314391,0.2649061933314391
2002-07-08,7.500732421875,-0.4706917533994957,-0.4706917533994957
2002-07-09,14.2496337890625,0.697521376204767,0.697521376204767
2002-07-10,17.500732421875,1.2602760975814076,1.2602760975814076
2002-07-11,11.500732421875,0.22169538699286556,0.22169538699286556
2002-07-12,13.7503662109375,0.6110997635276197,0.6110997635276197
2002-07-15,11.251220703125,0.17850571063294166,0.17850571063294166
2002-07-16,16.24951171875,1.043693816422298,1.043693816422298
2002-07-17,12.24951171875,0.3513066760299366,0.3513066760299366
2002-07-18,13.251220703125,0.5246992808291223,0.5246992808291223
2002-07-19,9.7503662109375,-0.08128737686474151,-0.08128737686474151
2002-07-22,13.2496337890625,0.5244245911066766,0.5244245911066766
2002-07-23,17.75048828125,1.3035080338986307,1.3035080338986307
2002-07-24,31.251220703125,3.640441412594748,3.640441412594748
2002-07-25,15.4991455078125,0.9138078376627812,0.9138078376627812
2002-07-26,11.5008544921875,0.22171651697151523,0.22171651697151523
2002-07-29,20.75048828125,1.8227983891929016,1.8227983891929016
2002-07-30,11.500732421875,0.22169538699286556,0.22169538699286556
2002-07-31,18.4991455078125,1.433098192957052,1.433098192957052
2002-08-01,9.499267578125,-0.12475174294711111,-0.12475174294711111
2002-08-02,17.7503662109375,1.303486903919981,1.303486903919981
2002-08-05,11.2496337890625,0.17823102091049597,0.17823102091049597
2002-08-06,22.4991455078125,2.1254853333494133,2.1254853333494133
2002-08-07,13.7503662109375,0.6110997635276197,0.6110997635276197
2002-08-08,9.500732421875,-0.12449818320331507,-0.12449818320331507
2002-08-09,19.24951171875,1.562984171716569,1.562984171716569
2002-08-12,10.75048828125,0.09183053821199849,0.09183053821199849
2002-08-13,16.24951171875,1.043693816422298,1.043693816422298
2002-08-14,22.0,2.039084850650916,2.039084850650916
2002-08-15,18.499267578125,1.4331193229357018,1.4331193229357018
2002-08-16,23.0,2.212181635749006,2.212181635749006
2002-08-19,9.5008544921875,-0.1244770532246654,-0.1244770532246654
2002-08-20,18.499267578125,1.4331193229357018,1.4331193229357018
2002-08-21,13.500732421875,0.5678889571890462,0.5678889571890462
2002-08-22,11.499267578125,0.22144182724906952,0.22144182724906952
2002-08-23,12.748779296875,0.43772828870708375,0.43772828870708375
2002-08-26,11.748779296875,0.26463150360899346,0.26463150360899346
2002-08-27,15.0,0.8274073549642836,0.8274073549642836
2002-08-28,9.0,-0.21117335562425826,-0.21117335562425826
2002-08-29,12.75048828125,0.4380241084081791,0.4380241084081791
2002-08-30,10.75048828125,0.09183053821199849,0.09183053821199849
2002-09-03,20.0,1.6928912804547354,1.6928912804547354
2002-09-04,8.748779296875,-0.2546588516852775,-0.2546588516852775
2002-09-05,10.251220703125,0.0054089255348513405,0.0054089255348513405
2002-09-06,14.7503662109375,0.7841965486257101,0.7841965486257101
2002-09-09,8.7503662109375,-0.2543841619628318,-0.2543841619628318
2002-09-10,13.75048828125,0.6111208935062694,0.6111208935062694
2002-09-11,11.5008544921875,0.22171651697151523,0.22171651697151523
2002-09-12,11.2496337890625,0.17823102091049597,0.17823102091049597
2002-09-13,6.24951171875,-0.6872740345586054,-0.6872740345586054
2002-09-16,9.0,-0.21117335562425826,-0.21117335562425826
2002-09-17,15.499267578125,0.9138289676414308,0.9138289676414308
2002-09-18,4.748779296875,-0.9470459920776388,-0.9470459920776388
2002-09-19,8.7503662109375,-0.2543841619628318,-0.2543841619628318
2002-09-20,9.7503662109375,-0.08128737686474151,-0.08128737686474151
2002-09-23,14.2496337890625,0.697521376204767,0.697521376204767
2002-09-24,13.4991455078125,0.5676142674666005,0.5676142674666005
2002-09-25,20.75048828125,1.8227983891929016,1.8227983891929016
2002-09-26,14.4991455078125,0.7407110525646908,0.7407110525646908
2002-09-27,15.499267578125,0.9138289676414308,0.9138289676414308
2002-09-30,12.499267578125,0.39453861234715987,0.39453861234715987
2002-10-01,17.500732421875,1.2602760975814076,1.2602760975814076
2002-10-02,12.75048828125,0.4380241084081791,0.4380241084081791
2002-10-03,11.0,0.1350202145719224,0.1350202145719224
2002-10-04,20.7503662109375,1.822777259214252,1.822777259214252
2002-10-07,8.0,-0.38427014072234855,-0.38427014072234855
2002-10-08,12.24951171875,0.3513066760299366,0.3513066760299366
2002-10-09,9.748779296875,-0.0815620665871872,-0.0815620665871872
2002-10-10,14.7503662109375,0.7841965486257101,0.7841965486257101
2002-10-11,20.2496337890625,1.7361020867933088,1.7361020867933088
2002-10-14,0.0,-1.769044421507071,-1.769044421507071
2002-10-15,32.2496337890625,3.813263507970393,3.813263507970393
2002-10-16,12.2496337890625,0.35132780600858626,0.35132780600858626
2002-10-17,13.251220703125,0.5246992808291223,0.5246992808291223
2002-10-18,18.24951171875,1.3898873866184784,1.3898873866184784
2002-10-21,17.251220703125,1.2170864212214836,1.2170864212214836
2002-10-22,8.4991455078125,-0.2978696580238511,-0.2978696580238511
2002-10-23,12.0,0.3081169996700127,0.3081169996700127
2002-10-24,18.499267578125,1.4331193229357018,1.4331193229357018
2002-10-25,9.0,-0.21117335562425826,-0.21117335562425826
2002-10-28,5.499267578125,-0.8171388833394724,-0.8171388833394724
2002-10-29,21.748779296875,1.9955993545898967,1.9955993545898967
2002-10-30,10.24951171875,0.005113105833755971,0.005113105833755971
2002-10-31,14.7503662109375,0.7841965486257101,0.7841965486257101
2002-11-01,16.500732421875,1.0871793124833171,1.0871793124833171
2002-11-04,8.5008544921875,-0.29757383832275575,-0.29757383832275575
2002-11-05,7.251220703125,-0.5138814297594196,-0.5138814297594196
2002-11-06,21.500732421875,1.9526632379737687,1.9526632379737687
2002-11-07,15.24951171875,0.8705970313242076,0.8705970313242076
2002-11-08,7.500732421875,-0.4706917533994957,-0.4706917533994957
2002-11-11,0.0,-1.769044421507071,-1.769044421507071
2002-11-12,7.251220703125,-0.5138814297594196,-0.5138814297594196
2002-11-13,9.24951171875,-0.16798367926433436,-0.16798367926433436
2002-11-14,27.7503662109375,3.0344547549008847,3.0344547549008847
2002-11-15,11.500732421875,0.22169538699286556,0.22169538699286556
2002-11-18,9.75048828125,-0.08126624688609184,-0.08126624688609184
2002-11-19,8.0,-0.38427014072234855,-0.38427014072234855
2002-11-20,19.75048828125,1.6497016040948114,1.6497016040948114
2002-11-21,16.7503662109375,1.1303901188218908,1.1303901188218908
2002-11-22,9.0,-0.21117335562425826,-0.21117335562425826
2002-11-25,9.0,-0.21117335562425826,-0.21117335562425826
2002-11-26,14.499267578125,0.7407321825433405,0.7407321825433405
2002-11-27,23.7503662109375,2.342067614508523,2.342067614508523
2002-11-29,5.7503662109375,-0.7736745172571028,-0.7736745172571028
2002-12-02,17.500732421875,1.2602760975814076,1.2602760975814076
2002-12-03,9.0,-0.21117335562425826,-0.21117335562425826
2002-12-04,7.2496337890625,-0.5141561194818653,-0.5141561194818653
2002-12-05,15.5008544921875,0.9141036573638766,0.9141036573638766
2002-12-06,19.748779296875,1.649405784393716,1.649405784393716
2002-12-09,8.500732421875,-0.2975949683014054,-0.2975949683014054
2002-12-10,7.2496337890625,-0.5141561194818653,-0.5141561194818653
2002-12-11,9.5008544921875,-0.1244770532246654,-0.1244770532246654
2002-12-12,5.7503662109375,-0.7736745172571028,-0.7736745172571028
2002-12-13,10.2496337890625,0.00513423581240564,0.00513423581240564
2002-12-16,9.75048828125,-0.08126624688609184,-0.08126624688609184
2002-12-17,3.251220703125,-1.2062685701517808,-1.2062685701517808
2002-12-18,6.24951171875,-0.6872740345586054,-0.6872740345586054
2002-12-19,1.75048828125,-1.4660405276708144,-1.4660405276708144
2002-12-20,6.0,-0.7304637109185292,-0.7304637109185292
2002-12-23,9.0,-0.21117335562425826,-0.21117335562425826
2002-12-24,9.0,-0.21117335562425826,-0.21117335562425826
2002-12-26,7.0,-0.5573669258204389,-0.5573669258204389
2002-12-27,12.0,0.3081169996700127,0.3081169996700127
2002-12-30,10.251220703125,0.0054089255348513405,0.0054089255348513405
2002-12-31,9.75048828125,-0.08126624688609184,-0.08126624688609184
2003-01-02,31.748779296875,3.7265672055708,3.7265672055708
2003-01-03,8.7503662109375,-0.2543841619628318,-0.2543841619628318
2003-01-06,10.0,-0.03807657052616793,-0.03807657052616793
2003-01-07,10.4991455078125,0.04832391217232954,0.04832391217232954
2003-01-08,7.7503662109375,-0.42748094706092216,-0.42748094706092216
2003-01-09,20.7503662109375,1.822777259214252,1.822777259214252
2003-01-10,16.251220703125,1.0439896361233933,1.0439896361233933
2003-01-13,12.2496337890625,0.35132780600858626,0.35132780600858626
2003-01-14,9.7503662109375,-0.08128737686474151,-0.08128737686474151
2003-01-15,10.0,-0.03807657052616793,-0.03807657052616793
2003-01-16,15.0,0.8274073549642836,0.8274073549642836
2003-01-17,10.4991455078125,0.04832391217232954,0.04832391217232954
2003-01-21,9.748779296875,-0.0815620665871872,-0.0815620665871872
2003-01-22,9.748779296875,-0.0815620665871872,-0.0815620665871872
2003-01-23,5.4991455078125,-0.817160013318122,-0.817160013318122
2003-01-24,10.251220703125,0.0054089255348513405,0.0054089255348513405
2003-01-27,13.0,0.481213784768103,0.481213784768103
2003-01-28,10.7503662109375,0.09180940823334882,0.09180940823334882
2003-01-29,15.0,0.8274073549642836,0.8274073549642836
2003-01-30,14.0,0.6543105698661934,0.6543105698661934
2003-01-31,6.75048828125,-0.6005566021803628,-0.6005566021803628
2003-02-03,7.0,-0.5573669258204389,-0.5573669258204389
2003-02-04,9.2496337890625,-0.1679625492856847,-0.1679625492856847
2003-02-05,15.4991455078125,0.9138078376627812,0.9138078376627812
2003-02-06,9.5008544921875,-0.1244770532246654,-0.1244770532246654
2003-02-07,15.500732421875,0.9140825273852269,0.9140825273852269
2003-02-10,8.7503662109375,-0.2543841619628318,-0.2543841619628318
2003-02-11,8.24951171875,-0.3410804643624247,-0.3410804643624247
2003-02-12,10.0,-0.03807657052616793,-0.03807657052616793
2003-02-13,13.2496337890625,0.5244245911066766,0.5244245911066766
2003-02-14,11.5008544921875,0.22171651697151523,0.22171651697151523
2003-02-18,8.499267578125,-0.29784852804520145,-0.29784852804520145
2003-02-19,8.0,-0.38427014072234855,-0.38427014072234855
2003-02-20,11.0,0.1350202145719224,0.1350202145719224
2003-02-21,9.499267578125,-0.12475174294711111,-0.12475174294711111
2003-02-24,6.0,-0.7304637109185292,-0.7304637109185292
2003-02-25,10.0,-0.03807657052616793,-0.03807657052616793
2003-02-26,7.0,-0.5573669258204389,-0.5573669258204389
2003-02-27,9.0,-0.21117335562425826,-0.21117335562425826
2003-02-28,12.0,0.3081169996700127,0.3081169996700127
2003-03-03,8.5008544921875,-0.29757383832275575,-0.29757383832275575
2003-03-04,7.0,-0.5573669258204389,-0.5573669258204389
2003-03-05,8.24951171875,-0.3410804643624247,-0.3410804643624247
2003-03-06,8.7503662109375,-0.2543841619628318,-0.2543841619628318
2003-03-07,13.7503662109375,0.6110997635276197,0.6110997635276197
2003-03-10,5.0,-0.9035604960166196,-0.9035604960166196
2003-03-11,5.75048828125,-0.7736533872784531,-0.7736533872784531
2003-03-12,6.5008544921875,-0.6437674085189363,-0.6437674085189363
2003-03-13,19.2496337890625,1.5630053016952186,1.5630053016952186
2003-03-14,8.7503662109375,-0.2543841619628318,-0.2543841619628318
2003-03-17,24.251220703125,2.4287639169081157,2.4287639169081157
2003-03-18,11.75048828125,0.2649273233100888,0.2649273233100888
2003-03-19,11.0,0.1350202145719224,0.1350202145719224
2003-03-20,14.0,0.6543105698661934,0.6543105698661934
2003-03-21,18.24951171875,1.3898873866184784,1.3898873866184784
2003-03-24,10.7503662109375,0.09180940823334882,0.09180940823334882
2003-03-25,13.499267578125,0.5676353974452502,0.5676353974452502
2003-03-26,9.0,-0.21117335562425826,-0.21117335562425826
2003-03-27,7.75048828125,-0.4274598170822725,-0.4274598170822725
2003-03-28,8.499267578125,-0.29784852804520145,-0.29784852804520145
2003-03-31,8.251220703125,-0.3407846446613293,-0.3407846446613293
2003-04-01,13.4991455078125,0.5676142674666005,0.5676142674666005
2003-04-02,15.0,0.8274073549642836,0.8274073549642836
2003-04-03,15.0,0.8274073549642836,0.8274073549642836
2003-04-04,11.4991455078125,0.22142069727041985,0.22142069727041985
2003-04-07,14.0,0.6543105698661934,0.6543105698661934
2003-04-08,12.499267578125,0.39453861234715987,0.39453861234715987
2003-04-09,11.5008544921875,0.22171651697151523,0.22171651697151523
2003-04-10,8.499267578125,-0.29784852804520145,-0.29784852804520145
2003-04-11,12.500732421875,0.3947921720909559,0.3947921720909559
2003-04-14,9.251220703125,-0.16768785956323898,-0.16768785956323898
2003-04-15,11.2496337890625,0.17823102091049597,0.17823102091049597
2003-04-16,11.0,0.1350202145719224,0.1350202145719224
2003-04-17,7.75048828125,-0.4274598170822725,-0.4274598170822725
2003-04-21,8.7503662109375,-0.2543841619628318,-0.2543841619628318
2003-04-22,8.499267578125,-0.29784852804520145,-0.29784852804520145
2003-04-23,5.0,-0.9035604960166196,-0.9035604960166196
2003-04-24,10.75048828125,0.09183053821199849,0.09183053821199849
2003-04-25,8.4991455078125,-0.2978696580238511,-0.2978696580238511
2003-04-28,7.499267578125,-0.47094531314329174,-0.47094531314329174
2003-04-29,8.7503662109375,-0.2543841619628318,-0.2543841619628318
2003-04-30,14.7503662109375,0.7841965486257101,0.7841965486257101
2003-05-01,8.5008544921875,-0.29757383832275575,-0.29757383832275575
2003-05-02,11.7503662109375,0.2649061933314391,0.2649061933314391
2003-05-05,9.748779296875,-0.0815620665871872,-0.0815620665871872
2003-05-06,17.24951171875,1.2167906015203882,1.2167906015203882
2003-05-07,14.0,0.6543105698661934,0.6543105698661934
2003-05-08,10.0,-0.03807657052616793,-0.03807657052616793
2003-05-09,7.748779296875,-0.42775563678336787,-0.42775563678336787
2003-05-12,9.0,-0.21117335562425826,-0.21117335562425826
2003-05-13,7.499267578125,-0.47094531314329174,-0.47094531314329174
2003-05-14,15.24951171875,0.8705970313242076,0.8705970313242076
2003-05-15,9.4991455078125,-0.12477287292576078,-0.12477287292576078
2003-05-16,17.0,1.1736009251604642,1.1736009251604642
2003-05-19,10.5008544921875,0.048619731873424915,0.048619731873424915
2003-05-20,17.499267578125,1.2600225378376115,1.2600225378376115
2003-05-21,11.7503662109375,0.2649061933314391,0.2649061933314391
2003-05-22,9.748779296875,-0.0815620665871872,-0.0815620665871872
2003-05-23,6.5008544921875,-0.6437674085189363,-0.6437674085189363
2003-05-27,13.0,0.481213784768103,0.481213784768103
2003-05-28,12.7503662109375,0.43800297842952945,0.43800297842952945
2003-05-29,17.2496337890625,1.2168117314990379,1.2168117314990379
2003-05-30,13.7503662109375,0.6110997635276197,0.6110997635276197
2003-06-02,7.5008544921875,-0.47067062342084603,-0.47067062342084603
2003-06-03,15.0,0.8274073549642836,0.8274073549642836
2003-06-04,8.0,-0.38427014072234855,-0.38427014072234855
2003-06-05,12.5008544921875,0.3948133020696056,0.3948133020696056
2003-06-06,15.251220703125,0.8708928510253029,0.8708928510253029
2003-06-09,7.500732421875,-0.4706917533994957,-0.4706917533994957
2003-06-10,14.0,0.6543105698661934,0.6543105698661934
2003-06-11,9.0,-0.21117335562425826,-0.21117335562425826
2003-06-12,24.4991455078125,2.471678903545594,2.471678903545594
2003-06-13,6.500732421875,-0.643788538497586,-0.643788538497586
2003-06-16,13.75048828125,0.6111208935062694,0.6111208935062694
2003-06-17,12.7503662109375,0.43800297842952945,0.43800297842952945
2003-06-18,12.0,0.3081169996700127,0.3081169996700127
2003-06-19,10.0,-0.03807657052616793,-0.03807657052616793
2003-06-20,13.2496337890625,0.5244245911066766,0.5244245911066766
2003-06-23,12.499267578125,0.39453861234715987,0.39453861234715987
2003-06-24,12.75048828125,0.4380241084081791,0.4380241084081791
2003-06-25,25.4991455078125,2.6447756886436844,2.6447756886436844
2003-06-26,20.7503662109375,1.822777259214252,1.822777259214252
2003-06-27,16.0,1.000504140062374,1.000504140062374
2003-06-30,10.0,-0.03807657052616793,-0.03807657052616793
2003-07-01,12.0,0.3081169996700127,0.3081169996700127
2003-07-02,15.0,0.8274073549642836,0.8274073549642836
2003-07-03,16.75048828125,1.1304112488005404,1.1304112488005404
2003-07-07,12.24951171875,0.3513066760299366,0.3513066760299366
2003-07-08,11.24951171875,0.1782098909318463,0.1782098909318463
2003-07-09,7.0,-0.5573669258204389,-0.5573669258204389
2003-07-10,8.0,-0.38427014072234855,-0.38427014072234855
2003-07-11,10.7503662109375,0.09180940823334882,0.09180940823334882
2003-07-14,13.24951171875,0.5244034611280269,0.5244034611280269
2003-07-15,32.2496337890625,3.813263507970393,3.813263507970393
2003-07-16,16.0,1.000504140062374,1.000504140062374
2003-07-17,16.5008544921875,1.0872004424619668,1.0872004424619668
2003-07-18,9.4991455078125,-0.12477287292576078,-0.12477287292576078
2003-07-21,26.24951171875,2.774661667403201,2.774661667403201
2003-07-22,12.0,0.3081169996700127,0.3081169996700127
2003-07-23,11.75048828125,0.2649273233100888,0.2649273233100888
2003-07-24,16.499267578125,1.086925752739521,1.086925752739521
2003-07-25,14.7503662109375,0.7841965486257101,0.7841965486257101
2003-07-28,17.2496337890625,1.2168117314990379,1.2168117314990379
2003-07-29,31.499267578125,3.683377529210876,3.683377529210876
2003-07-30,20.0,1.6928912804547354,1.6928912804547354
2003-07-31,40.7503662109375,5.284712961176059,5.284712961176059
2003-08-01,26.0,2.731471991043277,2.731471991043277
2003-08-04,19.5008544921875,1.6064907977562377,1.6064907977562377
2003-08-05,23.2496337890625,2.25539244208758,2.25539244208758
2003-08-06,25.2496337890625,2.6015860122837604,2.6015860122837604
2003-08-07,13.5008544921875,0.5679100871676959,0.5679100871676959
2003-08-08,16.0,1.000504140062374,1.000504140062374
2003-08-11,16.251220703125,1.0439896361233933,1.0439896361233933
2003-08-12,14.0,0.6543105698661934,0.6543105698661934
2003-08-13,23.4991455078125,2.298582118447504,2.298582118447504
2003-08-14,33.4991455078125,4.029549969428407,4.029549969428407
2003-08-15,11.7503662109375,0.2649061933314391,0.2649061933314391
2003-08-18,13.2496337890625,0.5244245911066766,0.5244245911066766
2003-08-19,23.748779296875,2.3417929247860774,2.3417929247860774
2003-08-20,21.0,1.8659880655528256,1.8659880655528256
2003-08-21,18.4991455078125,1.433098192957052,1.433098192957052
2003-08-22,14.2496337890625,0.697521376204767,0.697521376204767
2003-08-25,19.24951171875,1.562984171716569,1.562984171716569
2003-08-26,18.4991455078125,1.433098192957052,1.433098192957052
2003-08-27,12.0,0.3081169996700127,0.3081169996700127
2003-08-28,19.499267578125,1.606216108033792,1.606216108033792
2003-08-29,11.4991455078125,0.22142069727041985,0.22142069727041985
2003-09-02,20.5008544921875,1.7795875828543282,1.7795875828543282
2003-09-03,7.5008544921875,-0.47067062342084603,-0.47067062342084603
2003-09-04,15.2496337890625,0.8706181613028573,0.8706181613028573
2003-09-05,25.748779296875,2.687986494982258,2.687986494982258
2003-09-08,19.500732421875,1.606469667777588,1.606469667777588
2003-09-09,11.251220703125,0.17850571063294166,0.17850571063294166
2003-09-10,14.5008544921875,0.7410068722657862,0.7410068722657862
2003-09-11,8.251220703125,-0.3407846446613293,-0.3407846446613293
2003-09-12,16.5008544921875,1.0872004424619668,1.0872004424619668
2003-09-15,10.75048828125,0.09183053821199849,0.09183053821199849
2003-09-16,7.2496337890625,-0.5141561194818653,-0.5141561194818653
2003-09-17,11.0,0.1350202145719224,0.1350202145719224
2003-09-18,10.75048828125,0.09183053821199849,0.09183053821199849
2003-09-19,6.7503662109375,-0.6005777321590124,-0.6005777321590124
2003-09-22,14.75048828125,0.7842176786043598,0.7842176786043598
2003-09-23,12.0,0.3081169996700127,0.3081169996700127
2003-09-24,18.500732421875,1.4333728826794978,1.4333728826794978
2003-09-25,11.0,0.1350202145719224,0.1350202145719224
2003-09-26,17.251220703125,1.2170864212214836,1.2170864212214836
2003-09-29,9.0,-0.21117335562425826,-0.21117335562425826
2003-09-30,20.7503662109375,1.822777259214252,1.822777259214252
2003-10-01,8.7503662109375,-0.2543841619628318,-0.2543841619628318
2003-10-02,15.4991455078125,0.9138078376627812,0.9138078376627812
2003-10-03,28.5008544921875,3.164361863639051,3.164361863639051
2003-10-06,12.0,0.3081169996700127,0.3081169996700127
2003-10-07,14.5008544921875,0.7410068722657862,0.7410068722657862
2003-10-08,11.7503662109375,0.2649061933314391,0.2649061933314391
2003-10-09,14.24951171875,0.6975002462261173,0.6975002462261173
2003-10-10,11.4991455078125,0.22142069727041985,0.22142069727041985
2003-10-13,0.0,-1.769044421507071,-1.769044421507071
2003-10-14,8.5008544921875,-0.29757383832275575,-0.29757383832275575
2003-10-15,14.0,0.6543105698661934,0.6543105698661934
2003-10-16,19.2496337890625,1.5630053016952186,1.5630053016952186
2003-10-17,13.2496337890625,0.5244245911066766,0.5244245911066766
2003-10-20,16.0,1.000504140062374,1.000504140062374
2003-10-21,11.251220703125,0.17850571063294166,0.17850571063294166
2003-10-22,13.748779296875,0.610825073805174,0.610825073805174
2003-10-23,17.7503662109375,1.303486903919981,1.303486903919981
2003-10-24,15.499267578125,0.9138289676414308,0.9138289676414308
2003-10-27,7.0,-0.5573669258204389,-0.5573669258204389
2003-10-28,19.4991455078125,1.6061949780551423,1.6061949780551423
2003-10-29,15.0,0.8274073549642836,0.8274073549642836
2003-10-30,18.75048828125,1.4766048189967211,1.4766048189967211
2003-10-31,8.24951171875,-0.3410804643624247,-0.3410804643624247
2003-11-03,14.500732421875,0.7409857422871365,0.7409857422871365
2003-11-04,10.0,-0.03807657052616793,-0.03807657052616793
2003-11-05,10.499267578125,0.04834504215097921,0.04834504215097921
2003-11-06,11.499267578125,0.22144182724906952,0.22144182724906952
2003-11-07,25.0,2.558375205945187,2.558375205945187
2003-11-10,8.75048828125,-0.25436303198418214,-0.25436303198418214
2003-11-11,0.0,-1.769044421507071,-1.769044421507071
2003-11-12,9.499267578125,-0.12475174294711111,-0.12475174294711111
2003-11-13,19.2496337890625,1.5630053016952186,1.5630053016952186
2003-11-14,14.7503662109375,0.7841965486257101,0.7841965486257101
2003-11-17,10.24951171875,0.005113105833755971,0.005113105833755971
2003-11-18,13.2496337890625,0.5244245911066766,0.5244245911066766
2003-11-19,17.5008544921875,1.2602972275600572,1.2602972275600572
2003-11-20,15.499267578125,0.9138289676414308,0.9138289676414308
2003-11-21,6.499267578125,-0.644042098241382,-0.644042098241382
2003-11-24,11.24951171875,0.1782098909318463,0.1782098909318463
2003-11-25,13.2496337890625,0.5244245911066766,0.5244245911066766
2003-11-26,11.0,0.1350202145719224,0.1350202145719224
2003-11-28,11.0,0.1350202145719224,0.1350202145719224
2003-12-01,14.5008544921875,0.7410068722657862,0.7410068722657862
2003-12-02,9.2496337890625,-0.1679625492856847,-0.1679625492856847
2003-12-03,9.5008544921875,-0.1244770532246654,-0.1244770532246654
2003-12-04,10.2496337890625,0.00513423581240564,0.00513423581240564
2003-12-05,22.75048828125,2.1689919593890825,2.1689919593890825
2003-12-08,9.0,-0.21117335562425826,-0.21117335562425826
2003-12-09,17.499267578125,1.2600225378376115,1.2600225378376115
2003-12-10,8.7503662109375,-0.2543841619628318,-0.2543841619628318
2003-12-11,16.24951171875,1.043693816422298,1.043693816422298
2003-12-12,11.5008544921875,0.22171651697151523,0.22171651697151523
2003-12-15,10.0,-0.03807657052616793,-0.03807657052616793
2003-12-16,7.748779296875,-0.42775563678336787,-0.42775563678336787
2003-12-17,6.499267578125,-0.644042098241382,-0.644042098241382
2003-12-18,5.5008544921875,-0.8168641936170267,-0.8168641936170267
2003-12-19,4.75048828125,-0.9467501723765435,-0.9467501723765435
2003-12-22,12.0,0.3081169996700127,0.3081169996700127
2003-12-23,15.500732421875,0.9140825273852269,0.9140825273852269
2003-12-24,13.2496337890625,0.5244245911066766,0.5244245911066766
2003-12-26,7.7503662109375,-0.42748094706092216,-0.42748094706092216
2003-12-29,11.2496337890625,0.17823102091049597,0.17823102091049597
2003-12-30,8.499267578125,-0.29784852804520145,-0.29784852804520145
2003-12-31,4.2496337890625,-1.0334464747761363,-1.0334464747761363
2004-01-02,18.5008544921875,1.4333940126581475,1.4333940126581475
2004-01-05,6.748779296875,-0.6008524218814582,-0.6008524218814582
2004-01-06,15.5008544921875,0.9141036573638766,0.9141036573638766
2004-01-07,12.24951171875,0.3513066760299366,0.3513066760299366
2004-01-08,7.499267578125,-0.47094531314329174,-0.47094531314329174
2004-01-09,27.0,2.904568776141368,2.904568776141368
2004-01-12,11.2496337890625,0.17823102091049597,0.17823102091049597
2004-01-13,14.500732421875,0.7409857422871365,0.7409857422871365
2004-01-14,11.251220703125,0.17850571063294166,0.17850571063294166
2004-01-15,10.7503662109375,0.09180940823334882,0.09180940823334882
2004-01-16,14.0,0.6543105698661934,0.6543105698661934
2004-01-20,7.7503662109375,-0.42748094706092216,-0.42748094706092216
2004-01-21,6.7503662109375,-0.6005777321590124,-0.6005777321590124
2004-01-22,11.0,0.1350202145719224,0.1350202145719224
2004-01-23,19.24951171875,1.562984171716569,1.562984171716569
2004-01-26,12.0,0.3081169996700127,0.3081169996700127
2004-01-27,9.500732421875,-0.12449818320331507,-0.12449818320331507
2004-01-28,31.2496337890625,3.6401667228723027,3.6401667228723027
2004-01-29,10.2496337890625,0.00513423581240564,0.00513423581240564
2004-01-30,8.2496337890625,-0.341059334383775,-0.341059334383775
2004-02-02,9.0,-0.21117335562425826,-0.21117335562425826
2004-02-03,7.2496337890625,-0.5141561194818653,-0.5141561194818653
2004-02-04,8.748779296875,-0.2546588516852775,-0.2546588516852775
2004-02-05,12.2496337890625,0.35132780600858626,0.35132780600858626
2004-02-06,20.7503662109375,1.822777259214252,1.822777259214252
2004-02-09,5.2496337890625,-0.8603496896780459,-0.8603496896780459
2004-02-10,8.7503662109375,-0.2543841619628318,-0.2543841619628318
2004-02-11,21.0,1.8659880655528256,1.8659880655528256
2004-02-12,7.2496337890625,-0.5141561194818653,-0.5141561194818653
2004-02-13,10.251220703125,0.0054089255348513405,0.0054089255348513405
2004-02-17,6.0,-0.7304637109185292,-0.7304637109185292
2004-02-18,8.24951171875,-0.3410804643624247,-0.3410804643624247
2004-02-19,8.251220703125,-0.3407846446613293,-0.3407846446613293
2004-02-20,9.7503662109375,-0.08128737686474151,-0.08128737686474151
2004-02-23,11.75048828125,0.2649273233100888,0.2649273233100888
2004-02-24,8.0,-0.38427014072234855,-0.38427014072234855
2004-02-25,4.5008544921875,-0.989960978715117,-0.989960978715117
2004-02-26,8.5008544921875,-0.29757383832275575,-0.29757383832275575
2004-02-27,8.24951171875,-0.3410804643624247,-0.3410804643624247
2004-03-01,14.2496337890625,0.697521376204767,0.697521376204767
2004-03-02,10.7503662109375,0.09180940823334882,0.09180940823334882
2004-03-03,7.0,-0.5573669258204389,-0.5573669258204389
2004-03-04,9.0,-0.21117335562425826,-0.21117335562425826
2004-03-05,31.500732421875,3.683631088954672,3.683631088954672
2004-03-08,10.0,-0.03807657052616793,-0.03807657052616793
2004-03-09,10.2496337890625,0.00513423581240564,0.00513423581240564
2004-03-10,5.24951171875,-0.8603708196566956,-0.8603708196566956
2004-03-11,13.7503662109375,0.6110997635276197,0.6110997635276197
2004-03-12,11.251220703125,0.17850571063294166,0.17850571063294166
2004-03-15,9.2496337890625,-0.1679625492856847,-0.1679625492856847
2004-03-16,14.5008544921875,0.7410068722657862,0.7410068722657862
2004-03-17,7.5008544921875,-0.47067062342084603,-0.47067062342084603
2004-03-18,8.4991455078125,-0.2978696580238511,-0.2978696580238511
2004-03-19,4.748779296875,-0.9470459920776388,-0.9470459920776388
2004-03-22,3.500732421875,-1.163078893791857,-1.163078893791857
2004-03-23,5.748779296875,-0.7739492069795485,-0.7739492069795485
2004-03-24,5.7503662109375,-0.7736745172571028,-0.7736745172571028
2004-03-25,6.7503662109375,-0.6005777321590124,-0.6005777321590124
2004-03-26,14.2496337890625,0.697521376204767,0.697521376204767
2004-03-29,8.251220703125,-0.3407846446613293,-0.3407846446613293
2004-03-30,5.7503662109375,-0.7736745172571028,-0.7736745172571028
2004-03-31,9.4991455078125,-0.12477287292576078,-0.12477287292576078
2004-04-01,11.7503662109375,0.2649061933314391,0.2649061933314391
2004-04-02,45.75048828125,6.15021801664516,6.15021801664516
2004-04-05,11.0,0.1350202145719224,0.1350202145719224
2004-04-06,7.5008544921875,-0.47067062342084603,-0.47067062342084603
2004-04-07,6.0,-0.7304637109185292,-0.7304637109185292
2004-04-08,7.0,-0.5573669258204389,-0.5573669258204389
2004-04-12,5.499267578125,-0.8171388833394724,-0.8171388833394724
2004-04-13,14.7503662109375,0.7841965486257101,0.7841965486257101
2004-04-14,18.748779296875,1.4763089992956258,1.4763089992956258
2004-04-15,11.499267578125,0.22144182724906952,0.22144182724906952
2004-04-16,11.4991455078125,0.22142069727041985,0.22142069727041985
2004-04-19,9.75048828125,-0.08126624688609184,-0.08126624688609184
2004-04-20,14.7503662109375,0.7841965486257101,0.7841965486257101
2004-04-21,11.75048828125,0.2649273233100888,0.2649273233100888
2004-04-22,11.7503662109375,0.2649061933314391,0.2649061933314391
2004-04-23,14.4991455078125,0.7407110525646908,0.7407110525646908
2004-04-26,6.500732421875,-0.643788538497586,-0.643788538497586
2004-04-27,10.0,-0.03807657052616793,-0.03807657052616793
2004-04-28,14.0,0.6543105698661934,0.6543105698661934
2004-04-29,16.4991455078125,1.0869046227608714,1.0869046227608714
2004-04-30,10.7503662109375,0.09180940823334882,0.09180940823334882
2004-05-03,7.251220703125,-0.5138814297594196,-0.5138814297594196
2004-05-04,18.0,1.3466977102585547,1.3466977102585547
2004-05-05,13.2496337890625,0.5244245911066766,0.5244245911066766
2004-05-06,6.748779296875,-0.6008524218814582,-0.6008524218814582
2004-05-07,36.2496337890625,4.505650648362754,4.505650648362754
2004-05-10,6.2496337890625,-0.6872529045799557,-0.6872529045799557
2004-05-11,6.2496337890625,-0.6872529045799557,-0.6872529045799557
2004-05-12,7.5008544921875,-0.47067062342084603,-0.47067062342084603
2004-05-13,7.4991455078125,-0.4709664431219414,-0.4709664431219414
2004-05-14,18.0,1.3466977102585547,1.3466977102585547
2004-05-17,11.499267578125,0.22144182724906952,0.22144182724906952
2004-05-18,7.5008544921875,-0.47067062342084603,-0.47067062342084603
2004-05-19,9.0,-0.21117335562425826,-0.21117335562425826
2004-05-20,9.251220703125,-0.16768785956323898,-0.16768785956323898
2004-05-21,11.24951171875,0.1782098909318463,0.1782098909318463
2004-05-24,6.748779296875,-0.6008524218814582,-0.6008524218814582
2004-05-25,5.499267578125,-0.8171388833394724,-0.8171388833394724
2004-05-26,10.499267578125,0.04834504215097921,0.04834504215097921
2004-05-27,12.0,0.3081169996700127,0.3081169996700127
2004-05-28,10.500732421875,0.048598601894775245,0.048598601894775245
2004-06-01,9.500732421875,-0.12449818320331507,-0.12449818320331507
2004-06-02,6.4991455078125,-0.6440632282200317,-0.6440632282200317
2004-06-03,7.4991455078125,-0.4709664431219414,-0.4709664431219414
2004-06-04,13.0,0.481213784768103,0.481213784768103
2004-06-07,5.7503662109375,-0.7736745172571028,-0.7736745172571028
2004-06-08,7.7503662109375,-0.42748094706092216,-0.42748094706092216
2004-06-09,8.4991455078125,-0.2978696580238511,-0.2978696580238511
2004-06-10,6.748779296875,-0.6008524218814582,-0.6008524218814582
2004-06-11,3.24951171875,-1.2065643898528762,-1.2065643898528762
2004-06-14,6.2496337890625,-0.6872529045799557,-0.6872529045799557
2004-06-15,24.0,2.3852784208470967,2.3852784208470967
2004-06-16,5.4991455078125,-0.817160013318122,-0.817160013318122
2004-06-17,11.500732421875,0.22169538699286556,0.22169538699286556
2004-06-18,11.2496337890625,0.17823102091049597,0.17823102091049597
2004-06-21,5.0,-0.9035604960166196,-0.9035604960166196
2004-06-22,5.0,-0.9035604960166196,-0.9035604960166196
2004-06-23,6.748779296875,-0.6008524218814582,-0.6008524218814582
2004-06-24,11.7503662109375,0.2649061933314391,0.2649061933314391
2004-06-25,6.0,-0.7304637109185292,-0.7304637109185292
2004-06-28,15.4991455078125,0.9138078376627812,0.9138078376627812
2004-06-29,10.0,-0.03807657052616793,-0.03807657052616793
2004-06-30,16.7503662109375,1.1303901188218908,1.1303901188218908
2004-07-01,8.75048828125,-0.25436303198418214,-0.25436303198418214
2004-07-02,26.0,2.731471991043277,2.731471991043277
2004-07-06,6.251220703125,-0.68697821485751,-0.68697821485751
2004-07-07,5.4991455078125,-0.817160013318122,-0.817160013318122
2004-07-08,8.2496337890625,-0.341059334383775,-0.341059334383775
2004-07-09,4.5008544921875,-0.989960978715117,-0.989960978715117
2004-07-12,4.0,-1.07665728111471,-1.07665728111471
2004-07-13,7.748779296875,-0.42775563678336787,-0.42775563678336787
2004-07-14,8.500732421875,-0.2975949683014054,-0.2975949683014054
2004-07-15,5.7503662109375,-0.7736745172571028,-0.7736745172571028
2004-07-16,18.24951171875,1.3898873866184784,1.3898873866184784
2004-07-19,3.5008544921875,-1.1630577638132074,-1.1630577638132074
2004-07-20,14.2496337890625,0.697521376204767,0.697521376204767
2004-07-21,8.499267578125,-0.29784852804520145,-0.29784852804520145
2004-07-22,6.251220703125,-0.68697821485751,-0.68697821485751
2004-07-23,5.2496337890625,-0.8603496896780459,-0.8603496896780459
2004-07-26,6.24951171875,-0.6872740345586054,-0.6872740345586054
2004-07-27,13.75048828125,0.6111208935062694,0.6111208935062694
2004-07-28,8.0,-0.38427014072234855,-0.38427014072234855
2004-07-29,8.2496337890625,-0.341059334383775,-0.341059334383775
2004-07-30,14.7503662109375,0.7841965486257101,0.7841965486257101
2004-08-02,7.7503662109375,-0.42748094706092216,-0.42748094706092216
2004-08-03,8.24951171875,-0.3410804643624247,-0.3410804643624247
2004-08-04,7.7503662109375,-0.42748094706092216,-0.42748094706092216
2004-08-05,5.7503662109375,-0.7736745172571028,-0.7736745172571028
2004-08-06,33.0,3.9431494867299097,3.9431494867299097
2004-08-09,7.748779296875,-0.42775563678336787,-0.42775563678336787
2004-08-10,11.0,0.1350202145719224,0.1350202145719224
2004-08-11,6.251220703125,-0.68697821485751,-0.68697821485751
2004-08-12,8.500732421875,-0.2975949683014054,-0.2975949683014054
2004-08-13,9.0,-0.21117335562425826,-0.21117335562425826
2004-08-16,8.75048828125,-0.25436303198418214,-0.25436303198418214
2004-08-17,10.5008544921875,0.048619731873424915,0.048619731873424915
2004-08-18,10.0,-0.03807657052616793,-0.03807657052616793
2004-08-19,5.7503662109375,-0.7736745172571028,-0.7736745172571028
2004-08-20,5.0,-0.9035604960166196,-0.9035604960166196
2004-08-23,8.2496337890625,-0.341059334383775,-0.341059334383775
2004-08-24,6.748779296875,-0.6008524218814582,-0.6008524218814582
2004-08-25,9.0,-0.21117335562425826,-0.21117335562425826
2004-08-26,7.251220703125,-0.5138814297594196,-0.5138814297594196
2004-08-27,4.748779296875,-0.9470459920776388,-0.9470459920776388
2004-08-30,6.499267578125,-0.644042098241382,-0.644042098241382
2004-08-31,11.499267578125,0.22144182724906952,0.22144182724906952
2004-09-01,9.0,-0.21117335562425826,-0.21117335562425826
2004-09-02,11.24951171875,0.1782098909318463,0.1782098909318463
2004-09-03,32.748779296875,3.8996639906688904,3.8996639906688904
2004-09-07,6.24951171875,-0.6872740345586054,-0.6872740345586054
2004-09-08,16.499267578125,1.086925752739521,1.086925752739521
2004-09-09,7.7503662109375,-0.42748094706092216,-0.42748094706092216
2004-09-10,8.0,-0.38427014072234855,-0.38427014072234855
2004-09-13,5.500732421875,-0.8168853235956763,-0.8168853235956763
2004-09-14,6.2496337890625,-0.6872529045799557,-0.6872529045799557
2004-09-15,6.2496337890625,-0.6872529045799557,-0.6872529045799557
2004-09-16,13.5008544921875,0.5679100871676959,0.5679100871676959
2004-09-17,9.0,-0.21117335562425826,-0.21117335562425826
2004-09-20,6.7503662109375,-0.6005777321590124,-0.6005777321590124
2004-09-21,4.251220703125,-1.0331717850536906,-1.0331717850536906
2004-09-22,10.24951171875,0.005113105833755971,0.005113105833755971
2004-09-23,10.0,-0.03807657052616793,-0.03807657052616793
2004-09-24,7.0,-0.5573669258204389,-0.5573669258204389
2004-09-27,9.0,-0.21117335562425826,-0.21117335562425826
2004-09-28,8.24951171875,-0.3410804643624247,-0.3410804643624247
2004-09-29,12.5008544921875,0.3948133020696056,0.3948133020696056
2004-09-30,14.4991455078125,0.7407110525646908,0.7407110525646908
2004-10-01,8.75048828125,-0.25436303198418214,-0.25436303198418214
2004-10-04,8.499267578125,-0.29784852804520145,-0.29784852804520145
2004-10-05,4.0,-1.07665728111471,-1.07665728111471
2004-10-06,7.499267578125,-0.47094531314329174,-0.47094531314329174
2004-10-07,6.0,-0.7304637109185292,-0.7304637109185292
2004-10-08,15.0,0.8274073549642836,0.8274073549642836
2004-10-11,0.0,-1.769044421507071,-1.769044421507071
2004-10-12,7.0,-0.5573669258204389,-0.5573669258204389
2004-10-13,11.24951171875,0.1782098909318463,0.1782098909318463
2004-10-14,8.0,-0.38427014072234855,-0.38427014072234855
2004-10-15,15.4991455078125,0.9138078376627812,0.9138078376627812
2004-10-18,5.4991455078125,-0.817160013318122,-0.817160013318122
2004-10-19,9.24951171875,-0.16798367926433436,-0.16798367926433436
2004-10-20,6.7503662109375,-0.6005777321590124,-0.6005777321590124
2004-10-21,7.24951171875,-0.514177249460515,-0.514177249460515
2004-10-22,7.748779296875,-0.42775563678336787,-0.42775563678336787
2004-10-25,5.0,-0.9035604960166196,-0.9035604960166196
2004-10-26,5.7503662109375,-0.7736745172571028,-0.7736745172571028
2004-10-27,15.4991455078125,0.9138078376627812,0.9138078376627812
2004-10-28,12.748779296875,0.43772828870708375,0.43772828870708375
2004-10-29,8.0,-0.38427014072234855,-0.38427014072234855
2004-11-01,7.7503662109375,-0.42748094706092216,-0.42748094706092216
2004-11-02,6.7503662109375,-0.6005777321590124,-0.6005777321590124
2004-11-03,17.748779296875,1.3032122141975353,1.3032122141975353
2004-11-04,6.0,-0.7304637109185292,-0.7304637109185292
2004-11-05,28.7503662109375,3.207551539998975,3.207551539998975
2004-11-08,4.500732421875,-0.9899821086937667,-0.9899821086937667
2004-11-09,4.0,-1.07665728111471,-1.07665728111471
2004-11-10,7.500732421875,-0.4706917533994957,-0.4706917533994957
2004-11-11,0.0,-1.769044421507071,-1.769044421507071
2004-11-12,8.24951171875,-0.3410804643624247,-0.3410804643624247
2004-11-15,4.499267578125,-0.9902356684375627,-0.9902356684375627
2004-11-16,6.748779296875,-0.6008524218814582,-0.6008524218814582
2004-11-17,16.0,1.000504140062374,1.000504140062374
2004-11-18,5.5008544921875,-0.8168641936170267,-0.8168641936170267
2004-11-19,16.0,1.000504140062374,1.000504140062374
2004-11-22,4.499267578125,-0.9902356684375627,-0.9902356684375627
2004-11-23,8.499267578125,-0.29784852804520145,-0.29784852804520145
2004-11-24,4.748779296875,-0.9470459920776388,-0.9470459920776388
2004-11-26,11.4991455078125,0.22142069727041985,0.22142069727041985
2004-11-29,12.499267578125,0.39453861234715987,0.39453861234715987
2004-11-30,6.2496337890625,-0.6872529045799557,-0.6872529045799557
2004-12-01,8.2496337890625,-0.341059334383775,-0.341059334383775
2004-12-02,7.75048828125,-0.4274598170822725,-0.4274598170822725
2004-12-03,21.748779296875,1.9955993545898967,1.9955993545898967
2004-12-06,4.5008544921875,-0.989960978715117,-0.989960978715117
2004-12-07,4.2496337890625,-1.0334464747761363,-1.0334464747761363
2004-12-08,14.748779296875,0.7839218589032644,0.7839218589032644
2004-12-09,8.5008544921875,-0.29757383832275575,-0.29757383832275575
2004-12-10,6.0,-0.7304637109185292,-0.7304637109185292
2004-12-13,6.0,-0.7304637109185292,-0.7304637109185292
2004-12-14,7.0,-0.5573669258204389,-0.5573669258204389
2004-12-15,6.4991455078125,-0.6440632282200317,-0.6440632282200317
2004-12-16,12.5008544921875,0.3948133020696056,0.3948133020696056
2004-12-17,9.499267578125,-0.12475174294711111,-0.12475174294711111
2004-12-20,4.2496337890625,-1.0334464747761363,-1.0334464747761363
2004-12-21,5.0,-0.9035604960166196,-0.9035604960166196
2004-12-22,5.0,-0.9035604960166196,-0.9035604960166196
2004-12-23,3.24951171875,-1.2065643898528762,-1.2065643898528762
2004-12-27,11.0,0.1350202145719224,0.1350202145719224
2004-12-28,6.748779296875,-0.6008524218814582,-0.6008524218814582
2004-12-29,5.7503662109375,-0.7736745172571028,-0.7736745172571028
2004-12-30,8.7503662109375,-0.2543841619628318,-0.2543841619628318
2004-12-31,5.7503662109375,-0.7736745172571028,-0.7736745172571028
2005-01-03,7.0,-0.5573669258204389,-0.5573669258204389
2005-01-04,13.499267578125,0.5676353974452502,0.5676353974452502
2005-01-05,6.0,-0.7304637109185292,-0.7304637109185292
2005-01-06,4.748779296875,-0.9470459920776388,-0.9470459920776388
2005-01-07,29.2496337890625,3.2939731526761222,3.2939731526761222
2005-01-10,3.7503662109375,-1.1198680874532834,-1.1198680874532834
2005-01-11,6.4991455078125,-0.6440632282200317,-0.6440632282200317
2005-01-12,4.7503662109375,-0.9467713023551931,-0.9467713023551931
2005-01-13,9.5008544921875,-0.1244770532246654,-0.1244770532246654
2005-01-14,9.0,-0.21117335562425826,-0.21117335562425826
2005-01-18,5.499267578125,-0.8171388833394724,-0.8171388833394724
2005-01-19,6.4991455078125,-0.6440632282200317,-0.6440632282200317
2005-01-20,6.7503662109375,-0.6005777321590124,-0.6005777321590124
2005-01-21,6.0,-0.7304637109185292,-0.7304637109185292
2005-01-24,4.0,-1.07665728111471,-1.07665728111471
2005-01-25,9.0,-0.21117335562425826,-0.21117335562425826
2005-01-26,5.2496337890625,-0.8603496896780459,-0.8603496896780459
2005-01-27,5.5008544921875,-0.8168641936170267,-0.8168641936170267
2005-01-28,11.2496337890625,0.17823102091049597,0.17823102091049597
2005-01-31,4.748779296875,-0.9470459920776388,-0.9470459920776388
2005-02-01,4.24951171875,-1.033467604754786,-1.033467604754786
2005-02-02,4.4991455078125,-0.9902567984162124,-0.9902567984162124
2005-02-03,5.499267578125,-0.8171388833394724,-0.8171388833394724
2005-02-04,14.0,0.6543105698661934,0.6543105698661934
2005-02-07,5.500732421875,-0.8168853235956763,-0.8168853235956763
2005-02-08,6.24951171875,-0.6872740345586054,-0.6872740345586054
2005-02-09,11.4000244140625,0.20426315460688846,0.20426315460688846
2005-02-10,10.0,-0.03807657052616793,-0.03807657052616793
2005-02-11,6.75048828125,-0.6005566021803628,-0.6005566021803628
2005-02-14,5.0,-0.9035604960166196,-0.9035604960166196
2005-02-15,4.0,-1.07665728111471,-1.07665728111471
2005-02-16,11.4991455078125,0.22142069727041985,0.22142069727041985
2005-02-17,5.7503662109375,-0.7736745172571028,-0.7736745172571028
2005-02-18,10.4991455078125,0.04832391217232954,0.04832391217232954
2005-02-22,4.0,-1.07665728111471,-1.07665728111471
2005-02-23,10.5008544921875,0.048619731873424915,0.048619731873424915
2005-02-24,7.2496337890625,-0.5141561194818653,-0.5141561194818653
2005-02-25,5.0,-0.9035604960166196,-0.9035604960166196
2005-02-28,14.0,0.6543105698661934,0.6543105698661934
2005-03-01,3.7503662109375,-1.1198680874532834,-1.1198680874532834
2005-03-02,5.0,-0.9035604960166196,-0.9035604960166196
2005-03-03,4.7503662109375,-0.9467713023551931,-0.9467713023551931
2005-03-04,11.748779296875,0.26463150360899346,0.26463150360899346
2005-03-07,8.75048828125,-0.25436303198418214,-0.25436303198418214
2005-03-08,1.24951171875,-1.5527579600490569,-1.5527579600490569
2005-03-09,13.7503662109375,0.6110997635276197,0.6110997635276197
2005-03-10,11.251220703125,0.17850571063294166,0.17850571063294166
2005-03-11,7.7503662109375,-0.42748094706092216,-0.42748094706092216
2005-03-14,7.5008544921875,-0.47067062342084603,-0.47067062342084603
2005-03-15,7.4991455078125,-0.4709664431219414,-0.4709664431219414
2005-03-16,11.5008544921875,0.22171651697151523,0.22171651697151523
2005-03-17,5.2496337890625,-0.8603496896780459,-0.8603496896780459
2005-03-18,4.251220703125,-1.0331717850536906,-1.0331717850536906
2005-03-21,2.748779296875,-1.2932395622738195,-1.2932395622738195
2005-03-22,20.4991455078125,1.7792917631532328,1.7792917631532328
2005-03-23,10.7503662109375,0.09180940823334882,0.09180940823334882
2005-03-24,4.499267578125,-0.9902356684375627,-0.9902356684375627
2005-03-28,5.0,-0.9035604960166196,-0.9035604960166196
2005-03-29,7.7503662109375,-0.42748094706092216,-0.42748094706092216
2005-03-30,5.748779296875,-0.7739492069795485,-0.7739492069795485
2005-03-31,8.7503662109375,-0.2543841619628318,-0.2543841619628318
2005-04-01,19.4991455078125,1.6061949780551423,1.6061949780551423
2005-04-04,8.0,-0.38427014072234855,-0.38427014072234855
2005-04-05,4.75048828125,-0.9467501723765435,-0.9467501723765435
2005-04-06,5.251220703125,-0.8600749999556002,-0.8600749999556002
2005-04-07,10.0,-0.03807657052616793,-0.03807657052616793
2005-04-08,5.7503662109375,-0.7736745172571028,-0.7736745172571028
2005-04-11,7.0,-0.5573669258204389,-0.5573669258204389
2005-04-12,14.0,0.6543105698661934,0.6543105698661934
2005-04-13,7.5008544921875,-0.47067062342084603,-0.47067062342084603
2005-04-14,7.0,-0.5573669258204389,-0.5573669258204389
2005-04-15,10.5008544921875,0.048619731873424915,0.048619731873424915
2005-04-18,9.0,-0.21117335562425826,-0.21117335562425826
2005-04-19,13.2496337890625,0.5244245911066766,0.5244245911066766
2005-04-20,13.0,0.481213784768103,0.481213784768103
2005-04-21,14.748779296875,0.7839218589032644,0.7839218589032644
2005-04-22,6.0,-0.7304637109185292,-0.7304637109185292
2005-04-25,4.4991455078125,-0.9902567984162124,-0.9902567984162124
2005-04-26,7.75048828125,-0.4274598170822725,-0.4274598170822725
2005-04-27,10.24951171875,0.005113105833755971,0.005113105833755971
2005-04-28,11.2496337890625,0.17823102091049597,0.17823102091049597
2005-04-29,8.24951171875,-0.3410804643624247,-0.3410804643624247
2005-05-02,5.500732421875,-0.8168853235956763,-0.8168853235956763
2005-05-03,7.7503662109375,-0.42748094706092216,-0.42748094706092216
2005-05-04,9.251220703125,-0.16768785956323898,-0.16768785956323898
2005-05-05,10.24951171875,0.005113105833755971,0.005113105833755971
2005-05-06,16.0,1.000504140062374,1.000504140062374
2005-05-09,3.75048828125,-1.1198469574746337,-1.1198469574746337
2005-05-10,9.5008544921875,-0.1244770532246654,-0.1244770532246654
2005-05-11,10.251220703125,0.0054089255348513405,0.0054089255348513405
2005-05-12,10.0,-0.03807657052616793,-0.03807657052616793
2005-05-13,8.748779296875,-0.2546588516852775,-0.2546588516852775
2005-05-16,5.748779296875,-0.7739492069795485,-0.7739492069795485
2005-05-17,8.0,-0.38427014072234855,-0.38427014072234855
2005-05-18,9.75048828125,-0.08126624688609184,-0.08126624688609184
2005-05-19,6.0,-0.7304637109185292,-0.7304637109185292
2005-05-20,2.5008544921875,-1.3361545489112976,-1.3361545489112976
2005-05-23,12.4991455078125,0.3945174823685102,0.3945174823685102
2005-05-24,11.0,0.1350202145719224,0.1350202145719224
2005-05-25,13.7503662109375,0.6110997635276197,0.6110997635276197
2005-05-26,7.499267578125,-0.47094531314329174,-0.47094531314329174
2005-05-27,4.4991455078125,-0.9902567984162124,-0.9902567984162124
2005-05-31,6.0,-0.7304637109185292,-0.7304637109185292
2005-06-01,12.75048828125,0.4380241084081791,0.4380241084081791
2005-06-02,5.251220703125,-0.8600749999556002,-0.8600749999556002
2005-06-03,25.0,2.558375205945187,2.558375205945187
2005-06-06,5.499267578125,-0.8171388833394724,-0.8171388833394724
2005-06-07,8.5008544921875,-0.29757383832275575,-0.29757383832275575
2005-06-08,6.748779296875,-0.6008524218814582,-0.6008524218814582
2005-06-09,8.2496337890625,-0.341059334383775,-0.341059334383775
2005-06-10,10.500732421875,0.048598601894775245,0.048598601894775245
2005-06-13,6.24951171875,-0.6872740345586054,-0.6872740345586054
2005-06-14,8.499267578125,-0.29784852804520145,-0.29784852804520145
2005-06-15,7.7503662109375,-0.42748094706092216,-0.42748094706092216
2005-06-16,8.7503662109375,-0.2543841619628318,-0.2543841619628318
2005-06-17,5.5008544921875,-0.8168641936170267,-0.8168641936170267
2005-06-20,9.4991455078125,-0.12477287292576078,-0.12477287292576078
2005-06-21,8.5008544921875,-0.29757383832275575,-0.29757383832275575
2005-06-22,14.2496337890625,0.697521376204767,0.697521376204767
2005-06-23,5.499267578125,-0.8171388833394724,-0.8171388833394724
2005-06-24,6.4991455078125,-0.6440632282200317,-0.6440632282200317
2005-06-27,4.0,-1.07665728111471,-1.07665728111471
2005-06-28,9.0,-0.21117335562425826,-0.21117335562425826
2005-06-29,9.7503662109375,-0.08128737686474151,-0.08128737686474151
2005-06-30,8.748779296875,-0.2546588516852775,-0.2546588516852775
2005-07-01,16.7503662109375,1.1303901188218908,1.1303901188218908
2005-07-05,9.251220703125,-0.16768785956323898,-0.16768785956323898
2005-07-06,4.499267578125,-0.9902356684375627,-0.9902356684375627
2005-07-07,19.24951171875,1.562984171716569,1.562984171716569
2005-07-08,12.2496337890625,0.35132780600858626,0.35132780600858626
2005-07-11,8.7503662109375,-0.2543841619628318,-0.2543841619628318
2005-07-12,6.500732421875,-0.643788538497586,-0.643788538497586
2005-07-13,3.7503662109375,-1.1198680874532834,-1.1198680874532834
2005-07-14,8.0,-0.38427014072234855,-0.38427014072234855
2005-07-15,7.0,-0.5573669258204389,-0.5573669258204389
2005-07-18,6.0,-0.7304637109185292,-0.7304637109185292
2005-07-19,8.24951171875,-0.3410804643624247,-0.3410804643624247
2005-07-20,12.0,0.3081169996700127,0.3081169996700127
2005-07-21,15.500732421875,0.9140825273852269,0.9140825273852269
2005-07-22,9.0,-0.21117335562425826,-0.21117335562425826
2005-07-25,5.0,-0.9035604960166196,-0.9035604960166196
2005-07-26,2.75048828125,-1.2929437425727242,-1.2929437425727242
2005-07-27,6.24951171875,-0.6872740345586054,-0.6872740345586054
2005-07-28,9.7503662109375,-0.08128737686474151,-0.08128737686474151
2005-07-29,13.0,0.481213784768103,0.481213784768103
2005-08-01,8.7503662109375,-0.2543841619628318,-0.2543841619628318
2005-08-02,5.75048828125,-0.7736533872784531,-0.7736533872784531
2005-08-03,5.5008544921875,-0.8168641936170267,-0.8168641936170267
2005-08-04,5.4991455078125,-0.817160013318122,-0.817160013318122
2005-08-05,11.5008544921875,0.22171651697151523,0.22171651697151523
2005-08-08,5.499267578125,-0.8171388833394724,-0.8171388833394724
2005-08-09,6.24951171875,-0.6872740345586054,-0.6872740345586054
2005-08-10,6.0,-0.7304637109185292,-0.7304637109185292
2005-08-11,10.0,-0.03807657052616793,-0.03807657052616793
2005-08-12,10.0,-0.03807657052616793,-0.03807657052616793
2005-08-15,5.7503662109375,-0.7736745172571028,-0.7736745172571028
2005-08-16,10.7503662109375,0.09180940823334882,0.09180940823334882
2005-08-17,9.0,-0.21117335562425826,-0.21117335562425826
2005-08-18,10.75048828125,0.09183053821199849,0.09183053821199849
2005-08-19,5.5008544921875,-0.8168641936170267,-0.8168641936170267
2005-08-22,8.5008544921875,-0.29757383832275575,-0.29757383832275575
2005-08-23,7.0,-0.5573669258204389,-0.5573669258204389
2005-08-24,6.7503662109375,-0.6005777321590124,-0.6005777321590124
2005-08-25,4.4991455078125,-0.9902567984162124,-0.9902567984162124
2005-08-26,7.5008544921875,-0.47067062342084603,-0.47067062342084603
2005-08-29,5.499267578125,-0.8171388833394724,-0.8171388833394724
2005-08-30,13.500732421875,0.5678889571890462,0.5678889571890462
2005-08-31,12.7503662109375,0.43800297842952945,0.43800297842952945
2005-09-01,10.0,-0.03807657052616793,-0.03807657052616793
2005-09-02,8.500732421875,-0.2975949683014054,-0.2975949683014054
2005-09-06,6.251220703125,-0.68697821485751,-0.68697821485751
2005-09-07,8.7503662109375,-0.2543841619628318,-0.2543841619628318
2005-09-08,8.0,-0.38427014072234855,-0.38427014072234855
2005-09-09,4.0,-1.07665728111471,-1.07665728111471
2005-09-12,8.7503662109375,-0.2543841619628318,-0.2543841619628318
2005-09-13,9.251220703125,-0.16768785956323898,-0.16768785956323898
2005-09-14,8.0,-0.38427014072234855,-0.38427014072234855
2005-09-15,12.0,0.3081169996700127,0.3081169996700127
2005-09-16,9.2496337890625,-0.1679625492856847,-0.1679625492856847
2005-09-19,5.2496337890625,-0.8603496896780459,-0.8603496896780459
2005-09-20,6.7503662109375,-0.6005777321590124,-0.6005777321590124
2005-09-21,6.7503662109375,-0.6005777321590124,-0.6005777321590124
2005-09-22,7.2496337890625,-0.5141561194818653,-0.5141561194818653
2005-09-23,9.5008544921875,-0.1244770532246654,-0.1244770532246654
2005-09-26,5.500732421875,-0.8168853235956763,-0.8168853235956763
2005-09-27,7.4991455078125,-0.4709664431219414,-0.4709664431219414
2005-09-28,9.0,-0.21117335562425826,-0.21117335562425826
2005-09-29,7.5008544921875,-0.47067062342084603,-0.47067062342084603
2005-09-30,8.24951171875,-0.3410804643624247,-0.3410804643624247
2005-10-03,9.748779296875,-0.0815620665871872,-0.0815620665871872
2005-10-04,6.500732421875,-0.643788538497586,-0.643788538497586
2005-10-05,5.24951171875,-0.8603708196566956,-0.8603708196566956
2005-10-06,6.75048828125,-0.6005566021803628,-0.6005566021803628
2005-10-07,10.7503662109375,0.09180940823334882,0.09180940823334882
2005-10-10,0.0,-1.769044421507071,-1.769044421507071
2005-10-11,6.499267578125,-0.644042098241382,-0.644042098241382
2005-10-12,7.5008544921875,-0.47067062342084603,-0.47067062342084603
2005-10-13,7.0,-0.5573669258204389,-0.5573669258204389
2005-10-14,10.500732421875,0.048598601894775245,0.048598601894775245
2005-10-17,4.7503662109375,-0.9467713023551931,-0.9467713023551931
2005-10-18,5.2496337890625,-0.8603496896780459,-0.8603496896780459
2005-10-19,5.2496337890625,-0.8603496896780459,-0.8603496896780459
2005-10-20,7.5008544921875,-0.47067062342084603,-0.47067062342084603
2005-10-21,9.0,-0.21117335562425826,-0.21117335562425826
2005-10-24,8.2496337890625,-0.341059334383775,-0.341059334383775
2005-10-25,12.0,0.3081169996700127,0.3081169996700127
2005-10-26,8.0,-0.38427014072234855,-0.38427014072234855
2005-10-27,5.75048828125,-0.7736533872784531,-0.7736533872784531
2005-10-28,8.2496337890625,-0.341059334383775,-0.341059334383775
2005-10-31,7.5008544921875,-0.47067062342084603,-0.47067062342084603
2005-11-01,6.4991455078125,-0.6440632282200317,-0.6440632282200317
2005-11-02,7.0,-0.5573669258204389,-0.5573669258204389
2005-11-03,10.0,-0.03807657052616793,-0.03807657052616793
2005-11-04,9.499267578125,-0.12475174294711111,-0.12475174294711111
2005-11-07,5.5008544921875,-0.8168641936170267,-0.8168641936170267
2005-11-08,8.7503662109375,-0.2543841619628318,-0.2543841619628318
2005-11-09,10.4991455078125,0.04832391217232954,0.04832391217232954
2005-11-10,9.2496337890625,-0.1679625492856847,-0.1679625492856847
2005-11-14,10.0,-0.03807657052616793,-0.03807657052616793
2005-11-15,9.0,-0.21117335562425826,-0.21117335562425826
2005-11-16,11.7503662109375,0.2649061933314391,0.2649061933314391
2005-11-17,9.2496337890625,-0.1679625492856847,-0.1679625492856847
2005-11-18,6.5008544921875,-0.6437674085189363,-0.6437674085189363
2005-11-21,6.7503662109375,-0.6005777321590124,-0.6005777321590124
2005-11-22,7.2496337890625,-0.5141561194818653,-0.5141561194818653
2005-11-23,7.251220703125,-0.5138814297594196,-0.5138814297594196
2005-11-25,3.75048828125,-1.1198469574746337,-1.1198469574746337
2005-11-28,8.5008544921875,-0.29757383832275575,-0.29757383832275575
2005-11-29,11.0,0.1350202145719224,0.1350202145719224
2005-11-30,6.748779296875,-0.6008524218814582,-0.6008524218814582
2005-12-01,9.2496337890625,-0.1679625492856847,-0.1679625492856847
2005-12-02,4.748779296875,-0.9470459920776388,-0.9470459920776388
2005-12-05,6.0,-0.7304637109185292,-0.7304637109185292
2005-12-06,10.499267578125,0.04834504215097921,0.04834504215097921
2005-12-07,4.0,-1.07665728111471,-1.07665728111471
2005-12-08,6.75048828125,-0.6005566021803628,-0.6005566021803628
2005-12-09,9.0,-0.21117335562425826,-0.21117335562425826
2005-12-12,5.7503662109375,-0.7736745172571028,-0.7736745172571028
2005-12-13,4.75048828125,-0.9467501723765435,-0.9467501723765435
2005-12-14,9.748779296875,-0.0815620665871872,-0.0815620665871872
2005-12-15,7.75048828125,-0.4274598170822725,-0.4274598170822725
2005-12-16,2.75048828125,-1.2929437425727242,-1.2929437425727242
2005-12-19,3.748779296875,-1.120142777175729,-1.120142777175729
2005-12-20,4.0,-1.07665728111471,-1.07665728111471
2005-12-21,5.2496337890625,-0.8603496896780459,-0.8603496896780459
2005-12-22,7.748779296875,-0.42775563678336787,-0.42775563678336787
2005-12-23,10.251220703125,0.0054089255348513405,0.0054089255348513405
2005-12-27,7.7503662109375,-0.42748094706092216,-0.42748094706092216
2005-12-28,4.5008544921875,-0.989960978715117,-0.989960978715117
2005-12-29,3.7503662109375,-1.1198680874532834,-1.1198680874532834
2005-12-30,7.7503662109375,-0.42748094706092216,-0.42748094706092216
2006-01-03,10.0,-0.03807657052616793,-0.03807657052616793
2006-01-04,6.75,-0.6006411220949615,-0.6006411220949615
2006-01-05,5.0,-0.9035604960166196,-0.9035604960166196
2006-01-06,10.5,0.048471822022877226,0.048471822022877226
2006-01-09,3.5,-1.163205673663755,-1.163205673663755
2006-01-10,7.75,-0.42754433699687117,-0.42754433699687117
2006-01-11,6.25,-0.6871895146440067,-0.6871895146440067
2006-01-12,6.0,-0.7304637109185292,-0.7304637109185292
2006-01-13,10.5,0.048471822022877226,0.048471822022877226
2006-01-17,11.1199951171875,0.15579098358454724,0.15579098358454724
2006-01-18,9.5,-0.12462496307521309,-0.12462496307521309
2006-01-19,6.0,-0.7304637109185292,-0.7304637109185292
2006-01-20,5.0,-0.9035604960166196,-0.9035604960166196
2006-01-23,7.25,-0.5140927295459163,-0.5140927295459163
2006-01-24,5.0,-0.9035604960166196,-0.9035604960166196
2006-01-25,10.5,0.048471822022877226,0.048471822022877226
2006-01-26,7.5,-0.4708185332713937,-0.4708185332713937
2006-01-27,8.0,-0.38427014072234855,-0.38427014072234855
2006-01-30,4.75,-0.9468346922911421,-0.9468346922911421
2006-01-31,5.75,-0.7737379071930518,-0.7737379071930518
2006-02-01,8.0,-0.38427014072234855,-0.38427014072234855
2006-02-02,5.0,-0.9035604960166196,-0.9035604960166196
2006-02-03,10.5,0.048471822022877226,0.048471822022877226
2006-02-06,4.25,-1.0333830848401873,-1.0333830848401873
2006-02-07,5.75,-0.7737379071930518,-0.7737379071930518
2006-02-08,5.25,-0.8602862997420969,-0.8602862997420969
2006-02-09,7.0,-0.5573669258204389,-0.5573669258204389
2006-02-10,11.0,0.1350202145719224,0.1350202145719224
2006-02-13,4.0,-1.07665728111471,-1.07665728111471
2006-02-14,5.75,-0.7737379071930518,-0.7737379071930518
2006-02-15,6.5,-0.643915318369484,-0.643915318369484
2006-02-16,3.25,-1.2064798699382775,-1.2064798699382775
2006-02-17,6.5,-0.643915318369484,-0.643915318369484
2006-02-21,4.25,-1.0333830848401873,-1.0333830848401873
2006-02-22,8.0,-0.38427014072234855,-0.38427014072234855
2006-02-23,6.75,-0.6006411220949615,-0.6006411220949615
2006-02-24,5.75,-0.7737379071930518,-0.7737379071930518
2006-02-27,4.5,-0.9901088885656647,-0.9901088885656647
2006-02-28,6.75,-0.6006411220949615,-0.6006411220949615
2006-03-01,5.5,-0.8170121034675744,-0.8170121034675744
2006-03-02,9.25,-0.16789915934973568,-0.16789915934973568
2006-03-03,5.75,-0.7737379071930518,-0.7737379071930518
2006-03-06,5.75,-0.7737379071930518,-0.7737379071930518
2006-03-07,7.25,-0.5140927295459163,-0.5140927295459163
2006-03-08,5.0,-0.9035604960166196,-0.9035604960166196
2006-03-09,3.25,-1.2064798699382775,-1.2064798699382775
2006-03-10,8.0,-0.38427014072234855,-0.38427014072234855
2006-03-13,3.25,-1.2064798699382775,-1.2064798699382775
2006-03-14,8.75,-0.2544475518987808,-0.2544475518987808
2006-03-15,5.25,-0.8602862997420969,-0.8602862997420969
2006-03-16,12.5,0.3946653922190579,0.3946653922190579
2006-03-17,2.75,-1.2930282624873228,-1.2930282624873228
2006-03-20,3.75,-1.1199314773892324,-1.1199314773892324
2006-03-21,8.0,-0.38427014072234855,-0.38427014072234855
2006-03-22,3.0,-1.2497540662128002,-1.2497540662128002
2006-03-23,7.25,-0.5140927295459163,-0.5140927295459163
2006-03-24,10.25,0.005197625748354648,0.005197625748354648
2006-03-27,5.0,-0.9035604960166196,-0.9035604960166196
2006-03-28,11.5,0.22156860712096754,0.22156860712096754
2006-03-29,4.75,-0.9468346922911421,-0.9468346922911421
2006-03-30,10.0,-0.03807657052616793,-0.03807657052616793
2006-03-31,6.0,-0.7304637109185292,-0.7304637109185292
2006-04-03,7.25,-0.5140927295459163,-0.5140927295459163
2006-04-04,4.25,-1.0333830848401873,-1.0333830848401873
2006-04-05,3.75,-1.1199314773892324,-1.1199314773892324
2006-04-06,6.0,-0.7304637109185292,-0.7304637109185292
2006-04-07,11.5,0.22156860712096754,0.22156860712096754
2006-04-10,4.5,-0.9901088885656647,-0.9901088885656647
2006-04-11,3.5,-1.163205673663755,-1.163205673663755
2006-04-12,9.0,-0.21117335562425826,-0.21117335562425826
2006-04-13,7.5,-0.4708185332713937,-0.4708185332713937
2006-04-17,5.75,-0.7737379071930518,-0.7737379071930518
2006-04-18,8.25,-0.340995944447826,-0.340995944447826
2006-04-19,11.0,0.1350202145719224,0.1350202145719224
2006-04-20,3.75,-1.1199314773892324,-1.1199314773892324
2006-04-21,6.0,-0.7304637109185292,-0.7304637109185292
2006-04-24,7.5,-0.4708185332713937,-0.4708185332713937
2006-04-25,13.0,0.481213784768103,0.481213784768103
2006-04-26,6.0,-0.7304637109185292,-0.7304637109185292
2006-04-27,11.25,0.17829441084644496,0.17829441084644496
2006-04-28,6.5,-0.643915318369484,-0.643915318369484
2006-05-01,11.25,0.17829441084644496,0.17829441084644496
2006-05-02,6.25,-0.6871895146440067,-0.6871895146440067
2006-05-03,6.5,-0.643915318369484,-0.643915318369484
2006-05-04,4.5,-0.9901088885656647,-0.9901088885656647
2006-05-05,8.0,-0.38427014072234855,-0.38427014072234855
2006-05-08,3.5,-1.163205673663755,-1.163205673663755
2006-05-09,3.5,-1.163205673663755,-1.163205673663755
2006-05-10,9.0,-0.21117335562425826,-0.21117335562425826
2006-05-11,6.25,-0.6871895146440067,-0.6871895146440067
2006-05-12,7.0,-0.5573669258204389,-0.5573669258204389
2006-05-15,8.0,-0.38427014072234855,-0.38427014072234855
2006-05-16,7.0,-0.5573669258204389,-0.5573669258204389
2006-05-17,9.5,-0.12462496307521309,-0.12462496307521309
2006-05-18,11.25,0.17829441084644496,0.17829441084644496
2006-05-19,7.0,-0.5573669258204389,-0.5573669258204389
2006-05-22,7.5,-0.4708185332713937,-0.4708185332713937
2006-05-23,6.5,-0.643915318369484,-0.643915318369484
2006-05-24,7.5,-0.4708185332713937,-0.4708185332713937
2006-05-25,5.75,-0.7737379071930518,-0.7737379071930518
2006-05-26,6.0,-0.7304637109185292,-0.7304637109185292
2006-05-30,4.75,-0.9468346922911421,-0.9468346922911421
2006-05-31,10.0,-0.03807657052616793,-0.03807657052616793
2006-06-01,5.5,-0.8170121034675744,-0.8170121034675744
2006-06-02,13.75,0.6110363735916707,0.6110363735916707
2006-06-05,4.75,-0.9468346922911421,-0.9468346922911421
2006-06-06,5.25,-0.8602862997420969,-0.8602862997420969
2006-06-07,5.25,-0.8602862997420969,-0.8602862997420969
2006-06-08,7.5,-0.4708185332713937,-0.4708185332713937
2006-06-09,4.25,-1.0333830848401873,-1.0333830848401873
2006-06-12,3.0,-1.2497540662128002,-1.2497540662128002
2006-06-13,5.25,-0.8602862997420969,-0.8602862997420969
2006-06-14,10.75,0.09174601829739981,0.09174601829739981
2006-06-15,5.5,-0.8170121034675744,-0.8170121034675744
2006-06-16,6.5,-0.643915318369484,-0.643915318369484
2006-06-19,2.25,-1.379576655036368,-1.379576655036368
2006-06-20,4.5,-0.9901088885656647,-0.9901088885656647
2006-06-21,1.5,-1.5093992438599357,-1.5093992438599357
2006-06-22,7.25,-0.5140927295459163,-0.5140927295459163
2006-06-23,6.5,-0.643915318369484,-0.643915318369484
2006-06-26,2.75,-1.2930282624873228,-1.2930282624873228
2006-06-27,5.0,-0.9035604960166196,-0.9035604960166196
2006-06-28,5.5,-0.8170121034675744,-0.8170121034675744
2006-06-29,7.25,-0.5140927295459163,-0.5140927295459163
2006-06-30,10.25,0.005197625748354648,0.005197625748354648
2006-07-03,3.75,-1.1199314773892324,-1.1199314773892324
2006-07-05,11.5,0.22156860712096754,0.22156860712096754
2006-07-06,5.5,-0.8170121034675744,-0.8170121034675744
2006-07-07,8.0,-0.38427014072234855,-0.38427014072234855
2006-07-10,3.75,-1.1199314773892324,-1.1199314773892324
2006-07-11,6.0,-0.7304637109185292,-0.7304637109185292
2006-07-12,5.25,-0.8602862997420969,-0.8602862997420969
2006-07-13,5.0,-0.9035604960166196,-0.9035604960166196
2006-07-14,4.75,-0.9468346922911421,-0.9468346922911421
2006-07-17,5.0,-0.9035604960166196,-0.9035604960166196
2006-07-18,8.75,-0.2544475518987808,-0.2544475518987808
2006-07-19,15.0,0.8274073549642836,0.8274073549642836
2006-07-20,7.0,-0.5573669258204389,-0.5573669258204389
2006-07-21,5.0,-0.9035604960166196,-0.9035604960166196
2006-07-24,4.5,-0.9901088885656647,-0.9901088885656647
2006-07-25,5.75,-0.7737379071930518,-0.7737379071930518
2006-07-26,7.5,-0.4708185332713937,-0.4708185332713937
2006-07-27,4.75,-0.9468346922911421,-0.9468346922911421
2006-07-28,8.25,-0.340995944447826,-0.340995944447826
2006-07-31,3.5,-1.163205673663755,-1.163205673663755
2006-08-01,4.75,-0.9468346922911421,-0.9468346922911421
2006-08-02,5.0,-0.9035604960166196,-0.9035604960166196
2006-08-03,5.0,-0.9035604960166196,-0.9035604960166196
2006-08-04,10.5,0.048471822022877226,0.048471822022877226
2006-08-07,4.25,-1.0333830848401873,-1.0333830848401873
2006-08-08,6.0,-0.7304637109185292,-0.7304637109185292
2006-08-09,4.25,-1.0333830848401873,-1.0333830848401873
2006-08-10,6.75,-0.6006411220949615,-0.6006411220949615
2006-08-11,5.75,-0.7737379071930518,-0.7737379071930518
2006-08-14,3.5,-1.163205673663755,-1.163205673663755
2006-08-15,10.25,0.005197625748354648,0.005197625748354648
2006-08-16,8.75,-0.2544475518987808,-0.2544475518987808
2006-08-17,5.75,-0.7737379071930518,-0.7737379071930518
2006-08-18,4.75,-0.9468346922911421,-0.9468346922911421
2006-08-21,3.25,-1.2064798699382775,-1.2064798699382775
2006-08-22,4.0,-1.07665728111471,-1.07665728111471
2006-08-23,4.25,-1.0333830848401873,-1.0333830848401873
2006-08-24,3.75,-1.1199314773892324,-1.1199314773892324
2006-08-25,4.0,-1.07665728111471,-1.07665728111471
2006-08-28,4.0,-1.07665728111471,-1.07665728111471
2006-08-29,8.5,-0.29772174817330344,-0.29772174817330344
2006-08-30,5.5,-0.8170121034675744,-0.8170121034675744
2006-08-31,5.25,-0.8602862997420969,-0.8602862997420969
2006-09-01,6.0,-0.7304637109185292,-0.7304637109185292
2006-09-05,5.25,-0.8602862997420969,-0.8602862997420969
2006-09-06,5.5,-0.8170121034675744,-0.8170121034675744
2006-09-07,5.75,-0.7737379071930518,-0.7737379071930518
2006-09-08,5.0,-0.9035604960166196,-0.9035604960166196
2006-09-11,5.25,-0.8602862997420969,-0.8602862997420969
2006-09-12,6.25,-0.6871895146440067,-0.6871895146440067
2006-09-13,3.0,-1.2497540662128002,-1.2497540662128002
2006-09-14,6.0,-0.7304637109185292,-0.7304637109185292
2006-09-15,5.75,-0.7737379071930518,-0.7737379071930518
2006-09-18,6.25,-0.6871895146440067,-0.6871895146440067
2006-09-19,10.5,0.048471822022877226,0.048471822022877226
2006-09-20,5.5,-0.8170121034675744,-0.8170121034675744
2006-09-21,12.25,0.3513911959445353,0.3513911959445353
2006-09-22,6.5,-0.643915318369484,-0.643915318369484
2006-09-25,7.25,-0.5140927295459163,-0.5140927295459163
2006-09-26,6.25,-0.6871895146440067,-0.6871895146440067
2006-09-27,7.25,-0.5140927295459163,-0.5140927295459163
2006-09-28,4.75,-0.9468346922911421,-0.9468346922911421
2006-09-29,8.25,-0.340995944447826,-0.340995944447826
2006-10-02,7.5,-0.4708185332713937,-0.4708185332713937
2006-10-03,4.5,-0.9901088885656647,-0.9901088885656647
2006-10-04,9.0,-0.21117335562425826,-0.21117335562425826
2006-10-05,7.25,-0.5140927295459163,-0.5140927295459163
2006-10-06,17.0,1.1736009251604642,1.1736009251604642
2006-10-10,7.5,-0.4708185332713937,-0.4708185332713937
2006-10-11,8.5,-0.29772174817330344,-0.29772174817330344
2006-10-12,4.0,-1.07665728111471,-1.07665728111471
2006-10-13,8.0,-0.38427014072234855,-0.38427014072234855
2006-10-16,3.75,-1.1199314773892324,-1.1199314773892324
2006-10-17,7.25,-0.5140927295459163,-0.5140927295459163
2006-10-18,5.0,-0.9035604960166196,-0.9035604960166196
2006-10-19,5.75,-0.7737379071930518,-0.7737379071930518
2006-10-20,3.25,-1.2064798699382775,-1.2064798699382775
2006-10-23,6.5,-0.643915318369484,-0.643915318369484
2006-10-24,2.0,-1.4228508513108904,-1.4228508513108904
2006-10-25,8.0,-0.38427014072234855,-0.38427014072234855
2006-10-26,7.0,-0.5573669258204389,-0.5573669258204389
2006-10-27,6.75,-0.6006411220949615,-0.6006411220949615
2006-10-30,3.5,-1.163205673663755,-1.163205673663755
2006-10-31,8.75,-0.2544475518987808,-0.2544475518987808
2006-11-01,8.25,-0.340995944447826,-0.340995944447826
2006-11-02,4.5,-0.9901088885656647,-0.9901088885656647
2006-11-03,17.75,1.303423513984032,1.303423513984032
2006-11-06,4.25,-1.0333830848401873,-1.0333830848401873
2006-11-07,8.75,-0.2544475518987808,-0.2544475518987808
2006-11-08,6.0,-0.7304637109185292,-0.7304637109185292
2006-11-09,4.25,-1.0333830848401873,-1.0333830848401873
2006-11-10,5.25,-0.8602862997420969,-0.8602862997420969
2006-11-13,8.0,-0.38427014072234855,-0.38427014072234855
2006-11-14,10.25,0.005197625748354648,0.005197625748354648
2006-11-15,8.25,-0.340995944447826,-0.340995944447826
2006-11-16,13.0,0.481213784768103,0.481213784768103
2006-11-17,10.5,0.048471822022877226,0.048471822022877226
2006-11-20,3.75,-1.1199314773892324,-1.1199314773892324
2006-11-21,4.75,-0.9468346922911421,-0.9468346922911421
2006-11-22,3.5,-1.163205673663755,-1.163205673663755
2006-11-24,5.5,-0.8170121034675744,-0.8170121034675744
2006-11-27,7.75,-0.42754433699687117,-0.42754433699687117
2006-11-28,7.5,-0.4708185332713937,-0.4708185332713937
2006-11-29,4.75,-0.9468346922911421,-0.9468346922911421
2006-11-30,7.5,-0.4708185332713937,-0.4708185332713937
2006-12-01,9.75,-0.08135076680069052,-0.08135076680069052
2006-12-04,3.75,-1.1199314773892324,-1.1199314773892324
2006-12-05,7.0,-0.5573669258204389,-0.5573669258204389
2006-12-06,5.0,-0.9035604960166196,-0.9035604960166196
2006-12-07,4.25,-1.0333830848401873,-1.0333830848401873
2006-12-08,9.25,-0.16789915934973568,-0.16789915934973568
2006-12-11,4.75,-0.9468346922911421,-0.9468346922911421
2006-12-12,5.25,-0.8602862997420969,-0.8602862997420969
2006-12-13,11.75,0.26484280339549016,0.26484280339549016
2006-12-14,3.75,-1.1199314773892324,-1.1199314773892324
2006-12-15,11.5,0.22156860712096754,0.22156860712096754
2006-12-18,3.25,-1.2064798699382775,-1.2064798699382775
2006-12-19,6.0,-0.7304637109185292,-0.7304637109185292
2006-12-20,3.25,-1.2064798699382775,-1.2064798699382775
2006-12-21,7.0,-0.5573669258204389,-0.5573669258204389
2006-12-22,9.75,-0.08135076680069052,-0.08135076680069052
2006-12-26,4.25,-1.0333830848401873,-1.0333830848401873
2006-12-27,8.5,-0.29772174817330344,-0.29772174817330344
2006-12-28,10.25,0.005197625748354648,0.005197625748354648
2006-12-29,5.75,-0.7737379071930518,-0.7737379071930518
2007-01-02,5.0,-0.9035604960166196,-0.9035604960166196
2007-01-03,7.0,-0.5573669258204389,-0.5573669258204389
2007-01-04,7.5,-0.4708185332713937,-0.4708185332713937
2007-01-05,13.75,0.6110363735916707,0.6110363735916707
2007-01-08,4.0,-1.07665728111471,-1.07665728111471
2007-01-09,3.75,-1.1199314773892324,-1.1199314773892324
2007-01-10,6.0,-0.7304637109185292,-0.7304637109185292
2007-01-11,7.75,-0.42754433699687117,-0.42754433699687117
2007-01-12,5.5,-0.8170121034675744,-0.8170121034675744
2007-01-16,4.5,-0.9901088885656647,-0.9901088885656647
2007-01-17,6.75,-0.6006411220949615,-0.6006411220949615
2007-01-18,8.0,-0.38427014072234855,-0.38427014072234855
2007-01-19,5.5,-0.8170121034675744,-0.8170121034675744
2007-01-22,4.75,-0.9468346922911421,-0.9468346922911421
2007-01-23,6.0,-0.7304637109185292,-0.7304637109185292
2007-01-24,3.5,-1.163205673663755,-1.163205673663755
2007-01-25,8.5,-0.29772174817330344,-0.29772174817330344
2007-01-26,6.25,-0.6871895146440067,-0.6871895146440067
2007-01-29,4.75,-0.9468346922911421,-0.9468346922911421
2007-01-30,3.0,-1.2497540662128002,-1.2497540662128002
2007-01-31,9.5,-0.12462496307521309,-0.12462496307521309
2007-02-01,8.5,-0.29772174817330344,-0.29772174817330344
2007-02-02,6.5,-0.643915318369484,-0.643915318369484
2007-02-05,3.5,-1.163205673663755,-1.163205673663755
2007-02-06,7.25,-0.5140927295459163,-0.5140927295459163
2007-02-07,5.0,-0.9035604960166196,-0.9035604960166196
2007-02-08,4.25,-1.0333830848401873,-1.0333830848401873
2007-02-09,6.75,-0.6006411220949615,-0.6006411220949615
2007-02-12,4.0,-1.07665728111471,-1.07665728111471
2007-02-13,4.0,-1.07665728111471,-1.07665728111471
2007-02-14,10.0,-0.03807657052616793,-0.03807657052616793
2007-02-15,7.25,-0.5140927295459163,-0.5140927295459163
2007-02-16,5.5,-0.8170121034675744,-0.8170121034675744
2007-02-20,4.5,-0.9901088885656647,-0.9901088885656647
2007-02-21,6.25,-0.6871895146440067,-0.6871895146440067
2007-02-22,5.5,-0.8170121034675744,-0.8170121034675744
2007-02-23,8.75,-0.2544475518987808,-0.2544475518987808
2007-02-26,5.25,-0.8602862997420969,-0.8602862997420969
2007-02-27,20.25,1.7361654767292578,1.7361654767292578
2007-02-28,7.25,-0.5140927295459163,-0.5140927295459163
2007-03-01,9.25,-0.16789915934973568,-0.16789915934973568
2007-03-02,7.5,-0.4708185332713937,-0.4708185332713937
2007-03-05,8.75,-0.2544475518987808,-0.2544475518987808
2007-03-06,4.5,-0.9901088885656647,-0.9901088885656647
2007-03-07,6.0,-0.7304637109185292,-0.7304637109185292
2007-03-08,4.5,-0.9901088885656647,-0.9901088885656647
2007-03-09,10.25,0.005197625748354648,0.005197625748354648
2007-03-12,7.25,-0.5140927295459163,-0.5140927295459163
2007-03-13,8.5,-0.29772174817330344,-0.29772174817330344
2007-03-14,6.25,-0.6871895146440067,-0.6871895146440067
2007-03-15,5.75,-0.7737379071930518,-0.7737379071930518
2007-03-16,5.25,-0.8602862997420969,-0.8602862997420969
2007-03-19,3.25,-1.2064798699382775,-1.2064798699382775
2007-03-20,4.0,-1.07665728111471,-1.07665728111471
2007-03-21,5.5,-0.8170121034675744,-0.8170121034675744
2007-03-22,7.5,-0.4708185332713937,-0.4708185332713937
2007-03-23,6.75,-0.6006411220949615,-0.6006411220949615
2007-03-26,8.25,-0.340995944447826,-0.340995944447826
2007-03-27,3.5,-1.163205673663755,-1.163205673663755
2007-03-28,8.25,-0.340995944447826,-0.340995944447826
2007-03-29,4.75,-0.9468346922911421,-0.9468346922911421
2007-03-30,13.25,0.5244879810426256,0.5244879810426256
2007-04-02,3.0,-1.2497540662128002,-1.2497540662128002
2007-04-03,3.75,-1.1199314773892324,-1.1199314773892324
2007-04-04,5.5,-0.8170121034675744,-0.8170121034675744
2007-04-05,4.5,-0.9901088885656647,-0.9901088885656647
2007-04-09,2.25,-1.379576655036368,-1.379576655036368
2007-04-10,4.25,-1.0333830848401873,-1.0333830848401873
2007-04-11,5.0,-0.9035604960166196,-0.9035604960166196
2007-04-12,3.75,-1.1199314773892324,-1.1199314773892324
2007-04-13,5.75,-0.7737379071930518,-0.7737379071930518
2007-04-16,5.25,-0.8602862997420969,-0.8602862997420969
2007-04-17,8.5,-0.29772174817330344,-0.29772174817330344
2007-04-18,5.25,-0.8602862997420969,-0.8602862997420969
2007-04-19,5.75,-0.7737379071930518,-0.7737379071930518
2007-04-20,3.75,-1.1199314773892324,-1.1199314773892324
2007-04-23,5.75,-0.7737379071930518,-0.7737379071930518
2007-04-24,4.75,-0.9468346922911421,-0.9468346922911421
2007-04-25,5.25,-0.8602862997420969,-0.8602862997420969
2007-04-26,6.0,-0.7304637109185292,-0.7304637109185292
2007-04-27,5.5,-0.8170121034675744,-0.8170121034675744
2007-04-30,8.25,-0.340995944447826,-0.340995944447826
2007-05-01,7.25,-0.5140927295459163,-0.5140927295459163
2007-05-02,4.0,-1.07665728111471,-1.07665728111471
2007-05-03,8.75,-0.2544475518987808,-0.2544475518987808
2007-05-04,11.5,0.22156860712096754,0.22156860712096754
2007-05-07,3.5,-1.163205673663755,-1.163205673663755
2007-05-08,3.0,-1.2497540662128002,-1.2497540662128002
2007-05-09,6.0,-0.7304637109185292,-0.7304637109185292
2007-05-10,5.0,-0.9035604960166196,-0.9035604960166196
2007-05-11,9.25,-0.16789915934973568,-0.16789915934973568
2007-05-14,3.25,-1.2064798699382775,-1.2064798699382775
2007-05-15,6.0,-0.7304637109185292,-0.7304637109185292
2007-05-16,4.0,-1.07665728111471,-1.07665728111471
2007-05-17,6.5,-0.643915318369484,-0.643915318369484
2007-05-18,8.25,-0.340995944447826,-0.340995944447826
2007-05-21,3.75,-1.1199314773892324,-1.1199314773892324
2007-05-22,5.25,-0.8602862997420969,-0.8602862997420969
2007-05-23,5.75,-0.7737379071930518,-0.7737379071930518
2007-05-24,7.25,-0.5140927295459163,-0.5140927295459163
2007-05-25,4.75,-0.9468346922911421,-0.9468346922911421
2007-05-29,4.25,-1.0333830848401873,-1.0333830848401873
2007-05-30,5.0,-0.9035604960166196,-0.9035604960166196
2007-05-31,7.5,-0.4708185332713937,-0.4708185332713937
2007-06-01,9.5,-0.12462496307521309,-0.12462496307521309
2007-06-04,3.25,-1.2064798699382775,-1.2064798699382775
2007-06-05,6.75,-0.6006411220949615,-0.6006411220949615
2007-06-06,4.0,-1.07665728111471,-1.07665728111471
2007-06-07,15.75,0.9572299437878514,0.9572299437878514
2007-06-08,10.5,0.048471822022877226,0.048471822022877226
2007-06-11,4.0,-1.07665728111471,-1.07665728111471
2007-06-12,12.75,0.43793958849358045,0.43793958849358045
2007-06-13,10.0,-0.03807657052616793,-0.03807657052616793
2007-06-14,6.25,-0.6871895146440067,-0.6871895146440067
2007-06-15,9.0,-0.21117335562425826,-0.21117335562425826
2007-06-18,4.25,-1.0333830848401873,-1.0333830848401873
2007-06-19,7.75,-0.42754433699687117,-0.42754433699687117
2007-06-20,6.5,-0.643915318369484,-0.643915318369484
2007-06-21,8.0,-0.38427014072234855,-0.38427014072234855
2007-06-22,8.75,-0.2544475518987808,-0.2544475518987808
2007-06-25,7.0,-0.5573669258204389,-0.5573669258204389
2007-06-26,5.75,-0.7737379071930518,-0.7737379071930518
2007-06-27,7.75,-0.42754433699687117,-0.42754433699687117
2007-06-28,4.5,-0.9901088885656647,-0.9901088885656647
2007-06-29,10.0,-0.03807657052616793,-0.03807657052616793
2007-07-02,6.0,-0.7304637109185292,-0.7304637109185292
2007-07-03,7.5,-0.4708185332713937,-0.4708185332713937
2007-07-05,10.0,-0.03807657052616793,-0.03807657052616793
2007-07-06,8.25,-0.340995944447826,-0.340995944447826
2007-07-09,5.75,-0.7737379071930518,-0.7737379071930518
2007-07-10,14.5,0.7408589624152385,0.7408589624152385
2007-07-11,11.5,0.22156860712096754,0.22156860712096754
2007-07-12,10.5,0.048471822022877226,0.048471822022877226
2007-07-13,7.0,-0.5573669258204389,-0.5573669258204389
2007-07-16,7.5,-0.4708185332713937,-0.4708185332713937
2007-07-17,7.0,-0.5573669258204389,-0.5573669258204389
2007-07-18,9.25,-0.16789915934973568,-0.16789915934973568
2007-07-19,6.25,-0.6871895146440067,-0.6871895146440067
2007-07-20,12.5,0.3946653922190579,0.3946653922190579
2007-07-23,5.25,-0.8602862997420969,-0.8602862997420969
2007-07-24,7.5,-0.4708185332713937,-0.4708185332713937
2007-07-25,6.25,-0.6871895146440067,-0.6871895146440067
2007-07-26,18.75,1.4765202990821225,1.4765202990821225
2007-07-27,10.0,-0.03807657052616793,-0.03807657052616793
2007-07-30,9.25,-0.16789915934973568,-0.16789915934973568
2007-07-31,13.25,0.5244879810426256,0.5244879810426256
2007-08-01,12.0,0.3081169996700127,0.3081169996700127
2007-08-02,6.5,-0.643915318369484,-0.643915318369484
2007-08-03,13.0,0.481213784768103,0.481213784768103
2007-08-06,10.0,-0.03807657052616793,-0.03807657052616793
2007-08-07,10.75,0.09174601829739981,0.09174601829739981
2007-08-08,12.25,0.3513911959445353,0.3513911959445353
2007-08-09,16.75,1.1303267288859418,1.1303267288859418
2007-08-10,11.5,0.22156860712096754,0.22156860712096754
2007-08-13,9.25,-0.16789915934973568,-0.16789915934973568
2007-08-14,11.25,0.17829441084644496,0.17829441084644496
2007-08-15,9.25,-0.16789915934973568,-0.16789915934973568
2007-08-16,17.75,1.303423513984032,1.303423513984032
2007-08-17,14.0,0.6543105698661934,0.6543105698661934
2007-08-20,9.75,-0.08135076680069052,-0.08135076680069052
2007-08-21,9.0,-0.21117335562425826,-0.21117335562425826
2007-08-22,10.0,-0.03807657052616793,-0.03807657052616793
2007-08-23,11.25,0.17829441084644496,0.17829441084644496
2007-08-24,5.75,-0.7737379071930518,-0.7737379071930518
2007-08-27,10.25,0.005197625748354648,0.005197625748354648
2007-08-28,12.0,0.3081169996700127,0.3081169996700127
2007-08-29,9.75,-0.08135076680069052,-0.08135076680069052
2007-08-30,9.5,-0.12462496307521309,-0.12462496307521309
2007-08-31,9.25,-0.16789915934973568,-0.16789915934973568
2007-09-04,7.75,-0.42754433699687117,-0.42754433699687117
2007-09-05,13.5,0.5677621773171482,0.5677621773171482
2007-09-06,7.25,-0.5140927295459163,-0.5140927295459163
2007-09-07,19.0,1.519794495356645,1.519794495356645
2007-09-10,9.0,-0.21117335562425826,-0.21117335562425826
2007-09-11,6.75,-0.6006411220949615,-0.6006411220949615
2007-09-12,9.75,-0.08135076680069052,-0.08135076680069052
2007-09-13,12.5,0.3946653922190579,0.3946653922190579
2007-09-14,10.25,0.005197625748354648,0.005197625748354648
2007-09-17,6.5,-0.643915318369484,-0.643915318369484
2007-09-18,10.25,0.005197625748354648,0.005197625748354648
2007-09-19,9.75,-0.08135076680069052,-0.08135076680069052
2007-09-20,18.5,1.4332461028075998,1.4332461028075998
2007-09-21,9.0,-0.21117335562425826,-0.21117335562425826
2007-09-24,6.0,-0.7304637109185292,-0.7304637109185292
2007-09-25,9.25,-0.16789915934973568,-0.16789915934973568
2007-09-26,7.0,-0.5573669258204389,-0.5573669258204389
2007-09-27,10.0,-0.03807657052616793,-0.03807657052616793
2007-09-28,9.0,-0.21117335562425826,-0.21117335562425826
2007-10-01,6.75,-0.6006411220949615,-0.6006411220949615
2007-10-02,10.0,-0.03807657052616793,-0.03807657052616793
2007-10-03,9.5,-0.12462496307521309,-0.12462496307521309
2007-10-04,7.75,-0.42754433699687117,-0.42754433699687117
2007-10-05,16.75,1.1303267288859418,1.1303267288859418
2007-10-09,7.0,-0.5573669258204389,-0.5573669258204389
2007-10-10,7.25,-0.5140927295459163,-0.5140927295459163
2007-10-11,8.75,-0.2544475518987808,-0.2544475518987808
2007-10-12,7.5,-0.4708185332713937,-0.4708185332713937
2007-10-15,7.25,-0.5140927295459163,-0.5140927295459163
2007-10-16,7.5,-0.4708185332713937,-0.4708185332713937
2007-10-17,15.0,0.8274073549642836,0.8274073549642836
2007-10-18,8.75,-0.2544475518987808,-0.2544475518987808
2007-10-19,14.25,0.697584766140716,0.697584766140716
2007-10-22,10.75,0.09174601829739981,0.09174601829739981
2007-10-23,7.0,-0.5573669258204389,-0.5573669258204389
2007-10-24,11.25,0.17829441084644496,0.17829441084644496
2007-10-25,7.0,-0.5573669258204389,-0.5573669258204389
2007-10-26,7.75,-0.42754433699687117,-0.42754433699687117
2007-10-29,7.0,-0.5573669258204389,-0.5573669258204389
2007-10-30,4.0,-1.07665728111471,-1.07665728111471
2007-10-31,11.75,0.26484280339549016,0.26484280339549016
2007-11-01,20.25,1.7361654767292578,1.7361654767292578
2007-11-02,16.75,1.1303267288859418,1.1303267288859418
2007-11-05,8.75,-0.2544475518987808,-0.2544475518987808
2007-11-06,7.75,-0.42754433699687117,-0.42754433699687117
2007-11-07,9.25,-0.16789915934973568,-0.16789915934973568
2007-11-08,9.5,-0.12462496307521309,-0.12462496307521309
2007-11-09,10.25,0.005197625748354648,0.005197625748354648
2007-11-13,9.0,-0.21117335562425826,-0.21117335562425826
2007-11-14,7.5,-0.4708185332713937,-0.4708185332713937
2007-11-15,15.5,0.9139557475133289,0.9139557475133289
2007-11-16,7.25,-0.5140927295459163,-0.5140927295459163
2007-11-19,18.0,1.3466977102585547,1.3466977102585547
2007-11-20,11.25,0.17829441084644496,0.17829441084644496
2007-11-21,14.0,0.6543105698661934,0.6543105698661934
2007-11-23,7.0,-0.5573669258204389,-0.5573669258204389
2007-11-26,30.75,3.5536817202592066,3.5536817202592066
2007-11-27,20.0,1.6928912804547354,1.6928912804547354
2007-11-28,12.5,0.3946653922190579,0.3946653922190579
2007-11-29,18.75,1.4765202990821225,1.4765202990821225
2007-11-30,14.0,0.6543105698661934,0.6543105698661934
2007-12-03,13.75,0.6110363735916707,0.6110363735916707
2007-12-04,9.25,-0.16789915934973568,-0.16789915934973568
2007-12-05,10.5,0.048471822022877226,0.048471822022877226
2007-12-06,7.75,-0.42754433699687117,-0.42754433699687117
2007-12-07,17.25,1.2168751214349869,1.2168751214349869
2007-12-10,11.25,0.17829441084644496,0.17829441084644496
2007-12-11,24.25,2.428552617121619,2.428552617121619
2007-12-12,25.0,2.558375205945187,2.558375205945187
2007-12-13,14.5,0.7408589624152385,0.7408589624152385
2007-12-14,8.75,-0.2544475518987808,-0.2544475518987808
2007-12-17,11.25,0.17829441084644496,0.17829441084644496
2007-12-18,9.25,-0.16789915934973568,-0.16789915934973568
2007-12-19,10.75,0.09174601829739981,0.09174601829739981
2007-12-20,10.5,0.048471822022877226,0.048471822022877226
2007-12-21,16.0,1.000504140062374,1.000504140062374
2007-12-24,7.0,-0.5573669258204389,-0.5573669258204389
2007-12-26,12.5,0.3946653922190579,0.3946653922190579
2007-12-27,12.5,0.3946653922190579,0.3946653922190579
2007-12-28,17.25,1.2168751214349869,1.2168751214349869
2007-12-31,9.5,-0.12462496307521309,-0.12462496307521309
2008-01-02,23.0,2.212181635749006,2.212181635749006
2008-01-03,10.5,0.048471822022877226,0.048471822022877226
2008-01-04,15.75,0.9572299437878514,0.9572299437878514
2008-01-07,9.25,-0.16789915934973568,-0.16789915934973568
2008-01-08,16.25,1.0437783363368967,1.0437783363368967
2008-01-09,9.75,-0.08135076680069052,-0.08135076680069052
2008-01-10,11.25,0.17829441084644496,0.17829441084644496
2008-01-11,13.5,0.5677621773171482,0.5677621773171482
2008-01-14,7.0,-0.5573669258204389,-0.5573669258204389
2008-01-15,14.0,0.6543105698661934,0.6543105698661934
2008-01-16,14.75,0.7841331586897611,0.7841331586897611
2008-01-17,17.5,1.2601493177095096,1.2601493177095096
2008-01-18,9.25,-0.16789915934973568,-0.16789915934973568
2008-01-22,23.25,2.2554558320235287,2.2554558320235287
2008-01-23,38.75,4.938456001043929,4.938456001043929
2008-01-24,27.75,3.0343913649649354,3.0343913649649354
2008-01-25,23.75,2.342004224572574,2.342004224572574
2008-01-28,12.0,0.3081169996700127,0.3081169996700127
2008-01-29,14.75,0.7841331586897611,0.7841331586897611
2008-01-30,16.5,1.087052532611419,1.087052532611419
2008-01-31,13.0,0.481213784768103,0.481213784768103
2008-02-01,17.0,1.1736009251604642,1.1736009251604642
2008-02-04,7.5,-0.4708185332713937,-0.4708185332713937
2008-02-05,17.25,1.2168751214349869,1.2168751214349869
2008-02-06,10.25,0.005197625748354648,0.005197625748354648
2008-02-07,30.0,3.4238591314356386,3.4238591314356386
2008-02-08,15.75,0.9572299437878514,0.9572299437878514
2008-02-11,12.25,0.3513911959445353,0.3513911959445353
2008-02-12,15.25,0.8706815512388063,0.8706815512388063
2008-02-13,10.25,0.005197625748354648,0.005197625748354648
2008-02-14,15.75,0.9572299437878514,0.9572299437878514
2008-02-15,10.5,0.048471822022877226,0.048471822022877226
2008-02-19,17.5,1.2601493177095096,1.2601493177095096
2008-02-20,12.75,0.43793958849358045,0.43793958849358045
2008-02-21,24.0,2.3852784208470967,2.3852784208470967
2008-02-22,10.25,0.005197625748354648,0.005197625748354648
2008-02-25,12.75,0.43793958849358045,0.43793958849358045
2008-02-26,11.75,0.26484280339549016,0.26484280339549016
2008-02-27,14.25,0.697584766140716,0.697584766140716
2008-02-28,25.0,2.558375205945187,2.558375205945187
2008-02-29,20.75,1.822713869278303,1.822713869278303
2008-03-03,9.5,-0.12462496307521309,-0.12462496307521309
2008-03-04,15.25,0.8706815512388063,0.8706815512388063
2008-03-05,15.25,0.8706815512388063,0.8706815512388063
2008-03-06,15.25,0.8706815512388063,0.8706815512388063
2008-03-07,18.0,1.3466977102585547,1.3466977102585547
2008-03-10,16.75,1.1303267288859418,1.1303267288859418
2008-03-11,26.0,2.731471991043277,2.731471991043277
2008-03-12,23.25,2.2554558320235287,2.2554558320235287
2008-03-13,18.0,1.3466977102585547,1.3466977102585547
2008-03-14,25.5,2.644923598494232,2.644923598494232
2008-03-17,16.25,1.0437783363368967,1.0437783363368967
2008-03-18,18.75,1.4765202990821225,1.4765202990821225
2008-03-19,19.5,1.60634288790569,1.60634288790569
2008-03-20,8.75,-0.2544475518987808,-0.2544475518987808
2008-03-24,27.75,3.0343913649649354,3.0343913649649354
2008-03-25,12.0,0.3081169996700127,0.3081169996700127
2008-03-26,10.25,0.005197625748354648,0.005197625748354648
2008-03-27,14.25,0.697584766140716,0.697584766140716
2008-03-28,14.25,0.697584766140716,0.697584766140716
2008-03-31,10.75,0.09174601829739981,0.09174601829739981
2008-04-01,27.25,2.9478429724158906,2.9478429724158906
2008-04-02,11.75,0.26484280339549016,0.26484280339549016
2008-04-03,12.25,0.3513911959445353,0.3513911959445353
2008-04-04,19.75,1.6496170841802127,1.6496170841802127
2008-04-07,21.75,1.9958106543763934,1.9958106543763934
2008-04-08,9.5,-0.12462496307521309,-0.12462496307521309
2008-04-09,20.0,1.6928912804547354,1.6928912804547354
2008-04-10,17.75,1.303423513984032,1.303423513984032
2008-04-11,17.75,1.303423513984032,1.303423513984032
2008-04-14,14.0,0.6543105698661934,0.6543105698661934
2008-04-15,17.0,1.1736009251604642,1.1736009251604642
2008-04-16,16.25,1.0437783363368967,1.0437783363368967
2008-04-17,11.5,0.22156860712096754,0.22156860712096754
2008-04-18,21.0,1.8659880655528256,1.8659880655528256
2008-04-21,9.5,-0.12462496307521309,-0.12462496307521309
2008-04-22,9.5,-0.12462496307521309,-0.12462496307521309
2008-04-23,10.75,0.09174601829739981,0.09174601829739981
2008-04-24,19.25,1.5630686916311676,1.5630686916311676
2008-04-25,13.0,0.481213784768103,0.481213784768103
2008-04-28,10.0,-0.03807657052616793,-0.03807657052616793
2008-04-29,8.75,-0.2544475518987808,-0.2544475518987808
2008-04-30,17.5,1.2601493177095096,1.2601493177095096
2008-05-01,13.5,0.5677621773171482,0.5677621773171482
2008-05-02,23.5,2.2987300282980514,2.2987300282980514
2008-05-05,12.25,0.3513911959445353,0.3513911959445353
2008-05-06,13.75,0.6110363735916707,0.6110363735916707
2008-05-07,13.5,0.5677621773171482,0.5677621773171482
2008-05-08,14.75,0.7841331586897611,0.7841331586897611
2008-05-09,8.75,-0.2544475518987808,-0.2544475518987808
2008-05-12,9.0,-0.21117335562425826,-0.21117335562425826
2008-05-13,22.0,2.039084850650916,2.039084850650916
2008-05-14,14.5,0.7408589624152385,0.7408589624152385
2008-05-15,17.25,1.2168751214349869,1.2168751214349869
2008-05-16,15.5,0.9139557475133289,0.9139557475133289
2008-05-19,10.0,-0.03807657052616793,-0.03807657052616793
2008-05-20,12.75,0.43793958849358045,0.43793958849358045
2008-05-21,10.0,-0.03807657052616793,-0.03807657052616793
2008-05-22,21.25,1.9092622618273483,1.9092622618273483
2008-05-23,17.25,1.2168751214349869,1.2168751214349869
2008-05-27,14.25,0.697584766140716,0.697584766140716
2008-05-28,17.0,1.1736009251604642,1.1736009251604642
2008-05-29,16.75,1.1303267288859418,1.1303267288859418
2008-05-30,8.75,-0.2544475518987808,-0.2544475518987808
2008-06-02,19.25,1.5630686916311676,1.5630686916311676
2008-06-03,21.75,1.9958106543763934,1.9958106543763934
2008-06-04,14.75,0.7841331586897611,0.7841331586897611
2008-06-05,13.5,0.5677621773171482,0.5677621773171482
2008-06-06,24.0,2.3852784208470967,2.3852784208470967
2008-06-09,25.0,2.558375205945187,2.558375205945187
2008-06-10,14.75,0.7841331586897611,0.7841331586897611
2008-06-11,16.25,1.0437783363368967,1.0437783363368967
2008-06-12,21.25,1.9092622618273483,1.9092622618273483
2008-06-13,13.5,0.5677621773171482,0.5677621773171482
2008-06-16,8.5,-0.29772174817330344,-0.29772174817330344
2008-06-17,11.75,0.26484280339549016,0.26484280339549016
2008-06-18,13.0,0.481213784768103,0.481213784768103
2008-06-19,14.75,0.7841331586897611,0.7841331586897611
2008-07-01,14.25,0.697584766140716,0.697584766140716
2008-07-02,11.75,0.26484280339549016,0.26484280339549016
2008-07-03,11.0,0.1350202145719224,0.1350202145719224
2008-07-07,20.5,1.7794396730037805,1.7794396730037805
2008-07-08,9.75,-0.08135076680069052,-0.08135076680069052
2008-07-09,14.75,0.7841331586897611,0.7841331586897611
2008-07-10,9.0,-0.21117335562425826,-0.21117335562425826
2008-07-11,25.25,2.6016494022197096,2.6016494022197096
2008-07-14,25.75,2.6881977947687545,2.6881977947687545
2008-07-15,17.75,1.303423513984032,1.303423513984032
2008-07-16,18.0,1.3466977102585547,1.3466977102585547
2008-07-17,20.25,1.7361654767292578,1.7361654767292578
2008-07-18,16.25,1.0437783363368967,1.0437783363368967
2008-07-21,11.75,0.26484280339549016,0.26484280339549016
2008-07-22,16.5,1.087052532611419,1.087052532611419
2008-07-23,9.25,-0.16789915934973568,-0.16789915934973568
2008-07-24,18.75,1.4765202990821225,1.4765202990821225
2008-07-25,18.0,1.3466977102585547,1.3466977102585547
2008-07-28,17.25,1.2168751214349869,1.2168751214349869
2008-07-29,12.5,0.3946653922190579,0.3946653922190579
2008-07-30,14.5,0.7408589624152385,0.7408589624152385
2008-07-31,18.75,1.4765202990821225,1.4765202990821225
2008-08-01,11.5,0.22156860712096754,0.22156860712096754
2008-08-04,8.5,-0.29772174817330344,-0.29772174817330344
2008-08-05,8.0,-0.38427014072234855,-0.38427014072234855
2008-08-06,13.5,0.5677621773171482,0.5677621773171482
2008-08-07,21.0,1.8659880655528256,1.8659880655528256
2008-08-08,8.25,-0.340995944447826,-0.340995944447826
2008-08-11,17.5,1.2601493177095096,1.2601493177095096
2008-08-12,16.0,1.000504140062374,1.000504140062374
2008-08-13,12.25,0.3513911959445353,0.3513911959445353
2008-08-14,12.25,0.3513911959445353,0.3513911959445353
2008-08-15,12.75,0.43793958849358045,0.43793958849358045
2008-08-18,7.5,-0.4708185332713937,-0.4708185332713937
2008-08-19,8.5,-0.29772174817330344,-0.29772174817330344
2008-08-20,12.0,0.3081169996700127,0.3081169996700127
2008-08-21,11.75,0.26484280339549016,0.26484280339549016
2008-08-22,11.25,0.17829441084644496,0.17829441084644496
2008-08-25,17.5,1.2601493177095096,1.2601493177095096
2008-08-26,8.0,-0.38427014072234855,-0.38427014072234855
2008-08-27,13.0,0.481213784768103,0.481213784768103
2008-08-28,8.5,-0.29772174817330344,-0.29772174817330344
2008-08-29,15.25,0.8706815512388063,0.8706815512388063
2008-09-02,20.25,1.7361654767292578,1.7361654767292578
2008-09-03,8.5,-0.29772174817330344,-0.29772174817330344
2008-09-04,11.75,0.26484280339549016,0.26484280339549016
2008-09-05,25.0,2.558375205945187,2.558375205945187
2008-09-08,26.0,2.731471991043277,2.731471991043277
2008-09-09,18.75,1.4765202990821225,1.4765202990821225
2008-09-10,14.75,0.7841331586897611,0.7841331586897611
2008-09-11,14.0,0.6543105698661934,0.6543105698661934
2008-09-12,16.5,1.087052532611419,1.087052532611419
2008-09-15,28.5,3.1642139537885035,3.1642139537885035
2008-09-16,31.5,3.683504309082774,3.683504309082774
2008-09-17,32.0,3.7700527016318195,3.7700527016318195
2008-09-18,22.5,2.125633243199961,2.125633243199961
2008-09-19,35.0,4.28934305692609,4.28934305692609
2008-09-22,18.0,1.3466977102585547,1.3466977102585547
2008-09-23,14.5,0.7408589624152385,0.7408589624152385
2008-09-24,17.25,1.2168751214349869,1.2168751214349869
2008-09-25,18.25,1.3899719065330771,1.3899719065330771
2008-09-26,12.25,0.3513911959445353,0.3513911959445353
2008-09-29,59.5,8.530214291829303,8.530214291829303
2008-09-30,37.75,4.765359215945839,4.765359215945839
2008-10-01,22.5,2.125633243199961,2.125633243199961
2008-10-02,14.5,0.7408589624152385,0.7408589624152385
2008-10-03,27.25,2.9478429724158906,2.9478429724158906
2008-10-06,26.75,2.861294579866845,2.861294579866845
2008-10-07,16.5,1.087052532611419,1.087052532611419
2008-10-08,61.0,8.789859469476438,8.789859469476438
2008-10-09,30.5,3.510407523984684,3.510407523984684
2008-10-10,36.75,4.592262430847748,4.592262430847748
2008-10-13,15.25,0.8706815512388063,0.8706815512388063
2008-10-14,20.5,1.7794396730037805,1.7794396730037805
2008-10-15,15.75,0.9572299437878514,0.9572299437878514
2008-10-16,22.25,2.0823590469254385,2.0823590469254385
2008-10-17,22.75,2.168907439474484,2.168907439474484
2008-10-20,27.5,2.9911171686904128,2.9911171686904128
2008-10-21,24.25,2.428552617121619,2.428552617121619
2008-10-22,18.5,1.4332461028075998,1.4332461028075998
2008-10-23,20.5,1.7794396730037805,1.7794396730037805
2008-10-24,26.0,2.731471991043277,2.731471991043277
2008-10-27,19.5,1.60634288790569,1.60634288790569
2008-10-28,21.75,1.9958106543763934,1.9958106543763934
2008-10-29,21.0,1.8659880655528256,1.8659880655528256
2008-10-30,15.75,0.9572299437878514,0.9572299437878514
2008-10-31,26.5,2.8180203835923225,2.8180203835923225
2008-11-03,16.75,1.1303267288859418,1.1303267288859418
2008-11-04,33.0,3.9431494867299097,3.9431494867299097
2008-11-05,16.5,1.087052532611419,1.087052532611419
2008-11-06,19.75,1.6496170841802127,1.6496170841802127
2008-11-07,18.25,1.3899719065330771,1.3899719065330771
2008-11-10,21.5,1.9525364581018707,1.9525364581018707
2008-11-11,11.0,0.1350202145719224,0.1350202145719224
2008-11-12,20.75,1.822713869278303,1.822713869278303
2008-11-13,22.25,2.0823590469254385,2.0823590469254385
2008-11-14,22.25,2.0823590469254385,2.0823590469254385
2008-11-17,11.75,0.26484280339549016,0.26484280339549016
2008-11-18,17.25,1.2168751214349869,1.2168751214349869
2008-11-19,19.75,1.6496170841802127,1.6496170841802127
2008-11-20,39.75,5.11155278614202,5.11155278614202
2008-11-21,25.25,2.6016494022197096,2.6016494022197096
2008-11-24,18.25,1.3899719065330771,1.3899719065330771
2008-11-25,37.25,4.678810823396794,4.678810823396794
2008-11-26,28.75,3.2074881500630257,3.2074881500630257
2008-11-28,20.75,1.822713869278303,1.822713869278303
2008-12-01,48.0,6.539601263201265,6.539601263201265
2008-12-02,20.0,1.6928912804547354,1.6928912804547354
2008-12-03,21.75,1.9958106543763934,1.9958106543763934
2008-12-04,19.25,1.5630686916311676,1.5630686916311676
2008-12-05,29.0,3.2507623463375483,3.2507623463375483
2008-12-08,21.0,1.8659880655528256,1.8659880655528256
2008-12-09,19.25,1.5630686916311676,1.5630686916311676
2008-12-10,20.5,1.7794396730037805,1.7794396730037805
2008-12-11,25.5,2.644923598494232,2.644923598494232
2008-12-12,39.0,4.981730197318452,4.981730197318452
2008-12-15,20.25,1.7361654767292578,1.7361654767292578
2008-12-16,49.25,6.7559722445738775,6.7559722445738775
2008-12-17,20.5,1.7794396730037805,1.7794396730037805
2008-12-18,14.5,0.7408589624152385,0.7408589624152385
2008-12-19,19.0,1.519794495356645,1.519794495356645
2008-12-22,13.0,0.481213784768103,0.481213784768103
2008-12-23,11.25,0.17829441084644496,0.17829441084644496
2008-12-24,26.5,2.8180203835923225,2.8180203835923225
2008-12-26,11.75,0.26484280339549016,0.26484280339549016
2008-12-29,19.0,1.519794495356645,1.519794495356645
2008-12-30,17.5,1.2601493177095096,1.2601493177095096
2008-12-31,35.5,4.3758914494751355,4.3758914494751355
2009-01-02,40.25,5.198101178691065,5.198101178691065
2009-01-05,18.5,1.4332461028075998,1.4332461028075998
2009-01-06,26.0,2.731471991043277,2.731471991043277
2009-01-07,13.75,0.6110363735916707,0.6110363735916707
2009-01-08,22.75,2.168907439474484,2.168907439474484
2009-01-09,23.5,2.2987300282980514,2.2987300282980514
2009-01-12,20.0,1.6928912804547354,1.6928912804547354
2009-01-13,9.75,-0.08135076680069052,-0.08135076680069052
2009-01-14,26.75,2.861294579866845,2.861294579866845
2009-01-15,12.75,0.43793958849358045,0.43793958849358045
2009-01-16,23.5,2.2987300282980514,2.2987300282980514
2009-01-20,30.75,3.5536817202592066,3.5536817202592066
2009-01-21,22.25,2.0823590469254385,2.0823590469254385
2009-01-22,21.75,1.9958106543763934,1.9958106543763934
2009-01-23,23.0,2.212181635749006,2.212181635749006
2009-01-26,15.0,0.8274073549642836,0.8274073549642836
2009-01-27,22.5,2.125633243199961,2.125633243199961
2009-01-28,21.75,1.9958106543763934,1.9958106543763934
2009-01-29,27.25,2.9478429724158906,2.9478429724158906
2009-01-30,18.0,1.3466977102585547,1.3466977102585547
2009-02-02,21.0,1.8659880655528256,1.8659880655528256
2009-02-03,27.5,2.9911171686904128,2.9911171686904128
2009-02-04,16.25,1.0437783363368967,1.0437783363368967
2009-02-05,14.0,0.6543105698661934,0.6543105698661934
2009-02-06,16.0,1.000504140062374,1.000504140062374
2009-02-09,11.75,0.26484280339549016,0.26484280339549016
2009-02-10,29.25,3.294036542612071,3.294036542612071
2009-02-11,13.75,0.6110363735916707,0.6110363735916707
2009-02-12,12.75,0.43793958849358045,0.43793958849358045
2009-02-13,21.0,1.8659880655528256,1.8659880655528256
2009-02-17,32.75,3.899875290455387,3.899875290455387
2009-02-18,24.5,2.4718268133961416,2.4718268133961416
2009-02-19,22.25,2.0823590469254385,2.0823590469254385
2009-02-20,25.5,2.644923598494232,2.644923598494232
2009-02-23,16.75,1.1303267288859418,1.1303267288859418
2009-02-24,17.25,1.2168751214349869,1.2168751214349869
2009-02-25,24.25,2.428552617121619,2.428552617121619
2009-02-26,15.5,0.9139557475133289,0.9139557475133289
2009-02-27,17.75,1.303423513984032,1.303423513984032
2009-03-02,23.75,2.342004224572574,2.342004224572574
2009-03-03,13.5,0.5677621773171482,0.5677621773171482
2009-03-04,21.75,1.9958106543763934,1.9958106543763934
2009-03-05,28.5,3.1642139537885035,3.1642139537885035
2009-03-06,16.5,1.087052532611419,1.087052532611419
2009-03-09,13.25,0.5244879810426256,0.5244879810426256
2009-03-10,18.5,1.4332461028075998,1.4332461028075998
2009-03-11,19.25,1.5630686916311676,1.5630686916311676
2009-03-12,13.25,0.5244879810426256,0.5244879810426256
2009-03-13,20.75,1.822713869278303,1.822713869278303
2009-03-16,13.5,0.5677621773171482,0.5677621773171482
2009-03-17,15.0,0.8274073549642836,0.8274073549642836
2009-03-18,74.5,11.126666068300656,11.126666068300656
2009-03-19,17.75,1.303423513984032,1.303423513984032
2009-03-20,13.25,0.5244879810426256,0.5244879810426256
2009-03-23,12.0,0.3081169996700127,0.3081169996700127
2009-03-24,14.25,0.697584766140716,0.697584766140716
2009-03-25,19.25,1.5630686916311676,1.5630686916311676
2009-03-26,16.5,1.087052532611419,1.087052532611419
2009-03-27,13.0,0.481213784768103,0.481213784768103
2009-03-30,13.5,0.5677621773171482,0.5677621773171482
2009-03-31,11.5,0.22156860712096754,0.22156860712096754
2009-04-01,8.25,-0.340995944447826,-0.340995944447826
2009-04-02,22.5,2.125633243199961,2.125633243199961
2009-04-03,23.25,2.2554558320235287,2.2554558320235287
2009-04-06,10.0,-0.03807657052616793,-0.03807657052616793
2009-04-07,8.0,-0.38427014072234855,-0.38427014072234855
2009-04-08,11.5,0.22156860712096754,0.22156860712096754
2009-04-09,13.25,0.5244879810426256,0.5244879810426256
2009-04-13,17.0,1.1736009251604642,1.1736009251604642
2009-04-14,13.5,0.5677621773171482,0.5677621773171482
2009-04-15,9.5,-0.12462496307521309,-0.12462496307521309
2009-04-16,12.0,0.3081169996700127,0.3081169996700127
2009-04-17,20.0,1.6928912804547354,1.6928912804547354
2009-04-20,16.75,1.1303267288859418,1.1303267288859418
2009-04-21,18.5,1.4332461028075998,1.4332461028075998
2009-04-22,12.5,0.3946653922190579,0.3946653922190579
2009-04-23,10.5,0.048471822022877226,0.048471822022877226
2009-04-24,12.25,0.3513911959445353,0.3513911959445353
2009-04-27,11.0,0.1350202145719224,0.1350202145719224
2009-04-28,18.75,1.4765202990821225,1.4765202990821225
2009-04-29,23.25,2.2554558320235287,2.2554558320235287
2009-04-30,11.25,0.17829441084644496,0.17829441084644496
2009-05-01,10.5,0.048471822022877226,0.048471822022877226
2009-05-04,8.25,-0.340995944447826,-0.340995944447826
2009-05-05,8.75,-0.2544475518987808,-0.2544475518987808
2009-05-06,13.5,0.5677621773171482,0.5677621773171482
2009-05-07,19.0,1.519794495356645,1.519794495356645
2009-05-08,15.25,0.8706815512388063,0.8706815512388063
2009-05-11,15.5,0.9139557475133289,0.9139557475133289
2009-05-12,10.25,0.005197625748354648,0.005197625748354648
2009-05-13,15.25,0.8706815512388063,0.8706815512388063
2009-05-14,9.25,-0.16789915934973568,-0.16789915934973568
2009-05-15,11.75,0.26484280339549016,0.26484280339549016
2009-05-18,18.75,1.4765202990821225,1.4765202990821225
2009-05-19,7.0,-0.5573669258204389,-0.5573669258204389
2009-05-20,13.25,0.5244879810426256,0.5244879810426256
2009-05-21,27.0,2.904568776141368,2.904568776141368
2009-05-22,16.5,1.087052532611419,1.087052532611419
2009-05-26,20.5,1.7794396730037805,1.7794396730037805
2009-05-27,24.75,2.5151010096706643,2.5151010096706643
2009-05-28,17.5,1.2601493177095096,1.2601493177095096
2009-05-29,18.0,1.3466977102585547,1.3466977102585547
2009-06-01,25.25,2.6016494022197096,2.6016494022197096
2009-06-02,12.5,0.3946653922190579,0.3946653922190579
2009-06-03,14.75,0.7841331586897611,0.7841331586897611
2009-06-04,22.0,2.039084850650916,2.039084850650916
2009-06-05,27.25,2.9478429724158906,2.9478429724158906
2009-06-08,12.5,0.3946653922190579,0.3946653922190579
2009-06-09,8.75,-0.2544475518987808,-0.2544475518987808
2009-06-10,13.0,0.481213784768103,0.481213784768103
2009-06-11,24.5,2.4718268133961416,2.4718268133961416
2009-06-12,10.0,-0.03807657052616793,-0.03807657052616793
2009-06-15,24.5,2.4718268133961416,2.4718268133961416
2009-06-16,14.75,0.7841331586897611,0.7841331586897611
2009-06-17,14.5,0.7408589624152385,0.7408589624152385
2009-06-18,22.25,2.0823590469254385,2.0823590469254385
2009-06-19,13.25,0.5244879810426256,0.5244879810426256
2009-06-22,16.0,1.000504140062374,1.000504140062374
2009-06-23,12.0,0.3081169996700127,0.3081169996700127
2009-06-24,17.75,1.303423513984032,1.303423513984032
2009-06-25,24.25,2.428552617121619,2.428552617121619
2009-06-26,11.0,0.1350202145719224,0.1350202145719224
2009-06-29,9.75,-0.08135076680069052,-0.08135076680069052
2009-06-30,13.5,0.5677621773171482,0.5677621773171482
2009-07-01,11.25,0.17829441084644496,0.17829441084644496
2009-07-02,14.5,0.7408589624152385,0.7408589624152385
2009-07-06,7.0,-0.5573669258204389,-0.5573669258204389
2009-07-07,13.5,0.5677621773171482,0.5677621773171482
2009-07-08,23.0,2.212181635749006,2.212181635749006
2009-07-09,12.25,0.3513911959445353,0.3513911959445353
2009-07-10,17.75,1.303423513984032,1.303423513984032
2009-07-13,12.75,0.43793958849358045,0.43793958849358045
2009-07-14,15.0,0.8274073549642836,0.8274073549642836
2009-07-15,20.75,1.822713869278303,1.822713869278303
2009-07-16,12.5,0.3946653922190579,0.3946653922190579
2009-07-17,16.0,1.000504140062374,1.000504140062374
2009-07-20,20.75,1.822713869278303,1.822713869278303
2009-07-21,25.25,2.6016494022197096,2.6016494022197096
2009-07-22,12.5,0.3946653922190579,0.3946653922190579
2009-07-23,24.25,2.428552617121619,2.428552617121619
2009-07-24,7.75,-0.42754433699687117,-0.42754433699687117
2009-07-27,13.75,0.6110363735916707,0.6110363735916707
2009-07-28,15.0,0.8274073549642836,0.8274073549642836
2009-07-29,16.25,1.0437783363368967,1.0437783363368967
2009-07-30,14.75,0.7841331586897611,0.7841331586897611
2009-07-31,22.5,2.125633243199961,2.125633243199961
2009-08-03,24.0,2.3852784208470967,2.3852784208470967
2009-08-04,15.0,0.8274073549642836,0.8274073549642836
2009-08-05,17.0,1.1736009251604642,1.1736009251604642
2009-08-06,10.75,0.09174601829739981,0.09174601829739981
2009-08-07,19.25,1.5630686916311676,1.5630686916311676
2009-08-10,16.25,1.0437783363368967,1.0437783363368967
2009-08-11,14.25,0.697584766140716,0.697584766140716
2009-08-12,18.0,1.3466977102585547,1.3466977102585547
2009-08-13,24.25,2.428552617121619,2.428552617121619
2009-08-14,16.5,1.087052532611419,1.087052532611419
2009-08-17,12.5,0.3946653922190579,0.3946653922190579
2009-08-18,6.75,-0.6006411220949615,-0.6006411220949615
2009-08-19,14.75,0.7841331586897611,0.7841331586897611
2009-08-20,10.0,-0.03807657052616793,-0.03807657052616793
2009-08-21,24.75,2.5151010096706643,2.5151010096706643
2009-08-24,14.0,0.6543105698661934,0.6543105698661934
2009-08-25,10.25,0.005197625748354648,0.005197625748354648
2009-08-26,6.5,-0.643915318369484,-0.643915318369484
2009-08-27,13.25,0.5244879810426256,0.5244879810426256
2009-08-28,12.0,0.3081169996700127,0.3081169996700127
2009-08-31,10.5,0.048471822022877226,0.048471822022877226
2009-09-01,15.5,0.9139557475133289,0.9139557475133289
2009-09-02,11.25,0.17829441084644496,0.17829441084644496
2009-09-03,7.25,-0.5140927295459163,-0.5140927295459163
2009-09-04,12.5,0.3946653922190579,0.3946653922190579
2009-09-08,8.0,-0.38427014072234855,-0.38427014072234855
2009-09-09,7.75,-0.42754433699687117,-0.42754433699687117
2009-09-10,17.25,1.2168751214349869,1.2168751214349869
2009-09-11,18.0,1.3466977102585547,1.3466977102585547
2009-09-14,10.0,-0.03807657052616793,-0.03807657052616793
2009-09-15,9.5,-0.12462496307521309,-0.12462496307521309
2009-09-16,15.5,0.9139557475133289,0.9139557475133289
2009-09-17,13.75,0.6110363735916707,0.6110363735916707
2009-09-18,12.75,0.43793958849358045,0.43793958849358045
2009-09-21,7.75,-0.42754433699687117,-0.42754433699687117
2009-09-22,9.75,-0.08135076680069052,-0.08135076680069052
2009-09-23,14.0,0.6543105698661934,0.6543105698661934
2009-09-24,10.75,0.09174601829739981,0.09174601829739981
2009-09-25,9.75,-0.08135076680069052,-0.08135076680069052
2009-09-28,7.25,-0.5140927295459163,-0.5140927295459163
2009-09-29,9.0,-0.21117335562425826,-0.21117335562425826
2009-09-30,7.25,-0.5140927295459163,-0.5140927295459163
2009-10-01,19.25,1.5630686916311676,1.5630686916311676
2009-10-02,13.0,0.481213784768103,0.481213784768103
2009-10-05,6.75,-0.6006411220949615,-0.6006411220949615
2009-10-06,6.25,-0.6871895146440067,-0.6871895146440067
2009-10-07,12.25,0.3513911959445353,0.3513911959445353
2009-10-08,10.5,0.048471822022877226,0.048471822022877226
2009-10-09,18.75,1.4765202990821225,1.4765202990821225
2009-10-12,10.25,0.005197625748354648,0.005197625748354648
2009-10-13,8.75,-0.2544475518987808,-0.2544475518987808
2009-10-14,11.75,0.26484280339549016,0.26484280339549016
2009-10-15,10.0,-0.03807657052616793,-0.03807657052616793
2009-10-16,9.5,-0.12462496307521309,-0.12462496307521309
2009-10-19,8.5,-0.29772174817330344,-0.29772174817330344
2009-10-20,12.25,0.3513911959445353,0.3513911959445353
2009-10-21,13.5,0.5677621773171482,0.5677621773171482
2009-10-22,9.25,-0.16789915934973568,-0.16789915934973568
2009-10-23,9.0,-0.21117335562425826,-0.21117335562425826
2009-10-26,11.0,0.1350202145719224,0.1350202145719224
2009-10-27,16.0,1.000504140062374,1.000504140062374
2009-10-28,10.75,0.09174601829739981,0.09174601829739981
2009-10-29,15.25,0.8706815512388063,0.8706815512388063
2009-10-30,16.75,1.1303267288859418,1.1303267288859418
2009-11-02,8.5,-0.29772174817330344,-0.29772174817330344
2009-11-03,14.5,0.7408589624152385,0.7408589624152385
2009-11-04,11.5,0.22156860712096754,0.22156860712096754
2009-11-05,7.25,-0.5140927295459163,-0.5140927295459163
2009-11-06,11.25,0.17829441084644496,0.17829441084644496
2009-11-09,7.75,-0.42754433699687117,-0.42754433699687117
2009-11-10,8.0,-0.38427014072234855,-0.38427014072234855
2009-11-11,10.5,0.048471822022877226,0.048471822022877226
2009-11-12,13.25,0.5244879810426256,0.5244879810426256
2009-11-13,5.0,-0.9035604960166196,-0.9035604960166196
2009-11-16,12.75,0.43793958849358045,0.43793958849358045
2009-11-17,8.75,-0.2544475518987808,-0.2544475518987808
2009-11-18,7.0,-0.5573669258204389,-0.5573669258204389
2009-11-19,8.5,-0.29772174817330344,-0.29772174817330344
2009-11-20,8.5,-0.29772174817330344,-0.29772174817330344
2009-11-23,9.0,-0.21117335562425826,-0.21117335562425826
2009-11-24,10.25,0.005197625748354648,0.005197625748354648
2009-11-25,11.25,0.17829441084644496,0.17829441084644496
2009-11-27,18.5,1.4332461028075998,1.4332461028075998
2009-11-30,6.0,-0.7304637109185292,-0.7304637109185292
2009-12-01,7.75,-0.42754433699687117,-0.42754433699687117
2009-12-02,7.5,-0.4708185332713937,-0.4708185332713937
2009-12-03,10.5,0.048471822022877226,0.048471822022877226
2009-12-04,20.5,1.7794396730037805,1.7794396730037805
2009-12-07,11.25,0.17829441084644496,0.17829441084644496
2009-12-08,12.75,0.43793958849358045,0.43793958849358045
2009-12-09,8.75,-0.2544475518987808,-0.2544475518987808
2009-12-10,14.25,0.697584766140716,0.697584766140716
2009-12-11,10.5,0.048471822022877226,0.048471822022877226
2009-12-14,8.5,-0.29772174817330344,-0.29772174817330344
2009-12-15,9.0,-0.21117335562425826,-0.21117335562425826
2009-12-16,7.75,-0.42754433699687117,-0.42754433699687117
2009-12-17,13.5,0.5677621773171482,0.5677621773171482
2009-12-18,9.5,-0.12462496307521309,-0.12462496307521309
2009-12-21,15.75,0.9572299437878514,0.9572299437878514
2009-12-22,9.75,-0.08135076680069052,-0.08135076680069052
2009-12-23,10.25,0.005197625748354648,0.005197625748354648
2009-12-24,9.5,-0.12462496307521309,-0.12462496307521309
2009-12-28,7.25,-0.5140927295459163,-0.5140927295459163
2009-12-29,7.5,-0.4708185332713937,-0.4708185332713937
2009-12-30,4.75,-0.9468346922911421,-0.9468346922911421
2009-12-31,14.0,0.6543105698661934,0.6543105698661934
2010-01-04,12.25,0.3513911959445353,0.3513911959445353
2010-01-05,10.75,0.09174601829739981,0.09174601829739981
2010-01-06,8.5,-0.29772174817330344,-0.29772174817330344
2010-01-07,7.75,-0.42754433699687117,-0.42754433699687117
2010-01-08,11.5,0.22156860712096754,0.22156860712096754
2010-01-11,7.0,-0.5573669258204389,-0.5573669258204389
2010-01-12,13.0,0.481213784768103,0.481213784768103
2010-01-13,9.5,-0.12462496307521309,-0.12462496307521309
2010-01-14,10.75,0.09174601829739981,0.09174601829739981
2010-01-15,12.25,0.3513911959445353,0.3513911959445353
2010-01-19,9.5,-0.12462496307521309,-0.12462496307521309
2010-01-20,8.0,-0.38427014072234855,-0.38427014072234855
2010-01-21,12.25,0.3513911959445353,0.3513911959445353
2010-01-22,5.25,-0.8602862997420969,-0.8602862997420969
2010-01-25,5.25,-0.8602862997420969,-0.8602862997420969
2010-01-26,9.0,-0.21117335562425826,-0.21117335562425826
2010-01-27,11.5,0.22156860712096754,0.22156860712096754
2010-01-28,10.0,-0.03807657052616793,-0.03807657052616793
2010-01-29,17.5,1.2601493177095096,1.2601493177095096
2010-02-01,9.25,-0.16789915934973568,-0.16789915934973568
2010-02-02,6.25,-0.6871895146440067,-0.6871895146440067
2010-02-03,8.0,-0.38427014072234855,-0.38427014072234855
2010-02-04,14.25,0.697584766140716,0.697584766140716
2010-02-05,14.25,0.697584766140716,0.697584766140716
2010-02-08,5.25,-0.8602862997420969,-0.8602862997420969
2010-02-09,9.75,-0.08135076680069052,-0.08135076680069052
2010-02-10,11.0,0.1350202145719224,0.1350202145719224
2010-02-11,8.75,-0.2544475518987808,-0.2544475518987808
2010-02-12,8.0,-0.38427014072234855,-0.38427014072234855
2010-02-16,10.0,-0.03807657052616793,-0.03807657052616793
2010-02-17,12.75,0.43793958849358045,0.43793958849358045
2010-02-18,13.5,0.5677621773171482,0.5677621773171482
2010-02-19,8.0,-0.38427014072234855,-0.38427014072234855
2010-02-22,4.0,-1.07665728111471,-1.07665728111471
2010-02-23,16.75,1.1303267288859418,1.1303267288859418
2010-02-24,7.75,-0.42754433699687117,-0.42754433699687117
2010-02-25,10.5,0.048471822022877226,0.048471822022877226
2010-02-26,7.5,-0.4708185332713937,-0.4708185332713937
2010-03-01,6.25,-0.6871895146440067,-0.6871895146440067
2010-03-02,6.25,-0.6871895146440067,-0.6871895146440067
2010-03-03,6.0,-0.7304637109185292,-0.7304637109185292
2010-03-04,8.0,-0.38427014072234855,-0.38427014072234855
2010-03-05,12.75,0.43793958849358045,0.43793958849358045
2010-03-08,4.75,-0.9468346922911421,-0.9468346922911421
2010-03-09,5.0,-0.9035604960166196,-0.9035604960166196
2010-03-10,6.25,-0.6871895146440067,-0.6871895146440067
2010-03-11,5.75,-0.7737379071930518,-0.7737379071930518
2010-03-12,12.25,0.3513911959445353,0.3513911959445353
2010-03-15,5.25,-0.8602862997420969,-0.8602862997420969
2010-03-16,10.5,0.048471822022877226,0.048471822022877226
2010-03-17,2.75,-1.2930282624873228,-1.2930282624873228
2010-03-18,7.0,-0.5573669258204389,-0.5573669258204389
2010-03-19,6.75,-0.6006411220949615,-0.6006411220949615
2010-03-22,5.25,-0.8602862997420969,-0.8602862997420969
2010-03-23,4.25,-1.0333830848401873,-1.0333830848401873
2010-03-24,22.5,2.125633243199961,2.125633243199961
2010-03-25,14.0,0.6543105698661934,0.6543105698661934
2010-03-26,8.5,-0.29772174817330344,-0.29772174817330344
2010-03-29,6.25,-0.6871895146440067,-0.6871895146440067
2010-03-30,6.5,-0.643915318369484,-0.643915318369484
2010-03-31,7.75,-0.42754433699687117,-0.42754433699687117
2010-04-01,7.0,-0.5573669258204389,-0.5573669258204389
2010-04-05,9.5,-0.12462496307521309,-0.12462496307521309
2010-04-06,7.25,-0.5140927295459163,-0.5140927295459163
2010-04-07,12.25,0.3513911959445353,0.3513911959445353
2010-04-08,8.5,-0.29772174817330344,-0.29772174817330344
2010-04-09,6.75,-0.6006411220949615,-0.6006411220949615
2010-04-12,13.25,0.5244879810426256,0.5244879810426256
2010-04-13,7.25,-0.5140927295459163,-0.5140927295459163
2010-04-14,7.75,-0.42754433699687117,-0.42754433699687117
2010-04-15,8.0,-0.38427014072234855,-0.38427014072234855
2010-04-16,12.75,0.43793958849358045,0.43793958849358045
2010-04-19,10.25,0.005197625748354648,0.005197625748354648
2010-04-20,5.25,-0.8602862997420969,-0.8602862997420969
2010-04-21,9.5,-0.12462496307521309,-0.12462496307521309
2010-04-22,11.0,0.1350202145719224,0.1350202145719224
2010-04-23,10.5,0.048471822022877226,0.048471822022877226
2010-04-26,8.0,-0.38427014072234855,-0.38427014072234855
2010-04-27,19.75,1.6496170841802127,1.6496170841802127
2010-04-28,15.75,0.9572299437878514,0.9572299437878514
2010-04-29,8.75,-0.2544475518987808,-0.2544475518987808
2010-04-30,11.25,0.17829441084644496,0.17829441084644496
2010-05-03,6.0,-0.7304637109185292,-0.7304637109185292
2010-05-04,12.5,0.3946653922190579,0.3946653922190579
2010-05-05,17.25,1.2168751214349869,1.2168751214349869
2010-05-06,42.75,5.630843141436291,5.630843141436291
2010-05-07,28.5,3.1642139537885035,3.1642139537885035
2010-05-10,15.0,0.8274073549642836,0.8274073549642836
2010-05-11,13.75,0.6110363735916707,0.6110363735916707
2010-05-12,11.5,0.22156860712096754,0.22156860712096754
2010-05-13,10.0,-0.03807657052616793,-0.03807657052616793
2010-05-14,16.5,1.087052532611419,1.087052532611419
2010-05-17,14.25,0.697584766140716,0.697584766140716
2010-05-18,17.5,1.2601493177095096,1.2601493177095096
2010-05-19,10.5,0.048471822022877226,0.048471822022877226
2010-05-20,22.25,2.0823590469254385,2.0823590469254385
2010-05-21,18.75,1.4765202990821225,1.4765202990821225
2010-05-24,9.25,-0.16789915934973568,-0.16789915934973568
2010-05-25,17.0,1.1736009251604642,1.1736009251604642
2010-05-26,15.25,0.8706815512388063,0.8706815512388063
2010-05-27,20.5,1.7794396730037805,1.7794396730037805
2010-05-28,8.75,-0.2544475518987808,-0.2544475518987808
2010-06-01,15.0,0.8274073549642836,0.8274073549642836
2010-06-02,11.5,0.22156860712096754,0.22156860712096754
2010-06-03,12.25,0.3513911959445353,0.3513911959445353
2010-06-04,23.25,2.2554558320235287,2.2554558320235287
2010-06-07,12.5,0.3946653922190579,0.3946653922190579
2010-06-08,7.0,-0.5573669258204389,-0.5573669258204389
2010-06-09,8.75,-0.2544475518987808,-0.2544475518987808
2010-06-10,17.75,1.303423513984032,1.303423513984032
2010-06-11,12.75,0.43793958849358045,0.43793958849358045
2010-06-14,9.5,-0.12462496307521309,-0.12462496307521309
2010-06-15,9.25,-0.16789915934973568,-0.16789915934973568
2010-06-16,9.0,-0.21117335562425826,-0.21117335562425826
2010-06-17,13.75,0.6110363735916707,0.6110363735916707
2010-06-18,6.25,-0.6871895146440067,-0.6871895146440067
2010-06-21,8.5,-0.29772174817330344,-0.29772174817330344
2010-06-22,14.75,0.7841331586897611,0.7841331586897611
2010-06-23,11.75,0.26484280339549016,0.26484280339549016
2010-06-24,10.0,-0.03807657052616793,-0.03807657052616793
2010-06-25,11.0,0.1350202145719224,0.1350202145719224
2010-06-28,12.25,0.3513911959445353,0.3513911959445353
2010-06-29,9.5,-0.12462496307521309,-0.12462496307521309
2010-06-30,9.5,-0.12462496307521309,-0.12462496307521309
2010-07-01,9.75,-0.08135076680069052,-0.08135076680069052
2010-07-02,10.5,0.048471822022877226,0.048471822022877226
2010-07-06,10.0,-0.03807657052616793,-0.03807657052616793
2010-07-07,8.25,-0.340995944447826,-0.340995944447826
2010-07-08,10.25,0.005197625748354648,0.005197625748354648
2010-07-09,5.25,-0.8602862997420969,-0.8602862997420969
2010-07-12,7.25,-0.5140927295459163,-0.5140927295459163
2010-07-13,13.25,0.5244879810426256,0.5244879810426256
2010-07-14,13.75,0.6110363735916707,0.6110363735916707
2010-07-15,15.25,0.8706815512388063,0.8706815512388063
2010-07-16,14.0,0.6543105698661934,0.6543105698661934
2010-07-19,8.0,-0.38427014072234855,-0.38427014072234855
2010-07-20,10.0,-0.03807657052616793,-0.03807657052616793
2010-07-21,12.0,0.3081169996700127,0.3081169996700127
2010-07-22,11.0,0.1350202145719224,0.1350202145719224
2010-07-23,10.25,0.005197625748354648,0.005197625748354648
2010-07-26,7.5,-0.4708185332713937,-0.4708185332713937
2010-07-27,10.0,-0.03807657052616793,-0.03807657052616793
2010-07-28,11.25,0.17829441084644496,0.17829441084644496
2010-07-29,11.25,0.17829441084644496,0.17829441084644496
2010-07-30,11.0,0.1350202145719224,0.1350202145719224
2010-08-02,6.25,-0.6871895146440067,-0.6871895146440067
2010-08-03,12.25,0.3513911959445353,0.3513911959445353
2010-08-04,11.0,0.1350202145719224,0.1350202145719224
2010-08-05,8.75,-0.2544475518987808,-0.2544475518987808
2010-08-06,14.5,0.7408589624152385,0.7408589624152385
2010-08-09,4.75,-0.9468346922911421,-0.9468346922911421
2010-08-10,14.75,0.7841331586897611,0.7841331586897611
2010-08-11,9.5,-0.12462496307521309,-0.12462496307521309
2010-08-12,8.75,-0.2544475518987808,-0.2544475518987808
2010-08-13,6.5,-0.643915318369484,-0.643915318369484
2010-08-16,11.25,0.17829441084644496,0.17829441084644496
2010-08-17,10.5,0.048471822022877226,0.048471822022877226
2010-08-18,8.25,-0.340995944447826,-0.340995944447826
2010-08-19,15.25,0.8706815512388063,0.8706815512388063
2010-08-20,13.0,0.481213784768103,0.481213784768103
2010-08-23,8.25,-0.340995944447826,-0.340995944447826
2010-08-24,16.5,1.087052532611419,1.087052532611419
2010-08-25,17.0,1.1736009251604642,1.1736009251604642
2010-08-26,7.5,-0.4708185332713937,-0.4708185332713937
2010-08-27,21.5,1.9525364581018707,1.9525364581018707
2010-08-30,21.5,1.9525364581018707,1.9525364581018707
2010-08-31,8.75,-0.2544475518987808,-0.2544475518987808
2010-09-01,18.5,1.4332461028075998,1.4332461028075998
2010-09-02,8.0,-0.38427014072234855,-0.38427014072234855
2010-09-03,17.5,1.2601493177095096,1.2601493177095096
2010-09-07,17.0,1.1736009251604642,1.1736009251604642
2010-09-08,12.0,0.3081169996700127,0.3081169996700127
2010-09-09,16.5,1.087052532611419,1.087052532611419
2010-09-10,10.75,0.09174601829739981,0.09174601829739981
2010-09-13,16.5,1.087052532611419,1.087052532611419
2010-09-14,10.5,0.048471822022877226,0.048471822022877226
2010-09-15,9.25,-0.16789915934973568,-0.16789915934973568
2010-09-16,12.25,0.3513911959445353,0.3513911959445353
2010-09-17,12.0,0.3081169996700127,0.3081169996700127
2010-09-20,6.75,-0.6006411220949615,-0.6006411220949615
2010-09-21,5.0,-0.9035604960166196,-0.9035604960166196
2010-09-22,8.25,-0.340995944447826,-0.340995944447826
2010-09-23,11.75,0.26484280339549016,0.26484280339549016
2010-09-24,10.25,0.005197625748354648,0.005197625748354648
2010-09-27,13.0,0.481213784768103,0.481213784768103
2010-09-28,12.0,0.3081169996700127,0.3081169996700127
2010-09-29,5.75,-0.7737379071930518,-0.7737379071930518
2010-09-30,17.75,1.303423513984032,1.303423513984032
2010-10-01,10.75,0.09174601829739981,0.09174601829739981
2010-10-04,6.0,-0.7304637109185292,-0.7304637109185292
2010-10-05,6.0,-0.7304637109185292,-0.7304637109185292
2010-10-06,13.75,0.6110363735916707,0.6110363735916707
2010-10-07,0.75,-1.6392218326835033,-1.6392218326835033
2010-10-08,13.75,0.6110363735916707,0.6110363735916707
2010-10-11,2.75,-1.2930282624873228,-1.2930282624873228
2010-10-12,11.5,0.22156860712096754,0.22156860712096754
2010-10-13,9.0,-0.21117335562425826,-0.21117335562425826
2010-10-14,12.0,0.3081169996700127,0.3081169996700127
2010-10-15,16.5,1.087052532611419,1.087052532611419
2010-10-18,11.0,0.1350202145719224,0.1350202145719224
2010-10-19,12.75,0.43793958849358045,0.43793958849358045
2010-10-20,8.75,-0.2544475518987808,-0.2544475518987808
2010-10-21,9.25,-0.16789915934973568,-0.16789915934973568
2010-10-22,6.5,-0.643915318369484,-0.643915318369484
2010-10-25,10.75,0.09174601829739981,0.09174601829739981
2010-10-26,13.0,0.481213784768103,0.481213784768103
2010-10-27,11.5,0.22156860712096754,0.22156860712096754
2010-10-28,15.0,0.8274073549642836,0.8274073549642836
2010-10-29,10.0,-0.03807657052616793,-0.03807657052616793
2010-11-01,9.5,-0.12462496307521309,-0.12462496307521309
2010-11-02,6.75,-0.6006411220949615,-0.6006411220949615
2010-11-03,15.0,0.8274073549642836,0.8274073549642836
2010-11-04,16.5,1.087052532611419,1.087052532611419
2010-11-05,13.25,0.5244879810426256,0.5244879810426256
2010-11-08,5.5,-0.8170121034675744,-0.8170121034675744
2010-11-09,20.25,1.7361654767292578,1.7361654767292578
2010-11-10,18.5,1.4332461028075998,1.4332461028075998
2010-11-11,13.0,0.481213784768103,0.481213784768103
2010-11-12,25.25,2.6016494022197096,2.6016494022197096
2010-11-15,23.5,2.2987300282980514,2.2987300282980514
2010-11-16,13.5,0.5677621773171482,0.5677621773171482
2010-11-17,10.5,0.048471822022877226,0.048471822022877226
2010-11-18,13.25,0.5244879810426256,0.5244879810426256
2010-11-19,8.0,-0.38427014072234855,-0.38427014072234855
2010-11-22,16.5,1.087052532611419,1.087052532611419
2010-11-23,12.5,0.3946653922190579,0.3946653922190579
2010-11-24,22.25,2.0823590469254385,2.0823590469254385
2010-11-26,12.75,0.43793958849358045,0.43793958849358045
2010-11-29,10.75,0.09174601829739981,0.09174601829739981
2010-11-30,10.75,0.09174601829739981,0.09174601829739981
2010-12-01,23.5,2.2987300282980514,2.2987300282980514
2010-12-02,12.0,0.3081169996700127,0.3081169996700127
2010-12-03,20.75,1.822713869278303,1.822713869278303
2010-12-06,9.5,-0.12462496307521309,-0.12462496307521309
2010-12-07,28.25,3.120939757513981,3.120939757513981
2010-12-08,24.75,2.5151010096706643,2.5151010096706643
2010-12-09,12.0,0.3081169996700127,0.3081169996700127
2010-12-10,17.25,1.2168751214349869,1.2168751214349869
2010-12-13,21.75,1.9958106543763934,1.9958106543763934
2010-12-14,26.25,2.7747461873178,2.7747461873178
2010-12-15,17.75,1.303423513984032,1.303423513984032
2010-12-16,14.5,0.7408589624152385,0.7408589624152385
2010-12-17,12.75,0.43793958849358045,0.43793958849358045
2010-12-20,12.0,0.3081169996700127,0.3081169996700127
2010-12-21,7.5,-0.4708185332713937,-0.4708185332713937
2010-12-22,10.25,0.005197625748354648,0.005197625748354648
2010-12-23,9.5,-0.12462496307521309,-0.12462496307521309
2010-12-27,17.5,1.2601493177095096,1.2601493177095096
2010-12-28,23.75,2.342004224572574,2.342004224572574
2010-12-29,22.5,2.125633243199961,2.125633243199961
2010-12-30,11.25,0.17829441084644496,0.17829441084644496
2010-12-31,8.75,-0.2544475518987808,-0.2544475518987808
2011-01-03,13.75,0.6110363735916707,0.6110363735916707
2011-01-04,10.75,0.09174601829739981,0.09174601829739981
2011-01-05,25.25,2.6016494022197096,2.6016494022197096
2011-01-06,10.75,0.09174601829739981,0.09174601829739981
2011-01-07,21.75,1.9958106543763934,1.9958106543763934
2011-01-10,6.5,-0.643915318369484,-0.643915318369484
2011-01-11,11.75,0.26484280339549016,0.26484280339549016
2011-01-12,10.25,0.005197625748354648,0.005197625748354648
2011-01-13,13.5,0.5677621773171482,0.5677621773171482
2011-01-14,11.25,0.17829441084644496,0.17829441084644496
2011-01-18,17.5,1.2601493177095096,1.2601493177095096
2011-01-19,8.5,-0.29772174817330344,-0.29772174817330344
2011-01-20,20.25,1.7361654767292578,1.7361654767292578
2011-01-21,9.0,-0.21117335562425826,-0.21117335562425826
2011-01-24,9.0,-0.21117335562425826,-0.21117335562425826
2011-01-25,15.0,0.8274073549642836,0.8274073549642836
2011-01-26,10.75,0.09174601829739981,0.09174601829739981
2011-01-27,13.75,0.6110363735916707,0.6110363735916707
2011-01-28,18.0,1.3466977102585547,1.3466977102585547
2011-01-31,13.5,0.5677621773171482,0.5677621773171482
2011-02-01,13.0,0.481213784768103,0.481213784768103
2011-02-02,16.0,1.000504140062374,1.000504140062374
2011-02-03,12.5,0.3946653922190579,0.3946653922190579
2011-02-04,21.0,1.8659880655528256,1.8659880655528256
2011-02-07,7.75,-0.42754433699687117,-0.42754433699687117
2011-02-08,14.75,0.7841331586897611,0.7841331586897611
2011-02-09,16.0,1.000504140062374,1.000504140062374
2011-02-10,11.0,0.1350202145719224,0.1350202145719224
2011-02-11,12.25,0.3513911959445353,0.3513911959445353
2011-02-14,7.5,-0.4708185332713937,-0.4708185332713937
2011-02-15,9.0,-0.21117335562425826,-0.21117335562425826
2011-02-16,9.5,-0.12462496307521309,-0.12462496307521309
2011-02-17,11.75,0.26484280339549016,0.26484280339549016
2011-02-18,8.0,-0.38427014072234855,-0.38427014072234855
2011-02-22,18.5,1.4332461028075998,1.4332461028075998
2011-02-23,8.5,-0.29772174817330344,-0.29772174817330344
2011-02-24,9.25,-0.16789915934973568,-0.16789915934973568
2011-02-25,7.5,-0.4708185332713937,-0.4708185332713937
2011-02-28,5.25,-0.8602862997420969,-0.8602862997420969
2011-03-01,12.5,0.3946653922190579,0.3946653922190579
2011-03-02,12.25,0.3513911959445353,0.3513911959445353
2011-03-03,14.0,0.6543105698661934,0.6543105698661934
2011-03-04,17.5,1.2601493177095096,1.2601493177095096
2011-03-07,10.5,0.048471822022877226,0.048471822022877226
2011-03-08,7.5,-0.4708185332713937,-0.4708185332713937
2011-03-09,12.75,0.43793958849358045,0.43793958849358045
2011-03-10,14.0,0.6543105698661934,0.6543105698661934
2011-03-11,10.0,-0.03807657052616793,-0.03807657052616793
2011-03-14,12.25,0.3513911959445353,0.3513911959445353
2011-03-15,18.75,1.4765202990821225,1.4765202990821225
2011-03-16,25.5,2.644923598494232,2.644923598494232
2011-03-17,17.5,1.2601493177095096,1.2601493177095096
2011-03-18,10.25,0.005197625748354648,0.005197625748354648
2011-03-21,15.0,0.8274073549642836,0.8274073549642836
2011-03-22,7.5,-0.4708185332713937,-0.4708185332713937
2011-03-23,9.25,-0.16789915934973568,-0.16789915934973568
2011-03-24,13.0,0.481213784768103,0.481213784768103
2011-03-25,11.0,0.1350202145719224,0.1350202145719224
2011-03-28,7.0,-0.5573669258204389,-0.5573669258204389
2011-03-29,10.25,0.005197625748354648,0.005197625748354648
2011-03-30,10.25,0.005197625748354648,0.005197625748354648
2011-03-31,11.25,0.17829441084644496,0.17829441084644496
2011-04-01,12.0,0.3081169996700127,0.3081169996700127
2011-04-04,9.25,-0.16789915934973568,-0.16789915934973568
2011-04-05,12.0,0.3081169996700127,0.3081169996700127
2011-04-06,9.0,-0.21117335562425826,-0.21117335562425826
2011-04-07,9.25,-0.16789915934973568,-0.16789915934973568
2011-04-08,9.0,-0.21117335562425826,-0.21117335562425826
2011-04-11,8.0,-0.38427014072234855,-0.38427014072234855
2011-04-12,16.75,1.1303267288859418,1.1303267288859418
2011-04-13,10.75,0.09174601829739981,0.09174601829739981
2011-04-14,11.25,0.17829441084644496,0.17829441084644496
2011-04-15,14.0,0.6543105698661934,0.6543105698661934
2011-04-18,11.75,0.26484280339549016,0.26484280339549016
2011-04-19,8.0,-0.38427014072234855,-0.38427014072234855
2011-04-20,6.25,-0.6871895146440067,-0.6871895146440067
2011-04-21,7.75,-0.42754433699687117,-0.42754433699687117
2011-04-25,6.75,-0.6006411220949615,-0.6006411220949615
2011-04-26,9.0,-0.21117335562425826,-0.21117335562425826
2011-04-27,9.5,-0.12462496307521309,-0.12462496307521309
2011-04-28,10.5,0.048471822022877226,0.048471822022877226
2011-04-29,7.0,-0.5573669258204389,-0.5573669258204389
2011-05-02,9.0,-0.21117335562425826,-0.21117335562425826
2011-05-03,5.0,-0.9035604960166196,-0.9035604960166196
2011-05-04,8.25,-0.340995944447826,-0.340995944447826
2011-05-05,10.5,0.048471822022877226,0.048471822022877226
2011-05-06,15.0,0.8274073549642836,0.8274073549642836
2011-05-09,8.25,-0.340995944447826,-0.340995944447826
2011-05-10,8.25,-0.340995944447826,-0.340995944447826
2011-05-11,12.0,0.3081169996700127,0.3081169996700127
2011-05-12,10.5,0.048471822022877226,0.048471822022877226
2011-05-13,14.5,0.7408589624152385,0.7408589624152385
2011-05-16,6.5,-0.643915318369484,-0.643915318369484
2011-05-17,9.75,-0.08135076680069052,-0.08135076680069052
2011-05-18,12.5,0.3946653922190579,0.3946653922190579
2011-05-19,11.0,0.1350202145719224,0.1350202145719224
2011-05-20,6.0,-0.7304637109185292,-0.7304637109185292
2011-05-23,8.5,-0.29772174817330344,-0.29772174817330344
2011-05-24,7.0,-0.5573669258204389,-0.5573669258204389
2011-05-25,5.0,-0.9035604960166196,-0.9035604960166196
2011-05-26,15.0,0.8274073549642836,0.8274073549642836
2011-05-27,7.25,-0.5140927295459163,-0.5140927295459163
2011-05-31,9.0,-0.21117335562425826,-0.21117335562425826
2011-06-01,17.75,1.303423513984032,1.303423513984032
2011-06-02,9.75,-0.08135076680069052,-0.08135076680069052
2011-06-03,13.0,0.481213784768103,0.481213784768103
2011-06-06,7.5,-0.4708185332713937,-0.4708185332713937
2011-06-07,9.5,-0.12462496307521309,-0.12462496307521309
2011-06-08,10.75,0.09174601829739981,0.09174601829739981
2011-06-09,13.75,0.6110363735916707,0.6110363735916707
2011-06-10,8.5,-0.29772174817330344,-0.29772174817330344
2011-06-13,8.5,-0.29772174817330344,-0.29772174817330344
2011-06-14,15.0,0.8274073549642836,0.8274073549642836
2011-06-15,19.0,1.519794495356645,1.519794495356645
2011-06-16,13.0,0.481213784768103,0.481213784768103
2011-06-17,7.75,-0.42754433699687117,-0.42754433699687117
2011-06-20,9.25,-0.16789915934973568,-0.16789915934973568
2011-06-21,5.25,-0.8602862997420969,-0.8602862997420969
2011-06-22,10.0,-0.03807657052616793,-0.03807657052616793
2011-06-23,13.5,0.5677621773171482,0.5677621773171482
2011-06-24,14.0,0.6543105698661934,0.6543105698661934
2011-06-27,10.75,0.09174601829739981,0.09174601829739981
2011-06-28,21.75,1.9958106543763934,1.9958106543763934
2011-06-29,15.25,0.8706815512388063,0.8706815512388063
2011-06-30,19.25,1.5630686916311676,1.5630686916311676
2011-07-01,12.5,0.3946653922190579,0.3946653922190579
2011-07-05,13.0,0.481213784768103,0.481213784768103
2011-07-06,12.5,0.3946653922190579,0.3946653922190579
2011-07-07,10.5,0.048471822022877226,0.048471822022877226
2011-07-08,27.5,2.9911171686904128,2.9911171686904128
2011-07-11,15.5,0.9139557475133289,0.9139557475133289
2011-07-12,16.25,1.0437783363368967,1.0437783363368967
2011-07-13,11.5,0.22156860712096754,0.22156860712096754
2011-07-14,9.75,-0.08135076680069052,-0.08135076680069052
2011-07-15,10.75,0.09174601829739981,0.09174601829739981
2011-07-18,7.25,-0.5140927295459163,-0.5140927295459163
2011-07-19,10.5,0.048471822022877226,0.048471822022877226
2011-07-20,7.5,-0.4708185332713937,-0.4708185332713937
2011-07-21,16.75,1.1303267288859418,1.1303267288859418
2011-07-22,7.25,-0.5140927295459163,-0.5140927295459163
2011-07-25,12.25,0.3513911959445353,0.3513911959445353
2011-07-26,13.75,0.6110363735916707,0.6110363735916707
2011-07-27,10.25,0.005197625748354648,0.005197625748354648
2011-07-28,8.25,-0.340995944447826,-0.340995944447826
2011-07-29,25.0,2.558375205945187,2.558375205945187
2011-08-01,18.0,1.3466977102585547,1.3466977102585547
2011-08-02,17.75,1.303423513984032,1.303423513984032
2011-08-03,9.75,-0.08135076680069052,-0.08135076680069052
2011-08-04,28.0,3.077665561239458,3.077665561239458
2011-08-05,31.5,3.683504309082774,3.683504309082774
2011-08-08,29.75,3.3805849351611164,3.3805849351611164
2011-08-09,51.25,7.102165814770058,7.102165814770058
2011-08-10,25.0,2.558375205945187,2.558375205945187
2011-08-11,21.75,1.9958106543763934,1.9958106543763934
2011-08-12,14.25,0.697584766140716,0.697584766140716
2011-08-15,10.25,0.005197625748354648,0.005197625748354648
2011-08-16,14.25,0.697584766140716,0.697584766140716
2011-08-17,10.25,0.005197625748354648,0.005197625748354648
2011-08-18,22.5,2.125633243199961,2.125633243199961
2011-08-19,14.0,0.6543105698661934,0.6543105698661934
2011-08-22,11.75,0.26484280339549016,0.26484280339549016
2011-08-23,12.5,0.3946653922190579,0.3946653922190579
2011-08-24,20.0,1.6928912804547354,1.6928912804547354
2011-08-25,13.5,0.5677621773171482,0.5677621773171482
2011-08-26,16.5,1.087052532611419,1.087052532611419
2011-08-29,13.75,0.6110363735916707,0.6110363735916707
2011-08-30,13.25,0.5244879810426256,0.5244879810426256
2011-08-31,12.75,0.43793958849358045,0.43793958849358045
2011-09-01,17.0,1.1736009251604642,1.1736009251604642
2011-09-02,15.75,0.9572299437878514,0.9572299437878514
2011-09-06,12.5,0.3946653922190579,0.3946653922190579
2011-09-07,7.75,-0.42754433699687117,-0.42754433699687117
2011-09-08,6.75,-0.6006411220949615,-0.6006411220949615
2011-09-09,14.75,0.7841331586897611,0.7841331586897611
2011-09-12,11.25,0.17829441084644496,0.17829441084644496
2011-09-13,10.0,-0.03807657052616793,-0.03807657052616793
2011-09-14,8.25,-0.340995944447826,-0.340995944447826
2011-09-15,17.5,1.2601493177095096,1.2601493177095096
2011-09-16,8.0,-0.38427014072234855,-0.38427014072234855
2011-09-19,11.75,0.26484280339549016,0.26484280339549016
2011-09-20,6.25,-0.6871895146440067,-0.6871895146440067
2011-09-21,7.75,-0.42754433699687117,-0.42754433699687117
2011-09-22,17.0,1.1736009251604642,1.1736009251604642
2011-09-23,19.0,1.519794495356645,1.519794495356645
2011-09-26,13.25,0.5244879810426256,0.5244879810426256
2011-09-27,15.25,0.8706815512388063,0.8706815512388063
2011-09-28,14.25,0.697584766140716,0.697584766140716
2011-09-29,9.5,-0.12462496307521309,-0.12462496307521309
2011-09-30,13.25,0.5244879810426256,0.5244879810426256
2011-10-03,17.25,1.2168751214349869,1.2168751214349869
2011-10-04,13.75,0.6110363735916707,0.6110363735916707
2011-10-05,11.5,0.22156860712096754,0.22156860712096754
2011-10-06,14.5,0.7408589624152385,0.7408589624152385
2011-10-07,19.0,1.519794495356645,1.519794495356645
2011-10-10,21.5,1.9525364581018707,1.9525364581018707
2011-10-11,10.25,0.005197625748354648,0.005197625748354648
2011-10-12,15.5,0.9139557475133289,0.9139557475133289
2011-10-13,14.25,0.697584766140716,0.697584766140716
2011-10-14,13.0,0.481213784768103,0.481213784768103
2011-10-17,17.5,1.2601493177095096,1.2601493177095096
2011-10-18,14.75,0.7841331586897611,0.7841331586897611
2011-10-19,12.0,0.3081169996700127,0.3081169996700127
2011-10-20,12.75,0.43793958849358045,0.43793958849358045
2011-10-21,9.75,-0.08135076680069052,-0.08135076680069052
2011-10-24,9.5,-0.12462496307521309,-0.12462496307521309
2011-10-25,20.25,1.7361654767292578,1.7361654767292578
2011-10-26,13.0,0.481213784768103,0.481213784768103
2011-10-27,24.75,2.5151010096706643,2.5151010096706643
2011-10-28,16.0,1.000504140062374,1.000504140062374
2011-10-31,25.25,2.6016494022197096,2.6016494022197096
2011-11-01,21.25,1.9092622618273483,1.9092622618273483
2011-11-02,12.75,0.43793958849358045,0.43793958849358045
2011-11-03,17.5,1.2601493177095096,1.2601493177095096
2011-11-04,13.5,0.5677621773171482,0.5677621773171482
2011-11-07,13.25,0.5244879810426256,0.5244879810426256
2011-11-08,11.5,0.22156860712096754,0.22156860712096754
2011-11-09,17.75,1.303423513984032,1.303423513984032
2011-11-10,16.0,1.000504140062374,1.000504140062374
2011-11-11,11.0,0.1350202145719224,0.1350202145719224
2011-11-14,15.75,0.9572299437878514,0.9572299437878514
2011-11-15,10.0,-0.03807657052616793,-0.03807657052616793
2011-11-16,8.0,-0.38427014072234855,-0.38427014072234855
2011-11-17,11.25,0.17829441084644496,0.17829441084644496
2011-11-18,12.75,0.43793958849358045,0.43793958849358045
2011-11-21,6.5,-0.643915318369484,-0.643915318369484
2011-11-22,8.75,-0.2544475518987808,-0.2544475518987808
2011-11-23,12.25,0.3513911959445353,0.3513911959445353
2011-11-25,11.5,0.22156860712096754,0.22156860712096754
2011-11-28,15.75,0.9572299437878514,0.9572299437878514
2011-11-29,10.25,0.005197625748354648,0.005197625748354648
2011-11-30,16.25,1.0437783363368967,1.0437783363368967
2011-12-01,10.25,0.005197625748354648,0.005197625748354648
2011-12-02,18.0,1.3466977102585547,1.3466977102585547
2011-12-05,9.5,-0.12462496307521309,-0.12462496307521309
2011-12-06,7.0,-0.5573669258204389,-0.5573669258204389
2011-12-07,13.5,0.5677621773171482,0.5677621773171482
2011-12-08,15.75,0.9572299437878514,0.9572299437878514
2011-12-09,11.5,0.22156860712096754,0.22156860712096754
2011-12-12,10.0,-0.03807657052616793,-0.03807657052616793
2011-12-13,11.0,0.1350202145719224,0.1350202145719224
2011-12-14,8.75,-0.2544475518987808,-0.2544475518987808
2011-12-15,7.5,-0.4708185332713937,-0.4708185332713937
2011-12-16,12.0,0.3081169996700127,0.3081169996700127
2011-12-19,7.0,-0.5573669258204389,-0.5573669258204389
2011-12-20,9.0,-0.21117335562425826,-0.21117335562425826
2011-12-21,9.5,-0.12462496307521309,-0.12462496307521309
2011-12-22,6.25,-0.6871895146440067,-0.6871895146440067
2011-12-23,11.0,0.1350202145719224,0.1350202145719224
2011-12-27,5.0,-0.9035604960166196,-0.9035604960166196
2011-12-28,12.5,0.3946653922190579,0.3946653922190579
2011-12-29,8.0,-0.38427014072234855,-0.38427014072234855
2011-12-30,10.25,0.005197625748354648,0.005197625748354648
2012-01-03,6.25,-0.6871895146440067,-0.6871895146440067
2012-01-04,7.75,-0.42754433699687117,-0.42754433699687117
2012-01-05,10.75,0.09174601829739981,0.09174601829739981
2012-01-06,12.75,0.43793958849358045,0.43793958849358045
2012-01-09,8.75,-0.2544475518987808,-0.2544475518987808
2012-01-10,7.0,-0.5573669258204389,-0.5573669258204389
2012-01-11,10.0,-0.03807657052616793,-0.03807657052616793
2012-01-12,6.5,-0.643915318369484,-0.643915318369484
2012-01-13,13.5,0.5677621773171482,0.5677621773171482
2012-01-17,8.75,-0.2544475518987808,-0.2544475518987808
2012-01-18,8.0,-0.38427014072234855,-0.38427014072234855
2012-01-19,14.0,0.6543105698661934,0.6543105698661934
2012-01-20,9.75,-0.08135076680069052,-0.08135076680069052
2012-01-23,12.0,0.3081169996700127,0.3081169996700127
2012-01-24,5.75,-0.7737379071930518,-0.7737379071930518
2012-01-25,22.75,2.168907439474484,2.168907439474484
2012-01-26,11.25,0.17829441084644496,0.17829441084644496
2012-01-27,10.0,-0.03807657052616793,-0.03807657052616793
2012-01-30,8.25,-0.340995944447826,-0.340995944447826
2012-01-31,10.5,0.048471822022877226,0.048471822022877226
2012-02-01,5.75,-0.7737379071930518,-0.7737379071930518
2012-02-02,6.0,-0.7304637109185292,-0.7304637109185292
2012-02-03,16.5,1.087052532611419,1.087052532611419
2012-02-06,7.25,-0.5140927295459163,-0.5140927295459163
2012-02-07,11.75,0.26484280339549016,0.26484280339549016
2012-02-08,5.5,-0.8170121034675744,-0.8170121034675744
2012-02-09,10.25,0.005197625748354648,0.005197625748354648
2012-02-10,10.5,0.048471822022877226,0.048471822022877226
2012-02-13,8.25,-0.340995944447826,-0.340995944447826
2012-02-14,7.75,-0.42754433699687117,-0.42754433699687117
2012-02-15,9.0,-0.21117335562425826,-0.21117335562425826
2012-02-16,14.5,0.7408589624152385,0.7408589624152385
2012-02-17,7.75,-0.42754433699687117,-0.42754433699687117
2012-02-21,7.5,-0.4708185332713937,-0.4708185332713937
2012-02-22,11.5,0.22156860712096754,0.22156860712096754
2012-02-23,9.25,-0.16789915934973568,-0.16789915934973568
2012-02-24,4.5,-0.9901088885656647,-0.9901088885656647
2012-02-27,9.0,-0.21117335562425826,-0.21117335562425826
2012-02-28,6.5,-0.643915318369484,-0.643915318369484
2012-02-29,11.75,0.26484280339549016,0.26484280339549016
2012-03-01,10.5,0.048471822022877226,0.048471822022877226
2012-03-02,10.5,0.048471822022877226,0.048471822022877226
2012-03-05,6.75,-0.6006411220949615,-0.6006411220949615
2012-03-06,10.25,0.005197625748354648,0.005197625748354648
2012-03-07,4.25,-1.0333830848401873,-1.0333830848401873
2012-03-08,6.25,-0.6871895146440067,-0.6871895146440067
2012-03-09,11.75,0.26484280339549016,0.26484280339549016
2012-03-12,6.0,-0.7304637109185292,-0.7304637109185292
2012-03-13,12.0,0.3081169996700127,0.3081169996700127
2012-03-14,20.0,1.6928912804547354,1.6928912804547354
2012-03-15,12.0,0.3081169996700127,0.3081169996700127
2012-03-16,11.25,0.17829441084644496,0.17829441084644496
2012-03-19,14.75,0.7841331586897611,0.7841331586897611
2012-03-20,8.0,-0.38427014072234855,-0.38427014072234855
2012-03-21,6.25,-0.6871895146440067,-0.6871895146440067
2012-03-22,9.0,-0.21117335562425826,-0.21117335562425826
2012-03-23,11.75,0.26484280339549016,0.26484280339549016
2012-03-26,9.0,-0.21117335562425826,-0.21117335562425826
2012-03-27,12.25,0.3513911959445353,0.3513911959445353
2012-03-28,8.0,-0.38427014072234855,-0.38427014072234855
2012-03-29,8.75,-0.2544475518987808,-0.2544475518987808
2012-03-30,12.75,0.43793958849358045,0.43793958849358045
2012-04-02,12.25,0.3513911959445353,0.3513911959445353
2012-04-03,20.0,1.6928912804547354,1.6928912804547354
2012-04-04,12.5,0.3946653922190579,0.3946653922190579
2012-04-05,14.25,0.697584766140716,0.697584766140716
2012-04-09,6.75,-0.6006411220949615,-0.6006411220949615
2012-04-10,13.0,0.481213784768103,0.481213784768103
2012-04-11,7.25,-0.5140927295459163,-0.5140927295459163
2012-04-12,7.5,-0.4708185332713937,-0.4708185332713937
2012-04-13,9.0,-0.21117335562425826,-0.21117335562425826
2012-04-16,7.0,-0.5573669258204389,-0.5573669258204389
2012-04-17,7.5,-0.4708185332713937,-0.4708185332713937
2012-04-18,6.25,-0.6871895146440067,-0.6871895146440067
2012-04-19,6.25,-0.6871895146440067,-0.6871895146440067
2012-04-20,5.25,-0.8602862997420969,-0.8602862997420969
2012-04-23,7.0,-0.5573669258204389,-0.5573669258204389
2012-04-24,7.25,-0.5140927295459163,-0.5140927295459163
2012-04-25,9.5,-0.12462496307521309,-0.12462496307521309
2012-04-26,8.5,-0.29772174817330344,-0.29772174817330344
2012-04-27,9.5,-0.12462496307521309,-0.12462496307521309
2012-04-30,6.0,-0.7304637109185292,-0.7304637109185292
2012-05-01,7.75,-0.42754433699687117,-0.42754433699687117
2012-05-02,8.75,-0.2544475518987808,-0.2544475518987808
2012-05-03,6.0,-0.7304637109185292,-0.7304637109185292
2012-05-04,11.5,0.22156860712096754,0.22156860712096754
2012-05-07,7.25,-0.5140927295459163,-0.5140927295459163
2012-05-08,8.5,-0.29772174817330344,-0.29772174817330344
2012-05-09,7.0,-0.5573669258204389,-0.5573669258204389
2012-05-10,7.75,-0.42754433699687117,-0.42754433699687117
2012-05-11,4.25,-1.0333830848401873,-1.0333830848401873
2012-05-14,8.25,-0.340995944447826,-0.340995944447826
2012-05-15,6.5,-0.643915318369484,-0.643915318369484
2012-05-16,9.25,-0.16789915934973568,-0.16789915934973568
2012-05-17,10.5,0.048471822022877226,0.048471822022877226
2012-05-18,5.75,-0.7737379071930518,-0.7737379071930518
2012-05-21,6.25,-0.6871895146440067,-0.6871895146440067
2012-05-22,7.25,-0.5140927295459163,-0.5140927295459163
2012-05-23,8.0,-0.38427014072234855,-0.38427014072234855
2012-05-24,8.75,-0.2544475518987808,-0.2544475518987808
2012-05-25,8.25,-0.340995944447826,-0.340995944447826
2012-05-29,9.25,-0.16789915934973568,-0.16789915934973568
2012-05-30,18.0,1.3466977102585547,1.3466977102585547
2012-05-31,13.25,0.5244879810426256,0.5244879810426256
2012-06-01,15.5,0.9139557475133289,0.9139557475133289
2012-06-04,13.75,0.6110363735916707,0.6110363735916707
2012-06-05,8.5,-0.29772174817330344,-0.29772174817330344
2012-06-06,13.0,0.481213784768103,0.481213784768103
2012-06-07,6.0,-0.7304637109185292,-0.7304637109185292
2012-06-08,11.25,0.17829441084644496,0.17829441084644496
2012-06-11,21.5,1.9525364581018707,1.9525364581018707
2012-06-12,11.0,0.1350202145719224,0.1350202145719224
2012-06-13,12.25,0.3513911959445353,0.3513911959445353
2012-06-14,8.5,-0.29772174817330344,-0.29772174817330344
2012-06-15,6.75,-0.6006411220949615,-0.6006411220949615
2012-06-18,10.5,0.048471822022877226,0.048471822022877226
2012-06-19,7.5,-0.4708185332713937,-0.4708185332713937
2012-06-20,8.0,-0.38427014072234855,-0.38427014072234855
2012-06-21,8.5,-0.29772174817330344,-0.29772174817330344
2012-06-22,8.5,-0.29772174817330344,-0.29772174817330344
2012-06-25,9.5,-0.12462496307521309,-0.12462496307521309
2012-06-26,7.0,-0.5573669258204389,-0.5573669258204389
2012-06-27,5.0,-0.9035604960166196,-0.9035604960166196
2012-06-28,10.0,-0.03807657052616793,-0.03807657052616793
2012-06-29,14.5,0.7408589624152385,0.7408589624152385
2012-07-02,15.0,0.8274073549642836,0.8274073549642836
2012-07-03,7.25,-0.5140927295459163,-0.5140927295459163
2012-07-05,8.0,-0.38427014072234855,-0.38427014072234855
2012-07-06,8.25,-0.340995944447826,-0.340995944447826
2012-07-09,4.75,-0.9468346922911421,-0.9468346922911421
2012-07-10,4.75,-0.9468346922911421,-0.9468346922911421
2012-07-11,8.0,-0.38427014072234855,-0.38427014072234855
2012-07-12,5.75,-0.7737379071930518,-0.7737379071930518
2012-07-13,6.5,-0.643915318369484,-0.643915318369484
2012-07-16,7.5,-0.4708185332713937,-0.4708185332713937
2012-07-17,6.0,-0.7304637109185292,-0.7304637109185292
2012-07-18,5.75,-0.7737379071930518,-0.7737379071930518
2012-07-19,4.75,-0.9468346922911421,-0.9468346922911421
2012-07-20,8.0,-0.38427014072234855,-0.38427014072234855
2012-07-23,7.0,-0.5573669258204389,-0.5573669258204389
2012-07-24,9.0,-0.21117335562425826,-0.21117335562425826
2012-07-25,8.0,-0.38427014072234855,-0.38427014072234855
2012-07-26,7.0,-0.5573669258204389,-0.5573669258204389
2012-07-27,18.25,1.3899719065330771,1.3899719065330771
2012-07-30,9.75,-0.08135076680069052,-0.08135076680069052
2012-07-31,7.5,-0.4708185332713937,-0.4708185332713937
2012-08-01,11.25,0.17829441084644496,0.17829441084644496
2012-08-02,16.0,1.000504140062374,1.000504140062374
2012-08-03,15.0,0.8274073549642836,0.8274073549642836
2012-08-06,7.25,-0.5140927295459163,-0.5140927295459163
2012-08-07,11.0,0.1350202145719224,0.1350202145719224
2012-08-08,7.5,-0.4708185332713937,-0.4708185332713937
2012-08-09,6.5,-0.643915318369484,-0.643915318369484
2012-08-10,7.75,-0.42754433699687117,-0.42754433699687117
2012-08-13,5.75,-0.7737379071930518,-0.7737379071930518
2012-08-14,9.5,-0.12462496307521309,-0.12462496307521309
2012-08-15,11.5,0.22156860712096754,0.22156860712096754
2012-08-16,8.75,-0.2544475518987808,-0.2544475518987808
2012-08-17,5.75,-0.7737379071930518,-0.7737379071930518
2012-08-20,8.25,-0.340995944447826,-0.340995944447826
2012-08-21,8.0,-0.38427014072234855,-0.38427014072234855
2012-08-22,14.75,0.7841331586897611,0.7841331586897611
2012-08-23,7.75,-0.42754433699687117,-0.42754433699687117
2012-08-24,7.5,-0.4708185332713937,-0.4708185332713937
2012-08-27,6.75,-0.6006411220949615,-0.6006411220949615
2012-08-28,6.0,-0.7304637109185292,-0.7304637109185292
2012-08-29,6.0,-0.7304637109185292,-0.7304637109185292
2012-08-30,7.5,-0.4708185332713937,-0.4708185332713937
2012-08-31,15.5,0.9139557475133289,0.9139557475133289
2012-09-04,7.25,-0.5140927295459163,-0.5140927295459163
2012-09-05,6.0,-0.7304637109185292,-0.7304637109185292
2012-09-06,11.0,0.1350202145719224,0.1350202145719224
2012-09-07,19.5,1.60634288790569,1.60634288790569
2012-09-10,5.75,-0.7737379071930518,-0.7737379071930518
2012-09-11,6.5,-0.643915318369484,-0.643915318369484
2012-09-12,7.75,-0.42754433699687117,-0.42754433699687117
2012-09-13,16.0,1.000504140062374,1.000504140062374
2012-09-14,18.25,1.3899719065330771,1.3899719065330771
2012-09-17,6.5,-0.643915318369484,-0.643915318369484
2012-09-18,5.5,-0.8170121034675744,-0.8170121034675744
2012-09-19,7.75,-0.42754433699687117,-0.42754433699687117
2012-09-20,8.5,-0.29772174817330344,-0.29772174817330344
2012-09-21,8.25,-0.340995944447826,-0.340995944447826
2012-09-24,6.5,-0.643915318369484,-0.643915318369484
2012-09-25,8.25,-0.340995944447826,-0.340995944447826
2012-09-26,8.5,-0.29772174817330344,-0.29772174817330344
2012-09-27,4.75,-0.9468346922911421,-0.9468346922911421
2012-09-28,7.75,-0.42754433699687117,-0.42754433699687117
2012-10-01,5.0,-0.9035604960166196,-0.9035604960166196
2012-10-02,4.75,-0.9468346922911421,-0.9468346922911421
2012-10-03,4.5,-0.9901088885656647,-0.9901088885656647
2012-10-04,7.25,-0.5140927295459163,-0.5140927295459163
2012-10-05,10.0,-0.03807657052616793,-0.03807657052616793
2012-10-08,6.25,-0.6871895146440067,-0.6871895146440067
2012-10-09,6.5,-0.643915318369484,-0.643915318369484
2012-10-10,8.75,-0.2544475518987808,-0.2544475518987808
2012-10-11,9.0,-0.21117335562425826,-0.21117335562425826
2012-10-12,7.0,-0.5573669258204389,-0.5573669258204389
2012-10-15,5.25,-0.8602862997420969,-0.8602862997420969
2012-10-16,8.75,-0.2544475518987808,-0.2544475518987808
2012-10-17,13.25,0.5244879810426256,0.5244879810426256
2012-10-18,6.25,-0.6871895146440067,-0.6871895146440067
2012-10-19,9.0,-0.21117335562425826,-0.21117335562425826
2012-10-22,8.0,-0.38427014072234855,-0.38427014072234855
2012-10-23,8.5,-0.29772174817330344,-0.29772174817330344
2012-10-24,5.5,-0.8170121034675744,-0.8170121034675744
2012-10-25,9.75,-0.08135076680069052,-0.08135076680069052
2012-10-26,13.25,0.5244879810426256,0.5244879810426256
2012-10-31,10.75,0.09174601829739981,0.09174601829739981
2012-11-01,5.0,-0.9035604960166196,-0.9035604960166196
2012-11-02,9.25,-0.16789915934973568,-0.16789915934973568
2012-11-05,7.25,-0.5140927295459163,-0.5140927295459163
2012-11-06,8.75,-0.2544475518987808,-0.2544475518987808
2012-11-07,17.0,1.1736009251604642,1.1736009251604642
2012-11-08,9.0,-0.21117335562425826,-0.21117335562425826
2012-11-09,8.25,-0.340995944447826,-0.340995944447826
2012-11-12,3.75,-1.1199314773892324,-1.1199314773892324
2012-11-13,5.75,-0.7737379071930518,-0.7737379071930518
2012-11-14,6.75,-0.6006411220949615,-0.6006411220949615
2012-11-15,5.5,-0.8170121034675744,-0.8170121034675744
2012-11-16,6.75,-0.6006411220949615,-0.6006411220949615
2012-11-19,5.75,-0.7737379071930518,-0.7737379071930518
2012-11-20,8.0,-0.38427014072234855,-0.38427014072234855
2012-11-21,6.5,-0.643915318369484,-0.643915318369484
2012-11-23,4.25,-1.0333830848401873,-1.0333830848401873
2012-11-26,7.25,-0.5140927295459163,-0.5140927295459163
2012-11-27,6.0,-0.7304637109185292,-0.7304637109185292
2012-11-28,5.0,-0.9035604960166196,-0.9035604960166196
2012-11-29,5.0,-0.9035604960166196,-0.9035604960166196
2012-11-30,4.5,-0.9901088885656647,-0.9901088885656647
2012-12-03,5.75,-0.7737379071930518,-0.7737379071930518
2012-12-04,4.5,-0.9901088885656647,-0.9901088885656647
2012-12-05,6.25,-0.6871895146440067,-0.6871895146440067
2012-12-06,4.0,-1.07665728111471,-1.07665728111471
2012-12-07,15.5,0.9139557475133289,0.9139557475133289
2012-12-10,4.0,-1.07665728111471,-1.07665728111471
2012-12-11,5.5,-0.8170121034675744,-0.8170121034675744
2012-12-12,7.5,-0.4708185332713937,-0.4708185332713937
2012-12-13,9.75,-0.08135076680069052,-0.08135076680069052
2012-12-14,4.25,-1.0333830848401873,-1.0333830848401873
2012-12-17,7.75,-0.42754433699687117,-0.42754433699687117
2012-12-18,8.0,-0.38427014072234855,-0.38427014072234855
2012-12-19,5.75,-0.7737379071930518,-0.7737379071930518
2012-12-20,4.25,-1.0333830848401873,-1.0333830848401873
2012-12-21,9.25,-0.16789915934973568,-0.16789915934973568
2012-12-24,3.5,-1.163205673663755,-1.163205673663755
2012-12-26,5.5,-0.8170121034675744,-0.8170121034675744
2012-12-27,11.25,0.17829441084644496,0.17829441084644496
2012-12-28,6.0,-0.7304637109185292,-0.7304637109185292
2012-12-31,12.0,0.3081169996700127,0.3081169996700127
2013-01-02,5.5,-0.8170121034675744,-0.8170121034675744
2013-01-03,12.0,0.3081169996700127,0.3081169996700127
2013-01-04,8.25,-0.340995944447826,-0.340995944447826
2013-01-07,4.25,-1.0333830848401873,-1.0333830848401873
2013-01-08,5.75,-0.7737379071930518,-0.7737379071930518
2013-01-09,7.25,-0.5140927295459163,-0.5140927295459163
2013-01-10,6.25,-0.6871895146440067,-0.6871895146440067
2013-01-11,9.0,-0.21117335562425826,-0.21117335562425826
2013-01-14,6.0,-0.7304637109185292,-0.7304637109185292
2013-01-15,6.0,-0.7304637109185292,-0.7304637109185292
2013-01-16,4.75,-0.9468346922911421,-0.9468346922911421
2013-01-17,11.75,0.26484280339549016,0.26484280339549016
2013-01-18,8.75,-0.2544475518987808,-0.2544475518987808
2013-01-22,7.5,-0.4708185332713937,-0.4708185332713937
2013-01-23,5.0,-0.9035604960166196,-0.9035604960166196
2013-01-24,9.0,-0.21117335562425826,-0.21117335562425826
2013-01-25,13.5,0.5677621773171482,0.5677621773171482
2013-01-28,9.25,-0.16789915934973568,-0.16789915934973568
2013-01-29,6.0,-0.7304637109185292,-0.7304637109185292
2013-01-30,8.0,-0.38427014072234855,-0.38427014072234855
2013-01-31,6.75,-0.6006411220949615,-0.6006411220949615
2013-02-01,14.25,0.697584766140716,0.697584766140716
2013-02-04,15.5,0.9139557475133289,0.9139557475133289
2013-02-05,8.5,-0.29772174817330344,-0.29772174817330344
2013-02-06,6.75,-0.6006411220949615,-0.6006411220949615
2013-02-07,8.75,-0.2544475518987808,-0.2544475518987808
2013-02-08,7.75,-0.42754433699687117,-0.42754433699687117
2013-02-11,4.5,-0.9901088885656647,-0.9901088885656647
2013-02-12,5.25,-0.8602862997420969,-0.8602862997420969
2013-02-13,8.25,-0.340995944447826,-0.340995944447826
2013-02-14,9.25,-0.16789915934973568,-0.16789915934973568
2013-02-15,7.5,-0.4708185332713937,-0.4708185332713937
2013-02-19,6.0,-0.7304637109185292,-0.7304637109185292
2013-02-20,6.75,-0.6006411220949615,-0.6006411220949615
2013-02-21,8.5,-0.29772174817330344,-0.29772174817330344
2013-02-22,5.5,-0.8170121034675744,-0.8170121034675744
2013-02-25,18.0,1.3466977102585547,1.3466977102585547
2013-02-26,7.5,-0.4708185332713937,-0.4708185332713937
2013-02-27,7.25,-0.5140927295459163,-0.5140927295459163
2013-02-28,4.75,-0.9468346922911421,-0.9468346922911421
2013-03-01,5.0,-0.9035604960166196,-0.9035604960166196
2013-03-04,6.0,-0.7304637109185292,-0.7304637109185292
2013-03-05,5.25,-0.8602862997420969,-0.8602862997420969
2013-03-06,6.0,-0.7304637109185292,-0.7304637109185292
2013-03-07,9.5,-0.12462496307521309,-0.12462496307521309
2013-03-08,11.25,0.17829441084644496,0.17829441084644496
2013-03-11,4.0,-1.07665728111471,-1.07665728111471
2013-03-12,7.0,-0.5573669258204389,-0.5573669258204389
2013-03-13,6.25,-0.6871895146440067,-0.6871895146440067
2013-03-14,7.0,-0.5573669258204389,-0.5573669258204389
2013-03-15,9.0,-0.21117335562425826,-0.21117335562425826
2013-03-18,8.0,-0.38427014072234855,-0.38427014072234855
2013-03-19,8.5,-0.29772174817330344,-0.29772174817330344
2013-03-20,9.0,-0.21117335562425826,-0.21117335562425826
2013-03-21,6.25,-0.6871895146440067,-0.6871895146440067
2013-03-22,6.5,-0.643915318369484,-0.643915318369484
2013-03-25,10.5,0.048471822022877226,0.048471822022877226
2013-03-26,6.75,-0.6006411220949615,-0.6006411220949615
2013-03-27,11.5,0.22156860712096754,0.22156860712096754
2013-03-28,7.25,-0.5140927295459163,-0.5140927295459163
2013-04-01,8.25,-0.340995944447826,-0.340995944447826
2013-04-02,5.5,-0.8170121034675744,-0.8170121034675744
2013-04-03,11.25,0.17829441084644496,0.17829441084644496
2013-04-04,8.75,-0.2544475518987808,-0.2544475518987808
2013-04-05,11.5,0.22156860712096754,0.22156860712096754
2013-04-08,7.0,-0.5573669258204389,-0.5573669258204389
2013-04-09,5.5,-0.8170121034675744,-0.8170121034675744
2013-04-10,8.25,-0.340995944447826,-0.340995944447826
2013-04-11,5.25,-0.8602862997420969,-0.8602862997420969
2013-04-12,8.25,-0.340995944447826,-0.340995944447826
2013-04-15,6.5,-0.643915318369484,-0.643915318369484
2013-04-16,7.5,-0.4708185332713937,-0.4708185332713937
2013-04-17,7.5,-0.4708185332713937,-0.4708185332713937
2013-04-18,4.75,-0.9468346922911421,-0.9468346922911421
2013-04-19,3.5,-1.163205673663755,-1.163205673663755
2013-04-22,7.75,-0.42754433699687117,-0.42754433699687117
2013-04-23,9.0,-0.21117335562425826,-0.21117335562425826
2013-04-24,5.25,-0.8602862997420969,-0.8602862997420969
2013-04-25,4.0,-1.07665728111471,-1.07665728111471
2013-04-26,6.75,-0.6006411220949615,-0.6006411220949615
2013-04-29,3.25,-1.2064798699382775,-1.2064798699382775
2013-04-30,6.5,-0.643915318369484,-0.643915318369484
2013-05-01,8.0,-0.38427014072234855,-0.38427014072234855
2013-05-02,5.0,-0.9035604960166196,-0.9035604960166196
2013-05-03,15.25,0.8706815512388063,0.8706815512388063
2013-05-06,4.75,-0.9468346922911421,-0.9468346922911421
2013-05-07,5.75,-0.7737379071930518,-0.7737379071930518
2013-05-08,5.5,-0.8170121034675744,-0.8170121034675744
2013-05-09,4.75,-0.9468346922911421,-0.9468346922911421
2013-05-10,14.25,0.697584766140716,0.697584766140716
2013-05-13,7.0,-0.5573669258204389,-0.5573669258204389
2013-05-14,10.25,0.005197625748354648,0.005197625748354648
2013-05-15,8.5,-0.29772174817330344,-0.29772174817330344
2013-05-16,13.0,0.481213784768103,0.481213784768103
2013-05-17,12.0,0.3081169996700127,0.3081169996700127
2013-05-20,7.5,-0.4708185332713937,-0.4708185332713937
2013-05-21,9.25,-0.16789915934973568,-0.16789915934973568
2013-05-22,20.25,1.7361654767292578,1.7361654767292578
2013-05-23,13.75,0.6110363735916707,0.6110363735916707
2013-05-24,7.25,-0.5140927295459163,-0.5140927295459163
2013-05-28,21.0,1.8659880655528256,1.8659880655528256
2013-05-29,15.5,0.9139557475133289,0.9139557475133289
2013-05-30,8.75,-0.2544475518987808,-0.2544475518987808
2013-05-31,18.0,1.3466977102585547,1.3466977102585547
2013-06-03,16.0,1.000504140062374,1.000504140062374
2013-06-04,6.75,-0.6006411220949615,-0.6006411220949615
2013-06-05,11.0,0.1350202145719224,0.1350202145719224
2013-06-06,17.5,1.2601493177095096,1.2601493177095096
2013-06-07,19.0,1.519794495356645,1.519794495356645
2013-06-10,9.25,-0.16789915934973568,-0.16789915934973568
2013-06-11,13.75,0.6110363735916707,0.6110363735916707
2013-06-12,7.75,-0.42754433699687117,-0.42754433699687117
2013-06-13,13.25,0.5244879810426256,0.5244879810426256
2013-06-14,7.0,-0.5573669258204389,-0.5573669258204389
2013-06-17,8.0,-0.38427014072234855,-0.38427014072234855
2013-06-18,4.75,-0.9468346922911421,-0.9468346922911421
2013-06-19,8.25,-0.340995944447826,-0.340995944447826
2013-06-20,15.75,0.9572299437878514,0.9572299437878514
2013-06-21,21.75,1.9958106543763934,1.9958106543763934
2013-06-24,19.75,1.6496170841802127,1.6496170841802127
2013-06-25,16.5,1.087052532611419,1.087052532611419
2013-06-26,17.75,1.303423513984032,1.303423513984032
2013-06-27,11.5,0.22156860712096754,0.22156860712096754
2013-06-28,15.0,0.8274073549642836,0.8274073549642836
2013-07-01,11.5,0.22156860712096754,0.22156860712096754
2013-07-02,6.25,-0.6871895146440067,-0.6871895146440067
2013-07-03,14.25,0.697584766140716,0.697584766140716
2013-07-05,34.0,4.116246271828,4.116246271828
2013-07-08,15.75,0.9572299437878514,0.9572299437878514
2013-07-09,7.75,-0.42754433699687117,-0.42754433699687117
2013-07-10,9.0,-0.21117335562425826,-0.21117335562425826
2013-07-11,10.5,0.048471822022877226,0.048471822022877226
2013-07-12,11.75,0.26484280339549016,0.26484280339549016
2013-07-15,12.75,0.43793958849358045,0.43793958849358045
2013-07-16,6.25,-0.6871895146440067,-0.6871895146440067
2013-07-17,15.5,0.9139557475133289,0.9139557475133289
2013-07-18,10.75,0.09174601829739981,0.09174601829739981
2013-07-19,7.25,-0.5140927295459163,-0.5140927295459163
2013-07-22,4.0,-1.07665728111471,-1.07665728111471
2013-07-23,7.0,-0.5573669258204389,-0.5573669258204389
2013-07-24,15.0,0.8274073549642836,0.8274073549642836
2013-07-25,9.25,-0.16789915934973568,-0.16789915934973568
2013-07-26,5.75,-0.7737379071930518,-0.7737379071930518
2013-07-29,7.0,-0.5573669258204389,-0.5573669258204389
2013-07-30,4.75,-0.9468346922911421,-0.9468346922911421
2013-07-31,17.5,1.2601493177095096,1.2601493177095096
2013-08-01,19.0,1.519794495356645,1.519794495356645
2013-08-02,23.5,2.2987300282980514,2.2987300282980514
2013-08-05,7.5,-0.4708185332713937,-0.4708185332713937
2013-08-06,4.75,-0.9468346922911421,-0.9468346922911421
2013-08-07,6.75,-0.6006411220949615,-0.6006411220949615
2013-08-08,5.25,-0.8602862997420969,-0.8602862997420969
2013-08-09,3.75,-1.1199314773892324,-1.1199314773892324
2013-08-12,8.0,-0.38427014072234855,-0.38427014072234855
2013-08-13,15.0,0.8274073549642836,0.8274073549642836
2013-08-14,5.5,-0.8170121034675744,-0.8170121034675744
2013-08-15,17.0,1.1736009251604642,1.1736009251604642
2013-08-16,13.0,0.481213784768103,0.481213784768103
2013-08-19,8.5,-0.29772174817330344,-0.29772174817330344
2013-08-20,10.0,-0.03807657052616793,-0.03807657052616793
2013-08-21,13.5,0.5677621773171482,0.5677621773171482
2013-08-22,7.75,-0.42754433699687117,-0.42754433699687117
2013-08-23,16.75,1.1303267288859418,1.1303267288859418
2013-08-26,7.5,-0.4708185332713937,-0.4708185332713937
2013-08-27,13.5,0.5677621773171482,0.5677621773171482
2013-08-28,11.25,0.17829441084644496,0.17829441084644496
2013-08-29,11.5,0.22156860712096754,0.22156860712096754
2013-08-30,8.5,-0.29772174817330344,-0.29772174817330344
2013-09-03,13.75,0.6110363735916707,0.6110363735916707
2013-09-04,9.25,-0.16789915934973568,-0.16789915934973568
2013-09-05,13.0,0.481213784768103,0.481213784768103
2013-09-06,22.25,2.0823590469254385,2.0823590469254385
2013-09-09,9.25,-0.16789915934973568,-0.16789915934973568
2013-09-10,6.0,-0.7304637109185292,-0.7304637109185292
2013-09-11,9.0,-0.21117335562425826,-0.21117335562425826
2013-09-12,6.75,-0.6006411220949615,-0.6006411220949615
2013-09-13,10.5,0.048471822022877226,0.048471822022877226
2013-09-16,12.25,0.3513911959445353,0.3513911959445353
2013-09-17,5.5,-0.8170121034675744,-0.8170121034675744
2013-09-18,32.0,3.7700527016318195,3.7700527016318195
2013-09-19,13.0,0.481213784768103,0.481213784768103
2013-09-20,8.25,-0.340995944447826,-0.340995944447826
2013-09-23,8.5,-0.29772174817330344,-0.29772174817330344
2013-09-24,8.75,-0.2544475518987808,-0.2544475518987808
2013-09-25,8.25,-0.340995944447826,-0.340995944447826
2013-09-26,5.25,-0.8602862997420969,-0.8602862997420969
2013-09-27,9.25,-0.16789915934973568,-0.16789915934973568
2013-09-30,9.25,-0.16789915934973568,-0.16789915934973568
2013-10-01,7.0,-0.5573669258204389,-0.5573669258204389
2013-10-02,11.25,0.17829441084644496,0.17829441084644496
2013-10-03,11.25,0.17829441084644496,0.17829441084644496
2013-10-04,8.25,-0.340995944447826,-0.340995944447826
2013-10-07,4.75,-0.9468346922911421,-0.9468346922911421
2013-10-08,6.5,-0.643915318369484,-0.643915318369484
2013-10-09,7.25,-0.5140927295459163,-0.5140927295459163
2013-10-10,8.25,-0.340995944447826,-0.340995944447826
2013-10-11,7.5,-0.4708185332713937,-0.4708185332713937
2013-10-14,11.0,0.1350202145719224,0.1350202145719224
2013-10-15,6.75,-0.6006411220949615,-0.6006411220949615
2013-10-16,12.75,0.43793958849358045,0.43793958849358045
2013-10-17,12.25,0.3513911959445353,0.3513911959445353
2013-10-18,8.75,-0.2544475518987808,-0.2544475518987808
2013-10-21,5.25,-0.8602862997420969,-0.8602862997420969
2013-10-22,12.75,0.43793958849358045,0.43793958849358045
2013-10-23,5.25,-0.8602862997420969,-0.8602862997420969
2013-10-24,6.25,-0.6871895146440067,-0.6871895146440067
2013-10-25,5.25,-0.8602862997420969,-0.8602862997420969
2013-10-28,4.5,-0.9901088885656647,-0.9901088885656647
2013-10-29,5.0,-0.9035604960166196,-0.9035604960166196
2013-10-30,12.25,0.3513911959445353,0.3513911959445353
2013-10-31,11.0,0.1350202145719224,0.1350202145719224
2013-11-01,9.5,-0.12462496307521309,-0.12462496307521309
2013-11-04,6.25,-0.6871895146440067,-0.6871895146440067
2013-11-05,10.5,0.048471822022877226,0.048471822022877226
2013-11-06,8.5,-0.29772174817330344,-0.29772174817330344
2013-11-07,9.0,-0.21117335562425826,-0.21117335562425826
2013-11-08,28.0,3.077665561239458,3.077665561239458
2013-11-11,4.25,-1.0333830848401873,-1.0333830848401873
2013-11-12,6.0,-0.7304637109185292,-0.7304637109185292
2013-11-13,14.5,0.7408589624152385,0.7408589624152385
2013-11-14,8.75,-0.2544475518987808,-0.2544475518987808
2013-11-15,6.25,-0.6871895146440067,-0.6871895146440067
2013-11-18,8.0,-0.38427014072234855,-0.38427014072234855
2013-11-19,7.5,-0.4708185332713937,-0.4708185332713937
2013-11-20,13.75,0.6110363735916707,0.6110363735916707
2013-11-21,9.0,-0.21117335562425826,-0.21117335562425826
2013-11-22,5.75,-0.7737379071930518,-0.7737379071930518
2013-11-25,6.25,-0.6871895146440067,-0.6871895146440067
2013-11-26,6.25,-0.6871895146440067,-0.6871895146440067
2013-11-27,9.0,-0.21117335562425826,-0.21117335562425826
2013-11-29,3.75,-1.1199314773892324,-1.1199314773892324
2013-12-02,9.25,-0.16789915934973568,-0.16789915934973568
2013-12-03,6.75,-0.6006411220949615,-0.6006411220949615
2013-12-04,10.0,-0.03807657052616793,-0.03807657052616793
2013-12-05,8.5,-0.29772174817330344,-0.29772174817330344
2013-12-06,13.0,0.481213784768103,0.481213784768103
2013-12-09,5.5,-0.8170121034675744,-0.8170121034675744
2013-12-10,7.25,-0.5140927295459163,-0.5140927295459163
2013-12-11,6.25,-0.6871895146440067,-0.6871895146440067
2013-12-12,6.75,-0.6006411220949615,-0.6006411220949615
2013-12-13,3.0,-1.2497540662128002,-1.2497540662128002
2013-12-16,5.25,-0.8602862997420969,-0.8602862997420969
2013-12-17,7.0,-0.5573669258204389,-0.5573669258204389
2013-12-18,15.5,0.9139557475133289,0.9139557475133289
2013-12-19,13.25,0.5244879810426256,0.5244879810426256
2013-12-20,9.75,-0.08135076680069052,-0.08135076680069052
2013-12-23,5.5,-0.8170121034675744,-0.8170121034675744
2013-12-24,8.75,-0.2544475518987808,-0.2544475518987808
2013-12-26,3.0,-1.2497540662128002,-1.2497540662128002
2013-12-27,6.25,-0.6871895146440067,-0.6871895146440067
2013-12-30,7.0,-0.5573669258204389,-0.5573669258204389
2013-12-31,8.25,-0.340995944447826,-0.340995944447826
2014-01-02,8.0,-0.38427014072234855,-0.38427014072234855
2014-01-03,5.5,-0.8170121034675744,-0.8170121034675744
2014-01-06,10.5,0.048471822022877226,0.048471822022877226
2014-01-07,4.5,-0.9901088885656647,-0.9901088885656647
2014-01-08,9.75,-0.08135076680069052,-0.08135076680069052
2014-01-09,5.5,-0.8170121034675744,-0.8170121034675744
2014-01-10,17.5,1.2601493177095096,1.2601493177095096
2014-01-13,6.5,-0.643915318369484,-0.643915318369484
2014-01-14,7.5,-0.4708185332713937,-0.4708185332713937
2014-01-15,8.25,-0.340995944447826,-0.340995944447826
2014-01-16,8.25,-0.340995944447826,-0.340995944447826
2014-01-17,5.5,-0.8170121034675744,-0.8170121034675744
2014-01-21,9.25,-0.16789915934973568,-0.16789915934973568
2014-01-22,7.75,-0.42754433699687117,-0.42754433699687117
2014-01-23,17.0,1.1736009251604642,1.1736009251604642
2014-01-24,13.25,0.5244879810426256,0.5244879810426256
2014-01-27,7.75,-0.42754433699687117,-0.42754433699687117
2014-01-28,7.5,-0.4708185332713937,-0.4708185332713937
2014-01-29,16.25,1.0437783363368967,1.0437783363368967
2014-01-30,7.25,-0.5140927295459163,-0.5140927295459163
2014-01-31,9.0,-0.21117335562425826,-0.21117335562425826
2014-02-03,14.25,0.697584766140716,0.697584766140716
2014-02-04,6.5,-0.643915318369484,-0.643915318369484
2014-02-05,10.75,0.09174601829739981,0.09174601829739981
2014-02-06,6.75,-0.6006411220949615,-0.6006411220949615
2014-02-07,17.0,1.1736009251604642,1.1736009251604642
2014-02-10,4.5,-0.9901088885656647,-0.9901088885656647
2014-02-11,8.5,-0.29772174817330344,-0.29772174817330344
2014-02-12,8.25,-0.340995944447826,-0.340995944447826
2014-02-13,9.0,-0.21117335562425826,-0.21117335562425826
2014-02-14,6.5,-0.643915318369484,-0.643915318369484
2014-02-18,8.75,-0.2544475518987808,-0.2544475518987808
2014-02-19,10.0,-0.03807657052616793,-0.03807657052616793
2014-02-20,11.25,0.17829441084644496,0.17829441084644496
2014-02-21,6.0,-0.7304637109185292,-0.7304637109185292
2014-02-24,6.25,-0.6871895146440067,-0.6871895146440067
2014-02-25,6.25,-0.6871895146440067,-0.6871895146440067
2014-02-26,7.75,-0.42754433699687117,-0.42754433699687117
2014-02-27,5.75,-0.7737379071930518,-0.7737379071930518
2014-02-28,10.5,0.048471822022877226,0.048471822022877226
2014-03-03,7.75,-0.42754433699687117,-0.42754433699687117
2014-03-04,12.0,0.3081169996700127,0.3081169996700127
2014-03-05,6.0,-0.7304637109185292,-0.7304637109185292
2014-03-06,7.25,-0.5140927295459163,-0.5140927295459163
2014-03-07,13.0,0.481213784768103,0.481213784768103
2014-03-10,4.75,-0.9468346922911421,-0.9468346922911421
2014-03-11,4.75,-0.9468346922911421,-0.9468346922911421
2014-03-12,8.25,-0.340995944447826,-0.340995944447826
2014-03-13,14.5,0.7408589624152385,0.7408589624152385
2014-03-14,7.75,-0.42754433699687117,-0.42754433699687117
2014-03-17,5.75,-0.7737379071930518,-0.7737379071930518
2014-03-19,22.0,2.039084850650916,2.039084850650916
2014-03-20,4.25,-1.0333830848401873,-1.0333830848401873
2014-03-21,4.5,-0.9901088885656647,-0.9901088885656647
2014-03-24,7.25,-0.5140927295459163,-0.5140927295459163
2014-03-25,4.75,-0.9468346922911421,-0.9468346922911421
2014-03-26,10.25,0.005197625748354648,0.005197625748354648
2014-03-27,6.0,-0.7304637109185292,-0.7304637109185292
2014-03-28,8.0,-0.38427014072234855,-0.38427014072234855
2014-03-31,6.75,-0.6006411220949615,-0.6006411220949615
2014-04-01,4.25,-1.0333830848401873,-1.0333830848401873
2014-04-02,9.25,-0.16789915934973568,-0.16789915934973568
2014-04-03,4.25,-1.0333830848401873,-1.0333830848401873
2014-04-04,16.25,1.0437783363368967,1.0437783363368967
2014-04-07,6.0,-0.7304637109185292,-0.7304637109185292
2014-04-08,6.25,-0.6871895146440067,-0.6871895146440067
2014-04-09,8.75,-0.2544475518987808,-0.2544475518987808
2014-04-10,12.25,0.3513911959445353,0.3513911959445353
2014-04-11,7.5,-0.4708185332713937,-0.4708185332713937
2014-04-14,10.0,-0.03807657052616793,-0.03807657052616793
2014-04-15,8.25,-0.340995944447826,-0.340995944447826
2014-04-16,5.5,-0.8170121034675744,-0.8170121034675744
2014-04-17,14.75,0.7841331586897611,0.7841331586897611
2014-04-21,6.0,-0.7304637109185292,-0.7304637109185292
2014-04-22,6.25,-0.6871895146440067,-0.6871895146440067
2014-04-23,7.0,-0.5573669258204389,-0.5573669258204389
2014-04-24,7.5,-0.4708185332713937,-0.4708185332713937
2014-04-25,6.25,-0.6871895146440067,-0.6871895146440067
2014-04-28,7.25,-0.5140927295459163,-0.5140927295459163
2014-04-29,6.0,-0.7304637109185292,-0.7304637109185292
2014-04-30,10.25,0.005197625748354648,0.005197625748354648
2014-05-01,8.0,-0.38427014072234855,-0.38427014072234855
2014-05-02,18.0,1.3466977102585547,1.3466977102585547
2014-05-05,6.0,-0.7304637109185292,-0.7304637109185292
2014-05-06,4.25,-1.0333830848401873,-1.0333830848401873
2014-05-07,8.0,-0.38427014072234855,-0.38427014072234855
2014-05-08,6.25,-0.6871895146440067,-0.6871895146440067
2014-05-09,4.5,-0.9901088885656647,-0.9901088885656647
2014-05-12,5.0,-0.9035604960166196,-0.9035604960166196
2014-05-13,8.0,-0.38427014072234855,-0.38427014072234855
2014-05-14,12.5,0.3946653922190579,0.3946653922190579
2014-05-15,12.25,0.3513911959445353,0.3513911959445353
2014-05-16,5.25,-0.8602862997420969,-0.8602862997420969
2014-05-19,6.25,-0.6871895146440067,-0.6871895146440067
2014-05-20,6.75,-0.6006411220949615,-0.6006411220949615
2014-05-21,8.75,-0.2544475518987808,-0.2544475518987808
2014-05-22,5.0,-0.9035604960166196,-0.9035604960166196
2014-05-23,4.75,-0.9468346922911421,-0.9468346922911421
2014-05-27,5.0,-0.9035604960166196,-0.9035604960166196
2014-05-28,10.5,0.048471822022877226,0.048471822022877226
2014-05-29,8.75,-0.2544475518987808,-0.2544475518987808
2014-05-30,5.0,-0.9035604960166196,-0.9035604960166196
2014-06-02,9.0,-0.21117335562425826,-0.21117335562425826
2014-06-03,10.25,0.005197625748354648,0.005197625748354648
2014-06-04,6.5,-0.643915318369484,-0.643915318369484
2014-06-05,10.0,-0.03807657052616793,-0.03807657052616793
2014-06-06,9.75,-0.08135076680069052,-0.08135076680069052
2014-06-09,4.75,-0.9468346922911421,-0.9468346922911421
2014-06-10,6.0,-0.7304637109185292,-0.7304637109185292
2014-06-11,7.0,-0.5573669258204389,-0.5573669258204389
2014-06-12,10.25,0.005197625748354648,0.005197625748354648
2014-06-13,6.5,-0.643915318369484,-0.643915318369484
2014-06-16,5.25,-0.8602862997420969,-0.8602862997420969
2014-06-17,8.0,-0.38427014072234855,-0.38427014072234855
2014-06-18,10.25,0.005197625748354648,0.005197625748354648
2014-06-19,7.0,-0.5573669258204389,-0.5573669258204389
2014-06-20,6.0,-0.7304637109185292,-0.7304637109185292
2014-06-23,5.0,-0.9035604960166196,-0.9035604960166196
2014-06-24,6.75,-0.6006411220949615,-0.6006411220949615
2014-06-25,8.5,-0.29772174817330344,-0.29772174817330344
2014-06-26,7.5,-0.4708185332713937,-0.4708185332713937
2014-06-27,4.75,-0.9468346922911421,-0.9468346922911421
2014-06-30,4.5,-0.9901088885656647,-0.9901088885656647
2014-07-01,5.5,-0.8170121034675744,-0.8170121034675744
2014-07-02,9.75,-0.08135076680069052,-0.08135076680069052
2014-07-03,11.0,0.1350202145719224,0.1350202145719224
2014-07-07,5.75,-0.7737379071930518,-0.7737379071930518
2014-07-08,8.75,-0.2544475518987808,-0.2544475518987808
2014-07-09,9.25,-0.16789915934973568,-0.16789915934973568
2014-07-10,9.25,-0.16789915934973568,-0.16789915934973568
2014-07-11,5.5,-0.8170121034675744,-0.8170121034675744
2014-07-14,4.5,-0.9901088885656647,-0.9901088885656647
2014-07-15,8.0,-0.38427014072234855,-0.38427014072234855
2014-07-16,4.75,-0.9468346922911421,-0.9468346922911421
2014-07-17,11.25,0.17829441084644496,0.17829441084644496
2014-07-18,9.25,-0.16789915934973568,-0.16789915934973568
2014-07-21,5.25,-0.8602862997420969,-0.8602862997420969
2014-07-22,6.25,-0.6871895146440067,-0.6871895146440067
2014-07-23,4.0,-1.07665728111471,-1.07665728111471
2014-07-24,8.25,-0.340995944447826,-0.340995944447826
2014-07-25,6.75,-0.6006411220949615,-0.6006411220949615
2014-07-28,4.25,-1.0333830848401873,-1.0333830848401873
2014-07-29,6.5,-0.643915318369484,-0.643915318369484
2014-07-30,15.75,0.9572299437878514,0.9572299437878514
2014-07-31,8.5,-0.29772174817330344,-0.29772174817330344
2014-08-01,15.75,0.9572299437878514,0.9572299437878514
2014-08-04,6.25,-0.6871895146440067,-0.6871895146440067
2014-08-05,7.25,-0.5140927295459163,-0.5140927295459163
2014-08-06,7.25,-0.5140927295459163,-0.5140927295459163
2014-08-07,10.0,-0.03807657052616793,-0.03807657052616793
2014-08-08,11.0,0.1350202145719224,0.1350202145719224
2014-08-11,4.25,-1.0333830848401873,-1.0333830848401873
2014-08-12,3.75,-1.1199314773892324,-1.1199314773892324
2014-08-13,10.5,0.048471822022877226,0.048471822022877226
2014-08-14,6.75,-0.6006411220949615,-0.6006411220949615
2014-08-15,13.75,0.6110363735916707,0.6110363735916707
2014-08-18,6.5,-0.643915318369484,-0.643915318369484
2014-08-19,6.25,-0.6871895146440067,-0.6871895146440067
2014-08-20,8.0,-0.38427014072234855,-0.38427014072234855
2014-08-21,5.5,-0.8170121034675744,-0.8170121034675744
2014-08-22,10.0,-0.03807657052616793,-0.03807657052616793
2014-08-25,4.25,-1.0333830848401873,-1.0333830848401873
2014-08-26,4.25,-1.0333830848401873,-1.0333830848401873
2014-08-27,5.5,-0.8170121034675744,-0.8170121034675744
2014-08-28,5.5,-0.8170121034675744,-0.8170121034675744
2014-08-29,3.75,-1.1199314773892324,-1.1199314773892324
2014-09-02,10.5,0.048471822022877226,0.048471822022877226
2014-09-03,8.0,-0.38427014072234855,-0.38427014072234855
2014-09-04,10.75,0.09174601829739981,0.09174601829739981
2014-09-05,13.5,0.5677621773171482,0.5677621773171482
2014-09-08,7.75,-0.42754433699687117,-0.42754433699687117
2014-09-09,5.0,-0.9035604960166196,-0.9035604960166196
2014-09-10,5.5,-0.8170121034675744,-0.8170121034675744
2014-09-11,5.0,-0.9035604960166196,-0.9035604960166196
2014-09-12,5.5,-0.8170121034675744,-0.8170121034675744
2014-09-15,4.75,-0.9468346922911421,-0.9468346922911421
2014-09-16,6.0,-0.7304637109185292,-0.7304637109185292
2014-09-17,12.0,0.3081169996700127,0.3081169996700127
2014-09-18,5.75,-0.7737379071930518,-0.7737379071930518
2014-09-19,9.0,-0.21117335562425826,-0.21117335562425826
2014-09-22,5.75,-0.7737379071930518,-0.7737379071930518
2014-09-23,5.5,-0.8170121034675744,-0.8170121034675744
2014-09-24,5.5,-0.8170121034675744,-0.8170121034675744
2014-09-25,9.25,-0.16789915934973568,-0.16789915934973568
2014-09-26,9.25,-0.16789915934973568,-0.16789915934973568
2014-09-29,7.75,-0.42754433699687117,-0.42754433699687117
2014-09-30,5.75,-0.7737379071930518,-0.7737379071930518
2014-10-01,15.5,0.9139557475133289,0.9139557475133289
2014-10-02,7.25,-0.5140927295459163,-0.5140927295459163
2014-10-03,9.5,-0.12462496307521309,-0.12462496307521309
2014-10-06,7.5,-0.4708185332713937,-0.4708185332713937
2014-10-07,12.25,0.3513911959445353,0.3513911959445353
2014-10-08,13.25,0.5244879810426256,0.5244879810426256
2014-10-09,8.75,-0.2544475518987808,-0.2544475518987808
2014-10-10,9.0,-0.21117335562425826,-0.21117335562425826
2014-10-13,11.0,0.1350202145719224,0.1350202145719224
2014-10-14,11.75,0.26484280339549016,0.26484280339549016
2014-10-15,52.75,7.361810992417194,7.361810992417194
2014-10-16,28.5,3.1642139537885035,3.1642139537885035
2014-10-17,14.25,0.697584766140716,0.697584766140716
2014-10-20,9.25,-0.16789915934973568,-0.16789915934973568
2014-10-21,13.25,0.5244879810426256,0.5244879810426256
2014-10-22,10.25,0.005197625748354648,0.005197625748354648
2014-10-23,14.0,0.6543105698661934,0.6543105698661934
2014-10-24,7.25,-0.5140927295459163,-0.5140927295459163
2014-10-27,7.25,-0.5140927295459163,-0.5140927295459163
2014-10-28,6.5,-0.643915318369484,-0.643915318369484
2014-10-29,13.25,0.5244879810426256,0.5244879810426256
2014-10-30,7.25,-0.5140927295459163,-0.5140927295459163
2014-10-31,8.5,-0.29772174817330344,-0.29772174817330344
2014-11-03,10.75,0.09174601829739981,0.09174601829739981
2014-11-04,6.5,-0.643915318369484,-0.643915318369484
2014-11-05,5.75,-0.7737379071930518,-0.7737379071930518
2014-11-06,9.0,-0.21117335562425826,-0.21117335562425826
2014-11-07,14.5,0.7408589624152385,0.7408589624152385
2014-11-10,12.25,0.3513911959445353,0.3513911959445353
2014-11-11,4.5,-0.9901088885656647,-0.9901088885656647
2014-11-12,8.25,-0.340995944447826,-0.340995944447826
2014-11-13,6.25,-0.6871895146440067,-0.6871895146440067
2014-11-14,9.25,-0.16789915934973568,-0.16789915934973568
2014-11-17,9.25,-0.16789915934973568,-0.16789915934973568
2014-11-18,4.25,-1.0333830848401873,-1.0333830848401873
2014-11-19,7.0,-0.5573669258204389,-0.5573669258204389
2014-11-20,7.5,-0.4708185332713937,-0.4708185332713937
2014-11-21,5.75,-0.7737379071930518,-0.7737379071930518
2014-11-24,5.75,-0.7737379071930518,-0.7737379071930518
2014-11-25,7.5,-0.4708185332713937,-0.4708185332713937
2014-11-26,5.0,-0.9035604960166196,-0.9035604960166196
2014-11-28,8.0,-0.38427014072234855,-0.38427014072234855
2014-12-01,12.25,0.3513911959445353,0.3513911959445353
2014-12-02,8.5,-0.29772174817330344,-0.29772174817330344
2014-12-03,4.0,-1.07665728111471,-1.07665728111471
2014-12-04,7.5,-0.4708185332713937,-0.4708185332713937
2014-12-05,14.0,0.6543105698661934,0.6543105698661934
2014-12-08,12.0,0.3081169996700127,0.3081169996700127
2014-12-09,11.0,0.1350202145719224,0.1350202145719224
2014-12-10,10.5,0.048471822022877226,0.048471822022877226
2014-12-11,12.0,0.3081169996700127,0.3081169996700127
2014-12-12,13.25,0.5244879810426256,0.5244879810426256
2014-12-15,9.5,-0.12462496307521309,-0.12462496307521309
2014-12-16,13.75,0.6110363735916707,0.6110363735916707
2014-12-17,13.5,0.5677621773171482,0.5677621773171482
2014-12-18,12.75,0.43793958849358045,0.43793958849358045
2014-12-19,7.5,-0.4708185332713937,-0.4708185332713937
2014-12-22,5.0,-0.9035604960166196,-0.9035604960166196
2014-12-23,14.25,0.697584766140716,0.697584766140716
2014-12-24,8.5,-0.29772174817330344,-0.29772174817330344
2014-12-26,3.0,-1.2497540662128002,-1.2497540662128002
2014-12-29,8.25,-0.340995944447826,-0.340995944447826
2014-12-30,6.0,-0.7304637109185292,-0.7304637109185292
2014-12-31,4.0,-1.07665728111471,-1.07665728111471
2015-01-02,14.75,0.7841331586897611,0.7841331586897611
2015-01-05,12.75,0.43793958849358045,0.43793958849358045
2015-01-06,22.0,2.039084850650916,2.039084850650916
2015-01-07,10.75,0.09174601829739981,0.09174601829739981
2015-01-08,6.5,-0.643915318369484,-0.643915318369484
2015-01-12,9.75,-0.08135076680069052,-0.08135076680069052
2015-01-13,11.25,0.17829441084644496,0.17829441084644496
2015-01-14,16.5,1.087052532611419,1.087052532611419
2015-01-20,11.0,0.1350202145719224,0.1350202145719224
2015-01-21,13.75,0.6110363735916707,0.6110363735916707
2015-01-22,17.75,1.303423513984032,1.303423513984032
2015-01-23,12.75,0.43793958849358045,0.43793958849358045
2015-01-26,13.0,0.481213784768103,0.481213784768103
2015-01-27,10.75,0.09174601829739981,0.09174601829739981
2015-01-28,18.0,1.3466977102585547,1.3466977102585547
2015-01-29,10.0,-0.03807657052616793,-0.03807657052616793
2015-02-03,18.5,1.4332461028075998,1.4332461028075998
2015-02-04,14.5,0.7408589624152385,0.7408589624152385
2015-02-05,15.5,0.9139557475133289,0.9139557475133289
2015-02-09,12.25,0.3513911959445353,0.3513911959445353
2015-02-10,7.0,-0.5573669258204389,-0.5573669258204389
2015-02-11,9.5,-0.12462496307521309,-0.12462496307521309
2015-02-12,11.75,0.26484280339549016,0.26484280339549016
2015-02-13,7.25,-0.5140927295459163,-0.5140927295459163
2015-02-17,20.75,1.822713869278303,1.822713869278303
2015-02-19,12.0,0.3081169996700127,0.3081169996700127
2015-02-20,14.75,0.7841331586897611,0.7841331586897611
2015-02-23,10.0,-0.03807657052616793,-0.03807657052616793
2015-02-24,19.25,1.5630686916311676,1.5630686916311676
2015-02-25,6.0,-0.7304637109185292,-0.7304637109185292
2015-03-03,6.75,-0.6006411220949615,-0.6006411220949615
2015-03-04,5.75,-0.7737379071930518,-0.7737379071930518
2015-03-05,7.0,-0.5573669258204389,-0.5573669258204389
2015-03-09,7.75,-0.42754433699687117,-0.42754433699687117
2015-03-10,11.0,0.1350202145719224,0.1350202145719224
2015-03-11,7.25,-0.5140927295459163,-0.5140927295459163
2015-03-12,11.25,0.17829441084644496,0.17829441084644496
2015-03-16,5.75,-0.7737379071930518,-0.7737379071930518
2015-03-17,4.75,-0.9468346922911421,-0.9468346922911421
2015-03-18,20.75,1.822713869278303,1.822713869278303
2015-03-19,13.25,0.5244879810426256,0.5244879810426256
2015-03-20,6.75,-0.6006411220949615,-0.6006411220949615
2015-03-23,5.25,-0.8602862997420969,-0.8602862997420969
2015-03-25,11.25,0.17829441084644496,0.17829441084644496
2015-03-26,14.25,0.697584766140716,0.697584766140716
2015-03-31,6.75,-0.6006411220949615,-0.6006411220949615
2015-04-01,12.25,0.3513911959445353,0.3513911959445353
2015-04-02,10.25,0.005197625748354648,0.005197625748354648
2015-04-06,11.0,0.1350202145719224,0.1350202145719224
2015-04-07,6.0,-0.7304637109185292,-0.7304637109185292
2015-04-08,7.0,-0.5573669258204389,-0.5573669258204389
2015-04-09,12.5,0.3946653922190579,0.3946653922190579
2015-04-10,5.5,-0.8170121034675744,-0.8170121034675744
2015-04-13,8.25,-0.340995944447826,-0.340995944447826
2015-04-16,7.75,-0.42754433699687117,-0.42754433699687117
2015-04-20,5.75,-0.7737379071930518,-0.7737379071930518
2015-04-21,6.5,-0.643915318369484,-0.643915318369484
2015-04-22,13.25,0.5244879810426256,0.5244879810426256
2015-04-23,7.5,-0.4708185332713937,-0.4708185332713937
2015-04-24,9.0,-0.21117335562425826,-0.21117335562425826
2015-04-27,7.25,-0.5140927295459163,-0.5140927295459163
2015-04-28,11.25,0.17829441084644496,0.17829441084644496
2015-05-01,11.5,0.22156860712096754,0.22156860712096754
2015-05-04,7.75,-0.42754433699687117,-0.42754433699687117
2015-05-05,11.5,0.22156860712096754,0.22156860712096754
2015-05-06,9.25,-0.16789915934973568,-0.16789915934973568
2015-05-07,17.5,1.2601493177095096,1.2601493177095096
2015-05-11,19.25,1.5630686916311676,1.5630686916311676
2015-05-12,16.25,1.0437783363368967,1.0437783363368967
2015-05-13,12.75,0.43793958849358045,0.43793958849358045
2015-05-15,11.75,0.26484280339549016,0.26484280339549016
2015-05-18,13.25,0.5244879810426256,0.5244879810426256
2015-05-19,16.0,1.000504140062374,1.000504140062374
2015-05-20,9.25,-0.16789915934973568,-0.16789915934973568
2015-05-27,6.0,-0.7304637109185292,-0.7304637109185292
2015-05-28,4.75,-0.9468346922911421,-0.9468346922911421
2015-06-02,12.5,0.3946653922190579,0.3946653922190579
2015-06-03,15.5,0.9139557475133289,0.9139557475133289
2015-06-04,16.5,1.087052532611419,1.087052532611419
2015-06-08,6.75,-0.6006411220949615,-0.6006411220949615
2015-06-09,11.5,0.22156860712096754,0.22156860712096754
2015-06-10,6.75,-0.6006411220949615,-0.6006411220949615
2015-06-11,13.5,0.5677621773171482,0.5677621773171482
2015-06-15,5.25,-0.8602862997420969,-0.8602862997420969
2015-06-16,5.5,-0.8170121034675744,-0.8170121034675744
2015-06-17,13.25,0.5244879810426256,0.5244879810426256
2015-06-19,10.0,-0.03807657052616793,-0.03807657052616793
2015-06-22,12.75,0.43793958849358045,0.43793958849358045
2015-06-23,8.25,-0.340995944447826,-0.340995944447826
2015-06-26,11.5,0.22156860712096754,0.22156860712096754
2015-06-29,21.0,1.8659880655528256,1.8659880655528256
2015-06-30,9.25,-0.16789915934973568,-0.16789915934973568
2015-07-01,12.0,0.3081169996700127,0.3081169996700127
2015-07-06,15.5,0.9139557475133289,0.9139557475133289
2015-07-07,17.5,1.2601493177095096,1.2601493177095096
2015-07-08,11.75,0.26484280339549016,0.26484280339549016
2015-07-09,17.0,1.1736009251604642,1.1736009251604642
2015-07-10,13.5,0.5677621773171482,0.5677621773171482
2015-07-13,17.0,1.1736009251604642,1.1736009251604642
2015-07-14,9.75,-0.08135076680069052,-0.08135076680069052
2015-07-16,7.25,-0.5140927295459163,-0.5140927295459163
2015-07-20,7.25,-0.5140927295459163,-0.5140927295459163
2015-07-21,9.75,-0.08135076680069052,-0.08135076680069052
2015-07-22,5.25,-0.8602862997420969,-0.8602862997420969
2015-07-23,9.0,-0.21117335562425826,-0.21117335562425826
2015-07-24,5.25,-0.8602862997420969,-0.8602862997420969
2015-07-27,8.25,-0.340995944447826,-0.340995944447826
2015-07-28,6.75,-0.6006411220949615,-0.6006411220949615
2015-07-29,5.75,-0.7737379071930518,-0.7737379071930518
2015-07-31,15.75,0.9572299437878514,0.9572299437878514
2015-08-04,12.75,0.43793958849358045,0.43793958849358045
2015-08-05,11.0,0.1350202145719224,0.1350202145719224
2015-08-06,7.75,-0.42754433699687117,-0.42754433699687117
2015-08-10,9.0,-0.21117335562425826,-0.21117335562425826
2015-08-11,16.75,1.1303267288859418,1.1303267288859418
2015-08-12,15.75,0.9572299437878514,0.9572299437878514
2015-08-13,13.0,0.481213784768103,0.481213784768103
2015-08-17,8.0,-0.38427014072234855,-0.38427014072234855
2015-08-18,8.5,-0.29772174817330344,-0.29772174817330344
2015-08-20,7.25,-0.5140927295459163,-0.5140927295459163
2015-08-21,8.5,-0.29772174817330344,-0.29772174817330344
2015-08-24,18.5,1.4332461028075998,1.4332461028075998
2015-08-25,17.75,1.303423513984032,1.303423513984032
2015-08-26,16.5,1.087052532611419,1.087052532611419
2015-08-31,12.25,0.3513911959445353,0.3513911959445353
2015-09-01,13.5,0.5677621773171482,0.5677621773171482
2015-09-02,7.25,-0.5140927295459163,-0.5140927295459163
2015-09-03,6.25,-0.6871895146440067,-0.6871895146440067
2015-09-08,7.25,-0.5140927295459163,-0.5140927295459163
2015-09-09,10.5,0.048471822022877226,0.048471822022877226
2015-09-10,7.25,-0.5140927295459163,-0.5140927295459163
2015-09-14,4.5,-0.9901088885656647,-0.9901088885656647
2015-09-15,18.0,1.3466977102585547,1.3466977102585547
2015-09-17,16.0,1.000504140062374,1.000504140062374
2015-09-18,9.25,-0.16789915934973568,-0.16789915934973568
2015-09-21,9.25,-0.16789915934973568,-0.16789915934973568
2015-09-23,9.0,-0.21117335562425826,-0.21117335562425826
2015-09-24,10.5,0.048471822022877226,0.048471822022877226
2015-09-29,10.0,-0.03807657052616793,-0.03807657052616793
2015-10-01,7.25,-0.5140927295459163,-0.5140927295459163
2015-10-05,11.0,0.1350202145719224,0.1350202145719224
2015-10-06,6.5,-0.643915318369484,-0.643915318369484
2015-10-07,8.25,-0.340995944447826,-0.340995944447826
2015-10-08,11.25,0.17829441084644496,0.17829441084644496
2015-10-09,8.75,-0.2544475518987808,-0.2544475518987808
2015-10-12,6.0,-0.7304637109185292,-0.7304637109185292
2015-10-13,5.75,-0.7737379071930518,-0.7737379071930518
2015-10-16,5.75,-0.7737379071930518,-0.7737379071930518
2015-10-19,6.5,-0.643915318369484,-0.643915318369484
2015-10-20,9.25,-0.16789915934973568,-0.16789915934973568
2015-10-21,7.5,-0.4708185332713937,-0.4708185332713937
2015-10-22,6.75,-0.6006411220949615,-0.6006411220949615
2015-10-23,10.25,0.005197625748354648,0.005197625748354648
2015-10-26,5.5,-0.8170121034675744,-0.8170121034675744
2015-10-27,8.25,-0.340995944447826,-0.340995944447826
2015-10-28,12.75,0.43793958849358045,0.43793958849358045
2015-11-02,7.75,-0.42754433699687117,-0.42754433699687117
2015-11-03,7.5,-0.4708185332713937,-0.4708185332713937
2015-11-05,6.25,-0.6871895146440067,-0.6871895146440067
2015-11-09,7.0,-0.5573669258204389,-0.5573669258204389
2015-11-10,6.5,-0.643915318369484,-0.643915318369484
2015-11-11,3.25,-1.2064798699382775,-1.2064798699382775
2015-11-12,5.75,-0.7737379071930518,-0.7737379071930518
2015-11-16,5.0,-0.9035604960166196,-0.9035604960166196
2015-11-18,5.75,-0.7737379071930518,-0.7737379071930518
2015-11-19,5.5,-0.8170121034675744,-0.8170121034675744
2015-11-20,5.0,-0.9035604960166196,-0.9035604960166196
2015-11-23,8.25,-0.340995944447826,-0.340995944447826
2015-11-27,5.0,-0.9035604960166196,-0.9035604960166196
2015-11-30,4.5,-0.9901088885656647,-0.9901088885656647
2015-12-01,12.75,0.43793958849358045,0.43793958849358045
2015-12-02,7.5,-0.4708185332713937,-0.4708185332713937
2015-12-03,21.0,1.8659880655528256,1.8659880655528256
2015-12-07,10.0,-0.03807657052616793,-0.03807657052616793
2015-12-08,5.75,-0.7737379071930518,-0.7737379071930518
2015-12-09,10.0,-0.03807657052616793,-0.03807657052616793
2015-12-10,5.0,-0.9035604960166196,-0.9035604960166196
2015-12-14,12.0,0.3081169996700127,0.3081169996700127
2015-12-16,10.75,0.09174601829739981,0.09174601829739981
2015-12-17,7.0,-0.5573669258204389,-0.5573669258204389
2015-12-18,6.25,-0.6871895146440067,-0.6871895146440067
2015-12-21,5.0,-0.9035604960166196,-0.9035604960166196
2015-12-24,3.75,-1.1199314773892324,-1.1199314773892324
2015-12-28,6.25,-0.6871895146440067,-0.6871895146440067
2015-12-29,12.5,0.3946653922190579,0.3946653922190579
2015-12-30,5.75,-0.7737379071930518,-0.7737379071930518
2015-12-31,5.75,-0.7737379071930518,-0.7737379071930518
2016-01-04,12.75,0.43793958849358045,0.43793958849358045
2016-01-05,6.75,-0.6006411220949615,-0.6006411220949615
2016-01-06,11.0,0.1350202145719224,0.1350202145719224
2016-01-07,10.25,0.005197625748354648,0.005197625748354648
2016-01-11,10.5,0.048471822022877226,0.048471822022877226
2016-01-12,16.25,1.0437783363368967,1.0437783363368967
2016-01-13,13.5,0.5677621773171482,0.5677621773171482
2016-01-14,9.5,-0.12462496307521309,-0.12462496307521309
2016-01-19,9.25,-0.16789915934973568,-0.16789915934973568
2016-01-21,10.75,0.09174601829739981,0.09174601829739981
2016-01-22,10.5,0.048471822022877226,0.048471822022877226
2016-01-25,7.75,-0.42754433699687117,-0.42754433699687117
2016-01-26,9.25,-0.16789915934973568,-0.16789915934973568
2016-01-27,10.0,-0.03807657052616793,-0.03807657052616793
2016-01-28,9.0,-0.21117335562425826,-0.21117335562425826
2016-02-02,15.25,0.8706815512388063,0.8706815512388063
2016-02-03,15.0,0.8274073549642836,0.8274073549642836
2016-02-04,9.75,-0.08135076680069052,-0.08135076680069052
2016-02-08,18.25,1.3899719065330771,1.3899719065330771
2016-02-09,11.75,0.26484280339549016,0.26484280339549016
2016-02-10,13.75,0.6110363735916707,0.6110363735916707
2016-02-11,22.0,2.039084850650916,2.039084850650916
2016-02-12,16.75,1.1303267288859418,1.1303267288859418
2016-02-18,12.75,0.43793958849358045,0.43793958849358045
2016-02-22,6.0,-0.7304637109185292,-0.7304637109185292
2016-02-23,13.0,0.481213784768103,0.481213784768103
2016-02-25,12.0,0.3081169996700127,0.3081169996700127
2016-02-29,5.5,-0.8170121034675744,-0.8170121034675744
2016-03-01,19.75,1.6496170841802127,1.6496170841802127
2016-03-02,9.25,-0.16789915934973568,-0.16789915934973568
2016-03-03,6.75,-0.6006411220949615,-0.6006411220949615
2016-03-07,5.0,-0.9035604960166196,-0.9035604960166196
2016-03-08,11.5,0.22156860712096754,0.22156860712096754
2016-03-09,9.0,-0.21117335562425826,-0.21117335562425826
2016-03-10,13.5,0.5677621773171482,0.5677621773171482
2016-03-11,7.75,-0.42754433699687117,-0.42754433699687117
2016-03-14,5.25,-0.8602862997420969,-0.8602862997420969
2016-03-17,6.75,-0.6006411220949615,-0.6006411220949615
2016-03-18,4.75,-0.9468346922911421,-0.9468346922911421
2016-03-21,6.25,-0.6871895146440067,-0.6871895146440067
2016-03-22,10.75,0.09174601829739981,0.09174601829739981
2016-03-23,11.5,0.22156860712096754,0.22156860712096754
2016-03-24,8.0,-0.38427014072234855,-0.38427014072234855
2016-03-29,14.25,0.697584766140716,0.697584766140716
2016-03-30,6.5,-0.643915318369484,-0.643915318369484
2016-03-31,9.25,-0.16789915934973568,-0.16789915934973568
2016-04-04,5.25,-0.8602862997420969,-0.8602862997420969
2016-04-05,6.5,-0.643915318369484,-0.643915318369484
2016-04-08,6.75,-0.6006411220949615,-0.6006411220949615
2016-04-11,7.25,-0.5140927295459163,-0.5140927295459163
2016-04-12,8.5,-0.29772174817330344,-0.29772174817330344
2016-04-15,8.5,-0.29772174817330344,-0.29772174817330344
2016-04-18,8.25,-0.340995944447826,-0.340995944447826
2016-04-19,4.75,-0.9468346922911421,-0.9468346922911421
2016-04-20,14.25,0.697584766140716,0.697584766140716
2016-04-21,7.25,-0.5140927295459163,-0.5140927295459163
2016-04-22,6.75,-0.6006411220949615,-0.6006411220949615
2016-04-25,6.75,-0.6006411220949615,-0.6006411220949615
2016-04-26,6.75,-0.6006411220949615,-0.6006411220949615
2016-04-27,11.5,0.22156860712096754,0.22156860712096754
2016-05-02,8.5,-0.29772174817330344,-0.29772174817330344
2016-05-03,13.25,0.5244879810426256,0.5244879810426256
2016-05-04,6.25,-0.6871895146440067,-0.6871895146440067
2016-05-05,10.0,-0.03807657052616793,-0.03807657052616793
2016-05-09,7.25,-0.5140927295459163,-0.5140927295459163
2016-05-10,4.5,-0.9901088885656647,-0.9901088885656647
2016-05-11,7.0,-0.5573669258204389,-0.5573669258204389
2016-05-12,7.0,-0.5573669258204389,-0.5573669258204389
2016-05-16,10.0,-0.03807657052616793,-0.03807657052616793
2016-05-18,16.75,1.1303267288859418,1.1303267288859418
2016-05-19,7.5,-0.4708185332713937,-0.4708185332713937
2016-05-20,4.75,-0.9468346922911421,-0.9468346922911421
2016-05-23,5.25,-0.8602862997420969,-0.8602862997420969
2016-05-24,8.0,-0.38427014072234855,-0.38427014072234855
2016-05-25,4.5,-0.9901088885656647,-0.9901088885656647
2016-05-26,7.5,-0.4708185332713937,-0.4708185332713937
2016-06-01,6.75,-0.6006411220949615,-0.6006411220949615
2016-06-02,6.25,-0.6871895146440067,-0.6871895146440067
2016-06-06,5.75,-0.7737379071930518,-0.7737379071930518
2016-06-07,5.75,-0.7737379071930518,-0.7737379071930518
2016-06-08,3.0,-1.2497540662128002,-1.2497540662128002
2016-06-09,5.75,-0.7737379071930518,-0.7737379071930518
2016-06-10,7.75,-0.42754433699687117,-0.42754433699687117
2016-06-13,4.75,-0.9468346922911421,-0.9468346922911421
2016-06-14,8.0,-0.38427014072234855,-0.38427014072234855
2016-06-17,5.25,-0.8602862997420969,-0.8602862997420969
2016-06-20,6.25,-0.6871895146440067,-0.6871895146440067
2016-06-21,3.25,-1.2064798699382775,-1.2064798699382775
2016-06-22,4.25,-1.0333830848401873,-1.0333830848401873
2016-06-23,8.75,-0.2544475518987808,-0.2544475518987808
2016-06-24,56.75,8.054198132809555,8.054198132809555
2016-06-27,12.25,0.3513911959445353,0.3513911959445353
2016-06-30,12.75,0.43793958849358045,0.43793958849358045
2016-07-01,15.0,0.8274073549642836,0.8274073549642836
2016-07-05,15.75,0.9572299437878514,0.9572299437878514
2016-07-06,10.5,0.048471822022877226,0.048471822022877226
2016-07-07,9.5,-0.12462496307521309,-0.12462496307521309
2016-07-11,12.0,0.3081169996700127,0.3081169996700127
2016-07-12,14.25,0.697584766140716,0.697584766140716
2016-07-13,7.5,-0.4708185332713937,-0.4708185332713937
2016-07-18,8.25,-0.340995944447826,-0.340995944447826
2016-07-19,6.5,-0.643915318369484,-0.643915318369484
2016-07-20,7.5,-0.4708185332713937,-0.4708185332713937
2016-07-21,11.75,0.26484280339549016,0.26484280339549016
2016-07-22,9.75,-0.08135076680069052,-0.08135076680069052
2016-07-25,6.0,-0.7304637109185292,-0.7304637109185292
2016-07-26,7.75,-0.42754433699687117,-0.42754433699687117
2016-07-27,13.5,0.5677621773171482,0.5677621773171482
2016-07-28,6.5,-0.643915318369484,-0.643915318369484
2016-08-01,9.0,-0.21117335562425826,-0.21117335562425826
2016-08-03,6.0,-0.7304637109185292,-0.7304637109185292
2016-08-04,10.25,0.005197625748354648,0.005197625748354648
2016-08-08,6.5,-0.643915318369484,-0.643915318369484
2016-08-09,8.0,-0.38427014072234855,-0.38427014072234855
2016-08-10,7.5,-0.4708185332713937,-0.4708185332713937
2016-08-11,12.5,0.3946653922190579,0.3946653922190579
2016-08-15,8.5,-0.29772174817330344,-0.29772174817330344
2016-08-17,9.0,-0.21117335562425826,-0.21117335562425826
2016-08-18,6.5,-0.643915318369484,-0.643915318369484
2016-08-19,9.75,-0.08135076680069052,-0.08135076680069052
2016-08-22,10.0,-0.03807657052616793,-0.03807657052616793
2016-08-23,6.0,-0.7304637109185292,-0.7304637109185292
2016-08-24,4.0,-1.07665728111471,-1.07665728111471
2016-08-25,4.75,-0.9468346922911421,-0.9468346922911421
2016-08-30,5.5,-0.8170121034675744,-0.8170121034675744
2016-08-31,5.75,-0.7737379071930518,-0.7737379071930518
2016-09-01,10.0,-0.03807657052616793,-0.03807657052616793
2016-09-07,4.25,-1.0333830848401873,-1.0333830848401873
2016-09-08,11.75,0.26484280339549016,0.26484280339549016
2016-09-09,9.0,-0.21117335562425826,-0.21117335562425826
2016-09-12,6.75,-0.6006411220949615,-0.6006411220949615
2016-09-13,14.75,0.7841331586897611,0.7841331586897611
2016-09-14,7.0,-0.5573669258204389,-0.5573669258204389
2016-09-19,4.0,-1.07665728111471,-1.07665728111471
2016-09-20,5.25,-0.8602862997420969,-0.8602862997420969
2016-09-21,6.0,-0.7304637109185292,-0.7304637109185292
2016-09-22,7.0,-0.5573669258204389,-0.5573669258204389
2016-09-23,3.5,-1.163205673663755,-1.163205673663755
2016-09-26,7.25,-0.5140927295459163,-0.5140927295459163
2016-09-27,8.5,-0.29772174817330344,-0.29772174817330344
2016-09-28,4.75,-0.9468346922911421,-0.9468346922911421
2016-10-03,5.25,-0.8602862997420969,-0.8602862997420969
2016-10-05,8.25,-0.340995944447826,-0.340995944447826
2016-10-06,7.25,-0.5140927295459163,-0.5140927295459163
2016-10-11,5.5,-0.8170121034675744,-0.8170121034675744
2016-10-12,6.0,-0.7304637109185292,-0.7304637109185292
2016-10-13,6.25,-0.6871895146440067,-0.6871895146440067
2016-10-17,8.0,-0.38427014072234855,-0.38427014072234855
2016-10-20,5.75,-0.7737379071930518,-0.7737379071930518
2016-10-21,4.25,-1.0333830848401873,-1.0333830848401873
2016-10-24,6.5,-0.643915318369484,-0.643915318369484
2016-10-25,6.0,-0.7304637109185292,-0.7304637109185292
2016-10-26,7.0,-0.5573669258204389,-0.5573669258204389
2016-10-27,9.75,-0.08135076680069052,-0.08135076680069052
2016-11-01,10.25,0.005197625748354648,0.005197625748354648
2016-11-02,8.75,-0.2544475518987808,-0.2544475518987808
2016-11-03,8.25,-0.340995944447826,-0.340995944447826
2016-11-07,3.75,-1.1199314773892324,-1.1199314773892324
2016-11-08,10.5,0.048471822022877226,0.048471822022877226
2016-11-09,50.75,7.015617422221013,7.015617422221013
2016-11-10,19.25,1.5630686916311676,1.5630686916311676
2016-11-14,20.25,1.7361654767292578,1.7361654767292578
2016-11-15,10.5,0.048471822022877226,0.048471822022877226
2016-11-18,13.5,0.5677621773171482,0.5677621773171482
2016-11-21,9.0,-0.21117335562425826,-0.21117335562425826
2016-11-22,6.75,-0.6006411220949615,-0.6006411220949615
2016-11-23,17.0,1.1736009251604642,1.1736009251604642
2016-11-25,9.5,-0.12462496307521309,-0.12462496307521309
2016-11-28,6.75,-0.6006411220949615,-0.6006411220949615
2016-12-01,13.25,0.5244879810426256,0.5244879810426256
2016-12-05,16.5,1.087052532611419,1.087052532611419
2016-12-06,3.5,-1.163205673663755,-1.163205673663755
2016-12-07,7.0,-0.5573669258204389,-0.5573669258204389
2016-12-08,10.5,0.048471822022877226,0.048471822022877226
2016-12-09,9.75,-0.08135076680069052,-0.08135076680069052
2016-12-12,8.5,-0.29772174817330344,-0.29772174817330344
2016-12-13,7.25,-0.5140927295459163,-0.5140927295459163
2016-12-16,5.25,-0.8602862997420969,-0.8602862997420969
2016-12-19,8.0,-0.38427014072234855,-0.38427014072234855
2016-12-20,4.75,-0.9468346922911421,-0.9468346922911421
2016-12-23,4.25,-1.0333830848401873,-1.0333830848401873
2016-12-27,4.0,-1.07665728111471,-1.07665728111471
2016-12-28,8.5,-0.29772174817330344,-0.29772174817330344
2016-12-29,7.5,-0.4708185332713937,-0.4708185332713937
2016-12-30,7.5,-0.4708185332713937,-0.4708185332713937
2017-01-03,10.5,0.048471822022877226,0.048471822022877226
2017-01-04,6.75,-0.6006411220949615,-0.6006411220949615
2017-01-05,14.75,0.7841331586897611,0.7841331586897611
2017-01-09,10.0,-0.03807657052616793,-0.03807657052616793
2017-01-10,4.75,-0.9468346922911421,-0.9468346922911421
2017-01-11,10.0,-0.03807657052616793,-0.03807657052616793
2017-01-17,11.75,0.26484280339549016,0.26484280339549016
2017-01-19,10.0,-0.03807657052616793,-0.03807657052616793
2017-01-20,8.25,-0.340995944447826,-0.340995944447826
2017-01-23,13.25,0.5244879810426256,0.5244879810426256
2017-01-24,11.75,0.26484280339549016,0.26484280339549016
2017-01-25,10.5,0.048471822022877226,0.048471822022877226
2017-01-26,7.25,-0.5140927295459163,-0.5140927295459163
2017-01-31,9.75,-0.08135076680069052,-0.08135076680069052
2017-02-01,9.0,-0.21117335562425826,-0.21117335562425826
2017-02-02,7.5,-0.4708185332713937,-0.4708185332713937
2017-02-06,9.75,-0.08135076680069052,-0.08135076680069052
2017-02-07,9.0,-0.21117335562425826,-0.21117335562425826
2017-02-08,9.25,-0.16789915934973568,-0.16789915934973568
2017-02-09,10.25,0.005197625748354648,0.005197625748354648
2017-02-10,4.75,-0.9468346922911421,-0.9468346922911421
2017-02-13,5.0,-0.9035604960166196,-0.9035604960166196
2017-02-16,9.25,-0.16789915934973568,-0.16789915934973568
2017-02-17,9.0,-0.21117335562425826,-0.21117335562425826
2017-02-21,6.5,-0.643915318369484,-0.643915318369484
2017-02-22,8.75,-0.2544475518987808,-0.2544475518987808
2017-02-23,6.75,-0.6006411220949615,-0.6006411220949615
2017-02-24,9.5,-0.12462496307521309,-0.12462496307521309
2017-02-27,8.5,-0.29772174817330344,-0.29772174817330344
2017-03-03,6.0,-0.7304637109185292,-0.7304637109185292
2017-03-06,5.25,-0.8602862997420969,-0.8602862997420969
2017-03-07,3.75,-1.1199314773892324,-1.1199314773892324
2017-03-08,9.5,-0.12462496307521309,-0.12462496307521309
2017-03-09,6.5,-0.643915318369484,-0.643915318369484
2017-03-13,7.25,-0.5140927295459163,-0.5140927295459163
2017-03-16,6.0,-0.7304637109185292,-0.7304637109185292
2017-03-17,6.75,-0.6006411220949615,-0.6006411220949615
2017-03-20,4.5,-0.9901088885656647,-0.9901088885656647
2017-03-21,9.0,-0.21117335562425826,-0.21117335562425826
2017-03-22,5.0,-0.9035604960166196,-0.9035604960166196
2017-03-23,7.0,-0.5573669258204389,-0.5573669258204389
2017-03-24,6.0,-0.7304637109185292,-0.7304637109185292
2017-03-27,8.0,-0.38427014072234855,-0.38427014072234855
2017-03-28,9.0,-0.21117335562425826,-0.21117335562425826
2017-03-29,7.25,-0.5140927295459163,-0.5140927295459163
2017-04-03,11.75,0.26484280339549016,0.26484280339549016
2017-04-04,7.5,-0.4708185332713937,-0.4708185332713937
2017-04-05,8.75,-0.2544475518987808,-0.2544475518987808
2017-04-06,5.75,-0.7737379071930518,-0.7737379071930518
2017-04-10,6.75,-0.6006411220949615,-0.6006411220949615
2017-04-11,11.0,0.1350202145719224,0.1350202145719224
2017-04-12,10.25,0.005197625748354648,0.005197625748354648
2017-04-17,9.5,-0.12462496307521309,-0.12462496307521309
2017-04-18,13.0,0.481213784768103,0.481213784768103
2017-04-19,8.0,-0.38427014072234855,-0.38427014072234855
2017-04-20,8.25,-0.340995944447826,-0.340995944447826
2017-04-21,6.0,-0.7304637109185292,-0.7304637109185292
2017-04-24,10.5,0.048471822022877226,0.048471822022877226
2017-04-25,9.5,-0.12462496307521309,-0.12462496307521309
2017-04-26,6.5,-0.643915318369484,-0.643915318369484
2017-04-27,5.5,-0.8170121034675744,-0.8170121034675744
2017-05-02,7.5,-0.4708185332713937,-0.4708185332713937
2017-05-03,6.75,-0.6006411220949615,-0.6006411220949615
2017-05-04,6.75,-0.6006411220949615,-0.6006411220949615
2017-05-09,5.0,-0.9035604960166196,-0.9035604960166196
2017-05-10,6.25,-0.6871895146440067,-0.6871895146440067
2017-05-15,4.75,-0.9468346922911421,-0.9468346922911421
2017-05-16,7.0,-0.5573669258204389,-0.5573669258204389
2017-05-17,14.5,0.7408589624152385,0.7408589624152385
2017-05-18,9.0,-0.21117335562425826,-0.21117335562425826
2017-05-19,5.0,-0.9035604960166196,-0.9035604960166196
2017-05-22,3.5,-1.163205673663755,-1.163205673663755
2017-05-23,8.5,-0.29772174817330344,-0.29772174817330344
2017-05-24,7.25,-0.5140927295459163,-0.5140927295459163
2017-05-25,3.25,-1.2064798699382775,-1.2064798699382775
2017-05-31,4.75,-0.9468346922911421,-0.9468346922911421
2017-06-01,4.25,-1.0333830848401873,-1.0333830848401873
2017-06-05,4.5,-0.9901088885656647,-0.9901088885656647
2017-06-06,6.5,-0.643915318369484,-0.643915318369484
2017-06-07,4.5,-0.9901088885656647,-0.9901088885656647
2017-06-08,5.0,-0.9035604960166196,-0.9035604960166196
2017-06-09,7.25,-0.5140927295459163,-0.5140927295459163
2017-06-15,6.75,-0.6006411220949615,-0.6006411220949615
2017-06-19,7.25,-0.5140927295459163,-0.5140927295459163
2017-06-20,5.75,-0.7737379071930518,-0.7737379071930518
2017-06-21,4.75,-0.9468346922911421,-0.9468346922911421
2017-06-22,3.75,-1.1199314773892324,-1.1199314773892324
2017-06-23,3.25,-1.2064798699382775,-1.2064798699382775
2017-06-26,5.0,-0.9035604960166196,-0.9035604960166196
2017-06-27,11.0,0.1350202145719224,0.1350202145719224
2017-06-28,7.25,-0.5140927295459163,-0.5140927295459163
2017-07-03,9.25,-0.16789915934973568,-0.16789915934973568
2017-07-05,8.25,-0.340995944447826,-0.340995944447826
2017-07-06,8.75,-0.2544475518987808,-0.2544475518987808
2017-07-11,5.75,-0.7737379071930518,-0.7737379071930518
2017-07-12,9.5,-0.12462496307521309,-0.12462496307521309
2017-07-17,4.25,-1.0333830848401873,-1.0333830848401873
2017-07-18,8.0,-0.38427014072234855,-0.38427014072234855
2017-07-19,3.75,-1.1199314773892324,-1.1199314773892324
2017-07-20,4.75,-0.9468346922911421,-0.9468346922911421
2017-07-21,5.5,-0.8170121034675744,-0.8170121034675744
2017-07-24,4.75,-0.9468346922911421,-0.9468346922911421
2017-07-25,11.5,0.22156860712096754,0.22156860712096754
2017-07-26,9.25,-0.16789915934973568,-0.16789915934973568
2017-07-27,6.25,-0.6871895146440067,-0.6871895146440067
2017-07-31,3.5,-1.163205673663755,-1.163205673663755
2017-08-02,4.75,-0.9468346922911421,-0.9468346922911421
2017-08-03,7.0,-0.5573669258204389,-0.5573669258204389
2017-08-07,4.5,-0.9901088885656647,-0.9901088885656647
2017-08-08,5.25,-0.8602862997420969,-0.8602862997420969
2017-08-09,6.75,-0.6006411220949615,-0.6006411220949615
2017-08-15,8.75,-0.2544475518987808,-0.2544475518987808
2017-08-16,9.25,-0.16789915934973568,-0.16789915934973568
2017-08-17,8.0,-0.38427014072234855,-0.38427014072234855
2017-08-21,5.0,-0.9035604960166196,-0.9035604960166196
2017-08-22,5.5,-0.8170121034675744,-0.8170121034675744
2017-08-23,7.25,-0.5140927295459163,-0.5140927295459163
2017-08-24,4.5,-0.9901088885656647,-0.9901088885656647
2017-08-25,5.25,-0.8602862997420969,-0.8602862997420969
2017-08-28,3.25,-1.2064798699382775,-1.2064798699382775
2017-08-29,9.0,-0.21117335562425826,-0.21117335562425826
2017-09-05,11.25,0.17829441084644496,0.17829441084644496
2017-09-06,7.75,-0.42754433699687117,-0.42754433699687117
2017-09-08,7.5,-0.4708185332713937,-0.4708185332713937
2017-09-12,6.75,-0.6006411220949615,-0.6006411220949615
2017-09-18,3.25,-1.2064798699382775,-1.2064798699382775
2017-09-19,4.0,-1.07665728111471,-1.07665728111471
2017-09-20,2.25,-1.379576655036368,-1.379576655036368
2017-09-21,5.5,-0.8170121034675744,-0.8170121034675744
2017-09-22,5.75,-0.7737379071930518,-0.7737379071930518
2017-09-25,6.75,-0.6006411220949615,-0.6006411220949615
2017-09-26,4.75,-0.9468346922911421,-0.9468346922911421
2017-09-27,10.25,0.005197625748354648,0.005197625748354648
2017-10-02,7.25,-0.5140927295459163,-0.5140927295459163
2017-10-03,5.75,-0.7737379071930518,-0.7737379071930518
2017-10-04,6.75,-0.6006411220949615,-0.6006411220949615
2017-10-05,5.5,-0.8170121034675744,-0.8170121034675744
2017-10-09,3.0,-1.2497540662128002,-1.2497540662128002
2017-10-11,4.75,-0.9468346922911421,-0.9468346922911421
2017-10-16,6.0,-0.7304637109185292,-0.7304637109185292
2017-10-17,4.75,-0.9468346922911421,-0.9468346922911421
2017-10-18,6.25,-0.6871895146440067,-0.6871895146440067
2017-10-19,6.75,-0.6006411220949615,-0.6006411220949615
2017-10-20,10.25,0.005197625748354648,0.005197625748354648
2017-10-23,4.5,-0.9901088885656647,-0.9901088885656647
2017-10-24,7.25,-0.5140927295459163,-0.5140927295459163
2017-10-25,8.0,-0.38427014072234855,-0.38427014072234855
2017-10-26,7.25,-0.5140927295459163,-0.5140927295459163
2017-10-31,3.75,-1.1199314773892324,-1.1199314773892324
2017-11-01,6.75,-0.6006411220949615,-0.6006411220949615
2017-11-02,6.0,-0.7304637109185292,-0.7304637109185292
2017-11-06,5.0,-0.9035604960166196,-0.9035604960166196
2017-11-07,4.5,-0.9901088885656647,-0.9901088885656647
2017-11-08,5.0,-0.9035604960166196,-0.9035604960166196
2017-11-09,4.5,-0.9901088885656647,-0.9901088885656647
2017-11-16,5.75,-0.7737379071930518,-0.7737379071930518
2017-11-17,5.0,-0.9035604960166196,-0.9035604960166196
2017-11-20,7.25,-0.5140927295459163,-0.5140927295459163
2017-11-21,5.25,-0.8602862997420969,-0.8602862997420969
2017-11-24,4.0,-1.07665728111471,-1.07665728111471
2017-11-28,4.75,-0.9468346922911421,-0.9468346922911421
2017-12-01,14.5,0.7408589624152385,0.7408589624152385
2017-12-04,6.0,-0.7304637109185292,-0.7304637109185292
2017-12-05,4.5,-0.9901088885656647,-0.9901088885656647
2017-12-06,6.25,-0.6871895146440067,-0.6871895146440067
2017-12-07,5.5,-0.8170121034675744,-0.8170121034675744
2017-12-14,5.5,-0.8170121034675744,-0.8170121034675744
2017-12-15,5.25,-0.8602862997420969,-0.8602862997420969
2017-12-18,3.0,-1.2497540662128002,-1.2497540662128002
2017-12-19,9.5,-0.12462496307521309,-0.12462496307521309
2017-12-20,6.5,-0.643915318369484,-0.643915318369484
2017-12-26,4.0,-1.07665728111471,-1.07665728111471
2017-12-27,7.75,-0.42754433699687117,-0.42754433699687117
2017-12-28,3.25,-1.2064798699382775,-1.2064798699382775
2017-12-29,4.25,-1.0333830848401873,-1.0333830848401873
2018-01-02,7.5,-0.4708185332713937,-0.4708185332713937
2018-01-03,4.0,-1.07665728111471,-1.07665728111471
2018-01-04,5.75,-0.7737379071930518,-0.7737379071930518
2018-01-08,3.5,-1.163205673663755,-1.163205673663755
2018-01-09,8.25,-0.340995944447826,-0.340995944447826
2018-01-10,6.25,-0.6871895146440067,-0.6871895146440067
2018-01-17,8.25,-0.340995944447826,-0.340995944447826
2018-01-18,4.0,-1.07665728111471,-1.07665728111471
2018-01-22,5.0,-0.9035604960166196,-0.9035604960166196
2018-01-23,6.25,-0.6871895146440067,-0.6871895146440067
2018-01-24,6.5,-0.643915318369484,-0.643915318369484
2018-01-25,8.0,-0.38427014072234855,-0.38427014072234855
2018-01-30,6.75,-0.6006411220949615,-0.6006411220949615
2018-01-31,8.5,-0.29772174817330344,-0.29772174817330344
2018-02-01,9.5,-0.12462496307521309,-0.12462496307521309
2018-02-05,24.0,2.3852784208470967,2.3852784208470967
2018-02-06,22.75,2.168907439474484,2.168907439474484
2018-02-07,12.0,0.3081169996700127,0.3081169996700127
2018-02-08,11.5,0.22156860712096754,0.22156860712096754
2018-02-09,12.5,0.3946653922190579,0.3946653922190579
2018-02-13,4.75,-0.9468346922911421,-0.9468346922911421
2018-02-20,8.0,-0.38427014072234855,-0.38427014072234855
2018-02-21,8.75,-0.2544475518987808,-0.2544475518987808
2018-02-22,6.25,-0.6871895146440067,-0.6871895146440067
2018-02-23,9.25,-0.16789915934973568,-0.16789915934973568
2018-02-26,5.75,-0.7737379071930518,-0.7737379071930518
2018-02-27,10.25,0.005197625748354648,0.005197625748354648
2018-03-05,11.0,0.1350202145719224,0.1350202145719224
2018-03-07,7.25,-0.5140927295459163,-0.5140927295459163
2018-03-08,5.25,-0.8602862997420969,-0.8602862997420969
2018-03-15,4.5,-0.9901088885656647,-0.9901088885656647
2018-03-19,6.25,-0.6871895146440067,-0.6871895146440067
2018-03-20,3.75,-1.1199314773892324,-1.1199314773892324
2018-03-21,9.0,-0.21117335562425826,-0.21117335562425826
2018-03-22,11.0,0.1350202145719224,0.1350202145719224
2018-03-23,7.25,-0.5140927295459163,-0.5140927295459163
2018-03-26,6.25,-0.6871895146440067,-0.6871895146440067
2018-03-27,11.25,0.17829441084644496,0.17829441084644496
2018-04-02,7.25,-0.5140927295459163,-0.5140927295459163
2018-04-03,7.5,-0.4708185332713937,-0.4708185332713937
2018-04-04,7.75,-0.42754433699687117,-0.42754433699687117
2018-04-05,3.5,-1.163205673663755,-1.163205673663755
2018-04-12,9.0,-0.21117335562425826,-0.21117335562425826
2018-04-16,4.25,-1.0333830848401873,-1.0333830848401873
2018-04-17,4.0,-1.07665728111471,-1.07665728111471
2018-04-18,7.0,-0.5573669258204389,-0.5573669258204389
2018-04-19,7.75,-0.42754433699687117,-0.42754433699687117
2018-04-20,7.25,-0.5140927295459163,-0.5140927295459163
2018-04-23,4.75,-0.9468346922911421,-0.9468346922911421
2018-04-24,5.25,-0.8602862997420969,-0.8602862997420969
2018-04-25,5.0,-0.9035604960166196,-0.9035604960166196
2018-04-26,6.0,-0.7304637109185292,-0.7304637109185292
2018-05-01,3.5,-1.163205673663755,-1.163205673663755
2018-05-02,5.0,-0.9035604960166196,-0.9035604960166196
2018-05-03,6.25,-0.6871895146440067,-0.6871895146440067
2018-05-07,3.0,-1.2497540662128002,-1.2497540662128002
2018-05-08,5.5,-0.8170121034675744,-0.8170121034675744
2018-05-15,11.25,0.17829441084644496,0.17829441084644496
2018-05-16,5.75,-0.7737379071930518,-0.7737379071930518
2018-05-17,4.25,-1.0333830848401873,-1.0333830848401873
2018-05-18,8.5,-0.29772174817330344,-0.29772174817330344
2018-05-21,4.5,-0.9901088885656647,-0.9901088885656647
2018-05-22,3.75,-1.1199314773892324,-1.1199314773892324
2018-05-23,9.75,-0.08135076680069052,-0.08135076680069052
2018-05-24,6.75,-0.6006411220949615,-0.6006411220949615
2018-05-29,19.25,1.5630686916311676,1.5630686916311676
2018-06-04,6.5,-0.643915318369484,-0.643915318369484
2018-06-05,6.25,-0.6871895146440067,-0.6871895146440067
2018-06-06,6.25,-0.6871895146440067,-0.6871895146440067
2018-06-07,13.0,0.481213784768103,0.481213784768103
2018-06-08,7.5,-0.4708185332713937,-0.4708185332713937
2018-06-14,4.5,-0.9901088885656647,-0.9901088885656647
2018-06-18,3.0,-1.2497540662128002,-1.2497540662128002
2018-06-19,8.5,-0.29772174817330344,-0.29772174817330344
2018-06-20,3.0,-1.2497540662128002,-1.2497540662128002
2018-06-21,8.0,-0.38427014072234855,-0.38427014072234855
2018-06-22,4.25,-1.0333830848401873,-1.0333830848401873
2018-06-25,4.5,-0.9901088885656647,-0.9901088885656647
2018-06-26,4.5,-0.9901088885656647,-0.9901088885656647
2018-06-27,7.5,-0.4708185332713937,-0.4708185332713937
2018-07-02,6.5,-0.643915318369484,-0.643915318369484
2018-07-03,7.0,-0.5573669258204389,-0.5573669258204389
2018-07-05,5.25,-0.8602862997420969,-0.8602862997420969
2018-07-10,3.25,-1.2064798699382775,-1.2064798699382775
2018-07-16,6.25,-0.6871895146440067,-0.6871895146440067
2018-07-17,3.5,-1.163205673663755,-1.163205673663755
2018-07-18,4.0,-1.07665728111471,-1.07665728111471
2018-07-19,9.0,-0.21117335562425826,-0.21117335562425826
2018-07-20,6.75,-0.6006411220949615,-0.6006411220949615
2018-07-23,10.5,0.048471822022877226,0.048471822022877226
2018-07-24,4.0,-1.07665728111471,-1.07665728111471
2018-07-25,6.0,-0.7304637109185292,-0.7304637109185292
2018-07-26,4.5,-0.9901088885656647,-0.9901088885656647
2018-07-30,3.75,-1.1199314773892324,-1.1199314773892324
2018-08-01,7.75,-0.42754433699687117,-0.42754433699687117
2018-08-02,4.25,-1.0333830848401873,-1.0333830848401873
2018-08-06,5.0,-0.9035604960166196,-0.9035604960166196
2018-08-07,5.5,-0.8170121034675744,-0.8170121034675744
2018-08-08,3.25,-1.2064798699382775,-1.2064798699382775
2018-08-14,3.5,-1.163205673663755,-1.163205673663755
2018-08-15,8.25,-0.340995944447826,-0.340995944447826
2018-08-16,4.75,-0.9468346922911421,-0.9468346922911421
2018-08-20,6.5,-0.643915318369484,-0.643915318369484
2018-08-21,4.75,-0.9468346922911421,-0.9468346922911421
2018-08-22,3.75,-1.1199314773892324,-1.1199314773892324
2018-08-23,3.25,-1.2064798699382775,-1.2064798699382775
2018-08-24,4.25,-1.0333830848401873,-1.0333830848401873
2018-08-27,5.5,-0.8170121034675744,-0.8170121034675744
2018-08-28,5.5,-0.8170121034675744,-0.8170121034675744
2018-09-04,5.75,-0.7737379071930518,-0.7737379071930518
2018-09-05,3.75,-1.1199314773892324,-1.1199314773892324
2018-09-06,4.75,-0.9468346922911421,-0.9468346922911421
2018-09-11,6.0,-0.7304637109185292,-0.7304637109185292
2018-09-17,3.5,-1.163205673663755,-1.163205673663755
2018-09-18,8.75,-0.2544475518987808,-0.2544475518987808
2018-09-19,3.75,-1.1199314773892324,-1.1199314773892324
2018-09-20,4.75,-0.9468346922911421,-0.9468346922911421
2018-09-21,3.25,-1.2064798699382775,-1.2064798699382775
2018-09-24,4.0,-1.07665728111471,-1.07665728111471
2018-09-25,3.5,-1.163205673663755,-1.163205673663755
2018-09-26,6.75,-0.6006411220949615,-0.6006411220949615
2018-10-01,4.0,-1.07665728111471,-1.07665728111471
2018-10-02,5.0,-0.9035604960166196,-0.9035604960166196
2018-10-03,15.5,0.9139557475133289,0.9139557475133289
2018-10-04,6.75,-0.6006411220949615,-0.6006411220949615
2018-10-08,6.25,-0.6871895146440067,-0.6871895146440067
2018-10-15,3.0,-1.2497540662128002,-1.2497540662128002
2018-10-16,3.25,-1.2064798699382775,-1.2064798699382775
2018-10-17,7.25,-0.5140927295459163,-0.5140927295459163
2018-10-18,8.0,-0.38427014072234855,-0.38427014072234855
2018-10-19,4.75,-0.9468346922911421,-0.9468346922911421
2018-10-22,4.0,-1.07665728111471,-1.07665728111471
2018-10-23,11.0,0.1350202145719224,0.1350202145719224
2018-10-24,10.25,0.005197625748354648,0.005197625748354648
2018-10-25,6.5,-0.643915318369484,-0.643915318369484
2018-10-30,5.25,-0.8602862997420969,-0.8602862997420969
2018-10-31,5.0,-0.9035604960166196,-0.9035604960166196
2018-11-01,5.0,-0.9035604960166196,-0.9035604960166196
2018-11-05,3.5,-1.163205673663755,-1.163205673663755
2018-11-06,5.5,-0.8170121034675744,-0.8170121034675744
2018-11-07,8.75,-0.2544475518987808,-0.2544475518987808
2018-11-08,4.75,-0.9468346922911421,-0.9468346922911421
2018-11-12,5.75,-0.7737379071930518,-0.7737379071930518
2018-11-15,7.75,-0.42754433699687117,-0.42754433699687117
2018-11-16,7.75,-0.42754433699687117,-0.42754433699687117
2018-11-19,5.75,-0.7737379071930518,-0.7737379071930518
2018-11-20,4.0,-1.07665728111471,-1.07665728111471
2018-11-23,5.25,-0.8602862997420969,-0.8602862997420969
2018-11-26,4.75,-0.9468346922911421,-0.9468346922911421
2018-11-27,3.5,-1.163205673663755,-1.163205673663755
2018-11-30,5.0,-0.9035604960166196,-0.9035604960166196
2018-12-03,9.5,-0.12462496307521309,-0.12462496307521309
2018-12-04,8.75,-0.2544475518987808,-0.2544475518987808
2018-12-13,2.5,-1.3363024587618453,-1.3363024587618453
2018-12-14,5.75,-0.7737379071930518,-0.7737379071930518
2018-12-17,5.75,-0.7737379071930518,-0.7737379071930518
2018-12-18,5.5,-0.8170121034675744,-0.8170121034675744
2018-12-19,4.75,-0.9468346922911421,-0.9468346922911421
2018-12-20,7.0,-0.5573669258204389,-0.5573669258204389
2018-12-24,9.0,-0.21117335562425826,-0.21117335562425826
2018-12-26,12.25,0.3513911959445353,0.3513911959445353
2018-12-27,10.25,0.005197625748354648,0.005197625748354648
2018-12-28,8.5,-0.29772174817330344,-0.29772174817330344
2018-12-31,9.0,-0.21117335562425826,-0.21117335562425826
2019-01-02,11.25,0.17829441084644496,0.17829441084644496
2019-01-03,16.5,1.087052532611419,1.087052532611419
2019-01-07,9.0,-0.21117335562425826,-0.21117335562425826
2019-01-08,7.0,-0.5573669258204389,-0.5573669258204389
2019-01-09,5.75,-0.7737379071930518,-0.7737379071930518
2019-01-16,5.25,-0.8602862997420969,-0.8602862997420969
2019-01-17,9.25,-0.16789915934973568,-0.16789915934973568
2019-01-22,7.5,-0.4708185332713937,-0.4708185332713937
2019-01-23,5.25,-0.8602862997420969,-0.8602862997420969
2019-01-24,7.0,-0.5573669258204389,-0.5573669258204389
2019-01-25,7.5,-0.4708185332713937,-0.4708185332713937
2019-01-28,5.5,-0.8170121034675744,-0.8170121034675744
2019-01-29,5.75,-0.7737379071930518,-0.7737379071930518
2019-01-30,10.25,0.005197625748354648,0.005197625748354648
2019-01-31,8.5,-0.29772174817330344,-0.29772174817330344
2019-02-05,6.0,-0.7304637109185292,-0.7304637109185292
2019-02-08,4.5,-0.9901088885656647,-0.9901088885656647
2019-02-12,5.0,-0.9035604960166196,-0.9035604960166196
2019-02-19,6.0,-0.7304637109185292,-0.7304637109185292
2019-02-20,3.75,-1.1199314773892324,-1.1199314773892324
2019-02-21,7.25,-0.5140927295459163,-0.5140927295459163
2019-02-22,7.0,-0.5573669258204389,-0.5573669258204389
2019-02-25,3.25,-1.2064798699382775,-1.2064798699382775
2019-02-26,4.75,-0.9468346922911421,-0.9468346922911421
2019-02-27,8.0,-0.38427014072234855,-0.38427014072234855
2019-03-04,6.5,-0.643915318369484,-0.643915318369484
2019-03-05,4.0,-1.07665728111471,-1.07665728111471
2019-03-06,5.75,-0.7737379071930518,-0.7737379071930518
2019-03-07,7.5,-0.4708185332713937,-0.4708185332713937
2019-03-14,3.75,-1.1199314773892324,-1.1199314773892324
2019-03-18,3.0,-1.2497540662128002,-1.2497540662128002
2019-03-19,4.75,-0.9468346922911421,-0.9468346922911421
2019-03-20,2.75,-1.2930282624873228,-1.2930282624873228
2019-03-21,6.5,-0.643915318369484,-0.643915318369484
2019-03-22,15.0,0.8274073549642836,0.8274073549642836
2019-03-26,7.25,-0.5140927295459163,-0.5140927295459163
2019-03-27,11.25,0.17829441084644496,0.17829441084644496
2019-04-01,10.5,0.048471822022877226,0.048471822022877226
2019-04-02,4.0,-1.07665728111471,-1.07665728111471
2019-04-03,7.0,-0.5573669258204389,-0.5573669258204389
2019-04-04,4.5,-0.9901088885656647,-0.9901088885656647
2019-04-09,5.5,-0.8170121034675744,-0.8170121034675744
2019-04-16,6.5,-0.643915318369484,-0.643915318369484
2019-04-17,4.75,-0.9468346922911421,-0.9468346922911421
2019-04-18,6.25,-0.6871895146440067,-0.6871895146440067
2019-04-22,4.0,-1.07665728111471,-1.07665728111471
2019-04-23,4.75,-0.9468346922911421,-0.9468346922911421
2019-04-24,7.5,-0.4708185332713937,-0.4708185332713937
2019-04-25,3.75,-1.1199314773892324,-1.1199314773892324
2019-04-30,6.5,-0.643915318369484,-0.643915318369484
2019-05-01,10.5,0.048471822022877226,0.048471822022877226
2019-05-02,8.0,-0.38427014072234855,-0.38427014072234855
2019-05-06,8.75,-0.2544475518987808,-0.2544475518987808
2019-05-07,6.75,-0.6006411220949615,-0.6006411220949615
2019-05-08,8.5,-0.29772174817330344,-0.29772174817330344
2019-05-14,4.5,-0.9901088885656647,-0.9901088885656647
2019-05-15,8.5,-0.29772174817330344,-0.29772174817330344
2019-05-16,8.5,-0.29772174817330344,-0.29772174817330344
2019-05-20,5.5,-0.8170121034675744,-0.8170121034675744
2019-05-21,5.25,-0.8602862997420969,-0.8602862997420969
2019-05-22,6.75,-0.6006411220949615,-0.6006411220949615
2019-05-23,12.0,0.3081169996700127,0.3081169996700127
2019-05-24,3.75,-1.1199314773892324,-1.1199314773892324
2019-05-28,8.75,-0.2544475518987808,-0.2544475518987808
2019-05-29,8.0,-0.38427014072234855,-0.38427014072234855
2019-06-03,12.25,0.3513911959445353,0.3513911959445353
2019-06-04,11.5,0.22156860712096754,0.22156860712096754
2019-06-05,10.5,0.048471822022877226,0.048471822022877226
2019-06-06,6.25,-0.6871895146440067,-0.6871895146440067
2019-06-13,6.25,-0.6871895146440067,-0.6871895146440067
2019-06-17,4.75,-0.9468346922911421,-0.9468346922911421
2019-06-18,9.5,-0.12462496307521309,-0.12462496307521309
2019-06-19,3.0,-1.2497540662128002,-1.2497540662128002
2019-06-20,9.5,-0.12462496307521309,-0.12462496307521309
2019-06-21,9.25,-0.16789915934973568,-0.16789915934973568
2019-06-24,7.25,-0.5140927295459163,-0.5140927295459163
2019-06-25,5.75,-0.7737379071930518,-0.7737379071930518
2019-06-26,10.0,-0.03807657052616793,-0.03807657052616793
2019-07-01,7.0,-0.5573669258204389,-0.5573669258204389
2019-07-02,7.25,-0.5140927295459163,-0.5140927295459163
2019-07-03,4.75,-0.9468346922911421,-0.9468346922911421
2019-07-09,5.5,-0.8170121034675744,-0.8170121034675744
2019-07-10,11.5,0.22156860712096754,0.22156860712096754
2019-07-15,6.0,-0.7304637109185292,-0.7304637109185292
2019-07-16,8.5,-0.29772174817330344,-0.29772174817330344
2019-07-17,9.0,-0.21117335562425826,-0.21117335562425826
2019-07-18,9.25,-0.16789915934973568,-0.16789915934973568
2019-07-22,5.5,-0.8170121034675744,-0.8170121034675744
2019-07-23,5.25,-0.8602862997420969,-0.8602862997420969
2019-07-24,6.5,-0.643915318369484,-0.643915318369484
2019-07-25,12.25,0.3513911959445353,0.3513911959445353
2019-07-29,3.5,-1.163205673663755,-1.163205673663755
2019-07-31,11.0,0.1350202145719224,0.1350202145719224
2019-08-01,26.75,2.861294579866845,2.861294579866845
2019-08-05,18.5,1.4332461028075998,1.4332461028075998
2019-08-06,13.75,0.6110363735916707,0.6110363735916707
2019-08-07,18.25,1.3899719065330771,1.3899719065330771
2019-08-08,10.25,0.005197625748354648,0.005197625748354648
2019-08-14,16.5,1.087052532611419,1.087052532611419
2019-08-15,16.5,1.087052532611419,1.087052532611419
2019-08-19,8.25,-0.340995944447826,-0.340995944447826
2019-08-20,9.5,-0.12462496307521309,-0.12462496307521309
2019-08-21,7.5,-0.4708185332713937,-0.4708185332713937
2019-08-22,9.75,-0.08135076680069052,-0.08135076680069052
2019-08-23,20.5,1.7794396730037805,1.7794396730037805
2019-08-26,13.75,0.6110363735916707,0.6110363735916707
2019-08-27,7.25,-0.5140927295459163,-0.5140927295459163
2019-08-28,6.25,-0.6871895146440067,-0.6871895146440067
2019-09-03,13.75,0.6110363735916707,0.6110363735916707
2019-09-04,7.0,-0.5573669258204389,-0.5573669258204389
2019-09-05,17.75,1.303423513984032,1.303423513984032
2019-09-10,15.5,0.9139557475133289,0.9139557475133289
2019-09-16,6.75,-0.6006411220949615,-0.6006411220949615
2019-09-17,6.75,-0.6006411220949615,-0.6006411220949615
2019-09-18,9.25,-0.16789915934973568,-0.16789915934973568
2019-09-19,8.25,-0.340995944447826,-0.340995944447826
2019-09-20,9.5,-0.12462496307521309,-0.12462496307521309
2019-09-23,13.5,0.5677621773171482,0.5677621773171482
2019-09-24,13.75,0.6110363735916707,0.6110363735916707
2019-09-25,13.75,0.6110363735916707,0.6110363735916707
2019-09-30,5.75,-0.7737379071930518,-0.7737379071930518
2019-10-01,20.75,1.822713869278303,1.822713869278303
2019-10-02,13.0,0.481213784768103,0.481213784768103
2019-10-03,14.75,0.7841331586897611,0.7841331586897611
2019-10-07,9.25,-0.16789915934973568,-0.16789915934973568
2019-10-09,9.0,-0.21117335562425826,-0.21117335562425826
2019-10-14,10.5,0.048471822022877226,0.048471822022877226
2019-10-16,7.5,-0.4708185332713937,-0.4708185332713937
2019-10-17,10.75,0.09174601829739981,0.09174601829739981
2019-10-18,6.5,-0.643915318369484,-0.643915318369484
2019-10-21,9.5,-0.12462496307521309,-0.12462496307521309
2019-10-22,6.25,-0.6871895146440067,-0.6871895146440067
2019-10-23,6.0,-0.7304637109185292,-0.7304637109185292
2019-10-24,6.75,-0.6006411220949615,-0.6006411220949615
2019-10-28,8.5,-0.29772174817330344,-0.29772174817330344
2019-10-29,5.0,-0.9035604960166196,-0.9035604960166196
2019-11-04,8.75,-0.2544475518987808,-0.2544475518987808
2019-11-05,12.75,0.43793958849358045,0.43793958849358045
2019-11-06,7.25,-0.5140927295459163,-0.5140927295459163
2019-11-11,5.75,-0.7737379071930518,-0.7737379071930518
2019-11-15,4.75,-0.9468346922911421,-0.9468346922911421
2019-11-18,7.75,-0.42754433699687117,-0.42754433699687117
2019-11-19,5.5,-0.8170121034675744,-0.8170121034675744
2019-11-20,7.25,-0.5140927295459163,-0.5140927295459163
2019-11-21,10.75,0.09174601829739981,0.09174601829739981
2019-11-26,6.5,-0.643915318369484,-0.643915318369484
2019-11-29,6.0,-0.7304637109185292,-0.7304637109185292
2019-12-02,8.0,-0.38427014072234855,-0.38427014072234855
2019-12-03,20.0,1.6928912804547354,1.6928912804547354
2019-12-04,10.75,0.09174601829739981,0.09174601829739981
2019-12-05,8.25,-0.340995944447826,-0.340995944447826
2019-12-10,6.0,-0.7304637109185292,-0.7304637109185292
2019-12-13,17.5,1.2601493177095096,1.2601493177095096
2019-12-16,7.5,-0.4708185332713937,-0.4708185332713937
2019-12-17,3.5,-1.163205673663755,-1.163205673663755
2019-12-18,8.25,-0.340995944447826,-0.340995944447826
2019-12-19,4.5,-0.9901088885656647,-0.9901088885656647
2019-12-23,5.5,-0.8170121034675744,-0.8170121034675744
2019-12-24,6.25,-0.6871895146440067,-0.6871895146440067
2019-12-26,4.25,-1.0333830848401873,-1.0333830848401873
2019-12-27,4.5,-0.9901088885656647,-0.9901088885656647
2019-12-30,8.5,-0.29772174817330344,-0.29772174817330344
2019-12-31,5.75,-0.7737379071930518,-0.7737379071930518
2020-01-02,12.25,0.3513911959445353,0.3513911959445353
2020-01-03,13.0,0.481213784768103,0.481213784768103
2020-01-06,8.0,-0.38427014072234855,-0.38427014072234855
2020-01-07,4.0,-1.07665728111471,-1.07665728111471
2020-01-08,23.25,2.2554558320235287,2.2554558320235287
2020-01-09,6.25,-0.6871895146440067,-0.6871895146440067
2020-01-16,5.75,-0.7737379071930518,-0.7737379071930518
2020-01-21,8.0,-0.38427014072234855,-0.38427014072234855
2020-01-22,4.0,-1.07665728111471,-1.07665728111471
2020-01-23,7.75,-0.42754433699687117,-0.42754433699687117
2020-01-24,12.5,0.3946653922190579,0.3946653922190579
2020-01-27,7.0,-0.5573669258204389,-0.5573669258204389
2020-01-28,11.75,0.26484280339549016,0.26484280339549016
2020-01-29,11.75,0.26484280339549016,0.26484280339549016
2020-02-03,12.5,0.3946653922190579,0.3946653922190579
2020-02-04,14.25,0.697584766140716,0.697584766140716
2020-02-05,12.5,0.3946653922190579,0.3946653922190579
2020-02-11,5.0,-0.9035604960166196,-0.9035604960166196
2020-02-12,5.25,-0.8602862997420969,-0.8602862997420969
2020-02-18,9.0,-0.21117335562425826,-0.21117335562425826
2020-02-20,10.5,0.048471822022877226,0.048471822022877226
2020-02-21,11.25,0.17829441084644496,0.17829441084644496
2020-02-24,12.75,0.43793958849358045,0.43793958849358045
2020-02-25,15.75,0.9572299437878514,0.9572299437878514
2020-02-26,11.25,0.17829441084644496,0.17829441084644496
2020-03-02,20.25,1.7361654767292578,1.7361654767292578
2020-03-03,39.5,5.0682785898674965,5.0682785898674965
2020-03-04,15.5,0.9139557475133289,0.9139557475133289
2020-03-05,20.25,1.7361654767292578,1.7361654767292578
2020-03-10,28.0,3.077665561239458,3.077665561239458
2020-03-16,27.5,2.9911171686904128,2.9911171686904128
2020-03-17,69.5,10.261182142810206,10.261182142810206
2020-03-18,26.0,2.731471991043277,2.731471991043277
2020-03-19,23.0,2.212181635749006,2.212181635749006
2020-03-20,8.0,-0.38427014072234855,-0.38427014072234855
2020-03-23,21.75,1.9958106543763934,1.9958106543763934
2020-03-24,22.25,2.0823590469254385,2.0823590469254385
2020-03-25,10.5,0.048471822022877226,0.048471822022877226
2020-03-30,16.25,1.0437783363368967,1.0437783363368967
2020-03-31,11.25,0.17829441084644496,0.17829441084644496
2020-04-01,10.25,0.005197625748354648,0.005197625748354648
2020-04-02,10.75,0.09174601829739981,0.09174601829739981
2020-04-07,15.5,0.9139557475133289,0.9139557475133289
2020-04-08,9.5,-0.12462496307521309,-0.12462496307521309
2020-04-13,7.25,-0.5140927295459163,-0.5140927295459163
2020-04-14,8.75,-0.2544475518987808,-0.2544475518987808
2020-04-15,17.5,1.2601493177095096,1.2601493177095096
2020-04-16,7.25,-0.5140927295459163,-0.5140927295459163
2020-04-17,14.5,0.7408589624152385,0.7408589624152385
2020-04-20,5.0,-0.9035604960166196,-0.9035604960166196
2020-04-21,9.75,-0.08135076680069052,-0.08135076680069052
2020-04-22,11.25,0.17829441084644496,0.17829441084644496
2020-04-23,5.0,-0.9035604960166196,-0.9035604960166196
2020-04-27,7.5,-0.4708185332713937,-0.4708185332713937
2020-04-28,9.25,-0.16789915934973568,-0.16789915934973568
2020-05-01,6.75,-0.6006411220949615,-0.6006411220949615
2020-05-04,7.0,-0.5573669258204389,-0.5573669258204389
2020-05-05,5.75,-0.7737379071930518,-0.7737379071930518
2020-05-06,8.75,-0.2544475518987808,-0.2544475518987808
2020-05-07,13.5,0.5677621773171482,0.5677621773171482
2020-05-14,5.75,-0.7737379071930518,-0.7737379071930518
2020-05-18,13.25,0.5244879810426256,0.5244879810426256
2020-05-19,7.5,-0.4708185332713937,-0.4708185332713937
2020-05-20,6.0,-0.7304637109185292,-0.7304637109185292
2020-05-21,3.75,-1.1199314773892324,-1.1199314773892324
2020-05-22,6.0,-0.7304637109185292,-0.7304637109185292
2020-05-26,7.25,-0.5140927295459163,-0.5140927295459163
2020-05-27,10.0,-0.03807657052616793,-0.03807657052616793
2020-06-01,6.75,-0.6006411220949615,-0.6006411220949615
2020-06-02,4.75,-0.9468346922911421,-0.9468346922911421
2020-06-03,11.75,0.26484280339549016,0.26484280339549016
2020-06-04,10.25,0.005197625748354648,0.005197625748354648
2020-06-09,7.0,-0.5573669258204389,-0.5573669258204389
2020-06-15,8.5,-0.29772174817330344,-0.29772174817330344
2020-06-16,5.5,-0.8170121034675744,-0.8170121034675744
2020-06-17,3.0,-1.2497540662128002,-1.2497540662128002
2020-06-18,3.0,-1.2497540662128002,-1.2497540662128002
2020-06-19,5.75,-0.7737379071930518,-0.7737379071930518
2020-06-22,5.0,-0.9035604960166196,-0.9035604960166196
2020-06-23,6.25,-0.6871895146440067,-0.6871895146440067
2020-06-24,6.0,-0.7304637109185292,-0.7304637109185292
2020-06-29,5.5,-0.8170121034675744,-0.8170121034675744
2020-06-30,5.5,-0.8170121034675744,-0.8170121034675744
2020-07-01,6.0,-0.7304637109185292,-0.7304637109185292
2020-07-06,7.5,-0.4708185332713937,-0.4708185332713937
2020-07-07,6.25,-0.6871895146440067,-0.6871895146440067
2020-07-08,4.25,-1.0333830848401873,-1.0333830848401873
2020-07-09,7.5,-0.4708185332713937,-0.4708185332713937
2020-07-15,5.25,-0.8602862997420969,-0.8602862997420969
2020-07-16,4.75,-0.9468346922911421,-0.9468346922911421
2020-07-20,3.75,-1.1199314773892324,-1.1199314773892324
2020-07-21,4.25,-1.0333830848401873,-1.0333830848401873
2020-07-22,3.0,-1.2497540662128002,-1.2497540662128002
2020-07-23,3.0,-1.2497540662128002,-1.2497540662128002
2020-07-24,4.0,-1.07665728111471,-1.07665728111471
2020-07-27,5.5,-0.8170121034675744,-0.8170121034675744
2020-07-28,7.75,-0.42754433699687117,-0.42754433699687117
2020-07-29,4.75,-0.9468346922911421,-0.9468346922911421
2020-08-03,4.75,-0.9468346922911421,-0.9468346922911421
2020-08-04,7.5,-0.4708185332713937,-0.4708185332713937
2020-08-05,6.5,-0.643915318369484,-0.643915318369484
2020-08-06,6.5,-0.643915318369484,-0.643915318369484
2020-08-13,8.75,-0.2544475518987808,-0.2544475518987808
2020-08-17,5.75,-0.7737379071930518,-0.7737379071930518
2020-08-18,4.0,-1.07665728111471,-1.07665728111471
2020-08-19,4.75,-0.9468346922911421,-0.9468346922911421
2020-08-20,5.5,-0.8170121034675744,-0.8170121034675744
2020-08-21,5.0,-0.9035604960166196,-0.9035604960166196
2020-08-24,4.5,-0.9901088885656647,-0.9901088885656647
2020-08-25,7.5,-0.4708185332713937,-0.4708185332713937
2020-08-26,5.25,-0.8602862997420969,-0.8602862997420969
2020-08-31,5.75,-0.7737379071930518,-0.7737379071930518
2020-09-01,6.25,-0.6871895146440067,-0.6871895146440067
2020-09-02,5.0,-0.9035604960166196,-0.9035604960166196
2020-09-03,7.0,-0.5573669258204389,-0.5573669258204389
2020-09-08,6.25,-0.6871895146440067,-0.6871895146440067
2020-09-09,4.75,-0.9468346922911421,-0.9468346922911421
2020-09-15,1.75,-1.466125047585413,-1.466125047585413
2020-09-16,6.5,-0.643915318369484,-0.643915318369484
2020-09-17,5.5,-0.8170121034675744,-0.8170121034675744
2020-09-21,4.25,-1.0333830848401873,-1.0333830848401873
2020-09-22,2.25,-1.379576655036368,-1.379576655036368
2020-09-23,4.5,-0.9901088885656647,-0.9901088885656647
2020-09-24,2.25,-1.379576655036368,-1.379576655036368
2020-09-25,4.0,-1.07665728111471,-1.07665728111471
2020-09-28,2.75,-1.2930282624873228,-1.2930282624873228
2020-09-29,3.0,-1.2497540662128002,-1.2497540662128002
2020-10-05,11.25,0.17829441084644496,0.17829441084644496
2020-10-06,7.5,-0.4708185332713937,-0.4708185332713937
2020-10-07,8.0,-0.38427014072234855,-0.38427014072234855
2020-10-08,3.75,-1.1199314773892324,-1.1199314773892324
2020-10-09,5.0,-0.9035604960166196,-0.9035604960166196
2020-10-12,2.25,-1.379576655036368,-1.379576655036368
2020-10-15,6.0,-0.7304637109185292,-0.7304637109185292
2020-10-19,4.75,-0.9468346922911421,-0.9468346922911421
2020-10-20,3.75,-1.1199314773892324,-1.1199314773892324
2020-10-21,5.75,-0.7737379071930518,-0.7737379071930518
2020-10-22,7.5,-0.4708185332713937,-0.4708185332713937
2020-10-23,4.75,-0.9468346922911421,-0.9468346922911421
2020-10-26,6.0,-0.7304637109185292,-0.7304637109185292
2020-10-27,5.25,-0.8602862997420969,-0.8602862997420969
2020-10-28,5.25,-0.8602862997420969,-0.8602862997420969
2020-11-02,5.5,-0.8170121034675744,-0.8170121034675744
2020-11-03,6.25,-0.6871895146440067,-0.6871895146440067
2020-11-04,22.25,2.0823590469254385,2.0823590469254385
2020-11-05,8.0,-0.38427014072234855,-0.38427014072234855
2020-11-10,8.0,-0.38427014072234855,-0.38427014072234855
2020-11-11,6.75,-0.6006411220949615,-0.6006411220949615
2020-11-16,6.5,-0.643915318369484,-0.643915318369484
2020-11-17,6.5,-0.643915318369484,-0.643915318369484
2020-11-19,4.75,-0.9468346922911421,-0.9468346922911421
2020-11-20,4.0,-1.07665728111471,-1.07665728111471
2020-11-23,4.5,-0.9901088885656647,-0.9901088885656647
2020-11-24,3.25,-1.2064798699382775,-1.2064798699382775
2020-11-27,5.0,-0.9035604960166196,-0.9035604960166196
2020-11-30,3.25,-1.2064798699382775,-1.2064798699382775
2020-12-01,12.25,0.3513911959445353,0.3513911959445353
2020-12-02,5.5,-0.8170121034675744,-0.8170121034675744
2020-12-03,5.5,-0.8170121034675744,-0.8170121034675744
2020-12-07,6.0,-0.7304637109185292,-0.7304637109185292
2020-12-08,5.0,-0.9035604960166196,-0.9035604960166196
2020-12-09,3.25,-1.2064798699382775,-1.2064798699382775
2020-12-15,5.0,-0.9035604960166196,-0.9035604960166196
2020-12-16,5.0,-0.9035604960166196,-0.9035604960166196
2020-12-17,5.25,-0.8602862997420969,-0.8602862997420969
2020-12-18,3.25,-1.2064798699382775,-1.2064798699382775
2020-12-21,6.0,-0.7304637109185292,-0.7304637109185292
2020-12-24,3.25,-1.2064798699382775,-1.2064798699382775
2020-12-28,5.0,-0.9035604960166196,-0.9035604960166196
2020-12-29,2.75,-1.2930282624873228,-1.2930282624873228
2020-12-30,3.75,-1.1199314773892324,-1.1199314773892324
2020-12-31,3.5,-1.163205673663755,-1.163205673663755
2021-01-04,5.75,-0.7737379071930518,-0.7737379071930518
2021-01-05,6.0,-0.7304637109185292,-0.7304637109185292
2021-01-06,13.25,0.5244879810426256,0.5244879810426256
2021-01-07,7.25,-0.5140927295459163,-0.5140927295459163
2021-01-12,6.75,-0.6006411220949615,-0.6006411220949615
2021-01-14,6.0,-0.7304637109185292,-0.7304637109185292
2021-01-19,5.25,-0.8602862997420969,-0.8602862997420969
2021-01-20,4.25,-1.0333830848401873,-1.0333830848401873
2021-01-21,5.25,-0.8602862997420969,-0.8602862997420969
2021-01-22,4.25,-1.0333830848401873,-1.0333830848401873
2021-01-25,8.25,-0.340995944447826,-0.340995944447826
2021-01-26,3.0,-1.2497540662128002,-1.2497540662128002
2021-01-27,5.75,-0.7737379071930518,-0.7737379071930518
2021-02-01,3.75,-1.1199314773892324,-1.1199314773892324
2021-02-02,5.5,-0.8170121034675744,-0.8170121034675744
2021-02-03,4.75,-0.9468346922911421,-0.9468346922911421
2021-02-04,4.0,-1.07665728111471,-1.07665728111471
2021-02-09,3.25,-1.2064798699382775,-1.2064798699382775
2021-02-11,4.25,-1.0333830848401873,-1.0333830848401873
2021-02-16,13.25,0.5244879810426256,0.5244879810426256
2021-02-18,7.0,-0.5573669258204389,-0.5573669258204389
2021-02-19,9.0,-0.21117335562425826,-0.21117335562425826
2021-02-22,9.0,-0.21117335562425826,-0.21117335562425826
2021-02-23,5.75,-0.7737379071930518,-0.7737379071930518
2021-02-24,13.75,0.6110363735916707,0.6110363735916707
2021-03-01,7.75,-0.42754433699687117,-0.42754433699687117
2021-03-02,9.25,-0.16789915934973568,-0.16789915934973568
2021-03-03,12.5,0.3946653922190579,0.3946653922190579
2021-03-04,12.75,0.43793958849358045,0.43793958849358045
2021-03-09,8.25,-0.340995944447826,-0.340995944447826
2021-03-11,9.25,-0.16789915934973568,-0.16789915934973568
2021-03-15,4.25,-1.0333830848401873,-1.0333830848401873
2021-03-16,4.5,-0.9901088885656647,-0.9901088885656647
2021-03-17,9.25,-0.16789915934973568,-0.16789915934973568
2021-03-18,14.5,0.7408589624152385,0.7408589624152385
2021-03-19,7.75,-0.42754433699687117,-0.42754433699687117
2021-03-22,2.5,-1.3363024587618453,-1.3363024587618453
2021-03-23,10.5,0.048471822022877226,0.048471822022877226
2021-03-24,7.5,-0.4708185332713937,-0.4708185332713937
2021-03-29,11.0,0.1350202145719224,0.1350202145719224
2021-03-30,9.75,-0.08135076680069052,-0.08135076680069052
2021-03-31,6.25,-0.6871895146440067,-0.6871895146440067
2021-04-01,10.25,0.005197625748354648,0.005197625748354648
2021-04-05,7.5,-0.4708185332713937,-0.4708185332713937
2021-04-06,10.0,-0.03807657052616793,-0.03807657052616793
2021-04-07,6.0,-0.7304637109185292,-0.7304637109185292
2021-04-08,7.0,-0.5573669258204389,-0.5573669258204389
2021-04-14,6.5,-0.643915318369484,-0.643915318369484
2021-04-15,13.75,0.6110363735916707,0.6110363735916707
2021-04-19,8.25,-0.340995944447826,-0.340995944447826
2021-04-20,10.0,-0.03807657052616793,-0.03807657052616793
2021-04-21,4.5,-0.9901088885656647,-0.9901088885656647
2021-04-22,7.75,-0.42754433699687117,-0.42754433699687117
2021-04-23,6.75,-0.6006411220949615,-0.6006411220949615
2021-04-26,5.5,-0.8170121034675744,-0.8170121034675744
2021-04-27,7.0,-0.5573669258204389,-0.5573669258204389
2021-04-28,7.75,-0.42754433699687117,-0.42754433699687117
2021-05-03,10.75,0.09174601829739981,0.09174601829739981
2021-05-04,9.25,-0.16789915934973568,-0.16789915934973568
2021-05-05,8.0,-0.38427014072234855,-0.38427014072234855
2021-05-06,3.75,-1.1199314773892324,-1.1199314773892324
2021-05-11,5.5,-0.8170121034675744,-0.8170121034675744
2021-05-17,6.75,-0.6006411220949615,-0.6006411220949615
2021-05-18,3.5,-1.163205673663755,-1.163205673663755
2021-05-19,10.25,0.005197625748354648,0.005197625748354648
2021-05-20,8.0,-0.38427014072234855,-0.38427014072234855
2021-05-21,4.0,-1.07665728111471,-1.07665728111471
2021-05-24,3.5,-1.163205673663755,-1.163205673663755
2021-05-25,7.25,-0.5140927295459163,-0.5140927295459163
2021-05-26,3.75,-1.1199314773892324,-1.1199314773892324
2021-06-01,4.0,-1.07665728111471,-1.07665728111471
2021-06-02,4.0,-1.07665728111471,-1.07665728111471
2021-06-03,6.0,-0.7304637109185292,-0.7304637109185292
2021-06-07,2.25,-1.379576655036368,-1.379576655036368
2021-06-08,6.25,-0.6871895146440067,-0.6871895146440067
2021-06-09,7.75,-0.42754433699687117,-0.42754433699687117
2021-06-16,16.25,1.0437783363368967,1.0437783363368967
2021-06-17,9.0,-0.21117335562425826,-0.21117335562425826
2021-06-18,9.0,-0.21117335562425826,-0.21117335562425826
2021-06-21,15.0,0.8274073549642836,0.8274073549642836
2021-06-22,6.75,-0.6006411220949615,-0.6006411220949615
2021-06-23,5.75,-0.7737379071930518,-0.7737379071930518
2021-06-28,7.0,-0.5573669258204389,-0.5573669258204389
2021-06-29,4.5,-0.9901088885656647,-0.9901088885656647
2021-06-30,6.0,-0.7304637109185292,-0.7304637109185292
2021-07-01,4.5,-0.9901088885656647,-0.9901088885656647
2021-07-06,13.0,0.481213784768103,0.481213784768103
2021-07-07,8.0,-0.38427014072234855,-0.38427014072234855
2021-07-08,9.25,-0.16789915934973568,-0.16789915934973568
2021-07-09,7.0,-0.5573669258204389,-0.5573669258204389
2021-07-15,7.0,-0.5573669258204389,-0.5573669258204389
2021-07-19,15.75,0.9572299437878514,0.9572299437878514
2021-07-20,12.5,0.3946653922190579,0.3946653922190579
2021-07-21,13.5,0.5677621773171482,0.5677621773171482
2021-07-22,9.75,-0.08135076680069052,-0.08135076680069052
2021-07-23,4.5,-0.9901088885656647,-0.9901088885656647
2021-07-26,8.5,-0.29772174817330344,-0.29772174817330344
2021-07-27,7.5,-0.4708185332713937,-0.4708185332713937
2021-07-28,7.75,-0.42754433699687117,-0.42754433699687117
2021-08-02,11.25,0.17829441084644496,0.17829441084644496
2021-08-03,6.5,-0.643915318369484,-0.643915318369484
2021-08-04,13.0,0.481213784768103,0.481213784768103
2021-08-05,8.25,-0.340995944447826,-0.340995944447826
2021-08-10,6.25,-0.6871895146440067,-0.6871895146440067
2021-08-16,8.0,-0.38427014072234855,-0.38427014072234855
2021-08-17,7.25,-0.5140927295459163,-0.5140927295459163
2021-08-18,6.5,-0.643915318369484,-0.643915318369484
2021-08-19,5.75,-0.7737379071930518,-0.7737379071930518
2021-08-20,6.0,-0.7304637109185292,-0.7304637109185292
2021-08-23,5.25,-0.8602862997420969,-0.8602862997420969
2021-08-24,5.0,-0.9035604960166196,-0.9035604960166196
2021-08-25,8.0,-0.38427014072234855,-0.38427014072234855
2021-08-30,5.25,-0.8602862997420969,-0.8602862997420969
2021-08-31,5.0,-0.9035604960166196,-0.9035604960166196
2021-09-01,6.25,-0.6871895146440067,-0.6871895146440067
2021-09-02,2.5,-1.3363024587618453,-1.3363024587618453
2021-09-07,7.0,-0.5573669258204389,-0.5573669258204389
2021-09-08,4.75,-0.9468346922911421,-0.9468346922911421
2021-09-09,6.75,-0.6006411220949615,-0.6006411220949615
2021-09-15,5.25,-0.8602862997420969,-0.8602862997420969
2021-09-16,7.75,-0.42754433699687117,-0.42754433699687117
2021-09-20,8.5,-0.29772174817330344,-0.29772174817330344
2021-09-21,5.25,-0.8602862997420969,-0.8602862997420969
2021-09-22,7.5,-0.4708185332713937,-0.4708185332713937
2021-09-23,16.5,1.087052532611419,1.087052532611419
2021-09-24,7.75,-0.42754433699687117,-0.42754433699687117
2021-09-27,9.0,-0.21117335562425826,-0.21117335562425826
2021-09-28,10.0,-0.03807657052616793,-0.03807657052616793
2021-09-29,7.75,-0.42754433699687117,-0.42754433699687117
2021-10-04,6.5,-0.643915318369484,-0.643915318369484
2021-10-05,7.5,-0.4708185332713937,-0.4708185332713937
2021-10-06,7.0,-0.5573669258204389,-0.5573669258204389
2021-10-07,7.5,-0.4708185332713937,-0.4708185332713937
2021-10-11,4.0,-1.07665728111471,-1.07665728111471
2021-10-18,8.0,-0.38427014072234855,-0.38427014072234855
2021-10-19,8.25,-0.340995944447826,-0.340995944447826
2021-10-20,8.0,-0.38427014072234855,-0.38427014072234855
2021-10-21,9.75,-0.08135076680069052,-0.08135076680069052
2021-10-22,8.25,-0.340995944447826,-0.340995944447826
2021-10-25,7.0,-0.5573669258204389,-0.5573669258204389
2021-10-26,5.5,-0.8170121034675744,-0.8170121034675744
2021-10-27,12.5,0.3946653922190579,0.3946653922190579
2021-11-01,6.5,-0.643915318369484,-0.643915318369484
2021-11-02,8.0,-0.38427014072234855,-0.38427014072234855
2021-11-03,11.0,0.1350202145719224,0.1350202145719224
2021-11-04,14.0,0.6543105698661934,0.6543105698661934
2021-11-11,8.5,-0.29772174817330344,-0.29772174817330344
2021-11-15,10.0,-0.03807657052616793,-0.03807657052616793
2021-11-16,7.0,-0.5573669258204389,-0.5573669258204389
2021-11-17,8.75,-0.2544475518987808,-0.2544475518987808
2021-11-18,5.0,-0.9035604960166196,-0.9035604960166196
2021-11-19,13.25,0.5244879810426256,0.5244879810426256
2021-11-22,13.5,0.5677621773171482,0.5677621773171482
2021-11-23,7.5,-0.4708185332713937,-0.4708185332713937
2021-11-26,25.25,2.6016494022197096,2.6016494022197096
2021-11-29,11.0,0.1350202145719224,0.1350202145719224
2021-11-30,16.25,1.0437783363368967,1.0437783363368967
2021-12-01,14.25,0.697584766140716,0.697584766140716
2021-12-02,9.5,-0.12462496307521309,-0.12462496307521309
2021-12-06,9.75,-0.08135076680069052,-0.08135076680069052
2021-12-07,7.25,-0.5140927295459163,-0.5140927295459163
2021-12-08,12.0,0.3081169996700127,0.3081169996700127
2021-12-09,8.5,-0.29772174817330344,-0.29772174817330344
2021-12-15,7.5,-0.4708185332713937,-0.4708185332713937
2021-12-16,10.0,-0.03807657052616793,-0.03807657052616793
2021-12-17,5.5,-0.8170121034675744,-0.8170121034675744
2021-12-20,6.75,-0.6006411220949615,-0.6006411220949615
2021-12-21,11.75,0.26484280339549016,0.26484280339549016
2021-12-27,4.25,-1.0333830848401873,-1.0333830848401873
2021-12-28,4.0,-1.07665728111471,-1.07665728111471
2021-12-29,10.25,0.005197625748354648,0.005197625748354648
2021-12-30,5.25,-0.8602862997420969,-0.8602862997420969
2021-12-31,4.25,-1.0333830848401873,-1.0333830848401873
2022-01-03,15.25,0.8706815512388063,0.8706815512388063
2022-01-04,7.5,-0.4708185332713937,-0.4708185332713937
2022-01-05,10.25,0.005197625748354648,0.005197625748354648
2022-01-06,9.0,-0.21117335562425826,-0.21117335562425826
2022-01-11,7.0,-0.5573669258204389,-0.5573669258204389
2022-01-18,12.75,0.43793958849358045,0.43793958849358045
2022-01-19,10.75,0.09174601829739981,0.09174601829739981
2022-01-20,11.25,0.17829441084644496,0.17829441084644496
2022-01-21,10.0,-0.03807657052616793,-0.03807657052616793
2022-01-24,11.5,0.22156860712096754,0.22156860712096754
2022-01-25,8.0,-0.38427014072234855,-0.38427014072234855
2022-01-26,17.0,1.1736009251604642,1.1736009251604642
2022-01-31,6.0,-0.7304637109185292,-0.7304637109185292
2022-02-01,10.75,0.09174601829739981,0.09174601829739981
2022-02-02,8.5,-0.29772174817330344,-0.29772174817330344
2022-02-03,11.75,0.26484280339549016,0.26484280339549016
2022-02-07,5.25,-0.8602862997420969,-0.8602862997420969
2022-02-08,7.25,-0.5140927295459163,-0.5140927295459163
2022-02-09,8.0,-0.38427014072234855,-0.38427014072234855
2022-02-16,6.25,-0.6871895146440067,-0.6871895146440067
2022-02-17,11.25,0.17829441084644496,0.17829441084644496
2022-02-18,9.25,-0.16789915934973568,-0.16789915934973568
2022-02-22,14.5,0.7408589624152385,0.7408589624152385
2022-02-23,8.25,-0.340995944447826,-0.340995944447826
2022-02-28,12.5,0.3946653922190579,0.3946653922190579
2022-03-01,27.5,2.9911171686904128,2.9911171686904128
2022-03-02,28.5,3.1642139537885035,3.1642139537885035
2022-03-03,8.75,-0.2544475518987808,-0.2544475518987808
2022-03-07,19.75,1.6496170841802127,1.6496170841802127
2022-03-08,14.5,0.7408589624152385,0.7408589624152385
2022-03-09,14.25,0.697584766140716,0.697584766140716
2022-03-16,20.75,1.822713869278303,1.822713869278303
2022-03-17,9.25,-0.16789915934973568,-0.16789915934973568
2022-03-18,6.0,-0.7304637109185292,-0.7304637109185292
2022-03-21,23.25,2.2554558320235287,2.2554558320235287
2022-03-22,13.25,0.5244879810426256,0.5244879810426256
2022-03-23,16.0,1.000504140062374,1.000504140062374
2022-03-24,12.75,0.43793958849358045,0.43793958849358045
2022-03-28,19.75,1.6496170841802127,1.6496170841802127
2022-03-29,21.5,1.9525364581018707,1.9525364581018707
2022-04-04,8.75,-0.2544475518987808,-0.2544475518987808
2022-04-05,24.25,2.428552617121619,2.428552617121619
2022-04-06,14.0,0.6543105698661934,0.6543105698661934
2022-04-07,13.0,0.481213784768103,0.481213784768103
2022-04-08,13.0,0.481213784768103,0.481213784768103
2022-04-18,10.5,0.048471822022877226,0.048471822022877226
2022-04-19,15.75,0.9572299437878514,0.9572299437878514
2022-04-20,16.5,1.087052532611419,1.087052532611419
2022-04-21,18.0,1.3466977102585547,1.3466977102585547
2022-04-22,14.25,0.697584766140716,0.697584766140716
2022-04-25,21.75,1.9958106543763934,1.9958106543763934
2022-04-26,20.25,1.7361654767292578,1.7361654767292578
2022-04-27,15.75,0.9572299437878514,0.9572299437878514
2022-05-02,13.5,0.5677621773171482,0.5677621773171482
2022-05-03,12.75,0.43793958849358045,0.43793958849358045
2022-05-04,17.0,1.1736009251604642,1.1736009251604642
2022-05-05,23.75,2.342004224572574,2.342004224572574
2022-05-10,15.0,0.8274073549642836,0.8274073549642836
2022-05-16,13.0,0.481213784768103,0.481213784768103
2022-05-17,17.5,1.2601493177095096,1.2601493177095096
2022-05-18,16.5,1.087052532611419,1.087052532611419
2022-05-19,18.0,1.3466977102585547,1.3466977102585547
2022-05-20,12.25,0.3513911959445353,0.3513911959445353
2022-05-23,10.0,-0.03807657052616793,-0.03807657052616793
2022-05-24,18.0,1.3466977102585547,1.3466977102585547
2022-05-25,8.25,-0.340995944447826,-0.340995944447826
2022-05-31,16.0,1.000504140062374,1.000504140062374
2022-06-01,15.25,0.8706815512388063,0.8706815512388063
2022-06-02,5.75,-0.7737379071930518,-0.7737379071930518
2022-06-06,13.0,0.481213784768103,0.481213784768103
2022-06-07,13.0,0.481213784768103,0.481213784768103
2022-06-08,6.25,-0.6871895146440067,-0.6871895146440067
2022-06-09,7.75,-0.42754433699687117,-0.42754433699687117
2022-06-15,23.25,2.2554558320235287,2.2554558320235287
2022-06-16,19.0,1.519794495356645,1.519794495356645
2022-06-17,12.75,0.43793958849358045,0.43793958849358045
2022-06-21,16.5,1.087052532611419,1.087052532611419
2022-06-22,20.75,1.822713869278303,1.822713869278303
2022-06-23,23.25,2.2554558320235287,2.2554558320235287
2022-06-27,13.25,0.5244879810426256,0.5244879810426256
2022-06-28,11.0,0.1350202145719224,0.1350202145719224
2022-07-01,31.0,3.5969559165337293,3.5969559165337293
2022-07-05,24.0,2.3852784208470967,2.3852784208470967
2022-07-06,26.75,2.861294579866845,2.861294579866845
2022-07-07,15.5,0.9139557475133289,0.9139557475133289
2022-07-11,16.25,1.0437783363368967,1.0437783363368967
2022-07-18,14.75,0.7841331586897611,0.7841331586897611
2022-07-19,10.0,-0.03807657052616793,-0.03807657052616793
2022-07-20,13.0,0.481213784768103,0.481213784768103
2022-07-21,28.0,3.077665561239458,3.077665561239458
2022-07-22,22.5,2.125633243199961,2.125633243199961
2022-07-25,9.5,-0.12462496307521309,-0.12462496307521309
2022-07-26,13.0,0.481213784768103,0.481213784768103
2022-07-27,14.0,0.6543105698661934,0.6543105698661934
2022-08-01,12.5,0.3946653922190579,0.3946653922190579
2022-08-02,33.25,3.9864236830044324,3.9864236830044324
2022-08-03,18.75,1.4765202990821225,1.4765202990821225
2022-08-04,13.0,0.481213784768103,0.481213784768103
2022-08-09,9.25,-0.16789915934973568,-0.16789915934973568
2022-08-15,13.25,0.5244879810426256,0.5244879810426256
2022-08-16,12.25,0.3513911959445353,0.3513911959445353
2022-08-17,14.5,0.7408589624152385,0.7408589624152385
2022-08-18,10.75,0.09174601829739981,0.09174601829739981
2022-08-19,14.25,0.697584766140716,0.697584766140716
2022-08-22,12.25,0.3513911959445353,0.3513911959445353
2022-08-23,12.25,0.3513911959445353,0.3513911959445353
2022-08-24,12.75,0.43793958849358045,0.43793958849358045
2022-08-29,10.0,-0.03807657052616793,-0.03807657052616793
2022-08-30,12.0,0.3081169996700127,0.3081169996700127
2022-08-31,12.75,0.43793958849358045,0.43793958849358045
2022-09-01,13.0,0.481213784768103,0.481213784768103
2022-09-06,21.5,1.9525364581018707,1.9525364581018707
2022-09-07,12.5,0.3946653922190579,0.3946653922190579
2022-09-08,15.5,0.9139557475133289,0.9139557475133289
2022-09-09,10.5,0.048471822022877226,0.048471822022877226
2022-09-15,6.5,-0.643915318369484,-0.643915318369484
2022-09-19,6.75,-0.6006411220949615,-0.6006411220949615
2022-09-20,12.0,0.3081169996700127,0.3081169996700127
2022-09-21,7.25,-0.5140927295459163,-0.5140927295459163
2022-09-22,21.25,1.9092622618273483,1.9092622618273483
2022-09-23,18.75,1.4765202990821225,1.4765202990821225
2022-09-26,27.0,2.904568776141368,2.904568776141368
2022-09-27,21.75,1.9958106543763934,1.9958106543763934
2022-09-28,37.5,4.722085019671316,4.722085019671316
2022-10-03,33.0,3.9431494867299097,3.9431494867299097
2022-10-04,12.25,0.3513911959445353,0.3513911959445353
2022-10-05,20.25,1.7361654767292578,1.7361654767292578
2022-10-06,13.75,0.6110363735916707,0.6110363735916707
2022-10-10,15.5,0.9139557475133289,0.9139557475133289
2022-10-17,13.5,0.5677621773171482,0.5677621773171482
2022-10-18,11.0,0.1350202145719224,0.1350202145719224
2022-10-19,16.25,1.0437783363368967,1.0437783363368967
2022-10-20,15.25,0.8706815512388063,0.8706815512388063
2022-10-21,18.25,1.3899719065330771,1.3899719065330771
2022-10-24,17.0,1.1736009251604642,1.1736009251604642
2022-10-25,21.75,1.9958106543763934,1.9958106543763934
2022-10-26,12.25,0.3513911959445353,0.3513911959445353
2022-10-31,9.25,-0.16789915934973568,-0.16789915934973568
2022-11-01,18.5,1.4332461028075998,1.4332461028075998
2022-11-02,18.0,1.3466977102585547,1.3466977102585547
2022-11-03,14.75,0.7841331586897611,0.7841331586897611
2022-11-07,9.75,-0.08135076680069052,-0.08135076680069052
2022-11-08,14.25,0.697584766140716,0.697584766140716
2022-11-09,12.25,0.3513911959445353,0.3513911959445353
2022-11-16,17.5,1.2601493177095096,1.2601493177095096
2022-11-17,14.25,0.697584766140716,0.697584766140716
2022-11-18,9.5,-0.12462496307521309,-0.12462496307521309
2022-11-21,9.5,-0.12462496307521309,-0.12462496307521309
2022-11-22,8.0,-0.38427014072234855,-0.38427014072234855
2022-11-25,13.75,0.6110363735916707,0.6110363735916707
2022-11-28,10.5,0.048471822022877226,0.048471822022877226
2022-11-29,12.0,0.3081169996700127,0.3081169996700127
2022-12-05,12.75,0.43793958849358045,0.43793958849358045
2022-12-06,8.5,-0.29772174817330344,-0.29772174817330344
2022-12-07,17.0,1.1736009251604642,1.1736009251604642
2022-12-08,8.5,-0.29772174817330344,-0.29772174817330344
2022-12-14,12.75,0.43793958849358045,0.43793958849358045
2022-12-15,4.5,-0.9901088885656647,-0.9901088885656647
2022-12-16,10.5,0.048471822022877226,0.048471822022877226
2022-12-19,17.25,1.2168751214349869,1.2168751214349869
2022-12-20,10.75,0.09174601829739981,0.09174601829739981
2022-12-21,12.0,0.3081169996700127,0.3081169996700127
2022-12-27,14.25,0.697584766140716,0.697584766140716
2022-12-28,9.0,-0.21117335562425826,-0.21117335562425826
2022-12-29,6.5,-0.643915318369484,-0.643915318369484
2022-12-30,10.25,0.005197625748354648,0.005197625748354648
2023-01-03,11.5,0.22156860712096754,0.22156860712096754
2023-01-04,10.5,0.048471822022877226,0.048471822022877226
2023-01-05,12.5,0.3946653922190579,0.3946653922190579
2023-01-10,12.5,0.3946653922190579,0.3946653922190579
2023-01-11,9.75,-0.08135076680069052,-0.08135076680069052
2023-01-17,10.0,-0.03807657052616793,-0.03807657052616793
2023-01-20,12.75,0.43793958849358045,0.43793958849358045
2023-01-23,10.0,-0.03807657052616793,-0.03807657052616793
2023-01-24,11.0,0.1350202145719224,0.1350202145719224
2023-01-25,7.75,-0.42754433699687117,-0.42754433699687117
2023-01-30,9.75,-0.08135076680069052,-0.08135076680069052
2023-01-31,8.25,-0.340995944447826,-0.340995944447826
2023-02-01,16.75,1.1303267288859418,1.1303267288859418
2023-02-02,11.0,0.1350202145719224,0.1350202145719224
2023-02-06,16.5,1.087052532611419,1.087052532611419
2023-02-07,11.25,0.17829441084644496,0.17829441084644496
2023-02-08,7.25,-0.5140927295459163,-0.5140927295459163
2023-02-09,13.0,0.481213784768103,0.481213784768103
2023-02-15,9.5,-0.12462496307521309,-0.12462496307521309
2023-02-17,13.0,0.481213784768103,0.481213784768103
2023-02-21,16.5,1.087052532611419,1.087052532611419
2023-02-22,8.0,-0.38427014072234855,-0.38427014072234855
2023-02-27,9.75,-0.08135076680069052,-0.08135076680069052
2023-02-28,8.0,-0.38427014072234855,-0.38427014072234855
2023-03-01,10.5,0.048471822022877226,0.048471822022877226
2023-03-02,10.25,0.005197625748354648,0.005197625748354648
2023-03-03,10.25,0.005197625748354648,0.005197625748354648
2023-03-06,8.0,-0.38427014072234855,-0.38427014072234855
2023-03-07,10.0,-0.03807657052616793,-0.03807657052616793
2023-03-08,11.5,0.22156860712096754,0.22156860712096754
2023-03-09,15.25,0.8706815512388063,0.8706815512388063
2023-03-16,26.0,2.731471991043277,2.731471991043277
2023-03-20,24.25,2.428552617121619,2.428552617121619
2023-03-21,13.25,0.5244879810426256,0.5244879810426256
2023-03-22,6.0,-0.7304637109185292,-0.7304637109185292
2023-03-23,19.5,1.60634288790569,1.60634288790569
2023-03-24,22.0,2.039084850650916,2.039084850650916
2023-03-27,21.25,1.9092622618273483,1.9092622618273483
2023-03-28,11.25,0.17829441084644496,0.17829441084644496
2023-03-29,10.5,0.048471822022877226,0.048471822022877226
2023-04-03,17.75,1.303423513984032,1.303423513984032
2023-04-04,19.25,1.5630686916311676,1.5630686916311676
2023-04-05,16.5,1.087052532611419,1.087052532611419
2023-04-06,9.5,-0.12462496307521309,-0.12462496307521309
2023-04-11,9.25,-0.16789915934973568,-0.16789915934973568
2023-04-17,11.5,0.22156860712096754,0.22156860712096754
2023-04-18,6.75,-0.6006411220949615,-0.6006411220949615
2023-04-19,8.0,-0.38427014072234855,-0.38427014072234855
2023-04-20,9.5,-0.12462496307521309,-0.12462496307521309
2023-04-21,9.5,-0.12462496307521309,-0.12462496307521309
2023-04-24,9.75,-0.08135076680069052,-0.08135076680069052
2023-04-25,14.5,0.7408589624152385,0.7408589624152385
2023-04-26,10.25,0.005197625748354648,0.005197625748354648
2023-05-01,17.75,1.303423513984032,1.303423513984032
2023-05-02,19.5,1.60634288790569,1.60634288790569
2023-05-03,15.0,0.8274073549642836,0.8274073549642836
2023-05-04,16.5,1.087052532611419,1.087052532611419
2023-05-09,7.0,-0.5573669258204389,-0.5573669258204389
2023-05-15,5.25,-0.8602862997420969,-0.8602862997420969
2023-05-16,13.75,0.6110363735916707,0.6110363735916707
2023-05-17,9.75,-0.08135076680069052,-0.08135076680069052
2023-05-18,14.25,0.697584766140716,0.697584766140716
2023-05-19,13.0,0.481213784768103,0.481213784768103
2023-05-22,9.75,-0.08135076680069052,-0.08135076680069052
2023-05-23,9.0,-0.21117335562425826,-0.21117335562425826
2023-05-24,9.5,-0.12462496307521309,-0.12462496307521309
2023-05-30,19.25,1.5630686916311676,1.5630686916311676
2023-05-31,10.25,0.005197625748354648,0.005197625748354648
2023-06-01,19.0,1.519794495356645,1.519794495356645
2023-06-05,12.25,0.3513911959445353,0.3513911959445353
2023-06-06,8.5,-0.29772174817330344,-0.29772174817330344
2023-06-07,13.25,0.5244879810426256,0.5244879810426256
2023-06-08,12.25,0.3513911959445353,0.3513911959445353
2023-06-09,5.5,-0.8170121034675744,-0.8170121034675744
2023-06-15,14.75,0.7841331586897611,0.7841331586897611
2023-06-20,8.25,-0.340995944447826,-0.340995944447826
2023-06-21,3.5,-1.163205673663755,-1.163205673663755
2023-06-22,12.5,0.3946653922190579,0.3946653922190579
2023-06-23,12.75,0.43793958849358045,0.43793958849358045
2023-06-26,6.75,-0.6006411220949615,-0.6006411220949615
2023-06-27,10.25,0.005197625748354648,0.005197625748354648
2023-06-28,7.75,-0.42754433699687117,-0.42754433699687117
2023-07-03,11.0,0.1350202145719224,0.1350202145719224
2023-07-05,12.75,0.43793958849358045,0.43793958849358045
2023-07-06,21.0,1.8659880655528256,1.8659880655528256
2023-07-11,6.25,-0.6871895146440067,-0.6871895146440067
2023-07-17,8.25,-0.340995944447826,-0.340995944447826
2023-07-18,10.25,0.005197625748354648,0.005197625748354648
2023-07-19,8.75,-0.2544475518987808,-0.2544475518987808
2023-07-20,15.5,0.9139557475133289,0.9139557475133289
2023-07-21,5.75,-0.7737379071930518,-0.7737379071930518
2023-07-24,10.75,0.09174601829739981,0.09174601829739981
2023-07-25,8.0,-0.38427014072234855,-0.38427014072234855
2023-07-26,8.25,-0.340995944447826,-0.340995944447826
2023-07-31,9.0,-0.21117335562425826,-0.21117335562425826
2023-08-01,10.75,0.09174601829739981,0.09174601829739981
2023-08-02,12.25,0.3513911959445353,0.3513911959445353
2023-08-03,10.75,0.09174601829739981,0.09174601829739981
2023-08-07,8.75,-0.2544475518987808,-0.2544475518987808
2023-08-08,11.5,0.22156860712096754,0.22156860712096754
2023-08-09,5.75,-0.7737379071930518,-0.7737379071930518
2023-08-15,13.75,0.6110363735916707,0.6110363735916707
2023-08-16,12.0,0.3081169996700127,0.3081169996700127
2023-08-17,8.5,-0.29772174817330344,-0.29772174817330344
2023-08-18,7.25,-0.5140927295459163,-0.5140927295459163
2023-08-21,11.5,0.22156860712096754,0.22156860712096754
2023-08-22,6.5,-0.643915318369484,-0.643915318369484
2023-08-23,15.5,0.9139557475133289,0.9139557475133289
2023-08-24,7.5,-0.4708185332713937,-0.4708185332713937
2023-08-28,6.75,-0.6006411220949615,-0.6006411220949615
2023-08-29,16.0,1.000504140062374,1.000504140062374
2023-09-05,10.25,0.005197625748354648,0.005197625748354648
2023-09-06,8.5,-0.29772174817330344,-0.29772174817330344
2023-09-07,5.75,-0.7737379071930518,-0.7737379071930518
2023-09-08,6.5,-0.643915318369484,-0.643915318369484
2023-09-12,3.0,-1.2497540662128002,-1.2497540662128002
2023-09-18,4.5,-0.9901088885656647,-0.9901088885656647
2023-09-19,8.5,-0.29772174817330344,-0.29772174817330344
2023-09-20,4.5,-0.9901088885656647,-0.9901088885656647
2023-09-21,8.75,-0.2544475518987808,-0.2544475518987808
2023-09-22,8.75,-0.2544475518987808,-0.2544475518987808
2023-09-25,10.75,0.09174601829739981,0.09174601829739981
2023-09-26,8.25,-0.340995944447826,-0.340995944447826
2023-09-27,16.75,1.1303267288859418,1.1303267288859418
2023-10-02,11.25,0.17829441084644496,0.17829441084644496
2023-10-03,14.0,0.6543105698661934,0.6543105698661934
2023-10-04,17.5,1.2601493177095096,1.2601493177095096
2023-10-05,8.0,-0.38427014072234855,-0.38427014072234855
2023-10-09,14.0,0.6543105698661934,0.6543105698661934
2023-10-16,9.25,-0.16789915934973568,-0.16789915934973568
2023-10-17,18.25,1.3899719065330771,1.3899719065330771
2023-10-18,11.75,0.26484280339549016,0.26484280339549016
2023-10-19,10.0,-0.03807657052616793,-0.03807657052616793
2023-10-20,12.25,0.3513911959445353,0.3513911959445353
2023-10-23,17.75,1.303423513984032,1.303423513984032
2023-10-24,9.75,-0.08135076680069052,-0.08135076680069052
2023-10-25,16.0,1.000504140062374,1.000504140062374
2023-10-30,8.25,-0.340995944447826,-0.340995944447826
2023-10-31,12.5,0.3946653922190579,0.3946653922190579
2023-11-01,21.5,1.9525364581018707,1.9525364581018707
2023-11-02,12.75,0.43793958849358045,0.43793958849358045
2023-11-06,10.75,0.09174601829739981,0.09174601829739981
2023-11-07,11.0,0.1350202145719224,0.1350202145719224
2023-11-08,10.5,0.048471822022877226,0.048471822022877226
2023-11-09,17.75,1.303423513984032,1.303423513984032
2023-11-16,11.5,0.22156860712096754,0.22156860712096754
2023-11-17,10.75,0.09174601829739981,0.09174601829739981
2023-11-20,7.75,-0.42754433699687117,-0.42754433699687117
2023-11-21,6.0,-0.7304637109185292,-0.7304637109185292
2023-11-23,7.5,-0.4708185332713937,-0.4708185332713937
2023-11-24,10.25,0.005197625748354648,0.005197625748354648
2023-11-27,13.75,0.6110363735916707,0.6110363735916707
2023-11-28,13.0,0.481213784768103,0.481213784768103
2023-12-01,15.75,0.9572299437878514,0.9572299437878514
2023-12-04,10.0,-0.03807657052616793,-0.03807657052616793
2023-12-05,10.0,-0.03807657052616793,-0.03807657052616793
2023-12-06,9.0,-0.21117335562425826,-0.21117335562425826
2023-12-07,8.5,-0.29772174817330344,-0.29772174817330344
2023-12-14,15.5,0.9139557475133289,0.9139557475133289
2023-12-15,9.25,-0.16789915934973568,-0.16789915934973568
2023-12-18,5.0,-0.9035604960166196,-0.9035604960166196
2023-12-19,2.5,-1.3363024587618453,-1.3363024587618453
2023-12-20,10.25,0.005197625748354648,0.005197625748354648
2023-12-26,3.25,-1.2064798699382775,-1.2064798699382775
2023-12-27,13.0,0.481213784768103,0.481213784768103
2023-12-28,8.0,-0.38427014072234855,-0.38427014072234855
2023-12-29,7.5,-0.4708185332713937,-0.4708185332713937
2024-01-02,11.25,0.17829441084644496,0.17829441084644496
2024-01-03,12.0,0.3081169996700127,0.3081169996700127
2024-01-04,11.75,0.26484280339549016,0.26484280339549016
2024-01-09,6.0,-0.7304637109185292,-0.7304637109185292
2024-01-10,7.0,-0.5573669258204389,-0.5573669258204389
2024-01-16,14.0,0.6543105698661934,0.6543105698661934
2024-01-17,12.25,0.3513911959445353,0.3513911959445353
2024-01-18,8.25,-0.340995944447826,-0.340995944447826
2024-01-22,7.5,-0.4708185332713937,-0.4708185332713937
2024-01-23,6.5,-0.643915318369484,-0.643915318369484
2024-01-24,11.0,0.1350202145719224,0.1350202145719224
2024-01-29,9.0,-0.21117335562425826,-0.21117335562425826
2024-01-30,8.25,-0.340995944447826,-0.340995944447826
2024-01-31,14.5,0.7408589624152385,0.7408589624152385
2024-02-01,14.5,0.7408589624152385,0.7408589624152385
2024-02-06,10.5,0.048471822022877226,0.048471822022877226
2024-02-07,7.75,-0.42754433699687117,-0.42754433699687117
2024-02-08,8.25,-0.340995944447826,-0.340995944447826
2024-02-15,8.5,-0.29772174817330344,-0.29772174817330344
2024-02-20,9.0,-0.21117335562425826,-0.21117335562425826
2024-02-21,9.0,-0.21117335562425826,-0.21117335562425826
2024-02-22,7.0,-0.5573669258204389,-0.5573669258204389
2024-02-23,11.0,0.1350202145719224,0.1350202145719224
2024-02-27,6.5,-0.643915318369484,-0.643915318369484
2024-03-04,5.0,-0.9035604960166196,-0.9035604960166196
2024-03-05,11.25,0.17829441084644496,0.17829441084644496
2024-03-06,9.5,-0.12462496307521309,-0.12462496307521309
2024-03-07,6.0,-0.7304637109185292,-0.7304637109185292
2024-03-13,6.25,-0.6871895146440067,-0.6871895146440067
2024-03-18,5.25,-0.8602862997420969,-0.8602862997420969
2024-03-19,4.25,-1.0333830848401873,-1.0333830848401873
2024-03-20,10.25,0.005197625748354648,0.005197625748354648
2024-03-21,9.0,-0.21117335562425826,-0.21117335562425826
2024-03-22,7.75,-0.42754433699687117,-0.42754433699687117
2024-03-25,7.5,-0.4708185332713937,-0.4708185332713937
2024-03-26,6.0,-0.7304637109185292,-0.7304637109185292
2024-03-27,6.75,-0.6006411220949615,-0.6006411220949615
2024-04-01,16.75,1.1303267288859418,1.1303267288859418
2024-04-02,10.25,0.005197625748354648,0.005197625748354648
2024-04-03,9.0,-0.21117335562425826,-0.21117335562425826
2024-04-04,9.0,-0.21117335562425826,-0.21117335562425826
2024-04-09,8.25,-0.340995944447826,-0.340995944447826
2024-04-16,11.25,0.17829441084644496,0.17829441084644496
2024-04-17,12.25,0.3513911959445353,0.3513911959445353
2024-04-18,11.0,0.1350202145719224,0.1350202145719224
2024-04-19,15.0,0.8274073549642836,0.8274073549642836
2024-04-22,6.75,-0.6006411220949615,-0.6006411220949615
2024-04-23,9.75,-0.08135076680069052,-0.08135076680069052
2024-04-24,7.0,-0.5573669258204389,-0.5573669258204389
2024-04-29,6.5,-0.643915318369484,-0.643915318369484
2024-04-30,10.0,-0.03807657052616793,-0.03807657052616793
2024-05-01,13.0,0.481213784768103,0.481213784768103
2024-05-02,9.5,-0.12462496307521309,-0.12462496307521309
2024-05-06,5.25,-0.8602862997420969,-0.8602862997420969
2024-05-07,7.5,-0.4708185332713937,-0.4708185332713937
2024-05-08,5.25,-0.8602862997420969,-0.8602862997420969
2024-05-09,8.0,-0.38427014072234855,-0.38427014072234855
2024-05-16,8.75,-0.2544475518987808,-0.2544475518987808
2024-05-17,6.75,-0.6006411220949615,-0.6006411220949615
2024-05-20,5.25,-0.8602862997420969,-0.8602862997420969
2024-05-21,5.5,-0.8170121034675744,-0.8170121034675744
2024-05-22,5.75,-0.7737379071930518,-0.7737379071930518
2024-05-23,10.25,0.005197625748354648,0.005197625748354648
2024-05-28,11.25,0.17829441084644496,0.17829441084644496
2024-05-29,9.5,-0.12462496307521309,-0.12462496307521309
2024-06-03,11.25,0.17829441084644496,0.17829441084644496
2024-06-04,10.75,0.09174601829739981,0.09174601829739981
2024-06-05,8.5,-0.29772174817330344,-0.29772174817330344
2024-06-06,4.75,-0.9468346922911421,-0.9468346922911421
2024-06-11,6.25,-0.6871895146440067,-0.6871895146440067
2024-06-17,10.25,0.005197625748354648,0.005197625748354648
2024-06-18,5.5,-0.8170121034675744,-0.8170121034675744
2024-06-20,9.0,-0.21117335562425826,-0.21117335562425826
2024-06-21,7.0,-0.5573669258204389,-0.5573669258204389
2024-06-24,5.25,-0.8602862997420969,-0.8602862997420969
2024-06-25,5.5,-0.8170121034675744,-0.8170121034675744
2024-06-26,9.5,-0.12462496307521309,-0.12462496307521309
2024-07-01,10.75,0.09174601829739981,0.09174601829739981
2024-07-02,6.25,-0.6871895146440067,-0.6871895146440067
2024-07-03,12.0,0.3081169996700127,0.3081169996700127
2024-07-09,5.5,-0.8170121034675744,-0.8170121034675744
2024-07-10,5.0,-0.9035604960166196,-0.9035604960166196
2024-07-15,7.0,-0.5573669258204389,-0.5573669258204389
2024-07-16,7.75,-0.42754433699687117,-0.42754433699687117
2024-07-17,5.75,-0.7737379071930518,-0.7737379071930518
2024-07-19,7.25,-0.5140927295459163,-0.5140927295459163
2024-07-22,7.25,-0.5140927295459163,-0.5140927295459163
2024-07-23,4.5,-0.9901088885656647,-0.9901088885656647
2024-07-24,8.5,-0.29772174817330344,-0.29772174817330344
2024-07-29,5.0,-0.9035604960166196,-0.9035604960166196
2024-07-30,6.5,-0.643915318369484,-0.643915318369484
2024-07-31,13.75,0.6110363735916707,0.6110363735916707
2024-08-01,12.25,0.3513911959445353,0.3513911959445353
2024-08-05,21.5,1.9525364581018707,1.9525364581018707
2024-08-06,14.0,0.6543105698661934,0.6543105698661934
2024-08-07,11.5,0.22156860712096754,0.22156860712096754
2024-08-08,14.75,0.7841331586897611,0.7841331586897611
2024-08-09,7.75,-0.42754433699687117,-0.42754433699687117
2024-08-15,14.75,0.7841331586897611,0.7841331586897611
2024-08-19,6.25,-0.6871895146440067,-0.6871895146440067
2024-08-20,8.5,-0.29772174817330344,-0.29772174817330344
2024-08-22,10.75,0.09174601829739981,0.09174601829739981
2024-08-23,8.75,-0.2544475518987808,-0.2544475518987808
2024-08-26,6.0,-0.7304637109185292,-0.7304637109185292
2024-08-27,6.0,-0.7304637109185292,-0.7304637109185292
2024-08-28,4.0,-1.07665728111471,-1.07665728111471
2024-09-03,12.0,0.3081169996700127,0.3081169996700127
2024-09-04,9.25,-0.16789915934973568,-0.16789915934973568
2024-09-05,6.25,-0.6871895146440067,-0.6871895146440067
2024-09-10,8.25,-0.340995944447826,-0.340995944447826
2024-09-16,2.5,-1.3363024587618453,-1.3363024587618453
2024-09-17,5.75,-0.7737379071930518,-0.7737379071930518
2024-09-18,7.0,-0.5573669258204389,-0.5573669258204389
2024-09-19,10.25,0.005197625748354648,0.005197625748354648
2024-09-20,7.5,-0.4708185332713937,-0.4708185332713937
2024-09-23,7.5,-0.4708185332713937,-0.4708185332713937
2024-09-24,9.75,-0.08135076680069052,-0.08135076680069052
2024-09-25,7.25,-0.5140927295459163,-0.5140927295459163
2024-09-30,8.25,-0.340995944447826,-0.340995944447826
2024-10-01,10.75,0.09174601829739981,0.09174601829739981
2024-10-02,9.5,-0.12462496307521309,-0.12462496307521309
2024-10-03,9.0,-0.21117335562425826,-0.21117335562425826
2024-10-07,7.5,-0.4708185332713937,-0.4708185332713937
2024-10-08,7.0,-0.5573669258204389,-0.5573669258204389
2024-10-09,8.75,-0.2544475518987808,-0.2544475518987808
2024-10-14,6.5,-0.643915318369484,-0.643915318369484
2024-10-16,4.5,-0.9901088885656647,-0.9901088885656647
2024-10-17,9.0,-0.21117335562425826,-0.21117335562425826
2024-10-18,6.0,-0.7304637109185292,-0.7304637109185292
2024-10-21,12.5,0.3946653922190579,0.3946653922190579
2024-10-22,5.75,-0.7737379071930518,-0.7737379071930518
2024-10-23,6.5,-0.643915318369484,-0.643915318369484
2024-10-24,7.25,-0.5140927295459163,-0.5140927295459163
2024-10-28,13.359985351562273,0.5435260918059382,0.5435260918059382
2024-10-29,0.5,-1.682496028958026,-1.682496028958026
2024-11-04,7.25,-0.5140927295459163,-0.5140927295459163
2024-11-05,1.0,-1.5959476364089809,-1.5959476364089809
2024-11-06,23.25,2.2554558320235287,2.2554558320235287
2024-11-07,13.75,0.6110363735916707,0.6110363735916707
2024-11-11,7.0,-0.5573669258204389,-0.5573669258204389
2024-11-15,12.75,0.43793958849358045,0.43793958849358045
2024-11-18,8.75,-0.2544475518987808,-0.2544475518987808
2024-11-19,8.75,-0.2544475518987808,-0.2544475518987808
2024-11-20,5.75,-0.7737379071930518,-0.7737379071930518
2024-11-21,7.0,-0.5573669258204389,-0.5573669258204389
2024-11-25,11.5,0.22156860712096754,0.22156860712096754
2024-11-26,6.0,-0.7304637109185292,-0.7304637109185292
2024-11-29,8.0,-0.38427014072234855,-0.38427014072234855
2024-12-02,8.25,-0.340995944447826,-0.340995944447826
2024-12-03,7.0,-0.5573669258204389,-0.5573669258204389
2024-12-04,11.25,0.17829441084644496,0.17829441084644496
2024-12-05,5.75,-0.7737379071930518,-0.7737379071930518
2024-12-10,5.25,-0.8602862997420969,-0.8602862997420969
2024-12-13,8.25,-0.340995944447826,-0.340995944447826
2024-12-16,4.0,-1.07665728111471,-1.07665728111471
2024-12-17,6.0,-0.7304637109185292,-0.7304637109185292
2024-12-18,14.25,0.697584766140716,0.697584766140716
2024-12-23,8.75,-0.2544475518987808,-0.2544475518987808
2024-12-24,5.0,-0.9035604960166196,-0.9035604960166196
2024-12-26,7.75,-0.42754433699687117,-0.42754433699687117
2024-12-27,5.75,-0.7737379071930518,-0.7737379071930518
2024-12-30,10.75,0.09174601829739981,0.09174601829739981
2024-12-31,7.75,-0.42754433699687117,-0.42754433699687117
2025-01-02,9.5,-0.12462496307521309,-0.12462496307521309
2025-01-03,7.25,-0.5140927295459163,-0.5140927295459163
2025-01-05,3.5,-1.163205673663755,-1.163205673663755
2025-01-06,7.5,-0.4708185332713937,-0.4708185332713937
2025-01-07,9.25,-0.16789915934973568,-0.16789915934973568
2025-01-08,7.0,-0.5573669258204389,-0.5573669258204389
2025-01-09,4.5,-0.9901088885656647,-0.9901088885656647
2025-01-12,3.5,-1.163205673663755,-1.163205673663755
2025-01-16,12.0,0.3081169996700127,0.3081169996700127
2025-01-17,7.25,-0.5140927295459163,-0.5140927295459163
2025-01-19,2.25,-1.379576655036368,-1.379576655036368
2025-01-20,8.0,-0.38427014072234855,-0.38427014072234855
2025-01-21,13.75,0.6110363735916707,0.6110363735916707
2025-01-22,7.0,-0.5573669258204389,-0.5573669258204389
2025-01-23,6.75,-0.6006411220949615,-0.6006411220949615
2025-01-26,4.0,-1.07665728111471,-1.07665728111471
2025-01-27,14.0,0.6543105698661934,0.6543105698661934
2025-01-28,5.75,-0.7737379071930518,-0.7737379071930518
2025-01-29,9.5,-0.12462496307521309,-0.12462496307521309
2025-02-02,9.5,-0.12462496307521309,-0.12462496307521309
2025-02-04,9.5,-0.12462496307521309,-0.12462496307521309
2025-02-05,13.25,0.5244879810426256,0.5244879810426256
2025-02-06,5.5,-0.8170121034675744,-0.8170121034675744
2025-02-09,2.25,-1.379576655036368,-1.379576655036368
2025-02-11,6.75,-0.6006411220949615,-0.6006411220949615
2025-02-14,10.75,0.09174601829739981,0.09174601829739981
2025-02-16,2.75,-1.2930282624873228,-1.2930282624873228
2025-02-17,3.75,-1.1199314773892324,-1.1199314773892324
2025-02-18,9.75,-0.08135076680069052,-0.08135076680069052
2025-02-19,5.25,-0.8602862997420969,-0.8602862997420969
2025-02-20,4.75,-0.9468346922911421,-0.9468346922911421
2025-02-23,1.5,-1.5093992438599357,-1.5093992438599357
2025-02-24,7.75,-0.42754433699687117,-0.42754433699687117
2025-02-25,13.0,0.481213784768103,0.481213784768103
2025-02-26,10.0,-0.03807657052616793,-0.03807657052616793
2025-03-02,2.25,-1.379576655036368,-1.379576655036368
2025-03-03,12.25,0.3513911959445353,0.3513911959445353
2025-03-04,0.0,-1.769044421507071,-1.769044421507071
2025-03-05,12.25,0.3513911959445353,0.3513911959445353
2025-03-09,2.5,-1.3363024587618453,-1.3363024587618453
2025-03-11,15.25,0.8706815512388063,0.8706815512388063
2025-03-16,3.5,-1.163205673663755,-1.163205673663755
2025-03-17,5.5,-0.8170121034675744,-0.8170121034675744
2025-03-18,5.0,-0.9035604960166196,-0.9035604960166196
2025-03-19,8.5,-0.29772174817330344,-0.29772174817330344
2025-03-20,3.5,-1.163205673663755,-1.163205673663755
2025-03-21,6.75,-0.6006411220949615,-0.6006411220949615
2025-03-23,3.0,-1.2497540662128002,-1.2497540662128002
2025-03-24,9.75,-0.08135076680069052,-0.08135076680069052
2025-03-25,8.0,-0.38427014072234855,-0.38427014072234855
2025-03-26,5.25,-0.8602862997420969,-0.8602862997420969
2025-03-30,5.75,-0.7737379071930518,-0.7737379071930518
2025-03-31,9.25,-0.16789915934973568,-0.16789915934973568
2025-04-01,9.5,-0.12462496307521309,-0.12462496307521309
2025-04-02,14.75,0.7841331586897611,0.7841331586897611
2025-04-03,14.25,0.697584766140716,0.697584766140716
2025-04-06,14.75,0.7841331586897611,0.7841331586897611
2025-04-07,45.25,6.0635851041815165,6.0635851041815165
2025-04-08,16.0,1.000504140062374,1.000504140062374
2025-04-09,25.5,2.644923598494232,2.644923598494232
2025-04-13,9.25,-0.16789915934973568,-0.16789915934973568
2025-04-15,11.5,0.22156860712096754,0.22156860712096754
2025-04-16,10.25,0.005197625748354648,0.005197625748354648
2025-04-17,7.25,-0.5140927295459163,-0.5140927295459163
2025-04-20,2.5,-1.3363024587618453,-1.3363024587618453
2025-04-21,9.5,-0.12462496307521309,-0.12462496307521309
2025-04-22,6.75,-0.6006411220949615,-0.6006411220949615
2025-04-23,16.0,1.000504140062374,1.000504140062374
2025-04-24,9.75,-0.08135076680069052,-0.08135076680069052
2025-04-27,2.25,-1.379576655036368,-1.379576655036368
2025-04-28,10.5,0.048471822022877226,0.048471822022877226
2025-04-29,9.0,-0.21117335562425826,-0.21117335562425826
2025-05-01,14.0,0.6543105698661934,0.6543105698661934
2025-05-04,3.5,-1.163205673663755,-1.163205673663755
2025-05-05,8.5,-0.29772174817330344,-0.29772174817330344
2025-05-06,8.5,-0.29772174817330344,-0.29772174817330344
2025-05-07,9.0,-0.21117335562425826,-0.21117335562425826
2025-05-11,1.5,-1.5093992438599357,-1.5093992438599357
2025-05-14,11.0,0.1350202145719224,0.1350202145719224
2025-05-18,4.5,-0.9901088885656647,-0.9901088885656647
2025-05-19,11.25,0.17829441084644496,0.17829441084644496
2025-05-20,9.0,-0.21117335562425826,-0.21117335562425826
2025-05-21,14.5,0.7408589624152385,0.7408589624152385
2025-05-22,9.5,-0.12462496307521309,-0.12462496307521309
2025-05-23,10.5,0.048471822022877226,0.048471822022877226
2025-05-25,5.0,-0.9035604960166196,-0.9035604960166196
2025-05-26,7.25,-0.5140927295459163,-0.5140927295459163
2025-05-28,6.25,-0.6871895146440067,-0.6871895146440067
2025-06-02,6.25,-0.6871895146440067,-0.6871895146440067
2025-06-03,7.0,-0.5573669258204389,-0.5573669258204389
2025-06-04,12.25,0.3513911959445353,0.3513911959445353
2025-06-05,10.25,0.005197625748354648,0.005197625748354648
2025-06-08,2.75,-1.2930282624873228,-1.2930282624873228
2025-06-10,3.5,-1.163205673663755,-1.163205673663755
2025-06-15,3.75,-1.1199314773892324,-1.1199314773892324
2025-06-16,3.25,-1.2064798699382775,-1.2064798699382775
2025-06-17,5.75,-0.7737379071930518,-0.7737379071930518
2025-06-18,8.5,-0.29772174817330344,-0.29772174817330344
2025-06-19,5.25,-0.8602862997420969,-0.8602862997420969
2025-06-20,9.5,-0.12462496307521309,-0.12462496307521309
2025-06-22,5.25,-0.8602862997420969,-0.8602862997420969
2025-06-23,13.75,0.6110363735916707,0.6110363735916707
2025-06-25,6.25,-0.6871895146440067,-0.6871895146440067
2025-06-29,2.5,-1.3363024587618453,-1.3363024587618453
2025-06-30,7.75,-0.42754433699687117,-0.42754433699687117
2025-07-01,11.0,0.1350202145719224,0.1350202145719224
2025-07-02,7.0,-0.5573669258204389,-0.5573669258204389
2025-07-04,4.5,-0.9901088885656647,-0.9901088885656647
2025-07-06,2.0,-1.4228508513108904,-1.4228508513108904
2025-07-07,7.75,-0.42754433699687117,-0.42754433699687117
2025-07-09,9.75,-0.08135076680069052,-0.08135076680069052
2025-07-10,6.5,-0.643915318369484,-0.643915318369484
2025-07-11,8.75,-0.2544475518987808,-0.2544475518987808
2025-07-13,1.75,-1.466125047585413,-1.466125047585413
2025-07-14,4.75,-0.9468346922911421,-0.9468346922911421
2025-07-17,7.75,-0.42754433699687117,-0.42754433699687117
2025-07-20,2.0,-1.4228508513108904,-1.4228508513108904
2025-07-21,8.75,-0.2544475518987808,-0.2544475518987808
2025-07-22,7.25,-0.5140927295459163,-0.5140927295459163
2025-07-23,5.75,-0.7737379071930518,-0.7737379071930518
2025-07-24,7.25,-0.5140927295459163,-0.5140927295459163
2025-07-25,5.0,-0.9035604960166196,-0.9035604960166196
2025-07-27,2.25,-1.379576655036368,-1.379576655036368
2025-07-28,5.25,-0.8602862997420969,-0.8602862997420969
2025-07-29,10.5,0.048471822022877226,0.048471822022877226
2025-08-03,5.5,-0.8170121034675744,-0.8170121034675744
2025-08-04,7.25,-0.5140927295459163,-0.5140927295459163
2025-08-05,5.25,-0.8602862997420969,-0.8602862997420969
2025-08-06,7.0,-0.5573669258204389,-0.5573669258204389
2025-08-08,5.5,-0.8170121034675744,-0.8170121034675744
2025-08-10,2.0,-1.4228508513108904,-1.4228508513108904
2025-08-11,3.75,-1.1199314773892324,-1.1199314773892324
2025-08-13,9.0,-0.21117335562425826,-0.21117335562425826
2025-08-17,2.25,-1.379576655036368,-1.379576655036368
2025-08-18,6.75,-0.6006411220949615,-0.6006411220949615
2025-08-19,5.5,-0.8170121034675744,-0.8170121034675744
2025-08-20,6.25,-0.6871895146440067,-0.6871895146440067
2025-08-21,7.25,-0.5140927295459163,-0.5140927295459163
2025-08-22,12.25,0.3513911959445353,0.3513911959445353
2025-08-24,2.0,-1.4228508513108904,-1.4228508513108904
2025-08-25,4.75,-0.9468346922911421,-0.9468346922911421
2025-08-26,7.0,-0.5573669258204389,-0.5573669258204389
2025-08-27,6.75,-0.6006411220949615,-0.6006411220949615
2025-08-31,1.75,-1.466125047585413,-1.466125047585413
2025-09-01,3.248046875,-1.2068179495966722,-1.2068179495966722
2025-09-02,7.75,-0.42754433699687117,-0.42754433699687117
2025-09-03,10.25,0.005197625748354648,0.005197625748354648
2025-09-04,6.0,-0.7304637109185292,-0.7304637109185292
2025-09-07,3.0,-1.2497540662128002,-1.2497540662128002
2025-09-14,2.5,-1.3363024587618453,-1.3363024587618453
2025-09-15,4.75,-0.9468346922911421,-0.9468346922911421
2025-09-16,4.0,-1.07665728111471,-1.07665728111471
