DATETIME,EVENTS,ACTUAL,PREVIOUS,CONSENSUS,FORECAST,TIER
2025-01-01 03:00:00+05:30,API Crude Oil Stock ChangeDEC/27,-1.442M,-3.2M,-3M,,2.0
2025-01-02 17:30:00+05:30,MBA 30-Year Mortgage RateDEC/27,6.97%,6.75%,,,2.0
2025-01-02 17:30:00+05:30,MBA Mortgage ApplicationsDEC/27,-12.6%,-0.7%,,,3.0
2025-01-02 17:30:00+05:30,MBA Mortgage Market IndexDEC/27,174.9,224.0,,,3.0
2025-01-02 17:30:00+05:30,MBA Mortgage Refinance IndexDEC/27,395.1,617.5,,,3.0
2025-01-02 17:30:00+05:30,MBA Purchase IndexDEC/27,136.7,157.1,,,3.0
2025-01-02 19:00:00+05:30,Initial Jobless ClaimsDEC/28,211K,219K,222K,222.0K,2.0
2025-01-02 19:00:00+05:30,Continuing Jobless ClaimsDEC/21,1844K,1910K,1890K,1895.0K,3.0
2025-01-02 19:00:00+05:30,Jobless Claims 4-week AverageDEC/28,223.25K,226.75K,,,3.0
2025-01-02 20:15:00+05:30,S&P Global Manufacturing PMI FinalDEC,49.4,49.7,48.3,48.3,2.0
2025-01-02 20:30:00+05:30,Construction Spending MoMNOV,0%,0.5%,0.3%,0.4%,3.0
2025-01-02 21:30:00+05:30,EIA Crude Oil Stocks ChangeDEC/27,-1.178M,-4.237M,-2.75M,,2.0
2025-01-02 21:30:00+05:30,EIA Crude Oil Imports ChangeDEC/27,0.323M,0.995M,,,3.0
2025-01-02 21:30:00+05:30,EIA Distillate Fuel Production ChangeDEC/27,0.099M,0.178M,,,3.0
2025-01-02 21:30:00+05:30,EIA Heating Oil Stocks ChangeDEC/27,-0.416M,-0.062M,,,3.0
2025-01-02 21:30:00+05:30,EIA Gasoline Stocks ChangeDEC/27,7.717M,1.63M,0.7M,,2.0
2025-01-02 21:30:00+05:30,EIA Gasoline Production ChangeDEC/27,-0.959M,0.051M,,,3.0
2025-01-02 21:30:00+05:30,EIA Distillate Stocks ChangeDEC/27,6.406M,-1.694M,-0.1M,,3.0
2025-01-02 21:30:00+05:30,EIA Refinery Crude Runs ChangeDEC/27,0.041M,0.205M,,,3.0
2025-01-02 21:30:00+05:30,EIA Cushing Crude Oil Stocks ChangeDEC/27,-0.142M,-0.32M,,,3.0
2025-01-02 22:00:00+05:30,8-Week Bill Auction,4.240%,4.265%,,,3.0
2025-01-02 22:00:00+05:30,4-Week Bill Auction,4.265%,4.260%,,,3.0
2025-01-02 22:30:00+05:30,15-Year Mortgage RateJAN/02,6.13%,6%,,,3.0
2025-01-02 22:30:00+05:30,30-Year Mortgage RateJAN/02,6.91%,6.85%,,,3.0
2025-01-02 23:30:00+05:30,17-Week Bill Auction,4.195%,4.230%,,,3.0
2025-01-03 04:15:00+05:30,Fed Balance SheetJAN/01,$6.85T,$6.88T,,,3.0
2025-01-03 20:30:00+05:30,ISM Manufacturing New OrdersDEC,52.5,50.4,,50.5,3.0
2025-01-03 20:30:00+05:30,ISM Manufacturing PricesDEC,52.5,50.3,51.7,50.4,3.0
2025-01-03 20:30:00+05:30,ISM Manufacturing PMIDEC,49.3,48.4,48.4,48.5,1.0
2025-01-03 20:30:00+05:30,ISM Manufacturing EmploymentDEC,45.3,48.1,48,48.3,2.0
2025-01-03 21:00:00+05:30,EIA Natural Gas Stocks ChangeDEC/27,-116Bcf,-93Bcf,-127Bcf,,3.0
2025-01-03 21:30:00+05:30,Fed Barkin Speech,,,,,2.0
2025-01-03 23:30:00+05:30,Baker Hughes Oil Rig CountJAN/03,482,483,,,3.0
2025-01-03 23:30:00+05:30,Baker Hughes Total Rigs CountJAN/03,588,589,,,3.0
2025-01-05 04:00:00+05:30,Fed Kugler Speech,,,,,2.0
2025-01-05 04:00:00+05:30,Fed Daly Speech,,,,,2.0
2025-01-05 23:45:00+05:30,Fed Daly Speech,,,,,2.0
2025-01-06 19:45:00+05:30,Fed Cook Speech,,,,,2.0
2025-01-06 20:15:00+05:30,S&P Global Composite PMI FinalDEC,55.4,54.9,56.6,53,2.0
2025-01-06 20:15:00+05:30,S&P Global Services PMI FinalDEC,56.8,56.1,58.5,58.5,2.0
2025-01-06 20:30:00+05:30,Factory Orders ex TransportationNOV,0.2%,0.2%,,0.2%,3.0
2025-01-06 20:30:00+05:30,Factory Orders MoMNOV,-0.4%,0.5%,-0.3%,0.3%,2.0
2025-01-06 21:00:00+05:30,NY Fed Treasury Purchases 6 to 10 yrs,,,$25 million,,3.0
2025-01-06 22:00:00+05:30,3-Month Bill Auction,4.205%,4.230%,,,3.0
2025-01-06 22:00:00+05:30,6-Month Bill Auction,4.110%,4.135%,,,3.0
2025-01-06 23:30:00+05:30,3-Year Note Auction,4.332%,4.117%,,,3.0
2025-01-07 16:30:00+05:30,LMI Logistics Managers IndexDEC,57.3,58.4,,,3.0
2025-01-07 18:30:00+05:30,Fed Barkin Speech,,,,,2.0
2025-01-07 19:00:00+05:30,Balance of TradeNOV,$-78.2B,$-73.6B,$-78B,$-70B,2.0
2025-01-07 19:00:00+05:30,ImportsNOV,$351.6B,$339.9B,,$334B,2.0
2025-01-07 19:00:00+05:30,ExportsNOV,$273.4B,$266.3B,,$264B,2.0
2025-01-07 19:25:00+05:30,Redbook YoYJAN/04,6.8%,7.1%,,,3.0
2025-01-07 20:30:00+05:30,JOLTs Job QuitsNOV,3.065M,3.283M,,3.31M,3.0
2025-01-07 20:30:00+05:30,ISM Services New OrdersDEC,54.2,53.7,54.2,54.1,3.0
2025-01-07 20:30:00+05:30,ISM Services PMIDEC,54.1,52.1,53.3,54,1.0
2025-01-07 20:30:00+05:30,JOLTs Job OpeningsNOV,8.098M,7.839M,7.70M,7.69M,1.0
2025-01-07 20:30:00+05:30,ISM Services Business ActivityDEC,58.2,53.7,,54.1,3.0
2025-01-07 20:30:00+05:30,ISM Services PricesDEC,64.4,58.2,57.5,58.4,3.0
2025-01-07 20:30:00+05:30,ISM Services EmploymentDEC,51.4,51.5,51.4,52,3.0
2025-01-07 22:00:00+05:30,42-Day Bill Auction,4.245%,4.280%,,,3.0
2025-01-07 23:30:00+05:30,10-Year Note Auction,4.68%,4.235%,,,3.0
2025-01-08 03:00:00+05:30,API Crude Oil Stock ChangeJAN/03,-4.022M,-1.442M,-0.25M,,2.0
2025-01-08 17:30:00+05:30,MBA Mortgage Refinance IndexJAN/03,401.1,395.1,,,3.0
2025-01-08 17:30:00+05:30,MBA Mortgage Market IndexJAN/03,168.4,174.9,,,3.0
2025-01-08 17:30:00+05:30,MBA 30-Year Mortgage RateJAN/03,6.99%,6.97%,,,2.0
2025-01-08 17:30:00+05:30,MBA Purchase IndexJAN/03,127.7,136.7,,,3.0
2025-01-08 17:30:00+05:30,MBA Mortgage ApplicationsJAN/03,-3.7%,-12.6%,,,3.0
2025-01-08 18:45:00+05:30,ADP Employment ChangeDEC,122K,146K,140K,140K,2.0
2025-01-08 19:00:00+05:30,Total Vehicle SalesDEC,16.8M,16.7M,16.5M,16.3M,3.0
2025-01-08 19:00:00+05:30,Initial Jobless ClaimsJAN/04,201K,211K,218K,213K,2.0
2025-01-08 19:00:00+05:30,Jobless Claims 4-week AverageJAN/04,213K,223.25K,,224K,3.0
2025-01-08 19:00:00+05:30,Fed Waller Speech,,,,,2.0
2025-01-08 19:00:00+05:30,Continuing Jobless ClaimsDEC/28,1867K,1834K,1870K,1848K,3.0
2025-01-08 19:30:00+05:30,Used Car Prices MoMDEC,-0.3%,1.3%,,,3.0
2025-01-08 19:30:00+05:30,Used Car Prices YoYDEC,0.4%,0.2%,,,3.0
2025-01-08 20:30:00+05:30,Wholesale Inventories MoMNOV,-0.2%,0%,-0.2%,-0.2%,3.0
2025-01-08 21:00:00+05:30,EIA Cushing Crude Oil Stocks ChangeJAN/03,-2.502M,-0.142M,,,3.0
2025-01-08 21:00:00+05:30,EIA Refinery Crude Runs ChangeJAN/03,0.045M,0.041M,,,3.0
2025-01-08 21:00:00+05:30,EIA Heating Oil Stocks ChangeJAN/03,-0.632M,-0.416M,,,3.0
2025-01-08 21:00:00+05:30,EIA Crude Oil Imports ChangeJAN/03,0.278M,0.323M,,,3.0
2025-01-08 21:00:00+05:30,EIA Gasoline Stocks ChangeJAN/03,6.33M,7.717M,1.5M,,2.0
2025-01-08 21:00:00+05:30,EIA Distillate Fuel Production ChangeJAN/03,-0.167M,0.099M,,,3.0
2025-01-08 21:00:00+05:30,EIA Distillate Stocks ChangeJAN/03,6.071M,6.406M,1M,,3.0
2025-01-08 21:00:00+05:30,EIA Crude Oil Stocks ChangeJAN/03,-0.959M,-1.178M,-0.6M,,2.0
2025-01-08 21:00:00+05:30,EIA Gasoline Production ChangeJAN/03,-0.081M,-0.959M,,,3.0
2025-01-08 22:00:00+05:30,17-Week Bill Auction,4.190%,4.195%,,,3.0
2025-01-08 22:30:00+05:30,EIA Natural Gas Stocks ChangeJAN/03,-40Bcf,-116Bcf,-51Bcf,,3.0
2025-01-08 23:30:00+05:30,30-Year Bond Auction,4.913%,4.535%,,,3.0
2025-01-09 00:30:00+05:30,FOMC Minutes,,,,,1.0
2025-01-09 01:30:00+05:30,Consumer Credit ChangeNOV,$-7.49B,$17.32B,$10.5B,$14.0B,3.0
2025-01-09 18:00:00+05:30,Challenger Job CutsDEC,38.792K,57.727K,,65K,3.0
2025-01-09 19:30:00+05:30,Fed Harker Speech,,,,,2.0
2025-01-09 19:35:00+05:30,Fed Collins Speech,,,,,2.0
2025-01-09 21:00:00+05:30,NY Fed Treasury Purchases 1 to 2.5 yrs,,,$25 million,,3.0
2025-01-09 22:00:00+05:30,8-Week Bill Auction,4.240%,4.240%,,,3.0
2025-01-09 22:00:00+05:30,4-Week Bill Auction,4.245%,4.265%,,,3.0
2025-01-09 22:30:00+05:30,15-Year Mortgage RateJAN/09,6.14%,6.13%,,,3.0
2025-01-09 22:30:00+05:30,30-Year Mortgage RateJAN/09,6.93%,6.91%,,,3.0
2025-01-09 23:15:00+05:30,Fed Barkin Speech,,,,,2.0
2025-01-10 00:00:00+05:30,Fed Schmid Speech,,,,,2.0
2025-01-10 00:05:00+05:30,Fed Bowman Speech,,,,,2.0
2025-01-10 19:00:00+05:30,U-6 Unemployment Rate,7.5%,7.7%,,7.9%,3.0
2025-01-10 19:00:00+05:30,Participation RateDEC,62.5%,62.5%,,62.8%,2.0
2025-01-10 19:00:00+05:30,Non Farm PayrollsDEC,256K,212K,160K,200K,1.0
2025-01-10 19:00:00+05:30,Unemployment RateDEC,4.1%,4.2%,4.2%,4.30%,1.0
2025-01-10 19:00:00+05:30,Nonfarm Payrolls PrivateDEC,223K,182K,135K,185K,3.0
2025-01-10 19:00:00+05:30,Average Weekly HoursDEC,34.3,34.3,34.3,34.3,3.0
2025-01-10 19:00:00+05:30,Manufacturing PayrollsDEC,-13K,25K,5K,29K,3.0
2025-01-10 19:00:00+05:30,Government PayrollsDEC,33K,30K,,15K,3.0
2025-01-10 19:00:00+05:30,Average Hourly Earnings YoY,3.9%,4%,4%,4%,2.0
2025-01-10 19:00:00+05:30,Average Hourly Earnings MoMDEC,0.3%,0.4%,0.3%,0.3%,2.0
2025-01-10 20:30:00+05:30,Michigan Consumer Sentiment PrelJAN,73.2,74.0,73.8,75,1.0
2025-01-10 20:30:00+05:30,Michigan Consumer Expectations PrelJAN,70.2,73.3,,74,3.0
2025-01-10 20:30:00+05:30,Michigan Current Conditions PrelJAN,77.9,75.1,,78,3.0
2025-01-10 20:30:00+05:30,Michigan 5 Year Inflation Expectations PrelJAN,3.3%,3%,,3.2%,3.0
2025-01-10 20:30:00+05:30,Michigan Inflation Expectations PrelJAN,3.3%,2.8%,,3.0%,3.0
2025-01-10 22:30:00+05:30,Quarterly Grain Stocks - CornDEC,12.074B,1.760B,,,3.0
2025-01-10 22:30:00+05:30,Quarterly Grain Stocks - WheatDEC,1.57B,1.98B,,,3.0
2025-01-10 22:30:00+05:30,Quarterly Grain Stocks - SoyDEC,3.1B,0.342B,,,3.0
2025-01-10 22:30:00+05:30,WASDE Report,,,,,3.0
2025-01-10 23:30:00+05:30,Baker Hughes Oil Rig CountJAN/10,480,482,,,3.0
2025-01-10 23:30:00+05:30,Baker Hughes Total Rigs CountJAN/10,584,588,,,3.0
2025-01-11 03:00:00+05:30,Fed Balance SheetJAN/08,$6.85T,$6.85T,,,3.0
2025-01-13 21:30:00+05:30,Consumer Inflation ExpectationsDEC,3%,3%,,3.1%,3.0
2025-01-13 22:00:00+05:30,3-Month Bill Auction,4.225%,4.205%,,,3.0
2025-01-13 22:00:00+05:30,6-Month Bill Auction,4.180%,4.110%,,,3.0
2025-01-14 16:30:00+05:30,NFIB Business Optimism IndexDEC,105.1,101.7,100.8,102,3.0
2025-01-14 19:00:00+05:30,PPI YoYDEC,3.3%,3%,3.4%,3.3%,3.0
2025-01-14 19:00:00+05:30,"PPI Ex Food, Energy and Trade MoMDEC",0.1%,0.1%,0.3%,0.2%,3.0
2025-01-14 19:00:00+05:30,Core PPI YoYDEC,3.5%,3.5%,3.8%,3.5%,3.0
2025-01-14 19:00:00+05:30,PPI MoMDEC,0.2%,0.4%,0.3%,0.3%,1.0
2025-01-14 19:00:00+05:30,PPIDEC,146.842,146.521,,146.8,3.0
2025-01-14 19:00:00+05:30,Core PPI MoMDEC,0%,0.2%,0.3%,0.2%,2.0
2025-01-14 19:00:00+05:30,"PPI Ex Food, Energy and Trade YoYDEC",3.3%,3.5%,,3.6%,3.0
2025-01-14 19:25:00+05:30,Redbook YoYJAN/11,4%,6.8%,,,3.0
2025-01-14 20:30:00+05:30,Fed Schmid Speech,,,,,2.0
2025-01-14 20:35:00+05:30,RCM/TIPP Economic Optimism IndexJAN,51.9,54,55.1,54.2,3.0
2025-01-14 22:00:00+05:30,42-Day Bill Auction,4.240%,4.245%,,,3.0
2025-01-15 00:30:00+05:30,Monthly Budget StatementDEC,$-87B,$-367B,$-75B,$-80B,2.0
2025-01-15 01:35:00+05:30,Fed Williams Speech,,,,,2.0
2025-01-15 03:00:00+05:30,API Crude Oil Stock ChangeJAN/10,-2.6M,-4.022M,-3.5M,,2.0
2025-01-15 17:30:00+05:30,MBA Mortgage Market IndexJAN/10,224.4,168.4,,,3.0
2025-01-15 17:30:00+05:30,MBA 30-Year Mortgage RateJAN/10,7.09%,6.99%,,,2.0
2025-01-15 17:30:00+05:30,MBA Mortgage Refinance IndexJAN/10,575.6,401.1000,,,3.0
2025-01-15 17:30:00+05:30,MBA Mortgage ApplicationsJAN/10,33.3%,-3.7%,,,3.0
2025-01-15 17:30:00+05:30,MBA Purchase IndexJAN/10,162,127.7000,,,3.0
2025-01-15 19:00:00+05:30,NY Empire State Manufacturing IndexJAN,-12.60,2.10,3,3.1,2.0
2025-01-15 19:00:00+05:30,Core Inflation Rate MoMDEC,0.2%,0.3%,0.2%,0.3%,1.0
2025-01-15 19:00:00+05:30,Core Inflation Rate YoYDEC,3.2%,3.3%,3.3%,3.3%,1.0
2025-01-15 19:00:00+05:30,Inflation Rate YoYDEC,2.9%,2.7%,2.9%,2.9%,1.0
2025-01-15 19:00:00+05:30,Inflation Rate MoMDEC,0.4%,0.3%,0.3%,0.4%,1.0
2025-01-15 19:00:00+05:30,CPIDEC,315.61,315.49,315.61,315.6,2.0
2025-01-15 19:00:00+05:30,CPI s.aDEC,317.685,316.441,,317.4,2.0
2025-01-15 19:50:00+05:30,Fed Barkin Speech,,,,,2.0
2025-01-15 20:30:00+05:30,Fed Kashkari Speech,,,,,2.0
2025-01-15 21:00:00+05:30,EIA Distillate Fuel Production ChangeJAN/10,-0.021M,-0.167M,,,3.0
2025-01-15 21:00:00+05:30,EIA Crude Oil Imports ChangeJAN/10,-1.304M,0.278M,,,3.0
2025-01-15 21:00:00+05:30,EIA Refinery Crude Runs ChangeJAN/10,-0.255M,0.045M,,,3.0
2025-01-15 21:00:00+05:30,EIA Distillate Stocks ChangeJAN/10,3.077M,6.071M,1.1M,,3.0
2025-01-15 21:00:00+05:30,EIA Crude Oil Stocks ChangeJAN/10,-1.961M,-0.959M,-1.6M,,2.0
2025-01-15 21:00:00+05:30,EIA Cushing Crude Oil Stocks ChangeJAN/10,0.765M,-2.502M,,,3.0
2025-01-15 21:00:00+05:30,EIA Gasoline Production ChangeJAN/10,0.397M,-0.081M,,,3.0
2025-01-15 21:00:00+05:30,EIA Heating Oil Stocks ChangeJAN/10,0.646M,-0.632M,,,3.0
2025-01-15 21:00:00+05:30,EIA Gasoline Stocks ChangeJAN/10,5.852M,6.33M,2.60M,,2.0
2025-01-15 21:30:00+05:30,Fed Williams Speech,,,,,2.0
2025-01-15 22:00:00+05:30,17-Week Bill Auction,4.210%,4.190%,,,3.0
2025-01-15 22:30:00+05:30,NOPA Crush Report,,,,,3.0
2025-01-15 22:30:00+05:30,Fed Golsbee Speech,,,,,2.0
2025-01-16 00:30:00+05:30,Fed Beige Book,,,,,3.0
2025-01-16 19:00:00+05:30,Import Prices YoYDEC,2.2%,1.4%,2.1%,1.6%,3.0
2025-01-16 19:00:00+05:30,Continuing Jobless ClaimsJAN/04,1859K,1867K,1870K,1870.0K,3.0
2025-01-16 19:00:00+05:30,Export Prices MoMDEC,0.3%,0%,0.2%,0.5%,2.0
2025-01-16 19:00:00+05:30,Retail Sales Ex Autos MoMDEC,0.4%,0.2%,0.4%,0.4%,2.0
2025-01-16 19:00:00+05:30,Philly Fed Business ConditionsJAN,46.3,33.8,,,3.0
2025-01-16 19:00:00+05:30,Philly Fed CAPEX IndexJAN,39.00,22.20,,,3.0
2025-01-16 19:00:00+05:30,Export Prices YoYDEC,1.8%,0.9%,,1.9%,3.0
2025-01-16 19:00:00+05:30,Philly Fed Prices PaidJAN,31.90,26.60,,,3.0
2025-01-16 19:00:00+05:30,Retail Sales Ex Gas/Autos MoMDEC,0.3%,0.2%,0.4%,0.4%,3.0
2025-01-16 19:00:00+05:30,Initial Jobless ClaimsJAN/11,217K,203K,210K,209.0K,2.0
2025-01-16 19:00:00+05:30,Retail Sales YoYDEC,3.9%,4.1%,,4.0%,3.0
2025-01-16 19:00:00+05:30,Jobless Claims 4-week AverageJAN/11,212.75K,213.5K,,215.0K,3.0
2025-01-16 19:00:00+05:30,Philly Fed EmploymentJAN,11.9,4.8,,,3.0
2025-01-16 19:00:00+05:30,Philadelphia Fed Manufacturing IndexJAN,44.3,-10.9,-5,-10,2.0
2025-01-16 19:00:00+05:30,Philly Fed New OrdersJAN,42.9,-3.6,,,3.0
2025-01-16 19:00:00+05:30,Import Prices MoMDEC,0.1%,0.1%,0.1%,0.1%,2.0
2025-01-16 19:00:00+05:30,Retail Sales MoMDEC,0.4%,0.8%,0.6%,0.5%,1.0
2025-01-16 20:30:00+05:30,Retail Inventories Ex Autos MoMNOV,0.5%,0.3%,0.6%,0.4%,3.0
2025-01-16 20:30:00+05:30,NAHB Housing Market IndexJAN,47,46,45,45,2.0
2025-01-16 20:30:00+05:30,Business Inventories MoMNOV,0.1%,0%,0.1%,0.4%,2.0
2025-01-16 21:00:00+05:30,EIA Natural Gas Stocks ChangeJAN/10,-258Bcf,-40Bcf,-255Bcf,,3.0
2025-01-16 22:00:00+05:30,4-Week Bill Auction,4.240%,4.245%,,,3.0
2025-01-16 22:00:00+05:30,8-Week Bill Auction,4.235%,4.240%,,,3.0
2025-01-16 22:30:00+05:30,30-Year Mortgage RateJAN/16,7.04%,6.93%,,,3.0
2025-01-16 22:30:00+05:30,15-Year Mortgage RateJAN/16,6.27%,6.14%,,,3.0
2025-01-17 03:00:00+05:30,Fed Balance SheetJAN/15,$6.83T,$6.85T,,,3.0
2025-01-17 19:00:00+05:30,Building Permits PrelDEC,1.483M,1.493M,1.46M,1.48M,1.0
2025-01-17 19:00:00+05:30,Housing Starts MoMDEC,15.8%,-3.7%,,2%,2.0
2025-01-17 19:00:00+05:30,Building Permits MoM PrelDEC,-0.7%,5.2%,,-0.9%,2.0
2025-01-17 19:00:00+05:30,Housing StartsDEC,1.499M,1.294M,1.32M,1.32M,1.0
2025-01-17 19:45:00+05:30,Manufacturing Production MoMDEC,0.6%,0.4%,0.2%,0.4%,3.0
2025-01-17 19:45:00+05:30,Industrial Production YoYDEC,0.5%,-0.6%,,-0.5%,3.0
2025-01-17 19:45:00+05:30,Capacity UtilizationDEC,77.6%,77%,77%,76.9%,3.0
2025-01-17 19:45:00+05:30,Manufacturing Production YoYDEC,0%,-0.6%,,-0.7%,3.0
2025-01-17 19:45:00+05:30,Industrial Production MoMDEC,0.9%,0.2%,0.3%,0.1%,2.0
2025-01-17 23:30:00+05:30,Baker Hughes Total Rigs CountJAN/17,580,584,,,3.0
2025-01-17 23:30:00+05:30,Baker Hughes Oil Rig CountJAN/17,478,480,,,3.0
2025-01-18 02:30:00+05:30,Foreign Bond InvestmentNOV,$-15.8B,$92B,,,3.0
2025-01-18 02:30:00+05:30,Net Long-term TIC FlowsNOV,$79B,$159.1B,$159.9B,,2.0
2025-01-18 02:30:00+05:30,Overall Net Capital FlowsNOV,$159.9B,$201.8B,,,3.0
2025-01-20 02:30:00+05:30,Inauguration Day,,,,,2.0
2025-01-21 22:00:00+05:30,3-Month Bill Auction,4.215%,4.225%,,,3.0
2025-01-21 22:00:00+05:30,6-Month Bill Auction,4.165%,4.180%,,,3.0
2025-01-21 23:30:00+05:30,52-Week Bill Auction,4.025%,4.070%,,,3.0
2025-01-21 23:30:00+05:30,42-Day Bill Auction,4.250%,4.210%,,,3.0
2025-01-22 17:30:00+05:30,MBA 30-Year Mortgage RateJAN/17,7.02%,7.09%,,,2.0
2025-01-22 17:30:00+05:30,MBA Mortgage Refinance IndexJAN/17,558.8,575.6,,,3.0
2025-01-22 17:30:00+05:30,MBA Purchase IndexJAN/17,163.0,162.0,,,3.0
2025-01-22 17:30:00+05:30,MBA Mortgage ApplicationsJAN/17,0.1%,33.3%,,,3.0
2025-01-22 17:30:00+05:30,MBA Mortgage Market IndexJAN/17,224.6,224.4,,,3.0
2025-01-22 19:25:00+05:30,Redbook YoYJAN/18,4.5%,4%,,,3.0
2025-01-22 20:30:00+05:30,CB Leading Index MoMDEC,-0.1%,0.4%,0%,0%,3.0
2025-01-22 22:00:00+05:30,17-Week Bill Auction,4.205%,4.210%,,,3.0
2025-01-22 23:30:00+05:30,20-Year Bond Auction,4.900%,4.686%,,,3.0
2025-01-23 03:00:00+05:30,API Crude Oil Stock ChangeJAN/17,1M,-2.6M,,,2.0
2025-01-23 19:00:00+05:30,Continuing Jobless ClaimsJAN/11,1899K,1853K,1860K,1861K,3.0
2025-01-23 19:00:00+05:30,Initial Jobless ClaimsJAN/18,223K,217K,220K,219K,2.0
2025-01-23 19:00:00+05:30,Jobless Claims 4-week AverageJAN/18,213.5K,212.75K,,213.0K,3.0
2025-01-23 21:00:00+05:30,EIA Natural Gas Stocks ChangeJAN/17,-223Bcf,-258Bcf,-244Bcf,,3.0
2025-01-23 21:30:00+05:30,Kansas Fed Manufacturing IndexJAN,-9,-6,,-9,3.0
2025-01-23 21:30:00+05:30,Kansas Fed Composite IndexJAN,-5,-5,,-7,3.0
2025-01-23 22:00:00+05:30,4-Week Bill Auction,4.265%,4.240%,,,3.0
2025-01-23 22:00:00+05:30,8-Week Bill Auction,4.250%,4.235%,,,3.0
2025-01-23 22:30:00+05:30,EIA Cushing Crude Oil Stocks ChangeJAN/17,-0.148M,0.765M,,,3.0
2025-01-23 22:30:00+05:30,EIA Gasoline Production ChangeJAN/17,-0.043M,0.397M,,,3.0
2025-01-23 22:30:00+05:30,EIA Crude Oil Stocks ChangeJAN/17,-1.017M,-1.962M,-2.1M,,2.0
2025-01-23 22:30:00+05:30,EIA Refinery Crude Runs ChangeJAN/17,-1.125M,-0.255M,,,3.0
2025-01-23 22:30:00+05:30,15-Year Mortgage RateJAN/23,6.16%,6.27%,,,3.0
2025-01-23 22:30:00+05:30,EIA Distillate Fuel Production ChangeJAN/17,-0.473M,-0.021M,,,3.0
2025-01-23 22:30:00+05:30,EIA Gasoline Stocks ChangeJAN/17,2.332M,5.852M,2.5M,,2.0
2025-01-23 22:30:00+05:30,30-Year Mortgage RateJAN/23,6.96%,7.04%,,,3.0
2025-01-23 22:30:00+05:30,EIA Distillate Stocks ChangeJAN/17,-3.07M,3.077M,0.6M,,3.0
2025-01-23 22:30:00+05:30,EIA Crude Oil Imports ChangeJAN/17,0.184M,-1.304M,,,3.0
2025-01-23 22:30:00+05:30,EIA Heating Oil Stocks ChangeJAN/17,0.068M,0.646M,,,3.0
2025-01-23 23:30:00+05:30,10-Year TIPS Auction,2.243%,2.071%,,,3.0
2025-01-24 03:00:00+05:30,Fed Balance SheetJAN/22,$6.83T,$6.83T,,,3.0
2025-01-24 20:15:00+05:30,S&P Global Services PMI FlashJAN,52.8,56.8,56.5,56.6,2.0
2025-01-24 20:15:00+05:30,S&P Global Composite PMI FlashJAN,52.4,55.4,,55.3,2.0
2025-01-24 20:15:00+05:30,S&P Global Manufacturing PMI FlashJAN,50.1,49.4,49.7,49.6,2.0
2025-01-24 20:30:00+05:30,Michigan Consumer Expectations FinalJAN,69.3,73.3,70.2,70.2,3.0
2025-01-24 20:30:00+05:30,Michigan Current Conditions FinalJAN,74.0,75.1,77.9,77.9,3.0
2025-01-24 20:30:00+05:30,Michigan Inflation Expectations FinalJAN,3.3%,2.8%,3.3%,3.3%,3.0
2025-01-24 20:30:00+05:30,Michigan 5 Year Inflation Expectations FinalJAN,3.2%,3%,3.3%,3.3%,3.0
2025-01-24 20:30:00+05:30,Michigan Consumer Sentiment FinalJAN,71.1,74.0,73.2,73.2,2.0
2025-01-24 20:30:00+05:30,Existing Home SalesDEC,4.24M,4.15M,4.19M,4.1M,1.0
2025-01-24 20:30:00+05:30,Existing Home Sales MoMDEC,2.2%,4.8%,,0.3%,2.0
2025-01-24 23:30:00+05:30,Baker Hughes Total Rigs CountJAN/24,576,580,,,3.0
2025-01-24 23:30:00+05:30,Baker Hughes Oil Rig CountJAN/24,472,478,,,3.0
2025-01-27 18:00:00+05:30,Building Permits FinalDEC,1.482M,1.493M,1.483M,1.6M,3.0
2025-01-27 18:00:00+05:30,Building Permits MoM FinalDEC,-0.7%,5.2%,-0.7%,-0.7%,3.0
2025-01-27 19:00:00+05:30,Chicago Fed National Activity IndexDEC,0.15,-0.01,,0.1,2.0
2025-01-27 20:30:00+05:30,New Home Sales MoMDEC,3.6%,9.6%,,-3.5%,2.0
2025-01-27 20:30:00+05:30,New Home SalesDEC,0.698M,0.674M,0.67M,0.64M,2.0
2025-01-27 21:00:00+05:30,Dallas Fed Manufacturing IndexJAN,14.1,3.4,,4,2.0
2025-01-27 22:00:00+05:30,6-Month Bill Auction,4.140%,4.165%,,,3.0
2025-01-27 22:00:00+05:30,2-Year Note Auction,4.211%,4.335%,,,3.0
2025-01-27 23:30:00+05:30,3-Month Bill Auction,4.195%,4.215%,,,3.0
2025-01-27 23:30:00+05:30,5-Year Note Auction,4.33%,4.478%,,,3.0
2025-01-28 19:00:00+05:30,Durable Goods Orders ex Defense MoMDEC,-2.4%,-1.3%,,0.4%,3.0
2025-01-28 19:00:00+05:30,Durable Goods Orders MoMDEC,-2.2%,-2%,0.6%,0.5%,1.0
2025-01-28 19:00:00+05:30,Durable Goods Orders Ex Transp MoMDEC,0.3%,-0.2%,0.4%,0.4%,2.0
2025-01-28 19:00:00+05:30,Non Defense Goods Orders Ex AirDEC,0.5%,0.9%,0.3%,0.3%,3.0
2025-01-28 19:25:00+05:30,Redbook YoYJAN/25,4.9%,4.5%,,,3.0
2025-01-28 19:30:00+05:30,House Price Index YoYNOV,4.2%,4.5%,,4.3%,3.0
2025-01-28 19:30:00+05:30,S&P/Case-Shiller Home Price YoYNOV,4.3%,4.2%,4.3%,4%,2.0
2025-01-28 19:30:00+05:30,S&P/Case-Shiller Home Price MoMNOV,-0.1%,-0.2%,,-0.1%,3.0
2025-01-28 19:30:00+05:30,House Price IndexNOV,433.4,432.3,,433,3.0
2025-01-28 19:30:00+05:30,House Price Index MoMNOV,0.3%,0.5%,0.2%,0.3%,3.0
2025-01-28 20:30:00+05:30,CB Consumer ConfidenceJAN,104.1,109.5,105.6,104,2.0
2025-01-28 20:30:00+05:30,Richmond Fed Manufacturing IndexJAN,-4,-10,-8,-8,3.0
2025-01-28 20:30:00+05:30,Richmond Fed Services Revenues IndexJAN,4,23,,21,3.0
2025-01-28 20:30:00+05:30,Richmond Fed Manufacturing Shipments IndexJAN,-9,-11,,-9,3.0
2025-01-28 21:00:00+05:30,Dallas Fed Services IndexJAN,7.4,10.8,,9.5,3.0
2025-01-28 21:00:00+05:30,Dallas Fed Services Revenues IndexJAN,5.7,13.9,,13,3.0
2025-01-28 22:00:00+05:30,2-Year FRN Auction,0.098%,0.140%,,,3.0
2025-01-28 22:00:00+05:30,42-Day Bill Auction,4.260%,4.250%,,,3.0
2025-01-28 23:30:00+05:30,7-Year Note Auction,4.457%,4.532%,,,3.0
2025-01-28 23:30:00+05:30,Money SupplyDEC,$21.53T,$21.45T,,,3.0
2025-01-29 03:00:00+05:30,API Crude Oil Stock ChangeJAN/24,2.86M,1M,3.7M,,2.0
2025-01-29 17:30:00+05:30,MBA Mortgage Refinance IndexJAN/24,520.9,558.8,,,3.0
2025-01-29 17:30:00+05:30,MBA Mortgage ApplicationsJAN/24,-2%,0.1%,,,3.0
2025-01-29 17:30:00+05:30,MBA Mortgage Market IndexJAN/24,220.0,224.6,,,3.0
2025-01-29 17:30:00+05:30,MBA Purchase IndexJAN/24,162.4,163,,,3.0
2025-01-29 17:30:00+05:30,MBA 30-Year Mortgage RateJAN/24,7.02%,7.02%,,,2.0
2025-01-29 19:00:00+05:30,Retail Inventories Ex Autos MoM AdvDEC,0.2%,0.4%,,0.4%,2.0
2025-01-29 19:00:00+05:30,Wholesale Inventories MoM AdvDEC,-0.5%,-0.1%,0.2%,0.2%,2.0
2025-01-29 19:00:00+05:30,Goods Trade Balance AdvDEC,$-122.11B,$-103.5B,$-105.4B,$ -106B,2.0
2025-01-29 21:00:00+05:30,EIA Crude Oil Stocks ChangeJAN/24,3.463M,-1.017M,3.2M,,2.0
2025-01-29 21:00:00+05:30,EIA Refinery Crude Runs ChangeJAN/24,-0.333M,-1.125M,,,3.0
2025-01-29 21:00:00+05:30,EIA Gasoline Stocks ChangeJAN/24,2.957M,2.332M,1.5M,,2.0
2025-01-29 21:00:00+05:30,EIA Distillate Stocks ChangeJAN/24,-4.994M,-3.07M,-2.1M,,3.0
2025-01-29 21:00:00+05:30,EIA Cushing Crude Oil Stocks ChangeJAN/24,0.326M,-0.148M,,,3.0
2025-01-29 21:00:00+05:30,EIA Distillate Fuel Production ChangeJAN/24,0.028M,-0.473M,,,3.0
2025-01-29 21:00:00+05:30,EIA Crude Oil Imports ChangeJAN/24,0.532M,0.184M,,,3.0
2025-01-29 21:00:00+05:30,EIA Heating Oil Stocks ChangeJAN/24,0.128M,0.068M,,,3.0
2025-01-29 21:00:00+05:30,EIA Gasoline Production ChangeJAN/24,-0.044M,-0.043M,,,3.0
2025-01-29 22:00:00+05:30,17-Week Bill Auction,4.190%,4.205%,,,3.0
2025-01-30 00:30:00+05:30,Fed Interest Rate Decision,4.5%,4.5%,4.5%,4.5%,1.0
2025-01-30 01:00:00+05:30,Fed Press Conference,,,,,1.0
2025-01-30 19:00:00+05:30,PCE Prices QoQ AdvQ4,2.3%,1.5%,,1.1%,3.0
2025-01-30 19:00:00+05:30,GDP Growth Rate QoQ AdvQ4,2.3%,3.1%,2.6%,3%,1.0
2025-01-30 19:00:00+05:30,Core PCE Prices QoQ AdvQ4,2.5%,2.2%,2.5%,2.3%,3.0
2025-01-30 19:00:00+05:30,Continuing Jobless ClaimsJAN/18,1858K,1900K,1890K,1885.0K,3.0
2025-01-30 19:00:00+05:30,Jobless Claims 4-week AverageJAN/25,212.5K,213.5K,,214.0K,3.0
2025-01-30 19:00:00+05:30,Initial Jobless ClaimsJAN/25,207K,223K,220K,228.0K,2.0
2025-01-30 19:00:00+05:30,GDP Price Index QoQ AdvQ4,2.2%,1.9%,2.5%,2.3%,2.0
2025-01-30 19:00:00+05:30,GDP Sales QoQ AdvQ4,3.2%,3.3%,,2.9%,3.0
2025-01-30 19:00:00+05:30,Real Consumer Spending QoQ AdvQ4,4.2%,3.7%,,2.9%,3.0
2025-01-30 20:30:00+05:30,Pending Home Sales YoYDEC,-5.0%,6.9%,,4.0%,2.0
2025-01-30 20:30:00+05:30,Pending Home Sales MoMDEC,-5.5%,1.6%,0%,-0.3%,2.0
2025-01-30 21:00:00+05:30,EIA Natural Gas Stocks ChangeJAN/24,-321Bcf,-223Bcf,-313Bcf,,3.0
2025-01-30 22:00:00+05:30,8-Week Bill Auction,4.240%,4.250%,,,3.0
2025-01-30 22:00:00+05:30,4-Week Bill Auction,4.250%,4.265%,,,3.0
2025-01-30 22:30:00+05:30,30-Year Mortgage RateJAN/30,6.95%,6.96%,,,3.0
2025-01-30 22:30:00+05:30,15-Year Mortgage RateJAN/30,6.12%,6.16%,,,3.0
2025-01-31 03:00:00+05:30,Fed Balance SheetJAN/29,$6.82T,$6.83T,,,3.0
2025-01-31 19:00:00+05:30,Fed Bowman Speech,,,,,2.0
2025-01-31 19:00:00+05:30,Employment Cost Index QoQQ4,0.9%,0.8%,0.9%,0.7%,2.0
2025-01-31 19:00:00+05:30,Core PCE Price Index YoYDEC,2.8%,2.8%,2.8%,2.8%,3.0
2025-01-31 19:00:00+05:30,PCE Price Index YoYDEC,2.6%,2.4%,2.6%,2.6%,2.0
2025-01-31 19:00:00+05:30,Employment Cost - Wages QoQQ4,0.9%,0.8%,,0.7%,2.0
2025-01-31 19:00:00+05:30,Personal Spending MoMDEC,0.7%,0.6%,0.5%,0.5%,1.0
2025-01-31 19:00:00+05:30,Employment Cost - Benefits QoQQ4,0.8%,0.8%,,0.7%,2.0
2025-01-31 19:00:00+05:30,Core PCE Price Index MoMDEC,0.2%,0.1%,0.2%,0.2%,1.0
2025-01-31 19:00:00+05:30,Personal Income MoMDEC,0.4%,0.3%,0.4%,0.3%,1.0
2025-01-31 19:00:00+05:30,PCE Price Index MoMDEC,0.3%,0.1%,0.3%,0.3%,2.0
2025-01-31 20:15:00+05:30,Chicago PMIJAN,39.5,36.9,40,37.2,2.0
2025-01-31 23:30:00+05:30,Baker Hughes Total Rigs CountJAN/31,582,576,,,3.0
2025-01-31 23:30:00+05:30,Baker Hughes Oil Rig CountJAN/31,479,472,468,,3.0
2025-02-03 20:15:00+05:30,S&P Global Manufacturing PMI FinalJAN,51.2,49.4,50.1,50.1,2.0
2025-02-03 20:30:00+05:30,Construction Spending MoMDEC,0.5%,0.2%,0.2%,0.3%,3.0
2025-02-03 20:30:00+05:30,ISM Manufacturing PMIJAN,50.9,49.2,49.8,49.8,1.0
2025-02-03 20:30:00+05:30,ISM Manufacturing New OrdersJAN,55.1,52.1,,52.8,3.0
2025-02-03 20:30:00+05:30,ISM Manufacturing PricesJAN,54.9,52.5,52.6,53,3.0
2025-02-03 20:30:00+05:30,ISM Manufacturing EmploymentJAN,50.3,45.4,,47,2.0
2025-02-03 22:00:00+05:30,3-Month Bill Auction,4.22%,4.195%,,,3.0
2025-02-03 22:00:00+05:30,6-Month Bill Auction,4.155%,4.14%,,,3.0
2025-02-03 23:00:00+05:30,Fed Bostic Speech,,,,,2.0
2025-02-04 00:30:00+05:30,Loan Officer Survey,,,,,3.0
2025-02-04 01:30:00+05:30,Treasury Refunding Financing Estimates,,,,,3.0
2025-02-04 05:00:00+05:30,Fed Musalem Speech,,,,,2.0
2025-02-04 16:20:00+05:30,LMI Logistics Managers IndexJAN,62.0,57.3,,,3.0
2025-02-04 19:25:00+05:30,Redbook YoYFEB/01,5.7%,4.9%,,,3.0
2025-02-04 20:30:00+05:30,JOLTs Job QuitsDEC,3.197M,3.130M,,3.1M,3.0
2025-02-04 20:30:00+05:30,Factory Orders MoMDEC,-0.9%,-0.8%,-0.7%,-0.7%,2.0
2025-02-04 20:30:00+05:30,Factory Orders ex TransportationDEC,0.3%,0.2%,,0.6%,3.0
2025-02-04 20:30:00+05:30,JOLTs Job OpeningsDEC,7.6M,8.156M,8M,7.8M,1.0
2025-02-04 20:40:00+05:30,RCM/TIPP Economic Optimism IndexFEB,52,51.9,53.0,52.3,3.0
2025-02-04 21:30:00+05:30,Fed Bostic Speech,,,,,2.0
2025-02-04 22:00:00+05:30,42-Day Bill Auction,4.250%,4.260%,,,3.0
2025-02-05 00:30:00+05:30,Fed Daly Speech,,,,,2.0
2025-02-05 03:00:00+05:30,API Crude Oil Stock ChangeJAN/31,5.025M,2.86M,3.17M,,2.0
2025-02-05 06:00:00+05:30,Fed Jefferson Speech,,,,,2.0
2025-02-05 17:30:00+05:30,MBA Mortgage Market IndexJAN/31,224.8,220.0,,,3.0
2025-02-05 17:30:00+05:30,MBA Mortgage Refinance IndexJAN/31,584.3,520.9,,,3.0
2025-02-05 17:30:00+05:30,MBA 30-Year Mortgage RateJAN/31,6.97%,7.02%,,,2.0
2025-02-05 17:30:00+05:30,MBA Purchase IndexJAN/31,156.7,162.4,,,3.0
2025-02-05 17:30:00+05:30,MBA Mortgage ApplicationsJAN/31,2.2%,-2%,,,3.0
2025-02-05 18:45:00+05:30,ADP Employment ChangeJAN,183K,176K,150K,120.0K,2.0
2025-02-05 19:00:00+05:30,Treasury Refunding Announcement,,,,,3.0
2025-02-05 19:00:00+05:30,ImportsDEC,$364.9B,$352.5B,,$ 355.0B,2.0
2025-02-05 19:00:00+05:30,ExportsDEC,$266.5B,$273.6B,,$ 262B,2.0
2025-02-05 19:00:00+05:30,Balance of TradeDEC,$-98.4B,$-78.9B,$-96.6B,$ -93.0B,2.0
2025-02-05 19:30:00+05:30,Fed Barkin Speech,,,,,2.0
2025-02-05 20:15:00+05:30,S&P Global Composite PMI FinalJAN,52.7,55.4,52.4,52.4,2.0
2025-02-05 20:15:00+05:30,S&P Global Services PMI FinalJAN,52.9,56.8,52.8,52.8,2.0
2025-02-05 20:30:00+05:30,ISM Services PricesJAN,60.4,64.4,,64.8,3.0
2025-02-05 20:30:00+05:30,ISM Services Business ActivityJAN,54.5,58.0,,58.1,3.0
2025-02-05 20:30:00+05:30,ISM Services PMIJAN,52.8,54.0,54.3,54,1.0
2025-02-05 20:30:00+05:30,ISM Services EmploymentJAN,52.3,51.3,,51.3,3.0
2025-02-05 20:30:00+05:30,ISM Services New OrdersJAN,51.3,54.4,,54.1,3.0
2025-02-05 21:00:00+05:30,EIA Cushing Crude Oil Stocks ChangeJAN/31,-0.034M,0.326M,,,3.0
2025-02-05 21:00:00+05:30,EIA Distillate Fuel Production ChangeJAN/31,-0.186M,0.028M,,,3.0
2025-02-05 21:00:00+05:30,EIA Heating Oil Stocks ChangeJAN/31,0.373M,0.128M,,,3.0
2025-02-05 21:00:00+05:30,EIA Crude Oil Imports ChangeJAN/31,-0.178M,0.532M,,,3.0
2025-02-05 21:00:00+05:30,EIA Refinery Crude Runs ChangeJAN/31,0.16M,-0.333M,,,3.0
2025-02-05 21:00:00+05:30,EIA Gasoline Production ChangeJAN/31,-0.027M,-0.044M,,,3.0
2025-02-05 21:00:00+05:30,EIA Distillate Stocks ChangeJAN/31,-5.471M,-4.994M,-1.5M,,3.0
2025-02-05 21:00:00+05:30,EIA Crude Oil Stocks ChangeJAN/31,8.664M,3.463M,2.6M,,2.0
2025-02-05 21:00:00+05:30,EIA Gasoline Stocks ChangeJAN/31,2.233M,2.957M,1.2M,,2.0
2025-02-05 22:00:00+05:30,17-Week Bill Auction,4.205%,4.190%,,,3.0
2025-02-05 23:30:00+05:30,Fed Goolsbee Speech,,,,,2.0
2025-02-06 01:30:00+05:30,Fed Bowman Speech,,,,,2.0
2025-02-06 18:00:00+05:30,Challenger Job CutsJAN,49.795K,38.792K,,45K,3.0
2025-02-06 19:00:00+05:30,Initial Jobless ClaimsFEB/01,219K,208K,213K,215.0K,2.0
2025-02-06 19:00:00+05:30,Nonfarm Productivity QoQ PrelQ4,1.2%,2.3%,1.4%,1.9%,2.0
2025-02-06 19:00:00+05:30,Continuing Jobless ClaimsJAN/25,1886K,1850K,1870K,1855.0K,3.0
2025-02-06 19:00:00+05:30,Unit Labour Costs QoQ PrelQ4,3%,0.5%,3.4%,3%,2.0
2025-02-06 19:00:00+05:30,Jobless Claims 4-week AverageFEB/01,216.75K,212.75K,,215.5K,3.0
2025-02-06 20:30:00+05:30,Total Vehicle SalesJAN,15.6M,16.9M,,,3.0
2025-02-06 21:00:00+05:30,EIA Natural Gas Stocks ChangeJAN/31,-174Bcf,-321Bcf,-168Bcf,,3.0
2025-02-06 22:00:00+05:30,4-Week Bill Auction,4.250%,4.250%,,,3.0
2025-02-06 22:00:00+05:30,8-Week Bill Auction,4.240%,4.240%,,,3.0
2025-02-06 22:30:00+05:30,15-Year Mortgage RateFEB/06,6.05%,6.12%,,,3.0
2025-02-06 22:30:00+05:30,30-Year Mortgage RateFEB/06,6.89%,6.95%,,,3.0
2025-02-07 01:00:00+05:30,Fed Waller Speech,,,,,2.0
2025-02-07 02:00:00+05:30,Fed Daly Speech,,,,,2.0
2025-02-07 03:00:00+05:30,Fed Balance SheetFEB/05,$6.81T,$6.82T,,,3.0
2025-02-07 19:00:00+05:30,Average Hourly Earnings MoMJAN,0.5%,0.3%,0.3%,0.3%,2.0
2025-02-07 19:00:00+05:30,Manufacturing PayrollsJAN,3K,-12K,-2K,-5K,3.0
2025-02-07 19:00:00+05:30,Average Hourly Earnings YoYJAN,4.1%,4.1%,3.8%,3.9%,2.0
2025-02-07 19:00:00+05:30,Average Weekly HoursJAN,34.1,34.2,34.3,34.3,3.0
2025-02-07 19:00:00+05:30,Nonfarm Payrolls PrivateJAN,111K,273K,141K,180K,3.0
2025-02-07 19:00:00+05:30,U-6 Unemployment RateJAN,7.5%,7.5%,,7.5%,3.0
2025-02-07 19:00:00+05:30,Unemployment RateJAN,4%,4.1%,4.1%,4.1%,1.0
2025-02-07 19:00:00+05:30,Participation RateJAN,62.6%,62.5%,,62.5%,2.0
2025-02-07 19:00:00+05:30,Government PayrollsJAN,32K,34K,,25K,3.0
2025-02-07 19:00:00+05:30,Non Farm PayrollsJAN,143K,307K,170K,205K,1.0
2025-02-07 19:10:00+05:30,Fed Kashkari Speech,,,,,2.0
2025-02-07 19:30:00+05:30,Used Car Prices YoYJAN,0.8%,0.4%,,,3.0
2025-02-07 19:30:00+05:30,Used Car Prices MoMJAN,0.4%,-0.3%,,,3.0
2025-02-07 19:55:00+05:30,Fed Bowman Speech,,,,,2.0
2025-02-07 20:30:00+05:30,Michigan 5 Year Inflation Expectations PrelFEB,3.3%,3.2%,,3.3%,3.0
2025-02-07 20:30:00+05:30,Wholesale Inventories MoMDEC,-0.5%,-0.1%,-0.5%,-0.5%,3.0
2025-02-07 20:30:00+05:30,Michigan Current Conditions PrelFEB,68.7,74,73,74.3,3.0
2025-02-07 20:30:00+05:30,Michigan Consumer Sentiment PrelFEB,67.8,71.1,71.1,72,1.0
2025-02-07 20:30:00+05:30,Michigan Inflation Expectations PrelFEB,4.3%,3.3%,,3.4%,3.0
2025-02-07 20:30:00+05:30,Michigan Consumer Expectations PrelFEB,67.3,69.3,70,69.5,3.0
2025-02-07 21:00:00+05:30,Fed Goolsbee Speech,,,,,2.0
2025-02-07 22:30:00+05:30,Fed Kugler Speech,,,,,2.0
2025-02-07 23:30:00+05:30,Baker Hughes Oil Rig CountFEB/07,480,479,,,3.0
2025-02-07 23:30:00+05:30,Baker Hughes Total Rigs CountFEB/07,586,582,,,3.0
2025-02-08 01:30:00+05:30,Consumer Credit ChangeDEC,$40.85B,$-5.37B,$12.35B,$ 18B,3.0
2025-02-10 21:30:00+05:30,Consumer Inflation ExpectationsJAN,3%,3%,,3.1%,3.0
2025-02-10 22:00:00+05:30,6-Month Bill Auction,4.185%,4.155%,,,3.0
2025-02-10 22:00:00+05:30,3-Month Bill Auction,4.225%,4.22%,,,3.0
2025-02-11 16:30:00+05:30,NFIB Business Optimism IndexJAN,102.8,105.1,104.6,104,3.0
2025-02-11 19:20:00+05:30,Fed Hammack Speech,,,,,2.0
2025-02-11 19:25:00+05:30,Redbook YoYFEB/08,5.3%,5.7%,,,3.0
2025-02-11 20:30:00+05:30,Fed Chair Powell Testimony,,,,,1.0
2025-02-11 22:30:00+05:30,WASDE Report,,,,,3.0
2025-02-11 23:30:00+05:30,3-Year Note Auction,4.300%,4.332%,,,3.0
2025-02-12 02:00:00+05:30,Fed Bowman Speech,,,,,2.0
2025-02-12 02:00:00+05:30,Fed Williams Speech,,,,,2.0
2025-02-12 03:00:00+05:30,API Crude Oil Stock ChangeFEB/07,9.043M,5.025M,2.8M,,2.0
2025-02-12 17:30:00+05:30,MBA Purchase IndexFEB/07,153.1,156.7,,,3.0
2025-02-12 17:30:00+05:30,MBA Mortgage ApplicationsFEB/07,2.3%,2.2%,,,3.0
2025-02-12 17:30:00+05:30,MBA 30-Year Mortgage RateFEB/07,6.95%,6.97%,,,2.0
2025-02-12 17:30:00+05:30,MBA Mortgage Refinance IndexFEB/07,640.6,584.3,,,3.0
2025-02-12 17:30:00+05:30,MBA Mortgage Market IndexFEB/07,230.0,224.8,,,3.0
2025-02-12 19:00:00+05:30,Inflation Rate MoMJAN,0.5%,0.4%,0.3%,0.2%,1.0
2025-02-12 19:00:00+05:30,Core Inflation Rate YoYJAN,3.3%,3.2%,3.1%,3.1%,1.0
2025-02-12 19:00:00+05:30,CPI s.aJAN,319.086,317.603,,318.2,2.0
2025-02-12 19:00:00+05:30,Core Inflation Rate MoMJAN,0.4%,0.2%,0.3%,0.3%,1.0
2025-02-12 19:00:00+05:30,CPIJAN,317.67,315.61,317.46,317.3,2.0
2025-02-12 19:00:00+05:30,Inflation Rate YoYJAN,3%,2.9%,2.9%,2.9%,1.0
2025-02-12 21:00:00+05:30,EIA Gasoline Production ChangeFEB/07,0.18M,-0.027M,,,3.0
2025-02-12 21:00:00+05:30,EIA Crude Oil Imports ChangeFEB/07,-0.184M,-0.178M,,,3.0
2025-02-12 21:00:00+05:30,EIA Heating Oil Stocks ChangeFEB/07,0.159M,0.373M,,,3.0
2025-02-12 21:00:00+05:30,EIA Crude Oil Stocks ChangeFEB/07,4.07M,8.664M,3M,,2.0
2025-02-12 21:00:00+05:30,EIA Distillate Stocks ChangeFEB/07,0.135M,-5.471M,-2M,,3.0
2025-02-12 21:00:00+05:30,EIA Distillate Fuel Production ChangeFEB/07,-0.009M,-0.186M,,,3.0
2025-02-12 21:00:00+05:30,EIA Gasoline Stocks ChangeFEB/07,-3.035M,2.233M,1.5M,,2.0
2025-02-12 21:00:00+05:30,EIA Refinery Crude Runs ChangeFEB/07,0.082M,0.16M,,,3.0
2025-02-12 21:00:00+05:30,EIA Cushing Crude Oil Stocks ChangeFEB/07,0.872M,-0.034M,,,3.0
2025-02-12 22:00:00+05:30,17-Week Bill Auction,4.230%,4.205%,,,3.0
2025-02-12 22:30:00+05:30,Fed Bostic Speech,,,,,2.0
2025-02-12 23:30:00+05:30,10-Year Note Auction,4.632%,4.68%,,,3.0
2025-02-13 00:30:00+05:30,Monthly Budget StatementJAN,$-129B,$-87B,$-88.1B,$-93.0B,2.0
2025-02-13 03:35:00+05:30,Fed Waller Speech,,,,,2.0
2025-02-13 19:00:00+05:30,Core PPI YoYJAN,3.6%,3.7%,3.3%,3.5%,3.0
2025-02-13 19:00:00+05:30,Continuing Jobless ClaimsFEB/01,1850K,1886K,1880K,1875.0K,3.0
2025-02-13 19:00:00+05:30,"PPI Ex Food, Energy and Trade MoMJAN",0.3%,0.4%,,0.2%,3.0
2025-02-13 19:00:00+05:30,Jobless Claims 4-week AverageFEB/08,216K,217K,,216.0K,3.0
2025-02-13 19:00:00+05:30,"PPI Ex Food, Energy and Trade YoYJAN",3.4%,3.5%,3.2%,3.3%,3.0
2025-02-13 19:00:00+05:30,PPI YoYJAN,3.5%,3.5%,3.2%,3.4%,3.0
2025-02-13 19:00:00+05:30,PPI MoMJAN,0.4%,0.5%,0.3%,0.3%,1.0
2025-02-13 19:00:00+05:30,PPIJAN,147.716,147.127,,147.2,3.0
2025-02-13 19:00:00+05:30,Core PPI MoMJAN,0.3%,0.4%,0.3%,0.1%,2.0
2025-02-13 19:00:00+05:30,Initial Jobless ClaimsFEB/08,213K,220K,215K,215.0K,2.0
2025-02-13 21:00:00+05:30,EIA Natural Gas Stocks ChangeFEB/07,-100Bcf,-174Bcf,-92Bcf,,3.0
2025-02-13 21:30:00+05:30,Total Household DebtQ4,$18.04T,$17.9T,,,3.0
2025-02-13 22:30:00+05:30,15-Year Mortgage RateFEB/13,6.09%,6.05%,,,3.0
2025-02-13 22:30:00+05:30,30-Year Mortgage RateFEB/13,6.87%,6.89%,,,3.0
2025-02-13 23:30:00+05:30,30-Year Bond Auction,4.748%,4.913%,,,3.0
2025-02-14 03:00:00+05:30,Fed Balance SheetFEB/12,$6.81T,$6.81T,,,3.0
2025-02-14 19:00:00+05:30,Retail Sales Ex Autos MoMJAN,-0.4%,0.7%,0.3%,0.3%,2.0
2025-02-14 19:00:00+05:30,Retail Sales MoMJAN,-0.9%,0.7%,-0.1%,0%,1.0
2025-02-14 19:00:00+05:30,Retail Sales Ex Gas/Autos MoMJAN,-0.5%,0.5%,,0.2%,3.0
2025-02-14 19:00:00+05:30,Export Prices YoYJAN,2.7%,2%,,2.3%,3.0
2025-02-14 19:00:00+05:30,Import Prices MoMJAN,0.3%,0.2%,0.4%,0.3%,2.0
2025-02-14 19:00:00+05:30,Export Prices MoMJAN,1.3%,0.5%,0.3%,0.3%,2.0
2025-02-14 19:00:00+05:30,Import Prices YoYJAN,1.9%,2.2%,,2.8%,3.0
2025-02-14 19:00:00+05:30,Retail Sales Control Group MoMJAN,-0.8%,0.8%,0.3%,0.4%,2.0
2025-02-14 19:00:00+05:30,Retail Sales YoYJAN,4.2%,4.4%,,3.7%,3.0
2025-02-14 19:45:00+05:30,Manufacturing Production MoMJAN,-0.1%,0.5%,0.1%,0.2%,3.0
2025-02-14 19:45:00+05:30,Manufacturing Production YoYJAN,1%,-0.1%,,0.8%,3.0
2025-02-14 19:45:00+05:30,Industrial Production MoMJAN,0.5%,1%,0.3%,0.3%,2.0
2025-02-14 19:45:00+05:30,Industrial Production YoYJAN,2%,0.3%,,0.9%,3.0
2025-02-14 19:45:00+05:30,Capacity UtilizationJAN,77.8%,77.5%,77.7%,77.4%,3.0
2025-02-14 20:30:00+05:30,Business Inventories MoMDEC,-0.2%,0.1%,0%,-0.1%,2.0
2025-02-14 20:30:00+05:30,Retail Inventories Ex Autos MoMDEC,-0.1%,0.4%,0.2%,0.2%,3.0
2025-02-14 23:30:00+05:30,Baker Hughes Total Rigs CountFEB/14,588,586,,,3.0
2025-02-14 23:30:00+05:30,Baker Hughes Oil Rig CountFEB/14,481,480,,,3.0
2025-02-15 01:30:00+05:30,Fed Logan Speech,,,,,2.0
2025-02-17 20:00:00+05:30,Fed Harker Speech,,,,,2.0
2025-02-17 20:50:00+05:30,Fed Bowman Speech,,,,,2.0
2025-02-18 04:30:00+05:30,Fed Waller Speech,,,,,2.0
2025-02-18 19:00:00+05:30,NY Empire State Manufacturing IndexFEB,5.70,-12.60,-1,2,2.0
2025-02-18 20:30:00+05:30,NAHB Housing Market IndexFEB,42,47,47,46,2.0
2025-02-18 20:50:00+05:30,Fed Daly Speech,,,,,2.0
2025-02-18 22:00:00+05:30,6-Month Bill Auction,4.220%,4.185%,,,3.0
2025-02-18 22:00:00+05:30,3-Month Bill Auction,4.225%,4.225%,,,3.0
2025-02-18 22:30:00+05:30,NOPA Crush Report,,,,,3.0
2025-02-18 23:30:00+05:30,52-Week Bill Auction,4.05%,4.025%,,,3.0
2025-02-18 23:30:00+05:30,Fed Barr Speech,,,,,2.0
2025-02-18 23:30:00+05:30,42-Day Bill Auction,4.270%,4.260%,,,3.0
2025-02-19 02:30:00+05:30,Overall Net Capital FlowsDEC,$87.1B,$134.1B,,,3.0
2025-02-19 02:30:00+05:30,Net Long-term TIC FlowsDEC,$72B,$53.2B,$149.1B,,2.0
2025-02-19 02:30:00+05:30,Foreign Bond InvestmentDEC,$-49.7B,$-34.4B,,,3.0
2025-02-19 17:30:00+05:30,MBA Mortgage Refinance IndexFEB/14,593.6,640.6,,,3.0
2025-02-19 17:30:00+05:30,MBA 30-Year Mortgage RateFEB/14,6.93%,6.95%,,,2.0
2025-02-19 17:30:00+05:30,MBA Mortgage Market IndexFEB/14,214.9,230.0,,,3.0
2025-02-19 17:30:00+05:30,MBA Mortgage ApplicationsFEB/14,-6.6%,2.3%,,,3.0
2025-02-19 17:30:00+05:30,MBA Purchase IndexFEB/14,144.0,153.1,,,3.0
2025-02-19 19:00:00+05:30,Housing StartsJAN,1.366M,1.515M,1.4M,1.35M,1.0
2025-02-19 19:00:00+05:30,Housing Starts MoMJAN,-9.8%,16.1%,,-9.0%,2.0
2025-02-19 19:00:00+05:30,Building Permits MoM PrelJAN,0.1%,-0.7%,,-0.8%,2.0
2025-02-19 19:00:00+05:30,Building Permits PrelJAN,1.483M,1.482M,1.46M,1.47M,1.0
2025-02-19 19:25:00+05:30,Redbook YoYFEB/15,6.3%,5.3%,,,3.0
2025-02-19 21:00:00+05:30,NY Fed Treasury Purchases 22.5 to 30 yrs,,,$50 million,,3.0
2025-02-19 22:00:00+05:30,17-Week Bill Auction,4.215%,4.230%,,,3.0
2025-02-19 23:30:00+05:30,20-Year Bond Auction,4.83%,4.9%,,,3.0
2025-02-20 00:30:00+05:30,FOMC Minutes,,,,,1.0
2025-02-20 03:00:00+05:30,API Crude Oil Stock ChangeFEB/14,3.34M,9.043M,2.2M,,2.0
2025-02-20 03:30:00+05:30,Fed Jefferson Speech,,,,,2.0
2025-02-20 19:00:00+05:30,Philly Fed Business ConditionsFEB,27.8,46.3,,,3.0
2025-02-20 19:00:00+05:30,Continuing Jobless ClaimsFEB/08,1869K,1845K,1870K,1879.0K,3.0
2025-02-20 19:00:00+05:30,Jobless Claims 4-week AverageFEB/15,215.25K,216.25K,,219.0K,3.0
2025-02-20 19:00:00+05:30,Philly Fed New OrdersFEB,21.9,42.9,,,3.0
2025-02-20 19:00:00+05:30,Philly Fed Prices PaidFEB,40.50,31.90,,,3.0
2025-02-20 19:00:00+05:30,Philadelphia Fed Manufacturing IndexFEB,18.1,44.3,20,18,2.0
2025-02-20 19:00:00+05:30,Initial Jobless ClaimsFEB/15,219K,214K,215K,220.0K,2.0
2025-02-20 19:00:00+05:30,Philly Fed EmploymentFEB,5.3,11.9,,,3.0
2025-02-20 19:00:00+05:30,Philly Fed CAPEX IndexFEB,14.00,39.00,,,3.0
2025-02-20 20:05:00+05:30,Fed Goolsbee Speech,,,,,2.0
2025-02-20 20:30:00+05:30,CB Leading Index MoMJAN,-0.3%,-0.1%,-0.1%,0%,3.0
2025-02-20 21:00:00+05:30,EIA Natural Gas Stocks ChangeFEB/14,-196Bcf,-100Bcf,-188Bcf,,3.0
2025-02-20 22:00:00+05:30,4-Week Bill Auction,4.245%,4.250%,,,3.0
2025-02-20 22:00:00+05:30,8-Week Bill Auction,4.235%,4.240%,,,3.0
2025-02-20 22:30:00+05:30,EIA Crude Oil Imports ChangeFEB/14,-0.961M,-0.184M,,,3.0
2025-02-20 22:30:00+05:30,EIA Crude Oil Stocks ChangeFEB/14,4.633M,4.07M,3M,,2.0
2025-02-20 22:30:00+05:30,EIA Heating Oil Stocks ChangeFEB/14,-0.343M,0.159M,,,3.0
2025-02-20 22:30:00+05:30,30-Year Mortgage RateFEB/20,6.85%,6.87%,,,3.0
2025-02-20 22:30:00+05:30,EIA Refinery Crude Runs ChangeFEB/14,-0.015M,0.082M,,,3.0
2025-02-20 22:30:00+05:30,EIA Gasoline Stocks ChangeFEB/14,-0.151M,-3.035M,0.7M,,2.0
2025-02-20 22:30:00+05:30,15-Year Mortgage RateFEB/20,6.04%,6.09%,,,3.0
2025-02-20 22:30:00+05:30,EIA Cushing Crude Oil Stocks ChangeFEB/14,1.472M,0.872M,,,3.0
2025-02-20 22:30:00+05:30,EIA Distillate Fuel Production ChangeFEB/14,0.18M,-0.009M,,,3.0
2025-02-20 22:30:00+05:30,EIA Distillate Stocks ChangeFEB/14,-2.051M,0.135M,-1.2M,,3.0
2025-02-20 22:30:00+05:30,EIA Gasoline Production ChangeFEB/14,-0.156M,0.18M,,,3.0
2025-02-20 22:35:00+05:30,Fed Musalem Speech,,,,,2.0
2025-02-20 23:30:00+05:30,30-Year TIPS Auction,2.403%,2.055%,,,3.0
2025-02-21 01:00:00+05:30,Fed Barr Speech,,,,,2.0
2025-02-21 03:00:00+05:30,Fed Balance SheetFEB/19,$6.78T,$6.81T,,,3.0
2025-02-21 03:30:00+05:30,Fed Kugler Speech,,,,,2.0
2025-02-21 20:15:00+05:30,S&P Global Services PMI FlashFEB,49.7,52.9,53,52.7,2.0
2025-02-21 20:15:00+05:30,S&P Global Manufacturing PMI FlashFEB,51.6,51.2,51.5,51.3,2.0
2025-02-21 20:15:00+05:30,S&P Global Composite PMI FlashFEB,50.4,52.7,,52.7,2.0
2025-02-21 20:30:00+05:30,Existing Home SalesJAN,4.08M,4.29M,4.12M,4.16M,1.0
2025-02-21 20:30:00+05:30,Michigan Consumer Expectations FinalFEB,64.0,69.3,67.3,67.3,3.0
2025-02-21 20:30:00+05:30,Michigan Inflation Expectations FinalFEB,4.3%,3.3%,4.3%,4.3%,3.0
2025-02-21 20:30:00+05:30,Michigan Current Conditions FinalFEB,65.7,74,68.7,68.7,3.0
2025-02-21 20:30:00+05:30,Michigan Consumer Sentiment FinalFEB,64.7,71.1,67.8,67.8,2.0
2025-02-21 20:30:00+05:30,Existing Home Sales MoMJAN,-4.9%,2.9%,,-1.7%,2.0
2025-02-21 20:30:00+05:30,Michigan 5 Year Inflation Expectations FinalFEB,3.5%,3.2%,3.3%,3.3%,3.0
2025-02-21 22:00:00+05:30,Fed Daly Speech,,,,,2.0
2025-02-21 22:00:00+05:30,Fed Jefferson Speech,,,,,2.0
2025-02-21 23:30:00+05:30,Baker Hughes Total Rigs CountFEB/21,592,588,,,3.0
2025-02-21 23:30:00+05:30,Baker Hughes Oil Rig CountFEB/21,487,481,,,3.0
2025-02-24 19:00:00+05:30,Chicago Fed National Activity IndexJAN,-0.03,0.18,,0.21,2.0
2025-02-24 21:00:00+05:30,Dallas Fed Manufacturing IndexFEB,-8.3,14.1,,18,2.0
2025-02-24 22:00:00+05:30,6-Month Bill Auction,4.180%,4.220%,,,3.0
2025-02-24 22:00:00+05:30,3-Month Bill Auction,4.195%,4.225%,,,3.0
2025-02-24 23:30:00+05:30,2-Year Note Auction,4.169%,4.211%,,,3.0
2025-02-25 14:50:00+05:30,Fed Logan Speech,,,,,2.0
2025-02-25 19:25:00+05:30,Redbook YoYFEB/22,,6.3%,,,3.0
2025-02-25 19:25:00+05:30,Redbook YoYFEB/22,6.2%,6.3%,,,3.0
2025-02-25 19:30:00+05:30,House Price Index YoYDEC,4.7%,4.5%,,4.1%,3.0
2025-02-25 19:30:00+05:30,House Price Index MoMDEC,,0.3%,0.2%,0.2%,3.0
2025-02-25 19:30:00+05:30,S&P/Case-Shiller Home Price MoMDEC,,-0.1%,,0.0%,3.0
2025-02-25 19:30:00+05:30,S&P/Case-Shiller Home Price MoMDEC,-0.1%,-0.1%,,0.0%,3.0
2025-02-25 19:30:00+05:30,S&P/Case-Shiller Home Price YoYDEC,4.5%,4.3%,4.4%,4.4%,2.0
2025-02-25 19:30:00+05:30,House Price Index MoMDEC,0.4%,0.4%,0.2%,0.2%,3.0
2025-02-25 19:30:00+05:30,House Price Index YoYDEC,,4.2%,,4.1%,3.0
2025-02-25 19:30:00+05:30,House Price IndexDEC,436.1,434.3,,434.3,3.0
2025-02-25 19:30:00+05:30,House Price IndexDEC,,433.4,,434.3,3.0
2025-02-25 19:30:00+05:30,S&P/Case-Shiller Home Price YoYDEC,,4.3%,4.4%,4.4%,2.0
2025-02-25 20:30:00+05:30,CB Consumer ConfidenceFEB,,104.1,103,103,2.0
2025-02-25 20:30:00+05:30,CB Consumer ConfidenceFEB,98.3,105.3,102.5,103,2.0
2025-02-25 20:30:00+05:30,Richmond Fed Manufacturing Shipments IndexFEB,12,-9,,-4,3.0
2025-02-25 20:30:00+05:30,Richmond Fed Manufacturing Shipments IndexFEB,,-9,,-4,3.0
2025-02-25 20:30:00+05:30,Richmond Fed Manufacturing IndexFEB,6,-4,-3,-1,3.0
2025-02-25 20:30:00+05:30,Richmond Fed Services Revenues IndexFEB,11,4,,7,3.0
2025-02-25 20:30:00+05:30,Richmond Fed Manufacturing IndexFEB,,-4,-3,-1,3.0
2025-02-25 20:30:00+05:30,Richmond Fed Services Revenues IndexFEB,,4,,7,3.0
2025-02-25 21:00:00+05:30,Dallas Fed Services IndexFEB,4.6,7.4,,9,3.0
2025-02-25 21:00:00+05:30,Dallas Fed Services Revenues IndexFEB,,5.7,,7,3.0
2025-02-25 21:00:00+05:30,Dallas Fed Services Revenues IndexFEB,8.2,5.7,,7,3.0
2025-02-25 21:00:00+05:30,Dallas Fed Services IndexFEB,,7.4,,9,3.0
2025-02-25 22:15:00+05:30,Fed Barr Speech,,,,,2.0
2025-02-25 23:30:00+05:30,Money SupplyJAN,$21.56T,$21.53T,,,3.0
2025-02-25 23:30:00+05:30,Fed Barkin Speech,,,,,2.0
2025-02-25 23:30:00+05:30,5-Year Note Auction,,4.33%,,,3.0
2025-02-25 23:30:00+05:30,Money SupplyJAN,,$21.53T,,,3.0
2025-02-25 23:30:00+05:30,5-Year Note Auction,4.123%,4.33%,,,3.0
2025-02-26 03:00:00+05:30,API Crude Oil Stock ChangeFEB/21,-0.640M,3.34M,2.3M,,2.0
2025-02-26 03:00:00+05:30,API Crude Oil Stock ChangeFEB/21,,3.34M,2.3M,,2.0
2025-02-26 17:30:00+05:30,MBA Mortgage ApplicationsFEB/21,,-6.6%,,,3.0
2025-02-26 17:30:00+05:30,MBA Mortgage Market IndexFEB/21,212.3,214.9,,,3.0
2025-02-26 17:30:00+05:30,MBA Purchase IndexFEB/21,,144.0,,,3.0
2025-02-26 17:30:00+05:30,MBA 30-Year Mortgage RateFEB/21,,6.93%,,,2.0
2025-02-26 17:30:00+05:30,MBA 30-Year Mortgage RateFEB/21,6.88%,6.93%,,,2.0
2025-02-26 17:30:00+05:30,MBA Mortgage Refinance IndexFEB/21,,593.6,,,3.0
2025-02-26 17:30:00+05:30,MBA Mortgage Market IndexFEB/21,,214.9,,,3.0
2025-02-26 17:30:00+05:30,MBA Mortgage ApplicationsFEB/21,-1.2%,-6.6%,,,3.0
2025-02-26 17:30:00+05:30,MBA Mortgage Refinance IndexFEB/21,572.5,593.6,,,3.0
2025-02-26 17:30:00+05:30,MBA Purchase IndexFEB/21,144.3,144.0,,,3.0
2025-02-26 19:00:00+05:30,Building Permits FinalJAN,1.473M,1.482M,1.483M,1.483M,3.0
2025-02-26 19:00:00+05:30,Fed Barkin Speech,,,,,2.0
2025-02-26 19:00:00+05:30,Building Permits MoM FinalJAN,-0.6%,-0.7%,0.1%,0.1%,3.0
2025-02-26 20:30:00+05:30,New Home Sales MoMJAN,-10.5%,8.1%,,-2.6%,2.0
2025-02-26 20:30:00+05:30,New Home Sales MoMJAN,,3.6%,,-2.6%,2.0
2025-02-26 20:30:00+05:30,New Home SalesJAN,,0.698M,0.68M,0.68M,2.0
2025-02-26 20:30:00+05:30,New Home SalesJAN,0.657M,0.734M,0.68M,0.68M,2.0
2025-02-26 21:00:00+05:30,EIA Distillate Stocks ChangeFEB/21,3.908M,-2.051M,1.63M,,3.0
2025-02-26 21:00:00+05:30,EIA Heating Oil Stocks ChangeFEB/21,0.134M,-0.343M,,,3.0
2025-02-26 21:00:00+05:30,EIA Crude Oil Stocks ChangeFEB/21,,4.633M,2.34M,,2.0
2025-02-26 21:00:00+05:30,EIA Crude Oil Stocks ChangeFEB/21,-2.332M,4.633M,2.54M,,2.0
2025-02-26 21:00:00+05:30,EIA Crude Oil Imports ChangeFEB/21,0.292M,-0.961M,,,3.0
2025-02-26 21:00:00+05:30,EIA Cushing Crude Oil Stocks ChangeFEB/21,1.282M,1.472M,,,3.0
2025-02-26 21:00:00+05:30,EIA Gasoline Production ChangeFEB/21,-0.02M,-0.156M,,,3.0
2025-02-26 21:00:00+05:30,EIA Crude Oil Imports ChangeFEB/21,,-0.961M,,,3.0
2025-02-26 21:00:00+05:30,EIA Refinery Crude Runs ChangeFEB/21,0.317M,-0.015M,,,3.0
2025-02-26 21:00:00+05:30,EIA Cushing Crude Oil Stocks ChangeFEB/21,,1.472M,,,3.0
2025-02-26 21:00:00+05:30,EIA Distillate Fuel Production ChangeFEB/21,0.439M,0.18M,,,3.0
2025-02-26 21:00:00+05:30,EIA Distillate Stocks ChangeFEB/21,,-2.051M,1.63M,,3.0
2025-02-26 21:00:00+05:30,EIA Gasoline Stocks ChangeFEB/21,,-0.151M,-1.30M,,2.0
2025-02-26 21:00:00+05:30,EIA Heating Oil Stocks ChangeFEB/21,,-0.343M,,,3.0
2025-02-26 21:00:00+05:30,EIA Refinery Crude Runs ChangeFEB/21,,-0.015M,,,3.0
2025-02-26 21:00:00+05:30,EIA Gasoline Stocks ChangeFEB/21,0.369M,-0.151M,-1.30M,,2.0
2025-02-26 21:00:00+05:30,EIA Gasoline Production ChangeFEB/21,,-0.156M,,,3.0
2025-02-26 21:00:00+05:30,EIA Distillate Fuel Production ChangeFEB/21,,0.18M,,,3.0
2025-02-26 22:00:00+05:30,2-Year FRN Auction,,0.098%,,,3.0
2025-02-26 22:00:00+05:30,2-Year FRN Auction,0.090%,0.098%,,,3.0
2025-02-26 22:00:00+05:30,17-Week Bill Auction,,4.215%,,,3.0
2025-02-26 22:00:00+05:30,17-Week Bill Auction,4.200%,4.215%,,,3.0
2025-02-26 22:30:00+05:30,Fed Bostic Speech,,,,,2.0
2025-02-26 23:30:00+05:30,Building Permits MoM FinalJAN,,-0.7%,0.1%,0.1%,3.0
2025-02-26 23:30:00+05:30,7-Year Note Auction,4.194%,4.457%,,,3.0
2025-02-26 23:30:00+05:30,7-Year Note Auction,,4.457%,,,3.0
2025-02-26 23:30:00+05:30,Building Permits FinalJAN,,1.482M,1.483M,1.483M,3.0
2025-02-27 19:00:00+05:30,Core PCE Prices QoQ 2nd EstQ4,2.70%,2.20%,2.5%,2.5%,3.0
2025-02-27 19:00:00+05:30,GDP Growth Rate QoQ 2nd EstQ4,2.3%,3.1%,2.3%,2.3%,1.0
2025-02-27 19:00:00+05:30,Continuing Jobless ClaimsFEB/15,"1,862K","1,867K",1870K,1874.0K,3.0
2025-02-27 19:00:00+05:30,Continuing Jobless ClaimsFEB/15,,1869K,,1874.0K,3.0
2025-02-27 19:00:00+05:30,Durable Goods Orders MoMJAN,,-2.2%,2%,2.2%,1.0
2025-02-27 19:00:00+05:30,Continuing Jobless ClaimsFEB/15,1862K,1867K,1870K,1874.0K,3.0
2025-02-27 19:00:00+05:30,GDP Sales QoQ 2nd EstQ4,3.2%,3.3%,3.2%,3.2%,3.0
2025-02-27 19:00:00+05:30,Jobless Claims 4-week AverageFEB/22,224K,215.5K,,220.0K,3.0
2025-02-27 19:00:00+05:30,Durable Goods Orders ex Defense MoMJAN,,-2.4%,,1.4%,3.0
2025-02-27 19:00:00+05:30,Jobless Claims 4-week AverageFEB/22,224.00K,215.50K,,220.0K,3.0
2025-02-27 19:00:00+05:30,GDP Price Index QoQ 2nd EstQ4,2.4%,1.9%,2.2%,2.2%,2.0
2025-02-27 19:00:00+05:30,Durable Goods Orders ex Defense MoMJAN,3.5%,-1.8%,,1.4%,3.0
2025-02-27 19:00:00+05:30,Non Defense Goods Orders Ex AirJAN,0.8%,0.2%,0.3%,0.4%,3.0
2025-02-27 19:00:00+05:30,PCE Prices QoQ 2nd EstQ4,2.4%,1.5%,2.3%,2.3%,3.0
2025-02-27 19:00:00+05:30,Real Consumer Spending QoQ 2nd EstQ4,4.2%,3.7%,4.2%,4.2%,3.0
2025-02-27 19:00:00+05:30,Initial Jobless ClaimsFEB/22,,219K,221K,225.0K,2.0
2025-02-27 19:00:00+05:30,Core PCE Prices QoQ 2nd EstQ4,,2.2%,2.5%,2.5%,3.0
2025-02-27 19:00:00+05:30,Non Defense Goods Orders Ex AirJAN,,0.5%,0.3%,0.4%,3.0
2025-02-27 19:00:00+05:30,Durable Goods Orders Ex Transp MoMJAN,,0.3%,0.3%,0.3%,2.0
2025-02-27 19:00:00+05:30,Durable Goods Orders Ex Transp MoMJAN,0%,0.1%,0.3%,0.3%,2.0
2025-02-27 19:00:00+05:30,PCE Prices QoQ 2nd EstQ4,,1.5%,2.3%,2.3%,3.0
2025-02-27 19:00:00+05:30,Core PCE Prices QoQ 2nd EstQ4,2.7%,2.2%,2.5%,2.5%,3.0
2025-02-27 19:00:00+05:30,GDP Sales QoQ 2nd EstQ4,,3.3%,3.2%,3.2%,3.0
2025-02-27 19:00:00+05:30,GDP Growth Rate QoQ 2nd EstQ4,,3.1%,2.3%,2.3%,1.0
2025-02-27 19:00:00+05:30,Durable Goods Orders MoMJAN,3.1%,-1.8%,2%,2.2%,1.0
2025-02-27 19:00:00+05:30,Initial Jobless ClaimsFEB/22,242K,220K,221K,225.0K,2.0
2025-02-27 19:00:00+05:30,Real Consumer Spending QoQ 2nd EstQ4,,3.7%,4.2%,4.2%,3.0
2025-02-27 19:00:00+05:30,Jobless Claims 4-week AverageFEB/22,,215.25K,,220.0K,3.0
2025-02-27 19:00:00+05:30,GDP Price Index QoQ 2nd EstQ4,,1.9%,2.2%,2.2%,2.0
2025-02-27 20:30:00+05:30,Pending Home Sales YoYJAN,-5.2%,-5.0%,,6.0%,2.0
2025-02-27 20:30:00+05:30,Pending Home Sales MoMJAN,,-5.5%,-1.3%,-0.9%,2.0
2025-02-27 20:30:00+05:30,Pending Home Sales YoYJAN,,-5.0%,,6.0%,2.0
2025-02-27 20:30:00+05:30,Pending Home Sales MoMJAN,-4.6%,-4.1%,-1.3%,-0.9%,2.0
2025-02-27 20:30:00+05:30,Fed Barr Speech,,,,,2.0
2025-02-27 21:00:00+05:30,EIA Natural Gas Stocks ChangeFEB/21,,-196Bcf,-265Bcf,,3.0
2025-02-27 21:00:00+05:30,NY Fed Treasury Purchases 4 to 6 yrs,,,$50 million,,3.0
2025-02-27 21:00:00+05:30,EIA Natural Gas Stocks ChangeFEB/21,-261Bcf,-196Bcf,-265Bcf,,3.0
2025-02-27 21:30:00+05:30,Kansas Fed Composite IndexFEB,,-5,,-3,3.0
2025-02-27 21:30:00+05:30,Kansas Fed Manufacturing IndexFEB,,-9,,-3,3.0
2025-02-27 21:30:00+05:30,Kansas Fed Composite IndexFEB,-5,-5,,-3,3.0
2025-02-27 21:30:00+05:30,Kansas Fed Manufacturing IndexFEB,-13,-9,,-3,3.0
2025-02-27 22:00:00+05:30,8-Week Bill Auction,4.235%,4.235%,,,3.0
2025-02-27 22:00:00+05:30,8-Week Bill Auction,,4.235%,,,3.0
2025-02-27 22:00:00+05:30,4-Week Bill Auction,4.235%,4.245%,,,3.0
2025-02-27 22:00:00+05:30,4-Week Bill Auction,,4.245%,,,3.0
2025-02-27 22:15:00+05:30,Fed Bowman Speech,,,,,2.0
2025-02-27 22:30:00+05:30,15-Year Mortgage RateFEB/27,5.94%,6.04%,,,3.0
2025-02-27 22:30:00+05:30,30-Year Mortgage RateFEB/27,,6.85%,,,3.0
2025-02-27 22:30:00+05:30,15-Year Mortgage RateFEB/27,,6.04%,,,3.0
2025-02-27 22:30:00+05:30,30-Year Mortgage RateFEB/27,6.76%,6.85%,,,3.0
2025-02-27 23:45:00+05:30,Fed Hammack Speech,,,,,2.0
2025-02-28 01:45:00+05:30,Fed Harker Speech,,,,,2.0
2025-02-28 03:00:00+05:30,Fed Balance SheetFEB/26,,$6.78T,,,3.0
2025-02-28 03:00:00+05:30,Fed Balance SheetFEB/26,$6.77T,$6.78T,,,3.0
2025-02-28 08:45:00+05:30,Fed Goolsbee Speech,,,,,2.0
2025-02-28 19:00:00+05:30,Core PCE Price Index MoMJAN,,0.2%,0.3%,0.4%,1.0
2025-02-28 19:00:00+05:30,Personal Income MoMJAN,0.9%,0.4%,0.3%,0.3%,1.0
2025-02-28 19:00:00+05:30,PCE Price Index YoYJAN,2.5%,2.6%,2.5%,2.5%,2.0
2025-02-28 19:00:00+05:30,Personal Income MoMJAN,,0.4%,0.3%,0.3%,1.0
2025-02-28 19:00:00+05:30,Retail Inventories Ex Autos MoM AdvJAN,,-0.1%,,0.1%,2.0
2025-02-28 19:00:00+05:30,Core PCE Price Index YoYJAN,,2.8%,2.6%,2.7%,3.0
2025-02-28 19:00:00+05:30,PCE Price Index MoMJAN,0.3%,0.3%,0.3%,0.4%,2.0
2025-02-28 19:00:00+05:30,Wholesale Inventories MoM AdvJAN,0.7%,-0.4%,0.1%,0.2%,2.0
2025-02-28 19:00:00+05:30,Personal Spending MoMJAN,,0.7%,0.1%,0.3%,1.0
2025-02-28 19:00:00+05:30,PCE Price Index MoMJAN,,0.3%,0.3%,0.4%,2.0
2025-02-28 19:00:00+05:30,Personal Spending MoMJAN,-0.2%,0.8%,0.1%,0.3%,1.0
2025-02-28 19:00:00+05:30,Core PCE Price Index MoMJAN,0.3%,0.2%,0.3%,0.4%,1.0
2025-02-28 19:00:00+05:30,Retail Inventories Ex Autos MoM AdvJAN,0.4%,-0.1%,,0.1%,2.0
2025-02-28 19:00:00+05:30,Goods Trade Balance AdvJAN,$-153.26B,$-122.01B,$-114.7B,$ -116.0B,2.0
2025-02-28 19:00:00+05:30,Wholesale Inventories MoM AdvJAN,,-0.5%,0.1%,0.2%,2.0
2025-02-28 19:00:00+05:30,PCE Price Index YoYJAN,,2.6%,2.5%,2.5%,2.0
2025-02-28 19:00:00+05:30,Goods Trade Balance AdvJAN,,$-122.11B,$-114.7B,$ -116.0B,2.0
2025-02-28 19:00:00+05:30,Core PCE Price Index YoYJAN,2.6%,2.9%,2.6%,2.7%,3.0
2025-02-28 20:15:00+05:30,Chicago PMIFEB,45.5,39.5,40.6,42,2.0
2025-02-28 20:15:00+05:30,Chicago PMIFEB,,39.5,40.6,42,2.0
2025-02-28 23:30:00+05:30,Baker Hughes Oil Rig CountFEB/28,,487,,,3.0
2025-02-28 23:30:00+05:30,Baker Hughes Total Rigs CountFEB/28,593,592,,,3.0
2025-02-28 23:30:00+05:30,Baker Hughes Total Rigs CountFEB/28,,592,,,3.0
2025-02-28 23:30:00+05:30,Baker Hughes Oil Rig CountFEB/28,489,488,,,3.0
2025-03-03 20:15:00+05:30,S&P Global Manufacturing PMI FinalFEB,52.7,51.2,51.6,51.6,2.0
2025-03-03 20:15:00+05:30,S&P Global Manufacturing PMI FinalFEB,,51.2,51.6,51.6,2.0
2025-03-03 20:30:00+05:30,ISM Manufacturing EmploymentFEB,47.6,50.3,,50.6,2.0
2025-03-03 20:30:00+05:30,ISM Manufacturing PricesFEB,62.4,54.9,56.2,55,3.0
2025-03-03 20:30:00+05:30,Construction Spending MoMJAN,-0.2%,0.5%,0%,0.3%,3.0
2025-03-03 20:30:00+05:30,ISM Manufacturing PMIFEB,,50.9,50.5,51,1.0
2025-03-03 20:30:00+05:30,ISM Manufacturing EmploymentFEB,,50.3,,50.6,2.0
2025-03-03 20:30:00+05:30,ISM Manufacturing New OrdersFEB,48.6,55.1,,55.4,3.0
2025-03-03 20:30:00+05:30,ISM Manufacturing PMIFEB,50.3,50.9,50.5,51,1.0
2025-03-03 20:30:00+05:30,Construction Spending MoMJAN,,0.5%,0%,0.3%,3.0
2025-03-03 20:30:00+05:30,ISM Manufacturing PricesFEB,,54.9,56.2,55,3.0
2025-03-03 20:30:00+05:30,ISM Manufacturing New OrdersFEB,,55.1,,55.4,3.0
2025-03-03 22:00:00+05:30,3-Month Bill Auction,4.210%,4.195%,,,3.0
2025-03-03 22:00:00+05:30,3-Month Bill Auction,,4.195%,,,3.0
2025-03-03 22:00:00+05:30,6-Month Bill Auction,4.135%,4.180%,,,3.0
2025-03-03 22:00:00+05:30,6-Month Bill Auction,,4.180%,,,3.0
2025-03-03 22:05:00+05:30,Fed Musalem Speech,,,,,2.0
2025-03-04 16:30:00+05:30,LMI Logistics Managers IndexFEB,62.8,62.0,,,3.0
2025-03-04 19:25:00+05:30,Redbook YoYMAR/01,,6.2%,,,3.0
2025-03-04 19:25:00+05:30,Redbook YoYMAR/01,6.6%,6.2%,,,3.0
2025-03-04 20:30:00+05:30,RCM/TIPP Economic Optimism IndexMAR,49.8,52,53.1,53,3.0
2025-03-04 20:30:00+05:30,RCM/TIPP Economic Optimism IndexMAR,,52,53.1,53,3.0
2025-03-04 21:00:00+05:30,LMI Logistics Managers IndexFEB,,62.0,,,3.0
2025-03-04 21:00:00+05:30,NY Fed Treasury Purchases 6 to 10 yrs,,,$50 million,,3.0
2025-03-05 00:50:00+05:30,Fed Williams Speech,,,,,2.0
2025-03-05 03:00:00+05:30,API Crude Oil Stock ChangeFEB/28,-1.455M,-0.640M,-0.3M,,2.0
2025-03-05 03:00:00+05:30,API Crude Oil Stock ChangeFEB/28,,-0.640M,-0.3M,,2.0
2025-03-05 17:30:00+05:30,MBA Mortgage ApplicationsFEB/28,,-1.2%,,,3.0
2025-03-05 17:30:00+05:30,MBA Mortgage ApplicationsFEB/28,20.4%,-1.2%,,,3.0
2025-03-05 17:30:00+05:30,MBA Purchase IndexFEB/28,,144.3,,,3.0
2025-03-05 17:30:00+05:30,MBA Mortgage Refinance IndexFEB/28,,572.5,,,3.0
2025-03-05 17:30:00+05:30,MBA Mortgage Market IndexFEB/28,242.2,212.3,,,3.0
2025-03-05 17:30:00+05:30,MBA Mortgage Market IndexFEB/28,,212.3,,,3.0
2025-03-05 17:30:00+05:30,MBA 30-Year Mortgage RateFEB/28,6.73%,6.88%,,,2.0
2025-03-05 17:30:00+05:30,MBA 30-Year Mortgage RateFEB/28,,6.88%,,,2.0
2025-03-05 17:30:00+05:30,MBA Purchase IndexFEB/28,144.5,144.3,,,3.0
2025-03-05 17:30:00+05:30,MBA Mortgage Refinance IndexFEB/28,784.2,572.5,,,3.0
2025-03-05 18:45:00+05:30,ADP Employment ChangeFEB,77K,186K,140K,160.0K,2.0
2025-03-05 18:45:00+05:30,ADP Employment ChangeFEB,,183K,140K,160.0K,2.0
2025-03-05 20:15:00+05:30,S&P Global Composite PMI FinalFEB,51.6,52.7,50.4,50.4,2.0
2025-03-05 20:15:00+05:30,S&P Global Services PMI FinalFEB,51,52.9,49.7,49.7,2.0
2025-03-05 20:15:00+05:30,S&P Global Composite PMI FinalFEB,,52.7,50.4,50.4,2.0
2025-03-05 20:15:00+05:30,S&P Global Services PMI FinalFEB,,52.9,49.7,49.7,2.0
2025-03-05 20:30:00+05:30,ISM Services EmploymentFEB,53.9,52.3,,52.1,3.0
2025-03-05 20:30:00+05:30,Factory Orders MoMJAN,1.7%,-0.6%,1.6%,0.8%,2.0
2025-03-05 20:30:00+05:30,ISM Services PricesFEB,,60.4,,60.6,3.0
2025-03-05 20:30:00+05:30,ISM Services Business ActivityFEB,54.4,54.5,,54.2,3.0
2025-03-05 20:30:00+05:30,ISM Services New OrdersFEB,,51.3,,51.2,3.0
2025-03-05 20:30:00+05:30,ISM Services New OrdersFEB,52.2,51.3,,51.2,3.0
2025-03-05 20:30:00+05:30,ISM Services PricesFEB,62.6,60.4,60.0,60.6,3.0
2025-03-05 20:30:00+05:30,Factory Orders ex TransportationJAN,0.2%,0.3%,,0.3%,3.0
2025-03-05 20:30:00+05:30,ISM Services PMIFEB,,52.8,52.6,52.7,1.0
2025-03-05 20:30:00+05:30,Factory Orders ex TransportationJAN,,0.2%,,0.3%,3.0
2025-03-05 20:30:00+05:30,Factory Orders MoMJAN,,-0.9%,1.6%,0.8%,2.0
2025-03-05 20:30:00+05:30,ISM Services Business ActivityFEB,,54.5,,54.2,3.0
2025-03-05 20:30:00+05:30,ISM Services EmploymentFEB,,52.3,,52.1,3.0
2025-03-05 20:30:00+05:30,ISM Services PMIFEB,53.5,52.8,52.6,52.7,1.0
2025-03-05 21:00:00+05:30,EIA Gasoline Stocks ChangeFEB/28,,0.369M,-1M,,2.0
2025-03-05 21:00:00+05:30,EIA Distillate Stocks ChangeFEB/28,-1.318M,3.908M,-0.3M,,3.0
2025-03-05 21:00:00+05:30,EIA Heating Oil Stocks ChangeFEB/28,,0.134M,,,3.0
2025-03-05 21:00:00+05:30,EIA Refinery Crude Runs ChangeFEB/28,-0.346M,0.317M,,,3.0
2025-03-05 21:00:00+05:30,EIA Gasoline Stocks ChangeFEB/28,-1.433M,0.369M,-1M,,2.0
2025-03-05 21:00:00+05:30,EIA Gasoline Production ChangeFEB/28,,-0.02M,,,3.0
2025-03-05 21:00:00+05:30,EIA Crude Oil Stocks ChangeFEB/28,3.614M,-2.332M,0.9M,,2.0
2025-03-05 21:00:00+05:30,EIA Cushing Crude Oil Stocks ChangeFEB/28,,1.282M,,,3.0
2025-03-05 21:00:00+05:30,EIA Distillate Stocks ChangeFEB/28,,3.908M,-0.3M,,3.0
2025-03-05 21:00:00+05:30,EIA Crude Oil Stocks ChangeFEB/28,,-2.332M,0.9M,,2.0
2025-03-05 21:00:00+05:30,EIA Cushing Crude Oil Stocks ChangeFEB/28,1.124M,1.282M,,,3.0
2025-03-05 21:00:00+05:30,EIA Crude Oil Imports ChangeFEB/28,,0.292M,,,3.0
2025-03-05 21:00:00+05:30,EIA Gasoline Production ChangeFEB/28,0.464M,-0.02M,,,3.0
2025-03-05 21:00:00+05:30,EIA Crude Oil Imports ChangeFEB/28,-0.054M,0.292M,,,3.0
2025-03-05 21:00:00+05:30,EIA Distillate Fuel Production ChangeFEB/28,,0.439M,,,3.0
2025-03-05 21:00:00+05:30,EIA Distillate Fuel Production ChangeFEB/28,-0.587M,0.439M,,,3.0
2025-03-05 21:00:00+05:30,EIA Refinery Crude Runs ChangeFEB/28,,0.317M,,,3.0
2025-03-05 21:00:00+05:30,EIA Heating Oil Stocks ChangeFEB/28,-0.067M,0.134M,,,3.0
2025-03-05 22:00:00+05:30,Total Vehicle SalesFEB,,15.6M,,,3.0
2025-03-05 22:00:00+05:30,17-Week Bill Auction,,4.200%,,,3.0
2025-03-05 22:00:00+05:30,17-Week Bill Auction,4.180%,4.200%,,,3.0
2025-03-06 00:30:00+05:30,Fed Beige Book,,,,,3.0
2025-03-06 18:00:00+05:30,Challenger Job CutsFEB,,49.795K,,56.0K,3.0
2025-03-06 18:00:00+05:30,Challenger Job CutsFEB,172.017K,49.795K,,56.0K,3.0
2025-03-06 19:00:00+05:30,ImportsJAN,$401.2B,$364.6B,,$396.0B,2.0
2025-03-06 19:00:00+05:30,Continuing Jobless ClaimsFEB/22,,1862K,1880K,1870.0K,3.0
2025-03-06 19:00:00+05:30,Initial Jobless ClaimsMAR/01,,242K,235K,250.0K,2.0
2025-03-06 19:00:00+05:30,Unit Labour Costs QoQ FinalQ4,2.2%,0.5%,3%,3.0%,3.0
2025-03-06 19:00:00+05:30,ImportsJAN,,$364.9B,,$396.0B,2.0
2025-03-06 19:00:00+05:30,ExportsJAN,,$266.5B,,$273.0B,2.0
2025-03-06 19:00:00+05:30,Continuing Jobless ClaimsFEB/22,1897K,1855K,1880K,1870.0K,3.0
2025-03-06 19:00:00+05:30,Initial Jobless ClaimsMAR/01,221K,242K,235K,250.0K,2.0
2025-03-06 19:00:00+05:30,Balance of TradeJAN,,$-98.4B,$-127.4B,$-123B,2.0
2025-03-06 19:00:00+05:30,Nonfarm Productivity QoQ FinalQ4,,2.3%,1.2%,1.2%,3.0
2025-03-06 19:00:00+05:30,Nonfarm Productivity QoQ FinalQ4,1.5%,2.9%,1.2%,1.2%,3.0
2025-03-06 19:00:00+05:30,Balance of TradeJAN,$-131.4B,$-98.1B,$-127.4B,$-123B,2.0
2025-03-06 19:00:00+05:30,Jobless Claims 4-week AverageMAR/01,224.25K,224K,,226.0K,3.0
2025-03-06 19:00:00+05:30,Jobless Claims 4-week AverageMAR/01,,224K,,226.0K,3.0
2025-03-06 19:00:00+05:30,Unit Labour Costs QoQ FinalQ4,,0.5%,3%,3.0%,3.0
2025-03-06 19:00:00+05:30,ExportsJAN,$269.8B,$266.5B,,$273.0B,2.0
2025-03-06 19:30:00+05:30,Total Vehicle SalesFEB,16.0M,15.6M,,,3.0
2025-03-06 20:30:00+05:30,Wholesale Inventories MoMJAN,,-0.5%,0.7%,0.7%,3.0
2025-03-06 20:30:00+05:30,Wholesale Inventories MoMJAN,0.8%,-0.4%,0.7%,0.7%,3.0
2025-03-06 21:00:00+05:30,EIA Natural Gas Stocks ChangeFEB/28,,-261Bcf,-96Bcf,,3.0
2025-03-06 21:00:00+05:30,EIA Natural Gas Stocks ChangeFEB/28,-80Bcf,-261Bcf,-96Bcf,,3.0
2025-03-06 22:00:00+05:30,8-Week Bill Auction,4.220%,4.235%,,,3.0
2025-03-06 22:00:00+05:30,8-Week Bill Auction,,4.235%,,,3.0
2025-03-06 22:00:00+05:30,4-Week Bill Auction,4.230%,4.235%,,,3.0
2025-03-06 22:00:00+05:30,4-Week Bill Auction,,4.235%,,,3.0
2025-03-06 22:30:00+05:30,30-Year Mortgage RateMAR/06,,6.76%,,,3.0
2025-03-06 22:30:00+05:30,15-Year Mortgage RateMAR/06,5.79%,5.94%,,,3.0
2025-03-06 22:30:00+05:30,Total Vehicle SalesFEB,,15.6M,,,3.0
2025-03-06 22:30:00+05:30,15-Year Mortgage RateMAR/06,,5.94%,,,3.0
2025-03-06 22:30:00+05:30,30-Year Mortgage RateMAR/06,6.63%,6.76%,,,3.0
2025-03-07 02:00:00+05:30,Fed Waller Speech,,,,,2.0
2025-03-07 03:00:00+05:30,Fed Balance SheetMAR/05,$6.76T,$6.77T,,,3.0
2025-03-07 03:00:00+05:30,Fed Balance SheetMAR/05,,$6.77T,,,3.0
2025-03-07 05:30:00+05:30,Fed Bostic Speech,,,,,2.0
2025-03-07 19:00:00+05:30,Average Hourly Earnings MoMFEB,,0.5%,0.3%,0.3%,2.0
2025-03-07 19:00:00+05:30,Average Weekly HoursFEB,,34.1,34.2,34.1,3.0
2025-03-07 19:00:00+05:30,Used Car Prices YoYFEB,,0.8%,,,3.0
2025-03-07 19:00:00+05:30,U-6 Unemployment RateFEB,8%,7.5%,,7.6%,3.0
2025-03-07 19:00:00+05:30,Non Farm PayrollsFEB,,143K,160K,150.0K,1.0
2025-03-07 19:00:00+05:30,Unemployment RateFEB,,4%,4%,4.0%,1.0
2025-03-07 19:00:00+05:30,Participation RateFEB,62.4%,62.6%,,62.6%,2.0
2025-03-07 19:00:00+05:30,Nonfarm Payrolls PrivateFEB,140K,81K,142K,170.0K,3.0
2025-03-07 19:00:00+05:30,Participation RateFEB,,62.6%,,62.6%,2.0
2025-03-07 19:00:00+05:30,Government PayrollsFEB,,32K,,-20.0K,3.0
2025-03-07 19:00:00+05:30,Manufacturing PayrollsFEB,,3K,5K,6.0K,3.0
2025-03-07 19:00:00+05:30,Average Weekly HoursFEB,34.1,34.1,34.2,34.1,3.0
2025-03-07 19:00:00+05:30,Unemployment RateFEB,4.1%,4%,4%,4.0%,1.0
2025-03-07 19:00:00+05:30,U-6 Unemployment RateFEB,,7.5%,,7.6%,3.0
2025-03-07 19:00:00+05:30,Used Car Prices MoMFEB,,0.4%,,,3.0
2025-03-07 19:00:00+05:30,Average Hourly Earnings MoMFEB,0.3%,0.4%,0.3%,0.3%,2.0
2025-03-07 19:00:00+05:30,Manufacturing PayrollsFEB,10K,-5K,5K,6.0K,3.0
2025-03-07 19:00:00+05:30,Government PayrollsFEB,11K,44K,,-20.0K,3.0
2025-03-07 19:00:00+05:30,Average Hourly Earnings YoYFEB,,4.1%,4.1%,4.1%,2.0
2025-03-07 19:00:00+05:30,Average Hourly Earnings YoYFEB,4%,3.9%,4.1%,4.1%,2.0
2025-03-07 19:00:00+05:30,Non Farm PayrollsFEB,151K,125K,160K,150.0K,1.0
2025-03-07 19:00:00+05:30,Nonfarm Payrolls PrivateFEB,,111K,142K,170.0K,3.0
2025-03-07 19:30:00+05:30,Used Car Prices MoMFEB,-0.7%,0.4%,,,3.0
2025-03-07 19:30:00+05:30,Used Car Prices YoYFEB,0.1%,0.8%,,,3.0
2025-03-07 20:45:00+05:30,Fed Bowman Speech,,,,,2.0
2025-03-07 21:15:00+05:30,Fed Williams Speech,,,,,2.0
2025-03-07 22:50:00+05:30,Fed Kugler Speech,,,,,2.0
2025-03-07 23:00:00+05:30,Fed Chair Powell Speech,,,,,1.0
2025-03-07 23:30:00+05:30,Baker Hughes Total Rigs CountMAR/07,,593,,,3.0
2025-03-07 23:30:00+05:30,Baker Hughes Oil Rig CountMAR/07,,489,,,3.0
2025-03-07 23:30:00+05:30,Used Car Prices YoYFEB,,0.8%,,,3.0
2025-03-07 23:30:00+05:30,Used Car Prices MoMFEB,,0.4%,,,3.0
2025-03-07 23:30:00+05:30,Baker Hughes Oil Rig CountMAR/07,486,486,,,3.0
2025-03-07 23:30:00+05:30,Fed Kugler Speech,,,,,2.0
2025-03-07 23:30:00+05:30,Baker Hughes Total Rigs CountMAR/07,592,593,,,3.0
2025-03-08 01:30:00+05:30,Consumer Credit ChangeJAN,$18.08B,$37.05B,$14.5B,$ -3.0B,3.0
2025-03-08 01:30:00+05:30,Consumer Credit ChangeJAN,,$40.85B,$14.5B,$ -3.0B,3.0
2025-03-10 20:30:00+05:30,Consumer Inflation ExpectationsFEB,3.1%,3%,,3.2%,3.0
2025-03-10 20:30:00+05:30,Consumer Inflation ExpectationsFEB,,3%,,3.2%,3.0
2025-03-10 21:00:00+05:30,6-Month Bill Auction,,4.135%,,,3.0
2025-03-10 21:00:00+05:30,6-Month Bill Auction,4.075%,4.135%,,,3.0
2025-03-10 21:00:00+05:30,3-Month Bill Auction,,4.210%,,,3.0
2025-03-10 21:00:00+05:30,3-Month Bill Auction,4.200%,4.210%,,,3.0
2025-03-10 22:00:00+05:30,6-Month Bill Auction,,4.135%,,,3.0
2025-03-10 22:00:00+05:30,3-Month Bill Auction,,4.210%,,,3.0
2025-03-11 15:30:00+05:30,NFIB Business Optimism IndexFEB,100.7,102.8,101,102,3.0
2025-03-11 15:30:00+05:30,NFIB Business Optimism IndexFEB,,102.8,101,102,3.0
2025-03-11 18:30:00+05:30,Redbook YoYMAR/08,5.7%,6.6%,,,3.0
2025-03-11 19:25:00+05:30,Redbook YoYMAR/08,,6.6%,,,3.0
2025-03-11 19:30:00+05:30,JOLTs Job OpeningsJAN,,7.6M,7.63M,7.5M,1.0
2025-03-11 19:30:00+05:30,JOLTs Job QuitsJAN,3.266M,3.095M,,3.21M,3.0
2025-03-11 19:30:00+05:30,JOLTs Job OpeningsJAN,7.74M,7.508M,7.63M,7.5M,1.0
2025-03-11 19:30:00+05:30,JOLTs Job QuitsJAN,,3.197M,,3.21M,3.0
2025-03-11 21:00:00+05:30,6-Week Bill Auction,,4.240%,,,3.0
2025-03-11 21:00:00+05:30,6-Week Bill Auction,4.235%,4.240%,,,3.0
2025-03-11 21:30:00+05:30,WASDE Report,,,,,3.0
2025-03-11 22:30:00+05:30,3-Year Note Auction,,4.300%,,,3.0
2025-03-11 22:30:00+05:30,3-Year Note Auction,3.908%,4.300%,,,3.0
2025-03-12 02:00:00+05:30,API Crude Oil Stock ChangeMAR/07,,-1.455M,2.1M,,2.0
2025-03-12 02:00:00+05:30,API Crude Oil Stock ChangeMAR/07,4.247M,-1.455M,2.1M,,2.0
2025-03-12 16:30:00+05:30,MBA Mortgage ApplicationsMAR/07,,20.4%,,,3.0
2025-03-12 16:30:00+05:30,MBA Purchase IndexMAR/07,,144.5,,,3.0
2025-03-12 16:30:00+05:30,MBA 30-Year Mortgage RateMAR/07,6.67%,6.73%,,,2.0
2025-03-12 16:30:00+05:30,MBA Mortgage Refinance IndexMAR/07,911.3,784.2,,,3.0
2025-03-12 16:30:00+05:30,MBA Purchase IndexMAR/07,154.6,144.5,,,3.0
2025-03-12 16:30:00+05:30,MBA Mortgage ApplicationsMAR/07,11.2%,20.4%,,,3.0
2025-03-12 16:30:00+05:30,MBA Mortgage Refinance IndexMAR/07,,784.2,,,3.0
2025-03-12 16:30:00+05:30,MBA Mortgage Market IndexMAR/07,,242.2,,,3.0
2025-03-12 16:30:00+05:30,MBA Mortgage Market IndexMAR/07,269.3,242.2,,,3.0
2025-03-12 16:30:00+05:30,MBA 30-Year Mortgage RateMAR/07,,6.73%,,,2.0
2025-03-12 18:00:00+05:30,Inflation Rate YoYFEB,,3%,2.9%,2.9%,1.0
2025-03-12 18:00:00+05:30,Core Inflation Rate YoYFEB,3.1%,3.3%,3.2%,3.1%,1.0
2025-03-12 18:00:00+05:30,CPIFEB,319.082,317.67,319.22,319.3,2.0
2025-03-12 18:00:00+05:30,CPI s.aFEB,319.775,319.086,,320,2.0
2025-03-12 18:00:00+05:30,Inflation Rate YoYFEB,2.8%,3%,2.9%,2.9%,1.0
2025-03-12 18:00:00+05:30,Core Inflation Rate MoMFEB,0.2%,0.4%,0.3%,0.3%,1.0
2025-03-12 18:00:00+05:30,CPIFEB,,317.67,319.17,319.3,2.0
2025-03-12 18:00:00+05:30,Inflation Rate MoMFEB,,0.5%,0.3%,0.3%,1.0
2025-03-12 18:00:00+05:30,Inflation Rate MoMFEB,0.2%,0.5%,0.3%,0.3%,1.0
2025-03-12 18:00:00+05:30,Core Inflation Rate YoYFEB,,3.3%,3.2%,3.1%,1.0
2025-03-12 18:00:00+05:30,Core Inflation Rate MoMFEB,,0.4%,0.3%,0.3%,1.0
2025-03-12 18:00:00+05:30,CPI s.aFEB,,319.086,,320,2.0
2025-03-12 20:00:00+05:30,EIA Distillate Stocks ChangeMAR/07,-1.559M,-1.318M,-1.3M,,3.0
2025-03-12 20:00:00+05:30,EIA Cushing Crude Oil Stocks ChangeMAR/07,-1.228M,1.124M,,,3.0
2025-03-12 20:00:00+05:30,EIA Crude Oil Stocks ChangeMAR/07,,3.614M,2M,,2.0
2025-03-12 20:00:00+05:30,EIA Crude Oil Imports ChangeMAR/07,,-0.054M,,,3.0
2025-03-12 20:00:00+05:30,EIA Gasoline Production ChangeMAR/07,,0.464M,,,3.0
2025-03-12 20:00:00+05:30,EIA Refinery Crude Runs ChangeMAR/07,0.321M,-0.346M,,,3.0
2025-03-12 20:00:00+05:30,EIA Heating Oil Stocks ChangeMAR/07,-0.183M,-0.067M,,,3.0
2025-03-12 20:00:00+05:30,EIA Heating Oil Stocks ChangeMAR/07,,-0.067M,,,3.0
2025-03-12 20:00:00+05:30,EIA Distillate Stocks ChangeMAR/07,,-1.318M,-1.4M,,3.0
2025-03-12 20:00:00+05:30,EIA Gasoline Stocks ChangeMAR/07,-5.737M,-1.433M,-2M,,2.0
2025-03-12 20:00:00+05:30,EIA Crude Oil Stocks ChangeMAR/07,1.448M,3.614M,2M,,2.0
2025-03-12 20:00:00+05:30,EIA Crude Oil Imports ChangeMAR/07,0.503M,-0.054M,,,3.0
2025-03-12 20:00:00+05:30,EIA Gasoline Stocks ChangeMAR/07,,-1.433M,-2.5M,,2.0
2025-03-12 20:00:00+05:30,EIA Distillate Fuel Production ChangeMAR/07,-0.113M,-0.587M,,,3.0
2025-03-12 20:00:00+05:30,EIA Gasoline Production ChangeMAR/07,-0.078M,0.464M,,,3.0
2025-03-12 20:00:00+05:30,EIA Cushing Crude Oil Stocks ChangeMAR/07,,1.124M,,,3.0
2025-03-12 20:00:00+05:30,EIA Distillate Fuel Production ChangeMAR/07,,-0.587M,,,3.0
2025-03-12 20:00:00+05:30,EIA Refinery Crude Runs ChangeMAR/07,,-0.346M,,,3.0
2025-03-12 21:00:00+05:30,17-Week Bill Auction,4.175%,4.180%,,,3.0
2025-03-12 21:00:00+05:30,17-Week Bill Auction,,4.180%,,,3.0
2025-03-12 22:30:00+05:30,10-Year Note Auction,,4.632%,,,3.0
2025-03-12 22:30:00+05:30,10-Year Note Auction,4.310%,4.632%,,,3.0
2025-03-12 23:30:00+05:30,Monthly Budget StatementFEB,$-307B,$-129B,$-303.2B,$-290.0B,2.0
2025-03-12 23:30:00+05:30,Monthly Budget StatementFEB,,$-129B,$-303.2B,$-290.0B,2.0
2025-03-13 18:00:00+05:30,Continuing Jobless ClaimsMAR/01,,1897K,1900K,1910.0K,3.0
2025-03-13 18:00:00+05:30,"PPI Ex Food, Energy and Trade MoMFEB",0.2%,0.3%,,0.2%,3.0
2025-03-13 18:00:00+05:30,"PPI Ex Food, Energy and Trade YoYFEB",3.3%,3.4%,,3.4%,3.0
2025-03-13 18:00:00+05:30,PPI MoMFEB,,0.4%,0.3%,0.3%,1.0
2025-03-13 18:00:00+05:30,PPI YoYFEB,3.2%,3.7%,3.3%,3.4%,3.0
2025-03-13 18:00:00+05:30,Core PPI MoMFEB,,0.3%,0.3%,0.2%,2.0
2025-03-13 18:00:00+05:30,"PPI Ex Food, Energy and Trade MoMFEB",,0.3%,,0.2%,3.0
2025-03-13 18:00:00+05:30,Initial Jobless ClaimsMAR/08,220K,222K,225K,230.0K,2.0
2025-03-13 18:00:00+05:30,Core PPI MoMFEB,-0.1%,0.5%,0.3%,0.2%,2.0
2025-03-13 18:00:00+05:30,Jobless Claims 4-week AverageMAR/08,226K,224.5K,,228.0K,3.0
2025-03-13 18:00:00+05:30,"PPI Ex Food, Energy and Trade YoYFEB",,3.4%,,3.4%,3.0
2025-03-13 18:00:00+05:30,Jobless Claims 4-week AverageMAR/08,,224.25K,,228.0K,3.0
2025-03-13 18:00:00+05:30,PPIFEB,,147.716,,148.1,3.0
2025-03-13 18:00:00+05:30,PPIFEB,147.953,147.975,,148.1,3.0
2025-03-13 18:00:00+05:30,Initial Jobless ClaimsMAR/08,,221K,225K,230.0K,2.0
2025-03-13 18:00:00+05:30,PPI MoMFEB,0%,0.6%,0.3%,0.3%,1.0
2025-03-13 18:00:00+05:30,Core PPI YoYFEB,3.4%,3.8%,3.5%,3.5%,3.0
2025-03-13 18:00:00+05:30,PPI YoYFEB,,3.5%,3.3%,3.4%,3.0
2025-03-13 18:00:00+05:30,Continuing Jobless ClaimsMAR/01,1870K,1897K,1900K,1910.0K,3.0
2025-03-13 18:00:00+05:30,Core PPI YoYFEB,,3.6%,3.5%,3.5%,3.0
2025-03-13 20:00:00+05:30,EIA Natural Gas Stocks ChangeMAR/07,-62Bcf,-80Bcf,-50Bcf,,3.0
2025-03-13 20:00:00+05:30,EIA Natural Gas Stocks ChangeMAR/07,,-80Bcf,-50Bcf,,3.0
2025-03-13 21:00:00+05:30,4-Week Bill Auction,,4.230%,,,3.0
2025-03-13 21:00:00+05:30,8-Week Bill Auction,4.220%,4.220%,,,3.0
2025-03-13 21:00:00+05:30,4-Week Bill Auction,4.225%,4.230%,,,3.0
2025-03-13 21:00:00+05:30,8-Week Bill Auction,,4.220%,,,3.0
2025-03-13 21:30:00+05:30,30-Year Mortgage RateMAR/13,,6.63%,,,3.0
2025-03-13 21:30:00+05:30,15-Year Mortgage RateMAR/13,5.8%,5.79%,,,3.0
2025-03-13 21:30:00+05:30,30-Year Mortgage RateMAR/13,6.65%,6.63%,,,3.0
2025-03-13 21:30:00+05:30,15-Year Mortgage RateMAR/13,,5.79%,,,3.0
2025-03-13 22:30:00+05:30,30-Year Bond Auction,4.623%,4.748%,,,3.0
2025-03-13 22:30:00+05:30,30-Year Bond Auction,,4.748%,,,3.0
2025-03-14 02:00:00+05:30,Fed Balance SheetMAR/12,,$6.76T,,,3.0
2025-03-14 02:00:00+05:30,Fed Balance SheetMAR/12,$6.76T,$6.76T,,,3.0
2025-03-14 19:30:00+05:30,Michigan Inflation Expectations PrelMAR,,4.3%,,4.4%,3.0
2025-03-14 19:30:00+05:30,Michigan Current Conditions PrelMAR,,65.7,65,64.4,3.0
2025-03-14 19:30:00+05:30,Michigan Consumer Expectations PrelMAR,54.2,64.0,64.3,63.5,3.0
2025-03-14 19:30:00+05:30,Michigan Current Conditions PrelMAR,63.5,65.7,65,64.4,3.0
2025-03-14 19:30:00+05:30,Michigan 5 Year Inflation Expectations PrelMAR,3.9%,3.5%,,3.6%,3.0
2025-03-14 19:30:00+05:30,Michigan 5 Year Inflation Expectations PrelMAR,,3.5%,,3.6%,3.0
2025-03-14 19:30:00+05:30,Michigan Consumer Sentiment PrelMAR,57.9,64.7,63.1,63.2,1.0
2025-03-14 19:30:00+05:30,Michigan Consumer Sentiment PrelMAR,,64.7,63.1,63.2,1.0
2025-03-14 19:30:00+05:30,Michigan Consumer Expectations PrelMAR,,64,64.3,63.5,3.0
2025-03-14 19:30:00+05:30,Michigan Inflation Expectations PrelMAR,4.9%,4.3%,,4.4%,3.0
2025-03-14 22:30:00+05:30,Baker Hughes Oil Rig CountMAR/14,487,486,,,3.0
2025-03-14 22:30:00+05:30,Baker Hughes Total Rigs CountMAR/14,592,592,,,3.0
2025-03-14 22:30:00+05:30,Baker Hughes Total Rigs CountMAR/14,,592,,,3.0
2025-03-14 22:30:00+05:30,Baker Hughes Oil Rig CountMAR/14,,486,,,3.0
2025-03-17 18:00:00+05:30,Retail Sales Control Group MoMFEB,,-0.8%,,0.3%,2.0
2025-03-17 18:00:00+05:30,Retail Sales Ex Gas/Autos MoMFEB,0.5%,-0.8%,0.4%,0.2%,3.0
2025-03-17 18:00:00+05:30,Retail Sales Control Group MoMFEB,1%,-1%,0.2%,0.3%,2.0
2025-03-17 18:00:00+05:30,Retail Sales YoYFEB,3.1%,3.9%,,3.5%,3.0
2025-03-17 18:00:00+05:30,Retail Sales MoMFEB,0.2%,-1.2%,0.6%,0.5%,1.0
2025-03-17 18:00:00+05:30,Retail Sales Ex Gas/Autos MoMFEB,,-0.5%,,0.2%,3.0
2025-03-17 18:00:00+05:30,Retail Sales Ex Autos MoMFEB,0.3%,-0.6%,0.4%,0.2%,2.0
2025-03-17 18:00:00+05:30,NY Empire State Manufacturing IndexMAR,,5.7,-1.9,6,2.0
2025-03-17 18:00:00+05:30,NY Empire State Manufacturing IndexMAR,-20,5.7,-0.75,2,2.0
2025-03-17 18:00:00+05:30,Retail Sales Ex Autos MoMFEB,,-0.4%,0.5%,0.2%,2.0
2025-03-17 18:00:00+05:30,Retail Sales YoYFEB,,4.2%,,3.5%,3.0
2025-03-17 18:00:00+05:30,Retail Sales MoMFEB,,-0.9%,0.7%,0.5%,1.0
2025-03-17 19:30:00+05:30,Retail Inventories Ex Autos MoMJAN,0.5%,-0.1%,0.4%,0.4%,3.0
2025-03-17 19:30:00+05:30,NAHB Housing Market IndexMAR,39,42,42,44,2.0
2025-03-17 19:30:00+05:30,Business Inventories MoMJAN,,-0.2%,0.3%,0.2%,2.0
2025-03-17 19:30:00+05:30,Business Inventories MoMJAN,0.3%,-0.2%,0.3%,0.2%,2.0
2025-03-17 19:30:00+05:30,NAHB Housing Market IndexMAR,,42,43,44,2.0
2025-03-17 19:30:00+05:30,Retail Inventories Ex Autos MoMJAN,,-0.1%,0.4%,0.4%,3.0
2025-03-17 21:00:00+05:30,6-Month Bill Auction,,4.075%,,,3.0
2025-03-17 21:00:00+05:30,3-Month Bill Auction,4.205%,4.200%,,,3.0
2025-03-17 21:00:00+05:30,3-Month Bill Auction,,4.200%,,,3.0
2025-03-17 21:00:00+05:30,6-Month Bill Auction,4.100%,4.075%,,,3.0
2025-03-17 21:30:00+05:30,NOPA Crush Report,,,,,3.0
2025-03-18 18:00:00+05:30,Building Permits MoM PrelFEB,,-0.6%,,-0.2%,2.0
2025-03-18 18:00:00+05:30,Export Prices MoMFEB,0.1%,1.3%,-0.2%,0.1%,2.0
2025-03-18 18:00:00+05:30,Export Prices MoMFEB,,1.3%,-0.2%,0.1%,2.0
2025-03-18 18:00:00+05:30,Housing StartsFEB,1.501M,1.35M,1.38M,1.34M,1.0
2025-03-18 18:00:00+05:30,Building Permits PrelFEB,,1.473M,1.450M,1.471M,1.0
2025-03-18 18:00:00+05:30,Import Prices MoMFEB,,0.3%,-0.1%,0.1%,2.0
2025-03-18 18:00:00+05:30,Housing Starts MoMFEB,11.2%,-11.5%,,-1.9%,2.0
2025-03-18 18:00:00+05:30,Import Prices YoYFEB,,1.9%,1.6%,1.7%,3.0
2025-03-18 18:00:00+05:30,Import Prices MoMFEB,0.4%,0.4%,-0.1%,0.1%,2.0
2025-03-18 18:00:00+05:30,Import Prices YoYFEB,2%,1.8%,1.6%,1.7%,3.0
2025-03-18 18:00:00+05:30,Export Prices YoYFEB,,2.7%,,4.0%,3.0
2025-03-18 18:00:00+05:30,Export Prices YoYFEB,2.1%,2.7%,,4.0%,3.0
2025-03-18 18:00:00+05:30,Housing Starts MoMFEB,,-9.8%,,-1.9%,2.0
2025-03-18 18:00:00+05:30,Building Permits MoM PrelFEB,-1.2%,-0.6%,,-0.2%,2.0
2025-03-18 18:00:00+05:30,Building Permits PrelFEB,1.456M,1.473M,1.450M,1.471M,1.0
2025-03-18 18:00:00+05:30,Housing StartsFEB,,1.366M,1.38M,1.34M,1.0
2025-03-18 18:25:00+05:30,Redbook YoYMAR/15,5.2%,5.7%,,,3.0
2025-03-18 18:25:00+05:30,Redbook YoYMAR/15,,5.7%,,,3.0
2025-03-18 18:45:00+05:30,Industrial Production YoYFEB,,2%,,2.3%,3.0
2025-03-18 18:45:00+05:30,Industrial Production YoYFEB,1.4%,1.9%,,2.3%,3.0
2025-03-18 18:45:00+05:30,Manufacturing Production MoMFEB,0.9%,0.1%,0.3%,0.1%,3.0
2025-03-18 18:45:00+05:30,Manufacturing Production YoYFEB,0.7%,1.2%,,1.3%,3.0
2025-03-18 18:45:00+05:30,Manufacturing Production YoYFEB,,1%,,1.3%,3.0
2025-03-18 18:45:00+05:30,Capacity UtilizationFEB,78.2%,77.7%,77.8%,77.7%,3.0
2025-03-18 18:45:00+05:30,Industrial Production MoMFEB,0.7%,0.3%,0.2%,0.4%,2.0
2025-03-18 18:45:00+05:30,Industrial Production MoMFEB,,0.5%,0.2%,0.4%,2.0
2025-03-18 18:45:00+05:30,Manufacturing Production MoMFEB,,-0.1%,0.3%,0.1%,3.0
2025-03-18 18:45:00+05:30,Capacity UtilizationFEB,,77.8%,77.8%,77.7%,3.0
2025-03-18 21:00:00+05:30,52-Week Bill Auction,,4.05%,,,3.0
2025-03-18 21:00:00+05:30,52-Week Bill Auction,3.945%,4.05%,,,3.0
2025-03-18 22:30:00+05:30,20-Year Bond Auction,,4.83%,,,3.0
2025-03-18 22:30:00+05:30,20-Year Bond Auction,4.632%,4.83%,,,3.0
2025-03-19 02:00:00+05:30,International Monetary Market (IMM) Date,,,,,3.0
2025-03-19 02:00:00+05:30,API Crude Oil Stock ChangeMAR/14,4.593M,4.247M,1.17M,,2.0
2025-03-19 02:00:00+05:30,API Crude Oil Stock ChangeMAR/14,,4.247M,1.17M,,2.0
2025-03-19 16:30:00+05:30,International Monetary Market (IMM) Date,,,,,3.0
2025-03-19 16:30:00+05:30,MBA Mortgage Refinance IndexMAR/14,,911.3,,,3.0
2025-03-19 16:30:00+05:30,MBA Mortgage Refinance IndexMAR/14,794.4,911.3,,,3.0
2025-03-19 16:30:00+05:30,MBA Purchase IndexMAR/14,,154.6,,,3.0
2025-03-19 16:30:00+05:30,MBA 30-Year Mortgage RateMAR/14,6.72%,6.67%,,,2.0
2025-03-19 16:30:00+05:30,MBA Mortgage Market IndexMAR/14,,269.3,,,3.0
2025-03-19 16:30:00+05:30,MBA 30-Year Mortgage RateMAR/14,,6.67%,,,2.0
2025-03-19 16:30:00+05:30,MBA Mortgage ApplicationsMAR/14,-6.2%,11.2%,,,3.0
2025-03-19 16:30:00+05:30,MBA Mortgage Market IndexMAR/14,252.5,269.3,,,3.0
2025-03-19 16:30:00+05:30,MBA Mortgage ApplicationsMAR/14,,11.2%,,,3.0
2025-03-19 16:30:00+05:30,MBA Purchase IndexMAR/14,154.7,154.6,,,3.0
2025-03-19 20:00:00+05:30,EIA Distillate Stocks ChangeMAR/14,-2.812M,-1.559M,-0.1M,,3.0
2025-03-19 20:00:00+05:30,EIA Crude Oil Imports ChangeMAR/14,,0.503M,,,3.0
2025-03-19 20:00:00+05:30,EIA Distillate Fuel Production ChangeMAR/14,0.151M,-0.113M,,,3.0
2025-03-19 20:00:00+05:30,EIA Distillate Fuel Production ChangeMAR/14,,-0.113M,,,3.0
2025-03-19 20:00:00+05:30,International Monetary Market (IMM) Date,,,,,3.0
2025-03-19 20:00:00+05:30,EIA Crude Oil Stocks ChangeMAR/14,,1.448M,1.17M,,2.0
2025-03-19 20:00:00+05:30,EIA Refinery Crude Runs ChangeMAR/14,-0.045M,0.321M,,,3.0
2025-03-19 20:00:00+05:30,EIA Gasoline Production ChangeMAR/14,0.067M,-0.078M,,,3.0
2025-03-19 20:00:00+05:30,EIA Heating Oil Stocks ChangeMAR/14,0.008M,-0.183M,,,3.0
2025-03-19 20:00:00+05:30,EIA Gasoline Stocks ChangeMAR/14,-0.527M,-5.737M,-2.0M,,2.0
2025-03-19 20:00:00+05:30,EIA Refinery Crude Runs ChangeMAR/14,,0.321M,,,3.0
2025-03-19 20:00:00+05:30,EIA Crude Oil Stocks ChangeMAR/14,1.745M,1.448M,1.1M,,2.0
2025-03-19 20:00:00+05:30,EIA Distillate Stocks ChangeMAR/14,,-1.559M,0.18M,,3.0
2025-03-19 20:00:00+05:30,EIA Heating Oil Stocks ChangeMAR/14,,-0.183M,,,3.0
2025-03-19 20:00:00+05:30,EIA Crude Oil Imports ChangeMAR/14,-1.439M,0.503M,,,3.0
2025-03-19 20:00:00+05:30,EIA Cushing Crude Oil Stocks ChangeMAR/14,,-1.228M,,,3.0
2025-03-19 20:00:00+05:30,EIA Gasoline Production ChangeMAR/14,,-0.078M,,,3.0
2025-03-19 20:00:00+05:30,EIA Cushing Crude Oil Stocks ChangeMAR/14,-1.009M,-1.228M,,,3.0
2025-03-19 20:00:00+05:30,EIA Gasoline Stocks ChangeMAR/14,,-5.737M,-2.0M,,2.0
2025-03-19 21:00:00+05:30,17-Week Bill Auction,4.195%,4.180%,,,3.0
2025-03-19 21:00:00+05:30,17-Week Bill Auction,,4.180%,,,3.0
2025-03-19 23:30:00+05:30,Interest Rate Projection - Current,3.9%,4.4%,,,3.0
2025-03-19 23:30:00+05:30,Interest Rate Projection - 1st Yr,3.4%,3.9%,,,3.0
2025-03-19 23:30:00+05:30,Interest Rate Projection - 2nd Yr,3.1%,3.4%,,,3.0
2025-03-19 23:30:00+05:30,Interest Rate Projection - Longer,,3%,,,3.0
2025-03-19 23:30:00+05:30,FOMC Economic Projections,,,,,1.0
2025-03-19 23:30:00+05:30,Interest Rate Projection - Current,,4.4%,,,3.0
2025-03-19 23:30:00+05:30,Interest Rate Projection - 2nd Yr,,3.4%,,,3.0
2025-03-19 23:30:00+05:30,International Monetary Market (IMM) Date,,,,,3.0
2025-03-19 23:30:00+05:30,Fed Interest Rate Decision,,4.5%,4.5%,4.5%,1.0
2025-03-19 23:30:00+05:30,Fed Interest Rate Decision,4.5%,4.5%,4.5%,4.5%,1.0
2025-03-19 23:30:00+05:30,Interest Rate Projection - 1st Yr,,3.9%,,,3.0
2025-03-19 23:30:00+05:30,Interest Rate Projection - Longer,3%,3%,,,3.0
2025-03-20 00:00:00+05:30,Fed Press Conference,,,,,1.0
2025-03-20 01:30:00+05:30,Net Long-term TIC FlowsJAN,,$72B,$101.1M,,2.0
2025-03-20 01:30:00+05:30,Foreign Bond InvestmentJAN,$-13.3B,$-49.7B,,,3.0
2025-03-20 01:30:00+05:30,Overall Net Capital FlowsJAN,,$87.1B,,,3.0
2025-03-20 01:30:00+05:30,Net Long-term TIC FlowsJAN,$-45.2B,$75B,$101.1M,,2.0
2025-03-20 01:30:00+05:30,Foreign Bond InvestmentJAN,,$-49.7B,,,3.0
2025-03-20 01:30:00+05:30,Overall Net Capital FlowsJAN,$-48.8B,$103.2B,,,3.0
2025-03-20 18:00:00+05:30,Initial Jobless ClaimsMAR/15,223K,221K,224K,225.0K,2.0
2025-03-20 18:00:00+05:30,Philly Fed New OrdersMAR,,21.9,,,3.0
2025-03-20 18:00:00+05:30,Continuing Jobless ClaimsMAR/08,1892K,1859K,1890K,1880.0K,3.0
2025-03-20 18:00:00+05:30,Philly Fed Prices PaidMAR,48.30,40.50,,,3.0
2025-03-20 18:00:00+05:30,Jobless Claims 4-week AverageMAR/15,227K,226.25K,,229.0K,3.0
2025-03-20 18:00:00+05:30,Philadelphia Fed Manufacturing IndexMAR,12.5,18.1,8.5,11,2.0
2025-03-20 18:00:00+05:30,Current AccountQ4,,$-310.9B,$-325.5B,$ -340.0B,2.0
2025-03-20 18:00:00+05:30,Current AccountQ4,$-303.9B,$-310.3B,$-325.5B,$ -340.0B,2.0
2025-03-20 18:00:00+05:30,Philly Fed Prices PaidMAR,,40.50,,,3.0
2025-03-20 18:00:00+05:30,Philly Fed EmploymentMAR,,5.3,,,3.0
2025-03-20 18:00:00+05:30,Jobless Claims 4-week AverageMAR/15,,226K,,229.0K,3.0
2025-03-20 18:00:00+05:30,Philadelphia Fed Manufacturing IndexMAR,,18.1,8.5,11,2.0
2025-03-20 18:00:00+05:30,Continuing Jobless ClaimsMAR/08,,1870K,1890K,1880.0K,3.0
2025-03-20 18:00:00+05:30,Philly Fed CAPEX IndexMAR,,14.00,,,3.0
2025-03-20 18:00:00+05:30,Philly Fed Business ConditionsMAR,5.6,27.8,,,3.0
2025-03-20 18:00:00+05:30,Philly Fed CAPEX IndexMAR,13.40,14.00,,,3.0
2025-03-20 18:00:00+05:30,Philly Fed EmploymentMAR,19.7,5.3,,,3.0
2025-03-20 18:00:00+05:30,Initial Jobless ClaimsMAR/15,,220K,224K,225.0K,2.0
2025-03-20 18:00:00+05:30,Philly Fed Business ConditionsMAR,,27.8,,,3.0
2025-03-20 18:00:00+05:30,Philly Fed New OrdersMAR,8.7,21.9,,,3.0
2025-03-20 19:30:00+05:30,Existing Home SalesFEB,,4.08M,3.95M,4.05M,1.0
2025-03-20 19:30:00+05:30,Existing Home SalesFEB,4.26M,4.09M,3.95M,4.05M,1.0
2025-03-20 19:30:00+05:30,CB Leading Index MoMFEB,,-0.3%,-0.2%,-0.2%,3.0
2025-03-20 19:30:00+05:30,Existing Home Sales MoMFEB,4.2%,-4.7%,,-0.7%,2.0
2025-03-20 19:30:00+05:30,CB Leading Index MoMFEB,-0.3%,-0.2%,-0.2%,-0.2%,3.0
2025-03-20 19:30:00+05:30,Existing Home Sales MoMFEB,,-4.9%,,-0.7%,2.0
2025-03-20 20:00:00+05:30,EIA Natural Gas Stocks ChangeMAR/14,9B,-62B,3Bcf,,3.0
2025-03-20 20:00:00+05:30,EIA Natural Gas Stocks ChangeMAR/14,,-62Bcf,3Bcf,,3.0
2025-03-20 20:00:00+05:30,EIA Natural Gas Stocks ChangeMAR/14,9Bcf,-62Bcf,3Bcf,,3.0
2025-03-20 21:00:00+05:30,4-Week Bill Auction,,4.225%,,,3.0
2025-03-20 21:00:00+05:30,8-Week Bill Auction,4.215%,4.220%,,,3.0
2025-03-20 21:00:00+05:30,8-Week Bill Auction,,4.220%,,,3.0
2025-03-20 21:00:00+05:30,4-Week Bill Auction,4.215%,4.225%,,,3.0
2025-03-20 21:30:00+05:30,15-Year Mortgage RateMAR/20,,5.8%,,,3.0
2025-03-20 21:30:00+05:30,15-Year Mortgage RateMAR/20,5.83%,5.8%,,,3.0
2025-03-20 21:30:00+05:30,30-Year Mortgage RateMAR/20,6.67%,6.65%,,,3.0
2025-03-20 21:30:00+05:30,30-Year Mortgage RateMAR/20,,6.65%,,,3.0
2025-03-20 22:30:00+05:30,10-Year TIPS Auction,,2.243%,,,3.0
2025-03-20 22:30:00+05:30,10-Year TIPS Auction,1.935%,2.243%,,,3.0
2025-03-21 02:00:00+05:30,Fed Balance SheetMAR/19,$6.76T,$6.76T,,,3.0
2025-03-21 02:00:00+05:30,Fed Balance SheetMAR/19,,$6.76T,,,3.0
2025-03-21 18:00:00+05:30,Fed Golsbee Speech,,,,,2.0
2025-03-21 18:35:00+05:30,Fed Williams Speech,,,,,2.0
2025-03-21 22:30:00+05:30,Baker Hughes Total Rigs CountMAR/21,,592,,,3.0
2025-03-21 22:30:00+05:30,Baker Hughes Total Rigs CountMAR/21,593,592,,,3.0
2025-03-21 22:30:00+05:30,Baker Hughes Oil Rig CountMAR/21,,487,,,3.0
2025-03-21 22:30:00+05:30,Baker Hughes Oil Rig CountMAR/21,486,487,,,3.0
2025-03-24 18:00:00+05:30,Chicago Fed National Activity IndexFEB,,-0.03,,0.08,2.0
2025-03-24 19:15:00+05:30,S&P Global Composite PMI FlashMAR,,51.6,,51.5,2.0
2025-03-24 19:15:00+05:30,S&P Global Manufacturing PMI FlashMAR,,52.7,51.9,52.1,2.0
2025-03-24 19:15:00+05:30,S&P Global Services PMI FlashMAR,,51,51.2,51.1,2.0
2025-03-24 21:00:00+05:30,3-Month Bill Auction,,4.205%,,,3.0
2025-03-24 21:00:00+05:30,6-Month Bill Auction,,4.100%,,,3.0
2025-03-24 23:15:00+05:30,Fed Bostic Speech,,,,,2.0
2025-03-25 00:40:00+05:30,Fed Barr Speech,,,,,2.0
2025-03-25 18:10:00+05:30,Fed Kugler Speech,,,,,2.0
2025-03-25 18:25:00+05:30,Redbook YoYMAR/22,,5.2%,,,3.0
2025-03-25 18:30:00+05:30,S&P/Case-Shiller Home Price YoYJAN,,4.5%,4.6%,4.5%,2.0
2025-03-25 18:30:00+05:30,House Price Index YoYJAN,,4.7%,,4.7%,3.0
2025-03-25 18:30:00+05:30,Building Permits FinalFEB,,,,,3.0
2025-03-25 18:30:00+05:30,Building Permits MoM FinalFEB,,,,,3.0
2025-03-25 18:30:00+05:30,House Price Index MoMJAN,,0.4%,,0.3%,3.0
2025-03-25 18:30:00+05:30,S&P/Case-Shiller Home Price MoMJAN,,-0.1%,0.2%,0.1%,3.0
2025-03-25 18:30:00+05:30,House Price IndexJAN,,436.1,,437.4,3.0
2025-03-25 18:35:00+05:30,Fed Williams Speech,,,,,2.0
2025-03-25 19:30:00+05:30,CB Consumer ConfidenceMAR,,98.3,94,94.4,2.0
2025-03-25 19:30:00+05:30,New Home Sales MoMFEB,,-10.5%,,0.5%,2.0
2025-03-25 19:30:00+05:30,New Home SalesFEB,,0.657M,0.68M,0.66M,2.0
2025-03-25 19:30:00+05:30,Building Permits FinalFEB,,,,,3.0
2025-03-25 19:30:00+05:30,Richmond Fed Manufacturing IndexMAR,,6,8,5,3.0
2025-03-25 19:30:00+05:30,Richmond Fed Manufacturing Shipments IndexMAR,,12,,2,3.0
2025-03-25 19:30:00+05:30,Richmond Fed Services Revenues IndexMAR,,11,,3,3.0
2025-03-25 19:30:00+05:30,Building Permits MoM FinalFEB,,,,,3.0
2025-03-25 21:00:00+05:30,6-Week Bill Auction,,4.235%,,,3.0
2025-03-25 21:00:00+05:30,Building Permits MoM FinalFEB,,,,,3.0
2025-03-25 21:00:00+05:30,Building Permits FinalFEB,,,,,3.0
2025-03-25 22:30:00+05:30,Money SupplyFEB,,$21.56T,,,3.0
2025-03-25 22:30:00+05:30,2-Year Note Auction,,4.169%,,,3.0
2025-03-25 22:30:00+05:30,Building Permits FinalFEB,,1.473M,1.456M,1.456M,3.0
2025-03-25 22:30:00+05:30,Building Permits MoM FinalFEB,,-0.6%,-1.2%,-1.2%,3.0
2025-03-26 02:00:00+05:30,API Crude Oil Stock ChangeMAR/21,,4.593M,,,2.0
2025-03-26 16:30:00+05:30,MBA Mortgage Refinance IndexMAR/21,,794.4,,,3.0
2025-03-26 16:30:00+05:30,MBA Mortgage Market IndexMAR/21,,252.5,,,3.0
2025-03-26 16:30:00+05:30,MBA Purchase IndexMAR/21,,154.7,,,3.0
2025-03-26 16:30:00+05:30,MBA Mortgage ApplicationsMAR/21,,-6.2%,,,3.0
2025-03-26 16:30:00+05:30,MBA 30-Year Mortgage RateMAR/21,,6.72%,,,2.0
2025-03-26 18:00:00+05:30,Durable Goods Orders MoMFEB,,3.1%,-0.7%,-1.2%,1.0
2025-03-26 18:00:00+05:30,Non Defense Goods Orders Ex AirFEB,,0.8%,,0.2%,3.0
2025-03-26 18:00:00+05:30,Durable Goods Orders Ex Transp MoMFEB,,0%,0.4%,-0.2%,2.0
2025-03-26 18:00:00+05:30,Durable Goods Orders ex Defense MoMFEB,,3.5%,,-1.6%,3.0
2025-03-26 19:30:00+05:30,Fed Kashkari Speech,,,,,2.0
2025-03-26 19:40:00+05:30,Fed Musalem Speech,,,,,2.0
2025-03-26 20:00:00+05:30,EIA Refinery Crude Runs ChangeMAR/21,,-0.045M,,,3.0
2025-03-26 20:00:00+05:30,EIA Crude Oil Imports ChangeMAR/21,,-1.439M,,,3.0
2025-03-26 20:00:00+05:30,EIA Distillate Fuel Production ChangeMAR/21,,0.151M,,,3.0
2025-03-26 20:00:00+05:30,EIA Heating Oil Stocks ChangeMAR/21,,0.008M,,,3.0
2025-03-26 20:00:00+05:30,EIA Gasoline Stocks ChangeMAR/21,,-0.527M,,,2.0
2025-03-26 20:00:00+05:30,EIA Distillate Stocks ChangeMAR/21,,-2.812M,,,3.0
2025-03-26 20:00:00+05:30,EIA Cushing Crude Oil Stocks ChangeMAR/21,,-1.009M,,,3.0
2025-03-26 20:00:00+05:30,EIA Gasoline Production ChangeMAR/21,,0.067M,,,3.0
2025-03-26 20:00:00+05:30,EIA Crude Oil Stocks ChangeMAR/21,,1.745M,,,2.0
2025-03-26 21:00:00+05:30,2-Year FRN Auction,,0.090%,,,3.0
2025-03-26 21:00:00+05:30,17-Week Bill Auction,,4.195%,,,3.0
2025-03-26 22:30:00+05:30,5-Year Note Auction,,4.123%,,,3.0
2025-03-26 22:30:00+05:30,2-Year FRN Auction,,0.090%,,,3.0
2025-03-27 18:00:00+05:30,Continuing Jobless ClaimsMAR/15,,1892K,,1893.0K,3.0
2025-03-27 18:00:00+05:30,PCE Prices QoQ FinalQ4,,1.5%,2.4%,2.4%,3.0
2025-03-27 18:00:00+05:30,Corporate Profits QoQQ4,,-0.4%,,-0.9%,2.0
2025-03-27 18:00:00+05:30,Jobless Claims 4-week AverageMAR/22,,227K,,228.0K,3.0
2025-03-27 18:00:00+05:30,GDP Price Index QoQ FinalQ4,,1.9%,2.4%,2.4%,2.0
2025-03-27 18:00:00+05:30,Initial Jobless ClaimsMAR/22,,223K,225K,225.0K,2.0
2025-03-27 18:00:00+05:30,Goods Trade Balance AdvFEB,,$-153.26B,$-134.6B,$-136.0B,2.0
2025-03-27 18:00:00+05:30,GDP Growth Rate QoQ FinalQ4,,3.1%,2.3%,2.3%,1.0
2025-03-27 18:00:00+05:30,Real Consumer Spending QoQ FinalQ4,,3.7%,4.2%,4.2%,3.0
2025-03-27 18:00:00+05:30,Core PCE Prices QoQ FinalQ4,,2.2%,2.7%,2.7%,3.0
2025-03-27 18:00:00+05:30,Retail Inventories Ex Autos MoM AdvFEB,,0.5%,,0.4%,2.0
2025-03-27 18:00:00+05:30,GDP Sales QoQ FinalQ4,,3.3%,3.2%,3.2%,3.0
2025-03-27 18:00:00+05:30,Wholesale Inventories MoM AdvFEB,,0.8%,0.4%,0.6%,2.0
2025-03-27 19:30:00+05:30,Pending Home Sales MoMFEB,,-4.6%,,2.9%,2.0
2025-03-27 19:30:00+05:30,Pending Home Sales YoYFEB,,-5.2%,,-3.7%,2.0
2025-03-27 20:00:00+05:30,EIA Natural Gas Stocks ChangeMAR/21,,9Bcf,,,3.0
2025-03-27 20:30:00+05:30,Kansas Fed Manufacturing IndexMAR,,-13,,-14,3.0
2025-03-27 20:30:00+05:30,Kansas Fed Composite IndexMAR,,-5,,-6,3.0
2025-03-27 21:00:00+05:30,8-Week Bill Auction,,4.215%,,,3.0
2025-03-27 21:00:00+05:30,4-Week Bill Auction,,4.215%,,,3.0
2025-03-27 21:30:00+05:30,30-Year Mortgage RateMAR/27,,6.67%,,,3.0
2025-03-27 21:30:00+05:30,15-Year Mortgage RateMAR/27,,5.83%,,,3.0
2025-03-27 22:30:00+05:30,7-Year Note Auction,,4.194%,,,3.0
2025-03-28 02:00:00+05:30,Fed Balance SheetMAR/26,$6.74T,$6.76T,,,3.0
2025-03-28 02:00:00+05:30,Fed Balance SheetMAR/26,,$6.76T,,,3.0
2025-03-28 02:00:00+05:30,Fed Barkin Speech,,,,,2.0
2025-03-28 18:00:00+05:30,PCE Price Index YoYFEB,,2.5%,,2.7%,2.0
2025-03-28 18:00:00+05:30,PCE Price Index YoYFEB,2.5%,2.5%,2.5%,2.5%,2.0
2025-03-28 18:00:00+05:30,PCE Price Index MoMFEB,,0.3%,0.3%,0.4%,2.0
2025-03-28 18:00:00+05:30,Personal Income MoMFEB,,0.9%,0.4%,0.3%,1.0
2025-03-28 18:00:00+05:30,Core PCE Price Index YoYFEB,2.8%,2.7%,2.7%,2.6%,3.0
2025-03-28 18:00:00+05:30,Personal Spending MoMFEB,0.4%,-0.3%,0.5%,0.5%,1.0
2025-03-28 18:00:00+05:30,Personal Spending MoMFEB,,-0.2%,0.6%,0.5%,1.0
2025-03-28 18:00:00+05:30,PCE Price Index MoMFEB,0.3%,0.3%,0.3%,0.2%,2.0
2025-03-28 18:00:00+05:30,Core PCE Price Index MoMFEB,0.4%,0.3%,0.3%,0.2%,1.0
2025-03-28 18:00:00+05:30,Personal Income MoMFEB,0.8%,0.7%,0.4%,0.3%,1.0
2025-03-28 18:00:00+05:30,Core PCE Price Index MoMFEB,,0.3%,0.3%,0.4%,1.0
2025-03-28 18:00:00+05:30,Core PCE Price Index YoYFEB,,2.6%,,2.8%,3.0
2025-03-28 19:30:00+05:30,Michigan Inflation Expectations FinalMAR,5%,4.3%,4.9%,4.9%,3.0
2025-03-28 19:30:00+05:30,Michigan Consumer Sentiment FinalMAR,,64.7,57.9,57.9,2.0
2025-03-28 19:30:00+05:30,Michigan Current Conditions FinalMAR,,65.7,63.5,63.5,3.0
2025-03-28 19:30:00+05:30,Michigan 5 Year Inflation Expectations FinalMAR,,3.5%,3.9%,3.9%,3.0
2025-03-28 19:30:00+05:30,Michigan 5 Year Inflation Expectations FinalMAR,4.1%,3.5%,3.9%,3.9%,3.0
2025-03-28 19:30:00+05:30,Michigan Inflation Expectations FinalMAR,,4.3%,4.9%,4.9%,3.0
2025-03-28 19:30:00+05:30,Michigan Consumer Sentiment FinalMAR,57.0,64.7,57.9,57.9,2.0
2025-03-28 19:30:00+05:30,Michigan Current Conditions FinalMAR,63.8,65.7,63.5,63.5,3.0
2025-03-28 19:30:00+05:30,Michigan Consumer Expectations FinalMAR,,64.0,54.2,54.2,3.0
2025-03-28 19:30:00+05:30,Michigan Consumer Expectations FinalMAR,52.6,64.0,54.2,54.2,3.0
2025-03-28 21:45:00+05:30,Fed Barr Speech,,,,,2.0
2025-03-28 22:30:00+05:30,Baker Hughes Total Rigs CountMAR/28,592,593,,,3.0
2025-03-28 22:30:00+05:30,Baker Hughes Total Rigs CountMAR/28,,593,,,3.0
2025-03-28 22:30:00+05:30,Baker Hughes Oil Rig CountMAR/28,484,486,,,3.0
2025-03-28 22:30:00+05:30,Baker Hughes Oil Rig CountMAR/28,,486,,,3.0
2025-03-29 01:00:00+05:30,Fed Bostic Speech,,,,,2.0
2025-03-31 19:15:00+05:30,Chicago PMIMAR,,45.5,45.4,43,2.0
2025-03-31 19:15:00+05:30,Chicago PMIMAR,47.6,45.5,45.2,43,2.0
2025-03-31 20:00:00+05:30,Dallas Fed Manufacturing IndexMAR,,-8.3,,-12,2.0
2025-03-31 20:00:00+05:30,Dallas Fed Manufacturing IndexMAR,-16.3,-8.3,,-12,2.0
2025-03-31 21:00:00+05:30,3-Month Bill Auction,4.205%,4.190%,,,3.0
2025-03-31 21:00:00+05:30,3-Month Bill Auction,,4.190%,,,3.0
2025-03-31 21:00:00+05:30,6-Month Bill Auction,,4.085%,,,3.0
2025-03-31 21:00:00+05:30,6-Month Bill Auction,4.070%,4.085%,,,3.0
2025-03-31 21:30:00+05:30,Prospective Plantings - Wheat2025,45.35M,47.498M,46.50M,,3.0
2025-03-31 21:30:00+05:30,Quarterly Grain Stocks - CornMAR,,,,,3.0
2025-03-31 21:30:00+05:30,Prospective Plantings - Cotton2025,,10.673M,,,3.0
2025-03-31 21:30:00+05:30,Prospective Plantings - Soy2025,,86.51M,,,3.0
2025-03-31 21:30:00+05:30,Quarterly Grain Stocks - SoyMAR,1.91B,3.1B,1.90B,,3.0
2025-03-31 21:30:00+05:30,Prospective Plantings - Soy2025,83.495M,86.51M,83.82M,,3.0
2025-03-31 21:30:00+05:30,Quarterly Grain Stocks - WheatMAR,1.24B,1.57B,1.22B,,3.0
2025-03-31 21:30:00+05:30,Prospective Plantings - Corn2025,,90.036M,,,3.0
2025-03-31 21:30:00+05:30,Quarterly Grain Stocks - WheatMAR,,1.57B,,,3.0
2025-03-31 21:30:00+05:30,Quarterly Grain Stocks - CornMAR,8.15B,12.074B,8.13B,,3.0
2025-03-31 21:30:00+05:30,Prospective Plantings - Wheat2025,,47.498M,,,3.0
2025-03-31 21:30:00+05:30,Prospective Plantings - Corn2025,95.326M,90.036M,94.35M,,3.0
2025-03-31 21:30:00+05:30,Prospective Plantings - Cotton2025,9.867M,10.673M,10.17M,,3.0
2025-03-31 21:30:00+05:30,Quarterly Grain Stocks - SoyMAR,,3.1B,,,3.0
2025-04-01 18:25:00+05:30,Redbook YoYMAR/29,,5.6%,,,3.0
2025-04-01 18:25:00+05:30,Redbook YoYMAR/29,4.8%,5.6%,,,3.0
2025-04-01 19:15:00+05:30,S&P Global Manufacturing PMI FinalMAR,,52.7,49.8,49.8,3.0
2025-04-01 19:15:00+05:30,S&P Global Manufacturing PMI FinalMAR,50.2,52.7,49.8,49.8,3.0
2025-04-01 19:30:00+05:30,JOLTs Job QuitsFEB,,3.266M,,3.2M,3.0
2025-04-01 19:30:00+05:30,ISM Manufacturing PricesMAR,69.4,62.4,65,68,3.0
2025-04-01 19:30:00+05:30,ISM Manufacturing New OrdersMAR,,48.6,,48.5,3.0
2025-04-01 19:30:00+05:30,ISM Manufacturing New OrdersMAR,45.2,48.6,,48.5,3.0
2025-04-01 19:30:00+05:30,ISM Manufacturing PMIMAR,,50.3,49.5,50,1.0
2025-04-01 19:30:00+05:30,ISM Manufacturing EmploymentMAR,,47.6,,47.5,2.0
2025-04-01 19:30:00+05:30,Construction Spending MoMFEB,,-0.2%,0.2%,0.1%,3.0
2025-04-01 19:30:00+05:30,ISM Manufacturing EmploymentMAR,44.7,47.6,,47.5,2.0
2025-04-01 19:30:00+05:30,JOLTs Job OpeningsFEB,,7.74M,7.68M,7.6M,1.0
2025-04-01 19:30:00+05:30,JOLTs Job QuitsFEB,3.195M,3.256M,,3.2M,3.0
2025-04-01 19:30:00+05:30,ISM Manufacturing PricesMAR,,62.4,65,68,3.0
2025-04-01 19:30:00+05:30,JOLTs Job OpeningsFEB,7.568M,7.762M,7.63M,7.6M,1.0
2025-04-01 19:30:00+05:30,ISM Manufacturing PMIMAR,49,50.3,49.5,50,1.0
2025-04-01 19:30:00+05:30,Construction Spending MoMFEB,0.7%,-0.5%,0.3%,0.1%,3.0
2025-04-01 19:40:00+05:30,RCM/TIPP Economic Optimism IndexAPR,,49.8,50.1,49.8,3.0
2025-04-01 20:00:00+05:30,Dallas Fed Services IndexMAR,-11.3,4.6,,5,3.0
2025-04-01 20:00:00+05:30,Dallas Fed Services Revenues IndexMAR,,8.2,,7,3.0
2025-04-01 20:00:00+05:30,Dallas Fed Services IndexMAR,,4.6,,5,3.0
2025-04-01 20:00:00+05:30,Dallas Fed Services Revenues IndexMAR,1.3,8.2,,7,3.0
2025-04-01 20:10:00+05:30,RCM/TIPP Economic Optimism IndexAPR,49.1,49.8,50.1,49.8,3.0
2025-04-02 02:00:00+05:30,LMI Logistics Managers IndexMAR,,62.8,,,3.0
2025-04-02 02:00:00+05:30,API Crude Oil Stock ChangeMAR/28,,-4.6M,,,2.0
2025-04-02 02:00:00+05:30,API Crude Oil Stock ChangeMAR/28,+6.037M,-4.6M,,,2.0
2025-04-02 15:30:00+05:30,LMI Logistics Managers IndexMAR,57.1,62.8,,,3.0
2025-04-02 16:30:00+05:30,LMI Logistics Managers IndexMAR,,62.8,,,3.0
2025-04-02 16:30:00+05:30,MBA Purchase IndexMAR/28,158.2,155.8,,,3.0
2025-04-02 16:30:00+05:30,MBA Purchase IndexMAR/28,,155.8,,,3.0
2025-04-02 16:30:00+05:30,MBA 30-Year Mortgage RateMAR/28,,6.71%,,,2.0
2025-04-02 16:30:00+05:30,MBA Mortgage ApplicationsMAR/28,-1.6%,-2%,,,3.0
2025-04-02 16:30:00+05:30,MBA Mortgage Market IndexMAR/28,,247.5,,,3.0
2025-04-02 16:30:00+05:30,MBA Mortgage Refinance IndexMAR/28,710.4,752.4,,,3.0
2025-04-02 16:30:00+05:30,MBA Mortgage Market IndexMAR/28,243.6,247.5,,,3.0
2025-04-02 16:30:00+05:30,MBA 30-Year Mortgage RateMAR/28,6.7%,6.71%,,,2.0
2025-04-02 16:30:00+05:30,MBA Mortgage Refinance IndexMAR/28,,752.4,,,3.0
2025-04-02 16:30:00+05:30,MBA Mortgage ApplicationsMAR/28,,-2%,,,3.0
2025-04-02 17:45:00+05:30,LMI Logistics Managers IndexMAR,,62.8,,,2.0
2025-04-02 17:45:00+05:30,ADP Employment ChangeMAR,,77K,105K,60.0K,2.0
2025-04-02 17:45:00+05:30,ADP Employment ChangeMAR,155K,84K,105K,60.0K,2.0
2025-04-02 18:30:00+05:30,Total Vehicle SalesMAR,17.77M,16.0M,15.9M,,3.0
2025-04-02 19:30:00+05:30,Factory Orders ex TransportationFEB,,0.2%,0.7%,0.5%,3.0
2025-04-02 19:30:00+05:30,Factory Orders MoMFEB,,1.7%,0.5%,0.3%,2.0
2025-04-02 19:30:00+05:30,Total Vehicle SalesMAR,,16.0M,,,3.0
2025-04-02 19:30:00+05:30,Factory Orders MoMFEB,0.6%,1.8%,0.5%,0.3%,2.0
2025-04-02 19:30:00+05:30,LMI Logistics Managers IndexMAR,,62.8,,,3.0
2025-04-02 19:30:00+05:30,Factory Orders ex TransportationFEB,0.4%,0.3%,,0.5%,3.0
2025-04-02 20:00:00+05:30,EIA Heating Oil Stocks ChangeMAR/28,,-0.035M,,,3.0
2025-04-02 20:00:00+05:30,EIA Cushing Crude Oil Stocks ChangeMAR/28,2.373M,-0.755M,,,3.0
2025-04-02 20:00:00+05:30,Total Vehicle SalesMAR,,16.0M,,,3.0
2025-04-02 20:00:00+05:30,EIA Refinery Crude Runs ChangeMAR/28,-0.192M,0.087M,,,3.0
2025-04-02 20:00:00+05:30,EIA Crude Oil Imports ChangeMAR/28,,0.845M,,,3.0
2025-04-02 20:00:00+05:30,EIA Cushing Crude Oil Stocks ChangeMAR/28,,-0.755M,,,3.0
2025-04-02 20:00:00+05:30,EIA Crude Oil Imports ChangeMAR/28,0.999M,0.845M,,,3.0
2025-04-02 20:00:00+05:30,EIA Gasoline Stocks ChangeMAR/28,-1.551M,-1.446M,-1.9M,,2.0
2025-04-02 20:00:00+05:30,EIA Crude Oil Stocks ChangeMAR/28,6.165M,-3.341M,-2M,,2.0
2025-04-02 20:00:00+05:30,EIA Distillate Stocks ChangeMAR/28,,-0.421M,,,3.0
2025-04-02 20:00:00+05:30,EIA Refinery Crude Runs ChangeMAR/28,,0.087M,,,3.0
2025-04-02 20:00:00+05:30,EIA Heating Oil Stocks ChangeMAR/28,0.209M,-0.035M,,,3.0
2025-04-02 20:00:00+05:30,EIA Crude Oil Stocks ChangeMAR/28,,-3.341M,,,2.0
2025-04-02 20:00:00+05:30,EIA Distillate Fuel Production ChangeMAR/28,0.164M,-0.1M,,,3.0
2025-04-02 20:00:00+05:30,EIA Distillate Fuel Production ChangeMAR/28,,-0.100M,,,3.0
2025-04-02 20:00:00+05:30,EIA Gasoline Production ChangeMAR/28,,-0.401M,,,3.0
2025-04-02 20:00:00+05:30,EIA Distillate Stocks ChangeMAR/28,0.264M,-0.421M,-1.1M,,3.0
2025-04-02 20:00:00+05:30,LMI Logistics Managers IndexMAR,,62.8,,,3.0
2025-04-02 20:00:00+05:30,EIA Gasoline Stocks ChangeMAR/28,,-1.446M,,,2.0
2025-04-02 20:00:00+05:30,EIA Gasoline Production ChangeMAR/28,0.062M,-0.401M,,,3.0
2025-04-02 21:00:00+05:30,17-Week Bill Auction,,4.200%,,,3.0
2025-04-02 21:00:00+05:30,Total Vehicle SalesMAR,,16.0M,15.9M,,3.0
2025-04-02 21:00:00+05:30,LMI Logistics Managers IndexMAR,,62.8,,,3.0
2025-04-02 21:00:00+05:30,17-Week Bill Auction,4.200%,4.200%,,,3.0
2025-04-02 22:00:00+05:30,LMI Logistics Managers IndexMAR,,62.8,,,3.0
2025-04-02 22:00:00+05:30,Total Vehicle SalesMAR,,16.0M,,,3.0
2025-04-02 22:00:00+05:30,17-Week Bill Auction,,,,,3.0
2025-04-03 02:00:00+05:30,Fed Kugler Speech,,,,,2.0
2025-04-03 17:00:00+05:30,Challenger Job CutsMAR,275.24K,172.017K,,190.0K,3.0
2025-04-03 17:00:00+05:30,Challenger Job CutsMAR,,172.017K,,190.0K,3.0
2025-04-03 18:00:00+05:30,Continuing Jobless ClaimsMAR/22,,1856K,,1860.0K,3.0
2025-04-03 18:00:00+05:30,ExportsFEB,$278.5B,$270.5B,,$271B,2.0
2025-04-03 18:00:00+05:30,Initial Jobless ClaimsMAR/29,,224K,225K,226.0K,2.0
2025-04-03 18:00:00+05:30,ImportsFEB,,$401.2B,,$393B,2.0
2025-04-03 18:00:00+05:30,Initial Jobless ClaimsMAR/29,219K,225K,225K,226.0K,2.0
2025-04-03 18:00:00+05:30,Balance of TradeFEB,,$-131.4B,$-123B,$-122B,2.0
2025-04-03 18:00:00+05:30,Balance of TradeFEB,$-122.7B,$-130.7B,$-123.5B,$-122B,2.0
2025-04-03 18:00:00+05:30,ImportsFEB,$401.1B,$401.2B,,$393B,2.0
2025-04-03 18:00:00+05:30,Jobless Claims 4-week AverageMAR/29,,224K,,227.0K,3.0
2025-04-03 18:00:00+05:30,Continuing Jobless ClaimsMAR/22,1903K,1847K,1860K,1860.0K,3.0
2025-04-03 18:00:00+05:30,Jobless Claims 4-week AverageMAR/29,223K,224.25K,,227.0K,3.0
2025-04-03 18:00:00+05:30,ExportsFEB,,$269.8B,,$271B,2.0
2025-04-03 19:15:00+05:30,S&P Global Composite PMI FinalMAR,53.5,51.6,53.5,53.5,3.0
2025-04-03 19:15:00+05:30,S&P Global Services PMI FinalMAR,,51,54.3,54.3,3.0
2025-04-03 19:15:00+05:30,S&P Global Services PMI FinalMAR,54.4,51,54.3,54.3,3.0
2025-04-03 19:15:00+05:30,S&P Global Composite PMI FinalMAR,,51.6,53.5,53.5,3.0
2025-04-03 19:30:00+05:30,ISM Services New OrdersMAR,50.4,52.2,,52,3.0
2025-04-03 19:30:00+05:30,ISM Services PMIMAR,50.8,53.5,53,53,1.0
2025-04-03 19:30:00+05:30,ISM Services PricesMAR,60.9,62.6,,64,3.0
2025-04-03 19:30:00+05:30,ISM Services EmploymentMAR,,53.9,,53,3.0
2025-04-03 19:30:00+05:30,ISM Services Business ActivityMAR,,54.4,,54,3.0
2025-04-03 19:30:00+05:30,ISM Services PricesMAR,,62.6,,64,3.0
2025-04-03 19:30:00+05:30,ISM Services EmploymentMAR,46.2,53.9,,53,3.0
2025-04-03 19:30:00+05:30,ISM Services New OrdersMAR,,52.2,,52,3.0
2025-04-03 19:30:00+05:30,ISM Services PMIMAR,,53.5,53,53,1.0
2025-04-03 19:30:00+05:30,ISM Services Business ActivityMAR,55.9,54.4,,54,3.0
2025-04-03 20:00:00+05:30,EIA Natural Gas Stocks ChangeMAR/28,29Bcf,37Bcf,27Bcf,,3.0
2025-04-03 20:00:00+05:30,EIA Natural Gas Stocks ChangeMAR/28,,37Bcf,,,3.0
2025-04-03 21:00:00+05:30,8-Week Bill Auction,4.240%,4.245%,,,3.0
2025-04-03 21:00:00+05:30,8-Week Bill Auction,,4.245%,,,3.0
2025-04-03 21:00:00+05:30,4-Week Bill Auction,,4.220%,,,3.0
2025-04-03 21:00:00+05:30,4-Week Bill Auction,4.240%,4.220%,,,3.0
2025-04-03 21:30:00+05:30,30-Year Mortgage RateAPR/03,6.64%,6.65%,,,3.0
2025-04-03 21:30:00+05:30,15-Year Mortgage RateAPR/03,,5.89%,,,3.0
2025-04-03 21:30:00+05:30,30-Year Mortgage RateAPR/03,,6.65%,,,3.0
2025-04-03 21:30:00+05:30,15-Year Mortgage RateAPR/03,5.82%,5.89%,,,3.0
2025-04-03 22:00:00+05:30,Reciprocal Tariff Plan Announcement,,,,,2.0
2025-04-03 22:00:00+05:30,Fed Jefferson Speech,,,,,2.0
2025-04-04 00:00:00+05:30,Fed Cook Speech,,,,,2.0
2025-04-04 02:00:00+05:30,Fed Balance SheetAPR/02,,$6.74T,,,3.0
2025-04-04 02:00:00+05:30,Fed Balance SheetAPR/02,$6.72T,$6.74T,,,3.0
2025-04-04 18:00:00+05:30,Government PayrollsMAR,,11K,,-5.0K,3.0
2025-04-04 18:00:00+05:30,Unemployment RateMAR,4.2%,4.1%,4.1%,4.2%,1.0
2025-04-04 18:00:00+05:30,Manufacturing PayrollsMAR,1K,8K,4K,1.0K,3.0
2025-04-04 18:00:00+05:30,Participation RateMAR,,62.4%,,62.4%,2.0
2025-04-04 18:00:00+05:30,Manufacturing PayrollsMAR,,10K,4K,1.0K,3.0
2025-04-04 18:00:00+05:30,Nonfarm Payrolls PrivateMAR,209K,116K,127K,105.0K,3.0
2025-04-04 18:00:00+05:30,Average Weekly HoursMAR,,34.1,34.2,34.2,3.0
2025-04-04 18:00:00+05:30,Non Farm PayrollsMAR,228K,117K,135K,100.0K,1.0
2025-04-04 18:00:00+05:30,Government PayrollsMAR,19K,1K,,-5.0K,3.0
2025-04-04 18:00:00+05:30,Unemployment RateMAR,,4.1%,4.2%,4.2%,1.0
2025-04-04 18:00:00+05:30,Average Hourly Earnings MoMMAR,,0.3%,0.3%,0.3%,2.0
2025-04-04 18:00:00+05:30,U-6 Unemployment RateMAR,7.9%,8%,,8.1%,3.0
2025-04-04 18:00:00+05:30,Average Hourly Earnings YoYMAR,,4%,3.9%,4.0%,2.0
2025-04-04 18:00:00+05:30,Average Hourly Earnings YoYMAR,3.8%,4%,3.9%,4.0%,2.0
2025-04-04 18:00:00+05:30,Nonfarm Payrolls PrivateMAR,,140K,127K,105.0K,3.0
2025-04-04 18:00:00+05:30,Average Hourly Earnings MoMMAR,0.3%,0.2%,0.3%,0.3%,2.0
2025-04-04 18:00:00+05:30,Non Farm PayrollsMAR,,151K,135K,100.0K,1.0
2025-04-04 18:00:00+05:30,U-6 Unemployment RateMAR,,8%,,8.1%,3.0
2025-04-04 18:00:00+05:30,Average Weekly HoursMAR,34.2,34.2,34.2,34.2,3.0
2025-04-04 18:00:00+05:30,Participation RateMAR,62.5%,62.4%,,62.4%,2.0
2025-04-04 20:55:00+05:30,Fed Chair Powell Speech,,,,,1.0
2025-04-04 21:30:00+05:30,Fed Barr Speech,,,,,2.0
2025-04-04 22:15:00+05:30,Fed Waller Speech,,,,,2.0
2025-04-04 22:30:00+05:30,Baker Hughes Total Rigs CountAPR/04,590,592,,,3.0
2025-04-04 22:30:00+05:30,Baker Hughes Total Rigs CountAPR/04,,592,,,3.0
2025-04-04 22:30:00+05:30,Baker Hughes Oil Rig CountAPR/04,489,484,483,,3.0
2025-04-04 22:30:00+05:30,Baker Hughes Oil Rig CountAPR/04,,484,483,,3.0
2025-04-07 19:15:00+05:30,Used Car Prices YoYMAR,-0.2%,0.1%,,,3.0
2025-04-07 19:15:00+05:30,Used Car Prices MoMMAR,-0.7%,-0.7%,,,3.0
2025-04-07 20:00:00+05:30,Fed Kugler Speech,,,,,2.0
2025-04-07 21:00:00+05:30,6-Month Bill Auction,,4.070%,,,3.0
2025-04-07 21:00:00+05:30,3-Month Bill Auction,4.175%,4.205%,,,3.0
2025-04-07 21:00:00+05:30,6-Month Bill Auction,4.000%,4.070%,,,3.0
2025-04-07 21:00:00+05:30,3-Month Bill Auction,,4.205%,,,3.0
2025-04-07 21:00:00+05:30,Used Car Prices MoMMAR,,-0.7%,,,3.0
2025-04-07 21:00:00+05:30,Used Car Prices YoYMAR,,0.1%,,,3.0
2025-04-08 00:30:00+05:30,Consumer Credit ChangeFEB,,$18.08B,$15.2B,$15.0B,3.0
2025-04-08 00:30:00+05:30,Consumer Credit ChangeFEB,$-0.81B,$8.9B,$15.2B,$15.0B,3.0
2025-04-08 15:30:00+05:30,NFIB Business Optimism IndexMAR,,100.7,101.3,100,3.0
2025-04-08 15:30:00+05:30,NFIB Business Optimism IndexMAR,97.4,100.7,101.3,100,3.0
2025-04-08 18:25:00+05:30,Redbook YoYAPR/05,7.2%,4.8%,,,3.0
2025-04-08 18:25:00+05:30,Redbook YoYAPR/05,,4.8%,,,3.0
2025-04-08 22:30:00+05:30,3-Year Note Auction,,3.908%,,,3.0
2025-04-08 22:30:00+05:30,3-Year Note Auction,3.784%,3.908%,,,3.0
2025-04-08 23:30:00+05:30,Fed Daly Speech,,,,,2.0
2025-04-09 02:00:00+05:30,API Crude Oil Stock ChangeAPR/04,,6.037M,,,2.0
2025-04-09 02:00:00+05:30,API Crude Oil Stock ChangeAPR/04,-1.057M,6.037M,,,2.0
2025-04-09 16:30:00+05:30,MBA 30-Year Mortgage RateAPR/04,6.61%,6.7%,,,2.0
2025-04-09 16:30:00+05:30,MBA Mortgage ApplicationsAPR/04,,-1.6%,,,3.0
2025-04-09 16:30:00+05:30,MBA Mortgage Refinance IndexAPR/04,,710.4,,,3.0
2025-04-09 16:30:00+05:30,MBA Mortgage Market IndexAPR/04,292.3,243.6,,,3.0
2025-04-09 16:30:00+05:30,MBA Mortgage ApplicationsAPR/04,20%,-1.6%,,,3.0
2025-04-09 16:30:00+05:30,MBA Purchase IndexAPR/04,172.7,158.2,,,3.0
2025-04-09 16:30:00+05:30,MBA Mortgage Market IndexAPR/04,,243.6,,,3.0
2025-04-09 16:30:00+05:30,MBA Mortgage Refinance IndexAPR/04,961.4,710.4,,,3.0
2025-04-09 16:30:00+05:30,MBA Purchase IndexAPR/04,,158.2,,,3.0
2025-04-09 16:30:00+05:30,MBA 30-Year Mortgage RateAPR/04,,6.7%,,,2.0
2025-04-09 19:30:00+05:30,Wholesale Inventories MoMFEB,0.3%,0.8%,0.3%,0.3%,3.0
2025-04-09 19:30:00+05:30,Wholesale Inventories MoMFEB,,0.8%,0.3%,0.3%,3.0
2025-04-09 20:00:00+05:30,EIA Cushing Crude Oil Stocks ChangeAPR/04,0.681M,2.373M,,,3.0
2025-04-09 20:00:00+05:30,EIA Gasoline Stocks ChangeAPR/04,-1.6M,-1.551M,-1.7M,,2.0
2025-04-09 20:00:00+05:30,EIA Crude Oil Imports ChangeAPR/04,,0.999M,,,3.0
2025-04-09 20:00:00+05:30,EIA Gasoline Stocks ChangeAPR/04,,-1.551M,,,2.0
2025-04-09 20:00:00+05:30,EIA Distillate Stocks ChangeAPR/04,-3.544M,0.264M,0.2M,,3.0
2025-04-09 20:00:00+05:30,EIA Distillate Stocks ChangeAPR/04,,0.264M,0.2M,,3.0
2025-04-09 20:00:00+05:30,EIA Crude Oil Imports ChangeAPR/04,0.36M,0.999M,,,3.0
2025-04-09 20:00:00+05:30,EIA Refinery Crude Runs ChangeAPR/04,,-0.192M,,,3.0
2025-04-09 20:00:00+05:30,EIA Crude Oil Stocks ChangeAPR/04,2.553M,6.165M,2.2M,,2.0
2025-04-09 20:00:00+05:30,EIA Refinery Crude Runs ChangeAPR/04,0.069M,-0.192M,,,3.0
2025-04-09 20:00:00+05:30,EIA Crude Oil Stocks ChangeAPR/04,,6.165M,2.2M,,2.0
2025-04-09 20:00:00+05:30,EIA Distillate Fuel Production ChangeAPR/04,,0.164M,,,3.0
2025-04-09 20:00:00+05:30,EIA Heating Oil Stocks ChangeAPR/04,,0.209M,,,3.0
2025-04-09 20:00:00+05:30,EIA Gasoline Production ChangeAPR/04,-0.338M,0.062M,,,3.0
2025-04-09 20:00:00+05:30,EIA Heating Oil Stocks ChangeAPR/04,-0.02M,0.209M,,,3.0
2025-04-09 20:00:00+05:30,EIA Distillate Fuel Production ChangeAPR/04,-0.019M,0.164M,,,3.0
2025-04-09 20:00:00+05:30,EIA Cushing Crude Oil Stocks ChangeAPR/04,,2.373M,,,3.0
2025-04-09 20:00:00+05:30,EIA Gasoline Production ChangeAPR/04,,0.062M,,,3.0
2025-04-09 21:00:00+05:30,17-Week Bill Auction,4.250%,4.200%,,,3.0
2025-04-09 21:00:00+05:30,17-Week Bill Auction,,4.200%,,,3.0
2025-04-09 22:00:00+05:30,Fed Barkin Speech,,,,,2.0
2025-04-09 22:30:00+05:30,10-Year Note Auction,4.435%,4.310%,,,3.0
2025-04-09 22:30:00+05:30,10-Year Note Auction,,4.310%,,,3.0
2025-04-09 23:30:00+05:30,FOMC Minutes,,,,,1.0
2025-04-10 18:00:00+05:30,CPIMAR,319.799,319.082,320.17,320.1,2.0
2025-04-10 18:00:00+05:30,Core Inflation Rate MoMMAR,,0.2%,0.3%,0.3%,1.0
2025-04-10 18:00:00+05:30,Initial Jobless ClaimsAPR/05,223K,219K,223K,226.0K,2.0
2025-04-10 18:00:00+05:30,Inflation Rate MoMMAR,,0.2%,0.1%,0.1%,1.0
2025-04-10 18:00:00+05:30,Continuing Jobless ClaimsMAR/29,1850K,1893K,1880K,1915.0K,3.0
2025-04-10 18:00:00+05:30,CPIMAR,,319.082,320.17,320.1,2.0
2025-04-10 18:00:00+05:30,Initial Jobless ClaimsAPR/05,,219K,224K,226.0K,2.0
2025-04-10 18:00:00+05:30,Inflation Rate YoYMAR,,2.8%,2.6%,2.5%,1.0
2025-04-10 18:00:00+05:30,Core Inflation Rate MoMMAR,0.1%,0.2%,0.3%,0.3%,1.0
2025-04-10 18:00:00+05:30,Core Inflation Rate YoYMAR,,3.1%,3%,3.0%,1.0
2025-04-10 18:00:00+05:30,CPI s.aMAR,319.615,319.775,,320.1,2.0
2025-04-10 18:00:00+05:30,Jobless Claims 4-week AverageAPR/05,,223K,,226.0K,3.0
2025-04-10 18:00:00+05:30,Inflation Rate MoMMAR,-0.1%,0.2%,0.1%,0.1%,1.0
2025-04-10 18:00:00+05:30,Core Inflation Rate YoYMAR,2.8%,3.1%,3%,3.0%,1.0
2025-04-10 18:00:00+05:30,Jobless Claims 4-week AverageAPR/05,223K,223K,,226.0K,3.0
2025-04-10 18:00:00+05:30,Continuing Jobless ClaimsMAR/29,,1903K,,1915.0K,3.0
2025-04-10 18:00:00+05:30,Inflation Rate YoYMAR,2.4%,2.8%,2.6%,2.5%,1.0
2025-04-10 18:00:00+05:30,CPI s.aMAR,,319.775,,320.1,2.0
2025-04-10 19:00:00+05:30,Fed Logan Speech,,,,,2.0
2025-04-10 20:00:00+05:30,EIA Natural Gas Stocks ChangeAPR/04,,29Bcf,60Bcf,,3.0
2025-04-10 20:00:00+05:30,EIA Natural Gas Stocks ChangeAPR/04,57Bcf,29Bcf,60Bcf,,3.0
2025-04-10 21:00:00+05:30,4-Week Bill Auction,4.245%,4.24%,,,3.0
2025-04-10 21:00:00+05:30,8-Week Bill Auction,4.235%,4.240%,,,3.0
2025-04-10 21:00:00+05:30,8-Week Bill Auction,,4.240%,,,3.0
2025-04-10 21:00:00+05:30,4-Week Bill Auction,,4.240%,,,3.0
2025-04-10 21:30:00+05:30,30-Year Mortgage RateAPR/10,6.62%,6.64%,,,3.0
2025-04-10 21:30:00+05:30,15-Year Mortgage RateAPR/10,5.82%,5.82%,,,3.0
2025-04-10 21:30:00+05:30,30-Year Mortgage RateAPR/10,,6.64%,,,3.0
2025-04-10 21:30:00+05:30,15-Year Mortgage RateAPR/10,,5.82%,,,3.0
2025-04-10 21:30:00+05:30,Fed Goolsbee Speech,,,,,2.0
2025-04-10 21:30:00+05:30,WASDE Report,,,,,3.0
2025-04-10 22:30:00+05:30,30-Year Bond Auction,,4.623%,,,3.0
2025-04-10 22:30:00+05:30,30-Year Bond Auction,4.813%,4.623%,,,3.0
2025-04-10 23:30:00+05:30,Monthly Budget StatementMAR,,$-307B,$-236.6B,$-315.6B,2.0
2025-04-10 23:30:00+05:30,Monthly Budget StatementMAR,$-161B,$-307B,$-236.6B,$-315.6B,2.0
2025-04-11 02:00:00+05:30,Fed Balance SheetAPR/09,$6.73T,$6.72T,,,3.0
2025-04-11 02:00:00+05:30,Fed Balance SheetAPR/09,,$6.72T,,,3.0
2025-04-11 17:30:00+05:30,Fed Kashkari Speech,,,,,2.0
2025-04-11 18:00:00+05:30,Core PPI MoMMAR,-0.1%,0.1%,0.3%,0.2%,2.0
2025-04-11 18:00:00+05:30,Core PPI MoMMAR,,-0.1%,0.3%,0.2%,2.0
2025-04-11 18:00:00+05:30,Core PPI YoYMAR,3.3%,3.5%,3.6%,3.5%,3.0
2025-04-11 18:00:00+05:30,"PPI Ex Food, Energy and Trade YoYMAR",,3.3%,,3.3%,3.0
2025-04-11 18:00:00+05:30,PPI YoYMAR,,3.2%,3.3%,3.3%,3.0
2025-04-11 18:00:00+05:30,"PPI Ex Food, Energy and Trade MoMMAR",,0.2%,,0.1%,3.0
2025-04-11 18:00:00+05:30,Core PPI YoYMAR,,3.4%,3.6%,3.5%,3.0
2025-04-11 18:00:00+05:30,PPI MoMMAR,,0%,0.1%,0.1%,1.0
2025-04-11 18:00:00+05:30,PPI YoYMAR,2.7%,3.2%,3.3%,3.3%,3.0
2025-04-11 18:00:00+05:30,PPI MoMMAR,-0.4%,0.1%,0.2%,0.1%,1.0
2025-04-11 18:00:00+05:30,PPIMAR,147.464,148.045,,148.1,3.0
2025-04-11 18:00:00+05:30,"PPI Ex Food, Energy and Trade YoYMAR",3.4%,3.5%,,3.3%,3.0
2025-04-11 18:00:00+05:30,"PPI Ex Food, Energy and Trade MoMMAR",0.1%,0.4%,,0.1%,3.0
2025-04-11 18:00:00+05:30,PPIMAR,,147.953,,148.1,3.0
2025-04-11 18:30:00+05:30,Fed Collins Speech,,,,,2.0
2025-04-11 19:30:00+05:30,Michigan Inflation Expectations PrelAPR,6.7%,5%,,5%,3.0
2025-04-11 19:30:00+05:30,Michigan Consumer Expectations PrelAPR,47.2,52.6,50.8,50.3,3.0
2025-04-11 19:30:00+05:30,Michigan Consumer Sentiment PrelAPR,,57.0,54.5,54.4,1.0
2025-04-11 19:30:00+05:30,Michigan Inflation Expectations PrelAPR,,5%,,5%,3.0
2025-04-11 19:30:00+05:30,Michigan Current Conditions PrelAPR,,63.8,61.5,61.4,3.0
2025-04-11 19:30:00+05:30,Fed Musalem Speech,,,,,2.0
2025-04-11 19:30:00+05:30,Michigan Consumer Expectations PrelAPR,,52.6,50.8,50.3,3.0
2025-04-11 19:30:00+05:30,Michigan 5 Year Inflation Expectations PrelAPR,4.4%,4.1%,,4.1%,3.0
2025-04-11 19:30:00+05:30,Michigan Current Conditions PrelAPR,56.5,63.8,61.5,61.4,3.0
2025-04-11 19:30:00+05:30,Michigan 5 Year Inflation Expectations PrelAPR,,4.1%,,4.1%,3.0
2025-04-11 19:30:00+05:30,Michigan Consumer Sentiment PrelAPR,50.8,57.0,54.5,54.4,1.0
2025-04-11 20:30:00+05:30,Fed Williams Speech,,,,,2.0
2025-04-11 22:30:00+05:30,Baker Hughes Total Rigs CountAPR/11,,590,,,3.0
2025-04-11 22:30:00+05:30,Baker Hughes Oil Rig CountAPR/11,480,489,,,3.0
2025-04-11 22:30:00+05:30,Baker Hughes Oil Rig CountAPR/11,,489,,,3.0
2025-04-11 22:30:00+05:30,Baker Hughes Total Rigs CountAPR/11,583,590,,,3.0
2025-04-14 20:30:00+05:30,Consumer Inflation ExpectationsMAR,,3.1%,,3.3%,3.0
2025-04-14 20:30:00+05:30,Consumer Inflation ExpectationsMAR,3.6%,3.1%,,3.3%,3.0
2025-04-14 21:00:00+05:30,6-Month Bill Auction,4.060%,4.000%,,,3.0
2025-04-14 21:00:00+05:30,3-Month Bill Auction,,4.175%,,,3.0
2025-04-14 21:00:00+05:30,6-Month Bill Auction,,4.000%,,,3.0
2025-04-14 21:00:00+05:30,3-Month Bill Auction,4.225%,4.175%,,,3.0
2025-04-14 21:30:00+05:30,Fed Barkin Speech,,,,,2.0
2025-04-14 22:30:00+05:30,Fed Waller Speech,,,,,2.0
2025-04-15 03:30:00+05:30,Fed Harker Speech,,,,,2.0
2025-04-15 05:10:00+05:30,Fed Bostic Speech,,,,,2.0
2025-04-15 18:00:00+05:30,Import Prices MoMMAR,-0.1%,0.2%,0%,0.1%,2.0
2025-04-15 18:00:00+05:30,Export Prices MoMMAR,,0.1%,0.1%,0.2%,2.0
2025-04-15 18:00:00+05:30,Export Prices YoYMAR,2.4%,2.6%,,2.5%,3.0
2025-04-15 18:00:00+05:30,NY Empire State Manufacturing IndexAPR,-8.10,-20.00,-14.5,-18,2.0
2025-04-15 18:00:00+05:30,Export Prices MoMMAR,0%,0.5%,0%,0.2%,2.0
2025-04-15 18:00:00+05:30,Import Prices MoMMAR,,0.4%,0%,0.1%,2.0
2025-04-15 18:00:00+05:30,NY Empire State Manufacturing IndexAPR,,-20,-14.5,-18,2.0
2025-04-15 18:00:00+05:30,Import Prices YoYMAR,0.9%,1.6%,,2.4%,3.0
2025-04-15 18:00:00+05:30,Import Prices YoYMAR,,2.0%,,2.4%,3.0
2025-04-15 18:00:00+05:30,Export Prices YoYMAR,,2.1%,,2.5%,3.0
2025-04-15 18:25:00+05:30,Redbook YoYAPR/12,6.6%,7.2%,,,3.0
2025-04-15 18:25:00+05:30,Redbook YoYAPR/12,,7.2%,,,3.0
2025-04-15 21:00:00+05:30,52-Week Bill Auction,3.820%,3.945%,,,3.0
2025-04-15 21:00:00+05:30,52-Week Bill Auction,,3.945%,,,3.0
2025-04-15 21:05:00+05:30,Fed Barkin Speech,,,,,2.0
2025-04-15 21:30:00+05:30,NOPA Crush Report,,,,,3.0
2025-04-16 02:00:00+05:30,API Crude Oil Stock ChangeAPR/11,,-1.057M,,,2.0
2025-04-16 02:00:00+05:30,API Crude Oil Stock ChangeAPR/11,2.4M,-1.057M,-1.68M,,2.0
2025-04-16 04:40:00+05:30,Fed Cook Speech,,,,,2.0
2025-04-16 16:30:00+05:30,MBA Mortgage Refinance IndexAPR/11,,961.4,,,3.0
2025-04-16 16:30:00+05:30,MBA Purchase IndexAPR/11,,172.7,,,3.0
2025-04-16 16:30:00+05:30,MBA 30-Year Mortgage RateAPR/11,,6.61%,,,2.0
2025-04-16 16:30:00+05:30,MBA Purchase IndexAPR/11,164.2,172.7,,,3.0
2025-04-16 16:30:00+05:30,MBA Mortgage Market IndexAPR/11,267.5,292.3,,,3.0
2025-04-16 16:30:00+05:30,MBA Mortgage Refinance IndexAPR/11,841.9,961.4,,,3.0
2025-04-16 16:30:00+05:30,MBA 30-Year Mortgage RateAPR/11,6.81%,6.61%,,,2.0
2025-04-16 16:30:00+05:30,MBA Mortgage Market IndexAPR/11,,292.3,,,3.0
2025-04-16 16:30:00+05:30,MBA Mortgage ApplicationsAPR/11,,20%,,,3.0
2025-04-16 16:30:00+05:30,MBA Mortgage ApplicationsAPR/11,-8.5%,20%,,,3.0
2025-04-16 18:00:00+05:30,Retail Sales YoYMAR,,3.1%,,2.6%,3.0
2025-04-16 18:00:00+05:30,Retail Sales Control Group MoMMAR,,1%,,0.2%,2.0
2025-04-16 18:00:00+05:30,Retail Sales Ex Gas/Autos MoMMAR,0.8%,0.8%,,0.3%,3.0
2025-04-16 18:00:00+05:30,Retail Sales Ex Autos MoMMAR,,0.3%,0.2%,0.1%,2.0
2025-04-16 18:00:00+05:30,Retail Sales MoMMAR,,0.2%,1.4%,1.1%,1.0
2025-04-16 18:00:00+05:30,Retail Sales Ex Gas/Autos MoMMAR,,0.5%,,0.3%,3.0
2025-04-16 18:00:00+05:30,Retail Sales Control Group MoMMAR,0.4%,1.3%,0.6%,0.3%,2.0
2025-04-16 18:00:00+05:30,Retail Sales MoMMAR,1.4%,0.2%,1.3%,1.1%,1.0
2025-04-16 18:00:00+05:30,Retail Sales YoYMAR,4.6%,3.5%,,2.6%,3.0
2025-04-16 18:00:00+05:30,Retail Sales Ex Autos MoMMAR,0.5%,0.7%,0.3%,0.1%,2.0
2025-04-16 18:45:00+05:30,Industrial Production YoYMAR,,1.4%,,1.2%,3.0
2025-04-16 18:45:00+05:30,Capacity UtilizationMAR,,78.2%,77.9%,78.0%,3.0
2025-04-16 18:45:00+05:30,Manufacturing Production YoYMAR,,0.7%,,2.4%,3.0
2025-04-16 18:45:00+05:30,Industrial Production YoYMAR,1.3%,1.5%,,1.2%,3.0
2025-04-16 18:45:00+05:30,Capacity UtilizationMAR,77.8%,78.2%,78%,78.0%,3.0
2025-04-16 18:45:00+05:30,Manufacturing Production YoYMAR,1%,0.8%,,2.4%,3.0
2025-04-16 18:45:00+05:30,Manufacturing Production MoMMAR,0.3%,1%,0.3%,-0.1%,3.0
2025-04-16 18:45:00+05:30,Industrial Production MoMMAR,,0.7%,-0.2%,-0.2%,2.0
2025-04-16 18:45:00+05:30,Industrial Production MoMMAR,-0.3%,0.8%,-0.2%,-0.2%,2.0
2025-04-16 18:45:00+05:30,Manufacturing Production MoMMAR,,0.9%,0.3%,-0.1%,3.0
2025-04-16 19:30:00+05:30,Business Inventories MoMFEB,,0.3%,0.2%,0.2%,2.0
2025-04-16 19:30:00+05:30,Retail Inventories Ex Autos MoMFEB,0.1%,0.5%,0.1%,0.2%,3.0
2025-04-16 19:30:00+05:30,Retail Inventories Ex Autos MoMFEB,,0.5%,0.1%,0.2%,3.0
2025-04-16 19:30:00+05:30,NAHB Housing Market IndexAPR,,39,37,38,2.0
2025-04-16 19:30:00+05:30,NAHB Housing Market IndexAPR,40,39,37,38,2.0
2025-04-16 19:30:00+05:30,Business Inventories MoMFEB,0.2%,0.3%,0.2%,0.2%,2.0
2025-04-16 20:00:00+05:30,EIA Crude Oil Imports ChangeAPR/11,,0.36M,,,3.0
2025-04-16 20:00:00+05:30,EIA Refinery Crude Runs ChangeAPR/11,,0.069M,,,3.0
2025-04-16 20:00:00+05:30,EIA Heating Oil Stocks ChangeAPR/11,0.019M,-0.02M,,,3.0
2025-04-16 20:00:00+05:30,EIA Distillate Fuel Production ChangeAPR/11,,-0.019M,,,3.0
2025-04-16 20:00:00+05:30,EIA Distillate Stocks ChangeAPR/11,-1.851M,-3.544M,-1.2M,,3.0
2025-04-16 20:00:00+05:30,EIA Heating Oil Stocks ChangeAPR/11,,-0.02M,,,3.0
2025-04-16 20:00:00+05:30,EIA Cushing Crude Oil Stocks ChangeAPR/11,-0.654M,0.681M,,,3.0
2025-04-16 20:00:00+05:30,EIA Gasoline Production ChangeAPR/11,0.466M,-0.338M,,,3.0
2025-04-16 20:00:00+05:30,EIA Crude Oil Stocks ChangeAPR/11,,2.553M,-1.68M,,2.0
2025-04-16 20:00:00+05:30,EIA Crude Oil Imports ChangeAPR/11,-2.044M,0.36M,,,3.0
2025-04-16 20:00:00+05:30,EIA Refinery Crude Runs ChangeAPR/11,-0.063M,0.069M,,,3.0
2025-04-16 20:00:00+05:30,EIA Distillate Fuel Production ChangeAPR/11,0.03M,-0.019M,,,3.0
2025-04-16 20:00:00+05:30,EIA Cushing Crude Oil Stocks ChangeAPR/11,,0.681M,,,3.0
2025-04-16 20:00:00+05:30,EIA Gasoline Stocks ChangeAPR/11,-1.958M,-1.6M,-1.6M,,2.0
2025-04-16 20:00:00+05:30,EIA Gasoline Stocks ChangeAPR/11,,-1.6M,-1.81M,,2.0
2025-04-16 20:00:00+05:30,EIA Distillate Stocks ChangeAPR/11,,-3.544M,-2M,,3.0
2025-04-16 20:00:00+05:30,EIA Crude Oil Stocks ChangeAPR/11,0.515M,2.553M,0.4M,,2.0
2025-04-16 20:00:00+05:30,EIA Gasoline Production ChangeAPR/11,,-0.338M,,,3.0
2025-04-16 21:00:00+05:30,17-Week Bill Auction,,4.250%,,,3.0
2025-04-16 21:00:00+05:30,17-Week Bill Auction,4.225%,4.250%,,,3.0
2025-04-16 21:30:00+05:30,Fed Hammack Speech,,,,,2.0
2025-04-16 22:30:00+05:30,20-Year Bond Auction,4.810%,4.632%,,,3.0
2025-04-16 22:30:00+05:30,20-Year Bond Auction,,4.632%,,,3.0
2025-04-16 23:00:00+05:30,Fed Chair Powell Speech,,,,,1.0
2025-04-17 01:30:00+05:30,Overall Net Capital FlowsFEB,,$-48.8B,,,3.0
2025-04-17 01:30:00+05:30,Net Long-term TIC FlowsFEB,$112B,$-42.2B,$35.2B,,2.0
2025-04-17 01:30:00+05:30,Net Long-term TIC FlowsFEB,,$-45.2B,$35.2B,,2.0
2025-04-17 01:30:00+05:30,Overall Net Capital FlowsFEB,$284.7B,$-46.6B,,,3.0
2025-04-17 01:30:00+05:30,Foreign Bond InvestmentFEB,,$-13.3B,,,3.0
2025-04-17 01:30:00+05:30,Foreign Bond InvestmentFEB,$106.2B,$-13.3B,,,3.0
2025-04-17 04:30:00+05:30,Fed Schmid Speech,,,,,2.0
2025-04-17 18:00:00+05:30,Philly Fed EmploymentAPR,,19.7,,,3.0
2025-04-17 18:00:00+05:30,Initial Jobless ClaimsAPR/12,215K,224K,225K,227.0K,2.0
2025-04-17 18:00:00+05:30,Philadelphia Fed Manufacturing IndexAPR,-26.4,12.5,2,10,2.0
2025-04-17 18:00:00+05:30,Housing Starts MoMMAR,-11.4%,9.8%,,-5.3%,2.0
2025-04-17 18:00:00+05:30,Housing Starts MoMMAR,,11.2%,,-5.3%,2.0
2025-04-17 18:00:00+05:30,Housing StartsMAR,,1.501M,1.42M,1.42M,1.0
2025-04-17 18:00:00+05:30,Initial Jobless ClaimsAPR/12,,223K,225K,227.0K,2.0
2025-04-17 18:00:00+05:30,Philadelphia Fed Manufacturing IndexAPR,,12.5,2,10,2.0
2025-04-17 18:00:00+05:30,Continuing Jobless ClaimsAPR/05,,1850K,,1890.0K,3.0
2025-04-17 18:00:00+05:30,Philly Fed Prices PaidAPR,51.00,48.30,,,3.0
2025-04-17 18:00:00+05:30,Philly Fed New OrdersAPR,,8.7,,,3.0
2025-04-17 18:00:00+05:30,Philly Fed CAPEX IndexAPR,2.00,13.40,,,3.0
2025-04-17 18:00:00+05:30,Philly Fed Business ConditionsAPR,,5.6,,,3.0
2025-04-17 18:00:00+05:30,Philly Fed Business ConditionsAPR,6.9,5.6,,,3.0
2025-04-17 18:00:00+05:30,Housing StartsMAR,1.324M,1.494M,1.42M,1.42M,1.0
2025-04-17 18:00:00+05:30,Continuing Jobless ClaimsAPR/05,1885K,1844K,1870K,1890.0K,3.0
2025-04-17 18:00:00+05:30,Building Permits MoM PrelMAR,1.6%,-1%,,-4%,2.0
2025-04-17 18:00:00+05:30,Building Permits PrelMAR,,1.459M,1.45M,1.4M,1.0
2025-04-17 18:00:00+05:30,Philly Fed CAPEX IndexAPR,,13.40,,,3.0
2025-04-17 18:00:00+05:30,Philly Fed New OrdersAPR,-34.2,8.7,,,3.0
2025-04-17 18:00:00+05:30,Building Permits PrelMAR,1.482M,1.459M,1.45M,1.4M,1.0
2025-04-17 18:00:00+05:30,Philly Fed Prices PaidAPR,,48.30,,,3.0
2025-04-17 18:00:00+05:30,Philly Fed EmploymentAPR,0.2,19.7,,,3.0
2025-04-17 18:00:00+05:30,Jobless Claims 4-week AverageAPR/12,220.75K,223.25K,,227.0K,3.0
2025-04-17 18:00:00+05:30,Jobless Claims 4-week AverageAPR/12,,223K,,227.0K,3.0
2025-04-17 18:00:00+05:30,Building Permits MoM PrelMAR,,-1%,,-4%,2.0
2025-04-17 19:30:00+05:30,8-Week Bill Auction,4.235%,4.235%,,,3.0
2025-04-17 19:30:00+05:30,4-Week Bill Auction,4.24%,4.245%,,,3.0
2025-04-17 20:00:00+05:30,EIA Natural Gas Stocks ChangeAPR/11,,57Bcf,24Bcf,,3.0
2025-04-17 20:00:00+05:30,EIA Natural Gas Stocks ChangeAPR/11,16Bcf,57Bcf,24Bcf,,3.0
2025-04-17 21:00:00+05:30,4-Week Bill Auction,,4.245%,,,3.0
2025-04-17 21:00:00+05:30,8-Week Bill Auction,,4.235%,,,3.0
2025-04-17 21:00:00+05:30,5-Year TIPS Auction,,2.121%,,,3.0
2025-04-17 21:00:00+05:30,5-Year TIPS Auction,1.702%,2.121%,,,3.0
2025-04-17 21:15:00+05:30,Fed Barr Speech,,,,,2.0
2025-04-17 21:30:00+05:30,15-Year Mortgage RateAPR/17,,5.82%,,,3.0
2025-04-17 21:30:00+05:30,30-Year Mortgage RateAPR/17,6.83%,6.62%,,,3.0
2025-04-17 21:30:00+05:30,15-Year Mortgage RateAPR/17,6.03%,5.82%,,,3.0
2025-04-17 21:30:00+05:30,30-Year Mortgage RateAPR/17,,6.62%,,,3.0
2025-04-17 22:30:00+05:30,Baker Hughes Total Rigs CountAPR/18,,583,,,3.0
2025-04-17 22:30:00+05:30,Baker Hughes Oil Rig CountAPR/18,481,480,,,3.0
2025-04-17 22:30:00+05:30,Baker Hughes Total Rigs CountAPR/18,585,583,,,3.0
2025-04-17 22:30:00+05:30,5-Year TIPS Auction,,2.121%,,,3.0
2025-04-17 22:30:00+05:30,Baker Hughes Oil Rig CountAPR/18,,480,,,3.0
2025-04-18 02:00:00+05:30,Fed Balance SheetAPR/16,,$6.73T,,,3.0
2025-04-18 02:05:00+05:30,Fed Balance SheetAPR/16,$6.73T,$6.73T,,,3.0
2025-04-18 02:10:00+05:30,Fed Balance SheetAPR/16,$6.73T,$6.73T,,,3.0
2025-04-18 20:30:00+05:30,Fed Daly Speech,,,,,2.0
2025-04-18 22:30:00+05:30,Baker Hughes Total Rigs CountAPR/18,,,,,3.0
2025-04-18 22:30:00+05:30,Baker Hughes Oil Rig CountAPR/18,,,,,3.0
2025-04-21 19:30:00+05:30,CB Leading Index MoMMAR,,-0.3%,-0.5%,-0.5%,3.0
2025-04-21 19:30:00+05:30,CB Leading Index MoMMAR,-0.7%,0.2%,-0.5%,-0.5%,3.0
2025-04-21 21:00:00+05:30,3-Month Bill Auction,4.225%,4.225%,,,3.0
2025-04-21 21:00:00+05:30,6-Month Bill Auction,4.050%,4.060%,,,3.0
2025-04-21 21:00:00+05:30,6-Month Bill Auction,,4.060%,,,3.0
2025-04-21 21:00:00+05:30,3-Month Bill Auction,,4.225%,,,3.0
2025-04-22 18:25:00+05:30,Redbook YoYAPR/19,7.4%,6.6%,,,3.0
2025-04-22 18:25:00+05:30,Redbook YoYAPR/19,,6.6%,,,3.0
2025-04-22 18:30:00+05:30,Fed Jefferson Speech,,,,,2.0
2025-04-22 19:00:00+05:30,Fed Harker Speech,,,,,2.0
2025-04-22 19:30:00+05:30,Richmond Fed Manufacturing Shipments IndexAPR,,-7,,-2,3.0
2025-04-22 19:30:00+05:30,Richmond Fed Services Revenues IndexAPR,,-4,,-6,3.0
2025-04-22 19:30:00+05:30,Richmond Fed Manufacturing IndexAPR,-13,-4,-6,-5,3.0
2025-04-22 19:30:00+05:30,Richmond Fed Manufacturing Shipments IndexAPR,-17,-7,,-2,3.0
2025-04-22 19:30:00+05:30,Richmond Fed Services Revenues IndexAPR,-7,-4,,-6,3.0
2025-04-22 19:30:00+05:30,Richmond Fed Manufacturing IndexAPR,,-4,-6,-5,3.0
2025-04-22 22:30:00+05:30,2-Year Note Auction,,3.984%,,,3.0
2025-04-22 22:30:00+05:30,Money SupplyMAR,,$21.67T,,,3.0
2025-04-22 22:30:00+05:30,2-Year Note Auction,3.795%,3.984%,,,3.0
2025-04-22 22:30:00+05:30,Money SupplyMAR,$21.76T,$21.67T,,,3.0
2025-04-22 23:30:00+05:30,Fed Kashkari Speech,,,,,2.0
2025-04-23 02:00:00+05:30,API Crude Oil Stock ChangeAPR/18,,2.4M,,,2.0
2025-04-23 02:00:00+05:30,API Crude Oil Stock ChangeAPR/18,-4.565M,2.4M,,,2.0
2025-04-23 03:30:00+05:30,Fed Kugler Speech,,,,,2.0
2025-04-23 16:30:00+05:30,MBA Mortgage Refinance IndexAPR/18,673.6,841.9,,,3.0
2025-04-23 16:30:00+05:30,Building Permits FinalMAR,,1.459M,,,2.0
2025-04-23 16:30:00+05:30,MBA Mortgage Market IndexAPR/18,233.5,267.5,,,3.0
2025-04-23 16:30:00+05:30,Building Permits MoM FinalMAR,,-1%,,,2.0
2025-04-23 16:30:00+05:30,MBA Mortgage ApplicationsAPR/18,-12.7%,-8.5%,,,3.0
2025-04-23 16:30:00+05:30,MBA Mortgage Refinance IndexAPR/18,,841.9,,,3.0
2025-04-23 16:30:00+05:30,MBA Purchase IndexAPR/18,153.4,164.2,,,3.0
2025-04-23 16:30:00+05:30,MBA 30-Year Mortgage RateAPR/18,,6.81%,,,2.0
2025-04-23 16:30:00+05:30,MBA Mortgage Market IndexAPR/18,,267.5,,,3.0
2025-04-23 16:30:00+05:30,MBA Purchase IndexAPR/18,,164.2,,,3.0
2025-04-23 16:30:00+05:30,MBA 30-Year Mortgage RateAPR/18,6.9%,6.81%,,,2.0
2025-04-23 16:30:00+05:30,MBA Mortgage ApplicationsAPR/18,,-8.5%,,,3.0
2025-04-23 17:00:00+05:30,Building Permits FinalMAR,1.467M,1.459M,1.482M,1.482M,3.0
2025-04-23 17:00:00+05:30,Building Permits MoM FinalMAR,0.5%,-1%,1.6%,1.6%,3.0
2025-04-23 18:30:00+05:30,Building Permits FinalMAR,,1.459M,,,2.0
2025-04-23 18:30:00+05:30,Fed Goolsbee Speech,,,,,2.0
2025-04-23 18:30:00+05:30,Building Permits MoM FinalMAR,,-1%,,,2.0
2025-04-23 18:30:00+05:30,Fed Beth Speech,,,,,2.0
2025-04-23 19:05:00+05:30,Fed Waller Speech,,,,,2.0
2025-04-23 19:15:00+05:30,S&P Global Manufacturing PMI FlashAPR,50.7,50.2,49.1,49.5,2.0
2025-04-23 19:15:00+05:30,S&P Global Manufacturing PMI FlashAPR,,50.2,49.1,49.5,2.0
2025-04-23 19:15:00+05:30,S&P Global Services PMI FlashAPR,51.4,54.4,52.5,52,2.0
2025-04-23 19:15:00+05:30,S&P Global Services PMI FlashAPR,,54.4,52.5,52,2.0
2025-04-23 19:15:00+05:30,S&P Global Composite PMI FlashAPR,,53.5,,51,2.0
2025-04-23 19:15:00+05:30,S&P Global Composite PMI FlashAPR,51.2,53.5,,51,2.0
2025-04-23 19:30:00+05:30,New Home Sales MoMMAR,,1.8%,,0.2%,2.0
2025-04-23 19:30:00+05:30,New Home SalesMAR,0.724M,0.674M,0.68M,0.68M,2.0
2025-04-23 19:30:00+05:30,New Home Sales MoMMAR,7.4%,3.1%,,0.2%,2.0
2025-04-23 19:30:00+05:30,New Home SalesMAR,,0.676M,0.68M,0.68M,2.0
2025-04-23 20:00:00+05:30,EIA Crude Oil Stocks ChangeAPR/18,,0.515M,,,2.0
2025-04-23 20:00:00+05:30,EIA Distillate Stocks ChangeAPR/18,-2.353M,-1.851M,-0.1M,,3.0
2025-04-23 20:00:00+05:30,EIA Cushing Crude Oil Stocks ChangeAPR/18,-0.086M,-0.654M,,,3.0
2025-04-23 20:00:00+05:30,EIA Gasoline Production ChangeAPR/18,,0.466M,,,3.0
2025-04-23 20:00:00+05:30,EIA Refinery Crude Runs ChangeAPR/18,,-0.063M,,,3.0
2025-04-23 20:00:00+05:30,EIA Gasoline Stocks ChangeAPR/18,,-1.958M,,,2.0
2025-04-23 20:00:00+05:30,EIA Crude Oil Stocks ChangeAPR/18,0.244M,0.515M,-0.7M,,2.0
2025-04-23 20:00:00+05:30,EIA Cushing Crude Oil Stocks ChangeAPR/18,,-0.654M,,,3.0
2025-04-23 20:00:00+05:30,EIA Gasoline Production ChangeAPR/18,0.661M,0.466M,,,3.0
2025-04-23 20:00:00+05:30,EIA Gasoline Stocks ChangeAPR/18,-4.476M,-1.958M,-1.15M,,2.0
2025-04-23 20:00:00+05:30,EIA Crude Oil Imports ChangeAPR/18,1.139M,-2.044M,,,3.0
2025-04-23 20:00:00+05:30,EIA Distillate Stocks ChangeAPR/18,,-1.851M,-0.1M,,3.0
2025-04-23 20:00:00+05:30,EIA Distillate Fuel Production ChangeAPR/18,,0.03M,,,3.0
2025-04-23 20:00:00+05:30,EIA Crude Oil Imports ChangeAPR/18,,-2.044M,,,3.0
2025-04-23 20:00:00+05:30,Building Permits FinalMAR,,1.459M,,,3.0
2025-04-23 20:00:00+05:30,EIA Distillate Fuel Production ChangeAPR/18,-0.062M,0.03M,,,3.0
2025-04-23 20:00:00+05:30,EIA Heating Oil Stocks ChangeAPR/18,,0.019M,,,3.0
2025-04-23 20:00:00+05:30,EIA Heating Oil Stocks ChangeAPR/18,-0.021M,0.019M,,,3.0
2025-04-23 20:00:00+05:30,EIA Refinery Crude Runs ChangeAPR/18,0.325M,-0.063M,,,3.0
2025-04-23 20:00:00+05:30,Building Permits MoM FinalMAR,,-1%,,,3.0
2025-04-23 21:00:00+05:30,Building Permits FinalMAR,,1.459M,,,3.0
2025-04-23 21:00:00+05:30,2-Year FRN Auction,0.160%,0.105%,,,3.0
2025-04-23 21:00:00+05:30,17-Week Bill Auction,4.210%,4.225%,,,3.0
2025-04-23 21:00:00+05:30,2-Year FRN Auction,,0.105%,,,3.0
2025-04-23 21:00:00+05:30,17-Week Bill Auction,,4.225%,,,3.0
2025-04-23 21:00:00+05:30,Building Permits MoM FinalMAR,,-1%,,,3.0
2025-04-23 22:30:00+05:30,Building Permits MoM FinalMAR,,-1%,,,3.0
2025-04-23 22:30:00+05:30,2-Year FRN Auction,,0.105%,,,3.0
2025-04-23 22:30:00+05:30,5-Year Note Auction,3.995%,4.100%,,,3.0
2025-04-23 22:30:00+05:30,Building Permits FinalMAR,,1.459M,,,3.0
2025-04-23 22:30:00+05:30,5-Year Note Auction,,4.100%,,,3.0
2025-04-23 23:30:00+05:30,Fed Beige Book,,,,,3.0
2025-04-23 23:30:00+05:30,Building Permits MoM FinalMAR,,-1%,1.6%,1.6%,3.0
2025-04-23 23:30:00+05:30,2-Year FRN Auction,,0.105%,,,3.0
2025-04-23 23:30:00+05:30,Building Permits FinalMAR,,1.459M,1.482M,1.482M,3.0
2025-04-23 23:30:00+05:30,17-Week Bill Auction,,4.225%,,,3.0
2025-04-24 18:00:00+05:30,Chicago Fed National Activity IndexMAR,-0.03,0.24,,0.11,2.0
2025-04-24 18:00:00+05:30,Initial Jobless ClaimsAPR/19,,215K,221K,218.0K,2.0
2025-04-24 18:00:00+05:30,Chicago Fed National Activity IndexMAR,,0.18,,0.11,2.0
2025-04-24 18:00:00+05:30,Durable Goods Orders ex Defense MoMMAR,10.4%,0.8%,0.2%,0.1%,3.0
2025-04-24 18:00:00+05:30,Durable Goods Orders Ex Transp MoMMAR,,0.7%,0.2%,0.1%,2.0
2025-04-24 18:00:00+05:30,Initial Jobless ClaimsAPR/19,222K,216K,222K,218.0K,2.0
2025-04-24 18:00:00+05:30,Jobless Claims 4-week AverageAPR/19,220.25K,221K,,222.0K,3.0
2025-04-24 18:00:00+05:30,Non Defense Goods Orders Ex AirMAR,0.1%,-0.3%,0.2%,0.2%,3.0
2025-04-24 18:00:00+05:30,Jobless Claims 4-week AverageAPR/19,,220.75K,,222.0K,3.0
2025-04-24 18:00:00+05:30,Durable Goods Orders Ex Transp MoMMAR,0%,0.7%,0.3%,0.1%,2.0
2025-04-24 18:00:00+05:30,Continuing Jobless ClaimsAPR/12,,1885K,1880K,1888.0K,3.0
2025-04-24 18:00:00+05:30,Continuing Jobless ClaimsAPR/12,1841K,1878K,1880K,1888.0K,3.0
2025-04-24 18:00:00+05:30,Durable Goods Orders MoMMAR,,0.9%,2%,1.7%,1.0
2025-04-24 18:00:00+05:30,Durable Goods Orders ex Defense MoMMAR,,0.8%,0.2%,0.1%,3.0
2025-04-24 18:00:00+05:30,Durable Goods Orders MoMMAR,9.2%,0.9%,2%,1.7%,1.0
2025-04-24 18:00:00+05:30,Non Defense Goods Orders Ex AirMAR,,-0.3%,0.2%,0.2%,3.0
2025-04-24 19:30:00+05:30,Existing Home Sales MoMMAR,,4.2%,-3%,-1.9%,2.0
2025-04-24 19:30:00+05:30,Existing Home SalesMAR,4.02M,4.27M,4.13M,4.18M,1.0
2025-04-24 19:30:00+05:30,Existing Home Sales MoMMAR,-5.9%,4.4%,-3%,-1.9%,2.0
2025-04-24 19:30:00+05:30,Existing Home SalesMAR,,4.26M,4.13M,4.18M,1.0
2025-04-24 20:00:00+05:30,EIA Natural Gas Stocks ChangeAPR/18,88Bcf,16Bcf,65Bcf,,3.0
2025-04-24 20:00:00+05:30,EIA Natural Gas Stocks ChangeAPR/18,,16Bcf,65Bcf,,3.0
2025-04-24 20:30:00+05:30,Kansas Fed Composite IndexAPR,,-2,,-4,3.0
2025-04-24 20:30:00+05:30,Kansas Fed Composite IndexAPR,-4,-2,,-4,3.0
2025-04-24 20:30:00+05:30,Kansas Fed Manufacturing IndexAPR,,1,,-2,3.0
2025-04-24 20:30:00+05:30,Kansas Fed Manufacturing IndexAPR,-5,1,,-2,3.0
2025-04-24 21:00:00+05:30,4-Week Bill Auction,4.220%,4.24%,,,3.0
2025-04-24 21:00:00+05:30,8-Week Bill Auction,4.225%,4.235%,,,3.0
2025-04-24 21:00:00+05:30,4-Week Bill Auction,,4.24%,,,3.0
2025-04-24 21:00:00+05:30,8-Week Bill Auction,,4.235%,,,3.0
2025-04-24 21:30:00+05:30,15-Year Mortgage RateAPR/24,5.94%,6.03%,,,3.0
2025-04-24 21:30:00+05:30,30-Year Mortgage RateAPR/24,,6.83%,,,3.0
2025-04-24 21:30:00+05:30,15-Year Mortgage RateAPR/24,,6.03%,,,3.0
2025-04-24 21:30:00+05:30,30-Year Mortgage RateAPR/24,6.81%,6.83%,,,3.0
2025-04-24 22:30:00+05:30,7-Year Note Auction,4.123%,4.233%,,,3.0
2025-04-24 22:30:00+05:30,7-Year Note Auction,,4.233%,,,3.0
2025-04-24 22:30:00+05:30,4-Week Bill Auction,,4.24%,,,3.0
2025-04-24 22:30:00+05:30,8-Week Bill Auction,,4.235%,,,3.0
2025-04-25 02:00:00+05:30,Fed Balance SheetAPR/23,,$6.73T,,,3.0
2025-04-25 02:00:00+05:30,Fed Balance SheetAPR/23,$6.73T,$6.73T,,,3.0
2025-04-25 02:30:00+05:30,Fed Kashkari Speech,,,,,2.0
2025-04-25 19:30:00+05:30,Michigan Current Conditions FinalAPR,59.8,63.8,56.5,56.5,3.0
2025-04-25 19:30:00+05:30,Michigan Consumer Sentiment FinalAPR,52.2,57.0,50.8,50.8,2.0
2025-04-25 19:30:00+05:30,Michigan Inflation Expectations FinalAPR,6.5%,5%,6.7%,6.7%,3.0
2025-04-25 19:30:00+05:30,Michigan Consumer Expectations FinalAPR,,52.6,47.2,47.2,3.0
2025-04-25 19:30:00+05:30,Michigan Current Conditions FinalAPR,,63.8,56.5,56.5,3.0
2025-04-25 19:30:00+05:30,Michigan 5 Year Inflation Expectations FinalAPR,4.4%,4.1%,4.4%,4.4%,3.0
2025-04-25 19:30:00+05:30,Michigan Consumer Sentiment FinalAPR,,57.0,50.8,50.8,2.0
2025-04-25 19:30:00+05:30,Michigan Consumer Expectations FinalAPR,47.3,52.6,47.1,47.2,3.0
2025-04-25 19:30:00+05:30,Michigan 5 Year Inflation Expectations FinalAPR,,4.1%,4.4%,4.4%,3.0
2025-04-25 19:30:00+05:30,Michigan Inflation Expectations FinalAPR,,5%,6.7%,6.7%,3.0
2025-04-25 22:30:00+05:30,Baker Hughes Oil Rig CountAPR/25,483,481,479,,3.0
2025-04-25 22:30:00+05:30,Baker Hughes Total Rigs CountAPR/25,587,585,,,3.0
2025-04-25 22:30:00+05:30,Baker Hughes Oil Rig CountAPR/25,,481,,,3.0
2025-04-25 22:30:00+05:30,Baker Hughes Total Rigs CountAPR/25,,585,,,3.0
2025-04-28 20:00:00+05:30,Dallas Fed Manufacturing IndexAPR,-35.8,-16.3,,-15,2.0
2025-04-28 20:00:00+05:30,Dallas Fed Manufacturing IndexAPR,,-16.3,,-15,2.0
2025-04-28 21:00:00+05:30,6-Month Bill Auction,4.065%,4.05%,,,3.0
2025-04-28 21:00:00+05:30,3-Month Bill Auction,,4.225%,,,3.0
2025-04-28 21:00:00+05:30,3-Month Bill Auction,4.2%,4.225%,,,3.0
2025-04-28 21:00:00+05:30,6-Month Bill Auction,,4.050%,,,3.0
2025-04-29 00:30:00+05:30,Treasury Refunding Financing Estimates,,,,,3.0
2025-04-29 18:00:00+05:30,Retail Inventories Ex Autos MoM AdvMAR,,0.1%,,-0.2%,2.0
2025-04-29 18:00:00+05:30,Retail Inventories Ex Autos MoM AdvMAR,0.4%,0.1%,,-0.2%,2.0
2025-04-29 18:00:00+05:30,Goods Trade Balance AdvMAR,,$-147.91B,$-146B,$-140.0B,2.0
2025-04-29 18:00:00+05:30,Wholesale Inventories MoM AdvMAR,0.5%,0.5%,0.7%,0.6%,2.0
2025-04-29 18:00:00+05:30,Wholesale Inventories MoM AdvMAR,,0.3%,0.7%,0.6%,2.0
2025-04-29 18:00:00+05:30,Goods Trade Balance AdvMAR,$-161.99B,$-147.85B,$-146B,$-140.0B,2.0
2025-04-29 18:25:00+05:30,Redbook YoYAPR/26,6.1%,7.4%,,,3.0
2025-04-29 18:25:00+05:30,Redbook YoYAPR/26,,7.4%,,,3.0
2025-04-29 18:30:00+05:30,House Price IndexFEB,,436.5,,438.2,3.0
2025-04-29 18:30:00+05:30,House Price Index YoYFEB,,4.8%,,4%,3.0
2025-04-29 18:30:00+05:30,S&P/Case-Shiller Home Price MoMFEB,,0.1%,,0.7%,3.0
2025-04-29 18:30:00+05:30,S&P/Case-Shiller Home Price MoMFEB,0.7%,0.1%,,0.7%,3.0
2025-04-29 18:30:00+05:30,House Price IndexFEB,437.3,436.7,,438.2,3.0
2025-04-29 18:30:00+05:30,S&P/Case-Shiller Home Price YoYFEB,4.5%,4.7%,4.7%,4.7%,2.0
2025-04-29 18:30:00+05:30,House Price Index MoMFEB,,0.2%,0.3%,0.4%,3.0
2025-04-29 18:30:00+05:30,S&P/Case-Shiller Home Price YoYFEB,,4.7%,4.7%,4.7%,2.0
2025-04-29 18:30:00+05:30,JOLTs Job OpeningsMAR,,7.568M,7.48M,7.4M,3.0
2025-04-29 18:30:00+05:30,House Price Index MoMFEB,0.1%,0.3%,0.3%,0.4%,3.0
2025-04-29 18:30:00+05:30,House Price Index YoYFEB,3.9%,5%,,4%,3.0
2025-04-29 19:30:00+05:30,CB Consumer ConfidenceAPR,86.0,93.9,87.5,89,2.0
2025-04-29 19:30:00+05:30,JOLTs Job OpeningsMAR,7.192M,7.48M,7.48M,7.4M,1.0
2025-04-29 19:30:00+05:30,CB Consumer ConfidenceAPR,,92.9,87.5,89,2.0
2025-04-29 19:30:00+05:30,JOLTs Job OpeningsMAR,,7.568M,7.48M,7.4M,1.0
2025-04-29 19:30:00+05:30,JOLTs Job QuitsMAR,,3.195M,,3.19M,3.0
2025-04-29 19:30:00+05:30,JOLTs Job QuitsMAR,3.332M,3.250M,,3.19M,3.0
2025-04-29 20:00:00+05:30,Dallas Fed Services IndexAPR,-19.4,-11.3,,-9,3.0
2025-04-29 20:00:00+05:30,Dallas Fed Services Revenues IndexAPR,3.8,27.3,,1,3.0
2025-04-29 20:00:00+05:30,Dallas Fed Services Revenues IndexAPR,,1.3,,1,3.0
2025-04-29 20:00:00+05:30,Dallas Fed Services IndexAPR,,-11.3,,-9,3.0
2025-04-30 02:00:00+05:30,API Crude Oil Stock ChangeAPR/25,,-4.565M,0.39M,,2.0
2025-04-30 02:00:00+05:30,API Crude Oil Stock ChangeAPR/25,3.76M,-4.565M,0.39M,,2.0
2025-04-30 16:30:00+05:30,MBA Mortgage ApplicationsAPR/25,,-12.7%,,,3.0
2025-04-30 16:30:00+05:30,MBA Mortgage ApplicationsAPR/25,-4.2%,-12.7%,,,3.0
2025-04-30 16:30:00+05:30,MBA 30-Year Mortgage RateAPR/25,,6.9%,,,2.0
2025-04-30 16:30:00+05:30,MBA Mortgage Refinance IndexAPR/25,649.0,673.6,,,3.0
2025-04-30 16:30:00+05:30,MBA Purchase IndexAPR/25,146.6,153.4,,,3.0
2025-04-30 16:30:00+05:30,MBA Mortgage Market IndexAPR/25,223.7,233.5,,,3.0
2025-04-30 16:30:00+05:30,MBA Purchase IndexAPR/25,,153.4,,,3.0
2025-04-30 16:30:00+05:30,MBA Mortgage Refinance IndexAPR/25,,673.6,,,3.0
2025-04-30 16:30:00+05:30,MBA 30-Year Mortgage RateAPR/25,6.89%,6.9%,,,2.0
2025-04-30 16:30:00+05:30,MBA Mortgage Market IndexAPR/25,,233.5,,,3.0
2025-04-30 17:45:00+05:30,ADP Employment ChangeAPR,,155K,108K,110K,2.0
2025-04-30 17:45:00+05:30,ADP Employment ChangeAPR,62K,147K,115K,110K,2.0
2025-04-30 18:00:00+05:30,GDP Growth Rate QoQ AdvQ1,,2.4%,0.4%,0.5%,1.0
2025-04-30 18:00:00+05:30,Treasury Refunding Announcement,,,,,3.0
2025-04-30 18:00:00+05:30,Real Consumer Spending QoQ AdvQ1,,4%,,2.2%,3.0
2025-04-30 18:00:00+05:30,Employment Cost - Wages QoQQ1,,0.9%,,0.8%,2.0
2025-04-30 18:00:00+05:30,PCE Prices QoQ AdvQ1,3.6%,2.4%,,2.1%,3.0
2025-04-30 18:00:00+05:30,Personal Spending MoMMAR,,0.4%,,0.8%,1.0
2025-04-30 18:00:00+05:30,Employment Cost - Benefits QoQQ1,1.2%,0.8%,,0.8%,2.0
2025-04-30 18:00:00+05:30,Core PCE Price Index MoMMAR,,0.4%,0.1%,0.1%,1.0
2025-04-30 18:00:00+05:30,GDP Price Index QoQ AdvQ1,,2.3%,3.1%,3.0%,2.0
2025-04-30 18:00:00+05:30,GDP Sales QoQ AdvQ1,,3.3%,,0.7%,3.0
2025-04-30 18:00:00+05:30,Personal Income MoMMAR,,0.8%,,0.5%,1.0
2025-04-30 18:00:00+05:30,PCE Price Index MoMMAR,,0.3%,,0.0%,2.0
2025-04-30 18:00:00+05:30,Core PCE Price Index YoYMAR,,2.8%,,2.5%,3.0
2025-04-30 18:00:00+05:30,Employment Cost - Benefits QoQQ1,,0.8%,,0.8%,2.0
2025-04-30 18:00:00+05:30,Employment Cost Index QoQQ1,0.9%,0.9%,0.9%,0.8%,2.0
2025-04-30 18:00:00+05:30,Core PCE Prices QoQ AdvQ1,,2.6%,,2.2%,3.0
2025-04-30 18:00:00+05:30,Employment Cost - Wages QoQQ1,0.8%,1%,,0.8%,2.0
2025-04-30 18:00:00+05:30,Core PCE Prices QoQ AdvQ1,3.5%,2.6%,3.3%,2.2%,3.0
2025-04-30 18:00:00+05:30,Real Consumer Spending QoQ AdvQ1,1.8%,4%,,2.2%,3.0
2025-04-30 18:00:00+05:30,PCE Price Index YoYMAR,,2.5%,,2.2%,2.0
2025-04-30 18:00:00+05:30,GDP Price Index QoQ AdvQ1,3.7%,2.3%,3.1%,3.0%,2.0
2025-04-30 18:00:00+05:30,GDP Growth Rate QoQ AdvQ1,-0.3%,2.4%,0.3%,0.5%,1.0
2025-04-30 18:00:00+05:30,PCE Prices QoQ AdvQ1,,2.4%,,2.1%,3.0
2025-04-30 18:00:00+05:30,GDP Sales QoQ AdvQ1,-2.5%,3.3%,,0.7%,3.0
2025-04-30 18:00:00+05:30,Employment Cost Index QoQQ1,,0.9%,0.9%,0.8%,2.0
2025-04-30 19:15:00+05:30,Chicago PMIAPR,,47.6,45.5,46,2.0
2025-04-30 19:15:00+05:30,Chicago PMIAPR,44.6,47.6,45.5,46,2.0
2025-04-30 19:30:00+05:30,Core PCE Price Index MoMMAR,,0.4%,0.1%,0.1%,1.0
2025-04-30 19:30:00+05:30,PCE Price Index YoYMAR,2.3%,2.7%,2.2%,2.2%,2.0
2025-04-30 19:30:00+05:30,Pending Home Sales YoYMAR,,-3.6%,,-1.5%,2.0
2025-04-30 19:30:00+05:30,Core PCE Price Index YoYMAR,2.6%,3%,2.6%,2.5%,3.0
2025-04-30 19:30:00+05:30,Pending Home Sales YoYMAR,-0.6%,-3.6%,,-1.5%,2.0
2025-04-30 19:30:00+05:30,Pending Home Sales MoMMAR,,2%,-0.3%,-0.2%,2.0
2025-04-30 19:30:00+05:30,Personal Income MoMMAR,0.5%,0.7%,0.4%,0.5%,1.0
2025-04-30 19:30:00+05:30,Personal Spending MoMMAR,,0.4%,0.6%,0.4%,1.0
2025-04-30 19:30:00+05:30,Core PCE Price Index MoMMAR,0.0%,0.5%,0.1%,0.1%,1.0
2025-04-30 19:30:00+05:30,Core PCE Price Index YoYMAR,,2.8%,2.6%,2.5%,3.0
2025-04-30 19:30:00+05:30,Pending Home Sales MoMMAR,6.1%,2.1%,1%,-0.2%,2.0
2025-04-30 19:30:00+05:30,PCE Price Index MoMMAR,0%,0.4%,0%,0.0%,2.0
2025-04-30 19:30:00+05:30,PCE Price Index YoYMAR,,2.5%,2.2%,2.2%,2.0
2025-04-30 19:30:00+05:30,Personal Spending MoMMAR,0.7%,0.5%,0.5%,0.4%,1.0
2025-04-30 19:30:00+05:30,PCE Price Index MoMMAR,,0.3%,0%,0.0%,2.0
2025-04-30 19:30:00+05:30,Personal Income MoMMAR,,0.8%,0.4%,0.5%,1.0
2025-04-30 20:00:00+05:30,EIA Distillate Fuel Production ChangeAPR/25,,-0.062M,,,3.0
2025-04-30 20:00:00+05:30,EIA Cushing Crude Oil Stocks ChangeAPR/25,,-0.086M,,,3.0
2025-04-30 20:00:00+05:30,EIA Heating Oil Stocks ChangeAPR/25,0.252M,-0.021M,,,3.0
2025-04-30 20:00:00+05:30,EIA Crude Oil Imports ChangeAPR/25,-0.663M,1.139M,,,3.0
2025-04-30 20:00:00+05:30,EIA Cushing Crude Oil Stocks ChangeAPR/25,0.682M,-0.086M,,,3.0
2025-04-30 20:00:00+05:30,EIA Gasoline Stocks ChangeAPR/25,-4.002M,-4.476M,-1.08M,,2.0
2025-04-30 20:00:00+05:30,EIA Crude Oil Stocks ChangeAPR/25,-2.696M,0.244M,0.39M,,2.0
2025-04-30 20:00:00+05:30,EIA Distillate Fuel Production ChangeAPR/25,-0.017M,-0.062M,,,3.0
2025-04-30 20:00:00+05:30,EIA Crude Oil Imports ChangeAPR/25,,1.139M,,,3.0
2025-04-30 20:00:00+05:30,EIA Refinery Crude Runs ChangeAPR/25,0.189M,0.325M,,,3.0
2025-04-30 20:00:00+05:30,EIA Distillate Stocks ChangeAPR/25,,-2.353M,,,3.0
2025-04-30 20:00:00+05:30,EIA Distillate Stocks ChangeAPR/25,0.937M,-2.353M,-1.71M,,3.0
2025-04-30 20:00:00+05:30,EIA Heating Oil Stocks ChangeAPR/25,,-0.021M,,,3.0
2025-04-30 20:00:00+05:30,EIA Refinery Crude Runs ChangeAPR/25,,0.325M,,,3.0
2025-04-30 20:00:00+05:30,EIA Gasoline Stocks ChangeAPR/25,,-4.476M,,,2.0
2025-04-30 20:00:00+05:30,EIA Gasoline Production ChangeAPR/25,-0.616M,0.661M,,,3.0
2025-04-30 20:00:00+05:30,EIA Gasoline Production ChangeAPR/25,,0.661M,,,3.0
2025-04-30 20:00:00+05:30,EIA Crude Oil Stocks ChangeAPR/25,,0.244M,-0.6M,,2.0
2025-04-30 21:00:00+05:30,17-Week Bill Auction,4.190%,4.210%,,,3.0
2025-04-30 21:00:00+05:30,17-Week Bill Auction,,4.210%,,,3.0
2025-05-01 00:30:00+05:30,MBA Purchase IndexMAY/02,-1.0,146.6,,,3.0
2025-05-01 17:00:00+05:30,Challenger Job CutsAPR,,275.24K,,290K,3.0
2025-05-01 17:00:00+05:30,Challenger Job CutsAPR,105.441K,275.24K,,290K,3.0
2025-05-01 18:00:00+05:30,Jobless Claims 4-week AverageAPR/26,226K,220.5K,,222.0K,3.0
2025-05-01 18:00:00+05:30,Initial Jobless ClaimsAPR/26,,222K,224K,225.0K,2.0
2025-05-01 18:00:00+05:30,Continuing Jobless ClaimsAPR/19,1916K,1833K,1860K,1844.0K,3.0
2025-05-01 18:00:00+05:30,Continuing Jobless ClaimsAPR/19,,1841K,1860K,1844.0K,3.0
2025-05-01 18:00:00+05:30,Initial Jobless ClaimsAPR/26,241K,223K,224K,225.0K,2.0
2025-05-01 18:00:00+05:30,Jobless Claims 4-week AverageAPR/26,,220.25K,,222.0K,3.0
2025-05-01 19:15:00+05:30,S&P Global Manufacturing PMI FinalAPR,,50.2,50.7,50.7,3.0
2025-05-01 19:15:00+05:30,S&P Global Manufacturing PMI FinalAPR,50.2,50.2,50.7,50.7,3.0
2025-05-01 19:30:00+05:30,ISM Manufacturing EmploymentAPR,46.5,44.7,,44.1,2.0
2025-05-01 19:30:00+05:30,ISM Manufacturing PricesAPR,69.8,69.4,70.3,70,3.0
2025-05-01 19:30:00+05:30,ISM Manufacturing New OrdersAPR,47.2,45.2,,44.3,3.0
2025-05-01 19:30:00+05:30,ISM Manufacturing PMIAPR,,49,48,47.2,1.0
2025-05-01 19:30:00+05:30,Construction Spending MoMMAR,-0.5%,0.6%,0.2%,0.3%,3.0
2025-05-01 19:30:00+05:30,ISM Manufacturing New OrdersAPR,,45.2,,44.3,3.0
2025-05-01 19:30:00+05:30,ISM Manufacturing PMIAPR,48.7,49,48,47.2,1.0
2025-05-01 19:30:00+05:30,Construction Spending MoMMAR,,0.7%,0.2%,0.3%,3.0
2025-05-01 19:30:00+05:30,ISM Manufacturing PricesAPR,,69.4,70.3,70,3.0
2025-05-01 19:30:00+05:30,ISM Manufacturing EmploymentAPR,,44.7,,44.1,2.0
2025-05-01 20:00:00+05:30,EIA Natural Gas Stocks ChangeAPR/25,,88Bcf,111Bcf,,3.0
2025-05-01 21:00:00+05:30,4-Week Bill Auction,4.240%,4.220%,,,3.0
2025-05-01 21:00:00+05:30,8-Week Bill Auction,,4.225%,,,3.0
2025-05-01 21:00:00+05:30,4-Week Bill Auction,,4.220%,,,3.0
2025-05-01 21:00:00+05:30,8-Week Bill Auction,4.220%,4.225%,,,3.0
2025-05-01 21:30:00+05:30,15-Year Mortgage RateMAY/01,5.92%,5.94%,,,3.0
2025-05-01 21:30:00+05:30,15-Year Mortgage RateMAY/01,,5.94%,,,3.0
2025-05-01 21:30:00+05:30,30-Year Mortgage RateMAY/01,,6.81%,,,3.0
2025-05-01 21:30:00+05:30,30-Year Mortgage RateMAY/01,6.76%,6.81%,,,3.0
2025-05-01 21:30:00+05:30,EIA Natural Gas Stocks ChangeAPR/25,,88Bcf,110Bcf,,3.0
2025-05-01 23:30:00+05:30,EIA Natural Gas Stocks ChangeAPR/25,107Bcf,88Bcf,110Bcf,,3.0
2025-05-02 02:00:00+05:30,Fed Balance SheetAPR/30,$6.71T,$6.73T,,,3.0
2025-05-02 02:00:00+05:30,Fed Balance SheetAPR/30,,$6.73T,,,3.0
2025-05-02 18:00:00+05:30,Average Hourly Earnings YoYAPR,,3.8%,3.9%,3.9%,2.0
2025-05-02 18:00:00+05:30,Government PayrollsAPR,,19K,,-3K,3.0
2025-05-02 18:00:00+05:30,Nonfarm Payrolls PrivateAPR,167K,170K,124K,133K,3.0
2025-05-02 18:00:00+05:30,U-6 Unemployment RateAPR,7.8%,7.9%,,8.0%,3.0
2025-05-02 18:00:00+05:30,Average Hourly Earnings MoMAPR,,0.3%,0.3%,0.3%,2.0
2025-05-02 18:00:00+05:30,Government PayrollsAPR,10K,15K,,-3K,3.0
2025-05-02 18:00:00+05:30,Manufacturing PayrollsAPR,,1K,-5K,5K,3.0
2025-05-02 18:00:00+05:30,Manufacturing PayrollsAPR,-1K,3K,-5K,5K,3.0
2025-05-02 18:00:00+05:30,Average Hourly Earnings YoYAPR,3.8%,3.8%,3.9%,3.9%,2.0
2025-05-02 18:00:00+05:30,Non Farm PayrollsAPR,177K,185K,130K,140K,1.0
2025-05-02 18:00:00+05:30,Average Weekly HoursAPR,34.3,34.3,34.2,34.2,3.0
2025-05-02 18:00:00+05:30,Unemployment RateAPR,,4.2%,4.2%,4.2%,1.0
2025-05-02 18:00:00+05:30,Nonfarm Payrolls PrivateAPR,,209K,124K,133K,3.0
2025-05-02 18:00:00+05:30,Participation RateAPR,,62.5%,,62.5%,2.0
2025-05-02 18:00:00+05:30,Participation RateAPR,62.6%,62.5%,,62.5%,2.0
2025-05-02 18:00:00+05:30,Non Farm PayrollsAPR,,228K,130K,140K,1.0
2025-05-02 18:00:00+05:30,Average Hourly Earnings MoMAPR,0.2%,0.3%,0.3%,0.3%,2.0
2025-05-02 18:00:00+05:30,Unemployment RateAPR,4.2%,4.2%,4.2%,4.2%,1.0
2025-05-02 18:00:00+05:30,Average Weekly HoursAPR,,34.2,34.2,34.2,3.0
2025-05-02 18:00:00+05:30,U-6 Unemployment RateAPR,,7.9%,,8.0%,3.0
2025-05-02 19:00:00+05:30,Total Vehicle SalesAPR,17.27M,17.83M,15.7M,,3.0
2025-05-02 19:30:00+05:30,Total Vehicle SalesAPR,,17.77M,,,3.0
2025-05-02 19:30:00+05:30,Factory Orders MoMMAR,4.3%,0.5%,4.5%,4.0%,2.0
2025-05-02 19:30:00+05:30,Factory Orders MoMMAR,,0.6%,4.5%,4.0%,2.0
2025-05-02 19:30:00+05:30,Factory Orders ex TransportationMAR,-0.2%,0.3%,,0.2%,3.0
2025-05-02 19:30:00+05:30,Factory Orders ex TransportationMAR,,0.4%,,0.2%,3.0
2025-05-02 22:30:00+05:30,Baker Hughes Oil Rig CountMAY/02,,483,485,,3.0
2025-05-02 22:30:00+05:30,Baker Hughes Total Rigs CountMAY/02,,587,,,3.0
2025-05-02 22:30:00+05:30,Baker Hughes Total Rigs CountMAY/02,584,587,,,3.0
2025-05-02 22:30:00+05:30,Baker Hughes Oil Rig CountMAY/02,479,483,485,,3.0
2025-05-02 22:30:00+05:30,Total Vehicle SalesAPR,,17.77M,15.7M,,3.0
2025-05-03 22:20:00+05:30,Fed Cook Speech,,,,,2.0
2025-05-05 19:15:00+05:30,S&P Global Services PMI FinalAPR,,54.4,51.4,51.4,3.0
2025-05-05 19:15:00+05:30,ISM Services PMIAPR,,50.8,50.6,50.3,1.0
2025-05-05 19:15:00+05:30,S&P Global Composite PMI FinalAPR,50.6,53.5,51.2,51.2,3.0
2025-05-05 19:15:00+05:30,S&P Global Composite PMI FinalAPR,,53.5,51.2,51.2,3.0
2025-05-05 19:15:00+05:30,S&P Global Services PMI FinalAPR,50.8,54.4,51.4,51.4,3.0
2025-05-05 19:30:00+05:30,ISM Services Business ActivityAPR,,55.9,,52.9,3.0
2025-05-05 19:30:00+05:30,ISM Services PMIAPR,51.6,50.8,50.6,50.3,1.0
2025-05-05 19:30:00+05:30,ISM Services New OrdersAPR,52.3,50.4,,49.2,3.0
2025-05-05 19:30:00+05:30,ISM Services EmploymentAPR,49,46.2,,47,3.0
2025-05-05 19:30:00+05:30,ISM Services PricesAPR,65.1,60.9,,61.2,3.0
2025-05-05 19:30:00+05:30,ISM Services New OrdersAPR,,50.4,,49.2,3.0
2025-05-05 19:30:00+05:30,ISM Services EmploymentAPR,,46.2,,47,3.0
2025-05-05 19:30:00+05:30,ISM Services Business ActivityAPR,53.7,55.9,,52.9,3.0
2025-05-05 19:30:00+05:30,ISM Services PricesAPR,,60.9,,61.2,3.0
2025-05-05 19:30:00+05:30,ISM Services PMIAPR,,50.8,50.6,50.3,1.0
2025-05-05 21:00:00+05:30,6-Month Bill Auction,4.090%,4.065%,,,3.0
2025-05-05 21:00:00+05:30,6-Month Bill Auction,,4.065%,,,3.0
2025-05-05 21:00:00+05:30,3-Month Bill Auction,,4.2%,,,3.0
2025-05-05 21:00:00+05:30,3-Month Bill Auction,4.220%,4.2%,,,3.0
2025-05-05 22:30:00+05:30,3-Year Note Auction,3.824%,3.784%,,,3.0
2025-05-05 22:30:00+05:30,3-Year Note Auction,,3.784%,,,3.0
2025-05-06 15:15:00+05:30,LMI Logistics Managers IndexAPR,58.8,57.1,,,3.0
2025-05-06 18:00:00+05:30,Balance of TradeMAR,$-140.5B,$-123.2B,$-137B,$-137.1B,2.0
2025-05-06 18:00:00+05:30,ExportsMAR,,$278.5B,,$280.5B,2.0
2025-05-06 18:00:00+05:30,LMI Logistics Managers IndexAPR,,57.1,,,2.0
2025-05-06 18:00:00+05:30,ImportsMAR,$419B,$401.2B,,$417.6B,2.0
2025-05-06 18:00:00+05:30,ImportsMAR,,$401.1B,,$417.6B,2.0
2025-05-06 18:00:00+05:30,Balance of TradeMAR,,$-122.7B,$-137B,$-137.1B,2.0
2025-05-06 18:00:00+05:30,ExportsMAR,$278.5B,$278B,,$280.5B,2.0
2025-05-06 18:25:00+05:30,LMI Logistics Managers IndexAPR,,57.1,,,3.0
2025-05-06 18:25:00+05:30,Redbook YoYMAY/03,6.9%,6.1%,,,3.0
2025-05-06 18:25:00+05:30,Redbook YoYMAY/03,,6.1%,,,3.0
2025-05-06 19:40:00+05:30,RCM/TIPP Economic Optimism IndexMAY,47.9,49.1,50.2,49.3,3.0
2025-05-06 19:40:00+05:30,RCM/TIPP Economic Optimism IndexMAY,,49.1,50.2,49.3,3.0
2025-05-06 19:40:00+05:30,LMI Logistics Managers IndexAPR,,57.1,,,3.0
2025-05-06 20:00:00+05:30,NY Fed Treasury Purchases 0 to 1 yrs,,,$75 million,,3.0
2025-05-06 22:30:00+05:30,10-Year Note Auction,,4.435%,,,3.0
2025-05-06 22:30:00+05:30,10-Year Note Auction,4.342%,4.435%,,,3.0
2025-05-06 22:30:00+05:30,LMI Logistics Managers IndexAPR,,57.1,,,3.0
2025-05-07 02:00:00+05:30,API Crude Oil Stock ChangeMAY/02,,3.76M,-2.5M,,2.0
2025-05-07 02:00:00+05:30,API Crude Oil Stock ChangeMAY/02,-4.49M,3.76M,-2.5M,,2.0
2025-05-07 16:30:00+05:30,MBA Mortgage Market IndexMAY/02,248.4,223.7,,,3.0
2025-05-07 16:30:00+05:30,MBA Purchase IndexMAY/02,,146.6,,,3.0
2025-05-07 16:30:00+05:30,MBA 30-Year Mortgage RateMAY/02,,6.89%,,,2.0
2025-05-07 16:30:00+05:30,Used Car Prices YoYAPR,,-0.2%,,,3.0
2025-05-07 16:30:00+05:30,MBA Mortgage ApplicationsMAY/02,11%,-4.2%,,,3.0
2025-05-07 16:30:00+05:30,MBA Mortgage Refinance IndexMAY/02,721,649.0,,,3.0
2025-05-07 16:30:00+05:30,Used Car Prices MoMAPR,,-0.7%,,,3.0
2025-05-07 16:30:00+05:30,MBA Mortgage ApplicationsMAY/02,,-4.2%,,,3.0
2025-05-07 16:30:00+05:30,MBA Mortgage Market IndexMAY/02,,223.7,,,3.0
2025-05-07 16:30:00+05:30,MBA 30-Year Mortgage RateMAY/02,6.84%,6.89%,,,2.0
2025-05-07 16:30:00+05:30,MBA Mortgage Refinance IndexMAY/02,,649.0,,,3.0
2025-05-07 16:30:00+05:30,MBA Purchase IndexMAY/02,162.8,146.6,,,3.0
2025-05-07 18:30:00+05:30,Used Car Prices YoYAPR,4.9%,-0.2%,,,3.0
2025-05-07 18:30:00+05:30,Used Car Prices MoMAPR,2.7%,-0.7%,,,3.0
2025-05-07 20:00:00+05:30,EIA Crude Oil Imports ChangeMAY/02,0.673M,-0.663M,,,3.0
2025-05-07 20:00:00+05:30,EIA Refinery Crude Runs ChangeMAY/02,-0.007M,0.189M,,,3.0
2025-05-07 20:00:00+05:30,EIA Gasoline Production ChangeMAY/02,0.253M,-0.616M,,,3.0
2025-05-07 20:00:00+05:30,EIA Cushing Crude Oil Stocks ChangeMAY/02,-0.74M,0.682M,,,3.0
2025-05-07 20:00:00+05:30,EIA Heating Oil Stocks ChangeMAY/02,0.123M,0.252M,,,3.0
2025-05-07 20:00:00+05:30,EIA Refinery Crude Runs ChangeMAY/02,,0.189M,,,3.0
2025-05-07 20:00:00+05:30,Used Car Prices YoYAPR,,-0.2%,,,3.0
2025-05-07 20:00:00+05:30,EIA Cushing Crude Oil Stocks ChangeMAY/02,,0.682M,,,3.0
2025-05-07 20:00:00+05:30,EIA Gasoline Production ChangeMAY/02,,-0.616M,,,3.0
2025-05-07 20:00:00+05:30,EIA Heating Oil Stocks ChangeMAY/02,,0.252M,,,3.0
2025-05-07 20:00:00+05:30,EIA Gasoline Stocks ChangeMAY/02,0.188M,-4.002M,-1.5M,,2.0
2025-05-07 20:00:00+05:30,EIA Distillate Stocks ChangeMAY/02,-1.107M,0.937M,-1.4M,,3.0
2025-05-07 20:00:00+05:30,EIA Gasoline Stocks ChangeMAY/02,,-4.002M,-1.5M,,2.0
2025-05-07 20:00:00+05:30,EIA Crude Oil Imports ChangeMAY/02,,-0.663M,,,3.0
2025-05-07 20:00:00+05:30,Used Car Prices MoMAPR,,-0.7%,,,3.0
2025-05-07 20:00:00+05:30,EIA Crude Oil Stocks ChangeMAY/02,-2.032M,-2.696M,-1.7M,,2.0
2025-05-07 20:00:00+05:30,EIA Distillate Fuel Production ChangeMAY/02,,-0.017M,,,3.0
2025-05-07 20:00:00+05:30,EIA Crude Oil Stocks ChangeMAY/02,,-2.696M,-1.7M,,2.0
2025-05-07 20:00:00+05:30,EIA Distillate Stocks ChangeMAY/02,,0.937M,-2.7M,,3.0
2025-05-07 20:00:00+05:30,EIA Distillate Fuel Production ChangeMAY/02,0.041M,-0.017M,,,3.0
2025-05-07 21:00:00+05:30,Used Car Prices MoMAPR,,-0.7%,,,3.0
2025-05-07 21:00:00+05:30,17-Week Bill Auction,,4.190%,,,3.0
2025-05-07 21:00:00+05:30,Used Car Prices YoYAPR,,-0.2%,,,3.0
2025-05-07 21:00:00+05:30,17-Week Bill Auction,4.200%,4.190%,,,3.0
2025-05-07 23:30:00+05:30,Fed Interest Rate Decision,4.5%,4.5%,4.5%,4.5%,1.0
2025-05-07 23:30:00+05:30,Fed Interest Rate Decision,,4.5%,4.5%,4.5%,1.0
2025-05-07 23:30:00+05:30,Used Car Prices MoMAPR,,-0.7%,,,1.0
2025-05-07 23:30:00+05:30,Used Car Prices YoYAPR,,-0.2%,,,1.0
2025-05-08 00:00:00+05:30,Fed Press Conference,,,,,1.0
2025-05-08 00:30:00+05:30,Consumer Credit ChangeMAR,,$-0.81B,$9.5B,$7.0B,3.0
2025-05-08 00:30:00+05:30,Consumer Credit ChangeMAR,$10.17B,$-0.61B,$9.5B,$7.0B,3.0
2025-05-08 18:00:00+05:30,Unit Labour Costs QoQ PrelQ1,5.7%,2%,5.1%,5.5%,2.0
2025-05-08 18:00:00+05:30,Jobless Claims 4-week AverageMAY/03,227K,226K,,230.0K,3.0
2025-05-08 18:00:00+05:30,Jobless Claims 4-week AverageMAY/03,,226K,,230.0K,3.0
2025-05-08 18:00:00+05:30,Nonfarm Productivity QoQ PrelQ1,-0.8%,1.7%,-0.7%,-0.6%,2.0
2025-05-08 18:00:00+05:30,Unit Labour Costs QoQ PrelQ1,,2.2%,5.1%,5.5%,2.0
2025-05-08 18:00:00+05:30,Continuing Jobless ClaimsAPR/26,1879K,1908K,1890K,1921.0K,3.0
2025-05-08 18:00:00+05:30,Continuing Jobless ClaimsAPR/26,,1916K,1890K,1921.0K,3.0
2025-05-08 18:00:00+05:30,Nonfarm Productivity QoQ PrelQ1,,1.5%,-0.7%,-0.6%,2.0
2025-05-08 18:00:00+05:30,Initial Jobless ClaimsMAY/03,228K,241K,230K,240.0K,2.0
2025-05-08 18:00:00+05:30,Initial Jobless ClaimsMAY/03,,241K,230K,240.0K,2.0
2025-05-08 19:30:00+05:30,Wholesale Inventories MoMMAR,,0.5%,0.5%,0.5%,3.0
2025-05-08 19:30:00+05:30,Wholesale Inventories MoMMAR,0.4%,0.5%,0.5%,0.5%,3.0
2025-05-08 20:00:00+05:30,EIA Natural Gas Stocks ChangeMAY/02,,107Bcf,101B,,3.0
2025-05-08 20:00:00+05:30,EIA Natural Gas Stocks ChangeMAY/02,104Bcf,107Bcf,101B,,3.0
2025-05-08 20:30:00+05:30,Consumer Inflation ExpectationsAPR,,3.6%,,4.0%,3.0
2025-05-08 20:30:00+05:30,Consumer Inflation ExpectationsAPR,3.6%,3.6%,,4.0%,3.0
2025-05-08 21:00:00+05:30,8-Week Bill Auction,4.225%,4.220%,,,3.0
2025-05-08 21:00:00+05:30,4-Week Bill Auction,4.225%,4.240%,,,3.0
2025-05-08 21:00:00+05:30,8-Week Bill Auction,,4.220%,,,3.0
2025-05-08 21:00:00+05:30,4-Week Bill Auction,,4.240%,,,3.0
2025-05-08 21:30:00+05:30,15-Year Mortgage RateMAY/08,5.89%,5.92%,,,3.0
2025-05-08 21:30:00+05:30,30-Year Mortgage RateMAY/08,6.76%,6.76%,,,3.0
2025-05-08 21:30:00+05:30,15-Year Mortgage RateMAY/08,,5.92%,,,3.0
2025-05-08 21:30:00+05:30,30-Year Mortgage RateMAY/08,,6.76%,,,3.0
2025-05-08 22:30:00+05:30,30-Year Bond Auction,4.819%,4.813%,,,3.0
2025-05-08 22:30:00+05:30,30-Year Bond Auction,,4.813%,,,3.0
2025-05-09 02:00:00+05:30,Fed Balance SheetMAY/07,,$6.71T,,,3.0
2025-05-09 02:00:00+05:30,Fed Balance SheetMAY/07,$6.71T,$6.71T,,,3.0
2025-05-09 15:45:00+05:30,Fed Williams Speech,,,,,2.0
2025-05-09 16:15:00+05:30,Fed Barr Speech,,,,,2.0
2025-05-09 18:00:00+05:30,Fed Kugler Speech,,,,,2.0
2025-05-09 19:30:00+05:30,Fed Goolsbee Speech,,,,,2.0
2025-05-09 21:00:00+05:30,Fed Williams Speech,,,,,2.0
2025-05-09 21:00:00+05:30,Fed Waller Speech,,,,,2.0
2025-05-09 22:30:00+05:30,Baker Hughes Oil Rig CountMAY/09,474,479,,,3.0
2025-05-09 22:30:00+05:30,Baker Hughes Total Rigs CountMAY/09,,584,,,3.0
2025-05-09 22:30:00+05:30,Baker Hughes Oil Rig CountMAY/09,,479,,,3.0
2025-05-09 22:30:00+05:30,Baker Hughes Total Rigs CountMAY/09,578,584,,,3.0
2025-05-10 05:15:00+05:30,Fed Hammack Speech,,,,,2.0
2025-05-10 05:15:00+05:30,Fed Cook Speech,,,,,2.0
2025-05-10 05:15:00+05:30,Fed Musalem Speech,,,,,2.0
2025-05-11 23:30:00+05:30,Fed Barkin Speech,,,,,2.0
2025-05-12 19:55:00+05:30,Fed Kugler Speech,,,,,2.0
2025-05-12 20:00:00+05:30,NY Fed Treasury Purchases 4 to 6 yrs,,,$75 million,,3.0
2025-05-12 20:30:00+05:30,Consumer Inflation ExpectationsAPR,,,,,3.0
2025-05-12 21:00:00+05:30,6-Month Bill Auction,,4.090%,,,3.0
2025-05-12 21:00:00+05:30,3-Month Bill Auction,,4.220%,,,3.0
2025-05-12 21:30:00+05:30,WASDE Report,,,,,3.0
2025-05-12 23:30:00+05:30,Monthly Budget StatementAPR,,$-161B,$255B,$235.0B,2.0
2025-05-13 15:30:00+05:30,NFIB Business Optimism IndexAPR,,97.4,94.5,93.5,3.0
2025-05-13 18:00:00+05:30,Inflation Rate YoYAPR,,2.4%,2.4%,2.5%,1.0
2025-05-13 18:00:00+05:30,Core Inflation Rate MoMAPR,,0.1%,0.3%,0.2%,1.0
2025-05-13 18:00:00+05:30,Inflation Rate MoMAPR,,-0.1%,0.3%,0.3%,1.0
2025-05-13 18:00:00+05:30,Core Inflation Rate YoYAPR,,2.8%,,2.8%,1.0
2025-05-13 18:00:00+05:30,CPIAPR,,319.799,,321.4,2.0
2025-05-13 18:00:00+05:30,CPI s.aAPR,,319.615,,320.6,2.0
2025-05-13 18:25:00+05:30,Redbook YoYMAY/10,,6.9%,,,3.0
2025-05-13 20:30:00+05:30,Total Household DebtQ1,,$18.04T,,,3.0
2025-05-13 21:00:00+05:30,52-Week Bill Auction,,3.820%,,,3.0
2025-05-14 02:00:00+05:30,API Crude Oil Stock ChangeMAY/09,,-4.49M,,,2.0
2025-05-14 14:45:00+05:30,Fed Waller Speech,,,,,2.0
2025-05-14 16:30:00+05:30,MBA Mortgage Refinance IndexMAY/09,,721,,,3.0
2025-05-14 16:30:00+05:30,MBA Mortgage Market IndexMAY/09,,248.4,,,3.0
2025-05-14 16:30:00+05:30,MBA Mortgage ApplicationsMAY/09,,11%,,,3.0
2025-05-14 16:30:00+05:30,MBA Purchase IndexMAY/09,,162.8,,,3.0
2025-05-14 16:30:00+05:30,MBA 30-Year Mortgage RateMAY/09,,6.84%,,,2.0
2025-05-14 18:40:00+05:30,Fed Jefferson Speech,,,,,2.0
2025-05-14 20:00:00+05:30,EIA Distillate Stocks ChangeMAY/09,,-1.107M,,,3.0
2025-05-14 20:00:00+05:30,EIA Heating Oil Stocks ChangeMAY/09,,0.123M,,,3.0
2025-05-14 20:00:00+05:30,EIA Crude Oil Imports ChangeMAY/09,,0.673M,,,3.0
2025-05-14 20:00:00+05:30,EIA Gasoline Stocks ChangeMAY/09,,0.188M,,,2.0
2025-05-14 20:00:00+05:30,EIA Crude Oil Stocks ChangeMAY/09,,-2.032M,,,2.0
2025-05-14 20:00:00+05:30,EIA Distillate Fuel Production ChangeMAY/09,,0.041M,,,3.0
2025-05-14 20:00:00+05:30,EIA Gasoline Production ChangeMAY/09,,0.253M,,,3.0
2025-05-14 20:00:00+05:30,EIA Refinery Crude Runs ChangeMAY/09,,-0.007M,,,3.0
2025-05-14 20:00:00+05:30,EIA Cushing Crude Oil Stocks ChangeMAY/09,,-0.74M,,,3.0
2025-05-14 21:00:00+05:30,17-Week Bill Auction,,4.200%,,,3.0
2025-05-15 03:10:00+05:30,Fed Daly Speech,,,,,2.0
2025-05-15 18:00:00+05:30,Philly Fed New OrdersMAY,,-34.2,,,3.0
2025-05-15 18:00:00+05:30,Retail Sales Ex Autos MoMAPR,,0.6%,0.3%,0.1%,2.0
2025-05-15 18:00:00+05:30,"PPI Ex Food, Energy and Trade MoMAPR",,0.1%,,0.1%,3.0
2025-05-15 18:00:00+05:30,Retail Sales Ex Gas/Autos MoMAPR,,0.9%,,-0.3%,3.0
2025-05-15 18:00:00+05:30,Retail Sales Control Group MoMAPR,,0.4%,,-0.1%,2.0
2025-05-15 18:00:00+05:30,Retail Sales MoMAPR,,1.5%,0.1%,-0.1%,1.0
2025-05-15 18:00:00+05:30,Continuing Jobless ClaimsMAY/03,,1879K,,1875.0K,3.0
2025-05-15 18:00:00+05:30,PPI YoYAPR,,2.7%,,3.1%,3.0
2025-05-15 18:00:00+05:30,Philly Fed Prices PaidMAY,,51.00,,,3.0
2025-05-15 18:00:00+05:30,Philly Fed EmploymentMAY,,0.2,,,3.0
2025-05-15 18:00:00+05:30,NY Empire State Manufacturing IndexMAY,,-8.10,-7.1,-7.6,2.0
2025-05-15 18:00:00+05:30,PPI MoMAPR,,-0.4%,0.2%,0.2%,1.0
2025-05-15 18:00:00+05:30,Retail Sales YoYAPR,,4.9%,,1.1%,3.0
2025-05-15 18:00:00+05:30,"PPI Ex Food, Energy and Trade YoYAPR",,3.4%,,3.4%,3.0
2025-05-15 18:00:00+05:30,Core PPI YoYAPR,,3.3%,,3.3%,3.0
2025-05-15 18:00:00+05:30,Philadelphia Fed Manufacturing IndexMAY,,-26.4,-8.5,-10,2.0
2025-05-15 18:00:00+05:30,Core PPI MoMAPR,,-0.1%,0.3%,0.1%,2.0
2025-05-15 18:00:00+05:30,Philly Fed Business ConditionsMAY,,6.9,,,3.0
2025-05-15 18:00:00+05:30,Philly Fed CAPEX IndexMAY,,2,,,3.0
2025-05-15 18:00:00+05:30,Jobless Claims 4-week AverageMAY/10,,227K,,225.0K,3.0
2025-05-15 18:00:00+05:30,PPIAPR,,147.464,,147.76,3.0
2025-05-15 18:00:00+05:30,Initial Jobless ClaimsMAY/10,,228K,230K,220.0K,2.0
2025-05-15 18:10:00+05:30,Fed Chair Powell Speech,,,,,2.0
2025-05-15 18:45:00+05:30,Industrial Production YoYAPR,,1.3%,,0.9%,3.0
2025-05-15 18:45:00+05:30,Capacity UtilizationAPR,,77.8%,77.8%,77.8%,3.0
2025-05-15 18:45:00+05:30,Manufacturing Production YoYAPR,,1%,,0.8%,3.0
2025-05-15 18:45:00+05:30,Manufacturing Production MoMAPR,,0.3%,,0.2%,3.0
2025-05-15 18:45:00+05:30,Industrial Production MoMAPR,,-0.3%,0.1%,-0.1%,2.0
2025-05-15 19:30:00+05:30,Business Inventories MoMMAR,,0.2%,0.2%,0.1%,2.0
2025-05-15 19:30:00+05:30,NAHB Housing Market IndexMAY,,40,41,40,2.0
2025-05-15 19:30:00+05:30,Retail Inventories Ex Autos MoMMAR,,0.1%,0.4%,0.1%,3.0
2025-05-15 20:00:00+05:30,EIA Natural Gas Stocks ChangeMAY/09,,104Bcf,,,3.0
2025-05-15 21:00:00+05:30,4-Week Bill Auction,,4.225%,,,3.0
2025-05-15 21:00:00+05:30,8-Week Bill Auction,,4.225%,,,3.0
2025-05-15 21:30:00+05:30,NOPA Crush Report,,,,,3.0
2025-05-15 21:30:00+05:30,15-Year Mortgage RateMAY/15,,5.89%,,,3.0
2025-05-15 21:30:00+05:30,30-Year Mortgage RateMAY/15,,6.76%,,,3.0
2025-05-15 23:35:00+05:30,Fed Barr Speech,,,,,2.0
2025-05-16 02:00:00+05:30,Fed Balance SheetMAY/14,$6.71T,$6.71T,,,3.0
2025-05-16 02:00:00+05:30,Fed Balance SheetMAY/14,,$6.71T,,,3.0
2025-05-16 18:00:00+05:30,Export Prices MoMAPR,,0%,,-0.2%,2.0
2025-05-16 18:00:00+05:30,Housing StartsAPR,,1.324M,1.36M,1.31M,1.0
2025-05-16 18:00:00+05:30,Export Prices YoYAPR,,2.4%,,2%,3.0
2025-05-16 18:00:00+05:30,Import Prices YoYAPR,0.1%,0.8%,,1%,3.0
2025-05-16 18:00:00+05:30,Export Prices YoYAPR,2%,2.6%,,2%,3.0
2025-05-16 18:00:00+05:30,Building Permits MoM PrelAPR,-4.7%,1.9%,,-1.2%,2.0
2025-05-16 18:00:00+05:30,Housing Starts MoMAPR,,-11.4%,,-1%,2.0
2025-05-16 18:00:00+05:30,Export Prices MoMAPR,0.1%,0.1%,-0.5%,-0.2%,2.0
2025-05-16 18:00:00+05:30,Building Permits PrelAPR,1.412M,1.481M,1.450M,1.45M,1.0
2025-05-16 18:00:00+05:30,Import Prices MoMAPR,,-0.1%,-0.4%,-0.3%,2.0
2025-05-16 18:00:00+05:30,Housing Starts MoMAPR,1.6%,-10.1%,,-1%,2.0
2025-05-16 18:00:00+05:30,Import Prices MoMAPR,0.1%,-0.4%,-0.4%,-0.3%,2.0
2025-05-16 18:00:00+05:30,Building Permits PrelAPR,,1.467M,1.450M,1.45M,1.0
2025-05-16 18:00:00+05:30,Building Permits MoM PrelAPR,,0.5%,,-1.2%,2.0
2025-05-16 18:00:00+05:30,Import Prices YoYAPR,,0.9%,,1%,3.0
2025-05-16 18:00:00+05:30,Housing StartsAPR,1.361M,1.339M,1.37M,1.31M,1.0
2025-05-16 19:30:00+05:30,Michigan Inflation Expectations PrelMAY,,6.5%,,6.6%,3.0
2025-05-16 19:30:00+05:30,Michigan Consumer Sentiment PrelMAY,50.8,52.2,53.4,52.5,1.0
2025-05-16 19:30:00+05:30,Michigan Consumer Sentiment PrelMAY,,52.2,53,52,1.0
2025-05-16 19:30:00+05:30,Michigan 5 Year Inflation Expectations PrelMAY,4.6%,4.4%,,4.5%,3.0
2025-05-16 19:30:00+05:30,Michigan Current Conditions PrelMAY,,59.8,,59.5,3.0
2025-05-16 19:30:00+05:30,Michigan Consumer Expectations PrelMAY,46.5,47.3,48,47.7,3.0
2025-05-16 19:30:00+05:30,Michigan Current Conditions PrelMAY,57.6,59.8,59.6,59.5,3.0
2025-05-16 19:30:00+05:30,Michigan Inflation Expectations PrelMAY,7.3%,6.5%,,6.6%,3.0
2025-05-16 19:30:00+05:30,Michigan Consumer Expectations PrelMAY,,47.3,,47,3.0
2025-05-16 19:30:00+05:30,Michigan 5 Year Inflation Expectations PrelMAY,,4.4%,,4.5%,3.0
2025-05-16 22:30:00+05:30,Baker Hughes Oil Rig CountMAY/16,473,474,,,3.0
2025-05-16 22:30:00+05:30,Baker Hughes Total Rigs CountMAY/16,576,578,,,3.0
2025-05-16 22:30:00+05:30,Baker Hughes Oil Rig CountMAY/16,,474,,,3.0
2025-05-16 22:30:00+05:30,Baker Hughes Total Rigs CountMAY/16,,578,,,3.0
2025-05-17 01:30:00+05:30,Foreign Bond InvestmentMAR,$123.3B,$106.2B,,,3.0
2025-05-17 01:30:00+05:30,Overall Net Capital FlowsMAR,,$284.7B,,,3.0
2025-05-17 01:30:00+05:30,Net Long-term TIC FlowsMAR,,$112B,$44.2B,,2.0
2025-05-17 01:30:00+05:30,Foreign Bond InvestmentMAR,,$106.2B,,,3.0
2025-05-17 01:30:00+05:30,Net Long-term TIC FlowsMAR,$161.8B,$112.9B,$44.2B,,2.0
2025-05-17 01:30:00+05:30,Overall Net Capital FlowsMAR,$254.3B,$248.9B,,,3.0
2025-05-19 02:50:00+05:30,Fed Williams Speech,,,,,2.0
2025-05-19 18:00:00+05:30,Fed Bostic Speech,,,,,2.0
2025-05-19 18:15:00+05:30,Fed Jefferson Speech,,,,,2.0
2025-05-19 18:15:00+05:30,Fed Williams Speech,,,,,2.0
2025-05-19 19:30:00+05:30,CB Leading Index MoMAPR,,-0.7%,-0.9%,-0.6%,3.0
2025-05-19 19:30:00+05:30,CB Leading Index MoMAPR,-1%,-0.8%,-0.9%,-0.6%,3.0
2025-05-19 21:00:00+05:30,3-Month Bill Auction,,4.3%,,,3.0
2025-05-19 21:00:00+05:30,3-Month Bill Auction,4.285%,4.3%,,,3.0
2025-05-19 21:00:00+05:30,6-Month Bill Auction,4.140%,4.105%,,,3.0
2025-05-19 21:00:00+05:30,6-Month Bill Auction,,4.105%,,,3.0
2025-05-19 22:45:00+05:30,Fed Logan Speech,,,,,2.0
2025-05-19 23:00:00+05:30,Fed Kashkari Speech,,,,,2.0
2025-05-20 18:25:00+05:30,Redbook YoYMAY/17,5.4%,5.8%,,,3.0
2025-05-20 18:25:00+05:30,Redbook YoYMAY/17,,5.8%,,,3.0
2025-05-20 18:30:00+05:30,Fed Bostic Speech,,,,,2.0
2025-05-20 18:30:00+05:30,Fed Barkin Speech,,,,,2.0
2025-05-20 19:00:00+05:30,Fed Collins Speech,,,,,2.0
2025-05-20 22:30:00+05:30,Fed Musalem Speech,,,,,2.0
2025-05-21 02:00:00+05:30,API Crude Oil Stock ChangeMAY/16,2.499M,4.287M,-1.85M,,2.0
2025-05-21 02:00:00+05:30,API Crude Oil Stock ChangeMAY/16,,4.287M,-1.85M,,2.0
2025-05-21 02:30:00+05:30,Fed Kugler Speech,,,,,2.0
2025-05-21 04:30:00+05:30,Fed Daly Speech,,,,,2.0
2025-05-21 04:30:00+05:30,Fed Hammack Speech,,,,,2.0
2025-05-21 16:30:00+05:30,MBA Mortgage Refinance IndexMAY/16,,718.1,,,3.0
2025-05-21 16:30:00+05:30,MBA 30-Year Mortgage RateMAY/16,,6.86%,,,2.0
2025-05-21 16:30:00+05:30,MBA Purchase IndexMAY/16,,166.5,,,3.0
2025-05-21 16:30:00+05:30,MBA Mortgage Refinance IndexMAY/16,682.5,718.1,,,3.0
2025-05-21 16:30:00+05:30,MBA Mortgage Market IndexMAY/16,238.5,251.2,,,3.0
2025-05-21 16:30:00+05:30,MBA Mortgage Market IndexMAY/16,,251.2,,,3.0
2025-05-21 16:30:00+05:30,MBA Mortgage ApplicationsMAY/16,-5.1%,1.1%,,,3.0
2025-05-21 16:30:00+05:30,MBA Mortgage ApplicationsMAY/16,,1.1%,,,3.0
2025-05-21 16:30:00+05:30,MBA Purchase IndexMAY/16,157.8,166.5,,,3.0
2025-05-21 16:30:00+05:30,MBA 30-Year Mortgage RateMAY/16,6.92%,6.86%,,,2.0
2025-05-21 20:00:00+05:30,EIA Gasoline Production ChangeMAY/16,,-0.327M,,,3.0
2025-05-21 20:00:00+05:30,EIA Gasoline Stocks ChangeMAY/16,0.816M,-1.022M,-1.76M,,2.0
2025-05-21 20:00:00+05:30,EIA Distillate Stocks ChangeMAY/16,0.579M,-3.155M,-1.20M,,3.0
2025-05-21 20:00:00+05:30,EIA Distillate Fuel Production ChangeMAY/16,,-0.069M,,,3.0
2025-05-21 20:00:00+05:30,EIA Heating Oil Stocks ChangeMAY/16,-0.348M,0.292M,,,3.0
2025-05-21 20:00:00+05:30,EIA Distillate Fuel Production ChangeMAY/16,0.131M,-0.069M,,,3.0
2025-05-21 20:00:00+05:30,EIA Refinery Crude Runs ChangeMAY/16,0.089M,0.33M,,,3.0
2025-05-21 20:00:00+05:30,EIA Refinery Crude Runs ChangeMAY/16,,0.33M,,,3.0
2025-05-21 20:00:00+05:30,EIA Cushing Crude Oil Stocks ChangeMAY/16,-0.457M,-1.069M,,,3.0
2025-05-21 20:00:00+05:30,EIA Crude Oil Imports ChangeMAY/16,,0.422M,,,3.0
2025-05-21 20:00:00+05:30,EIA Cushing Crude Oil Stocks ChangeMAY/16,,-1.069M,,,3.0
2025-05-21 20:00:00+05:30,EIA Distillate Stocks ChangeMAY/16,,-3.155M,-1.20M,,3.0
2025-05-21 20:00:00+05:30,EIA Heating Oil Stocks ChangeMAY/16,,0.292M,,,3.0
2025-05-21 20:00:00+05:30,EIA Crude Oil Imports ChangeMAY/16,0.11M,0.422M,,,3.0
2025-05-21 20:00:00+05:30,EIA Crude Oil Stocks ChangeMAY/16,1.328M,3.454M,-1.85M,,2.0
2025-05-21 20:00:00+05:30,EIA Crude Oil Stocks ChangeMAY/16,,3.454M,,,2.0
2025-05-21 20:00:00+05:30,EIA Gasoline Production ChangeMAY/16,0.178M,-0.327M,,,3.0
2025-05-21 20:00:00+05:30,EIA Gasoline Stocks ChangeMAY/16,,-1.022M,-1.76M,,2.0
2025-05-21 21:00:00+05:30,17-Week Bill Auction,4.230%,4.240%,,,3.0
2025-05-21 21:00:00+05:30,17-Week Bill Auction,,4.240%,,,3.0
2025-05-21 21:30:00+05:30,Fed Barkin Speech,,,,,2.0
2025-05-21 22:30:00+05:30,20-Year Bond Auction,,4.810%,,,3.0
2025-05-21 22:30:00+05:30,20-Year Bond Auction,5.104%,4.81%,,,3.0
2025-05-22 13:15:00+05:30,S&P Global Composite PMI FlashMAY,61.2,50.6,,50.4,2.0
2025-05-22 13:15:00+05:30,S&P Global Services PMI FlashMAY,61.2,50.8,50.8,51,2.0
2025-05-22 13:15:00+05:30,S&P Global Manufacturing PMI FlashMAY,58.3,50.2,50.1,50.3,2.0
2025-05-22 18:00:00+05:30,Chicago Fed National Activity IndexAPR,,-0.03,,-0.2,2.0
2025-05-22 18:00:00+05:30,Initial Jobless ClaimsMAY/17,227K,229K,230K,231.0K,2.0
2025-05-22 18:00:00+05:30,Chicago Fed National Activity IndexAPR,-0.25,0.03,,-0.2,2.0
2025-05-22 18:00:00+05:30,Continuing Jobless ClaimsMAY/10,,1881K,1890K,1885.0K,3.0
2025-05-22 18:00:00+05:30,Initial Jobless ClaimsMAY/17,,229K,230K,231.0K,2.0
2025-05-22 18:00:00+05:30,Jobless Claims 4-week AverageMAY/17,,230.5K,,232.5K,3.0
2025-05-22 18:00:00+05:30,Jobless Claims 4-week AverageMAY/17,231.5K,230.5K,,232.5K,3.0
2025-05-22 18:00:00+05:30,Continuing Jobless ClaimsMAY/10,1903K,1867K,1890K,1885.0K,3.0
2025-05-22 19:15:00+05:30,S&P Global Services PMI FlashMAY,,50.8,50.8,51,2.0
2025-05-22 19:15:00+05:30,S&P Global Services PMI FlashMAY,52.3,50.8,50.8,51,2.0
2025-05-22 19:15:00+05:30,S&P Global Composite PMI FlashMAY,52.1,50.6,,50.4,2.0
2025-05-22 19:15:00+05:30,S&P Global Manufacturing PMI FlashMAY,,50.2,50.1,50.3,2.0
2025-05-22 19:15:00+05:30,S&P Global Manufacturing PMI FlashMAY,52.3,50.2,50.1,50.3,2.0
2025-05-22 19:15:00+05:30,S&P Global Composite PMI FlashMAY,,50.6,,50.4,2.0
2025-05-22 19:30:00+05:30,Existing Home Sales MoMAPR,,-5.9%,,0.7%,2.0
2025-05-22 19:30:00+05:30,Existing Home SalesAPR,,4.02M,4.1M,4.05M,1.0
2025-05-22 19:30:00+05:30,Existing Home Sales MoMAPR,-0.5%,-5.9%,,0.7%,2.0
2025-05-22 19:30:00+05:30,Existing Home SalesAPR,4M,4.02M,4.1M,4.05M,1.0
2025-05-22 20:00:00+05:30,EIA Natural Gas Stocks ChangeMAY/16,,110Bcf,115Bcf,,3.0
2025-05-22 20:00:00+05:30,EIA Natural Gas Stocks ChangeMAY/16,120Bcf,110Bcf,115Bcf,,3.0
2025-05-22 20:30:00+05:30,Kansas Fed Composite IndexMAY,,-4,,-3,3.0
2025-05-22 20:30:00+05:30,Kansas Fed Manufacturing IndexMAY,-10,-5,,-1,3.0
2025-05-22 20:30:00+05:30,Kansas Fed Composite IndexMAY,-3,-4,,-3,3.0
2025-05-22 20:30:00+05:30,Kansas Fed Manufacturing IndexMAY,,-5,,-1,3.0
2025-05-22 21:00:00+05:30,8-Week Bill Auction,4.235%,4.235%,,,3.0
2025-05-22 21:00:00+05:30,4-Week Bill Auction,4.220%,4.22%,,,3.0
2025-05-22 21:00:00+05:30,4-Week Bill Auction,,4.22%,,,3.0
2025-05-22 21:00:00+05:30,8-Week Bill Auction,,4.235%,,,3.0
2025-05-22 21:30:00+05:30,30-Year Mortgage RateMAY/22,,6.81%,,,3.0
2025-05-22 21:30:00+05:30,15-Year Mortgage RateMAY/22,,5.92%,,,3.0
2025-05-22 21:30:00+05:30,30-Year Mortgage RateMAY/22,6.86%,6.81%,,,3.0
2025-05-22 21:30:00+05:30,15-Year Mortgage RateMAY/22,6.01%,5.92%,,,3.0
2025-05-22 22:30:00+05:30,10-Year TIPS Auction,2.220%,1.935%,,,3.0
2025-05-22 22:30:00+05:30,10-Year TIPS Auction,,1.935%,,,3.0
2025-05-22 23:30:00+05:30,Fed Williams Speech,,,,,2.0
2025-05-23 02:00:00+05:30,Fed Balance SheetMAY/21,$6.69T,$6.71T,,,3.0
2025-05-23 02:00:00+05:30,Fed Balance SheetMAY/21,,$6.71T,,,3.0
2025-05-23 17:40:00+05:30,Building Permits MoM FinalAPR,-4%,1.9%,-4.7%,-4.7%,3.0
2025-05-23 17:40:00+05:30,Building Permits FinalAPR,1.422M,1.481M,1.412M,1.412M,3.0
2025-05-23 19:30:00+05:30,New Home SalesAPR,0.743M,0.67M,0.692M,0.69M,2.0
2025-05-23 19:30:00+05:30,New Home SalesAPR,,0.724M,0.692M,0.69M,2.0
2025-05-23 19:30:00+05:30,New Home Sales MoMAPR,10.9%,2.6%,,-4.7%,2.0
2025-05-23 19:30:00+05:30,New Home Sales MoMAPR,,7.4%,,-4.7%,2.0
2025-05-23 21:30:00+05:30,Fed Cook Speech,,,,,2.0
2025-05-23 22:30:00+05:30,Baker Hughes Oil Rig CountMAY/23,,473,,,3.0
2025-05-23 22:30:00+05:30,Baker Hughes Oil Rig CountMAY/23,465,473,473,,3.0
2025-05-23 22:30:00+05:30,Baker Hughes Total Rigs CountMAY/23,566,576,,,3.0
2025-05-23 22:30:00+05:30,Baker Hughes Total Rigs CountMAY/23,,576,,,3.0
2025-05-23 22:30:00+05:30,Building Permits MoM FinalAPR,,0.5%,-4.7%,-4.7%,3.0
2025-05-23 22:30:00+05:30,Building Permits FinalAPR,,1.467M,1.412M,1.412M,3.0
2025-05-26 00:10:00+05:30,Fed Chair Powell Speech,,,,,2.0
2025-05-27 13:30:00+05:30,Fed Kashkari Speech,,,,,2.0
2025-05-27 18:00:00+05:30,Non Defense Goods Orders Ex AirAPR,,-0.2%,,0%,3.0
2025-05-27 18:00:00+05:30,Durable Goods Orders MoMAPR,-6.3%,7.6%,-7.8%,-6.8%,1.0
2025-05-27 18:00:00+05:30,Durable Goods Orders Ex Transp MoMAPR,,-0.4%,-0.1%,-0.2%,2.0
2025-05-27 18:00:00+05:30,Durable Goods Orders Ex Transp MoMAPR,0.2%,-0.2%,-0.1%,-0.2%,2.0
2025-05-27 18:00:00+05:30,Durable Goods Orders ex Defense MoMAPR,,8.9%,,-8.1%,3.0
2025-05-27 18:00:00+05:30,Durable Goods Orders MoMAPR,,7.5%,-7.8%,-6.8%,1.0
2025-05-27 18:00:00+05:30,Durable Goods Orders ex Defense MoMAPR,-7.5%,9%,,-8.1%,3.0
2025-05-27 18:00:00+05:30,Non Defense Goods Orders Ex AirAPR,-1.3%,0.3%,,0%,3.0
2025-05-27 18:25:00+05:30,Redbook YoYMAY/24,,5.4%,,,3.0
2025-05-27 18:30:00+05:30,House Price IndexMAR,436.6,436.8,,438.1,3.0
2025-05-27 18:30:00+05:30,House Price Index MoMMAR,-0.1%,0%,0.1%,0.2%,3.0
2025-05-27 18:30:00+05:30,S&P/Case-Shiller Home Price YoYMAR,4.1%,4.5%,4.5%,4.2%,2.0
2025-05-27 18:30:00+05:30,S&P/Case-Shiller Home Price MoMMAR,1.1%,0.7%,,0.5%,3.0
2025-05-27 18:30:00+05:30,House Price Index YoYMAR,,3.9%,,3.9%,3.0
2025-05-27 18:30:00+05:30,S&P/Case-Shiller Home Price MoMMAR,,0.7%,,0.5%,3.0
2025-05-27 18:30:00+05:30,House Price Index YoYMAR,3.7%,3.9%,,3.9%,3.0
2025-05-27 18:30:00+05:30,House Price IndexMAR,,437.3,,438.1,3.0
2025-05-27 18:30:00+05:30,House Price Index MoMMAR,,0.1%,0.1%,0.2%,3.0
2025-05-27 18:30:00+05:30,S&P/Case-Shiller Home Price YoYMAR,,4.5%,4.5%,4.2%,2.0
2025-05-27 19:30:00+05:30,CB Consumer ConfidenceMAY,,86.0,87,84,2.0
2025-05-27 19:30:00+05:30,CB Consumer ConfidenceMAY,98.0,85.7,87,84,2.0
2025-05-27 20:00:00+05:30,Dallas Fed Manufacturing IndexMAY,,-35.8,,-25,2.0
2025-05-27 20:00:00+05:30,Dallas Fed Manufacturing IndexMAY,-15.3,-35.8,,-25,2.0
2025-05-27 21:00:00+05:30,6-Month Bill Auction,,4.140%,,,3.0
2025-05-27 21:00:00+05:30,6-Month Bill Auction,4.160%,4.140%,,,3.0
2025-05-27 21:00:00+05:30,3-Month Bill Auction,4.255%,4.285%,,,3.0
2025-05-27 21:00:00+05:30,3-Month Bill Auction,,4.285%,,,3.0
2025-05-27 21:30:00+05:30,2-Year Note Auction,,3.795%,,,3.0
2025-05-27 22:30:00+05:30,2-Year Note Auction,,3.795%,,,3.0
2025-05-27 22:30:00+05:30,2-Year Note Auction,3.955%,3.795%,,,3.0
2025-05-27 22:30:00+05:30,Money SupplyAPR,$21.86T,$21.71T,,,3.0
2025-05-27 22:30:00+05:30,Money SupplyAPR,,$21.76T,,,3.0
2025-05-28 05:30:00+05:30,Fed Williams Speech,,,,,2.0
2025-05-28 13:30:00+05:30,Fed Kashkari Speech,,,,,2.0
2025-05-28 16:30:00+05:30,MBA 30-Year Mortgage RateMAY/23,6.98%,6.92%,,,2.0
2025-05-28 16:30:00+05:30,MBA Mortgage ApplicationsMAY/23,,-5.1%,,,3.0
2025-05-28 16:30:00+05:30,MBA Mortgage Market IndexMAY/23,,238.5,,,3.0
2025-05-28 16:30:00+05:30,MBA 30-Year Mortgage RateMAY/23,,6.92%,,,2.0
2025-05-28 16:30:00+05:30,MBA Mortgage Refinance IndexMAY/23,634.1,682.5,,,3.0
2025-05-28 16:30:00+05:30,MBA Purchase IndexMAY/23,162.1,157.8,,,3.0
2025-05-28 16:30:00+05:30,MBA Mortgage Refinance IndexMAY/23,,682.5,,,3.0
2025-05-28 16:30:00+05:30,MBA Mortgage ApplicationsMAY/23,-1.2%,-5.1%,,,3.0
2025-05-28 16:30:00+05:30,MBA Purchase IndexMAY/23,,157.8,,,3.0
2025-05-28 16:30:00+05:30,MBA Mortgage Market IndexMAY/23,235.7,238.5,,,3.0
2025-05-28 18:25:00+05:30,Redbook YoYMAY/24,,5.4%,,,3.0
2025-05-28 18:25:00+05:30,Redbook YoYMAY/24,6.1%,5.4%,,,3.0
2025-05-28 19:30:00+05:30,Richmond Fed Manufacturing Shipments IndexMAY,-10,-17,,-11,3.0
2025-05-28 19:30:00+05:30,Richmond Fed Services Revenues IndexMAY,-11,-7,,-5,3.0
2025-05-28 19:30:00+05:30,Richmond Fed Manufacturing IndexMAY,-9,-13,-9,-11,3.0
2025-05-28 19:30:00+05:30,Richmond Fed Services Revenues IndexMAY,,-7,,-5,3.0
2025-05-28 19:30:00+05:30,Richmond Fed Manufacturing Shipments IndexMAY,,-17,,-11,3.0
2025-05-28 19:30:00+05:30,Richmond Fed Manufacturing IndexMAY,,-13,-9,-11,3.0
2025-05-28 20:00:00+05:30,Dallas Fed Services Revenues IndexMAY,-4.7,3.8,,5,3.0
2025-05-28 20:00:00+05:30,Dallas Fed Services Revenues IndexMAY,,3.8,,5,3.0
2025-05-28 20:00:00+05:30,Dallas Fed Services IndexMAY,-10.1,-19.4,,-10,3.0
2025-05-28 20:00:00+05:30,Dallas Fed Services IndexMAY,,-19.4,,-10,3.0
2025-05-28 21:00:00+05:30,2-Year FRN Auction,0.144%,0.160%,,,3.0
2025-05-28 21:00:00+05:30,17-Week Bill Auction,4.220%,4.230%,,,3.0
2025-05-28 21:00:00+05:30,17-Week Bill Auction,,4.230%,,,3.0
2025-05-28 21:00:00+05:30,2-Year FRN Auction,,0.160%,,,3.0
2025-05-28 21:30:00+05:30,5-Year Note Auction,,3.995%,,,3.0
2025-05-28 22:30:00+05:30,5-Year Note Auction,4.071%,3.995%,,,3.0
2025-05-28 22:30:00+05:30,5-Year Note Auction,,3.995%,,,3.0
2025-05-28 22:30:00+05:30,2-Year FRN Auction,,0.160%,,,3.0
2025-05-28 23:30:00+05:30,FOMC Minutes,,,,,1.0
2025-05-29 02:00:00+05:30,API Crude Oil Stock ChangeMAY/23,,2.499M,1M,,2.0
2025-05-29 02:00:00+05:30,API Crude Oil Stock ChangeMAY/23,-4.236M,2.499M,1M,,2.0
2025-05-29 18:00:00+05:30,Core PCE Prices QoQ 2nd EstQ1,,2.6%,3.6%,3.5%,3.0
2025-05-29 18:00:00+05:30,Continuing Jobless ClaimsMAY/17,,1903K,1890K,1907K,3.0
2025-05-29 18:00:00+05:30,GDP Sales QoQ 2nd EstQ1,-2.9%,3.3%,-2.5%,-2.5%,3.0
2025-05-29 18:00:00+05:30,GDP Sales QoQ 2nd EstQ1,,3.3%,-2.5%,-2.5%,3.0
2025-05-29 18:00:00+05:30,GDP Growth Rate QoQ 2nd EstQ1,-0.2%,2.4%,-0.3%,-0.3%,1.0
2025-05-29 18:00:00+05:30,Initial Jobless ClaimsMAY/24,240K,226K,230K,230K,2.0
2025-05-29 18:00:00+05:30,PCE Prices QoQ 2nd EstQ1,3.6%,2.4%,3.6%,3.6%,3.0
2025-05-29 18:00:00+05:30,Real Consumer Spending QoQ 2nd EstQ1,,4%,1.8%,1.8%,3.0
2025-05-29 18:00:00+05:30,Core PCE Prices QoQ 2nd EstQ1,3.4%,2.6%,3.5%,3.5%,3.0
2025-05-29 18:00:00+05:30,Jobless Claims 4-week AverageMAY/24,230.75K,231K,,233K,3.0
2025-05-29 18:00:00+05:30,Initial Jobless ClaimsMAY/24,,227K,230K,230K,2.0
2025-05-29 18:00:00+05:30,Real Consumer Spending QoQ 2nd EstQ1,1.2%,4%,1.8%,1.8%,3.0
2025-05-29 18:00:00+05:30,Jobless Claims 4-week AverageMAY/24,,231.5K,,233K,3.0
2025-05-29 18:00:00+05:30,Fed Barkin Speech,,,,,2.0
2025-05-29 18:00:00+05:30,GDP Growth Rate QoQ 2nd EstQ1,,2.4%,-0.3%,-0.3%,1.0
2025-05-29 18:00:00+05:30,Corporate Profits QoQ PrelQ1,-3.6%,5.9%,5.9%,5.2%,2.0
2025-05-29 18:00:00+05:30,GDP Price Index QoQ 2nd EstQ1,,2.3%,3.7%,3.7%,2.0
2025-05-29 18:00:00+05:30,GDP Price Index QoQ 2nd EstQ1,3.7%,2.3%,3.7%,3.7%,2.0
2025-05-29 18:00:00+05:30,PCE Prices QoQ 2nd EstQ1,,2.4%,3.6%,3.6%,3.0
2025-05-29 18:00:00+05:30,Corporate Profits QoQ PrelQ1,,5.9%,5.9%,5.2%,2.0
2025-05-29 18:00:00+05:30,Continuing Jobless ClaimsMAY/17,1919K,1893K,1890K,1907K,3.0
2025-05-29 19:30:00+05:30,Pending Home Sales YoYAPR,,-0.6%,,1.9%,2.0
2025-05-29 19:30:00+05:30,Pending Home Sales MoMAPR,,6.1%,-0.9%,-1.5%,2.0
2025-05-29 19:30:00+05:30,Pending Home Sales YoYAPR,-2.5%,-0.6%,,1.9%,2.0
2025-05-29 19:30:00+05:30,Pending Home Sales MoMAPR,-6.3%,5.5%,-0.9%,-1.5%,2.0
2025-05-29 20:00:00+05:30,EIA Natural Gas Stocks ChangeMAY/23,,120Bcf,99Bcf,,3.0
2025-05-29 20:00:00+05:30,EIA Natural Gas Stocks ChangeMAY/23,101Bcf,120Bcf,99Bcf,,3.0
2025-05-29 20:10:00+05:30,Fed Goolsbee Speech,,,,,2.0
2025-05-29 20:30:00+05:30,EIA Gasoline Production ChangeMAY/23,,,,,3.0
2025-05-29 20:30:00+05:30,EIA Crude Oil Imports ChangeMAY/23,,,,,3.0
2025-05-29 20:30:00+05:30,EIA Distillate Stocks ChangeMAY/23,,,,,3.0
2025-05-29 21:00:00+05:30,8-Week Bill Auction,,4.235%,,,3.0
2025-05-29 21:00:00+05:30,8-Week Bill Auction,4.225%,4.235%,,,3.0
2025-05-29 21:00:00+05:30,4-Week Bill Auction,4.215%,4.220%,,,3.0
2025-05-29 21:00:00+05:30,4-Week Bill Auction,,4.220%,,,3.0
2025-05-29 21:30:00+05:30,EIA Gasoline Production ChangeMAY/23,0.19M,0.178M,,,3.0
2025-05-29 21:30:00+05:30,EIA Gasoline Stocks ChangeMAY/23,-2.441M,0.816M,-0.5M,,2.0
2025-05-29 21:30:00+05:30,15-Year Mortgage RateMAY/29,6.03%,6.01%,,,3.0
2025-05-29 21:30:00+05:30,EIA Crude Oil Imports ChangeMAY/23,-0.532M,0.11M,,,3.0
2025-05-29 21:30:00+05:30,EIA Distillate Stocks ChangeMAY/23,,0.579M,0.7M,,3.0
2025-05-29 21:30:00+05:30,30-Year Mortgage RateMAY/29,6.89%,6.86%,,,3.0
2025-05-29 21:30:00+05:30,EIA Crude Oil Imports ChangeMAY/23,,0.11M,,,3.0
2025-05-29 21:30:00+05:30,EIA Gasoline Production ChangeMAY/23,,0.178M,,,3.0
2025-05-29 21:30:00+05:30,EIA Refinery Crude Runs ChangeMAY/23,-0.162M,0.089M,,,3.0
2025-05-29 21:30:00+05:30,EIA Refinery Crude Runs ChangeMAY/23,,0.089M,,,3.0
2025-05-29 21:30:00+05:30,EIA Heating Oil Stocks ChangeMAY/23,,-0.348M,,,3.0
2025-05-29 21:30:00+05:30,EIA Gasoline Stocks ChangeMAY/23,,0.816M,-0.5M,,2.0
2025-05-29 21:30:00+05:30,30-Year Mortgage RateMAY/29,,6.86%,,,3.0
2025-05-29 21:30:00+05:30,7-Year Note Auction,,,,,3.0
2025-05-29 21:30:00+05:30,EIA Cushing Crude Oil Stocks ChangeMAY/23,0.075M,-0.457M,,,3.0
2025-05-29 21:30:00+05:30,EIA Distillate Fuel Production ChangeMAY/23,0.1M,0.131M,,,3.0
2025-05-29 21:30:00+05:30,EIA Cushing Crude Oil Stocks ChangeMAY/23,,-0.457M,,,3.0
2025-05-29 21:30:00+05:30,EIA Crude Oil Stocks ChangeMAY/23,,1.328M,0.6M,,2.0
2025-05-29 21:30:00+05:30,EIA Distillate Stocks ChangeMAY/23,-0.724M,0.579M,0.7M,,3.0
2025-05-29 21:30:00+05:30,EIA Heating Oil Stocks ChangeMAY/23,-0.006M,-0.348M,,,3.0
2025-05-29 21:30:00+05:30,15-Year Mortgage RateMAY/29,,6.01%,,,3.0
2025-05-29 21:30:00+05:30,EIA Distillate Fuel Production ChangeMAY/23,,0.131M,,,3.0
2025-05-29 21:30:00+05:30,EIA Crude Oil Stocks ChangeMAY/23,-2.795M,1.328M,0.6M,,2.0
2025-05-29 22:30:00+05:30,7-Year Note Auction,4.194%,4.123%,,,3.0
2025-05-29 22:30:00+05:30,7-Year Note Auction,,4.123%,,,3.0
2025-05-29 23:30:00+05:30,Fed Kugler Speech,,,,,2.0
2025-05-30 01:30:00+05:30,Fed Daly Speech,,,,,2.0
2025-05-30 02:00:00+05:30,Fed Balance SheetMAY/28,,$6.69T,,,3.0
2025-05-30 02:00:00+05:30,Fed Balance SheetMAY/28,$6.67T,$6.69T,,,3.0
2025-05-30 05:30:00+05:30,Fed Logan Speech,,,,,2.0
2025-05-30 18:00:00+05:30,Core PCE Price Index MoMAPR,,0.0%,0.1%,0.2%,1.0
2025-05-30 18:00:00+05:30,Core PCE Price Index MoMAPR,0.1%,0.1%,0.1%,0.2%,1.0
2025-05-30 18:00:00+05:30,Goods Trade Balance AdvAPR,$-87.62B,$-162.25B,$-141.5B,$-149.0B,2.0
2025-05-30 18:00:00+05:30,Personal Spending MoMAPR,0.2%,0.7%,0.2%,0.1%,1.0
2025-05-30 18:00:00+05:30,Goods Trade Balance AdvAPR,,$-161.99B,$-141.5B,$-149.0B,2.0
2025-05-30 18:00:00+05:30,Wholesale Inventories MoM AdvAPR,,0.4%,0.4%,0%,2.0
2025-05-30 18:00:00+05:30,Personal Spending MoMAPR,,0.7%,0.2%,0.1%,1.0
2025-05-30 18:00:00+05:30,Retail Inventories Ex Autos MoM AdvAPR,0.3%,0.3%,,0.1%,2.0
2025-05-30 18:00:00+05:30,Personal Income MoMAPR,,0.5%,0.3%,0.4%,1.0
2025-05-30 18:00:00+05:30,PCE Price Index YoYAPR,,2.3%,2.2%,2.2%,2.0
2025-05-30 18:00:00+05:30,Retail Inventories Ex Autos MoM AdvAPR,,0.4%,,0.1%,2.0
2025-05-30 18:00:00+05:30,PCE Price Index MoMAPR,,0%,0.1%,0.2%,2.0
2025-05-30 18:00:00+05:30,PCE Price Index YoYAPR,2.1%,2.3%,2.2%,2.2%,2.0
2025-05-30 18:00:00+05:30,PCE Price Index MoMAPR,0.1%,0%,0.1%,0.2%,2.0
2025-05-30 18:00:00+05:30,Wholesale Inventories MoM AdvAPR,0%,0.3%,0.4%,0%,2.0
2025-05-30 18:00:00+05:30,Personal Income MoMAPR,0.8%,0.7%,0.3%,0.4%,1.0
2025-05-30 18:00:00+05:30,Core PCE Price Index YoYAPR,,2.6%,2.5%,2.6%,3.0
2025-05-30 18:00:00+05:30,Core PCE Price Index YoYAPR,2.5%,2.7%,2.5%,2.6%,3.0
2025-05-30 19:15:00+05:30,Chicago PMIMAY,,44.6,45,47,2.0
2025-05-30 19:15:00+05:30,Chicago PMIMAY,40.5,44.6,45,47,2.0
2025-05-30 19:30:00+05:30,Michigan Inflation Expectations FinalMAY,,6.5%,7.3%,7.3%,3.0
2025-05-30 19:30:00+05:30,Michigan Consumer Sentiment FinalMAY,52.2,52.2,51,50.8,2.0
2025-05-30 19:30:00+05:30,Michigan Current Conditions FinalMAY,58.9,59.8,57.6,57.6,3.0
2025-05-30 19:30:00+05:30,Michigan 5 Year Inflation Expectations FinalMAY,,4.4%,4.6%,4.6%,3.0
2025-05-30 19:30:00+05:30,Michigan Consumer Expectations FinalMAY,,47.3,46.5,46.5,3.0
2025-05-30 19:30:00+05:30,Michigan Consumer Sentiment FinalMAY,,52.2,51,50.8,2.0
2025-05-30 19:30:00+05:30,Michigan Consumer Expectations FinalMAY,47.9,47.3,46.5,46.5,3.0
2025-05-30 19:30:00+05:30,Michigan Current Conditions FinalMAY,,59.8,57.6,57.6,3.0
2025-05-30 19:30:00+05:30,Michigan Inflation Expectations FinalMAY,6.6%,6.5%,7.3%,7.3%,3.0
2025-05-30 19:30:00+05:30,Michigan 5 Year Inflation Expectations FinalMAY,4.2%,4.4%,4.6%,4.6%,3.0
2025-05-30 21:50:00+05:30,Fed Bostic Speech,,,,,2.0
2025-05-30 22:30:00+05:30,Baker Hughes Oil Rig CountMAY/30,,465,464,,3.0
2025-05-30 22:30:00+05:30,Baker Hughes Total Rigs CountMAY/30,,566,,,3.0
2025-05-30 22:30:00+05:30,Baker Hughes Total Rigs CountMAY/30,563,566,,,3.0
2025-05-30 22:30:00+05:30,Baker Hughes Oil Rig CountMAY/30,461,465,464,,3.0
2025-05-31 05:00:00+05:30,Fed Goolsbee Speech,,,,,2.0
2025-06-02 05:30:00+05:30,Fed Waller Speech,,,,,2.0
2025-06-02 19:15:00+05:30,S&P Global Manufacturing PMI FinalMAY,,50.2,52.3,52.3,3.0
2025-06-02 19:15:00+05:30,S&P Global Manufacturing PMI FinalMAY,52,50.2,52.3,52.3,3.0
2025-06-02 19:30:00+05:30,Construction Spending MoMAPR,,-0.5%,0.3%,0.1%,3.0
2025-06-02 19:30:00+05:30,ISM Manufacturing EmploymentMAY,46.8,46.5,,47,2.0
2025-06-02 19:30:00+05:30,ISM Manufacturing PricesMAY,69.4,69.8,70.2,71,3.0
2025-06-02 19:30:00+05:30,ISM Manufacturing New OrdersMAY,47.6,47.2,,48,3.0
2025-06-02 19:30:00+05:30,ISM Manufacturing PMIMAY,,48.7,49.5,49,1.0
2025-06-02 19:30:00+05:30,ISM Manufacturing EmploymentMAY,,46.5,,47,2.0
2025-06-02 19:30:00+05:30,ISM Manufacturing New OrdersMAY,,47.2,,48,3.0
2025-06-02 19:30:00+05:30,ISM Manufacturing PMIMAY,48.5,48.7,49.5,49,1.0
2025-06-02 19:30:00+05:30,Construction Spending MoMAPR,-0.4%,-0.8%,0.3%,0.1%,3.0
2025-06-02 19:30:00+05:30,ISM Manufacturing PricesMAY,,69.8,70.2,71,3.0
2025-06-02 19:45:00+05:30,Fed Logan Speech,,,,,2.0
2025-06-02 21:00:00+05:30,3-Month Bill Auction,4.250%,4.255%,,,3.0
2025-06-02 21:00:00+05:30,6-Month Bill Auction,,4.160%,,,3.0
2025-06-02 21:00:00+05:30,3-Month Bill Auction,,4.255%,,,3.0
2025-06-02 21:00:00+05:30,6-Month Bill Auction,4.150%,4.160%,,,3.0
2025-06-02 22:15:00+05:30,Fed Goolsbee Speech,,,,,2.0
2025-06-02 22:30:00+05:30,Fed Chair Powell Speech,,,,,1.0
2025-06-03 15:30:00+05:30,LMI Logistics Managers IndexMAY,59.4,58.8,,,3.0
2025-06-03 18:25:00+05:30,Redbook YoYMAY/31,,6.1%,,,3.0
2025-06-03 18:25:00+05:30,Redbook YoYMAY/31,4.9%,6.1%,,,3.0
2025-06-03 18:25:00+05:30,LMI Logistics Managers IndexMAY,,58.8,,,3.0
2025-06-03 19:30:00+05:30,Factory Orders ex TransportationAPR,,-0.4%,0.2%,0.3%,3.0
2025-06-03 19:30:00+05:30,JOLTs Job QuitsAPR,3.194M,3.344M,,3.3M,3.0
2025-06-03 19:30:00+05:30,Factory Orders ex TransportationAPR,-0.5%,-0.5%,0.2%,0.3%,3.0
2025-06-03 19:30:00+05:30,JOLTs Job QuitsAPR,,3.332M,,3.3M,3.0
2025-06-03 19:30:00+05:30,JOLTs Job OpeningsAPR,7.391M,7.2M,7.10M,7.05M,1.0
2025-06-03 19:30:00+05:30,Factory Orders MoMAPR,-3.7%,3.4%,-3%,-2.2%,2.0
2025-06-03 19:30:00+05:30,JOLTs Job OpeningsAPR,,7.192M,7.10M,7.05M,1.0
2025-06-03 19:30:00+05:30,Factory Orders MoMAPR,,3.4%,-3%,-2.2%,2.0
2025-06-03 19:40:00+05:30,RCM/TIPP Economic Optimism IndexJUN,49.2,47.9,49.1,48.3,3.0
2025-06-03 19:40:00+05:30,Total Vehicle SalesMAY,,17.27M,16.3M,,3.0
2025-06-03 19:40:00+05:30,RCM/TIPP Economic Optimism IndexJUN,,47.9,49.1,48.3,3.0
2025-06-03 19:40:00+05:30,LMI Logistics Managers IndexMAY,,58.8,,,3.0
2025-06-03 22:15:00+05:30,LMI Logistics Managers IndexMAY,,58.8,,,3.0
2025-06-03 22:15:00+05:30,Fed Goolsbee Speech,,,,,2.0
2025-06-03 22:30:00+05:30,Total Vehicle SalesMAY,,17.27M,16.3M,,2.0
2025-06-03 22:30:00+05:30,Fed Cook Speech,,,,,2.0
2025-06-03 22:30:00+05:30,LMI Logistics Managers IndexMAY,,58.8,,,2.0
2025-06-04 01:00:00+05:30,Fed Logan Speech,,,,,2.0
2025-06-04 02:00:00+05:30,Total Vehicle SalesMAY,15.65M,17.25M,16.3M,,3.0
2025-06-04 02:00:00+05:30,API Crude Oil Stock ChangeMAY/30,,-4.236M,-0.9M,,2.0
2025-06-04 03:30:00+05:30,API Crude Oil Stock ChangeMAY/30,-3.3M,-4.236M,-0.9M,,2.0
2025-06-04 16:30:00+05:30,MBA 30-Year Mortgage RateMAY/30,,6.98%,,,2.0
2025-06-04 16:30:00+05:30,MBA Mortgage Refinance IndexMAY/30,611.8,634.1,,,3.0
2025-06-04 16:30:00+05:30,MBA 30-Year Mortgage RateMAY/30,6.92%,6.98%,,,2.0
2025-06-04 16:30:00+05:30,MBA Purchase IndexMAY/30,155,162.1,,,3.0
2025-06-04 16:30:00+05:30,MBA Mortgage Refinance IndexMAY/30,,634.1,,,3.0
2025-06-04 16:30:00+05:30,MBA Mortgage Market IndexMAY/30,,235.7,,,3.0
2025-06-04 16:30:00+05:30,MBA Mortgage Market IndexMAY/30,226.4,235.7,,,3.0
2025-06-04 16:30:00+05:30,MBA Mortgage ApplicationsMAY/30,-3.9%,-1.2%,,,3.0
2025-06-04 16:30:00+05:30,MBA Purchase IndexMAY/30,,162.1,,,3.0
2025-06-04 16:30:00+05:30,MBA Mortgage ApplicationsMAY/30,,-1.2%,,,3.0
2025-06-04 17:45:00+05:30,ADP Employment ChangeMAY,37K,60K,115K,70.0K,2.0
2025-06-04 17:45:00+05:30,ADP Employment ChangeMAY,,62K,115K,70.0K,2.0
2025-06-04 18:00:00+05:30,Fed Bostic Speech,,,,,2.0
2025-06-04 19:15:00+05:30,S&P Global Services PMI FinalMAY,53.7,50.8,52.3,52.3,3.0
2025-06-04 19:15:00+05:30,S&P Global Composite PMI FinalMAY,,50.6,52.1,52.1,3.0
2025-06-04 19:15:00+05:30,S&P Global Services PMI FinalMAY,,50.8,52.3,52.3,3.0
2025-06-04 19:15:00+05:30,S&P Global Composite PMI FinalMAY,53,50.6,52.1,52.1,3.0
2025-06-04 19:30:00+05:30,ISM Services PMIMAY,,51.6,52,52,1.0
2025-06-04 19:30:00+05:30,ISM Services Business ActivityMAY,,53.7,,54,3.0
2025-06-04 19:30:00+05:30,ISM Services PricesMAY,68.7,65.1,,65.7,3.0
2025-06-04 19:30:00+05:30,ISM Services New OrdersMAY,,52.3,52.3,52.6,3.0
2025-06-04 19:30:00+05:30,ISM Services EmploymentMAY,50.7,49.0,,50,3.0
2025-06-04 19:30:00+05:30,ISM Services EmploymentMAY,,49,,50,3.0
2025-06-04 19:30:00+05:30,ISM Services New OrdersMAY,46.4,52.3,52.3,52.6,3.0
2025-06-04 19:30:00+05:30,ISM Services PMIMAY,49.9,51.6,52,52,1.0
2025-06-04 19:30:00+05:30,ISM Services Business ActivityMAY,50.0,53.7,,54,3.0
2025-06-04 19:30:00+05:30,ISM Services PricesMAY,,65.1,,65.7,3.0
2025-06-04 20:00:00+05:30,EIA Crude Oil Stocks ChangeMAY/30,,-2.795M,-2.9M,,2.0
2025-06-04 20:00:00+05:30,EIA Distillate Fuel Production ChangeMAY/30,0.182M,0.1M,,,3.0
2025-06-04 20:00:00+05:30,EIA Distillate Stocks ChangeMAY/30,,-0.724M,2.2M,,3.0
2025-06-04 20:00:00+05:30,EIA Gasoline Stocks ChangeMAY/30,5.219M,-2.441M,1.5M,,2.0
2025-06-04 20:00:00+05:30,EIA Gasoline Production ChangeMAY/30,,0.19M,,,3.0
2025-06-04 20:00:00+05:30,EIA Crude Oil Imports ChangeMAY/30,0.389M,-0.532M,,,3.0
2025-06-04 20:00:00+05:30,EIA Distillate Fuel Production ChangeMAY/30,,0.1M,,,3.0
2025-06-04 20:00:00+05:30,EIA Crude Oil Stocks ChangeMAY/30,-4.304M,-2.795M,-0.9M,,2.0
2025-06-04 20:00:00+05:30,EIA Refinery Crude Runs ChangeMAY/30,0.67M,-0.162M,,,3.0
2025-06-04 20:00:00+05:30,EIA Crude Oil Imports ChangeMAY/30,,-0.532M,,,3.0
2025-06-04 20:00:00+05:30,EIA Gasoline Stocks ChangeMAY/30,,-2.441M,1.5M,,2.0
2025-06-04 20:00:00+05:30,EIA Refinery Crude Runs ChangeMAY/30,,-0.162M,,,3.0
2025-06-04 20:00:00+05:30,EIA Heating Oil Stocks ChangeMAY/30,,-0.006M,,,3.0
2025-06-04 20:00:00+05:30,EIA Cushing Crude Oil Stocks ChangeMAY/30,,0.075M,,,3.0
2025-06-04 20:00:00+05:30,EIA Gasoline Production ChangeMAY/30,-0.714M,0.19M,,,3.0
2025-06-04 20:00:00+05:30,EIA Cushing Crude Oil Stocks ChangeMAY/30,0.576M,0.075M,,,3.0
2025-06-04 20:00:00+05:30,EIA Distillate Stocks ChangeMAY/30,4.23M,-0.724M,2.2M,,3.0
2025-06-04 20:00:00+05:30,EIA Heating Oil Stocks ChangeMAY/30,-0.282M,-0.006M,,,3.0
2025-06-04 21:00:00+05:30,17-Week Bill Auction,4.205%,4.220%,,,3.0
2025-06-04 21:00:00+05:30,17-Week Bill Auction,,4.220%,,,3.0
2025-06-04 22:30:00+05:30,Fed Cook Speech,,,,,2.0
2025-06-04 23:30:00+05:30,Total Vehicle SalesMAY,,17.27M,16.3M,,3.0
2025-06-04 23:30:00+05:30,Fed Beige Book,,,,,3.0
2025-06-05 17:00:00+05:30,Challenger Job CutsMAY,,105.441K,,120.0K,3.0
2025-06-05 17:00:00+05:30,Challenger Job CutsMAY,93.816K,105.441K,,120.0K,3.0
2025-06-05 18:00:00+05:30,Unit Labour Costs QoQ FinalQ1,,2%,5.7%,5.7%,3.0
2025-06-05 18:00:00+05:30,Nonfarm Productivity QoQ FinalQ1,-1.5%,1.7%,-0.8%,-0.8%,3.0
2025-06-05 18:00:00+05:30,Balance of TradeAPR,$-61.6B,$-138.3B,$-94B,$-66.6B,2.0
2025-06-05 18:00:00+05:30,Initial Jobless ClaimsMAY/31,,240K,235K,243.0K,2.0
2025-06-05 18:00:00+05:30,ExportsAPR,$289.4B,$281.1B,,$284.4B,2.0
2025-06-05 18:00:00+05:30,Balance of TradeAPR,,$-140.5B,$-94B,$-66.6B,2.0
2025-06-05 18:00:00+05:30,ImportsAPR,$351B,$419.4B,,$351.0B,2.0
2025-06-05 18:00:00+05:30,Jobless Claims 4-week AverageMAY/31,,230.75K,,232.0K,3.0
2025-06-05 18:00:00+05:30,Nonfarm Productivity QoQ FinalQ1,,1.7%,-0.7%,-0.8%,3.0
2025-06-05 18:00:00+05:30,ImportsAPR,,$419B,,$351.0B,2.0
2025-06-05 18:00:00+05:30,Continuing Jobless ClaimsMAY/24,,1919K,1910K,1921.0K,3.0
2025-06-05 18:00:00+05:30,Initial Jobless ClaimsMAY/31,247K,239K,235K,243.0K,2.0
2025-06-05 18:00:00+05:30,Unit Labour Costs QoQ FinalQ1,6.6%,2%,5.7%,5.7%,3.0
2025-06-05 18:00:00+05:30,Continuing Jobless ClaimsMAY/24,1904K,1907K,1910K,1921.0K,3.0
2025-06-05 18:00:00+05:30,Jobless Claims 4-week AverageMAY/31,235K,230.5K,,232.0K,3.0
2025-06-05 18:00:00+05:30,ExportsAPR,,$278.5B,,$284.4B,2.0
2025-06-05 20:00:00+05:30,EIA Natural Gas Stocks ChangeMAY/30,,101Bcf,111Bcf,,3.0
2025-06-05 20:00:00+05:30,EIA Natural Gas Stocks ChangeMAY/30,122Bcf,101Bcf,111Bcf,,3.0
2025-06-05 21:00:00+05:30,8-Week Bill Auction,,4.225%,,,3.0
2025-06-05 21:00:00+05:30,4-Week Bill Auction,,4.215%,,,3.0
2025-06-05 21:00:00+05:30,8-Week Bill Auction,4.225%,4.225%,,,3.0
2025-06-05 21:00:00+05:30,4-Week Bill Auction,4.170%,4.215%,,,3.0
2025-06-05 21:30:00+05:30,15-Year Mortgage RateJUN/05,5.99%,6.03%,,,3.0
2025-06-05 21:30:00+05:30,30-Year Mortgage RateJUN/05,6.85%,6.89%,,,3.0
2025-06-05 21:30:00+05:30,15-Year Mortgage RateJUN/05,,6.03%,,,3.0
2025-06-05 21:30:00+05:30,Fed Kugler Speech,,,,,2.0
2025-06-05 21:30:00+05:30,30-Year Mortgage RateJUN/05,,6.89%,,,3.0
2025-06-05 23:00:00+05:30,Fed Harker Speech,,,,,2.0
2025-06-06 02:00:00+05:30,Fed Balance SheetJUN/04,$6.67T,$6.67T,,,3.0
2025-06-06 02:00:00+05:30,Fed Balance SheetJUN/04,,$6.67T,,,3.0
2025-06-06 18:00:00+05:30,Nonfarm Payrolls PrivateMAY,,167K,120K,140.0K,3.0
2025-06-06 18:00:00+05:30,Unemployment RateMAY,4.2%,4.2%,4.2%,4.2%,1.0
2025-06-06 18:00:00+05:30,Unemployment RateMAY,,4.2%,4.2%,4.2%,1.0
2025-06-06 18:00:00+05:30,Non Farm PayrollsMAY,,177K,130K,130.0K,1.0
2025-06-06 18:00:00+05:30,Average Hourly Earnings MoMMAY,,0.2%,0.3%,0.2%,2.0
2025-06-06 18:00:00+05:30,Participation RateMAY,62.4%,62.6%,,62.6%,2.0
2025-06-06 18:00:00+05:30,Nonfarm Payrolls PrivateMAY,140K,146K,120K,140.0K,3.0
2025-06-06 18:00:00+05:30,Manufacturing PayrollsMAY,-8K,5K,-1K,3.0K,3.0
2025-06-06 18:00:00+05:30,Participation RateMAY,,62.6%,,62.6%,2.0
2025-06-06 18:00:00+05:30,U-6 Unemployment RateMAY,,7.8%,,7.8%,3.0
2025-06-06 18:00:00+05:30,Manufacturing PayrollsMAY,,-1K,-1K,3.0K,3.0
2025-06-06 18:00:00+05:30,Non Farm PayrollsMAY,139K,147K,130K,130.0K,1.0
2025-06-06 18:00:00+05:30,U-6 Unemployment RateMAY,7.8%,7.8%,,7.8%,3.0
2025-06-06 18:00:00+05:30,Average Weekly HoursMAY,34.3,34.3,34.3,34.3,3.0
2025-06-06 18:00:00+05:30,Average Weekly HoursMAY,,34.3,34.3,34.3,3.0
2025-06-06 18:00:00+05:30,Average Hourly Earnings YoYMAY,3.9%,3.9%,3.7%,3.7%,2.0
2025-06-06 18:00:00+05:30,Average Hourly Earnings YoYMAY,,3.8%,3.7%,3.7%,2.0
2025-06-06 18:00:00+05:30,Used Car Prices YoYMAY,,4.9%,,,3.0
2025-06-06 18:00:00+05:30,Government PayrollsMAY,-1K,1K,,-10.0K,3.0
2025-06-06 18:00:00+05:30,Average Hourly Earnings MoMMAY,0.4%,0.2%,0.3%,0.2%,2.0
2025-06-06 18:00:00+05:30,Used Car Prices MoMMAY,,2.7%,,,3.0
2025-06-06 18:00:00+05:30,Government PayrollsMAY,,10K,,-10.0K,3.0
2025-06-06 18:30:00+05:30,Used Car Prices MoMMAY,-1.4%,2.7%,,,3.0
2025-06-06 18:30:00+05:30,Used Car Prices YoYMAY,4%,4.9%,,,3.0
2025-06-06 19:30:00+05:30,Fed Bowman Speech,,,,,2.0
2025-06-06 22:30:00+05:30,Baker Hughes Total Rigs CountJUN/06,559,563,,,3.0
2025-06-06 22:30:00+05:30,Baker Hughes Oil Rig CountJUN/06,442,451,,,3.0
2025-06-06 22:30:00+05:30,Baker Hughes Oil Rig CountJUN/06,,461,,,3.0
2025-06-06 22:30:00+05:30,Used Car Prices YoYMAY,,4.9%,,,3.0
2025-06-06 22:30:00+05:30,Used Car Prices MoMMAY,,2.7%,,,3.0
2025-06-06 22:30:00+05:30,Baker Hughes Total Rigs CountJUN/06,,563,,,3.0
2025-06-07 00:30:00+05:30,Consumer Credit ChangeAPR,,$10.17B,$10.85B,$9.0B,3.0
2025-06-07 00:30:00+05:30,Consumer Credit ChangeAPR,$17.87B,$8.6B,$10.85B,$9.0B,3.0
2025-06-09 19:30:00+05:30,Wholesale Inventories MoMAPR,0.2%,0.3%,0%,0.0%,3.0
2025-06-09 19:30:00+05:30,Wholesale Inventories MoMAPR,,0.4%,0%,0.0%,3.0
2025-06-09 20:30:00+05:30,Consumer Inflation ExpectationsMAY,3.2%,3.6%,,3.6%,3.0
2025-06-09 20:30:00+05:30,Consumer Inflation ExpectationsMAY,,3.6%,,3.6%,3.0
2025-06-09 21:00:00+05:30,3-Month Bill Auction,4.250%,4.250%,,,3.0
2025-06-09 21:00:00+05:30,6-Month Bill Auction,4.150%,4.150%,,,3.0
2025-06-09 21:00:00+05:30,3-Month Bill Auction,,4.250%,,,3.0
2025-06-09 21:00:00+05:30,6-Month Bill Auction,,4.150%,,,3.0
2025-06-10 15:30:00+05:30,NFIB Business Optimism IndexMAY,98.8,95.8,95.9,96,3.0
2025-06-10 15:30:00+05:30,NFIB Business Optimism IndexMAY,,95.8,95.9,96,3.0
2025-06-10 18:25:00+05:30,Redbook YoYJUN/07,4.7%,4.9%,,,3.0
2025-06-10 18:25:00+05:30,Redbook YoYJUN/07,,4.9%,,,3.0
2025-06-10 21:00:00+05:30,52-Week Bill Auction,3.94%,3.930%,,,3.0
2025-06-10 21:00:00+05:30,52-Week Bill Auction,,3.930%,,,3.0
2025-06-10 22:30:00+05:30,3-Year Note Auction,3.972%,3.824%,,,3.0
2025-06-10 22:30:00+05:30,3-Year Note Auction,,3.824%,,,3.0
2025-06-11 02:00:00+05:30,API Crude Oil Stock ChangeJUN/06,-0.370M,-3.3M,0.7M,,2.0
2025-06-11 02:00:00+05:30,API Crude Oil Stock ChangeJUN/06,,-3.3M,0.7M,,2.0
2025-06-11 16:30:00+05:30,MBA Purchase IndexJUN/06,,155,,,3.0
2025-06-11 16:30:00+05:30,MBA Mortgage Market IndexJUN/06,,226.4,,,3.0
2025-06-11 16:30:00+05:30,MBA 30-Year Mortgage RateJUN/06,,6.92%,,,2.0
2025-06-11 16:30:00+05:30,MBA Mortgage Market IndexJUN/06,254.6,226.4,,,3.0
2025-06-11 16:30:00+05:30,MBA 30-Year Mortgage RateJUN/06,6.93%,6.92%,,,2.0
2025-06-11 16:30:00+05:30,MBA Mortgage Refinance IndexJUN/06,707.4,611.8,,,3.0
2025-06-11 16:30:00+05:30,MBA Purchase IndexJUN/06,170.9,155.0,,,3.0
2025-06-11 16:30:00+05:30,MBA Mortgage ApplicationsJUN/06,,-3.9%,,,3.0
2025-06-11 16:30:00+05:30,MBA Mortgage Refinance IndexJUN/06,,611.8,,,3.0
2025-06-11 16:30:00+05:30,MBA Mortgage ApplicationsJUN/06,12.5%,-3.9%,,,3.0
2025-06-11 18:00:00+05:30,Inflation Rate YoYMAY,,2.3%,2.5%,2.5%,1.0
2025-06-11 18:00:00+05:30,Core Inflation Rate YoYMAY,2.8%,2.8%,2.9%,2.9%,1.0
2025-06-11 18:00:00+05:30,CPIMAY,321.465,320.795,,321.9,2.0
2025-06-11 18:00:00+05:30,Inflation Rate YoYMAY,2.4%,2.3%,2.5%,2.5%,1.0
2025-06-11 18:00:00+05:30,Core Inflation Rate YoYMAY,,2.8%,2.9%,2.9%,1.0
2025-06-11 18:00:00+05:30,CPI s.aMAY,320.580,320.321,,321.6,2.0
2025-06-11 18:00:00+05:30,Core Inflation Rate MoMMAY,,0.2%,0.3%,0.3%,1.0
2025-06-11 18:00:00+05:30,CPI s.aMAY,,320.321,,321.6,2.0
2025-06-11 18:00:00+05:30,Inflation Rate MoMMAY,,0.2%,0.2%,0.2%,1.0
2025-06-11 18:00:00+05:30,Core Inflation Rate MoMMAY,0.1%,0.2%,0.3%,0.3%,1.0
2025-06-11 18:00:00+05:30,Inflation Rate MoMMAY,0.1%,0.2%,0.2%,0.2%,1.0
2025-06-11 18:00:00+05:30,CPIMAY,,320.795,,321.9,2.0
2025-06-11 20:00:00+05:30,EIA Gasoline Production ChangeJUN/06,,-0.714M,,,3.0
2025-06-11 20:00:00+05:30,EIA Refinery Crude Runs ChangeJUN/06,0.228M,0.67M,,,3.0
2025-06-11 20:00:00+05:30,EIA Crude Oil Stocks ChangeJUN/06,-3.644M,-4.304M,-2M,,2.0
2025-06-11 20:00:00+05:30,EIA Heating Oil Stocks ChangeJUN/06,,-0.282M,,,3.0
2025-06-11 20:00:00+05:30,EIA Heating Oil Stocks ChangeJUN/06,0.487M,-0.282M,,,3.0
2025-06-11 20:00:00+05:30,EIA Distillate Stocks ChangeJUN/06,1.246M,4.23M,0.8M,,3.0
2025-06-11 20:00:00+05:30,EIA Distillate Fuel Production ChangeJUN/06,-0.097M,0.182M,,,3.0
2025-06-11 20:00:00+05:30,EIA Crude Oil Imports ChangeJUN/06,,0.389M,,,3.0
2025-06-11 20:00:00+05:30,EIA Cushing Crude Oil Stocks ChangeJUN/06,,0.576M,,,3.0
2025-06-11 20:00:00+05:30,EIA Crude Oil Stocks ChangeJUN/06,,-4.304M,0.1M,,2.0
2025-06-11 20:00:00+05:30,EIA Distillate Stocks ChangeJUN/06,,4.23M,0.8M,,3.0
2025-06-11 20:00:00+05:30,EIA Gasoline Stocks ChangeJUN/06,1.504M,5.219M,0.9M,,2.0
2025-06-11 20:00:00+05:30,EIA Gasoline Production ChangeJUN/06,0.681M,-0.714M,,,3.0
2025-06-11 20:00:00+05:30,EIA Refinery Crude Runs ChangeJUN/06,,0.67M,,,3.0
2025-06-11 20:00:00+05:30,EIA Cushing Crude Oil Stocks ChangeJUN/06,-0.403M,0.576M,,,3.0
2025-06-11 20:00:00+05:30,EIA Distillate Fuel Production ChangeJUN/06,,0.182M,,,3.0
2025-06-11 20:00:00+05:30,EIA Crude Oil Imports ChangeJUN/06,0.451M,0.389M,,,3.0
2025-06-11 20:00:00+05:30,EIA Gasoline Stocks ChangeJUN/06,,5.219M,0.9M,,2.0
2025-06-11 21:00:00+05:30,17-Week Bill Auction,,4.205%,,,3.0
2025-06-11 21:00:00+05:30,17-Week Bill Auction,4.220%,4.205%,,,3.0
2025-06-11 22:30:00+05:30,10-Year Note Auction,4.421%,4.342%,,,3.0
2025-06-11 22:30:00+05:30,10-Year Note Auction,,4.342%,,,3.0
2025-06-11 23:30:00+05:30,Monthly Budget StatementMAY,$-316B,$258B,$-325B,$-312.0B,2.0
2025-06-11 23:30:00+05:30,Monthly Budget StatementMAY,,$258B,$-325B,$-312.0B,2.0
2025-06-12 18:00:00+05:30,Continuing Jobless ClaimsMAY/31,,1904K,,1908.0K,3.0
2025-06-12 18:00:00+05:30,Initial Jobless ClaimsJUN/07,248K,248K,240K,250.0K,2.0
2025-06-12 18:00:00+05:30,"PPI Ex Food, Energy and Trade YoYMAY",,2.9%,,2.9%,3.0
2025-06-12 18:00:00+05:30,Jobless Claims 4-week AverageJUN/07,,235K,,237.0K,3.0
2025-06-12 18:00:00+05:30,"PPI Ex Food, Energy and Trade MoMMAY",0.1%,-0.1%,,0.1%,3.0
2025-06-12 18:00:00+05:30,PPI MoMMAY,0.1%,-0.2%,0.2%,0.1%,1.0
2025-06-12 18:00:00+05:30,Core PPI MoMMAY,,-0.4%,0.3%,-0.1%,2.0
2025-06-12 18:00:00+05:30,Continuing Jobless ClaimsMAY/31,1956K,1902K,1910K,1908.0K,3.0
2025-06-12 18:00:00+05:30,Initial Jobless ClaimsJUN/07,,247K,240K,250.0K,2.0
2025-06-12 18:00:00+05:30,Core PPI MoMMAY,0.1%,-0.2%,0.3%,-0.1%,2.0
2025-06-12 18:00:00+05:30,PPI YoYMAY,,2.4%,2.6%,2.3%,3.0
2025-06-12 18:00:00+05:30,PPI YoYMAY,2.6%,2.5%,2.6%,2.3%,3.0
2025-06-12 18:00:00+05:30,"PPI Ex Food, Energy and Trade MoMMAY",,-0.1%,,0.1%,3.0
2025-06-12 18:00:00+05:30,Jobless Claims 4-week AverageJUN/07,240.25K,235.25K,,237.0K,3.0
2025-06-12 18:00:00+05:30,Core PPI YoYMAY,3%,3.2%,3.1%,3.1%,3.0
2025-06-12 18:00:00+05:30,Core PPI YoYMAY,,3.1%,3.1%,3.1%,3.0
2025-06-12 18:00:00+05:30,PPI MoMMAY,,-0.5%,0.2%,0.1%,1.0
2025-06-12 18:00:00+05:30,"PPI Ex Food, Energy and Trade YoYMAY",2.7%,2.9%,,2.9%,3.0
2025-06-12 18:00:00+05:30,PPIMAY,148.072,147.884,,147.8,3.0
2025-06-12 18:00:00+05:30,PPIMAY,,147.677,,147.8,3.0
2025-06-12 20:00:00+05:30,EIA Natural Gas Stocks ChangeJUN/06,109Bcf,122Bcf,108Bcf,,3.0
2025-06-12 20:00:00+05:30,EIA Natural Gas Stocks ChangeJUN/06,,122Bcf,108Bcf,,3.0
2025-06-12 21:00:00+05:30,8-Week Bill Auction,4.380%,4.225%,,,3.0
2025-06-12 21:00:00+05:30,4-Week Bill Auction,4.080%,4.170%,,,3.0
2025-06-12 21:00:00+05:30,4-Week Bill Auction,,4.170%,,,3.0
2025-06-12 21:00:00+05:30,8-Week Bill Auction,,4.225%,,,3.0
2025-06-12 21:30:00+05:30,15-Year Mortgage RateJUN/12,,5.99%,,,3.0
2025-06-12 21:30:00+05:30,15-Year Mortgage RateJUN/12,5.97%,5.99%,,,3.0
2025-06-12 21:30:00+05:30,WASDE Report,,,,,3.0
2025-06-12 21:30:00+05:30,30-Year Mortgage RateJUN/12,,6.85%,,,3.0
2025-06-12 21:30:00+05:30,30-Year Mortgage RateJUN/12,6.84%,6.85%,,,3.0
2025-06-12 22:30:00+05:30,30-Year Bond Auction,,4.819%,,,3.0
2025-06-12 22:30:00+05:30,30-Year Bond Auction,4.844%,4.819%,,,3.0
2025-06-13 02:00:00+05:30,Fed Balance SheetJUN/11,$6.68T,$6.67T,,,3.0
2025-06-13 02:00:00+05:30,Fed Balance SheetJUN/11,,$6.67T,,,3.0
2025-06-13 19:30:00+05:30,Michigan 5 Year Inflation Expectations PrelJUN,,4.2%,,4.2%,3.0
2025-06-13 19:30:00+05:30,Michigan Inflation Expectations PrelJUN,5.1%,6.6%,,6.6%,3.0
2025-06-13 19:30:00+05:30,Michigan 5 Year Inflation Expectations PrelJUN,4.1%,4.2%,,4.2%,3.0
2025-06-13 19:30:00+05:30,Michigan Current Conditions PrelJUN,,58.9,59.4,58.8,3.0
2025-06-13 19:30:00+05:30,Michigan Consumer Expectations PrelJUN,58.4,47.9,49,48,3.0
2025-06-13 19:30:00+05:30,Michigan Consumer Sentiment PrelJUN,,52.2,53.5,52.1,1.0
2025-06-13 19:30:00+05:30,Michigan Inflation Expectations PrelJUN,,6.6%,,6.6%,3.0
2025-06-13 19:30:00+05:30,Michigan Consumer Sentiment PrelJUN,60.5,52.2,53.5,52.1,1.0
2025-06-13 19:30:00+05:30,Michigan Current Conditions PrelJUN,63.7,58.9,59.4,58.8,3.0
2025-06-13 19:30:00+05:30,Michigan Consumer Expectations PrelJUN,,47.9,49,48,3.0
2025-06-13 22:30:00+05:30,Baker Hughes Total Rigs CountJUN/13,,559,,,3.0
2025-06-13 22:30:00+05:30,Baker Hughes Total Rigs CountJUN/13,555,559,,,3.0
2025-06-13 22:30:00+05:30,Baker Hughes Oil Rig CountJUN/13,439,442,,,3.0
2025-06-13 22:30:00+05:30,Baker Hughes Oil Rig CountJUN/13,,442,,,3.0
2025-06-16 18:00:00+05:30,NY Empire State Manufacturing IndexJUN,,-9.2,-5.5,-6,2.0
2025-06-16 18:00:00+05:30,NY Empire State Manufacturing IndexJUN,-16.00,-9.20,-5.5,-6,2.0
2025-06-16 21:00:00+05:30,6-Month Bill Auction,,4.150%,,,3.0
2025-06-16 21:00:00+05:30,3-Month Bill Auction,4.240%,4.250%,,,3.0
2025-06-16 21:00:00+05:30,6-Month Bill Auction,4.155%,4.150%,,,3.0
2025-06-16 21:00:00+05:30,3-Month Bill Auction,,4.250%,,,3.0
2025-06-16 21:30:00+05:30,NOPA Crush Report,,,,,3.0
2025-06-16 22:30:00+05:30,20-Year Bond Auction,,5.047%,,,3.0
2025-06-16 22:30:00+05:30,20-Year Bond Auction,4.942%,5.047%,,,3.0
2025-06-17 18:00:00+05:30,Import Prices MoMMAY,,0.1%,-0.2%,0.1%,2.0
2025-06-17 18:00:00+05:30,Retail Sales Ex Gas/Autos MoMMAY,,0.2%,,0.2%,3.0
2025-06-17 18:00:00+05:30,Export Prices MoMMAY,,0.1%,-0.1%,0.1%,2.0
2025-06-17 18:00:00+05:30,Export Prices YoYMAY,,2%,,1.7%,3.0
2025-06-17 18:00:00+05:30,Retail Sales Control Group MoMMAY,,-0.2%,,-0.1%,2.0
2025-06-17 18:00:00+05:30,Retail Sales YoYMAY,3.3%,5%,,4.9%,3.0
2025-06-17 18:00:00+05:30,Retail Sales MoMMAY,,0.1%,-0.5%,-0.2%,1.0
2025-06-17 18:00:00+05:30,Retail Sales Ex Autos MoMMAY,,0.1%,0.1%,0.1%,2.0
2025-06-17 18:00:00+05:30,Retail Sales YoYMAY,,5.2%,,4.9%,3.0
2025-06-17 18:00:00+05:30,Import Prices YoYMAY,,0.1%,,0.2%,3.0
2025-06-17 18:00:00+05:30,Export Prices YoYMAY,1.7%,1.9%,,1.7%,3.0
2025-06-17 18:00:00+05:30,Import Prices MoMMAY,0%,0.1%,-0.2%,0.1%,2.0
2025-06-17 18:00:00+05:30,Export Prices MoMMAY,-0.9%,0.1%,-0.2%,0.1%,2.0
2025-06-17 18:00:00+05:30,Retail Sales MoMMAY,-0.9%,-0.1%,-0.7%,-0.4%,1.0
2025-06-17 18:00:00+05:30,Retail Sales Ex Autos MoMMAY,-0.3%,0%,0.1%,0.1%,2.0
2025-06-17 18:00:00+05:30,Retail Sales Ex Gas/Autos MoMMAY,-0.1%,0.1%,,0.2%,3.0
2025-06-17 18:00:00+05:30,Retail Sales Control Group MoMMAY,0.4%,-0.1%,0.3%,0.1%,2.0
2025-06-17 18:00:00+05:30,Import Prices YoYMAY,0.2%,0.1%,,0.2%,3.0
2025-06-17 18:25:00+05:30,Redbook YoYJUN/14,5.2%,4.7%,,,3.0
2025-06-17 18:25:00+05:30,Redbook YoYJUN/14,,4.7%,,,3.0
2025-06-17 18:45:00+05:30,Manufacturing Production MoMMAY,,-0.4%,0.2%,-0.1%,3.0
2025-06-17 18:45:00+05:30,Industrial Production MoMMAY,,0%,0.1%,0.1%,2.0
2025-06-17 18:45:00+05:30,Industrial Production YoYMAY,,1.5%,,1.1%,3.0
2025-06-17 18:45:00+05:30,Manufacturing Production YoYMAY,,1.2%,,0.9%,3.0
2025-06-17 18:45:00+05:30,Manufacturing Production MoMMAY,0.1%,-0.5%,0.2%,-0.1%,3.0
2025-06-17 18:45:00+05:30,Industrial Production MoMMAY,-0.2%,0.1%,0.1%,0.1%,2.0
2025-06-17 18:45:00+05:30,Capacity UtilizationMAY,77.4%,77.7%,77.7%,77.7%,3.0
2025-06-17 18:45:00+05:30,Industrial Production YoYMAY,0.6%,1.4%,,1.1%,3.0
2025-06-17 18:45:00+05:30,Capacity UtilizationMAY,,77.7%,77.7%,77.7%,3.0
2025-06-17 18:45:00+05:30,Manufacturing Production YoYMAY,0.5%,1.1%,,0.9%,3.0
2025-06-17 19:30:00+05:30,Retail Inventories Ex Autos MoMAPR,,0.3%,0.3%,0.3%,3.0
2025-06-17 19:30:00+05:30,NAHB Housing Market IndexJUN,32,34,36,37,2.0
2025-06-17 19:30:00+05:30,Retail Inventories Ex Autos MoMAPR,0.3%,0.3%,0.3%,0.3%,3.0
2025-06-17 19:30:00+05:30,Business Inventories MoMAPR,,0.1%,0%,0.2%,2.0
2025-06-17 19:30:00+05:30,Business Inventories MoMAPR,0%,0.1%,0%,0.2%,2.0
2025-06-17 19:30:00+05:30,NAHB Housing Market IndexJUN,,34,36,37,2.0
2025-06-17 22:30:00+05:30,5-Year TIPS Auction,,1.702%,,,3.0
2025-06-17 22:30:00+05:30,5-Year TIPS Auction,1.650%,1.702%,,,3.0
2025-06-18 02:00:00+05:30,API Crude Oil Stock ChangeJUN/13,,-0.370M,-0.6M,,2.0
2025-06-18 02:00:00+05:30,International Monetary Market (IMM) Date,,,,,3.0
2025-06-18 02:00:00+05:30,API Crude Oil Stock ChangeJUN/13,-10.133M,-0.370M,-0.6M,,2.0
2025-06-18 16:30:00+05:30,MBA Mortgage ApplicationsJUN/13,-2.6%,12.5%,,,3.0
2025-06-18 16:30:00+05:30,MBA Mortgage Market IndexJUN/13,248.1,254.6,,,3.0
2025-06-18 16:30:00+05:30,MBA Mortgage Market IndexJUN/13,,254.6,,,3.0
2025-06-18 16:30:00+05:30,MBA Mortgage ApplicationsJUN/13,,12.5%,,,3.0
2025-06-18 16:30:00+05:30,MBA 30-Year Mortgage RateJUN/13,,6.93%,,,2.0
2025-06-18 16:30:00+05:30,MBA Mortgage Refinance IndexJUN/13,692.4,707.4,,,3.0
2025-06-18 16:30:00+05:30,International Monetary Market (IMM) Date,,,,,3.0
2025-06-18 16:30:00+05:30,MBA Mortgage Refinance IndexJUN/13,,707.4,,,3.0
2025-06-18 16:30:00+05:30,MBA Purchase IndexJUN/13,,170.9,,,3.0
2025-06-18 16:30:00+05:30,MBA 30-Year Mortgage RateJUN/13,6.84%,6.93%,,,2.0
2025-06-18 16:30:00+05:30,MBA Purchase IndexJUN/13,165.8,170.9,,,3.0
2025-06-18 18:00:00+05:30,Building Permits MoM PrelMAY,,-4%,,-1.5%,2.0
2025-06-18 18:00:00+05:30,Continuing Jobless ClaimsJUN/07,,1956K,1940K,1965.0K,3.0
2025-06-18 18:00:00+05:30,Housing Starts MoMMAY,-9.8%,2.7%,,-0.8%,2.0
2025-06-18 18:00:00+05:30,Building Permits PrelMAY,1.393M,1.422M,1.43M,1.4M,1.0
2025-06-18 18:00:00+05:30,Building Permits PrelMAY,,1.422M,1.43M,1.4M,1.0
2025-06-18 18:00:00+05:30,Continuing Jobless ClaimsJUN/07,1945K,1951K,1940K,1965.0K,3.0
2025-06-18 18:00:00+05:30,Jobless Claims 4-week AverageJUN/14,,240.25K,,247.5K,3.0
2025-06-18 18:00:00+05:30,Initial Jobless ClaimsJUN/14,,248K,245K,255.0K,2.0
2025-06-18 18:00:00+05:30,Building Permits MoM PrelMAY,-2%,-4%,,-1.5%,2.0
2025-06-18 18:00:00+05:30,Housing StartsMAY,,1.361M,1.36M,1.35M,1.0
2025-06-18 18:00:00+05:30,Housing StartsMAY,1.256M,1.392M,1.36M,1.35M,1.0
2025-06-18 18:00:00+05:30,Housing Starts MoMMAY,,1.6%,,-0.8%,2.0
2025-06-18 18:00:00+05:30,Jobless Claims 4-week AverageJUN/14,245.5K,240.75K,,247.5K,3.0
2025-06-18 18:00:00+05:30,Initial Jobless ClaimsJUN/14,245K,250K,245K,255.0K,2.0
2025-06-18 18:00:00+05:30,International Monetary Market (IMM) Date,,,,,2.0
2025-06-18 20:00:00+05:30,EIA Crude Oil Stocks ChangeJUN/13,-11.473M,-3.644M,-2.3M,,2.0
2025-06-18 20:00:00+05:30,EIA Crude Oil Stocks ChangeJUN/13,,-3.644M,,,2.0
2025-06-18 20:00:00+05:30,EIA Crude Oil Imports ChangeJUN/13,,0.451M,,,3.0
2025-06-18 20:00:00+05:30,EIA Heating Oil Stocks ChangeJUN/13,0.152M,0.487M,,,3.0
2025-06-18 20:00:00+05:30,EIA Heating Oil Stocks ChangeJUN/13,,0.487M,,,3.0
2025-06-18 20:00:00+05:30,International Monetary Market (IMM) Date,,,,,3.0
2025-06-18 20:00:00+05:30,EIA Distillate Stocks ChangeJUN/13,0.514M,1.246M,,,3.0
2025-06-18 20:00:00+05:30,EIA Refinery Crude Runs ChangeJUN/13,-0.364M,0.228M,,,3.0
2025-06-18 20:00:00+05:30,EIA Cushing Crude Oil Stocks ChangeJUN/13,,-0.403M,,,3.0
2025-06-18 20:00:00+05:30,EIA Crude Oil Imports ChangeJUN/13,-1.747M,0.451M,,,3.0
2025-06-18 20:00:00+05:30,EIA Distillate Fuel Production ChangeJUN/13,0.077M,-0.097M,,,3.0
2025-06-18 20:00:00+05:30,EIA Refinery Crude Runs ChangeJUN/13,,0.228M,,,3.0
2025-06-18 20:00:00+05:30,EIA Cushing Crude Oil Stocks ChangeJUN/13,-0.995M,-0.403M,,,3.0
2025-06-18 20:00:00+05:30,EIA Gasoline Production ChangeJUN/13,0.386M,0.681M,,,3.0
2025-06-18 20:00:00+05:30,EIA Distillate Fuel Production ChangeJUN/13,,-0.097M,,,3.0
2025-06-18 20:00:00+05:30,EIA Gasoline Stocks ChangeJUN/13,0.209M,1.504M,,,2.0
2025-06-18 20:00:00+05:30,EIA Gasoline Stocks ChangeJUN/13,,1.504M,,,2.0
2025-06-18 20:00:00+05:30,EIA Gasoline Production ChangeJUN/13,,0.681M,,,3.0
2025-06-18 20:00:00+05:30,EIA Distillate Stocks ChangeJUN/13,,1.246M,,,3.0
2025-06-18 21:00:00+05:30,4-Week Bill Auction,4.060%,4.080%,,,3.0
2025-06-18 21:00:00+05:30,4-Week Bill Auction,,4.080%,,,3.0
2025-06-18 21:00:00+05:30,8-Week Bill Auction,,4.380%,,,3.0
2025-06-18 21:00:00+05:30,17-Week Bill Auction,,4.220%,,,3.0
2025-06-18 21:00:00+05:30,8-Week Bill Auction,4.470%,4.380%,,,3.0
2025-06-18 21:30:00+05:30,30-Year Mortgage RateJUN/19,6.81%,6.84%,,,3.0
2025-06-18 21:30:00+05:30,30-Year Mortgage RateJUN/19,,6.84%,,,3.0
2025-06-18 21:30:00+05:30,EIA Natural Gas Stocks ChangeJUN/13,95Bcf,109Bcf,96Bcf,,3.0
2025-06-18 21:30:00+05:30,15-Year Mortgage RateJUN/19,5.96%,5.97%,,,3.0
2025-06-18 21:30:00+05:30,15-Year Mortgage RateJUN/19,,5.97%,,,3.0
2025-06-18 21:30:00+05:30,International Monetary Market (IMM) Date,,,,,3.0
2025-06-18 21:30:00+05:30,EIA Natural Gas Stocks ChangeJUN/13,,109Bcf,96Bcf,,3.0
2025-06-18 22:30:00+05:30,17-Week Bill Auction,,4.220%,,,3.0
2025-06-18 22:30:00+05:30,17-Week Bill Auction,4.235%,4.220%,,,3.0
2025-06-18 23:30:00+05:30,Interest Rate Projection - Longer,,3%,,,3.0
2025-06-18 23:30:00+05:30,Fed Interest Rate Decision,,4.5%,4.5%,4.5%,1.0
2025-06-18 23:30:00+05:30,Interest Rate Projection - Current,3.9%,3.9%,,,3.0
2025-06-18 23:30:00+05:30,Fed Interest Rate Decision,4.5%,4.5%,4.5%,4.5%,1.0
2025-06-18 23:30:00+05:30,Interest Rate Projection - Longer,3%,3%,,,3.0
2025-06-18 23:30:00+05:30,International Monetary Market (IMM) Date,,,,,3.0
2025-06-18 23:30:00+05:30,Interest Rate Projection - 2nd Yr,3.4%,3.1%,,,3.0
2025-06-18 23:30:00+05:30,Interest Rate Projection - 1st Yr,3.6%,3.4%,,,3.0
2025-06-18 23:30:00+05:30,Interest Rate Projection - Current,,3.9%,,,3.0
2025-06-18 23:30:00+05:30,Interest Rate Projection - 1st Yr,,3.4%,,,3.0
2025-06-18 23:30:00+05:30,Interest Rate Projection - 2nd Yr,,3.1%,,,3.0
2025-06-18 23:30:00+05:30,FOMC Economic Projections,,,,,1.0
2025-06-19 00:00:00+05:30,Fed Press Conference,,,,,1.0
2025-06-19 01:30:00+05:30,Overall Net Capital FlowsAPR,$-14.2B,$253.1B,,,3.0
2025-06-19 01:30:00+05:30,Overall Net Capital FlowsAPR,,$254.3B,,,3.0
2025-06-19 01:30:00+05:30,Net Long-term TIC FlowsAPR,,$161.8B,,,2.0
2025-06-19 01:30:00+05:30,Net Long-term TIC FlowsAPR,$-7.8B,$162.4B,,,2.0
2025-06-19 01:30:00+05:30,Foreign Bond InvestmentAPR,,$123.3B,,,3.0
2025-06-19 01:30:00+05:30,Foreign Bond InvestmentAPR,$-40.8B,$123.3B,,,3.0
2025-06-19 18:00:00+05:30,Jobless Claims 4-week AverageJUN/14,,240.25K,,247.5K,3.0
2025-06-19 18:00:00+05:30,Initial Jobless ClaimsJUN/14,,248K,,255.0K,2.0
2025-06-19 18:00:00+05:30,Continuing Jobless ClaimsJUN/07,,1956K,,1965.0K,3.0
2025-06-20 02:00:00+05:30,Fed Balance SheetJUN/18,,,,,3.0
2025-06-20 18:00:00+05:30,Philly Fed CAPEX IndexJUN,14.50,27.00,,,3.0
2025-06-20 18:00:00+05:30,Philly Fed EmploymentJUN,,16.5,,,3.0
2025-06-20 18:00:00+05:30,Philly Fed Business ConditionsJUN,,47.2,,,3.0
2025-06-20 18:00:00+05:30,Philly Fed New OrdersJUN,2.3,7.5,,,3.0
2025-06-20 18:00:00+05:30,Philly Fed CAPEX IndexJUN,,27.00,,,3.0
2025-06-20 18:00:00+05:30,Philadelphia Fed Manufacturing IndexJUN,-4.0,-4.0,-1,1,2.0
2025-06-20 18:00:00+05:30,Philly Fed Prices PaidJUN,41.40,59.80,,,3.0
2025-06-20 18:00:00+05:30,Philadelphia Fed Manufacturing IndexJUN,,-4,-1,1,2.0
2025-06-20 18:00:00+05:30,Philly Fed Prices PaidJUN,,59.80,,,3.0
2025-06-20 18:00:00+05:30,Philly Fed EmploymentJUN,-9.8,16.5,,,3.0
2025-06-20 18:00:00+05:30,Philly Fed Business ConditionsJUN,18.3,47.2,,,3.0
2025-06-20 18:00:00+05:30,Philly Fed New OrdersJUN,,7.5,,,3.0
2025-06-20 19:30:00+05:30,CB Leading Index MoMMAY,,-1%,-0.1%,-0.2%,3.0
2025-06-20 19:30:00+05:30,CB Leading Index MoMMAY,-0.1%,-1.4%,-0.1%,-0.2%,3.0
2025-06-20 22:30:00+05:30,Baker Hughes Oil Rig CountJUN/20,438,439,,,3.0
2025-06-20 22:30:00+05:30,Baker Hughes Total Rigs CountJUN/20,,555,,,3.0
2025-06-20 22:30:00+05:30,Baker Hughes Total Rigs CountJUN/20,554,555,,,3.0
2025-06-20 22:30:00+05:30,Baker Hughes Oil Rig CountJUN/20,,439,,,3.0
2025-06-21 02:00:00+05:30,Fed Balance SheetJUN/18,$6.68T,$6.68T,,,3.0
2025-06-21 02:00:00+05:30,Fed Balance SheetJUN/18,,$6.68T,,,3.0
2025-06-22 22:45:00+05:30,Fed Daly Speech,,,,,2.0
2025-06-23 12:30:00+05:30,Fed Waller Speech,,,,,2.0
2025-06-23 19:15:00+05:30,S&P Global Composite PMI FlashJUN,52.8,53,,52.5,2.0
2025-06-23 19:15:00+05:30,S&P Global Services PMI FlashJUN,53.1,53.7,52.9,53,2.0
2025-06-23 19:15:00+05:30,S&P Global Manufacturing PMI FlashJUN,52,52,51,52,2.0
2025-06-23 19:15:00+05:30,S&P Global Manufacturing PMI FlashJUN,,52,51,52,2.0
2025-06-23 19:15:00+05:30,S&P Global Composite PMI FlashJUN,,53,,52.5,2.0
2025-06-23 19:15:00+05:30,S&P Global Services PMI FlashJUN,,53.7,52.9,53,2.0
2025-06-23 19:30:00+05:30,Fed Bowman Speech,,,,,2.0
2025-06-23 19:30:00+05:30,Existing Home Sales MoMMAY,,-0.5%,-1.3%,-2.5%,2.0
2025-06-23 19:30:00+05:30,Existing Home Sales MoMMAY,0.8%,-0.5%,-1.3%,-2.5%,2.0
2025-06-23 19:30:00+05:30,Existing Home SalesMAY,4.03M,4M,3.96M,3.9M,1.0
2025-06-23 19:30:00+05:30,Existing Home SalesMAY,,4M,3.96M,3.9M,1.0
2025-06-23 21:00:00+05:30,6-Month Bill Auction,4.120%,4.155%,,,3.0
2025-06-23 21:00:00+05:30,6-Month Bill Auction,,4.155%,,,3.0
2025-06-23 21:00:00+05:30,3-Month Bill Auction,,4.240%,,,3.0
2025-06-23 21:00:00+05:30,3-Month Bill Auction,4.195%,4.240%,,,3.0
2025-06-23 22:40:00+05:30,Fed Golsbee Speech,,,,,2.0
2025-06-24 00:00:00+05:30,Fed Kugler Speech,,,,,2.0
2025-06-24 18:00:00+05:30,Current AccountQ1,,$-380B,$-443.3B,$-450B,2.0
2025-06-24 18:00:00+05:30,Current AccountQ1,$-450.2B,$-312B,$-443.3B,$-450B,2.0
2025-06-24 18:25:00+05:30,Redbook YoYJUN/21,,5.2%,,,3.0
2025-06-24 18:25:00+05:30,Redbook YoYJUN/21,4.5%,5.2%,,,3.0
2025-06-24 18:30:00+05:30,S&P/Case-Shiller Home Price YoYAPR,3.4%,4.1%,4%,4.0%,2.0
2025-06-24 18:30:00+05:30,House Price Index MoMAPR,-0.4%,0%,0.1%,-0.1%,3.0
2025-06-24 18:30:00+05:30,House Price Index YoYAPR,,3.7%,,3.2%,3.0
2025-06-24 18:30:00+05:30,S&P/Case-Shiller Home Price MoMAPR,0.8%,1.1%,,0.8%,3.0
2025-06-24 18:30:00+05:30,House Price Index MoMAPR,,-0.1%,0.1%,-0.1%,3.0
2025-06-24 18:30:00+05:30,S&P/Case-Shiller Home Price MoMAPR,,1.1%,,0.8%,3.0
2025-06-24 18:30:00+05:30,House Price IndexAPR,,436.6,,436.2,3.0
2025-06-24 18:30:00+05:30,House Price IndexAPR,434.9,436.7,,436.2,3.0
2025-06-24 18:30:00+05:30,S&P/Case-Shiller Home Price YoYAPR,,4.1%,4.2%,4.0%,2.0
2025-06-24 18:30:00+05:30,House Price Index YoYAPR,3%,3.9%,,3.2%,3.0
2025-06-24 18:45:00+05:30,Fed Hammack Speech,,,,,2.0
2025-06-24 19:30:00+05:30,CB Consumer ConfidenceJUN,93,98.4,100,99,2.0
2025-06-24 19:30:00+05:30,Richmond Fed Services Revenues IndexJUN,,-11,,-10,3.0
2025-06-24 19:30:00+05:30,Richmond Fed Manufacturing IndexJUN,,-9,-7,-7,3.0
2025-06-24 19:30:00+05:30,Fed Chair Powell Testimony,,,,,1.0
2025-06-24 19:30:00+05:30,CB Consumer ConfidenceJUN,,98.0,100,99,2.0
2025-06-24 19:30:00+05:30,Richmond Fed Manufacturing Shipments IndexJUN,-3,-10,,-8,3.0
2025-06-24 19:30:00+05:30,Richmond Fed Manufacturing IndexJUN,-7,-9,-7,-7,3.0
2025-06-24 19:30:00+05:30,Richmond Fed Manufacturing Shipments IndexJUN,,-10,,-8,3.0
2025-06-24 19:30:00+05:30,Richmond Fed Services Revenues IndexJUN,-4,-11,,-10,3.0
2025-06-24 21:30:00+05:30,2-Year Note Auction,,3.955%,,,3.0
2025-06-24 22:00:00+05:30,Fed Williams Speech,,,,,2.0
2025-06-24 22:30:00+05:30,2-Year Note Auction,,3.955%,,,3.0
2025-06-24 22:30:00+05:30,Money SupplyMAY,,$21.86T,,,3.0
2025-06-24 22:30:00+05:30,2-Year Note Auction,3.786%,3.955%,,,3.0
2025-06-24 22:30:00+05:30,Money SupplyMAY,$21.94T,$21.86T,,,3.0
2025-06-24 23:15:00+05:30,Fed Kashkari Speech,,,,,2.0
2025-06-24 23:35:00+05:30,Fed Collins Speech,,,,,2.0
2025-06-25 01:30:00+05:30,Fed Barr Speech,,,,,2.0
2025-06-25 02:00:00+05:30,API Crude Oil Stock ChangeJUN/20,,-10.133M,-0.6M,,2.0
2025-06-25 02:00:00+05:30,API Crude Oil Stock ChangeJUN/20,-4.277M,-10.133M,-0.6M,,2.0
2025-06-25 05:45:00+05:30,Fed Schmid Speech,,,,,2.0
2025-06-25 16:30:00+05:30,MBA Mortgage ApplicationsJUN/20,1.1%,-2.6%,,,3.0
2025-06-25 16:30:00+05:30,MBA Mortgage Refinance IndexJUN/20,,692.4,,,3.0
2025-06-25 16:30:00+05:30,MBA 30-Year Mortgage RateJUN/20,,6.84%,,,2.0
2025-06-25 16:30:00+05:30,MBA Mortgage Market IndexJUN/20,,248.1,,,3.0
2025-06-25 16:30:00+05:30,MBA Mortgage Refinance IndexJUN/20,713.4,692.4,,,3.0
2025-06-25 16:30:00+05:30,MBA Mortgage Market IndexJUN/20,250.8,248.1,,,3.0
2025-06-25 16:30:00+05:30,MBA 30-Year Mortgage RateJUN/20,6.88%,6.84%,,,2.0
2025-06-25 16:30:00+05:30,Building Permits FinalMAY,,1.422M,,,3.0
2025-06-25 16:30:00+05:30,MBA Purchase IndexJUN/20,165.2,165.8,,,3.0
2025-06-25 16:30:00+05:30,MBA Mortgage ApplicationsJUN/20,,-2.6%,,,3.0
2025-06-25 16:30:00+05:30,Building Permits MoM FinalMAY,,-4%,,,3.0
2025-06-25 16:30:00+05:30,MBA Purchase IndexJUN/20,,165.8,,,3.0
2025-06-25 18:00:00+05:30,Building Permits FinalMAY,1.394M,1.422M,1.393M,1.393M,3.0
2025-06-25 18:00:00+05:30,Building Permits MoM FinalMAY,-2%,-4%,-2%,-2.0%,3.0
2025-06-25 19:30:00+05:30,Fed Chair Powell Testimony,,,,,1.0
2025-06-25 19:30:00+05:30,New Home SalesMAY,0.623M,0.722M,0.69M,0.7M,2.0
2025-06-25 19:30:00+05:30,Building Permits FinalMAY,,1.422M,,,2.0
2025-06-25 19:30:00+05:30,New Home Sales MoMMAY,,10.9%,,-5.8%,2.0
2025-06-25 19:30:00+05:30,New Home Sales MoMMAY,-13.7%,9.6%,,-5.8%,2.0
2025-06-25 19:30:00+05:30,Building Permits MoM FinalMAY,,-4%,,,2.0
2025-06-25 19:30:00+05:30,New Home SalesMAY,,0.743M,0.69M,0.7M,2.0
2025-06-25 20:00:00+05:30,EIA Refinery Crude Runs ChangeJUN/20,0.125M,-0.364M,,,3.0
2025-06-25 20:00:00+05:30,EIA Distillate Stocks ChangeJUN/20,,0.514M,0.7M,,3.0
2025-06-25 20:00:00+05:30,EIA Distillate Fuel Production ChangeJUN/20,-0.185M,0.077M,,,3.0
2025-06-25 20:00:00+05:30,EIA Gasoline Production ChangeJUN/20,0.008M,0.386M,,,3.0
2025-06-25 20:00:00+05:30,EIA Cushing Crude Oil Stocks ChangeJUN/20,-0.464M,-0.995M,,,3.0
2025-06-25 20:00:00+05:30,EIA Crude Oil Stocks ChangeJUN/20,-5.836M,-11.473M,-0.75M,,2.0
2025-06-25 20:00:00+05:30,EIA Gasoline Stocks ChangeJUN/20,-2.075M,0.209M,0.25M,,2.0
2025-06-25 20:00:00+05:30,EIA Crude Oil Imports ChangeJUN/20,0.531M,-1.747M,,,3.0
2025-06-25 20:00:00+05:30,EIA Gasoline Production ChangeJUN/20,,0.386M,,,3.0
2025-06-25 20:00:00+05:30,EIA Refinery Crude Runs ChangeJUN/20,,-0.364M,,,3.0
2025-06-25 20:00:00+05:30,EIA Crude Oil Stocks ChangeJUN/20,,-11.473M,-0.6M,,2.0
2025-06-25 20:00:00+05:30,EIA Distillate Stocks ChangeJUN/20,-4.066M,0.514M,0.4M,,3.0
2025-06-25 20:00:00+05:30,EIA Heating Oil Stocks ChangeJUN/20,,0.152M,,,3.0
2025-06-25 20:00:00+05:30,EIA Cushing Crude Oil Stocks ChangeJUN/20,,-0.995M,,,3.0
2025-06-25 20:00:00+05:30,EIA Gasoline Stocks ChangeJUN/20,,0.209M,0.25M,,2.0
2025-06-25 20:00:00+05:30,EIA Crude Oil Imports ChangeJUN/20,,-1.747M,,,3.0
2025-06-25 20:00:00+05:30,EIA Distillate Fuel Production ChangeJUN/20,,0.077M,,,3.0
2025-06-25 20:00:00+05:30,EIA Heating Oil Stocks ChangeJUN/20,-0.716M,0.152M,,,3.0
2025-06-25 21:00:00+05:30,2-Year FRN Auction,,0.144%,,,3.0
2025-06-25 21:00:00+05:30,17-Week Bill Auction,4.195%,4.235%,,,3.0
2025-06-25 21:00:00+05:30,Building Permits MoM FinalMAY,,-4%,,,3.0
2025-06-25 21:00:00+05:30,2-Year FRN Auction,0.157%,0.144%,,,3.0
2025-06-25 21:00:00+05:30,Building Permits FinalMAY,,1.422M,,,3.0
2025-06-25 21:00:00+05:30,17-Week Bill Auction,,4.235%,,,3.0
2025-06-25 21:30:00+05:30,Building Permits FinalMAY,,1.422M,,,3.0
2025-06-25 21:30:00+05:30,Building Permits MoM FinalMAY,,-4%,,,3.0
2025-06-25 21:30:00+05:30,5-Year Note Auction,,4.071%,,,3.0
2025-06-25 22:30:00+05:30,Building Permits MoM FinalMAY,,-4%,-2%,-2.0%,3.0
2025-06-25 22:30:00+05:30,2-Year FRN Auction,,0.144%,,,3.0
2025-06-25 22:30:00+05:30,5-Year Note Auction,3.879%,4.071%,,,3.0
2025-06-25 22:30:00+05:30,5-Year Note Auction,,4.071%,,,3.0
2025-06-25 22:30:00+05:30,Building Permits MoM FinalMAY,-2%,-4%,-2%,-2.0%,3.0
2025-06-25 22:30:00+05:30,Building Permits FinalMAY,,1.422M,1.393M,1.393M,3.0
2025-06-26 17:30:00+05:30,Fed Barkin Speech,,,,,2.0
2025-06-26 18:00:00+05:30,Jobless Claims 4-week AverageJUN/21,,245.5K,,247.0K,3.0
2025-06-26 18:00:00+05:30,GDP Sales QoQ FinalQ1,-3.1%,3.3%,-2.9%,-2.9%,3.0
2025-06-26 18:00:00+05:30,Wholesale Inventories MoM AdvMAY,,0.2%,0.1%,0.1%,2.0
2025-06-26 18:00:00+05:30,Core PCE Prices QoQ FinalQ1,3.5%,2.6%,3.4%,3.4%,3.0
2025-06-26 18:00:00+05:30,Durable Goods Orders ex Defense MoMMAY,,-7.5%,,4.3%,3.0
2025-06-26 18:00:00+05:30,GDP Price Index QoQ FinalQ1,,2.3%,3.7%,3.7%,2.0
2025-06-26 18:00:00+05:30,GDP Sales QoQ FinalQ1,,3.3%,-2.9%,-2.9%,3.0
2025-06-26 18:00:00+05:30,GDP Growth Rate QoQ FinalQ1,-0.5%,2.4%,-0.2%,-0.2%,1.0
2025-06-26 18:00:00+05:30,Continuing Jobless ClaimsJUN/14,1974K,1937K,1950K,1947.0K,3.0
2025-06-26 18:00:00+05:30,Non Defense Goods Orders Ex AirMAY,,-1.3%,,0.1%,3.0
2025-06-26 18:00:00+05:30,Durable Goods Orders ex Defense MoMMAY,15.5%,-7.7%,,4.3%,3.0
2025-06-26 18:00:00+05:30,Continuing Jobless ClaimsJUN/14,,1945K,1950K,1947.0K,3.0
2025-06-26 18:00:00+05:30,Retail Inventories Ex Autos MoM AdvMAY,0.2%,0.3%,,0.1%,2.0
2025-06-26 18:00:00+05:30,Real Consumer Spending QoQ FinalQ1,,4%,1.2%,1.2%,3.0
2025-06-26 18:00:00+05:30,PCE Prices QoQ FinalQ1,,2.4%,3.6%,3.6%,3.0
2025-06-26 18:00:00+05:30,Retail Inventories Ex Autos MoM AdvMAY,,0.3%,,0.1%,2.0
2025-06-26 18:00:00+05:30,Initial Jobless ClaimsJUN/21,,245K,245K,247.0K,2.0
2025-06-26 18:00:00+05:30,Chicago Fed National Activity IndexMAY,-0.28,-0.36,,-0.1,2.0
2025-06-26 18:00:00+05:30,Durable Goods Orders MoMMAY,,-6.3%,7.2%,5.2%,1.0
2025-06-26 18:00:00+05:30,Durable Goods Orders Ex Transp MoMMAY,0.5%,0%,0%,0.1%,2.0
2025-06-26 18:00:00+05:30,Jobless Claims 4-week AverageJUN/21,245K,245.75K,,247.0K,3.0
2025-06-26 18:00:00+05:30,Initial Jobless ClaimsJUN/21,236K,246K,245K,247.0K,2.0
2025-06-26 18:00:00+05:30,Goods Trade Balance AdvMAY,,$-87.62B,$-88.5B,$-91.0B,2.0
2025-06-26 18:00:00+05:30,GDP Price Index QoQ FinalQ1,3.8%,2.3%,3.7%,3.7%,2.0
2025-06-26 18:00:00+05:30,Corporate Profits QoQ FinalQ1,,5.9%,-3.6%,-3.6%,2.0
2025-06-26 18:00:00+05:30,Wholesale Inventories MoM AdvMAY,-0.3%,0.2%,0.1%,0.1%,2.0
2025-06-26 18:00:00+05:30,Non Defense Goods Orders Ex AirMAY,1.7%,-1.4%,0.1%,0.1%,3.0
2025-06-26 18:00:00+05:30,Chicago Fed National Activity IndexMAY,,-0.25,,-0.1,2.0
2025-06-26 18:00:00+05:30,Durable Goods Orders Ex Transp MoMMAY,,0.2%,0%,0.1%,2.0
2025-06-26 18:00:00+05:30,Corporate Profits QoQ FinalQ1,-3.3%,5.9%,-3.6%,-3.6%,2.0
2025-06-26 18:00:00+05:30,GDP Growth Rate QoQ FinalQ1,,2.4%,-0.2%,-0.2%,1.0
2025-06-26 18:00:00+05:30,Durable Goods Orders MoMMAY,16.4%,-6.6%,8.5%,5.2%,1.0
2025-06-26 18:00:00+05:30,Real Consumer Spending QoQ FinalQ1,0.5%,4%,1.2%,1.2%,3.0
2025-06-26 18:00:00+05:30,PCE Prices QoQ FinalQ1,3.7%,2.4%,3.6%,3.6%,3.0
2025-06-26 18:00:00+05:30,Core PCE Prices QoQ FinalQ1,,2.6%,3.4%,3.4%,3.0
2025-06-26 18:00:00+05:30,Goods Trade Balance AdvMAY,$-96.59B,$-86.97B,$-88.5B,$-91.0B,2.0
2025-06-26 18:30:00+05:30,Fed Hammack Speech,,,,,2.0
2025-06-26 19:30:00+05:30,Pending Home Sales YoYMAY,1.1%,-2.5%,,-2.1%,2.0
2025-06-26 19:30:00+05:30,Pending Home Sales MoMMAY,1.8%,-6.3%,-0.3%,-0.3%,2.0
2025-06-26 19:30:00+05:30,Pending Home Sales YoYMAY,,-2.5%,,-2.1%,2.0
2025-06-26 19:30:00+05:30,Pending Home Sales MoMMAY,,-6.3%,-0.3%,-0.3%,2.0
2025-06-26 20:00:00+05:30,EIA Natural Gas Stocks ChangeJUN/20,,95Bcf,88Bcf,,3.0
2025-06-26 20:00:00+05:30,EIA Natural Gas Stocks ChangeJUN/20,96Bcf,95Bcf,88Bcf,,3.0
2025-06-26 20:30:00+05:30,Kansas Fed Manufacturing IndexJUN,,-10,,-5,3.0
2025-06-26 20:30:00+05:30,Kansas Fed Composite IndexJUN,,-3,,-4,3.0
2025-06-26 20:30:00+05:30,Kansas Fed Manufacturing IndexJUN,5,-10,,-5,3.0
2025-06-26 20:30:00+05:30,Kansas Fed Composite IndexJUN,-2,-3,,-4,3.0
2025-06-26 21:00:00+05:30,8-Week Bill Auction,,4.470%,,,3.0
2025-06-26 21:00:00+05:30,4-Week Bill Auction,,4.060%,,,3.0
2025-06-26 21:00:00+05:30,4-Week Bill Auction,4.000%,4.060%,,,3.0
2025-06-26 21:00:00+05:30,8-Week Bill Auction,4.390%,4.470%,,,3.0
2025-06-26 21:30:00+05:30,7-Year Note Auction,,4.194%,,,3.0
2025-06-26 21:30:00+05:30,30-Year Mortgage RateJUN/26,6.77%,6.81%,,,3.0
2025-06-26 21:30:00+05:30,30-Year Mortgage RateJUN/26,,6.81%,,,3.0
2025-06-26 21:30:00+05:30,15-Year Mortgage RateJUN/26,5.89%,5.96%,,,3.0
2025-06-26 21:30:00+05:30,15-Year Mortgage RateJUN/26,,5.96%,,,3.0
2025-06-26 22:30:00+05:30,7-Year Note Auction,4.022%,4.194%,,,3.0
2025-06-26 22:30:00+05:30,7-Year Note Auction,,4.194%,,,3.0
2025-06-26 22:45:00+05:30,Fed Barr Speech,,,,,2.0
2025-06-27 02:00:00+05:30,Fed Balance SheetJUN/25,,$6.68T,,,3.0
2025-06-27 02:00:00+05:30,Fed Balance SheetJUN/25,$6.67T,$6.68T,,,3.0
2025-06-27 04:30:00+05:30,Fed Kashkari Speech,,,,,2.0
2025-06-27 17:00:00+05:30,Fed Williams Speech,,,,,2.0
2025-06-27 18:00:00+05:30,Personal Spending MoMMAY,,0.2%,0.1%,0.1%,1.0
2025-06-27 18:00:00+05:30,Core PCE Price Index YoYMAY,2.7%,2.6%,2.6%,2.6%,3.0
2025-06-27 18:00:00+05:30,PCE Price Index YoYMAY,2.3%,2.2%,2.3%,2.2%,2.0
2025-06-27 18:00:00+05:30,PCE Price Index MoMMAY,0.1%,0.1%,0.1%,0.1%,2.0
2025-06-27 18:00:00+05:30,PCE Price Index YoYMAY,,2.1%,2.3%,2.2%,2.0
2025-06-27 18:00:00+05:30,Core PCE Price Index MoMMAY,,0.1%,0.1%,0.1%,1.0
2025-06-27 18:00:00+05:30,Personal Spending MoMMAY,-0.1%,0.2%,0.1%,0.1%,1.0
2025-06-27 18:00:00+05:30,PCE Price Index MoMMAY,,0.1%,0.1%,0.1%,2.0
2025-06-27 18:00:00+05:30,Personal Income MoMMAY,-0.4%,0.7%,0.3%,0.4%,1.0
2025-06-27 18:00:00+05:30,Core PCE Price Index YoYMAY,,2.5%,2.6%,2.6%,3.0
2025-06-27 18:00:00+05:30,Personal Income MoMMAY,,0.8%,0.3%,0.4%,1.0
2025-06-27 18:00:00+05:30,Core PCE Price Index MoMMAY,0.2%,0.1%,0.1%,0.1%,1.0
2025-06-27 18:45:00+05:30,Fed Hammack Speech,,,,,2.0
2025-06-27 18:45:00+05:30,Fed Cook Speech,,,,,2.0
2025-06-27 19:30:00+05:30,Michigan Consumer Expectations FinalJUN,,47.9,58.4,58.4,3.0
2025-06-27 19:30:00+05:30,Michigan 5 Year Inflation Expectations FinalJUN,4%,4.2%,4.1%,4.1%,3.0
2025-06-27 19:30:00+05:30,Michigan Current Conditions FinalJUN,64.8,58.9,63.7,63.7,3.0
2025-06-27 19:30:00+05:30,Michigan Inflation Expectations FinalJUN,,6.6%,5.1%,5.1%,3.0
2025-06-27 19:30:00+05:30,Michigan Consumer Sentiment FinalJUN,,52.2,60.5,60.5,2.0
2025-06-27 19:30:00+05:30,Michigan Current Conditions FinalJUN,,58.9,63.7,63.7,3.0
2025-06-27 19:30:00+05:30,Michigan Consumer Expectations FinalJUN,58.1,47.9,58.4,58.4,3.0
2025-06-27 19:30:00+05:30,Michigan Inflation Expectations FinalJUN,5%,6.6%,5.1%,5.1%,3.0
2025-06-27 19:30:00+05:30,Michigan Consumer Sentiment FinalJUN,60.7,52.2,60.5,60.5,2.0
2025-06-27 19:30:00+05:30,Michigan 5 Year Inflation Expectations FinalJUN,,4.2%,4.1%,4.1%,3.0
2025-06-27 22:30:00+05:30,Baker Hughes Oil Rig CountJUN/27,,438,436,,3.0
2025-06-27 22:30:00+05:30,Baker Hughes Total Rigs CountJUN/27,,554,,,3.0
2025-06-27 22:30:00+05:30,Baker Hughes Oil Rig CountJUN/27,432,438,436,,3.0
2025-06-27 22:30:00+05:30,Baker Hughes Total Rigs CountJUN/27,547,554,,,3.0
2025-06-30 19:15:00+05:30,Chicago PMIJUN,,40.5,42.7,44,2.0
2025-06-30 19:15:00+05:30,Chicago PMIJUN,40.4,40.5,43,44,2.0
2025-06-30 19:30:00+05:30,Fed Bostic Speech,,,,,2.0
2025-06-30 20:00:00+05:30,Dallas Fed Manufacturing IndexJUN,-12.7,-15.3,,-10,2.0
2025-06-30 20:00:00+05:30,Dallas Fed Manufacturing IndexJUN,,-15.3,,-10,2.0
2025-06-30 21:00:00+05:30,6-Month Bill Auction,,4.120%,,,3.0
2025-06-30 21:00:00+05:30,6-Month Bill Auction,4.110%,4.120%,,,3.0
2025-06-30 21:00:00+05:30,3-Month Bill Auction,4.235%,4.195%,,,3.0
2025-06-30 21:00:00+05:30,3-Month Bill Auction,,4.195%,,,3.0
2025-06-30 21:30:00+05:30,Quarterly Grain Stocks - WheatJUN,0.85B,1.24B,0.84B,,3.0
2025-06-30 21:30:00+05:30,Quarterly Grain Stocks - CornJUN,,8.15B,4.65B,,3.0
2025-06-30 21:30:00+05:30,Quarterly Grain Stocks - SoyJUN,,1.91B,,,3.0
2025-06-30 21:30:00+05:30,Quarterly Grain Stocks - CornJUN,4.64B,8.15B,4.65B,,3.0
2025-06-30 21:30:00+05:30,Quarterly Grain Stocks - WheatJUN,,1.24B,0.84B,,3.0
2025-06-30 21:30:00+05:30,Quarterly Grain Stocks - SoyJUN,1.02B,1.91B,0.97B,,3.0
2025-06-30 22:00:00+05:30,Quarterly Grain Stocks - SoyJUN,,1.91B,,,3.0
2025-06-30 22:00:00+05:30,Quarterly Grain Stocks - CornJUN,,8.15B,,,3.0
2025-06-30 22:00:00+05:30,Quarterly Grain Stocks - WheatJUN,,1.24B,,,3.0
2025-06-30 22:30:00+05:30,Fed Golsbee Speech,,,,,2.0
2025-07-01 16:00:00+05:30,LMI Logistics Managers IndexJUN,60.7,59.4,,,3.0
2025-07-01 18:25:00+05:30,LMI Logistics Managers IndexJUN,,59.4,,,3.0
2025-07-01 18:25:00+05:30,Redbook YoYJUN/28,,4.5%,,,3.0
2025-07-01 18:25:00+05:30,Redbook YoYJUN/28,4.9%,4.5%,,,3.0
2025-07-01 19:00:00+05:30,Fed Chair Powell Speech,,,,,2.0
2025-07-01 19:15:00+05:30,S&P Global Manufacturing PMI FinalJUN,52.9,52,52,52,3.0
2025-07-01 19:15:00+05:30,S&P Global Manufacturing PMI FinalJUN,,52,52,52,3.0
2025-07-01 19:30:00+05:30,ISM Manufacturing New OrdersJUN,46.4,47.6,,48.3,3.0
2025-07-01 19:30:00+05:30,ISM Manufacturing PMIJUN,49.0,48.5,48.8,49.2,1.0
2025-07-01 19:30:00+05:30,JOLTs Job QuitsMAY,3.293M,3.215M,,3.18M,3.0
2025-07-01 19:30:00+05:30,JOLTs Job OpeningsMAY,7.769M,7.395M,7.3M,7.1M,1.0
2025-07-01 19:30:00+05:30,ISM Manufacturing PricesJUN,69.7,69.4,69,69.7,3.0
2025-07-01 19:30:00+05:30,ISM Manufacturing EmploymentJUN,45.0,46.8,47,48,2.0
2025-07-01 19:30:00+05:30,Construction Spending MoMMAY,,-0.4%,-0.1%,-0.2%,3.0
2025-07-01 19:30:00+05:30,ISM Manufacturing PMIJUN,,48.5,48.8,49.2,1.0
2025-07-01 19:30:00+05:30,ISM Manufacturing New OrdersJUN,,47.6,,48.3,3.0
2025-07-01 19:30:00+05:30,ISM Manufacturing PricesJUN,,69.4,69,69.7,3.0
2025-07-01 19:30:00+05:30,Construction Spending MoMMAY,-0.3%,-0.2%,-0.2%,-0.2%,3.0
2025-07-01 19:30:00+05:30,ISM Manufacturing EmploymentJUN,,46.8,,48,2.0
2025-07-01 19:30:00+05:30,JOLTs Job OpeningsMAY,,7.391M,7.3M,7.1M,1.0
2025-07-01 19:30:00+05:30,JOLTs Job QuitsMAY,,3.194M,,3.18M,3.0
2025-07-01 19:40:00+05:30,RCM/TIPP Economic Optimism IndexJUL,48.6,49.2,50.1,49.5,3.0
2025-07-01 19:40:00+05:30,RCM/TIPP Economic Optimism IndexJUL,,49.2,50.1,49.5,3.0
2025-07-01 20:00:00+05:30,Dallas Fed Services IndexJUN,-4.4,-10.1,,-9,3.0
2025-07-01 20:00:00+05:30,LMI Logistics Managers IndexJUN,,59.4,,,3.0
2025-07-01 20:00:00+05:30,Dallas Fed Services Revenues IndexJUN,-4.1,-4.7,,-4,3.0
2025-07-01 20:00:00+05:30,Dallas Fed Services IndexJUN,,-10.1,,-9,3.0
2025-07-01 20:00:00+05:30,Dallas Fed Services Revenues IndexJUN,,-4.7,,-4,3.0
2025-07-01 22:30:00+05:30,LMI Logistics Managers IndexJUN,,59.4,,,2.0
2025-07-02 02:00:00+05:30,API Crude Oil Stock ChangeJUN/27,0.680M,-4.277M,-2.26M,,2.0
2025-07-02 02:00:00+05:30,API Crude Oil Stock ChangeJUN/27,,-4.277M,-2.26M,,2.0
2025-07-02 04:30:00+05:30,Total Vehicle SalesJUN,15.3M,15.7M,15.5M,,3.0
2025-07-02 16:30:00+05:30,MBA Mortgage ApplicationsJUN/27,2.7%,1.1%,,,3.0
2025-07-02 16:30:00+05:30,MBA Mortgage Market IndexJUN/27,,250.8,,,3.0
2025-07-02 16:30:00+05:30,MBA Mortgage ApplicationsJUN/27,,1.1%,,,3.0
2025-07-02 16:30:00+05:30,MBA 30-Year Mortgage RateJUN/27,,6.88%,,,2.0
2025-07-02 16:30:00+05:30,MBA Mortgage Refinance IndexJUN/27,759.7,713.4,,,3.0
2025-07-02 16:30:00+05:30,MBA Mortgage Refinance IndexJUN/27,,713.4,,,3.0
2025-07-02 16:30:00+05:30,MBA Purchase IndexJUN/27,,165.2,,,3.0
2025-07-02 16:30:00+05:30,MBA 30-Year Mortgage RateJUN/27,6.79%,6.88%,,,2.0
2025-07-02 16:30:00+05:30,MBA Mortgage Market IndexJUN/27,257.5,250.8,,,3.0
2025-07-02 16:30:00+05:30,MBA Purchase IndexJUN/27,165.3,165.2,,,3.0
2025-07-02 17:00:00+05:30,Challenger Job CutsJUN,,93.816K,,110.0K,3.0
2025-07-02 17:00:00+05:30,Challenger Job CutsJUN,47.999K,93.816K,,110.0K,3.0
2025-07-02 17:45:00+05:30,ADP Employment ChangeJUN,-33K,29K,95K,90.0K,2.0
2025-07-02 17:45:00+05:30,ADP Employment ChangeJUN,,37K,95K,90.0K,2.0
2025-07-02 20:00:00+05:30,EIA Distillate Stocks ChangeJUN/27,,-4.066M,,,3.0
2025-07-02 20:00:00+05:30,EIA Gasoline Production ChangeJUN/27,,0.008M,,,3.0
2025-07-02 20:00:00+05:30,EIA Cushing Crude Oil Stocks ChangeJUN/27,,-0.464M,,,3.0
2025-07-02 20:00:00+05:30,EIA Crude Oil Stocks ChangeJUN/27,3.845M,-5.836M,-2M,,2.0
2025-07-02 20:00:00+05:30,EIA Crude Oil Stocks ChangeJUN/27,,-5.836M,,,2.0
2025-07-02 20:00:00+05:30,EIA Gasoline Stocks ChangeJUN/27,,-2.075M,,,2.0
2025-07-02 20:00:00+05:30,EIA Distillate Stocks ChangeJUN/27,-1.71M,-4.066M,-1.25M,,3.0
2025-07-02 20:00:00+05:30,EIA Gasoline Stocks ChangeJUN/27,4.188M,-2.075M,-0.94M,,2.0
2025-07-02 20:00:00+05:30,EIA Refinery Crude Runs ChangeJUN/27,,0.125M,,,3.0
2025-07-02 20:00:00+05:30,EIA Crude Oil Imports ChangeJUN/27,,0.531M,,,3.0
2025-07-02 20:00:00+05:30,EIA Distillate Fuel Production ChangeJUN/27,0.245M,-0.185M,,,3.0
2025-07-02 20:00:00+05:30,EIA Heating Oil Stocks ChangeJUN/27,-0.202M,-0.716M,,,3.0
2025-07-02 20:00:00+05:30,EIA Crude Oil Imports ChangeJUN/27,2.94M,0.531M,,,3.0
2025-07-02 20:00:00+05:30,EIA Gasoline Production ChangeJUN/27,-0.491M,0.008M,,,3.0
2025-07-02 20:00:00+05:30,Total Vehicle SalesJUN,,15.65M,,,3.0
2025-07-02 20:00:00+05:30,EIA Distillate Fuel Production ChangeJUN/27,,-0.185M,,,3.0
2025-07-02 20:00:00+05:30,EIA Refinery Crude Runs ChangeJUN/27,0.118M,0.125M,,,3.0
2025-07-02 20:00:00+05:30,EIA Heating Oil Stocks ChangeJUN/27,,-0.716M,,,3.0
2025-07-02 20:00:00+05:30,EIA Cushing Crude Oil Stocks ChangeJUN/27,-1.493M,-0.464M,,,3.0
2025-07-02 21:00:00+05:30,17-Week Bill Auction,4.185%,4.195%,,,3.0
2025-07-02 21:00:00+05:30,Total Vehicle SalesJUN,15.3M,15.7M,15.5M,,3.0
2025-07-02 21:00:00+05:30,Total Vehicle SalesJUN,,15.65M,15.5M,,3.0
2025-07-02 21:00:00+05:30,17-Week Bill Auction,,4.195%,,,3.0
2025-07-03 18:00:00+05:30,ImportsMAY,$350.5B,$350.8B,,$350.0B,2.0
2025-07-03 18:00:00+05:30,U-6 Unemployment RateJUN,7.7%,7.8%,,7.8%,3.0
2025-07-03 18:00:00+05:30,Average Hourly Earnings MoMJUN,0.2%,0.4%,0.3%,0.2%,2.0
2025-07-03 18:00:00+05:30,U-6 Unemployment RateJUN,,7.8%,,7.8%,3.0
2025-07-03 18:00:00+05:30,Government PayrollsJUN,,-1K,,0.0K,3.0
2025-07-03 18:00:00+05:30,ImportsMAY,,$351B,,$350.0B,2.0
2025-07-03 18:00:00+05:30,Non Farm PayrollsJUN,147K,144K,110K,100.0K,1.0
2025-07-03 18:00:00+05:30,Average Weekly HoursJUN,34.2,34.3,34.3,34.3,3.0
2025-07-03 18:00:00+05:30,Continuing Jobless ClaimsJUN/21,,1974K,1960K,1980.0K,3.0
2025-07-03 18:00:00+05:30,Government PayrollsJUN,73K,7K,,0.0K,3.0
2025-07-03 18:00:00+05:30,Balance of TradeMAY,$-71.5B,$-60.3B,$-71B,$-72B,2.0
2025-07-03 18:00:00+05:30,Initial Jobless ClaimsJUN/28,,236K,240K,240.0K,2.0
2025-07-03 18:00:00+05:30,ExportsMAY,,$289.4B,,$278.0B,2.0
2025-07-03 18:00:00+05:30,Nonfarm Payrolls PrivateJUN,74K,137K,105K,100.0K,3.0
2025-07-03 18:00:00+05:30,Jobless Claims 4-week AverageJUN/28,241.5K,245.25K,,246.0K,3.0
2025-07-03 18:00:00+05:30,Balance of TradeMAY,,$-61.6B,$-71B,$-72B,2.0
2025-07-03 18:00:00+05:30,Unemployment RateJUN,,4.2%,4.3%,4.2%,1.0
2025-07-03 18:00:00+05:30,Manufacturing PayrollsJUN,-7K,-7K,-5K,-2.0K,3.0
2025-07-03 18:00:00+05:30,Average Hourly Earnings MoMJUN,,0.4%,0.3%,0.2%,2.0
2025-07-03 18:00:00+05:30,Continuing Jobless ClaimsJUN/21,1964K,1964K,1960K,1980.0K,3.0
2025-07-03 18:00:00+05:30,Participation RateJUN,,62.4%,,62.3%,2.0
2025-07-03 18:00:00+05:30,Manufacturing PayrollsJUN,,-8K,-6K,15.0K,3.0
2025-07-03 18:00:00+05:30,Initial Jobless ClaimsJUN/28,233K,237K,240K,240.0K,2.0
2025-07-03 18:00:00+05:30,Average Hourly Earnings YoYJUN,3.7%,3.8%,3.9%,3.9%,2.0
2025-07-03 18:00:00+05:30,Participation RateJUN,62.3%,62.4%,,62.3%,2.0
2025-07-03 18:00:00+05:30,Nonfarm Payrolls PrivateJUN,,140K,110K,100.0K,3.0
2025-07-03 18:00:00+05:30,Unemployment RateJUN,4.1%,4.2%,4.3%,4.2%,1.0
2025-07-03 18:00:00+05:30,Average Hourly Earnings YoYJUN,,3.9%,3.9%,3.9%,2.0
2025-07-03 18:00:00+05:30,ExportsMAY,$279.0B,$290.6B,,$278.0B,2.0
2025-07-03 18:00:00+05:30,Non Farm PayrollsJUN,,139K,129K,100.0K,1.0
2025-07-03 18:00:00+05:30,Average Weekly HoursJUN,,34.3,34.3,34.3,3.0
2025-07-03 18:00:00+05:30,Jobless Claims 4-week AverageJUN/28,,245K,,246.0K,3.0
2025-07-03 19:15:00+05:30,S&P Global Services PMI FinalJUN,52.9,53.7,53.1,53.1,3.0
2025-07-03 19:15:00+05:30,S&P Global Composite PMI FinalJUN,52.9,53,52.8,52.8,3.0
2025-07-03 19:15:00+05:30,S&P Global Services PMI FinalJUN,,53.7,53.1,53.1,3.0
2025-07-03 19:15:00+05:30,S&P Global Composite PMI FinalJUN,,53,52.8,52.8,3.0
2025-07-03 19:30:00+05:30,Factory Orders MoMMAY,,-3.7%,8.2%,9.5%,2.0
2025-07-03 19:30:00+05:30,Factory Orders ex TransportationMAY,0.2%,-0.6%,,0.9%,3.0
2025-07-03 19:30:00+05:30,ISM Services PMIJUN,50.8,49.9,50.5,49.7,1.0
2025-07-03 19:30:00+05:30,8-Week Bill Auction,4.300%,4.390%,,,3.0
2025-07-03 19:30:00+05:30,ISM Services PricesJUN,,68.7,,69.4,3.0
2025-07-03 19:30:00+05:30,ISM Services New OrdersJUN,51.3,46.4,,46.3,3.0
2025-07-03 19:30:00+05:30,ISM Services EmploymentJUN,,50.7,,51.1,3.0
2025-07-03 19:30:00+05:30,4-Week Bill Auction,4.240%,4.000%,,,3.0
2025-07-03 19:30:00+05:30,ISM Services PMIJUN,,49.9,50.5,49.7,1.0
2025-07-03 19:30:00+05:30,Factory Orders MoMMAY,8.2%,-3.9%,8.2%,9.5%,2.0
2025-07-03 19:30:00+05:30,ISM Services EmploymentJUN,47.2,50.7,,51.1,3.0
2025-07-03 19:30:00+05:30,ISM Services New OrdersJUN,,46.4,,46.3,3.0
2025-07-03 19:30:00+05:30,Factory Orders ex TransportationMAY,,-0.5%,,0.9%,3.0
2025-07-03 19:30:00+05:30,ISM Services Business ActivityJUN,54.2,50.0,,49.8,3.0
2025-07-03 19:30:00+05:30,ISM Services Business ActivityJUN,,50,,49.8,3.0
2025-07-03 19:30:00+05:30,ISM Services PricesJUN,67.5,68.7,,69.4,3.0
2025-07-03 20:00:00+05:30,EIA Natural Gas Stocks ChangeJUN/27,,96Bcf,53Bcf,,3.0
2025-07-03 20:00:00+05:30,EIA Natural Gas Stocks ChangeJUN/27,55Bcf,96Bcf,53Bcf,,3.0
2025-07-03 20:30:00+05:30,Fed Bostic Speech,,,,,2.0
2025-07-03 21:00:00+05:30,4-Week Bill Auction,,4.000%,,,3.0
2025-07-03 21:00:00+05:30,8-Week Bill Auction,,4.390%,,,3.0
2025-07-03 21:30:00+05:30,15-Year Mortgage RateJUL/03,5.8%,5.89%,,,3.0
2025-07-03 21:30:00+05:30,15-Year Mortgage RateJUL/03,,5.89%,,,3.0
2025-07-03 21:30:00+05:30,30-Year Mortgage RateJUL/03,,6.77%,,,3.0
2025-07-03 21:30:00+05:30,30-Year Mortgage RateJUL/03,6.67%,6.77%,,,3.0
2025-07-03 22:30:00+05:30,Baker Hughes Oil Rig CountJUL/04,,432,,,3.0
2025-07-03 22:30:00+05:30,Baker Hughes Total Rigs CountJUL/04,539,547,,,3.0
2025-07-03 22:30:00+05:30,Baker Hughes Oil Rig CountJUL/04,425,432,,,3.0
2025-07-03 22:30:00+05:30,Baker Hughes Total Rigs CountJUL/04,,547,,,3.0
2025-07-04 02:00:00+05:30,Fed Balance SheetJUL/02,,,,$ 6.8T,3.0
2025-07-07 21:00:00+05:30,3-Month Bill Auction,,4.235%,,,3.0
2025-07-07 21:00:00+05:30,3-Month Bill Auction,4.255%,4.25%,,,3.0
2025-07-07 21:00:00+05:30,6-Month Bill Auction,4.145%,4.15%,,,3.0
2025-07-07 21:00:00+05:30,6-Month Bill Auction,,4.110%,,,3.0
2025-07-08 02:00:00+05:30,Fed Balance SheetJUL/02,,$6.67T,,,3.0
2025-07-08 02:00:00+05:30,Fed Balance SheetJUL/02,$6.66T,$6.67T,,,3.0
2025-07-08 15:30:00+05:30,NFIB Business Optimism IndexJUN,98.6,98.8,98.7,99,3.0
2025-07-08 15:30:00+05:30,NFIB Business Optimism IndexJUN,,98.8,98.7,99,3.0
2025-07-08 18:25:00+05:30,Redbook YoYJUL/05,5.9%,4.9%,,,3.0
2025-07-08 18:25:00+05:30,Used Car Prices YoYJUN,,4%,,,1.0
2025-07-08 18:25:00+05:30,Used Car Prices MoMJUN,,-1.4%,,,3.0
2025-07-08 18:25:00+05:30,Redbook YoYJUL/05,,4.9%,,,3.0
2025-07-08 18:45:00+05:30,Used Car Prices MoMJUN,1.6%,-1.4%,,,3.0
2025-07-08 18:45:00+05:30,Used Car Prices YoYJUN,6.3%,4%,,,3.0
2025-07-08 20:30:00+05:30,Consumer Inflation ExpectationsJUN,3%,3.2%,,3.2%,3.0
2025-07-08 20:30:00+05:30,Consumer Inflation ExpectationsJUN,,3.2%,,3.2%,3.0
2025-07-08 21:00:00+05:30,Used Car Prices YoYJUN,,4%,,,3.0
2025-07-08 21:00:00+05:30,Used Car Prices MoMJUN,,-1.4%,,,3.0
2025-07-08 21:00:00+05:30,52-Week Bill Auction,3.925%,3.94%,,,3.0
2025-07-08 21:00:00+05:30,52-Week Bill Auction,,3.94%,,,3.0
2025-07-08 22:30:00+05:30,3-Year Note Auction,3.891%,3.972%,,,3.0
2025-07-08 22:30:00+05:30,3-Year Note Auction,,3.972%,,,3.0
2025-07-08 22:30:00+05:30,Used Car Prices MoMJUN,,-1.4%,,,3.0
2025-07-08 22:30:00+05:30,Used Car Prices YoYJUN,,4%,,,3.0
2025-07-09 00:30:00+05:30,Consumer Credit ChangeMAY,,$17.87B,$11B,$12.1B,3.0
2025-07-09 00:30:00+05:30,Consumer Credit ChangeMAY,$5.1B,$16.87B,$11B,$12.1B,3.0
2025-07-09 02:00:00+05:30,API Crude Oil Stock ChangeJUL/04,,0.680M,-2.8M,,2.0
2025-07-09 02:00:00+05:30,API Crude Oil Stock ChangeJUL/04,7.1M,0.680M,-2.8M,,2.0
2025-07-09 16:30:00+05:30,MBA Mortgage Refinance IndexJUL/04,829.3,759.7,,,3.0
2025-07-09 16:30:00+05:30,MBA Purchase IndexJUL/04,180.9,165.3,,,3.0
2025-07-09 16:30:00+05:30,MBA 30-Year Mortgage RateJUL/04,6.77%,6.79%,,,2.0
2025-07-09 16:30:00+05:30,MBA 30-Year Mortgage RateJUL/04,,6.79%,,,2.0
2025-07-09 16:30:00+05:30,MBA Purchase IndexJUL/04,,165.3,,,3.0
2025-07-09 16:30:00+05:30,MBA Mortgage ApplicationsJUL/04,,2.7%,,,3.0
2025-07-09 16:30:00+05:30,MBA Mortgage ApplicationsJUL/04,9.4%,2.7%,,,3.0
2025-07-09 16:30:00+05:30,MBA Mortgage Refinance IndexJUL/04,,759.7,,,3.0
2025-07-09 16:30:00+05:30,MBA Mortgage Market IndexJUL/04,281.6,257.5,,,3.0
2025-07-09 16:30:00+05:30,MBA Mortgage Market IndexJUL/04,,257.5,,,3.0
2025-07-09 19:30:00+05:30,Wholesale Inventories MoMMAY,,0.1%,-0.3%,-0.3%,3.0
2025-07-09 19:30:00+05:30,Wholesale Inventories MoMMAY,-0.3%,0.1%,-0.3%,-0.3%,3.0
2025-07-09 20:00:00+05:30,EIA Gasoline Production ChangeJUL/04,0.278M,-0.491M,,,3.0
2025-07-09 20:00:00+05:30,EIA Gasoline Stocks ChangeJUL/04,,4.188M,,,2.0
2025-07-09 20:00:00+05:30,EIA Heating Oil Stocks ChangeJUL/04,0.603M,-0.202M,,,3.0
2025-07-09 20:00:00+05:30,EIA Distillate Fuel Production ChangeJUL/04,,0.245M,,,3.0
2025-07-09 20:00:00+05:30,EIA Gasoline Stocks ChangeJUL/04,-2.658M,4.188M,-1.7M,,2.0
2025-07-09 20:00:00+05:30,EIA Cushing Crude Oil Stocks ChangeJUL/04,0.464M,-1.493M,,,3.0
2025-07-09 20:00:00+05:30,EIA Heating Oil Stocks ChangeJUL/04,,-0.202M,,,3.0
2025-07-09 20:00:00+05:30,EIA Crude Oil Imports ChangeJUL/04,,2.94M,,,3.0
2025-07-09 20:00:00+05:30,EIA Gasoline Production ChangeJUL/04,,-0.491M,,,3.0
2025-07-09 20:00:00+05:30,EIA Cushing Crude Oil Stocks ChangeJUL/04,,-1.493M,,,3.0
2025-07-09 20:00:00+05:30,EIA Distillate Stocks ChangeJUL/04,-0.825M,-1.71M,-0.3M,,3.0
2025-07-09 20:00:00+05:30,EIA Crude Oil Imports ChangeJUL/04,-1.358M,2.94M,,,3.0
2025-07-09 20:00:00+05:30,EIA Distillate Fuel Production ChangeJUL/04,0.059M,0.245M,,,3.0
2025-07-09 20:00:00+05:30,EIA Crude Oil Stocks ChangeJUL/04,7.07M,3.845M,-2M,,2.0
2025-07-09 20:00:00+05:30,EIA Refinery Crude Runs ChangeJUL/04,,0.118M,,,3.0
2025-07-09 20:00:00+05:30,NY Fed Treasury Purchases Bill 0 to 1 yrs,,,$75 million,,3.0
2025-07-09 20:00:00+05:30,EIA Crude Oil Stocks ChangeJUL/04,,3.845M,-1.7M,,2.0
2025-07-09 20:00:00+05:30,EIA Distillate Stocks ChangeJUL/04,,-1.71M,,,3.0
2025-07-09 20:00:00+05:30,EIA Refinery Crude Runs ChangeJUL/04,-0.099M,0.118M,,,3.0
2025-07-09 21:00:00+05:30,17-Week Bill Auction,,4.185%,,,3.0
2025-07-09 21:00:00+05:30,17-Week Bill Auction,4.230%,4.185%,,,3.0
2025-07-09 22:30:00+05:30,10-Year Note Auction,,4.421%,,,3.0
2025-07-09 22:30:00+05:30,10-Year Note Auction,4.362%,4.421%,,,3.0
2025-07-09 23:30:00+05:30,FOMC Minutes,,,,,1.0
2025-07-10 18:00:00+05:30,Jobless Claims 4-week AverageJUL/05,235.5K,241.25K,,243.0K,3.0
2025-07-10 18:00:00+05:30,Jobless Claims 4-week AverageJUL/05,,241.5K,,243.0K,3.0
2025-07-10 18:00:00+05:30,Continuing Jobless ClaimsJUN/28,1965K,1955K,1980K,1967.0K,3.0
2025-07-10 18:00:00+05:30,Initial Jobless ClaimsJUL/05,227K,232K,235K,245.0K,2.0
2025-07-10 18:00:00+05:30,Initial Jobless ClaimsJUL/05,,233K,235K,245.0K,2.0
2025-07-10 18:00:00+05:30,Continuing Jobless ClaimsJUN/28,,1964K,1980K,1967.0K,3.0
2025-07-10 19:30:00+05:30,Fed Musalem Speech,,,,,2.0
2025-07-10 20:00:00+05:30,EIA Natural Gas Stocks ChangeJUL/04,,55Bcf,60Bcf,,3.0
2025-07-10 20:00:00+05:30,EIA Natural Gas Stocks ChangeJUL/04,53Bcf,55Bcf,60Bcf,,3.0
2025-07-10 21:00:00+05:30,4-Week Bill Auction,,4.240%,,,3.0
2025-07-10 21:00:00+05:30,4-Week Bill Auction,4.235%,4.240%,,,3.0
2025-07-10 21:00:00+05:30,8-Week Bill Auction,,4.300%,,,3.0
2025-07-10 21:00:00+05:30,8-Week Bill Auction,4.275%,4.300%,,,3.0
2025-07-10 21:30:00+05:30,15-Year Mortgage RateJUL/10,5.86%,5.8%,,,3.0
2025-07-10 21:30:00+05:30,15-Year Mortgage RateJUL/10,,5.8%,,,3.0
2025-07-10 21:30:00+05:30,30-Year Mortgage RateJUL/10,6.72%,6.67%,,,3.0
2025-07-10 21:30:00+05:30,30-Year Mortgage RateJUL/10,,6.67%,,,3.0
2025-07-10 22:30:00+05:30,30-Year Bond Auction,,4.844%,,,3.0
2025-07-10 22:30:00+05:30,30-Year Bond Auction,4.889%,4.844%,,,3.0
2025-07-10 22:45:00+05:30,Fed Waller Speech,,,,,2.0
2025-07-11 00:00:00+05:30,Fed Daly Speech,,,,,2.0
2025-07-11 02:00:00+05:30,Fed Balance SheetJUL/09,$6.66T,$6.66T,,,3.0
2025-07-11 02:00:00+05:30,Fed Balance SheetJUL/09,,$6.66T,,,3.0
2025-07-11 21:30:00+05:30,WASDE Report,,,,,3.0
2025-07-11 22:30:00+05:30,Baker Hughes Oil Rig CountJUL/11,424,425,,,3.0
2025-07-11 22:30:00+05:30,Baker Hughes Total Rigs CountJUL/11,537,539,,,3.0
2025-07-11 22:30:00+05:30,Baker Hughes Oil Rig CountJUL/11,,425,,,3.0
2025-07-11 22:30:00+05:30,Baker Hughes Total Rigs CountJUL/11,,539,,,3.0
2025-07-11 23:30:00+05:30,Monthly Budget StatementJUN,,$-316B,$-11B,$-350.0B,2.0
2025-07-11 23:30:00+05:30,Monthly Budget StatementJUN,$27B,$-316B,$-11B,$-350.0B,2.0
2025-07-14 21:00:00+05:30,6-Month Bill Auction,4.125%,4.145%,,,3.0
2025-07-14 21:00:00+05:30,3-Month Bill Auction,4.245%,4.255%,,,3.0
2025-07-14 21:00:00+05:30,3-Month Bill Auction,,4.255%,,,3.0
2025-07-14 21:00:00+05:30,6-Month Bill Auction,,4.145%,,,3.0
2025-07-15 18:00:00+05:30,CPIJUN,322.56,321.46,322.5,322,2.0
2025-07-15 18:00:00+05:30,Core Inflation Rate YoYJUN,,2.8%,3%,2.9%,1.0
2025-07-15 18:00:00+05:30,Inflation Rate YoYJUN,,2.4%,2.6%,2.5%,1.0
2025-07-15 18:00:00+05:30,Core Inflation Rate YoYJUN,2.9%,2.8%,3%,2.9%,1.0
2025-07-15 18:00:00+05:30,Inflation Rate MoMJUN,,0.1%,0.3%,0.2%,1.0
2025-07-15 18:00:00+05:30,CPI s.aJUN,,320.580,,321.2,2.0
2025-07-15 18:00:00+05:30,Inflation Rate YoYJUN,2.7%,2.4%,2.7%,2.6%,1.0
2025-07-15 18:00:00+05:30,Core Inflation Rate MoMJUN,0.2%,0.1%,0.3%,0.2%,1.0
2025-07-15 18:00:00+05:30,NY Empire State Manufacturing IndexJUL,,-16,-10.1,-13,2.0
2025-07-15 18:00:00+05:30,NY Empire State Manufacturing IndexJUL,5.50,-16.00,-9,-13,2.0
2025-07-15 18:00:00+05:30,CPI s.aJUN,321.500,320.580,,321.5,2.0
2025-07-15 18:00:00+05:30,Inflation Rate MoMJUN,0.3%,0.1%,0.3%,0.3%,1.0
2025-07-15 18:00:00+05:30,Core Inflation Rate MoMJUN,,0.1%,0.3%,0.2%,1.0
2025-07-15 18:00:00+05:30,CPIJUN,,321.465,,322,2.0
2025-07-15 18:25:00+05:30,Redbook YoYJUL/12,5.2%,5.9%,,,3.0
2025-07-15 18:25:00+05:30,Redbook YoYJUL/12,,5.9%,,,3.0
2025-07-15 18:45:00+05:30,Fed Bowman Speech,,,,,2.0
2025-07-15 21:30:00+05:30,NOPA Crush Report,,,,,3.0
2025-07-15 22:15:00+05:30,Fed Barr Speech,,,,,2.0
2025-07-16 00:15:00+05:30,Fed Collins Speech,,,,,2.0
2025-07-16 02:00:00+05:30,API Crude Oil Stock ChangeJUL/11,19.1M,7.1M,-2M,,2.0
2025-07-16 02:00:00+05:30,API Crude Oil Stock ChangeJUL/11,,7.1M,-2M,,2.0
2025-07-16 05:15:00+05:30,Fed Logan Speech,,,,,2.0
2025-07-16 16:30:00+05:30,MBA Mortgage ApplicationsJUL/11,,9.4%,,,3.0
2025-07-16 16:30:00+05:30,MBA Mortgage Refinance IndexJUL/11,,829.3,,,3.0
2025-07-16 16:30:00+05:30,MBA Mortgage Refinance IndexJUL/11,767.6,829.3,,,3.0
2025-07-16 16:30:00+05:30,MBA 30-Year Mortgage RateJUL/11,6.82%,6.77%,,,2.0
2025-07-16 16:30:00+05:30,MBA Mortgage ApplicationsJUL/11,-10%,9.4%,,,3.0
2025-07-16 16:30:00+05:30,MBA Mortgage Market IndexJUL/11,,281.6,,,3.0
2025-07-16 16:30:00+05:30,MBA Purchase IndexJUL/11,159.6,180.9,,,3.0
2025-07-16 16:30:00+05:30,MBA Mortgage Market IndexJUL/11,253.5,281.6,,,3.0
2025-07-16 16:30:00+05:30,MBA Purchase IndexJUL/11,,180.9,,,3.0
2025-07-16 16:30:00+05:30,MBA 30-Year Mortgage RateJUL/11,,6.77%,,,2.0
2025-07-16 18:00:00+05:30,PPIJUN,,148.072,,148.9,3.0
2025-07-16 18:00:00+05:30,Core PPI MoMJUN,,0.1%,0.2%,0.3%,2.0
2025-07-16 18:00:00+05:30,Core PPI YoYJUN,2.6%,3.2%,2.7%,2.8%,3.0
2025-07-16 18:00:00+05:30,PPI MoMJUN,,0.1%,0.2%,0.3%,1.0
2025-07-16 18:00:00+05:30,PPI YoYJUN,,2.6%,2.5%,2.6%,3.0
2025-07-16 18:00:00+05:30,Core PPI MoMJUN,0%,0.4%,0.2%,0.3%,2.0
2025-07-16 18:00:00+05:30,Core PPI YoYJUN,,3%,2.7%,2.8%,3.0
2025-07-16 18:00:00+05:30,"PPI Ex Food, Energy and Trade YoYJUN",,2.7%,,2.6%,3.0
2025-07-16 18:00:00+05:30,PPI MoMJUN,0%,0.3%,0.2%,0.3%,1.0
2025-07-16 18:00:00+05:30,PPI YoYJUN,2.3%,2.7%,2.5%,2.6%,3.0
2025-07-16 18:00:00+05:30,"PPI Ex Food, Energy and Trade MoMJUN",0%,0.1%,,0.3%,3.0
2025-07-16 18:00:00+05:30,PPIJUN,148.236,148.228,,148.9,3.0
2025-07-16 18:00:00+05:30,"PPI Ex Food, Energy and Trade MoMJUN",,0.1%,,0.3%,3.0
2025-07-16 18:00:00+05:30,"PPI Ex Food, Energy and Trade YoYJUN",2.5%,2.8%,,2.6%,3.0
2025-07-16 18:45:00+05:30,Fed Hammack Speech,,,,,2.0
2025-07-16 18:45:00+05:30,Manufacturing Production MoMJUN,,0.1%,0%,0.2%,3.0
2025-07-16 18:45:00+05:30,Industrial Production YoYJUN,,0.6%,,1.5%,3.0
2025-07-16 18:45:00+05:30,Industrial Production YoYJUN,0.7%,0.7%,,1.5%,3.0
2025-07-16 18:45:00+05:30,Industrial Production MoMJUN,0.3%,0%,0.1%,0.3%,2.0
2025-07-16 18:45:00+05:30,Manufacturing Production YoYJUN,0.8%,0.6%,,1.1%,3.0
2025-07-16 18:45:00+05:30,Industrial Production MoMJUN,,-0.2%,0.1%,0.3%,2.0
2025-07-16 18:45:00+05:30,Capacity UtilizationJUN,,77.4%,77.4%,77.4%,3.0
2025-07-16 18:45:00+05:30,Manufacturing Production YoYJUN,,0.5%,,1.1%,3.0
2025-07-16 18:45:00+05:30,Capacity UtilizationJUN,77.6%,77.5%,77.4%,77.4%,3.0
2025-07-16 18:45:00+05:30,Manufacturing Production MoMJUN,0.1%,0.3%,0%,0.2%,3.0
2025-07-16 19:30:00+05:30,Fed Barr Speech,,,,,2.0
2025-07-16 20:00:00+05:30,EIA Heating Oil Stocks ChangeJUL/11,-0.846M,0.603M,,,3.0
2025-07-16 20:00:00+05:30,EIA Heating Oil Stocks ChangeJUL/11,,0.603M,,,3.0
2025-07-16 20:00:00+05:30,EIA Crude Oil Imports ChangeJUL/11,-0.395M,-1.358M,,,3.0
2025-07-16 20:00:00+05:30,EIA Distillate Stocks ChangeJUL/11,,-0.825M,,,3.0
2025-07-16 20:00:00+05:30,EIA Distillate Fuel Production ChangeJUL/11,,0.059M,,,3.0
2025-07-16 20:00:00+05:30,EIA Refinery Crude Runs ChangeJUL/11,,-0.099M,,,3.0
2025-07-16 20:00:00+05:30,EIA Cushing Crude Oil Stocks ChangeJUL/11,,0.464M,,,3.0
2025-07-16 20:00:00+05:30,EIA Crude Oil Stocks ChangeJUL/11,,7.07M,-1.8M,,2.0
2025-07-16 20:00:00+05:30,EIA Gasoline Production ChangeJUL/11,-0.815M,0.278M,,,3.0
2025-07-16 20:00:00+05:30,EIA Crude Oil Stocks ChangeJUL/11,-3.859M,7.07M,-0.9M,,2.0
2025-07-16 20:00:00+05:30,EIA Distillate Stocks ChangeJUL/11,4.173M,-0.825M,,,3.0
2025-07-16 20:00:00+05:30,EIA Crude Oil Imports ChangeJUL/11,,-1.358M,,,3.0
2025-07-16 20:00:00+05:30,EIA Refinery Crude Runs ChangeJUL/11,-0.157M,-0.099M,,,3.0
2025-07-16 20:00:00+05:30,EIA Gasoline Stocks ChangeJUL/11,3.399M,-2.658M,-0.9M,,2.0
2025-07-16 20:00:00+05:30,EIA Cushing Crude Oil Stocks ChangeJUL/11,0.213M,0.464M,,,3.0
2025-07-16 20:00:00+05:30,EIA Gasoline Production ChangeJUL/11,,0.278M,,,3.0
2025-07-16 20:00:00+05:30,EIA Distillate Fuel Production ChangeJUL/11,-0.109M,0.059M,,,3.0
2025-07-16 20:00:00+05:30,EIA Gasoline Stocks ChangeJUL/11,,-2.658M,,,2.0
2025-07-16 21:00:00+05:30,17-Week Bill Auction,4.230%,4.230%,,,3.0
2025-07-16 21:00:00+05:30,17-Week Bill Auction,,4.230%,,,3.0
2025-07-16 23:30:00+05:30,Fed Beige Book,,,,,3.0
2025-07-17 04:00:00+05:30,Fed Williams Speech,,,,,2.0
2025-07-17 18:00:00+05:30,Retail Sales Ex Gas/Autos MoMJUN,0.6%,0%,,0.1%,3.0
2025-07-17 18:00:00+05:30,Philly Fed Prices PaidJUL,58.80,41.40,,,3.0
2025-07-17 18:00:00+05:30,Import Prices MoMJUN,0.1%,-0.4%,0.3%,0.1%,2.0
2025-07-17 18:00:00+05:30,Jobless Claims 4-week AverageJUL/12,229.5K,235.75K,,237.0K,3.0
2025-07-17 18:00:00+05:30,Philly Fed Prices PaidJUL,,41.40,,,3.0
2025-07-17 18:00:00+05:30,Continuing Jobless ClaimsJUL/05,,1965K,1970K,1970.0K,3.0
2025-07-17 18:00:00+05:30,Initial Jobless ClaimsJUL/12,,227K,235K,230.0K,2.0
2025-07-17 18:00:00+05:30,Philly Fed Business ConditionsJUL,,18.3,,,3.0
2025-07-17 18:00:00+05:30,Retail Sales YoYJUN,3.9%,3.3%,,3.6%,3.0
2025-07-17 18:00:00+05:30,Philly Fed CAPEX IndexJUL,,14.50,,,3.0
2025-07-17 18:00:00+05:30,Philly Fed EmploymentJUL,,-9.8,,,3.0
2025-07-17 18:00:00+05:30,Import Prices YoYJUN,-0.2%,-0.2%,,0.2%,3.0
2025-07-17 18:00:00+05:30,Export Prices YoYJUN,,1.7%,,1.9%,3.0
2025-07-17 18:00:00+05:30,Philly Fed New OrdersJUL,18.4,2.3,,,3.0
2025-07-17 18:00:00+05:30,Jobless Claims 4-week AverageJUL/12,,235.5K,,237.0K,3.0
2025-07-17 18:00:00+05:30,Philadelphia Fed Manufacturing IndexJUL,15.9,-4.0,-1,-3,2.0
2025-07-17 18:00:00+05:30,Retail Sales YoYJUN,,3.3%,,3.6%,3.0
2025-07-17 18:00:00+05:30,Import Prices YoYJUN,,0.2%,,0.2%,3.0
2025-07-17 18:00:00+05:30,Export Prices YoYJUN,2.8%,1.9%,,1.9%,3.0
2025-07-17 18:00:00+05:30,Retail Sales Control Group MoMJUN,0.5%,0.2%,0.3%,0.3%,2.0
2025-07-17 18:00:00+05:30,Retail Sales MoMJUN,0.6%,-0.9%,0.1%,0.2%,1.0
2025-07-17 18:00:00+05:30,Philly Fed CAPEX IndexJUL,17.10,14.50,,,3.0
2025-07-17 18:00:00+05:30,Continuing Jobless ClaimsJUL/05,1956K,1954K,1970K,1970.0K,3.0
2025-07-17 18:00:00+05:30,Initial Jobless ClaimsJUL/12,221K,228K,235K,230.0K,2.0
2025-07-17 18:00:00+05:30,Import Prices MoMJUN,,0%,0.3%,0.1%,2.0
2025-07-17 18:00:00+05:30,Retail Sales Ex Autos MoMJUN,0.5%,-0.2%,0.3%,0.2%,2.0
2025-07-17 18:00:00+05:30,Philly Fed EmploymentJUL,10.3,-9.8,,,3.0
2025-07-17 18:00:00+05:30,Retail Sales Control Group MoMJUN,,0.4%,0.3%,0.3%,2.0
2025-07-17 18:00:00+05:30,Retail Sales Ex Gas/Autos MoMJUN,,-0.1%,,0.1%,3.0
2025-07-17 18:00:00+05:30,Retail Sales Ex Autos MoMJUN,,-0.3%,0.3%,0.2%,2.0
2025-07-17 18:00:00+05:30,Export Prices MoMJUN,0.5%,-0.6%,0%,-0.1%,2.0
2025-07-17 18:00:00+05:30,Philly Fed Business ConditionsJUL,21.5,18.3,,,3.0
2025-07-17 18:00:00+05:30,Philly Fed New OrdersJUL,,2.3,,,3.0
2025-07-17 18:00:00+05:30,Export Prices MoMJUN,,-0.9%,0%,-0.1%,2.0
2025-07-17 18:00:00+05:30,Philadelphia Fed Manufacturing IndexJUL,,-4.0,-1,-3,2.0
2025-07-17 18:00:00+05:30,Retail Sales MoMJUN,,-0.9%,0.1%,0.2%,1.0
2025-07-17 19:30:00+05:30,Business Inventories MoMMAY,0%,0%,0%,-0.1%,2.0
2025-07-17 19:30:00+05:30,Retail Inventories Ex Autos MoMMAY,0.2%,0.3%,0.2%,0.2%,3.0
2025-07-17 19:30:00+05:30,Retail Inventories Ex Autos MoMMAY,,0.3%,0.2%,0.2%,3.0
2025-07-17 19:30:00+05:30,NAHB Housing Market IndexJUL,,32,33,31,2.0
2025-07-17 19:30:00+05:30,Business Inventories MoMMAY,,0%,0%,-0.1%,2.0
2025-07-17 19:30:00+05:30,Fed Kugler Speech,,,,,2.0
2025-07-17 19:30:00+05:30,NAHB Housing Market IndexJUL,33,32,33,31,2.0
2025-07-17 20:00:00+05:30,EIA Natural Gas Stocks ChangeJUL/11,,53Bcf,45Bcf,,3.0
2025-07-17 20:00:00+05:30,EIA Natural Gas Stocks ChangeJUL/11,46Bcf,53Bcf,45Bcf,,3.0
2025-07-17 21:00:00+05:30,8-Week Bill Auction,4.270%,4.275%,,,3.0
2025-07-17 21:00:00+05:30,8-Week Bill Auction,,4.275%,,,3.0
2025-07-17 21:00:00+05:30,4-Week Bill Auction,4.230%,4.235%,,,3.0
2025-07-17 21:00:00+05:30,4-Week Bill Auction,,4.235%,,,3.0
2025-07-17 21:30:00+05:30,30-Year Mortgage RateJUL/17,,6.72%,,,3.0
2025-07-17 21:30:00+05:30,15-Year Mortgage RateJUL/17,,5.86%,,,3.0
2025-07-17 21:30:00+05:30,15-Year Mortgage RateJUL/17,5.92%,5.86%,,,3.0
2025-07-17 21:30:00+05:30,30-Year Mortgage RateJUL/17,6.75%,6.72%,,,3.0
2025-07-17 23:00:00+05:30,Fed Cook Speech,,,,,2.0
2025-07-18 01:30:00+05:30,Foreign Bond InvestmentMAY,$146.3B,$-40.8B,,,3.0
2025-07-18 01:30:00+05:30,Foreign Bond InvestmentMAY,,$-40.8B,,,3.0
2025-07-18 01:30:00+05:30,Overall Net Capital FlowsMAY,$311.1B,$-14.6B,,,3.0
2025-07-18 01:30:00+05:30,Net Long-term TIC FlowsMAY,$259.4B,$-8.2B,,,2.0
2025-07-18 01:30:00+05:30,Overall Net Capital FlowsMAY,,$-14.2B,,,3.0
2025-07-18 01:30:00+05:30,Net Long-term TIC FlowsMAY,,$-7.8B,,,2.0
2025-07-18 02:00:00+05:30,Fed Balance SheetJUL/16,,$6.66T,,,3.0
2025-07-18 02:00:00+05:30,Fed Balance SheetJUL/16,$6.66T,$6.66T,,,3.0
2025-07-18 04:00:00+05:30,Fed Waller Speech,,,,,2.0
2025-07-18 18:00:00+05:30,Housing Starts MoMJUN,,-9.8%,,2.7%,2.0
2025-07-18 18:00:00+05:30,Housing StartsJUN,,1.256M,1.30M,1.29M,1.0
2025-07-18 18:00:00+05:30,Building Permits PrelJUN,1.397M,1.394M,1.39M,1.37M,1.0
2025-07-18 18:00:00+05:30,Housing StartsJUN,1.321M,1.263M,1.30M,1.29M,1.0
2025-07-18 18:00:00+05:30,Housing Starts MoMJUN,4.6%,-9.7%,,2.7%,2.0
2025-07-18 18:00:00+05:30,Building Permits MoM PrelJUN,,-2%,,-1.7%,2.0
2025-07-18 18:00:00+05:30,Building Permits MoM PrelJUN,0.2%,-2%,,-1.7%,2.0
2025-07-18 18:00:00+05:30,Building Permits PrelJUN,,1.394M,1.39M,1.37M,1.0
2025-07-18 19:30:00+05:30,Michigan Current Conditions PrelJUL,,64.8,63.9,64.6,3.0
2025-07-18 19:30:00+05:30,Michigan Consumer Sentiment PrelJUL,,60.7,61.5,60.5,1.0
2025-07-18 19:30:00+05:30,Michigan Consumer Sentiment PrelJUL,61.8,60.7,61.5,60.5,1.0
2025-07-18 19:30:00+05:30,Michigan Current Conditions PrelJUL,66.8,64.8,63.9,64.6,3.0
2025-07-18 19:30:00+05:30,Michigan Inflation Expectations PrelJUL,4.4%,5%,,4.7%,3.0
2025-07-18 19:30:00+05:30,Michigan 5 Year Inflation Expectations PrelJUL,,4%,,4.0%,3.0
2025-07-18 19:30:00+05:30,Michigan Consumer Expectations PrelJUL,58.6,58.1,55,58,3.0
2025-07-18 19:30:00+05:30,Michigan Inflation Expectations PrelJUL,,5%,,4.7%,3.0
2025-07-18 19:30:00+05:30,Michigan 5 Year Inflation Expectations PrelJUL,3.6%,4%,,4.0%,3.0
2025-07-18 19:30:00+05:30,Michigan Consumer Expectations PrelJUL,,58.1,55,58,3.0
2025-07-18 22:30:00+05:30,Baker Hughes Total Rigs CountJUL/18,,537,,,3.0
2025-07-18 22:30:00+05:30,Baker Hughes Oil Rig CountJUL/18,,424,,,3.0
2025-07-18 22:30:00+05:30,Baker Hughes Oil Rig CountJUL/18,422,424,,,3.0
2025-07-18 22:30:00+05:30,Baker Hughes Total Rigs CountJUL/18,544,537,,,3.0
2025-07-21 19:30:00+05:30,CB Leading Index MoMJUN,-0.3%,0%,-0.2%,-0.1%,3.0
2025-07-21 19:30:00+05:30,CB Leading Index MoMJUN,,-0.1%,-0.2%,-0.1%,3.0
2025-07-21 21:00:00+05:30,3-Month Bill Auction,,4.245%,,,3.0
2025-07-21 21:00:00+05:30,6-Month Bill Auction,4.115%,4.125%,,,3.0
2025-07-21 21:00:00+05:30,6-Month Bill Auction,,4.125%,,,3.0
2025-07-21 21:00:00+05:30,3-Month Bill Auction,4.240%,4.245%,,,3.0
2025-07-22 18:00:00+05:30,Fed Chair Powell Speech,,,,,1.0
2025-07-22 18:25:00+05:30,Redbook YoYJUL/19,,5.2%,,,3.0
2025-07-22 18:25:00+05:30,Redbook YoYJUL/19,5.1%,5.2%,,,3.0
2025-07-22 19:30:00+05:30,Richmond Fed Manufacturing IndexJUL,-20,-8,-3,-2,3.0
2025-07-22 19:30:00+05:30,Richmond Fed Services Revenues IndexJUL,,-4,,1,3.0
2025-07-22 19:30:00+05:30,Richmond Fed Manufacturing Shipments IndexJUL,,-3,,-1,3.0
2025-07-22 19:30:00+05:30,Richmond Fed Manufacturing IndexJUL,,-7,-3,-2,3.0
2025-07-22 19:30:00+05:30,Richmond Fed Manufacturing Shipments IndexJUL,-18,-5,,-1,3.0
2025-07-22 19:30:00+05:30,Richmond Fed Services Revenues IndexJUL,2,-1,,1,3.0
2025-07-22 22:30:00+05:30,Fed Bowman Speech,,,,,2.0
2025-07-22 22:30:00+05:30,Money SupplyJUN,$22.02T,$21.94T,,,3.0
2025-07-22 22:30:00+05:30,Money SupplyJUN,,$21.94T,,,3.0
2025-07-23 02:00:00+05:30,API Crude Oil Stock ChangeJUL/18,,0.84M,,,2.0
2025-07-23 02:00:00+05:30,API Crude Oil Stock ChangeJUL/18,-0.577M,0.84M,,,2.0
2025-07-23 16:30:00+05:30,MBA Mortgage ApplicationsJUL/18,,-10%,,,3.0
2025-07-23 16:30:00+05:30,MBA Purchase IndexJUL/18,,159.6,,,3.0
2025-07-23 16:30:00+05:30,MBA 30-Year Mortgage RateJUL/18,6.84%,6.82%,,,2.0
2025-07-23 16:30:00+05:30,MBA Mortgage Market IndexJUL/18,255.5,253.5,,,3.0
2025-07-23 16:30:00+05:30,MBA 30-Year Mortgage RateJUL/18,,6.82%,,,2.0
2025-07-23 16:30:00+05:30,MBA Mortgage Refinance IndexJUL/18,747.5,767.6,,,3.0
2025-07-23 16:30:00+05:30,MBA Purchase IndexJUL/18,165.1,159.6,,,3.0
2025-07-23 16:30:00+05:30,MBA Mortgage Market IndexJUL/18,,253.5,,,3.0
2025-07-23 16:30:00+05:30,MBA Mortgage ApplicationsJUL/18,0.8%,-10%,,,3.0
2025-07-23 16:30:00+05:30,MBA Mortgage Refinance IndexJUL/18,,767.6,,,3.0
2025-07-23 19:30:00+05:30,Existing Home Sales MoMJUN,-2.7%,1%,,-0.7%,2.0
2025-07-23 19:30:00+05:30,Existing Home SalesJUN,,4.03M,4.01M,4.0M,1.0
2025-07-23 19:30:00+05:30,Existing Home Sales MoMJUN,,0.8%,,-0.7%,2.0
2025-07-23 19:30:00+05:30,Existing Home SalesJUN,3.93M,4.04M,4.01M,4.0M,1.0
2025-07-23 20:00:00+05:30,EIA Gasoline Stocks ChangeJUL/18,,3.399M,,,2.0
2025-07-23 20:00:00+05:30,EIA Crude Oil Stocks ChangeJUL/18,,-3.859M,-1.6M,,2.0
2025-07-23 20:00:00+05:30,EIA Crude Oil Stocks ChangeJUL/18,-3.169M,-3.859M,-1.6M,,2.0
2025-07-23 20:00:00+05:30,EIA Distillate Stocks ChangeJUL/18,,4.173M,,,3.0
2025-07-23 20:00:00+05:30,EIA Crude Oil Imports ChangeJUL/18,-0.74M,-0.395M,,,3.0
2025-07-23 20:00:00+05:30,EIA Cushing Crude Oil Stocks ChangeJUL/18,,0.213M,,,3.0
2025-07-23 20:00:00+05:30,EIA Distillate Fuel Production ChangeJUL/18,,-0.109M,,,3.0
2025-07-23 20:00:00+05:30,EIA Gasoline Production ChangeJUL/18,0.282M,-0.815M,,,3.0
2025-07-23 20:00:00+05:30,EIA Crude Oil Imports ChangeJUL/18,,-0.395M,,,3.0
2025-07-23 20:00:00+05:30,EIA Heating Oil Stocks ChangeJUL/18,,-0.846M,,,3.0
2025-07-23 20:00:00+05:30,EIA Heating Oil Stocks ChangeJUL/18,0.003M,-0.846M,,,3.0
2025-07-23 20:00:00+05:30,EIA Refinery Crude Runs ChangeJUL/18,,-0.157M,,,3.0
2025-07-23 20:00:00+05:30,EIA Cushing Crude Oil Stocks ChangeJUL/18,0.455M,0.213M,,,3.0
2025-07-23 20:00:00+05:30,EIA Refinery Crude Runs ChangeJUL/18,0.087M,-0.157M,,,3.0
2025-07-23 20:00:00+05:30,EIA Gasoline Stocks ChangeJUL/18,-1.738M,3.399M,-0.9M,,2.0
2025-07-23 20:00:00+05:30,EIA Gasoline Production ChangeJUL/18,,-0.815M,,,3.0
2025-07-23 20:00:00+05:30,EIA Distillate Fuel Production ChangeJUL/18,0.095M,-0.109M,,,3.0
2025-07-23 20:00:00+05:30,EIA Distillate Stocks ChangeJUL/18,2.931M,4.173M,-1.1M,,3.0
2025-07-23 21:00:00+05:30,17-Week Bill Auction,4.225%,4.230%,,,3.0
2025-07-23 21:00:00+05:30,17-Week Bill Auction,,4.230%,,,3.0
2025-07-23 22:30:00+05:30,20-Year Bond Auction,,4.942%,,,3.0
2025-07-23 22:30:00+05:30,20-Year Bond Auction,4.935%,4.942%,,,3.0
2025-07-24 17:30:00+05:30,Building Permits FinalJUN,1.393M,1.394M,1.397M,1.397M,3.0
2025-07-24 17:30:00+05:30,Building Permits MoM FinalJUN,-0.1%,-2%,,0.2%,3.0
2025-07-24 18:00:00+05:30,Jobless Claims 4-week AverageJUL/19,,229.5K,,231.0K,3.0
2025-07-24 18:00:00+05:30,Jobless Claims 4-week AverageJUL/19,224.5K,229.5K,,231.0K,3.0
2025-07-24 18:00:00+05:30,Chicago Fed National Activity IndexJUN,,-0.28,,-0.1,2.0
2025-07-24 18:00:00+05:30,Building Permits FinalJUN,,,,,1.0
2025-07-24 18:00:00+05:30,Initial Jobless ClaimsJUL/19,,221K,227K,225.0K,2.0
2025-07-24 18:00:00+05:30,Building Permits MoM FinalJUN,,,,,1.0
2025-07-24 18:00:00+05:30,Continuing Jobless ClaimsJUL/12,1955K,1951K,1960K,1959.0K,3.0
2025-07-24 18:00:00+05:30,Continuing Jobless ClaimsJUL/12,,1956K,,1952.0K,3.0
2025-07-24 18:00:00+05:30,Initial Jobless ClaimsJUL/19,217K,221K,227K,225.0K,2.0
2025-07-24 18:00:00+05:30,Chicago Fed National Activity IndexJUN,-0.10,-0.16,,-0.1,2.0
2025-07-24 19:15:00+05:30,S&P Global Services PMI FlashJUL,55.2,52.9,53.0,52.9,2.0
2025-07-24 19:15:00+05:30,S&P Global Services PMI FlashJUL,,52.9,53.0,52.9,2.0
2025-07-24 19:15:00+05:30,S&P Global Manufacturing PMI FlashJUL,,52.9,52.6,52.7,2.0
2025-07-24 19:15:00+05:30,S&P Global Manufacturing PMI FlashJUL,49.5,52,52.6,52.7,2.0
2025-07-24 19:15:00+05:30,S&P Global Composite PMI FlashJUL,,52.9,,52.9,2.0
2025-07-24 19:15:00+05:30,Building Permits MoM FinalJUN,,,,,2.0
2025-07-24 19:15:00+05:30,S&P Global Composite PMI FlashJUL,54.6,52.9,,52.9,2.0
2025-07-24 19:15:00+05:30,Building Permits FinalJUN,,,,,2.0
2025-07-24 19:30:00+05:30,New Home Sales MoMJUN,,-13.7%,,10%,2.0
2025-07-24 19:30:00+05:30,New Home Sales MoMJUN,0.6%,-11.6%,,10%,2.0
2025-07-24 19:30:00+05:30,New Home SalesJUN,,0.623M,0.65M,0.69M,2.0
2025-07-24 19:30:00+05:30,New Home SalesJUN,0.627M,0.623M,0.65M,0.69M,2.0
2025-07-24 20:00:00+05:30,EIA Natural Gas Stocks ChangeJUL/18,23Bcf,46Bcf,28Bcf,,3.0
2025-07-24 20:00:00+05:30,EIA Natural Gas Stocks ChangeJUL/18,,46Bcf,,,3.0
2025-07-24 20:00:00+05:30,Building Permits FinalJUN,,,,,3.0
2025-07-24 20:00:00+05:30,Building Permits MoM FinalJUN,,,,,3.0
2025-07-24 20:30:00+05:30,Kansas Fed Composite IndexJUL,1,-2,,1,3.0
2025-07-24 20:30:00+05:30,Kansas Fed Composite IndexJUL,,-2,,1,3.0
2025-07-24 20:30:00+05:30,Kansas Fed Manufacturing IndexJUL,-3,5,,6,3.0
2025-07-24 20:30:00+05:30,Kansas Fed Manufacturing IndexJUL,,5,,6,3.0
2025-07-24 21:00:00+05:30,Building Permits FinalJUN,,,,,3.0
2025-07-24 21:00:00+05:30,8-Week Bill Auction,4.265%,4.270%,,,3.0
2025-07-24 21:00:00+05:30,4-Week Bill Auction,4.245%,4.230%,,,3.0
2025-07-24 21:00:00+05:30,Building Permits MoM FinalJUN,,,,,3.0
2025-07-24 21:00:00+05:30,8-Week Bill Auction,,4.270%,,,3.0
2025-07-24 21:00:00+05:30,4-Week Bill Auction,,4.230%,,,3.0
2025-07-24 21:30:00+05:30,Building Permits FinalJUN,,,,,3.0
2025-07-24 21:30:00+05:30,15-Year Mortgage RateJUL/24,,5.92%,,,3.0
2025-07-24 21:30:00+05:30,15-Year Mortgage RateJUL/24,5.87%,5.92%,,,3.0
2025-07-24 21:30:00+05:30,10-Year TIPS Auction,,2.220%,,,3.0
2025-07-24 21:30:00+05:30,Building Permits MoM FinalJUN,,-2%,,0.2%,3.0
2025-07-24 21:30:00+05:30,30-Year Mortgage RateJUL/24,,6.75%,,,3.0
2025-07-24 21:30:00+05:30,30-Year Mortgage RateJUL/24,6.74%,6.75%,,,3.0
2025-07-24 22:30:00+05:30,Building Permits MoM FinalJUN,,-2%,,0.2%,3.0
2025-07-24 22:30:00+05:30,Building Permits FinalJUN,,1.394M,1.397M,1.397M,3.0
2025-07-24 22:30:00+05:30,10-Year TIPS Auction,,2.220%,,,3.0
2025-07-24 22:30:00+05:30,10-Year TIPS Auction,1.985%,2.220%,,,3.0
2025-07-25 02:00:00+05:30,Fed Balance SheetJUL/23,,$6.66T,,,3.0
2025-07-25 02:00:00+05:30,Fed Balance SheetJUL/23,$6.66T,$6.66T,,,3.0
2025-07-25 18:00:00+05:30,Durable Goods Orders Ex Transp MoMJUN,0.2%,0.6%,0.1%,-0.1%,2.0
2025-07-25 18:00:00+05:30,Durable Goods Orders Ex Transp MoMJUN,,0.5%,0.1%,-0.1%,2.0
2025-07-25 18:00:00+05:30,Durable Goods Orders MoMJUN,-9.3%,16.5%,-10.8%,-9%,1.0
2025-07-25 18:00:00+05:30,Durable Goods Orders MoMJUN,,16.4%,-10.5%,-9%,1.0
2025-07-25 18:00:00+05:30,Durable Goods Orders ex Defense MoMJUN,-9.4%,15.7%,,-6%,3.0
2025-07-25 18:00:00+05:30,Non Defense Goods Orders Ex AirJUN,-0.7%,2%,0.2%,0.1%,3.0
2025-07-25 18:00:00+05:30,Durable Goods Orders ex Defense MoMJUN,,15.5%,,-6%,3.0
2025-07-25 18:00:00+05:30,Non Defense Goods Orders Ex AirJUN,,1.7%,0.2%,0.1%,3.0
2025-07-25 22:30:00+05:30,Baker Hughes Oil Rig CountJUL/25,,422,421,,3.0
2025-07-25 22:30:00+05:30,Baker Hughes Total Rigs CountJUL/25,,544,,,3.0
2025-07-25 22:30:00+05:30,Baker Hughes Total Rigs CountJUL/25,542,544,,,3.0
2025-07-25 22:30:00+05:30,Baker Hughes Oil Rig CountJUL/25,415,422,421,,3.0
2025-07-28 20:00:00+05:30,Dallas Fed Manufacturing IndexJUL,,-12.7,,-8,2.0
2025-07-28 20:00:00+05:30,Dallas Fed Manufacturing IndexJUL,0.9,-12.7,,-8,2.0
2025-07-28 21:00:00+05:30,6-Month Bill Auction,,4.115%,,,3.0
2025-07-28 21:00:00+05:30,3-Month Bill Auction,,4.240%,,,3.0
2025-07-28 21:00:00+05:30,6-Month Bill Auction,4.120%,4.115%,,,3.0
2025-07-28 21:00:00+05:30,2-Year Note Auction,,3.786%,,,3.0
2025-07-28 21:00:00+05:30,2-Year Note Auction,3.920%,3.786%,,,3.0
2025-07-28 21:30:00+05:30,2-Year Note Auction,,3.786%,,,3.0
2025-07-28 21:30:00+05:30,5-Year Note Auction,,3.879%,,,3.0
2025-07-28 22:30:00+05:30,5-Year Note Auction,3.983%,3.879%,,,3.0
2025-07-28 22:30:00+05:30,3-Month Bill Auction,4.235%,4.240%,,,3.0
2025-07-28 22:30:00+05:30,5-Year Note Auction,,3.879%,,,3.0
2025-07-28 22:30:00+05:30,3-Month Bill Auction,,4.240%,,,3.0
2025-07-29 00:30:00+05:30,Treasury Refunding Financing Estimates,,,,,3.0
2025-07-29 18:00:00+05:30,Goods Trade Balance AdvJUN,$-85.99B,$-96.42B,$-98.4B,$-97.2B,2.0
2025-07-29 18:00:00+05:30,Retail Inventories Ex Autos MoM AdvJUN,,0.2%,,0.2%,2.0
2025-07-29 18:00:00+05:30,Wholesale Inventories MoM AdvJUN,,-0.3%,-0.1%,0%,2.0
2025-07-29 18:00:00+05:30,Goods Trade Balance AdvJUN,,$-96.59B,$-98.4B,$-97.2B,2.0
2025-07-29 18:00:00+05:30,Retail Inventories Ex Autos MoM AdvJUN,0%,0.1%,,0.2%,2.0
2025-07-29 18:00:00+05:30,Wholesale Inventories MoM AdvJUN,0.2%,-0.3%,-0.1%,0%,2.0
2025-07-29 18:25:00+05:30,Redbook YoYJUL/26,,5.1%,,,3.0
2025-07-29 18:25:00+05:30,Redbook YoYJUL/26,4.9%,5.1%,,,3.0
2025-07-29 18:30:00+05:30,House Price IndexMAY,,434.9,,434,3.0
2025-07-29 18:30:00+05:30,S&P/Case-Shiller Home Price MoMMAY,,0.8%,,0.6%,3.0
2025-07-29 18:30:00+05:30,House Price Index MoMMAY,,-0.4%,-0.1%,-0.2%,3.0
2025-07-29 18:30:00+05:30,S&P/Case-Shiller Home Price YoYMAY,2.8%,3.4%,3%,3%,2.0
2025-07-29 18:30:00+05:30,S&P/Case-Shiller Home Price YoYMAY,,3.4%,3%,3%,2.0
2025-07-29 18:30:00+05:30,House Price Index MoMMAY,-0.2%,-0.3%,-0.1%,-0.2%,3.0
2025-07-29 18:30:00+05:30,S&P/Case-Shiller Home Price MoMMAY,0.4%,0.8%,,0.6%,3.0
2025-07-29 18:30:00+05:30,House Price Index YoYMAY,,3%,,2.5%,3.0
2025-07-29 18:30:00+05:30,House Price Index YoYMAY,2.8%,3.2%,,2.5%,3.0
2025-07-29 18:30:00+05:30,House Price IndexMAY,434.4,435.1,,434,3.0
2025-07-29 19:30:00+05:30,JOLTs Job OpeningsJUN,,7.769M,7.55M,7.5M,1.0
2025-07-29 19:30:00+05:30,CB Consumer ConfidenceJUL,97.2,95.2,95.8,95,2.0
2025-07-29 19:30:00+05:30,JOLTs Job OpeningsJUN,7.437M,7.712M,7.55M,7.5M,1.0
2025-07-29 19:30:00+05:30,JOLTs Job QuitsJUN,,3.293M,,3.21M,3.0
2025-07-29 19:30:00+05:30,CB Consumer ConfidenceJUL,,93,,95,2.0
2025-07-29 19:30:00+05:30,JOLTs Job QuitsJUN,3.142M,3.270M,,3.21M,3.0
2025-07-29 20:00:00+05:30,Dallas Fed Services Revenues IndexJUL,,-4.1,,1,3.0
2025-07-29 20:00:00+05:30,Dallas Fed Services IndexJUL,,-4.4,,1,3.0
2025-07-29 20:00:00+05:30,Dallas Fed Services Revenues IndexJUL,6.3,-4.1,,1,3.0
2025-07-29 20:00:00+05:30,Dallas Fed Services IndexJUL,2.0,-4.4,,1,3.0
2025-07-29 21:00:00+05:30,2-Year FRN Auction,,0.157%,,,3.0
2025-07-29 21:00:00+05:30,2-Year FRN Auction,0.159%,0.157%,,,3.0
2025-07-29 21:30:00+05:30,7-Year Note Auction,,4.022%,,,3.0
2025-07-29 22:30:00+05:30,7-Year Note Auction,,4.022%,,,3.0
2025-07-29 22:30:00+05:30,7-Year Note Auction,4.092%,4.022%,,,3.0
2025-07-29 22:30:00+05:30,2-Year FRN Auction,,0.157%,,,3.0
2025-07-30 02:00:00+05:30,API Crude Oil Stock ChangeJUL/25,1.539M,-0.577M,-2.5M,,2.0
2025-07-30 02:00:00+05:30,API Crude Oil Stock ChangeJUL/25,,-0.577M,-2.5M,,2.0
2025-07-30 16:30:00+05:30,MBA Mortgage ApplicationsJUL/25,,0.8%,,,3.0
2025-07-30 16:30:00+05:30,MBA 30-Year Mortgage RateJUL/25,,6.84%,,,2.0
2025-07-30 16:30:00+05:30,MBA Mortgage Refinance IndexJUL/25,,747.5,,,3.0
2025-07-30 16:30:00+05:30,MBA Mortgage Market IndexJUL/25,245.7,255.5,,,3.0
2025-07-30 16:30:00+05:30,MBA Mortgage ApplicationsJUL/25,-3.8%,0.8%,,,3.0
2025-07-30 16:30:00+05:30,MBA Purchase IndexJUL/25,,165.1,,,3.0
2025-07-30 16:30:00+05:30,MBA 30-Year Mortgage RateJUL/25,6.83%,6.84%,,,2.0
2025-07-30 16:30:00+05:30,MBA Mortgage Refinance IndexJUL/25,739.3,747.5,,,3.0
2025-07-30 16:30:00+05:30,MBA Mortgage Market IndexJUL/25,,255.5,,,3.0
2025-07-30 16:30:00+05:30,MBA Purchase IndexJUL/25,155.6,165.1,,,3.0
2025-07-30 17:45:00+05:30,ADP Employment ChangeJUL,104K,-23K,75K,20.0K,2.0
2025-07-30 17:45:00+05:30,ADP Employment ChangeJUL,,-33K,78K,20.0K,2.0
2025-07-30 18:00:00+05:30,GDP Sales QoQ AdvQ2,,-3.1%,,1.9%,3.0
2025-07-30 18:00:00+05:30,Real Consumer Spending QoQ AdvQ2,,0.5%,,0.9%,3.0
2025-07-30 18:00:00+05:30,GDP Price Index QoQ AdvQ2,2%,3.8%,2.2%,2.8%,2.0
2025-07-30 18:00:00+05:30,GDP Growth Rate QoQ AdvQ2,3%,-0.5%,2.4%,2.5%,1.0
2025-07-30 18:00:00+05:30,Treasury Refunding Announcement,,,,,3.0
2025-07-30 18:00:00+05:30,Real Consumer Spending QoQ AdvQ2,1.4%,0.5%,,0.9%,3.0
2025-07-30 18:00:00+05:30,PCE Prices QoQ AdvQ2,2.1%,3.7%,2.9%,2.9%,3.0
2025-07-30 18:00:00+05:30,PCE Prices QoQ AdvQ2,,3.7%,,2.9%,3.0
2025-07-30 18:00:00+05:30,GDP Price Index QoQ AdvQ2,,3.8%,2.2%,2.8%,2.0
2025-07-30 18:00:00+05:30,Core PCE Prices QoQ AdvQ2,,3.5%,2.3%,2.8%,3.0
2025-07-30 18:00:00+05:30,Core PCE Prices QoQ AdvQ2,2.5%,3.5%,2.3%,2.8%,3.0
2025-07-30 18:00:00+05:30,GDP Sales QoQ AdvQ2,6.3%,-3.1%,,1.9%,3.0
2025-07-30 18:00:00+05:30,GDP Growth Rate QoQ AdvQ2,,-0.5%,2.4%,2.5%,1.0
2025-07-30 19:30:00+05:30,Pending Home Sales YoYJUN,,1.1%,,1.5%,2.0
2025-07-30 19:30:00+05:30,Pending Home Sales YoYJUN,-2.8%,1.1%,,1.5%,2.0
2025-07-30 19:30:00+05:30,Pending Home Sales MoMJUN,-0.8%,1.8%,0.3%,0.5%,2.0
2025-07-30 19:30:00+05:30,Pending Home Sales MoMJUN,,1.8%,0.3%,0.5%,2.0
2025-07-30 20:00:00+05:30,EIA Crude Oil Imports ChangeJUL/25,,-0.74M,,,3.0
2025-07-30 20:00:00+05:30,EIA Gasoline Stocks ChangeJUL/25,-2.725M,-1.738M,-0.5M,,2.0
2025-07-30 20:00:00+05:30,EIA Crude Oil Stocks ChangeJUL/25,7.698M,-3.169M,-2M,,2.0
2025-07-30 20:00:00+05:30,EIA Heating Oil Stocks ChangeJUL/25,,0.003M,,,3.0
2025-07-30 20:00:00+05:30,EIA Distillate Stocks ChangeJUL/25,,2.931M,-0.9M,,3.0
2025-07-30 20:00:00+05:30,EIA Gasoline Stocks ChangeJUL/25,,-1.738M,-1.1M,,2.0
2025-07-30 20:00:00+05:30,EIA Crude Oil Imports ChangeJUL/25,1.317M,-0.74M,,,3.0
2025-07-30 20:00:00+05:30,EIA Refinery Crude Runs ChangeJUL/25,,0.087M,,,3.0
2025-07-30 20:00:00+05:30,EIA Crude Oil Stocks ChangeJUL/25,,-3.169M,-2.5M,,2.0
2025-07-30 20:00:00+05:30,EIA Heating Oil Stocks ChangeJUL/25,0.739M,0.003M,,,3.0
2025-07-30 20:00:00+05:30,EIA Distillate Fuel Production ChangeJUL/25,,0.095M,,,3.0
2025-07-30 20:00:00+05:30,EIA Gasoline Production ChangeJUL/25,,0.282M,,,3.0
2025-07-30 20:00:00+05:30,EIA Gasoline Production ChangeJUL/25,0.676M,0.282M,,,3.0
2025-07-30 20:00:00+05:30,EIA Refinery Crude Runs ChangeJUL/25,-0.025M,0.087M,,,3.0
2025-07-30 20:00:00+05:30,EIA Distillate Stocks ChangeJUL/25,3.635M,2.931M,-0.3M,,3.0
2025-07-30 20:00:00+05:30,EIA Cushing Crude Oil Stocks ChangeJUL/25,0.69M,0.455M,,,3.0
2025-07-30 20:00:00+05:30,EIA Cushing Crude Oil Stocks ChangeJUL/25,,0.455M,,,3.0
2025-07-30 20:00:00+05:30,EIA Distillate Fuel Production ChangeJUL/25,0.13M,0.095M,,,3.0
2025-07-30 21:00:00+05:30,17-Week Bill Auction,,4.225%,,,3.0
2025-07-30 21:00:00+05:30,17-Week Bill Auction,4.210%,4.225%,,,3.0
2025-07-30 23:30:00+05:30,Fed Interest Rate Decision,4.5%,4.5%,4.5%,4.5%,1.0
2025-07-30 23:30:00+05:30,Fed Interest Rate Decision,,4.5%,4.5%,4.5%,1.0
2025-07-31 00:00:00+05:30,Fed Press Conference,,,,,1.0
2025-07-31 17:00:00+05:30,Challenger Job CutsJUL,,47.999K,,71.0K,3.0
2025-07-31 17:00:00+05:30,Challenger Job CutsJUL,62.075K,47.999K,,71.0K,3.0
2025-07-31 18:00:00+05:30,Employment Cost - Wages QoQQ2,1%,0.8%,,0.8%,2.0
2025-07-31 18:00:00+05:30,Personal Income MoMJUN,,-0.4%,0.2%,0.3%,1.0
2025-07-31 18:00:00+05:30,Employment Cost Index QoQQ2,0.9%,0.9%,0.8%,0.8%,2.0
2025-07-31 18:00:00+05:30,Personal Spending MoMJUN,,-0.1%,0.4%,0.4%,1.0
2025-07-31 18:00:00+05:30,Employment Cost - Benefits QoQQ2,0.7%,1.2%,,1%,2.0
2025-07-31 18:00:00+05:30,PCE Price Index MoMJUN,,0.1%,0.3%,0.3%,2.0
2025-07-31 18:00:00+05:30,Core PCE Price Index MoMJUN,,0.2%,0.3%,0.3%,1.0
2025-07-31 18:00:00+05:30,Employment Cost - Benefits QoQQ2,,1.2%,,1%,2.0
2025-07-31 18:00:00+05:30,PCE Price Index MoMJUN,0.3%,0.2%,0.3%,0.3%,2.0
2025-07-31 18:00:00+05:30,Jobless Claims 4-week AverageJUL/26,221K,224.5K,,226.0K,3.0
2025-07-31 18:00:00+05:30,Core PCE Price Index YoYJUN,2.8%,2.8%,2.7%,2.8%,3.0
2025-07-31 18:00:00+05:30,Continuing Jobless ClaimsJUL/19,1946K,1946K,1960K,1958.0K,3.0
2025-07-31 18:00:00+05:30,Employment Cost Index QoQQ2,,0.9%,0.8%,0.8%,2.0
2025-07-31 18:00:00+05:30,PCE Price Index YoYJUN,,2.3%,2.5%,2.5%,2.0
2025-07-31 18:00:00+05:30,Personal Spending MoMJUN,0.3%,0%,0.4%,0.4%,1.0
2025-07-31 18:00:00+05:30,Employment Cost - Wages QoQQ2,,0.8%,,0.8%,2.0
2025-07-31 18:00:00+05:30,Jobless Claims 4-week AverageJUL/26,,224.5K,,226.0K,3.0
2025-07-31 18:00:00+05:30,Continuing Jobless ClaimsJUL/19,,1955K,1960K,1958.0K,3.0
2025-07-31 18:00:00+05:30,Initial Jobless ClaimsJUL/26,,217K,224K,220.0K,2.0
2025-07-31 18:00:00+05:30,Personal Income MoMJUN,0.3%,-0.4%,0.2%,0.3%,1.0
2025-07-31 18:00:00+05:30,Core PCE Price Index MoMJUN,0.3%,0.2%,0.3%,0.3%,1.0
2025-07-31 18:00:00+05:30,Core PCE Price Index YoYJUN,,2.7%,2.7%,2.8%,3.0
2025-07-31 18:00:00+05:30,PCE Price Index YoYJUN,2.6%,2.4%,2.5%,2.5%,2.0
2025-07-31 18:00:00+05:30,Initial Jobless ClaimsJUL/26,218K,217K,224K,220.0K,2.0
2025-07-31 19:15:00+05:30,Chicago PMIJUL,47.1,40.4,42,43,2.0
2025-07-31 19:15:00+05:30,Chicago PMIJUL,,40.4,42,43,2.0
2025-07-31 20:00:00+05:30,EIA Natural Gas Stocks ChangeJUL/25,48Bcf,23Bcf,38Bcf,,3.0
2025-07-31 20:00:00+05:30,EIA Natural Gas Stocks ChangeJUL/25,,23Bcf,38Bcf,,3.0
2025-07-31 21:00:00+05:30,4-Week Bill Auction,,4.245%,,,3.0
2025-07-31 21:00:00+05:30,4-Week Bill Auction,4.290%,4.245%,,,3.0
2025-07-31 21:00:00+05:30,8-Week Bill Auction,,4.265%,,,3.0
2025-07-31 21:00:00+05:30,8-Week Bill Auction,4.290%,4.265%,,,3.0
2025-07-31 21:30:00+05:30,15-Year Mortgage RateJUL/31,,5.87%,,,3.0
2025-07-31 21:30:00+05:30,15-Year Mortgage RateJUL/31,5.85%,5.87%,,,3.0
2025-07-31 21:30:00+05:30,30-Year Mortgage RateJUL/31,,6.74%,,,3.0
2025-07-31 21:30:00+05:30,30-Year Mortgage RateJUL/31,6.72%,6.74%,,,3.0
2025-08-01 02:00:00+05:30,Fed Balance SheetJUL/30,$6.64T,$6.66T,,,3.0
2025-08-01 02:00:00+05:30,Fed Balance SheetJUL/30,,$6.66T,,,3.0
2025-08-01 18:00:00+05:30,Government PayrollsJUL,-10K,11K,,5K,3.0
2025-08-01 18:00:00+05:30,Average Weekly HoursJUL,34.3,34.2,34.2,34.2,3.0
2025-08-01 18:00:00+05:30,Nonfarm Payrolls PrivateJUL,,74K,100K,105K,3.0
2025-08-01 18:00:00+05:30,Manufacturing PayrollsJUL,-11K,-15K,-3K,1K,3.0
2025-08-01 18:00:00+05:30,Non Farm PayrollsJUL,73K,14K,110K,110K,1.0
2025-08-01 18:00:00+05:30,Government PayrollsJUL,,73K,,5K,3.0
2025-08-01 18:00:00+05:30,Average Hourly Earnings YoYJUL,,3.7%,3.8%,3.6%,2.0
2025-08-01 18:00:00+05:30,Non Farm PayrollsJUL,,147K,110K,110K,1.0
2025-08-01 18:00:00+05:30,Average Hourly Earnings YoYJUL,3.9%,3.8%,3.8%,3.6%,2.0
2025-08-01 18:00:00+05:30,Unemployment RateJUL,,4.1%,4.2%,4.2%,1.0
2025-08-01 18:00:00+05:30,Average Hourly Earnings MoMJUL,,0.2%,0.3%,0.2%,2.0
2025-08-01 18:00:00+05:30,Unemployment RateJUL,4.2%,4.1%,4.2%,4.2%,1.0
2025-08-01 18:00:00+05:30,Participation RateJUL,62.2%,62.3%,,62.3%,2.0
2025-08-01 18:00:00+05:30,Nonfarm Payrolls PrivateJUL,83K,3K,100K,105K,3.0
2025-08-01 18:00:00+05:30,Manufacturing PayrollsJUL,,-7K,-3K,1K,3.0
2025-08-01 18:00:00+05:30,Average Weekly HoursJUL,,34.2,34.2,34.2,3.0
2025-08-01 18:00:00+05:30,U-6 Unemployment RateJUL,7.9%,7.7%,,7.8%,3.0
2025-08-01 18:00:00+05:30,Average Hourly Earnings MoMJUL,0.3%,0.2%,0.3%,0.2%,2.0
2025-08-01 18:00:00+05:30,Participation RateJUL,,62.3%,,62.3%,2.0
2025-08-01 18:00:00+05:30,U-6 Unemployment RateJUL,,7.7%,,7.8%,3.0
2025-08-01 19:15:00+05:30,S&P Global Manufacturing PMI FinalJUL,,52.9,49.5,49.5,3.0
2025-08-01 19:15:00+05:30,S&P Global Manufacturing PMI FinalJUL,49.8,52.9,49.5,49.5,3.0
2025-08-01 19:30:00+05:30,Michigan 5 Year Inflation Expectations FinalJUL,3.4%,4%,3.6%,3.6%,3.0
2025-08-01 19:30:00+05:30,Michigan 5 Year Inflation Expectations FinalJUL,,4%,3.6%,3.6%,3.0
2025-08-01 19:30:00+05:30,Michigan Consumer Expectations FinalJUL,,58.1,58.6,58.6,3.0
2025-08-01 19:30:00+05:30,ISM Manufacturing New OrdersJUL,,46.4,,47.2,3.0
2025-08-01 19:30:00+05:30,ISM Manufacturing PricesJUL,,69.7,70,69.9,3.0
2025-08-01 19:30:00+05:30,Michigan Consumer Sentiment FinalJUL,61.7,60.7,62,61.8,2.0
2025-08-01 19:30:00+05:30,Michigan Consumer Sentiment FinalJUL,,60.7,62,61.8,2.0
2025-08-01 19:30:00+05:30,ISM Manufacturing EmploymentJUL,43.4,45.0,,45.3,2.0
2025-08-01 19:30:00+05:30,Michigan Current Conditions FinalJUL,,64.8,66.8,66.8,3.0
2025-08-01 19:30:00+05:30,ISM Manufacturing PricesJUL,64.8,69.7,70,69.9,3.0
2025-08-01 19:30:00+05:30,Michigan Inflation Expectations FinalJUL,4.5%,5%,4.4%,4.4%,3.0
2025-08-01 19:30:00+05:30,ISM Manufacturing PMIJUL,,49,49.5,49.4,1.0
2025-08-01 19:30:00+05:30,ISM Manufacturing EmploymentJUL,,45,,45.3,2.0
2025-08-01 19:30:00+05:30,ISM Manufacturing New OrdersJUL,47.1,46.4,,47.2,3.0
2025-08-01 19:30:00+05:30,Michigan Current Conditions FinalJUL,68.0,64.8,66.8,66.8,3.0
2025-08-01 19:30:00+05:30,Construction Spending MoMJUN,-0.4%,-0.4%,0.0%,0.1%,3.0
2025-08-01 19:30:00+05:30,Construction Spending MoMJUN,,-0.3%,0.0%,0.1%,3.0
2025-08-01 19:30:00+05:30,Michigan Inflation Expectations FinalJUL,,5%,4.4%,4.4%,3.0
2025-08-01 19:30:00+05:30,ISM Manufacturing PMIJUL,48.0,49.0,49.5,49.4,1.0
2025-08-01 19:30:00+05:30,Michigan Consumer Expectations FinalJUL,57.7,58.1,58.6,58.6,3.0
2025-08-01 22:30:00+05:30,Baker Hughes Oil Rig CountAUG/01,,415,,,3.0
2025-08-01 22:30:00+05:30,Total Vehicle SalesJUL,,15.3M,16.0M,15.9M,3.0
2025-08-01 22:30:00+05:30,Baker Hughes Oil Rig CountAUG/01,410,415,,,3.0
2025-08-01 22:30:00+05:30,Baker Hughes Total Rigs CountAUG/01,,542,,,3.0
2025-08-01 22:30:00+05:30,Baker Hughes Total Rigs CountAUG/01,540,542,,,3.0
2025-08-02 00:40:00+05:30,Fed Daly Speech,,,,,2.0
2025-08-04 18:00:00+05:30,Total Vehicle SalesJUL,16.4M,15.3M,16.0M,15.9M,3.0
2025-08-04 19:30:00+05:30,Factory Orders MoMJUN,,8.2%,-4.9%,-6.0%,2.0
2025-08-04 19:30:00+05:30,Total Vehicle SalesJUL,,15.3M,15.8M,,3.0
2025-08-04 19:30:00+05:30,Factory Orders ex TransportationJUN,0.4%,0.3%,,0.1%,3.0
2025-08-04 19:30:00+05:30,Factory Orders ex TransportationJUN,,0.2%,,0.1%,3.0
2025-08-04 19:30:00+05:30,Factory Orders MoMJUN,-4.8%,8.3%,-4.9%,-6.0%,2.0
2025-08-04 21:00:00+05:30,6-Month Bill Auction,3.980%,4.120%,,,3.0
2025-08-04 21:00:00+05:30,6-Month Bill Auction,,4.120%,,,3.0
2025-08-04 21:00:00+05:30,3-Month Bill Auction,4.165%,4.235%,,,3.0
2025-08-04 21:00:00+05:30,Total Vehicle SalesJUL,,15.3M,16.0M,15.9M,3.0
2025-08-04 21:00:00+05:30,3-Month Bill Auction,,4.235%,,,3.0
2025-08-05 15:30:00+05:30,LMI Logistics Managers IndexJUL,59.2,60.7,,,3.0
2025-08-05 18:00:00+05:30,ImportsJUN,,$350.5B,,$338.6B,2.0
2025-08-05 18:00:00+05:30,ExportsJUN,$277.3B,$278.6B,,$277.2B,2.0
2025-08-05 18:00:00+05:30,Balance of TradeJUN,$-60.2B,$-71.7B,$-61.6B,$-61.4B,2.0
2025-08-05 18:00:00+05:30,ImportsJUN,$337.5B,$350.3B,,$338.6B,2.0
2025-08-05 18:00:00+05:30,Balance of TradeJUN,,$-71.5B,$-61.6B,$-61.4B,2.0
2025-08-05 18:00:00+05:30,ExportsJUN,,$279.0B,,$277.2B,2.0
2025-08-05 18:25:00+05:30,Redbook YoYAUG/02,6.5%,4.9%,,,3.0
2025-08-05 18:25:00+05:30,Redbook YoYAUG/02,,4.9%,,,3.0
2025-08-05 19:15:00+05:30,S&P Global Services PMI FinalJUL,55.7,52.9,55.2,55.2,3.0
2025-08-05 19:15:00+05:30,S&P Global Composite PMI FinalJUL,,52.9,54.6,54.6,3.0
2025-08-05 19:15:00+05:30,S&P Global Composite PMI FinalJUL,55.1,52.9,54.6,54.6,3.0
2025-08-05 19:15:00+05:30,S&P Global Services PMI FinalJUL,,52.9,55.2,55.2,3.0
2025-08-05 19:30:00+05:30,ISM Services New OrdersJUL,50.3,51.3,,51.4,3.0
2025-08-05 19:30:00+05:30,ISM Services PMIJUL,,50.8,51.5,51,1.0
2025-08-05 19:30:00+05:30,ISM Services PricesJUL,69.9,67.5,,67.7,3.0
2025-08-05 19:30:00+05:30,ISM Services EmploymentJUL,46.4,47.2,,48,3.0
2025-08-05 19:30:00+05:30,ISM Services PricesJUL,,67.5,,67.7,3.0
2025-08-05 19:30:00+05:30,ISM Services New OrdersJUL,,51.3,,51.4,3.0
2025-08-05 19:30:00+05:30,ISM Services PMIJUL,50.1,50.8,51.5,51,1.0
2025-08-05 19:30:00+05:30,ISM Services Business ActivityJUL,,54.2,,54.3,3.0
2025-08-05 19:30:00+05:30,ISM Services EmploymentJUL,,47.2,,48,3.0
2025-08-05 19:30:00+05:30,ISM Services Business ActivityJUL,52.6,54.2,,54.3,3.0
2025-08-05 19:40:00+05:30,RCM/TIPP Economic Optimism IndexAUG,50.9,48.6,49.2,49,3.0
2025-08-05 19:40:00+05:30,RCM/TIPP Economic Optimism IndexAUG,,48.6,49.2,49,3.0
2025-08-05 20:30:00+05:30,Total Household DebtQ2,$18.39T,$18.20T,,,3.0
2025-08-05 20:30:00+05:30,Total Household DebtQ2,,$18.20T,,,3.0
2025-08-05 21:00:00+05:30,52-Week Bill Auction,,3.925%,,,3.0
2025-08-05 21:00:00+05:30,52-Week Bill Auction,3.760%,3.925%,,,3.0
2025-08-05 22:30:00+05:30,LMI Logistics Managers IndexJUL,,60.7,,,3.0
2025-08-05 22:30:00+05:30,3-Year Note Auction,,3.891%,,,3.0
2025-08-05 22:30:00+05:30,3-Year Note Auction,3.669%,3.891%,,,3.0
2025-08-06 02:00:00+05:30,API Crude Oil Stock ChangeAUG/01,-4.2M,1.539M,-1.8M,,2.0
2025-08-06 02:00:00+05:30,API Crude Oil Stock ChangeAUG/01,,1.539M,-1.8M,,2.0
2025-08-06 16:30:00+05:30,MBA Mortgage ApplicationsAUG/01,3.1%,-3.8%,,,3.0
2025-08-06 16:30:00+05:30,MBA Mortgage Refinance IndexAUG/01,777.4,739.3,,,3.0
2025-08-06 16:30:00+05:30,MBA 30-Year Mortgage RateAUG/01,6.77%,6.83%,,,2.0
2025-08-06 16:30:00+05:30,MBA Mortgage Market IndexAUG/01,253.4,245.7,,,3.0
2025-08-06 16:30:00+05:30,MBA 30-Year Mortgage RateAUG/01,,6.83%,,,2.0
2025-08-06 16:30:00+05:30,MBA Purchase IndexAUG/01,158.0,155.6,,,3.0
2025-08-06 16:30:00+05:30,MBA Purchase IndexAUG/01,,155.6,,,3.0
2025-08-06 16:30:00+05:30,MBA Mortgage Refinance IndexAUG/01,,739.3,,,3.0
2025-08-06 16:30:00+05:30,MBA Mortgage Market IndexAUG/01,,245.7,,,3.0
2025-08-06 16:30:00+05:30,MBA Mortgage ApplicationsAUG/01,,-3.8%,,,3.0
2025-08-06 20:00:00+05:30,EIA Refinery Crude Runs ChangeAUG/01,,-0.025M,,,3.0
2025-08-06 20:00:00+05:30,EIA Crude Oil Imports ChangeAUG/01,-0.794M,1.317M,,,3.0
2025-08-06 20:00:00+05:30,EIA Crude Oil Imports ChangeAUG/01,,1.317M,,,3.0
2025-08-06 20:00:00+05:30,EIA Gasoline Stocks ChangeAUG/01,-1.323M,-2.724M,-1M,,2.0
2025-08-06 20:00:00+05:30,EIA Gasoline Production ChangeAUG/01,-0.239M,0.676M,,,3.0
2025-08-06 20:00:00+05:30,EIA Heating Oil Stocks ChangeAUG/01,-0.456M,0.739M,,,3.0
2025-08-06 20:00:00+05:30,EIA Distillate Stocks ChangeAUG/01,,3.635M,,,3.0
2025-08-06 20:00:00+05:30,EIA Refinery Crude Runs ChangeAUG/01,0.213M,-0.025M,,,3.0
2025-08-06 20:00:00+05:30,EIA Distillate Fuel Production ChangeAUG/01,,0.13M,,,3.0
2025-08-06 20:00:00+05:30,EIA Cushing Crude Oil Stocks ChangeAUG/01,,0.69M,,,3.0
2025-08-06 20:00:00+05:30,EIA Gasoline Production ChangeAUG/01,,0.676M,,,3.0
2025-08-06 20:00:00+05:30,EIA Crude Oil Stocks ChangeAUG/01,,7.698M,0.2M,,2.0
2025-08-06 20:00:00+05:30,EIA Heating Oil Stocks ChangeAUG/01,,0.739M,,,3.0
2025-08-06 20:00:00+05:30,EIA Gasoline Stocks ChangeAUG/01,,-2.725M,,,2.0
2025-08-06 20:00:00+05:30,EIA Distillate Stocks ChangeAUG/01,-0.565M,3.635M,1M,,3.0
2025-08-06 20:00:00+05:30,EIA Distillate Fuel Production ChangeAUG/01,-0.104M,0.13M,,,3.0
2025-08-06 20:00:00+05:30,EIA Crude Oil Stocks ChangeAUG/01,-3.029M,7.698M,-1.1M,,2.0
2025-08-06 20:00:00+05:30,EIA Cushing Crude Oil Stocks ChangeAUG/01,0.453M,0.69M,,,3.0
2025-08-06 20:30:00+05:30,Total Household DebtQ2,,$18.20T,,,3.0
2025-08-06 21:00:00+05:30,17-Week Bill Auction,,4.210%,,,3.0
2025-08-06 21:00:00+05:30,17-Week Bill Auction,4.105%,4.210%,,,3.0
2025-08-06 22:30:00+05:30,10-Year Note Auction,,4.362%,,,3.0
2025-08-06 22:30:00+05:30,10-Year Note Auction,4.255%,4.362%,,,3.0
2025-08-06 23:30:00+05:30,Fed Cook Speech,,,,,2.0
2025-08-07 18:00:00+05:30,Unit Labour Costs QoQ PrelQ2,1.6%,6.9%,1.5%,2.0%,2.0
2025-08-07 18:00:00+05:30,Jobless Claims 4-week AverageAUG/02,,221K,,222K,3.0
2025-08-07 18:00:00+05:30,Jobless Claims 4-week AverageAUG/02,220.75K,221.25K,,222K,3.0
2025-08-07 18:00:00+05:30,Initial Jobless ClaimsAUG/02,,218K,220K,220K,2.0
2025-08-07 18:00:00+05:30,Initial Jobless ClaimsAUG/02,226K,219K,221K,220K,2.0
2025-08-07 18:00:00+05:30,Unit Labour Costs QoQ PrelQ2,,6.6%,1.6%,2.0%,2.0
2025-08-07 18:00:00+05:30,Continuing Jobless ClaimsJUL/26,1974K,1936K,1950K,1947K,3.0
2025-08-07 18:00:00+05:30,Nonfarm Productivity QoQ PrelQ2,2.4%,-1.8%,2%,1.8%,2.0
2025-08-07 18:00:00+05:30,Continuing Jobless ClaimsJUL/26,,1946K,,1947K,3.0
2025-08-07 18:00:00+05:30,Nonfarm Productivity QoQ PrelQ2,,-1.5%,1.9%,1.8%,2.0
2025-08-07 18:30:00+05:30,Used Car Prices YoYJUL,2.9%,6.3%,,,3.0
2025-08-07 18:30:00+05:30,Used Car Prices MoMJUL,-0.5%,1.6%,,,3.0
2025-08-07 19:30:00+05:30,Wholesale Inventories MoMJUN,0.1%,-0.3%,0.1%,0.2%,3.0
2025-08-07 19:30:00+05:30,Fed Bostic Speech,,,,,2.0
2025-08-07 19:30:00+05:30,Wholesale Inventories MoMJUN,,-0.3%,0.1%,0.2%,3.0
2025-08-07 19:50:00+05:30,Fed Musalem Speech,,,,,2.0
2025-08-07 20:00:00+05:30,EIA Natural Gas Stocks ChangeAUG/01,7Bcf,48Bcf,15Bcf,,3.0
2025-08-07 20:00:00+05:30,EIA Natural Gas Stocks ChangeAUG/01,,48Bcf,,,3.0
2025-08-07 20:30:00+05:30,Consumer Inflation ExpectationsJUL,3.1%,3%,,3%,3.0
2025-08-07 20:30:00+05:30,Consumer Inflation ExpectationsJUL,,3%,,3%,3.0
2025-08-07 21:00:00+05:30,8-Week Bill Auction,4.235%,4.290%,,,3.0
2025-08-07 21:00:00+05:30,4-Week Bill Auction,,4.290%,,,3.0
2025-08-07 21:00:00+05:30,4-Week Bill Auction,4.300%,4.290%,,,3.0
2025-08-07 21:00:00+05:30,8-Week Bill Auction,,4.290%,,,3.0
2025-08-07 21:30:00+05:30,15-Year Mortgage RateAUG/07,,5.85%,,,3.0
2025-08-07 21:30:00+05:30,15-Year Mortgage RateAUG/07,5.75%,5.85%,,,3.0
2025-08-07 21:30:00+05:30,30-Year Mortgage RateAUG/07,,6.72%,,,3.0
2025-08-07 21:30:00+05:30,30-Year Mortgage RateAUG/07,6.63%,6.72%,,,3.0
2025-08-07 22:30:00+05:30,30-Year Bond Auction,4.813%,4.889%,,,3.0
2025-08-07 22:30:00+05:30,Used Car Prices YoYJUL,,6.3%,,,3.0
2025-08-07 22:30:00+05:30,Used Car Prices MoMJUL,,1.6%,,,3.0
2025-08-07 22:30:00+05:30,30-Year Bond Auction,,4.889%,,,3.0
2025-08-08 00:30:00+05:30,Consumer Credit ChangeJUN,$7.37B,$5.13B,$7B,$10.0B,3.0
2025-08-08 00:30:00+05:30,Consumer Credit ChangeJUN,,$5.1B,$7B,$10.0B,3.0
2025-08-08 02:00:00+05:30,Fed Balance SheetAUG/06,,$6.64T,,,3.0
2025-08-08 02:00:00+05:30,Fed Balance SheetAUG/06,$6.64T,$6.64T,,,3.0
2025-08-08 19:50:00+05:30,Fed Musalem Speech,,,,,2.0
2025-08-08 22:30:00+05:30,Baker Hughes Oil Rig CountAUG/08,,410,410,,3.0
2025-08-08 22:30:00+05:30,Baker Hughes Total Rigs CountAUG/08,,540,,,3.0
2025-08-08 22:30:00+05:30,Baker Hughes Total Rigs CountAUG/08,539,540,,,3.0
2025-08-08 22:30:00+05:30,Baker Hughes Oil Rig CountAUG/08,411,410,410,,3.0
2025-08-09 21:45:00+05:30,Fed Bowman Speech,,,,,2.0
2025-08-11 21:00:00+05:30,3-Month Bill Auction,,4.165%,,,3.0
2025-08-11 21:00:00+05:30,3-Month Bill Auction,4.150%,4.165%,,,3.0
2025-08-11 21:00:00+05:30,6-Month Bill Auction,,3.980%,,,3.0
2025-08-11 21:00:00+05:30,6-Month Bill Auction,3.970%,3.980%,,,3.0
2025-08-12 15:30:00+05:30,NFIB Business Optimism IndexJUL,,98.6,98.6,98.7,3.0
2025-08-12 15:30:00+05:30,NFIB Business Optimism IndexJUL,100.3,98.6,98.6,98.7,3.0
2025-08-12 18:00:00+05:30,Inflation Rate YoYJUL,2.7%,2.7%,2.8%,2.7%,1.0
2025-08-12 18:00:00+05:30,CPI s.aJUL,,321.500,,322.1,2.0
2025-08-12 18:00:00+05:30,Core Inflation Rate MoMJUL,0.3%,0.2%,0.3%,0.2%,1.0
2025-08-12 18:00:00+05:30,CPIJUL,323.05,322.56,323.20,323,2.0
2025-08-12 18:00:00+05:30,CPIJUL,,322.56,323.17,323,2.0
2025-08-12 18:00:00+05:30,Core Inflation Rate YoYJUL,,2.9%,3%,3%,1.0
2025-08-12 18:00:00+05:30,Inflation Rate YoYJUL,,2.7%,2.8%,2.7%,1.0
2025-08-12 18:00:00+05:30,Inflation Rate MoMJUL,,0.3%,0.2%,0.2%,1.0
2025-08-12 18:00:00+05:30,Core Inflation Rate YoYJUL,3.1%,2.9%,3%,3%,1.0
2025-08-12 18:00:00+05:30,Inflation Rate MoMJUL,0.2%,0.3%,0.2%,0.2%,1.0
2025-08-12 18:00:00+05:30,CPI s.aJUL,322.13,321.50,,322.1,2.0
2025-08-12 18:00:00+05:30,Core Inflation Rate MoMJUL,,0.2%,0.3%,0.2%,1.0
2025-08-12 18:25:00+05:30,Redbook YoYAUG/09,,6.5%,,,3.0
2025-08-12 18:25:00+05:30,Redbook YoYAUG/09,5.7%,6.5%,,,3.0
2025-08-12 19:30:00+05:30,Fed Barkin Speech,,,,,2.0
2025-08-12 20:00:00+05:30,Fed Schmid Speech,,,,,2.0
2025-08-12 21:30:00+05:30,WASDE Report,,,,,3.0
2025-08-12 23:30:00+05:30,Monthly Budget StatementJUL,,$27B,$-215B,$-260.0B,2.0
2025-08-12 23:30:00+05:30,Monthly Budget StatementJUL,$-291B,$27B,$-215B,$-260.0B,2.0
2025-08-13 02:00:00+05:30,API Crude Oil Stock ChangeAUG/08,,-4.2M,-0.8M,,2.0
2025-08-13 02:00:00+05:30,API Crude Oil Stock ChangeAUG/08,1.5M,-4.2M,-0.8M,,2.0
2025-08-13 16:30:00+05:30,MBA Mortgage Market IndexAUG/08,,253.4,,,3.0
2025-08-13 16:30:00+05:30,MBA 30-Year Mortgage RateAUG/08,,6.77%,,,2.0
2025-08-13 16:30:00+05:30,MBA Mortgage ApplicationsAUG/08,10.9%,3.1%,,,3.0
2025-08-13 16:30:00+05:30,MBA Mortgage ApplicationsAUG/08,,3.1%,,,3.0
2025-08-13 16:30:00+05:30,MBA Mortgage Market IndexAUG/08,281.1,253.4,,,3.0
2025-08-13 16:30:00+05:30,MBA Mortgage Refinance IndexAUG/08,956.2,777.4,,,3.0
2025-08-13 16:30:00+05:30,MBA 30-Year Mortgage RateAUG/08,6.67%,6.77%,,,2.0
2025-08-13 16:30:00+05:30,MBA Purchase IndexAUG/08,,158.0,,,3.0
2025-08-13 16:30:00+05:30,MBA Mortgage Refinance IndexAUG/08,,777.4,,,3.0
2025-08-13 16:30:00+05:30,MBA Purchase IndexAUG/08,160.2,158.0,,,3.0
2025-08-13 17:00:00+05:30,Fed Barkin Speech,,,,,2.0
2025-08-13 20:00:00+05:30,EIA Cushing Crude Oil Stocks ChangeAUG/08,0.045M,0.453M,,,3.0
2025-08-13 20:00:00+05:30,EIA Distillate Stocks ChangeAUG/08,,-0.565M,,,3.0
2025-08-13 20:00:00+05:30,EIA Distillate Fuel Production ChangeAUG/08,,-0.104M,,,3.0
2025-08-13 20:00:00+05:30,EIA Gasoline Production ChangeAUG/08,0.01M,-0.239M,,,3.0
2025-08-13 20:00:00+05:30,EIA Cushing Crude Oil Stocks ChangeAUG/08,,0.453M,,,3.0
2025-08-13 20:00:00+05:30,EIA Distillate Stocks ChangeAUG/08,0.714M,-0.565M,0.35M,,3.0
2025-08-13 20:00:00+05:30,EIA Refinery Crude Runs ChangeAUG/08,0.056M,0.213M,,,3.0
2025-08-13 20:00:00+05:30,EIA Distillate Fuel Production ChangeAUG/08,0.032M,-0.104M,,,3.0
2025-08-13 20:00:00+05:30,EIA Gasoline Stocks ChangeAUG/08,-0.792M,-1.323M,-1M,,2.0
2025-08-13 20:00:00+05:30,EIA Heating Oil Stocks ChangeAUG/08,0.827M,-0.456M,,,3.0
2025-08-13 20:00:00+05:30,EIA Gasoline Stocks ChangeAUG/08,,-1.323M,,,2.0
2025-08-13 20:00:00+05:30,EIA Crude Oil Stocks ChangeAUG/08,,-3.029M,-0.9M,,2.0
2025-08-13 20:00:00+05:30,EIA Heating Oil Stocks ChangeAUG/08,,-0.456M,,,3.0
2025-08-13 20:00:00+05:30,EIA Crude Oil Imports ChangeAUG/08,0.699M,-0.794M,,,3.0
2025-08-13 20:00:00+05:30,EIA Crude Oil Stocks ChangeAUG/08,3.037M,-3.029M,-0.8M,,2.0
2025-08-13 20:00:00+05:30,EIA Crude Oil Imports ChangeAUG/08,,-0.794M,,,3.0
2025-08-13 20:00:00+05:30,EIA Gasoline Production ChangeAUG/08,,-0.239M,,,3.0
2025-08-13 20:00:00+05:30,EIA Refinery Crude Runs ChangeAUG/08,,0.213M,,,3.0
2025-08-13 21:00:00+05:30,17-Week Bill Auction,,4.105%,,,3.0
2025-08-13 21:00:00+05:30,17-Week Bill Auction,4.050%,4.105%,,,3.0
2025-08-13 22:30:00+05:30,Fed Goolsbee Speech,,,,,2.0
2025-08-13 23:00:00+05:30,Fed Bostic Speech,,,,,2.0
2025-08-14 18:00:00+05:30,Core PPI YoYJUL,3.7%,2.6%,2.9%,2.7%,3.0
2025-08-14 18:00:00+05:30,PPI MoMJUL,,0%,0.2%,0.2%,1.0
2025-08-14 18:00:00+05:30,Core PPI MoMJUL,,0%,0.2%,0.1%,2.0
2025-08-14 18:00:00+05:30,PPI MoMJUL,0.9%,0%,0.2%,0.2%,1.0
2025-08-14 18:00:00+05:30,Initial Jobless ClaimsAUG/09,,226K,228K,228.0K,2.0
2025-08-14 18:00:00+05:30,Jobless Claims 4-week AverageAUG/09,,220.75K,,223.0K,3.0
2025-08-14 18:00:00+05:30,"PPI Ex Food, Energy and Trade YoYJUL",,2.5%,,2.5%,3.0
2025-08-14 18:00:00+05:30,"PPI Ex Food, Energy and Trade YoYJUL",2.8%,2.5%,,2.5%,3.0
2025-08-14 18:00:00+05:30,PPIJUL,,148.236,,148.5,3.0
2025-08-14 18:00:00+05:30,Jobless Claims 4-week AverageAUG/09,221.75K,221K,,223.0K,3.0
2025-08-14 18:00:00+05:30,PPIJUL,149.671,148.270,,148.5,3.0
2025-08-14 18:00:00+05:30,"PPI Ex Food, Energy and Trade MoMJUL",,0%,,0.1%,3.0
2025-08-14 18:00:00+05:30,Core PPI YoYJUL,,2.6%,2.9%,2.7%,3.0
2025-08-14 18:00:00+05:30,PPI YoYJUL,3.3%,2.4%,2.5%,2.5%,3.0
2025-08-14 18:00:00+05:30,Initial Jobless ClaimsAUG/09,224K,227K,228K,228.0K,2.0
2025-08-14 18:00:00+05:30,Continuing Jobless ClaimsAUG/02,1953K,1968K,1960K,1977.0K,3.0
2025-08-14 18:00:00+05:30,Continuing Jobless ClaimsAUG/02,,1974K,1960K,1977.0K,3.0
2025-08-14 18:00:00+05:30,"PPI Ex Food, Energy and Trade MoMJUL",0.6%,0%,,0.1%,3.0
2025-08-14 18:00:00+05:30,PPI YoYJUL,,2.3%,2.5%,2.5%,3.0
2025-08-14 18:00:00+05:30,Core PPI MoMJUL,0.9%,0%,0.2%,0.1%,2.0
2025-08-14 20:00:00+05:30,EIA Natural Gas Stocks ChangeAUG/08,56Bcf,7Bcf,53Bcf,,3.0
2025-08-14 20:00:00+05:30,EIA Natural Gas Stocks ChangeAUG/08,,7Bcf,,,3.0
2025-08-14 21:00:00+05:30,4-Week Bill Auction,,4.300%,,,3.0
2025-08-14 21:00:00+05:30,8-Week Bill Auction,,4.235%,,,3.0
2025-08-14 21:00:00+05:30,4-Week Bill Auction,4.280%,4.300%,,,3.0
2025-08-14 21:00:00+05:30,8-Week Bill Auction,4.185%,4.235%,,,3.0
2025-08-14 21:30:00+05:30,30-Year Mortgage RateAUG/14,,6.63%,,,3.0
2025-08-14 21:30:00+05:30,15-Year Mortgage RateAUG/14,,5.75%,,,3.0
2025-08-14 21:30:00+05:30,15-Year Mortgage RateAUG/14,5.71%,5.75%,,,3.0
2025-08-14 21:30:00+05:30,30-Year Mortgage RateAUG/14,6.58%,6.63%,,,3.0
2025-08-14 23:30:00+05:30,Fed Barkin Speech,,,,,2.0
2025-08-15 02:00:00+05:30,Fed Balance SheetAUG/13,$6.64T,$6.64T,,,3.0
2025-08-15 02:00:00+05:30,Fed Balance SheetAUG/13,,$6.64T,,,3.0
2025-08-15 18:00:00+05:30,Export Prices YoYJUL,2.2%,2.6%,,2.9%,3.0
2025-08-15 18:00:00+05:30,NY Empire State Manufacturing IndexAUG,11.90,5.50,0,1,2.0
2025-08-15 18:00:00+05:30,Retail Sales MoMJUL,,0.6%,0.5%,0.4%,1.0
2025-08-15 18:00:00+05:30,Import Prices MoMJUL,,0.1%,0%,0.2%,2.0
2025-08-15 18:00:00+05:30,Retail Sales Ex Autos MoMJUL,,0.5%,0.3%,0.3%,2.0
2025-08-15 18:00:00+05:30,Retail Sales Ex Gas/Autos MoMJUL,0.2%,0.8%,,0.3%,3.0
2025-08-15 18:00:00+05:30,Import Prices YoYJUL,-0.2%,-0.5%,,0%,3.0
2025-08-15 18:00:00+05:30,Export Prices YoYJUL,,2.8%,,2.9%,3.0
2025-08-15 18:00:00+05:30,Import Prices YoYJUL,,-0.2%,,0%,3.0
2025-08-15 18:00:00+05:30,Retail Sales YoYJUL,3.9%,4.4%,,3.5%,3.0
2025-08-15 18:00:00+05:30,Retail Sales Control Group MoMJUL,,0.5%,0.4%,0.3%,2.0
2025-08-15 18:00:00+05:30,Import Prices MoMJUL,0.4%,-0.1%,0%,0.2%,2.0
2025-08-15 18:00:00+05:30,Retail Sales MoMJUL,0.5%,0.9%,0.5%,0.4%,1.0
2025-08-15 18:00:00+05:30,Retail Sales YoYJUL,,3.9%,,3.5%,3.0
2025-08-15 18:00:00+05:30,Retail Sales Ex Autos MoMJUL,0.3%,0.8%,0.3%,0.3%,2.0
2025-08-15 18:00:00+05:30,Retail Sales Control Group MoMJUL,0.5%,0.8%,0.4%,0.3%,2.0
2025-08-15 18:00:00+05:30,NY Empire State Manufacturing IndexAUG,,5.50,0,1,2.0
2025-08-15 18:00:00+05:30,Retail Sales Ex Gas/Autos MoMJUL,,0.6%,,0.3%,3.0
2025-08-15 18:00:00+05:30,Export Prices MoMJUL,0.1%,0.5%,0.1%,0.3%,2.0
2025-08-15 18:00:00+05:30,Export Prices MoMJUL,,0.5%,0.1%,0.3%,2.0
2025-08-15 18:45:00+05:30,Industrial Production MoMJUL,,0.3%,0%,0%,2.0
2025-08-15 18:45:00+05:30,Capacity UtilizationJUL,77.5%,77.7%,77.5%,77.5%,3.0
2025-08-15 18:45:00+05:30,Industrial Production YoYJUL,1.4%,0.8%,,1.3%,3.0
2025-08-15 18:45:00+05:30,Industrial Production YoYJUL,,0.7%,,1.3%,3.0
2025-08-15 18:45:00+05:30,Manufacturing Production YoYJUL,,0.8%,,1.3%,3.0
2025-08-15 18:45:00+05:30,Manufacturing Production MoMJUL,0%,0.3%,-0.1%,-0.1%,3.0
2025-08-15 18:45:00+05:30,Capacity UtilizationJUL,,77.6%,77.5%,77.5%,3.0
2025-08-15 18:45:00+05:30,Industrial Production MoMJUL,-0.1%,0.4%,0%,0%,2.0
2025-08-15 18:45:00+05:30,Manufacturing Production MoMJUL,,0.1%,-0.1%,-0.1%,3.0
2025-08-15 18:45:00+05:30,Manufacturing Production YoYJUL,1.4%,0.8%,,1.3%,3.0
2025-08-15 19:30:00+05:30,Michigan Inflation Expectations PrelAUG,,4.5%,,4.8%,3.0
2025-08-15 19:30:00+05:30,Michigan 5 Year Inflation Expectations PrelAUG,,3.4%,,3.6%,3.0
2025-08-15 19:30:00+05:30,Michigan Current Conditions PrelAUG,60.9,68.0,67.9,67.5,3.0
2025-08-15 19:30:00+05:30,Michigan Current Conditions PrelAUG,,68.0,67.9,67.5,3.0
2025-08-15 19:30:00+05:30,Michigan Consumer Sentiment PrelAUG,58.6,61.7,62,60.5,1.0
2025-08-15 19:30:00+05:30,Michigan Consumer Expectations PrelAUG,57.2,57.7,56.5,57,3.0
2025-08-15 19:30:00+05:30,Michigan Consumer Expectations PrelAUG,,57.7,56.5,57,3.0
2025-08-15 19:30:00+05:30,Business Inventories MoMJUN,0.2%,0%,0.2%,-0.1%,2.0
2025-08-15 19:30:00+05:30,Michigan Inflation Expectations PrelAUG,4.9%,4.5%,,4.8%,3.0
2025-08-15 19:30:00+05:30,Michigan Consumer Sentiment PrelAUG,,61.7,62,60.5,1.0
2025-08-15 19:30:00+05:30,Retail Inventories Ex Autos MoMJUN,-0.1%,0.1%,0%,0.0%,3.0
2025-08-15 19:30:00+05:30,Retail Inventories Ex Autos MoMJUN,,0.1%,0%,0.0%,3.0
2025-08-15 19:30:00+05:30,Michigan 5 Year Inflation Expectations PrelAUG,3.9%,3.4%,,3.6%,3.0
2025-08-15 19:30:00+05:30,Business Inventories MoMJUN,,0%,0.2%,-0.1%,2.0
2025-08-15 21:30:00+05:30,NOPA Crush Report,,,,,3.0
2025-08-15 22:30:00+05:30,Baker Hughes Total Rigs CountAUG/15,539,539,,,3.0
2025-08-15 22:30:00+05:30,Baker Hughes Oil Rig CountAUG/15,,411,,,3.0
2025-08-15 22:30:00+05:30,Baker Hughes Total Rigs CountAUG/15,,539,,,3.0
2025-08-15 22:30:00+05:30,Baker Hughes Oil Rig CountAUG/15,412,411,,,3.0
2025-08-16 01:30:00+05:30,Foreign Bond InvestmentJUN,$-5B,$147.4B,,,3.0
2025-08-16 01:30:00+05:30,Net Long-term TIC FlowsJUN,$150.8B,$266.8B,,,2.0
2025-08-16 01:30:00+05:30,Foreign Bond InvestmentJUN,,$146.3B,,,3.0
2025-08-16 01:30:00+05:30,Net Long-term TIC FlowsJUN,,$259.4B,,,2.0
2025-08-16 01:30:00+05:30,Overall Net Capital FlowsJUN,$77.8B,$318.1B,,,3.0
2025-08-16 01:30:00+05:30,Overall Net Capital FlowsJUN,,$311.1B,,,3.0
2025-08-18 19:30:00+05:30,NAHB Housing Market IndexAUG,,33,34,34,2.0
2025-08-18 19:30:00+05:30,NAHB Housing Market IndexAUG,32,33,34,34,2.0
2025-08-18 21:00:00+05:30,6-Month Bill Auction,,3.970%,,,3.0
2025-08-18 21:00:00+05:30,3-Month Bill Auction,,4.150%,,,3.0
2025-08-18 21:00:00+05:30,6-Month Bill Auction,3.945%,3.970%,,,3.0
2025-08-18 21:00:00+05:30,3-Month Bill Auction,4.130%,4.150%,,,3.0
2025-08-19 18:00:00+05:30,Building Permits MoM PrelJUL,-2.8%,-0.1%,,-0.2%,2.0
2025-08-19 18:00:00+05:30,Building Permits PrelJUL,,1.393M,1.39M,1.39M,1.0
2025-08-19 18:00:00+05:30,Housing Starts MoMJUL,5.2%,5.9%,,-2.2%,2.0
2025-08-19 18:00:00+05:30,Housing Starts MoMJUL,,4.6%,,-2.2%,2.0
2025-08-19 18:00:00+05:30,Housing StartsJUL,,1.321M,1.30M,1.29M,1.0
2025-08-19 18:00:00+05:30,Building Permits PrelJUL,1.354M,1.393M,1.39M,1.39M,1.0
2025-08-19 18:00:00+05:30,Building Permits MoM PrelJUL,,-0.1%,,-0.2%,2.0
2025-08-19 18:00:00+05:30,Housing StartsJUL,1.428M,1.358M,1.29M,1.29M,1.0
2025-08-19 18:25:00+05:30,Redbook YoYAUG/16,,5.7%,,,3.0
2025-08-19 18:25:00+05:30,Redbook YoYAUG/16,5.9%,5.7%,,,3.0
2025-08-19 23:40:00+05:30,Fed Bowman Speech,,,,,2.0
2025-08-20 02:00:00+05:30,API Crude Oil Stock ChangeAUG/15,,1.5M,-1.2M,,2.0
2025-08-20 02:00:00+05:30,API Crude Oil Stock ChangeAUG/15,-2.4M,1.5M,-1.2M,,2.0
2025-08-20 16:30:00+05:30,MBA Mortgage Market IndexAUG/15,277.1,281.1,,,3.0
2025-08-20 16:30:00+05:30,MBA 30-Year Mortgage RateAUG/15,,6.67%,,,2.0
2025-08-20 16:30:00+05:30,MBA Mortgage Refinance IndexAUG/15,926.1,956.2,,,3.0
2025-08-20 16:30:00+05:30,MBA Mortgage ApplicationsAUG/15,-1.4%,10.9%,,,3.0
2025-08-20 16:30:00+05:30,MBA 30-Year Mortgage RateAUG/15,6.68%,6.67%,,,2.0
2025-08-20 16:30:00+05:30,MBA Purchase IndexAUG/15,,160.2,,,3.0
2025-08-20 16:30:00+05:30,MBA Mortgage ApplicationsAUG/15,,10.9%,,,3.0
2025-08-20 16:30:00+05:30,MBA Mortgage Market IndexAUG/15,,281.1,,,3.0
2025-08-20 16:30:00+05:30,MBA Mortgage Refinance IndexAUG/15,,956.2,,,3.0
2025-08-20 16:30:00+05:30,MBA Purchase IndexAUG/15,160.3,160.2,,,3.0
2025-08-20 20:00:00+05:30,EIA Gasoline Production ChangeAUG/15,,0.01M,,,3.0
2025-08-20 20:00:00+05:30,EIA Distillate Fuel Production ChangeAUG/15,0.193M,0.032M,,,3.0
2025-08-20 20:00:00+05:30,EIA Heating Oil Stocks ChangeAUG/15,-0.503M,0.827M,,,3.0
2025-08-20 20:00:00+05:30,EIA Crude Oil Stocks ChangeAUG/15,,3.037M,-1.3M,,2.0
2025-08-20 20:00:00+05:30,EIA Cushing Crude Oil Stocks ChangeAUG/15,,0.045M,,,3.0
2025-08-20 20:00:00+05:30,EIA Crude Oil Imports ChangeAUG/15,-1.218M,0.699M,,,3.0
2025-08-20 20:00:00+05:30,EIA Gasoline Stocks ChangeAUG/15,-2.72M,-0.792M,-0.8M,,2.0
2025-08-20 20:00:00+05:30,EIA Gasoline Stocks ChangeAUG/15,,-0.792M,,,2.0
2025-08-20 20:00:00+05:30,EIA Refinery Crude Runs ChangeAUG/15,,0.056M,,,3.0
2025-08-20 20:00:00+05:30,EIA Gasoline Production ChangeAUG/15,-0.259M,0.01M,,,3.0
2025-08-20 20:00:00+05:30,EIA Crude Oil Stocks ChangeAUG/15,-6.014M,3.036M,-1.3M,,2.0
2025-08-20 20:00:00+05:30,EIA Heating Oil Stocks ChangeAUG/15,,0.827M,,,3.0
2025-08-20 20:00:00+05:30,EIA Distillate Stocks ChangeAUG/15,,0.714M,,,3.0
2025-08-20 20:00:00+05:30,EIA Distillate Stocks ChangeAUG/15,2.343M,0.714M,0.45M,,3.0
2025-08-20 20:00:00+05:30,EIA Crude Oil Imports ChangeAUG/15,,0.699M,,,3.0
2025-08-20 20:00:00+05:30,EIA Refinery Crude Runs ChangeAUG/15,0.028M,0.056M,,,3.0
2025-08-20 20:00:00+05:30,EIA Cushing Crude Oil Stocks ChangeAUG/15,0.419M,0.045M,,,3.0
2025-08-20 20:00:00+05:30,EIA Distillate Fuel Production ChangeAUG/15,,0.032M,,,3.0
2025-08-20 20:30:00+05:30,Fed Waller Speech,,,,,2.0
2025-08-20 21:00:00+05:30,17-Week Bill Auction,4.050%,4.050%,,,3.0
2025-08-20 21:00:00+05:30,17-Week Bill Auction,,4.050%,,,3.0
2025-08-20 22:30:00+05:30,20-Year Bond Auction,,4.935%,,,3.0
2025-08-20 22:30:00+05:30,20-Year Bond Auction,4.876%,4.935%,,,3.0
2025-08-20 23:30:00+05:30,FOMC Minutes,,,,,1.0
2025-08-21 00:30:00+05:30,Fed Bostic Speech,,,,,2.0
2025-08-21 05:30:00+05:30,Jackson Hole Symposium,,,,,2.0
2025-08-21 17:00:00+05:30,Fed Bostic Speech,,,,,2.0
2025-08-21 18:00:00+05:30,Philly Fed Prices PaidAUG,66.80,58.80,,,3.0
2025-08-21 18:00:00+05:30,Philly Fed New OrdersAUG,-1.9,18.4,,,3.0
2025-08-21 18:00:00+05:30,Philly Fed Business ConditionsAUG,25.0,21.5,,,3.0
2025-08-21 18:00:00+05:30,Continuing Jobless ClaimsAUG/09,,1953K,1960K,,3.0
2025-08-21 18:00:00+05:30,Philly Fed EmploymentAUG,5.9,10.3,,,3.0
2025-08-21 18:00:00+05:30,Initial Jobless ClaimsAUG/16,,224K,225K,,2.0
2025-08-21 18:00:00+05:30,Jobless Claims 4-week AverageAUG/16,,221.75K,,,3.0
2025-08-21 18:00:00+05:30,Jobless Claims 4-week AverageAUG/16,226.25K,221.75K,,,3.0
2025-08-21 18:00:00+05:30,Philly Fed EmploymentAUG,,10.3,,,3.0
2025-08-21 18:00:00+05:30,Philly Fed Business ConditionsAUG,,21.5,,,3.0
2025-08-21 18:00:00+05:30,Initial Jobless ClaimsAUG/16,235K,224K,225K,,2.0
2025-08-21 18:00:00+05:30,Philly Fed CAPEX IndexAUG,38.40,17.10,,,3.0
2025-08-21 18:00:00+05:30,Philadelphia Fed Manufacturing IndexAUG,,15.9,7,9,2.0
2025-08-21 18:00:00+05:30,Philly Fed New OrdersAUG,,18.4,,,3.0
2025-08-21 18:00:00+05:30,Philly Fed Prices PaidAUG,,58.80,,,3.0
2025-08-21 18:00:00+05:30,Philadelphia Fed Manufacturing IndexAUG,-0.3,15.9,7,9,2.0
2025-08-21 18:00:00+05:30,Continuing Jobless ClaimsAUG/09,1972K,1942K,1960K,,3.0
2025-08-21 18:00:00+05:30,Philly Fed CAPEX IndexAUG,,17.10,,,3.0
2025-08-21 19:15:00+05:30,S&P Global Services PMI FlashAUG,,55.7,54.2,53,2.0
2025-08-21 19:15:00+05:30,S&P Global Composite PMI FlashAUG,55.4,55.1,,53,2.0
2025-08-21 19:15:00+05:30,S&P Global Manufacturing PMI FlashAUG,53.3,49.8,49.5,49.7,2.0
2025-08-21 19:15:00+05:30,S&P Global Composite PMI FlashAUG,,55.1,,53,2.0
2025-08-21 19:15:00+05:30,S&P Global Manufacturing PMI FlashAUG,,49.8,49.5,49.7,2.0
2025-08-21 19:15:00+05:30,S&P Global Services PMI FlashAUG,55.4,55.7,54.2,53,2.0
2025-08-21 19:30:00+05:30,Existing Home Sales MoMJUL,2%,-2.7%,,-0.2%,2.0
2025-08-21 19:30:00+05:30,CB Leading Index MoMJUL,,-0.3%,-0.1%,-0.2%,3.0
2025-08-21 19:30:00+05:30,Existing Home SalesJUL,4.01M,3.93M,3.92M,3.9M,1.0
2025-08-21 19:30:00+05:30,CB Leading Index MoMJUL,-0.1%,-0.3%,-0.1%,-0.2%,3.0
2025-08-21 19:30:00+05:30,Existing Home Sales MoMJUL,,-2.7%,,-0.2%,2.0
2025-08-21 19:30:00+05:30,Existing Home SalesJUL,,3.93M,3.92M,3.9M,1.0
2025-08-21 20:00:00+05:30,EIA Natural Gas Stocks ChangeAUG/15,,56Bcf,,,3.0
2025-08-21 20:00:00+05:30,EIA Natural Gas Stocks ChangeAUG/15,13Bcf,56Bcf,22Bcf,,3.0
2025-08-21 21:00:00+05:30,8-Week Bill Auction,4.220%,4.185%,,,3.0
2025-08-21 21:00:00+05:30,8-Week Bill Auction,,4.185%,,,3.0
2025-08-21 21:00:00+05:30,4-Week Bill Auction,4.300%,4.280%,,,3.0
2025-08-21 21:00:00+05:30,4-Week Bill Auction,,4.280%,,,3.0
2025-08-21 21:30:00+05:30,15-Year Mortgage RateAUG/21,5.69%,5.71%,,,3.0
2025-08-21 21:30:00+05:30,15-Year Mortgage RateAUG/21,,5.71%,,,3.0
2025-08-21 21:30:00+05:30,30-Year Mortgage RateAUG/21,,6.58%,,,3.0
2025-08-21 21:30:00+05:30,30-Year Mortgage RateAUG/21,6.58%,6.58%,,,3.0
2025-08-21 22:30:00+05:30,30-Year TIPS Auction,2.650%,2.403%,,,3.0
2025-08-21 22:30:00+05:30,30-Year TIPS Auction,,2.403%,,,3.0
2025-08-22 02:00:00+05:30,Fed Balance SheetAUG/20,$6.62T,$6.64T,,,3.0
2025-08-22 02:00:00+05:30,Fed Balance SheetAUG/20,,$6.64T,,,3.0
2025-08-22 05:30:00+05:30,Jackson Hole Symposium,,,,,2.0
2025-08-22 19:30:00+05:30,Fed Chair Powell Speech,,,,,1.0
2025-08-22 22:30:00+05:30,Baker Hughes Total Rigs CountAUG/22,,539,,,3.0
2025-08-22 22:30:00+05:30,Baker Hughes Oil Rig CountAUG/22,411,412,,,3.0
2025-08-22 22:30:00+05:30,Baker Hughes Total Rigs CountAUG/22,538,539,,,3.0
2025-08-22 22:30:00+05:30,Baker Hughes Oil Rig CountAUG/22,,412,,,3.0
2025-08-23 05:30:00+05:30,Jackson Hole Symposium,,,,,2.0
2025-08-25 17:30:00+05:30,Building Permits MoM FinalJUL,-2.2%,-0.1%,-2.8%,-2.8%,3.0
2025-08-25 17:30:00+05:30,Building Permits FinalJUL,1.362M,1.393M,1.354M,1.354M,3.0
2025-08-25 18:00:00+05:30,Chicago Fed National Activity IndexJUL,,-0.10,,-0.2,2.0
2025-08-25 18:00:00+05:30,Chicago Fed National Activity IndexJUL,-0.19,-0.18,,-0.2,2.0
2025-08-25 18:00:00+05:30,Building Permits MoM FinalJUL,,-0.1%,,,3.0
2025-08-25 18:00:00+05:30,Building Permits FinalJUL,,1.393M,,,2.0
2025-08-25 19:30:00+05:30,New Home SalesJUL,,0.627M,0.63M,0.62M,2.0
2025-08-25 19:30:00+05:30,New Home Sales MoMJUL,,0.6%,,-1.1%,2.0
2025-08-25 19:30:00+05:30,New Home Sales MoMJUL,-0.6%,4.1%,,-1.1%,2.0
2025-08-25 19:30:00+05:30,New Home SalesJUL,0.652M,0.656M,0.63M,0.62M,2.0
2025-08-25 20:00:00+05:30,Dallas Fed Manufacturing IndexAUG,,0.9,,0.2,2.0
2025-08-25 20:00:00+05:30,Dallas Fed Manufacturing IndexAUG,-1.8,0.9,,0.2,2.0
2025-08-25 20:00:00+05:30,Building Permits MoM FinalJUL,,-0.1%,,,2.0
2025-08-25 20:00:00+05:30,Building Permits FinalJUL,,1.393M,,,2.0
2025-08-25 21:00:00+05:30,6-Month Bill Auction,3.915%,3.945%,,,3.0
2025-08-25 21:00:00+05:30,Building Permits MoM FinalJUL,,-0.1%,-2.8%,-2.8%,3.0
2025-08-25 21:00:00+05:30,3-Month Bill Auction,4.100%,4.130%,,,3.0
2025-08-25 21:00:00+05:30,3-Month Bill Auction,,4.130%,,,3.0
2025-08-25 21:00:00+05:30,Building Permits FinalJUL,,1.393M,1.354M,1.354M,3.0
2025-08-25 21:00:00+05:30,6-Month Bill Auction,,3.945%,,,3.0
2025-08-26 18:00:00+05:30,Durable Goods Orders ex Defense MoMJUL,-2.5%,-9.5%,-3.6%,-2.1%,3.0
2025-08-26 18:00:00+05:30,Durable Goods Orders ex Defense MoMJUL,,-9.4%,,-2.1%,3.0
2025-08-26 18:00:00+05:30,Fed Barkin Speech,,,,,2.0
2025-08-26 18:00:00+05:30,Durable Goods Orders Ex Transp MoMJUL,,0.2%,0.1%,-0.4%,2.0
2025-08-26 18:00:00+05:30,Non Defense Goods Orders Ex AirJUL,1.1%,-0.6%,0.2%,-0.5%,3.0
2025-08-26 18:00:00+05:30,Durable Goods Orders MoMJUL,,-9.3%,-4%,-2.5%,1.0
2025-08-26 18:00:00+05:30,Non Defense Goods Orders Ex AirJUL,,-0.7%,0.2%,-0.5%,3.0
2025-08-26 18:00:00+05:30,Durable Goods Orders Ex Transp MoMJUL,1.1%,0.3%,0.2%,-0.4%,2.0
2025-08-26 18:00:00+05:30,Durable Goods Orders MoMJUL,-2.8%,-9.4%,-4%,-2.5%,1.0
2025-08-26 18:25:00+05:30,Redbook YoYAUG/23,6.5%,5.9%,,,3.0
2025-08-26 18:25:00+05:30,Redbook YoYAUG/23,,5.9%,,,3.0
2025-08-26 18:30:00+05:30,House Price Index YoYJUN,2.6%,2.9%,,,3.0
2025-08-26 18:30:00+05:30,S&P/Case-Shiller Home Price YoYJUN,,2.8%,2.2%,2.7%,2.0
2025-08-26 18:30:00+05:30,House Price Index MoMJUN,,-0.2%,0%,-0.1%,3.0
2025-08-26 18:30:00+05:30,S&P/Case-Shiller Home Price MoMJUN,0.0%,0.4%,,0.2%,3.0
2025-08-26 18:30:00+05:30,House Price Index MoMJUN,-0.2%,-0.1%,0%,-0.1%,3.0
2025-08-26 18:30:00+05:30,S&P/Case-Shiller Home Price YoYJUN,2.1%,2.8%,2.1%,2.7%,2.0
2025-08-26 18:30:00+05:30,House Price Index YoYJUN,,2.8%,,,3.0
2025-08-26 18:30:00+05:30,House Price IndexJUN,433.8,434.6,,434,3.0
2025-08-26 18:30:00+05:30,House Price IndexJUN,,434.4,,434,3.0
2025-08-26 18:30:00+05:30,S&P/Case-Shiller Home Price MoMJUN,,0.4%,,0.2%,3.0
2025-08-26 19:30:00+05:30,Richmond Fed Manufacturing Shipments IndexAUG,-5,-18,,-20,3.0
2025-08-26 19:30:00+05:30,CB Consumer ConfidenceAUG,,97.2,96.2,96,2.0
2025-08-26 19:30:00+05:30,Richmond Fed Manufacturing Shipments IndexAUG,,-18,,-20,3.0
2025-08-26 19:30:00+05:30,Richmond Fed Manufacturing IndexAUG,-7,-20,-17,-19,3.0
2025-08-26 19:30:00+05:30,Richmond Fed Services Revenues IndexAUG,4,2,,1,3.0
2025-08-26 19:30:00+05:30,Richmond Fed Manufacturing IndexAUG,,-20,-17,-19,3.0
2025-08-26 19:30:00+05:30,CB Consumer ConfidenceAUG,97.4,98.7,96.2,96,2.0
2025-08-26 19:30:00+05:30,Richmond Fed Services Revenues IndexAUG,,2,,1,3.0
2025-08-26 20:00:00+05:30,Dallas Fed Services Revenues IndexAUG,,6.3,,6,3.0
2025-08-26 20:00:00+05:30,Dallas Fed Services Revenues IndexAUG,8.6,6.3,,6,3.0
2025-08-26 20:00:00+05:30,Dallas Fed Services IndexAUG,,2.0,,1,3.0
2025-08-26 20:00:00+05:30,Dallas Fed Services IndexAUG,6.8,2.0,,1,3.0
2025-08-26 22:30:00+05:30,2-Year Note Auction,,3.920%,,,3.0
2025-08-26 22:30:00+05:30,Money SupplyJUL,,$22.02T,,,3.0
2025-08-26 22:30:00+05:30,Money SupplyJUL,$22.12T,$22.02T,,,3.0
2025-08-26 22:30:00+05:30,2-Year Note Auction,3.641%,3.920%,,,3.0
2025-08-27 02:00:00+05:30,API Crude Oil Stock ChangeAUG/22,-0.974M,-2.4M,-1.7M,,2.0
2025-08-27 02:00:00+05:30,API Crude Oil Stock ChangeAUG/22,,-2.4M,,,2.0
2025-08-27 16:30:00+05:30,MBA 30-Year Mortgage RateAUG/22,,6.68%,,,2.0
2025-08-27 16:30:00+05:30,MBA Purchase IndexAUG/22,163.8,160.3,,,3.0
2025-08-27 16:30:00+05:30,MBA Mortgage ApplicationsAUG/22,,-1.4%,,,3.0
2025-08-27 16:30:00+05:30,MBA Mortgage ApplicationsAUG/22,-0.5%,-1.4%,,,3.0
2025-08-27 16:30:00+05:30,MBA Purchase IndexAUG/22,,160.3,,,3.0
2025-08-27 16:30:00+05:30,MBA Mortgage Market IndexAUG/22,275.8,277.1,,,3.0
2025-08-27 16:30:00+05:30,MBA Mortgage Refinance IndexAUG/22,894.1,926.1,,,3.0
2025-08-27 16:30:00+05:30,MBA Mortgage Market IndexAUG/22,,277.1,,,3.0
2025-08-27 16:30:00+05:30,MBA 30-Year Mortgage RateAUG/22,6.69%,6.68%,,,2.0
2025-08-27 16:30:00+05:30,MBA Mortgage Refinance IndexAUG/22,,926.1,,,3.0
2025-08-27 20:00:00+05:30,EIA Distillate Fuel Production ChangeAUG/22,,0.193M,,,3.0
2025-08-27 20:00:00+05:30,EIA Crude Oil Imports ChangeAUG/22,0.299M,-1.218M,,,3.0
2025-08-27 20:00:00+05:30,EIA Crude Oil Stocks ChangeAUG/22,-2.392M,-6.014M,-2M,,2.0
2025-08-27 20:00:00+05:30,EIA Heating Oil Stocks ChangeAUG/22,,-0.503M,,,3.0
2025-08-27 20:00:00+05:30,EIA Gasoline Stocks ChangeAUG/22,,-2.72M,-2.5M,,2.0
2025-08-27 20:00:00+05:30,EIA Crude Oil Imports ChangeAUG/22,,-1.218M,,,3.0
2025-08-27 20:00:00+05:30,EIA Distillate Stocks ChangeAUG/22,,2.343M,,,3.0
2025-08-27 20:00:00+05:30,EIA Distillate Stocks ChangeAUG/22,-1.786M,2.343M,1.1M,,3.0
2025-08-27 20:00:00+05:30,EIA Refinery Crude Runs ChangeAUG/22,-0.328M,0.028M,,,3.0
2025-08-27 20:00:00+05:30,EIA Gasoline Production ChangeAUG/22,,-0.259M,,,3.0
2025-08-27 20:00:00+05:30,EIA Gasoline Production ChangeAUG/22,0.427M,-0.259M,,,3.0
2025-08-27 20:00:00+05:30,EIA Refinery Crude Runs ChangeAUG/22,,0.028M,,,3.0
2025-08-27 20:00:00+05:30,EIA Distillate Fuel Production ChangeAUG/22,-0.113M,0.193M,,,3.0
2025-08-27 20:00:00+05:30,EIA Cushing Crude Oil Stocks ChangeAUG/22,,0.419M,,,3.0
2025-08-27 20:00:00+05:30,EIA Crude Oil Stocks ChangeAUG/22,,-6.014M,-2M,,2.0
2025-08-27 20:00:00+05:30,EIA Gasoline Stocks ChangeAUG/22,-1.236M,-2.72M,-2.5M,,2.0
2025-08-27 20:00:00+05:30,EIA Cushing Crude Oil Stocks ChangeAUG/22,-0.838M,0.419M,,,3.0
2025-08-27 20:00:00+05:30,EIA Heating Oil Stocks ChangeAUG/22,0.102M,-0.503M,,,3.0
2025-08-27 21:00:00+05:30,17-Week Bill Auction,4.020%,4.050%,,,3.0
2025-08-27 21:00:00+05:30,2-Year FRN Auction,,0.159%,,,3.0
2025-08-27 21:00:00+05:30,2-Year FRN Auction,0.195%,0.159%,,,3.0
2025-08-27 21:00:00+05:30,17-Week Bill Auction,,4.050%,,,3.0
2025-08-27 22:15:00+05:30,Fed Barkin Speech,,,,,2.0
2025-08-27 22:30:00+05:30,5-Year Note Auction,3.724%,3.983%,,,3.0
2025-08-27 22:30:00+05:30,2-Year FRN Auction,,0.159%,,,3.0
2025-08-27 22:30:00+05:30,5-Year Note Auction,,3.983%,,,3.0
2025-08-28 18:00:00+05:30,GDP Sales QoQ 2nd EstQ2,,-3.1%,6.3%,6.3%,3.0
2025-08-28 18:00:00+05:30,Core PCE Prices QoQ 2nd EstQ2,2.5%,3.5%,2.6%,2.5%,3.0
2025-08-28 18:00:00+05:30,Core PCE Prices QoQ 2nd EstQ2,,3.5%,2.6%,2.5%,3.0
2025-08-28 18:00:00+05:30,Real Consumer Spending QoQ 2nd EstQ2,1.6%,0.5%,1.4%,1.4%,3.0
2025-08-28 18:00:00+05:30,Corporate Profits QoQ PrelQ2,2%,-3.3%,,1.8%,2.0
2025-08-28 18:00:00+05:30,Initial Jobless ClaimsAUG/23,,235K,230K,237.0K,2.0
2025-08-28 18:00:00+05:30,Jobless Claims 4-week AverageAUG/23,228.5K,226K,,227.0K,3.0
2025-08-28 18:00:00+05:30,GDP Growth Rate QoQ 2nd EstQ2,,-0.5%,3.1%,3.0%,1.0
2025-08-28 18:00:00+05:30,GDP Price Index QoQ 2nd EstQ2,,3.8%,2%,2.0%,2.0
2025-08-28 18:00:00+05:30,PCE Prices QoQ 2nd EstQ2,,3.7%,2.1%,2.1%,3.0
2025-08-28 18:00:00+05:30,Initial Jobless ClaimsAUG/23,229K,234K,230K,237.0K,2.0
2025-08-28 18:00:00+05:30,GDP Sales QoQ 2nd EstQ2,6.8%,-3.1%,6.3%,6.3%,3.0
2025-08-28 18:00:00+05:30,Corporate Profits QoQ PrelQ2,,-3.3%,,1.8%,2.0
2025-08-28 18:00:00+05:30,Continuing Jobless ClaimsAUG/16,,1972K,1970K,1975.0K,3.0
2025-08-28 18:00:00+05:30,Jobless Claims 4-week AverageAUG/23,,226.25K,,227.0K,3.0
2025-08-28 18:00:00+05:30,Real Consumer Spending QoQ 2nd EstQ2,,0.5%,1.4%,1.4%,3.0
2025-08-28 18:00:00+05:30,PCE Prices QoQ 2nd EstQ2,2%,3.7%,2.1%,2.1%,3.0
2025-08-28 18:00:00+05:30,GDP Price Index QoQ 2nd EstQ2,2%,3.8%,2%,2.0%,2.0
2025-08-28 18:00:00+05:30,GDP Growth Rate QoQ 2nd EstQ2,3.3%,-0.5%,3.1%,3.0%,1.0
2025-08-28 18:00:00+05:30,Continuing Jobless ClaimsAUG/16,1954K,1961K,1970K,1975.0K,3.0
2025-08-28 19:30:00+05:30,Pending Home Sales MoMJUL,,-0.8%,-0.1%,-0.2%,2.0
2025-08-28 19:30:00+05:30,Pending Home Sales MoMJUL,-0.4%,-0.8%,-0.1%,-0.2%,2.0
2025-08-28 19:30:00+05:30,Pending Home Sales YoYJUL,0.7%,-2.8%,,0.4%,2.0
2025-08-28 19:30:00+05:30,Pending Home Sales YoYJUL,,-2.8%,,0.4%,2.0
2025-08-28 20:00:00+05:30,EIA Natural Gas Stocks ChangeAUG/22,,13Bcf,26Bcf,,3.0
2025-08-28 20:00:00+05:30,EIA Natural Gas Stocks ChangeAUG/22,18Bcf,13Bcf,26Bcf,,3.0
2025-08-28 20:30:00+05:30,Kansas Fed Composite IndexAUG,,1,,0,3.0
2025-08-28 20:30:00+05:30,Kansas Fed Composite IndexAUG,1,1,,0,3.0
2025-08-28 20:30:00+05:30,Kansas Fed Manufacturing IndexAUG,0,-3,,-4,3.0
2025-08-28 20:30:00+05:30,Kansas Fed Manufacturing IndexAUG,,-3,,-4,3.0
2025-08-28 21:00:00+05:30,8-Week Bill Auction,4.145%,4.220%,,,3.0
2025-08-28 21:00:00+05:30,4-Week Bill Auction,4.245%,4.300%,,,3.0
2025-08-28 21:00:00+05:30,4-Week Bill Auction,,4.300%,,,3.0
2025-08-28 21:00:00+05:30,8-Week Bill Auction,,4.220%,,,3.0
2025-08-28 21:30:00+05:30,30-Year Mortgage RateAUG/28,6.56%,6.58%,,,3.0
2025-08-28 21:30:00+05:30,15-Year Mortgage RateAUG/28,5.69%,5.69%,,,3.0
2025-08-28 21:30:00+05:30,15-Year Mortgage RateAUG/28,,5.69%,,,3.0
2025-08-28 21:30:00+05:30,30-Year Mortgage RateAUG/28,,6.58%,,,3.0
2025-08-28 22:30:00+05:30,7-Year Note Auction,3.925%,4.092%,,,3.0
2025-08-28 22:30:00+05:30,7-Year Note Auction,,4.092%,,,3.0
2025-08-29 02:00:00+05:30,Fed Balance SheetAUG/27,,$6.62T,,,3.0
2025-08-29 02:00:00+05:30,Fed Balance SheetAUG/27,$6.60T,$6.62T,,,3.0
2025-08-29 03:30:00+05:30,Fed Waller Speech,,,,,2.0
2025-08-29 18:00:00+05:30,Personal Income MoMJUL,,0.3%,0.4%,0.3%,1.0
2025-08-29 18:00:00+05:30,Wholesale Inventories MoM AdvJUL,0.2%,0.1%,0.2%,0.1%,2.0
2025-08-29 18:00:00+05:30,Core PCE Price Index YoYJUL,2.9%,2.8%,2.9%,2.8%,3.0
2025-08-29 18:00:00+05:30,Retail Inventories Ex Autos MoM AdvJUL,0.1%,-0.1%,,0.1%,2.0
2025-08-29 18:00:00+05:30,Retail Inventories Ex Autos MoM AdvJUL,,-0.1%,,0.1%,2.0
2025-08-29 18:00:00+05:30,Personal Income MoMJUL,0.4%,0.3%,0.4%,0.3%,1.0
2025-08-29 18:00:00+05:30,Goods Trade Balance AdvJUL,,$-84.85B,$-89.5B,$-87.0B,2.0
2025-08-29 18:00:00+05:30,Personal Spending MoMJUL,,0.3%,0.5%,0.3%,1.0
2025-08-29 18:00:00+05:30,PCE Price Index MoMJUL,,0.3%,0.2%,0.2%,2.0
2025-08-29 18:00:00+05:30,Wholesale Inventories MoM AdvJUL,,0.1%,0.2%,0.1%,2.0
2025-08-29 18:00:00+05:30,Core PCE Price Index MoMJUL,,0.3%,0.3%,0.2%,1.0
2025-08-29 18:00:00+05:30,PCE Price Index MoMJUL,0.2%,0.3%,0.2%,0.2%,2.0
2025-08-29 18:00:00+05:30,PCE Price Index YoYJUL,,2.6%,2.6%,2.6%,2.0
2025-08-29 18:00:00+05:30,PCE Price Index YoYJUL,2.6%,2.6%,2.6%,2.6%,2.0
2025-08-29 18:00:00+05:30,Core PCE Price Index YoYJUL,,2.8%,2.9%,2.8%,3.0
2025-08-29 18:00:00+05:30,Core PCE Price Index MoMJUL,0.3%,0.3%,0.3%,0.2%,1.0
2025-08-29 18:00:00+05:30,Goods Trade Balance AdvJUL,$-103.6B,$-84.85B,$-89.5B,$-87.0B,2.0
2025-08-29 18:00:00+05:30,Personal Spending MoMJUL,0.5%,0.4%,0.5%,0.3%,1.0
2025-08-29 19:15:00+05:30,Chicago PMIAUG,41.5,47.1,46,46,2.0
2025-08-29 19:15:00+05:30,Chicago PMIAUG,,47.1,46,46,2.0
2025-08-29 19:30:00+05:30,Michigan Inflation Expectations FinalAUG,4.8%,4.5%,4.9%,4.9%,3.0
2025-08-29 19:30:00+05:30,Michigan Consumer Expectations FinalAUG,,57.7,57.2,57.2,3.0
2025-08-29 19:30:00+05:30,Michigan 5 Year Inflation Expectations FinalAUG,3.5%,3.4%,3.9%,3.9%,3.0
2025-08-29 19:30:00+05:30,Michigan Consumer Expectations FinalAUG,55.9,57.7,57.2,57.2,3.0
2025-08-29 19:30:00+05:30,Michigan Current Conditions FinalAUG,,68.0,60.9,60.9,3.0
2025-08-29 19:30:00+05:30,Michigan Current Conditions FinalAUG,61.7,68.0,60.9,60.9,3.0
2025-08-29 19:30:00+05:30,Michigan 5 Year Inflation Expectations FinalAUG,,3.4%,3.9%,3.9%,3.0
2025-08-29 19:30:00+05:30,Michigan Consumer Sentiment FinalAUG,,61.7,58.6,58.6,2.0
2025-08-29 19:30:00+05:30,Michigan Inflation Expectations FinalAUG,,4.5%,4.9%,4.9%,3.0
2025-08-29 19:30:00+05:30,Michigan Consumer Sentiment FinalAUG,58.2,61.7,58.6,58.6,2.0
2025-08-29 22:30:00+05:30,Baker Hughes Oil Rig CountAUG/29,,411,,,3.0
2025-08-29 22:30:00+05:30,Baker Hughes Oil Rig CountAUG/29,412,411,408,,3.0
2025-08-29 22:30:00+05:30,Baker Hughes Total Rigs CountAUG/29,536,538,,,3.0
2025-08-29 22:30:00+05:30,Baker Hughes Total Rigs CountAUG/29,,538,,,3.0
2025-09-02 15:30:00+05:30,LMI Logistics Managers IndexAUG,59.3,59.2,,,3.0
2025-09-02 18:25:00+05:30,Redbook YoYAUG/30,,6.5%,,,3.0
2025-09-02 19:15:00+05:30,S&P Global Manufacturing PMI FinalAUG,,49.8,53.3,53.3,3.0
2025-09-02 19:15:00+05:30,S&P Global Manufacturing PMI FinalAUG,53.0,49.8,53.3,53.3,3.0
2025-09-02 19:30:00+05:30,Construction Spending MoMJUL,,-0.4%,-0.1%,0.1%,3.0
2025-09-02 19:30:00+05:30,ISM Manufacturing New OrdersAUG,,47.1,,48,3.0
2025-09-02 19:30:00+05:30,Construction Spending MoMJUL,-0.1%,-0.4%,-0.1%,0.1%,3.0
2025-09-02 19:30:00+05:30,ISM Manufacturing New OrdersAUG,51.4,47.1,,48,3.0
2025-09-02 19:30:00+05:30,ISM Manufacturing PMIAUG,48.7,48.0,49,48.2,1.0
2025-09-02 19:30:00+05:30,ISM Manufacturing EmploymentAUG,,43.4,,43.2,2.0
2025-09-02 19:30:00+05:30,ISM Manufacturing PricesAUG,63.7,64.8,65.3,65.5,3.0
2025-09-02 19:30:00+05:30,ISM Manufacturing EmploymentAUG,43.8,43.4,,43.2,2.0
2025-09-02 19:30:00+05:30,ISM Manufacturing PMIAUG,,48.0,49,48.2,1.0
2025-09-02 19:30:00+05:30,ISM Manufacturing PricesAUG,,64.8,65.3,65.5,3.0
2025-09-02 19:40:00+05:30,RCM/TIPP Economic Optimism IndexSEP,48.7,50.9,51.8,51,3.0
2025-09-02 19:40:00+05:30,RCM/TIPP Economic Optimism IndexSEP,,50.9,51.8,51,3.0
2025-09-02 21:00:00+05:30,LMI Logistics Managers IndexAUG,,59.2,,,3.0
2025-09-02 21:00:00+05:30,6-Month Bill Auction,3.880%,3.915%,,,3.0
2025-09-02 21:00:00+05:30,Total Vehicle SalesAUG,,16.4M,,,3.0
2025-09-02 21:00:00+05:30,52-Week Bill Auction,,3.760%,,,3.0
2025-09-02 21:00:00+05:30,6-Month Bill Auction,,3.915%,,,3.0
2025-09-02 21:00:00+05:30,3-Month Bill Auction,4.045%,4.100%,,,3.0
2025-09-02 21:00:00+05:30,3-Month Bill Auction,,4.100%,,,3.0
2025-09-02 22:30:00+05:30,Total Vehicle SalesAUG,,16.4M,,,3.0
2025-09-02 22:30:00+05:30,LMI Logistics Managers IndexAUG,,59.2,,,3.0
2025-09-02 22:30:00+05:30,52-Week Bill Auction,,3.760%,,,3.0
2025-09-02 22:30:00+05:30,52-Week Bill Auction,3.660%,3.760%,,,3.0
2025-09-03 16:30:00+05:30,MBA Mortgage ApplicationsAUG/29,-1.2%,-0.5%,,,3.0
2025-09-03 16:30:00+05:30,MBA Purchase IndexAUG/29,,163.8,,,3.0
2025-09-03 16:30:00+05:30,MBA Mortgage Market IndexAUG/29,,275.8,,,3.0
2025-09-03 16:30:00+05:30,MBA 30-Year Mortgage RateAUG/29,,6.69%,,,2.0
2025-09-03 16:30:00+05:30,MBA 30-Year Mortgage RateAUG/29,6.64%,6.69%,,,2.0
2025-09-03 16:30:00+05:30,MBA Mortgage Market IndexAUG/29,272.5,275.8,,,3.0
2025-09-03 16:30:00+05:30,MBA Mortgage Refinance IndexAUG/29,902.5,894.1,,,3.0
2025-09-03 16:30:00+05:30,MBA Mortgage ApplicationsAUG/29,,-0.5%,,,3.0
2025-09-03 16:30:00+05:30,MBA Mortgage Refinance IndexAUG/29,,894.1,,,3.0
2025-09-03 16:30:00+05:30,MBA Purchase IndexAUG/29,158.7,163.8,,,3.0
2025-09-03 18:25:00+05:30,Redbook YoYAUG/30,,6.5%,,,3.0
2025-09-03 18:25:00+05:30,Redbook YoYAUG/30,6.5%,6.5%,,,3.0
2025-09-03 18:30:00+05:30,Fed Musalem Speech,,,,,2.0
2025-09-03 19:30:00+05:30,Factory Orders ex TransportationJUL,,0.4%,,0.3%,3.0
2025-09-03 19:30:00+05:30,JOLTs Job OpeningsJUL,7.181M,7.357M,7.4M,7.3M,1.0
2025-09-03 19:30:00+05:30,JOLTs Job OpeningsJUL,,7.437M,7.4M,7.3M,1.0
2025-09-03 19:30:00+05:30,JOLTs Job QuitsJUL,,3.142M,,3.0M,3.0
2025-09-03 19:30:00+05:30,Factory Orders MoMJUL,,-4.8%,-1.4%,-1.1%,2.0
2025-09-03 19:30:00+05:30,JOLTs Job QuitsJUL,3.208M,3.209M,,3.0M,3.0
2025-09-03 19:30:00+05:30,Factory Orders MoMJUL,-1.3%,-4.8%,-1.4%,-1.1%,2.0
2025-09-03 19:30:00+05:30,Factory Orders ex TransportationJUL,0.6%,0.4%,,0.3%,3.0
2025-09-03 21:00:00+05:30,17-Week Bill Auction,,4.020%,,,3.0
2025-09-03 21:00:00+05:30,17-Week Bill Auction,3.965%,4.020%,,,3.0
2025-09-03 23:00:00+05:30,Fed Kashkari Speech,,,,,2.0
2025-09-03 23:30:00+05:30,Total Vehicle SalesAUG,,16.4M,,,3.0
2025-09-03 23:30:00+05:30,Fed Beige Book,,,,,3.0
2025-09-04 02:00:00+05:30,API Crude Oil Stock ChangeAUG/29,,-0.974M,,,2.0
2025-09-04 02:00:00+05:30,API Crude Oil Stock ChangeAUG/29,0.622M,-0.974M,-3.4M,,2.0
2025-09-04 03:30:00+05:30,Total Vehicle SalesAUG,16.1M,16.4M,16.1M,,3.0
2025-09-04 17:00:00+05:30,Challenger Job CutsAUG,,62.075K,,89.0K,3.0
2025-09-04 17:00:00+05:30,Challenger Job CutsAUG,85.979K,62.075K,,89.0K,3.0
2025-09-04 17:45:00+05:30,ADP Employment ChangeAUG,54K,106K,65K,65.0K,2.0
2025-09-04 17:45:00+05:30,ADP Employment ChangeAUG,,104K,65K,65.0K,2.0
2025-09-04 18:00:00+05:30,Jobless Claims 4-week AverageAUG/30,,228.5K,,229.0K,3.0
2025-09-04 18:00:00+05:30,Jobless Claims 4-week AverageAUG/30,231K,228.5K,,229.0K,3.0
2025-09-04 18:00:00+05:30,ExportsJUL,$280.5B,$279.7B,,$277.1B,2.0
2025-09-04 18:00:00+05:30,Balance of TradeJUL,,$-60.2B,$-64.2B,$-65.0B,2.0
2025-09-04 18:00:00+05:30,ExportsJUL,,$277.3B,,$276.0B,2.0
2025-09-04 18:00:00+05:30,Nonfarm Productivity QoQ FinalQ2,3.3%,-1.8%,2.7%,2.4%,3.0
2025-09-04 18:00:00+05:30,Continuing Jobless ClaimsAUG/23,,1954K,,1958.0K,3.0
2025-09-04 18:00:00+05:30,Unit Labour Costs QoQ FinalQ2,,6.9%,1.2%,1.6%,3.0
2025-09-04 18:00:00+05:30,ImportsJUL,,$337.5B,,$341.0B,2.0
2025-09-04 18:00:00+05:30,Continuing Jobless ClaimsAUG/23,1940K,1944K,1960K,1958.0K,3.0
2025-09-04 18:00:00+05:30,Initial Jobless ClaimsAUG/30,,229K,232K,232.0K,2.0
2025-09-04 18:00:00+05:30,Nonfarm Productivity QoQ FinalQ2,,-1.8%,2.7%,2.4%,3.0
2025-09-04 18:00:00+05:30,ImportsJUL,$358.8B,$338.8B,,$356.4B,2.0
2025-09-04 18:00:00+05:30,Initial Jobless ClaimsAUG/30,237K,229K,230K,232.0K,2.0
2025-09-04 18:00:00+05:30,Balance of TradeJUL,$-78.3B,$-59.1B,$-75.7B,$-79.3B,2.0
2025-09-04 18:00:00+05:30,Unit Labour Costs QoQ FinalQ2,1%,6.9%,1.2%,1.6%,3.0
2025-09-04 19:15:00+05:30,S&P Global Services PMI FinalAUG,54.5,55.7,55.4,55.4,3.0
2025-09-04 19:15:00+05:30,S&P Global Composite PMI FinalAUG,54.6,55.1,55.4,55.4,3.0
2025-09-04 19:15:00+05:30,S&P Global Composite PMI FinalAUG,,55.1,55.4,55.4,3.0
2025-09-04 19:15:00+05:30,S&P Global Services PMI FinalAUG,,55.7,55.4,55.4,3.0
2025-09-04 19:30:00+05:30,ISM Services PricesAUG,,69.9,,70,3.0
2025-09-04 19:30:00+05:30,ISM Services New OrdersAUG,,50.3,,50.1,3.0
2025-09-04 19:30:00+05:30,ISM Services PMIAUG,52.0,50.1,51,50.7,1.0
2025-09-04 19:30:00+05:30,ISM Services EmploymentAUG,46.5,46.4,,46.2,3.0
2025-09-04 19:30:00+05:30,ISM Services Business ActivityAUG,,52.6,53,52,3.0
2025-09-04 19:30:00+05:30,ISM Services EmploymentAUG,,46.4,,46.2,3.0
2025-09-04 19:30:00+05:30,ISM Services PricesAUG,69.2,69.9,,70,3.0
2025-09-04 19:30:00+05:30,ISM Services PMIAUG,,50.1,51,50.7,1.0
2025-09-04 19:30:00+05:30,ISM Services Business ActivityAUG,55.0,52.6,53,52,3.0
2025-09-04 19:30:00+05:30,ISM Services New OrdersAUG,56.0,50.3,,50.1,3.0
2025-09-04 20:00:00+05:30,EIA Natural Gas Stocks ChangeAUG/29,,18Bcf,,,3.0
2025-09-04 20:00:00+05:30,EIA Natural Gas Stocks ChangeAUG/29,55Bcf,18Bcf,54Bcf,,3.0
2025-09-04 21:00:00+05:30,8-Week Bill Auction,4.100%,4.145%,,,3.0
2025-09-04 21:00:00+05:30,4-Week Bill Auction,,4.245%,,,3.0
2025-09-04 21:00:00+05:30,4-Week Bill Auction,4.175%,4.245%,,,3.0
2025-09-04 21:00:00+05:30,8-Week Bill Auction,,4.145%,,,3.0
2025-09-04 21:30:00+05:30,EIA Crude Oil Imports ChangeAUG/29,,0.299M,,,3.0
2025-09-04 21:30:00+05:30,30-Year Mortgage RateSEP/04,,6.56%,,,3.0
2025-09-04 21:30:00+05:30,EIA Refinery Crude Runs ChangeAUG/29,,-0.328M,,,3.0
2025-09-04 21:30:00+05:30,EIA Heating Oil Stocks ChangeAUG/29,,0.102M,,,3.0
2025-09-04 21:30:00+05:30,EIA Crude Oil Stocks ChangeAUG/29,2.415M,-2.392M,-1.8M,,2.0
2025-09-04 21:30:00+05:30,EIA Crude Oil Stocks ChangeAUG/29,,-2.392M,,,2.0
2025-09-04 21:30:00+05:30,EIA Refinery Crude Runs ChangeAUG/29,-0.011M,-0.328M,,,3.0
2025-09-04 21:30:00+05:30,EIA Gasoline Production ChangeAUG/29,-0.109M,0.427M,,,3.0
2025-09-04 21:30:00+05:30,EIA Distillate Stocks ChangeAUG/29,1.681M,-1.786M,-0.5M,,3.0
2025-09-04 21:30:00+05:30,EIA Cushing Crude Oil Stocks ChangeAUG/29,1.59M,-0.838M,,,3.0
2025-09-04 21:30:00+05:30,EIA Distillate Fuel Production ChangeAUG/29,,-0.113M,,,3.0
2025-09-04 21:30:00+05:30,EIA Gasoline Stocks ChangeAUG/29,-3.795M,-1.236M,-1.2M,,2.0
2025-09-04 21:30:00+05:30,30-Year Mortgage RateSEP/04,6.5%,6.56%,,,3.0
2025-09-04 21:30:00+05:30,EIA Gasoline Production ChangeAUG/29,,0.427M,,,3.0
2025-09-04 21:30:00+05:30,EIA Distillate Fuel Production ChangeAUG/29,0.036M,-0.113M,,,3.0
2025-09-04 21:30:00+05:30,15-Year Mortgage RateSEP/04,,5.69%,,,3.0
2025-09-04 21:30:00+05:30,15-Year Mortgage RateSEP/04,5.6%,5.69%,,,3.0
2025-09-04 21:30:00+05:30,EIA Heating Oil Stocks ChangeAUG/29,0.557M,0.102M,,,3.0
2025-09-04 21:30:00+05:30,EIA Distillate Stocks ChangeAUG/29,,-1.786M,,,3.0
2025-09-04 21:30:00+05:30,EIA Crude Oil Imports ChangeAUG/29,0.434M,0.299M,,,3.0
2025-09-04 21:30:00+05:30,EIA Gasoline Stocks ChangeAUG/29,,-1.236M,-1M,,2.0
2025-09-04 21:30:00+05:30,EIA Cushing Crude Oil Stocks ChangeAUG/29,,-0.838M,,,3.0
2025-09-04 21:35:00+05:30,Fed Williams Speech,,,,,2.0
2025-09-05 02:00:00+05:30,Fed Balance SheetSEP/03,,$6.60T,,,3.0
2025-09-05 02:00:00+05:30,Fed Balance SheetSEP/03,$6.60T,$6.60T,,,3.0
2025-09-05 04:30:00+05:30,Fed Goolsbee Speech,,,,,2.0
2025-09-05 18:00:00+05:30,Average Weekly HoursAUG,,34.3,34.3,34.3,3.0
2025-09-05 18:00:00+05:30,Average Hourly Earnings YoYAUG,3.7%,3.9%,3.7%,3.9%,2.0
2025-09-05 18:00:00+05:30,Non Farm PayrollsAUG,,73K,,50.0K,1.0
2025-09-05 18:00:00+05:30,U-6 Unemployment RateAUG,8.1%,7.9%,,7.9%,3.0
2025-09-05 18:00:00+05:30,Manufacturing PayrollsAUG,,-11K,-5K,-21.0K,3.0
2025-09-05 18:00:00+05:30,Average Hourly Earnings YoYAUG,,3.9%,3.7%,3.9%,2.0
2025-09-05 18:00:00+05:30,Average Weekly HoursAUG,34.2,34.2,34.3,34.3,3.0
2025-09-05 18:00:00+05:30,Unemployment RateAUG,,4.2%,4.3%,4.2%,1.0
2025-09-05 18:00:00+05:30,Nonfarm Payrolls PrivateAUG,,83K,75K,75.0K,3.0
2025-09-05 18:00:00+05:30,Manufacturing PayrollsAUG,-12K,-2K,-5K,-21.0K,3.0
2025-09-05 18:00:00+05:30,Unemployment RateAUG,4.3%,4.2%,4.3%,4.2%,1.0
2025-09-05 18:00:00+05:30,Average Hourly Earnings MoMAUG,0.3%,0.3%,0.3%,0.3%,2.0
2025-09-05 18:00:00+05:30,Participation RateAUG,62.3%,62.2%,,62.1%,2.0
2025-09-05 18:00:00+05:30,Average Hourly Earnings MoMAUG,,0.3%,0.3%,0.3%,2.0
2025-09-05 18:00:00+05:30,U-6 Unemployment RateAUG,,7.9%,,7.9%,3.0
2025-09-05 18:00:00+05:30,Nonfarm Payrolls PrivateAUG,38K,77K,75K,75.0K,3.0
2025-09-05 18:00:00+05:30,Non Farm PayrollsAUG,22K,79K,75K,75.0K,1.0
2025-09-05 18:00:00+05:30,Government PayrollsAUG,-16K,2K,,0.0K,3.0
2025-09-05 18:00:00+05:30,Participation RateAUG,,62.2%,,62.1%,2.0
2025-09-05 18:00:00+05:30,Government PayrollsAUG,,-10K,,-25.0K,3.0
2025-09-05 22:30:00+05:30,Baker Hughes Total Rigs CountSEP/05,,536,,,3.0
2025-09-05 22:30:00+05:30,Baker Hughes Oil Rig CountSEP/05,,412,,,3.0
2025-09-05 22:30:00+05:30,Baker Hughes Oil Rig CountSEP/05,414,412,411,,3.0
2025-09-05 22:30:00+05:30,Baker Hughes Total Rigs CountSEP/05,537,536,,,3.0
2025-09-08 18:30:00+05:30,Used Car Prices YoYAUG,1.7%,2.9%,,,3.0
2025-09-08 18:30:00+05:30,Used Car Prices MoMAUG,0%,-0.5%,,,3.0
2025-09-08 20:30:00+05:30,Consumer Inflation ExpectationsAUG,,3.1%,,3.1%,3.0
2025-09-08 20:30:00+05:30,Consumer Inflation ExpectationsAUG,3.2%,3.1%,,3.1%,3.0
2025-09-08 21:00:00+05:30,3-Month Bill Auction,,4.045%,,,3.0
2025-09-08 21:00:00+05:30,Used Car Prices YoYAUG,,2.9%,,,3.0
2025-09-08 21:00:00+05:30,6-Month Bill Auction,,3.880%,,,3.0
2025-09-08 21:00:00+05:30,3-Month Bill Auction,3.940%,4.045%,,,3.0
2025-09-08 21:00:00+05:30,Used Car Prices MoMAUG,,-0.5%,,,3.0
2025-09-08 21:00:00+05:30,6-Month Bill Auction,3.730%,3.880%,,,3.0
2025-09-08 22:30:00+05:30,Used Car Prices MoMAUG,,-0.5%,,,3.0
2025-09-08 22:30:00+05:30,Used Car Prices YoYAUG,,2.9%,,,3.0
2025-09-09 00:30:00+05:30,Consumer Credit ChangeJUL,$16.01B,$9.61B,$10.1B,$8.5B,3.0
2025-09-09 00:30:00+05:30,Consumer Credit ChangeJUL,,$7.37B,$10.1B,$8.5B,3.0
2025-09-09 15:30:00+05:30,NFIB Business Optimism IndexAUG,100.8,100.3,101,100.7,3.0
2025-09-09 15:30:00+05:30,NFIB Business Optimism IndexAUG,,100.3,101,100.7,3.0
2025-09-09 18:25:00+05:30,Redbook YoYSEP/06,6.6%,6.5%,,,3.0
2025-09-09 18:25:00+05:30,Redbook YoYSEP/06,,6.5%,,,3.0
2025-09-09 19:30:00+05:30,Non Farm Payrolls Annual Revision,,-818K,,,1.0
2025-09-09 19:30:00+05:30,Non Farm Payrolls Annual Revision,-911K,-818K,,,1.0
2025-09-09 20:00:00+05:30,NY Fed Treasury Purchases 22.5 to 30 yrs,,,$50 million,,3.0
2025-09-09 22:30:00+05:30,3-Year Note Auction,,3.669%,,,3.0
2025-09-09 22:30:00+05:30,3-Year Note Auction,3.485%,3.669%,,,3.0
2025-09-10 02:00:00+05:30,API Crude Oil Stock ChangeSEP/05,,0.622M,,,2.0
2025-09-10 02:00:00+05:30,API Crude Oil Stock ChangeSEP/05,1.25M,0.622M,,,2.0
2025-09-10 16:30:00+05:30,MBA Mortgage Refinance IndexSEP/05,1012.4,902.5,,,3.0
2025-09-10 16:30:00+05:30,MBA 30-Year Mortgage RateSEP/05,,6.64%,,,2.0
2025-09-10 16:30:00+05:30,MBA Purchase IndexSEP/05,169.1,158.7,,,3.0
2025-09-10 16:30:00+05:30,MBA Mortgage Market IndexSEP/05,,272.5,,,3.0
2025-09-10 16:30:00+05:30,MBA Mortgage Refinance IndexSEP/05,,902.5,,,3.0
2025-09-10 16:30:00+05:30,MBA Mortgage ApplicationsSEP/05,9.2%,-1.2%,,,3.0
2025-09-10 16:30:00+05:30,MBA Mortgage ApplicationsSEP/05,,-1.2%,,,3.0
2025-09-10 16:30:00+05:30,MBA Mortgage Market IndexSEP/05,297.7,272.5,,,3.0
2025-09-10 16:30:00+05:30,MBA Purchase IndexSEP/05,,158.7,,,3.0
2025-09-10 16:30:00+05:30,MBA 30-Year Mortgage RateSEP/05,6.49%,6.64%,,,2.0
2025-09-10 18:00:00+05:30,Core PPI MoMAUG,-0.1%,0.7%,0.3%,0.4%,2.0
2025-09-10 18:00:00+05:30,"PPI Ex Food, Energy and Trade MoMAUG",,0.6%,,0.3%,3.0
2025-09-10 18:00:00+05:30,PPIAUG,149.160,149.341,,150.5,3.0
2025-09-10 18:00:00+05:30,PPI YoYAUG,,3.3%,3.3%,3.4%,3.0
2025-09-10 18:00:00+05:30,Core PPI YoYAUG,2.8%,3.4%,3.5%,3.6%,3.0
2025-09-10 18:00:00+05:30,"PPI Ex Food, Energy and Trade YoYAUG",,2.8%,,2.9%,3.0
2025-09-10 18:00:00+05:30,PPI MoMAUG,-0.1%,0.7%,0.3%,0.4%,1.0
2025-09-10 18:00:00+05:30,Core PPI MoMAUG,,0.9%,0.3%,0.4%,2.0
2025-09-10 18:00:00+05:30,PPI MoMAUG,,0.9%,0.3%,0.4%,1.0
2025-09-10 18:00:00+05:30,Core PPI YoYAUG,,3.7%,3.5%,3.6%,3.0
2025-09-10 18:00:00+05:30,"PPI Ex Food, Energy and Trade YoYAUG",2.8%,2.7%,,2.9%,3.0
2025-09-10 18:00:00+05:30,"PPI Ex Food, Energy and Trade MoMAUG",0.3%,0.6%,,0.3%,3.0
2025-09-10 18:00:00+05:30,PPI YoYAUG,2.6%,3.1%,3.3%,3.4%,3.0
2025-09-10 18:00:00+05:30,PPIAUG,,149.671,,150.5,3.0
2025-09-10 19:30:00+05:30,Wholesale Inventories MoMJUL,,0.1%,0.2%,0.2%,3.0
2025-09-10 19:30:00+05:30,Wholesale Inventories MoMJUL,0.1%,0.2%,0.2%,0.2%,3.0
2025-09-10 20:00:00+05:30,EIA Distillate Fuel Production ChangeSEP/05,-0.024M,0.036M,,,3.0
2025-09-10 20:00:00+05:30,EIA Gasoline Stocks ChangeSEP/05,,-3.795M,,,2.0
2025-09-10 20:00:00+05:30,EIA Crude Oil Stocks ChangeSEP/05,,2.415M,,,2.0
2025-09-10 20:00:00+05:30,EIA Gasoline Stocks ChangeSEP/05,1.458M,-3.795M,-0.1M,,2.0
2025-09-10 20:00:00+05:30,EIA Gasoline Production ChangeSEP/05,,-0.109M,,,3.0
2025-09-10 20:00:00+05:30,EIA Refinery Crude Runs ChangeSEP/05,-0.051M,-0.011M,,,3.0
2025-09-10 20:00:00+05:30,EIA Crude Oil Stocks ChangeSEP/05,3.939M,2.415M,-1.1M,,2.0
2025-09-10 20:00:00+05:30,EIA Crude Oil Imports ChangeSEP/05,,0.434M,,,3.0
2025-09-10 20:00:00+05:30,EIA Cushing Crude Oil Stocks ChangeSEP/05,,1.59M,,,3.0
2025-09-10 20:00:00+05:30,EIA Cushing Crude Oil Stocks ChangeSEP/05,-0.365M,1.59M,,,3.0
2025-09-10 20:00:00+05:30,EIA Gasoline Production ChangeSEP/05,-0.285M,-0.109M,,,3.0
2025-09-10 20:00:00+05:30,EIA Heating Oil Stocks ChangeSEP/05,0.266M,0.557M,,,3.0
2025-09-10 20:00:00+05:30,EIA Distillate Stocks ChangeSEP/05,,1.681M,,,3.0
2025-09-10 20:00:00+05:30,EIA Refinery Crude Runs ChangeSEP/05,,-0.011M,,,3.0
2025-09-10 20:00:00+05:30,EIA Heating Oil Stocks ChangeSEP/05,,0.557M,,,3.0
2025-09-10 20:00:00+05:30,EIA Crude Oil Imports ChangeSEP/05,0.668M,0.434M,,,3.0
2025-09-10 20:00:00+05:30,EIA Distillate Fuel Production ChangeSEP/05,,0.036M,,,3.0
2025-09-10 20:00:00+05:30,EIA Distillate Stocks ChangeSEP/05,4.715M,1.681M,0.2M,,3.0
2025-09-10 21:00:00+05:30,17-Week Bill Auction,3.850%,3.965%,,,3.0
2025-09-10 21:00:00+05:30,17-Week Bill Auction,,3.965%,,,3.0
2025-09-10 22:30:00+05:30,10-Year Note Auction,4.033%,4.255%,,,3.0
2025-09-10 22:30:00+05:30,10-Year Note Auction,,4.255%,,,3.0
2025-09-10 23:30:00+05:30,Monthly Budget StatementAUG,,$-291B,$-305.7B,$-310.0B,2.0
2025-09-11 18:00:00+05:30,Jobless Claims 4-week AverageSEP/06,,231K,,232.0K,3.0
2025-09-11 18:00:00+05:30,Continuing Jobless ClaimsAUG/30,,1940K,1950K,1942.0K,3.0
2025-09-11 18:00:00+05:30,Initial Jobless ClaimsSEP/06,263K,236K,235K,240.0K,2.0
2025-09-11 18:00:00+05:30,CPI s.aAUG,,322.13,,323,2.0
2025-09-11 18:00:00+05:30,Core Inflation Rate YoYAUG,3.1%,3.1%,3.1%,3.1%,1.0
2025-09-11 18:00:00+05:30,Inflation Rate MoMAUG,,0.2%,0.3%,0.3%,1.0
2025-09-11 18:00:00+05:30,Core Inflation Rate MoMAUG,0.3%,0.3%,0.3%,0.3%,1.0
2025-09-11 18:00:00+05:30,Initial Jobless ClaimsSEP/06,,237K,235K,240.0K,2.0
2025-09-11 18:00:00+05:30,Continuing Jobless ClaimsAUG/30,1939K,1939K,1950K,1942.0K,3.0
2025-09-11 18:00:00+05:30,Core Inflation Rate MoMAUG,,0.3%,0.3%,0.3%,1.0
2025-09-11 18:00:00+05:30,Core Inflation Rate YoYAUG,,3.1%,3.1%,3.1%,1.0
2025-09-11 18:00:00+05:30,CPIAUG,323.98,323.05,323.89,323.6,2.0
2025-09-11 18:00:00+05:30,Inflation Rate MoMAUG,0.4%,0.2%,0.3%,0.3%,1.0
2025-09-11 18:00:00+05:30,Jobless Claims 4-week AverageSEP/06,240.5K,230.75K,,232.0K,3.0
2025-09-11 18:00:00+05:30,Inflation Rate YoYAUG,,2.7%,2.9%,2.8%,1.0
2025-09-11 18:00:00+05:30,CPI s.aAUG,323.364,322.132,,323,2.0
2025-09-11 18:00:00+05:30,Inflation Rate YoYAUG,2.9%,2.7%,2.9%,2.8%,1.0
2025-09-11 18:00:00+05:30,CPIAUG,,323.05,323.89,323.6,2.0
2025-09-11 20:00:00+05:30,EIA Natural Gas Stocks ChangeSEP/05,,55Bcf,66Bcf,,3.0
2025-09-11 20:00:00+05:30,EIA Natural Gas Stocks ChangeSEP/05,71Bcf,55Bcf,68Bcf,,3.0
2025-09-11 21:00:00+05:30,4-Week Bill Auction,4.060%,4.175%,,,3.0
2025-09-11 21:00:00+05:30,8-Week Bill Auction,4.000%,4.100%,,,3.0
2025-09-11 21:00:00+05:30,4-Week Bill Auction,,4.175%,,,3.0
2025-09-11 21:00:00+05:30,8-Week Bill Auction,,4.100%,,,3.0
2025-09-11 21:30:00+05:30,30-Year Mortgage RateSEP/11,,6.5%,,,3.0
2025-09-11 21:30:00+05:30,15-Year Mortgage RateSEP/11,5.5%,5.6%,,,3.0
2025-09-11 21:30:00+05:30,15-Year Mortgage RateSEP/11,,5.6%,,,3.0
2025-09-11 21:30:00+05:30,30-Year Mortgage RateSEP/11,6.35%,6.5%,,,3.0
2025-09-11 22:30:00+05:30,30-Year Bond Auction,,4.813%,,,3.0
2025-09-11 22:30:00+05:30,30-Year Bond Auction,4.651%,4.813%,,,3.0
2025-09-11 23:30:00+05:30,Monthly Budget StatementAUG,,$-291B,$-281B,$-310.0B,2.0
2025-09-11 23:30:00+05:30,Monthly Budget StatementAUG,$-345B,$-291B,$-285.5B,$-310.0B,2.0
2025-09-12 02:00:00+05:30,Fed Balance SheetSEP/10,$6.60T,$6.60T,,,3.0
2025-09-12 02:00:00+05:30,Fed Balance SheetSEP/10,,$6.60T,,,3.0
2025-09-12 19:30:00+05:30,Michigan 5 Year Inflation Expectations PrelSEP,3.9%,3.5%,,3.5%,3.0
2025-09-12 19:30:00+05:30,Michigan Inflation Expectations PrelSEP,4.8%,4.8%,,4.6%,3.0
2025-09-12 19:30:00+05:30,Michigan Consumer Expectations PrelSEP,,55.9,54.9,55,3.0
2025-09-12 19:30:00+05:30,Michigan Consumer Sentiment PrelSEP,55.4,58.2,58,57,1.0
2025-09-12 19:30:00+05:30,Michigan 5 Year Inflation Expectations PrelSEP,,3.5%,,3.5%,3.0
2025-09-12 19:30:00+05:30,Michigan Consumer Expectations PrelSEP,51.8,55.9,54.9,55,3.0
2025-09-12 19:30:00+05:30,Michigan Inflation Expectations PrelSEP,,4.8%,,4.6%,3.0
2025-09-12 19:30:00+05:30,Michigan Consumer Sentiment PrelSEP,,58.2,58,57,1.0
2025-09-12 19:30:00+05:30,Michigan Current Conditions PrelSEP,61.2,61.7,61.3,61,3.0
2025-09-12 19:30:00+05:30,Michigan Current Conditions PrelSEP,,61.7,61.3,61,3.0
2025-09-12 21:30:00+05:30,WASDE Report,,,,,3.0
2025-09-12 22:30:00+05:30,Baker Hughes Oil Rig CountSEP/12,,414,,,3.0
2025-09-12 22:30:00+05:30,Baker Hughes Oil Rig CountSEP/12,416,414,,,3.0
2025-09-12 22:30:00+05:30,Baker Hughes Total Rigs CountSEP/12,539,537,,,3.0
2025-09-12 22:30:00+05:30,Baker Hughes Total Rigs CountSEP/12,,537,,,3.0
2025-09-15 18:00:00+05:30,NY Empire State Manufacturing IndexSEP,,11.90,3,10,2.0
2025-09-15 18:00:00+05:30,NY Empire State Manufacturing IndexSEP,-8.70,11.90,5,10,2.0
2025-09-15 21:00:00+05:30,6-Month Bill Auction,,3.730%,,,3.0
2025-09-15 21:00:00+05:30,6-Month Bill Auction,3.715%,3.730%,,,3.0
2025-09-15 21:00:00+05:30,3-Month Bill Auction,,3.940%,,,3.0
2025-09-15 21:00:00+05:30,3-Month Bill Auction,3.905%,3.940%,,,3.0
2025-09-15 21:30:00+05:30,NOPA Crush Report,,,,,3.0
2025-09-16 18:00:00+05:30,Retail Sales Control Group MoMAUG,,0.5%,0.4%,0.3%,2.0
2025-09-16 18:00:00+05:30,Import Prices MoMAUG,0.3%,0.2%,-0.1%,0.1%,2.0
2025-09-16 18:00:00+05:30,Retail Sales Ex Gas/Autos MoMAUG,0.7%,0.3%,,-0.1%,3.0
2025-09-16 18:00:00+05:30,Export Prices MoMAUG,0.3%,0.3%,0%,-0.2%,2.0
2025-09-16 18:00:00+05:30,Retail Sales Ex Autos MoMAUG,0.7%,0.4%,0.4%,0.0%,2.0
2025-09-16 18:00:00+05:30,Retail Sales MoMAUG,0.6%,0.6%,0.2%,0.4%,1.0
2025-09-16 18:00:00+05:30,Retail Sales Ex Autos MoMAUG,,0.3%,0.3%,0.0%,2.0
2025-09-16 18:00:00+05:30,Export Prices YoYAUG,3.4%,2.4%,,2.7%,3.0
2025-09-16 18:00:00+05:30,Export Prices YoYAUG,,2.2%,,2.7%,3.0
2025-09-16 18:00:00+05:30,Import Prices YoYAUG,,-0.2%,,0.2%,3.0
2025-09-16 18:00:00+05:30,Retail Sales MoMAUG,,0.5%,0.3%,0.4%,1.0
2025-09-16 18:00:00+05:30,Export Prices MoMAUG,,0.1%,-0.1%,-0.2%,2.0
2025-09-16 18:00:00+05:30,Import Prices YoYAUG,0.0%,-0.2%,,0.2%,3.0
2025-09-16 18:00:00+05:30,Import Prices MoMAUG,,0.4%,-0.2%,0.1%,2.0
2025-09-16 18:00:00+05:30,Retail Sales Ex Gas/Autos MoMAUG,,0.2%,,-0.1%,3.0
2025-09-16 18:00:00+05:30,Retail Sales YoYAUG,,3.9%,,3.2%,3.0
2025-09-16 18:00:00+05:30,Retail Sales Control Group MoMAUG,0.7%,0.5%,0.4%,0.3%,2.0
2025-09-16 18:00:00+05:30,Retail Sales YoYAUG,5%,4.1%,,3.2%,3.0
2025-09-16 18:25:00+05:30,Redbook YoYSEP/13,6.3%,6.6%,,,3.0
2025-09-16 18:25:00+05:30,Redbook YoYSEP/13,,6.6%,,,3.0
2025-09-16 18:45:00+05:30,Capacity UtilizationAUG,77.4%,77.4%,77.4%,77.4%,3.0
2025-09-16 18:45:00+05:30,Manufacturing Production MoMAUG,0.2%,-0.1%,-0.2%,0.0%,3.0
2025-09-16 18:45:00+05:30,Manufacturing Production MoMAUG,,0%,0%,0.0%,3.0
2025-09-16 18:45:00+05:30,Manufacturing Production YoYAUG,0.9%,1.3%,,1.2%,3.0
2025-09-16 18:45:00+05:30,Industrial Production YoYAUG,,1.4%,,1.6%,3.0
2025-09-16 18:45:00+05:30,Manufacturing Production YoYAUG,,1.4%,,1.2%,3.0
2025-09-16 18:45:00+05:30,Industrial Production MoMAUG,0.1%,-0.4%,-0.1%,0.0%,2.0
2025-09-16 18:45:00+05:30,Industrial Production YoYAUG,0.9%,1.3%,,1.2%,3.0
2025-09-16 18:45:00+05:30,Capacity UtilizationAUG,,77.5%,77.4%,77.4%,3.0
2025-09-16 18:45:00+05:30,Industrial Production MoMAUG,,-0.1%,-0.1%,0.0%,2.0
2025-09-16 19:30:00+05:30,Retail Inventories Ex Autos MoMJUL,,-0.1%,-0.1%,0.1%,3.0
2025-09-16 19:30:00+05:30,Business Inventories MoMJUL,0.2%,0.2%,0.2%,0.3%,2.0
2025-09-16 19:30:00+05:30,Retail Inventories Ex Autos MoMJUL,0.1%,-0.2%,-0.1%,0.1%,3.0
2025-09-16 19:30:00+05:30,NAHB Housing Market IndexSEP,32,32,33,33,2.0
2025-09-16 19:30:00+05:30,Business Inventories MoMJUL,,0.2%,0.2%,0.3%,2.0
2025-09-16 19:30:00+05:30,NAHB Housing Market IndexSEP,,32,33,33,2.0
2025-09-16 22:30:00+05:30,20-Year Bond Auction,4.613%,4.876%,,,3.0
2025-09-16 22:30:00+05:30,20-Year Bond Auction,,4.876%,,,3.0
2025-09-17 02:00:00+05:30,API Crude Oil Stock ChangeSEP/12,-3.42M,1.25M,-1.6M,,2.0
2025-09-17 02:00:00+05:30,International Monetary Market (IMM) Date,,,,,3.0
2025-09-17 02:00:00+05:30,API Crude Oil Stock ChangeSEP/12,,1.25M,,,2.0
2025-09-17 16:30:00+05:30,MBA Mortgage Refinance IndexSEP/12,,1012.4,,,3.0
2025-09-17 16:30:00+05:30,MBA Purchase IndexSEP/12,,169.1,,,3.0
2025-09-17 16:30:00+05:30,MBA Purchase IndexSEP/12,174.0,169.1,,,3.0
2025-09-17 16:30:00+05:30,MBA 30-Year Mortgage RateSEP/12,6.39%,6.49%,,,2.0
2025-09-17 16:30:00+05:30,MBA 30-Year Mortgage RateSEP/12,,6.49%,,,2.0
2025-09-17 16:30:00+05:30,MBA Mortgage Refinance IndexSEP/12,1596.7,1012.4,,,3.0
2025-09-17 16:30:00+05:30,MBA Mortgage ApplicationsSEP/12,,9.2%,,,3.0
2025-09-17 16:30:00+05:30,MBA Mortgage Market IndexSEP/12,,297.7,,,3.0
2025-09-17 16:30:00+05:30,MBA Mortgage Market IndexSEP/12,386.1,297.7,,,3.0
2025-09-17 16:30:00+05:30,MBA Mortgage ApplicationsSEP/12,29.7%,9.2%,,,3.0
2025-09-17 18:00:00+05:30,Housing Starts MoMAUG,,5.2%,,-3.4%,2.0
2025-09-17 18:00:00+05:30,Building Permits PrelAUG,1.312M,1.362M,1.37M,1.37M,1.0
2025-09-17 18:00:00+05:30,Housing StartsAUG,1.307M,1.429M,1.37M,1.37M,1.0
2025-09-17 18:00:00+05:30,Building Permits PrelAUG,,1.362M,1.37M,1.37M,1.0
2025-09-17 18:00:00+05:30,Building Permits MoM PrelAUG,,-2.2%,,0.6%,2.0
2025-09-17 18:00:00+05:30,Building Permits MoM PrelAUG,-3.7%,-2.2%,,0.6%,2.0
2025-09-17 18:00:00+05:30,Housing Starts MoMAUG,-8.5%,3.4%,,-3.4%,2.0
2025-09-17 18:00:00+05:30,Housing StartsAUG,,1.428M,1.38M,1.37M,1.0
2025-09-17 20:00:00+05:30,EIA Crude Oil Imports ChangeSEP/12,,0.668M,,,3.0
2025-09-17 20:00:00+05:30,EIA Heating Oil Stocks ChangeSEP/12,0.67M,0.266M,,,3.0
2025-09-17 20:00:00+05:30,EIA Gasoline Production ChangeSEP/12,,-0.285M,,,3.0
2025-09-17 20:00:00+05:30,EIA Distillate Fuel Production ChangeSEP/12,-0.274M,-0.024M,,,3.0
2025-09-17 20:00:00+05:30,EIA Gasoline Production ChangeSEP/12,-0.18M,-0.285M,,,3.0
2025-09-17 20:00:00+05:30,EIA Crude Oil Stocks ChangeSEP/12,,3.939M,,,2.0
2025-09-17 20:00:00+05:30,EIA Cushing Crude Oil Stocks ChangeSEP/12,-0.296M,-0.365M,,,3.0
2025-09-17 20:00:00+05:30,EIA Distillate Stocks ChangeSEP/12,4.046M,4.715M,1.1M,,3.0
2025-09-17 20:00:00+05:30,EIA Cushing Crude Oil Stocks ChangeSEP/12,,-0.365M,,,3.0
2025-09-17 20:00:00+05:30,EIA Refinery Crude Runs ChangeSEP/12,-0.394M,-0.051M,,,3.0
2025-09-17 20:00:00+05:30,EIA Distillate Fuel Production ChangeSEP/12,,-0.024M,,,3.0
2025-09-17 20:00:00+05:30,EIA Refinery Crude Runs ChangeSEP/12,,-0.051M,,,3.0
2025-09-17 20:00:00+05:30,EIA Crude Oil Imports ChangeSEP/12,-3.111M,0.668M,,,3.0
2025-09-17 20:00:00+05:30,EIA Crude Oil Stocks ChangeSEP/12,-9.285M,3.939M,-1.5M,,2.0
2025-09-17 20:00:00+05:30,EIA Gasoline Stocks ChangeSEP/12,,1.458M,,,2.0
2025-09-17 20:00:00+05:30,EIA Heating Oil Stocks ChangeSEP/12,,0.266M,,,3.0
2025-09-17 20:00:00+05:30,EIA Distillate Stocks ChangeSEP/12,,4.715M,,,3.0
2025-09-17 20:00:00+05:30,EIA Gasoline Stocks ChangeSEP/12,-2.347M,1.458M,-0.7M,,2.0
2025-09-17 21:00:00+05:30,17-Week Bill Auction,,3.850%,,,3.0
2025-09-17 21:00:00+05:30,17-Week Bill Auction,3.815%,3.850%,,,3.0
2025-09-17 23:30:00+05:30,Interest Rate Projection - Longer,,3%,,,3.0
2025-09-17 23:30:00+05:30,Interest Rate Projection - Current,3.6%,3.9%,,,3.0
2025-09-17 23:30:00+05:30,Interest Rate Projection - 3rd Yr,3.1%,3.1%,,,3.0
2025-09-17 23:30:00+05:30,Fed Interest Rate Decision,4.25%,4.5%,4.25%,4.25%,1.0
2025-09-17 23:30:00+05:30,Interest Rate Projection - Current,,3.9%,,,3.0
2025-09-17 23:30:00+05:30,Interest Rate Projection - 2nd Yr,,3.4%,,,3.0
2025-09-17 23:30:00+05:30,Interest Rate Projection - 1st Yr,,3.6%,,,3.0
2025-09-17 23:30:00+05:30,FOMC Economic Projections,,,,,1.0
2025-09-17 23:30:00+05:30,International Monetary Market (IMM) Date,,,,,3.0
2025-09-17 23:30:00+05:30,Interest Rate Projection - 1st Yr,3.4%,3.6%,,,3.0
2025-09-17 23:30:00+05:30,Interest Rate Projection - 2nd Yr,3.1%,3.4%,,,3.0
2025-09-17 23:30:00+05:30,Fed Interest Rate Decision,,4.5%,4.25%,4.25%,1.0
2025-09-17 23:30:00+05:30,Interest Rate Projection - 3rd Yr,,3.1%,,,3.0
2025-09-17 23:30:00+05:30,Interest Rate Projection - Longer,3%,3%,,,3.0
2025-09-18 00:00:00+05:30,Fed Press Conference,,,,,1.0
2025-09-18 18:00:00+05:30,Philly Fed Prices PaidSEP,46.80,66.80,,,3.0
2025-09-18 18:00:00+05:30,Initial Jobless ClaimsSEP/13,,263K,240K,250.0K,2.0
2025-09-18 18:00:00+05:30,Jobless Claims 4-week AverageSEP/13,240K,240.75K,,244.5K,3.0
2025-09-18 18:00:00+05:30,Philly Fed EmploymentSEP,5.6,5.9,,,3.0
2025-09-18 18:00:00+05:30,Philly Fed CAPEX IndexSEP,,38.40,,,3.0
2025-09-18 18:00:00+05:30,Philly Fed Business ConditionsSEP,,25.0,,,3.0
2025-09-18 18:00:00+05:30,Initial Jobless ClaimsSEP/13,231K,264K,240K,250.0K,2.0
2025-09-18 18:00:00+05:30,Philly Fed Prices PaidSEP,,66.80,,,3.0
2025-09-18 18:00:00+05:30,Philly Fed Business ConditionsSEP,31.5,25.0,,,3.0
2025-09-18 18:00:00+05:30,Philadelphia Fed Manufacturing IndexSEP,23.2,-0.3,2.3,8,2.0
2025-09-18 18:00:00+05:30,Philadelphia Fed Manufacturing IndexSEP,,-0.3,2.3,8,2.0
2025-09-18 18:00:00+05:30,Philly Fed EmploymentSEP,,5.9,,,3.0
2025-09-18 18:00:00+05:30,Jobless Claims 4-week AverageSEP/13,,240.5K,,244.5K,3.0
2025-09-18 18:00:00+05:30,Philly Fed New OrdersSEP,12.4,-1.9,,,3.0
2025-09-18 18:00:00+05:30,Continuing Jobless ClaimsSEP/06,1920K,1927K,1950K,1943.0K,3.0
2025-09-18 18:00:00+05:30,Philly Fed New OrdersSEP,,-1.9,,,3.0
2025-09-18 18:00:00+05:30,Continuing Jobless ClaimsSEP/06,,1939K,1950K,1943.0K,3.0
2025-09-18 18:00:00+05:30,Philly Fed CAPEX IndexSEP,12.50,38.40,,,3.0
2025-09-18 19:30:00+05:30,CB Leading Index MoMAUG,,-0.1%,-0.2%,-0.1%,3.0
2025-09-18 19:30:00+05:30,CB Leading Index MoMAUG,-0.5%,0.1%,-0.2%,-0.1%,3.0
2025-09-18 20:00:00+05:30,EIA Natural Gas Stocks ChangeSEP/12,,71Bcf,80Bcf,,3.0
2025-09-18 20:00:00+05:30,EIA Natural Gas Stocks ChangeSEP/12,90Bcf,71Bcf,81Bcf,,3.0
2025-09-18 21:00:00+05:30,8-Week Bill Auction,,4.000%,,,3.0
2025-09-18 21:00:00+05:30,8-Week Bill Auction,3.965%,4.000%,,,3.0
2025-09-18 21:00:00+05:30,4-Week Bill Auction,4.040%,4.060%,,,3.0
2025-09-18 21:00:00+05:30,4-Week Bill Auction,,4.060%,,,3.0
2025-09-18 21:30:00+05:30,15-Year Mortgage RateSEP/18,,5.5%,,,3.0
2025-09-18 21:30:00+05:30,15-Year Mortgage RateSEP/18,5.41%,5.5%,,,3.0
2025-09-18 21:30:00+05:30,30-Year Mortgage RateSEP/18,,6.35%,,,3.0
2025-09-18 21:30:00+05:30,10-Year TIPS Auction,,1.985%,,,3.0
2025-09-18 21:30:00+05:30,30-Year Mortgage RateSEP/18,6.26%,6.35%,,,3.0
2025-09-18 22:30:00+05:30,10-Year TIPS Auction,,1.985%,,,3.0
2025-09-18 22:30:00+05:30,10-Year TIPS Auction,1.734%,1.985%,,,3.0
2025-09-19 01:30:00+05:30,Foreign Bond InvestmentJUL,$58.2B,$-5.1B,,,3.0
2025-09-19 01:30:00+05:30,Net Long-term TIC FlowsJUL,,$150.8B,,,2.0
2025-09-19 01:30:00+05:30,Foreign Bond InvestmentJUL,,$-5B,,,3.0
2025-09-19 01:30:00+05:30,Net Long-term TIC FlowsJUL,$49.2B,$151B,,,2.0
2025-09-19 01:30:00+05:30,Overall Net Capital FlowsJUL,$2.1B,$92.1B,,,3.0
2025-09-19 01:30:00+05:30,Overall Net Capital FlowsJUL,,$77.8B,,,3.0
2025-09-19 02:00:00+05:30,Fed Balance SheetSEP/17,$6.61T,$6.60T,,,3.0
2025-09-19 02:00:00+05:30,Fed Balance SheetSEP/17,,$6.60T,,,3.0
2025-09-19 22:30:00+05:30,Baker Hughes Oil Rig CountSEP/19,418,416,,,3.0
2025-09-19 22:30:00+05:30,Baker Hughes Total Rigs CountSEP/19,542,539,,,3.0
2025-09-19 22:30:00+05:30,Baker Hughes Oil Rig CountSEP/19,,416,,,3.0
2025-09-19 22:30:00+05:30,Baker Hughes Total Rigs CountSEP/19,,539,,,3.0
2025-09-20 00:00:00+05:30,Fed Daly Speech,,,,,2.0
2025-09-22 18:00:00+05:30,Chicago Fed National Activity IndexAUG,-0.12,-0.28,,-0.17,2.0
2025-09-22 18:00:00+05:30,Chicago Fed National Activity IndexAUG,,-0.19,,-0.17,2.0
2025-09-22 19:15:00+05:30,Fed Williams Speech,,,,,2.0
2025-09-22 19:30:00+05:30,Fed Musalem Speech,,,,,2.0
2025-09-22 21:00:00+05:30,3-Month Bill Auction,,3.905%,,,3.0
2025-09-22 21:00:00+05:30,3-Month Bill Auction,3.860%,3.905%,,,3.0
2025-09-22 21:00:00+05:30,6-Month Bill Auction,,3.715%,,,3.0
2025-09-22 21:00:00+05:30,6-Month Bill Auction,3.705%,3.715%,,,3.0
2025-09-22 21:30:00+05:30,Fed Miran Speech,,,,,2.0
2025-09-22 21:30:00+05:30,Fed Hammack Speech,,,,,2.0
2025-09-22 21:30:00+05:30,UN General Assembly,,,,,2.0
2025-09-22 21:30:00+05:30,Fed Barkin Speech,,,,,2.0
2025-09-23 18:00:00+05:30,Current AccountQ2,,$-450.2B,$-270B,$-315.0B,2.0
2025-09-23 18:00:00+05:30,Current AccountQ2,$-251.3B,$-439.8B,$-256.3B,$-315.0B,2.0
2025-09-23 18:25:00+05:30,Redbook YoYSEP/20,,6.3%,,,3.0
2025-09-23 18:25:00+05:30,Redbook YoYSEP/20,5.7%,6.3%,,,3.0
2025-09-23 18:30:00+05:30,Fed Bowman Speech,,,,,2.0
2025-09-23 19:15:00+05:30,S&P Global Composite PMI FlashSEP,53.6,54.6,54.6,54.1,2.0
2025-09-23 19:15:00+05:30,S&P Global Services PMI FlashSEP,,54.5,53.9,53,2.0
2025-09-23 19:15:00+05:30,S&P Global Manufacturing PMI FlashSEP,52,53.0,52,52,2.0
2025-09-23 19:15:00+05:30,S&P Global Services PMI FlashSEP,53.9,54.5,54,53,2.0
2025-09-23 19:15:00+05:30,S&P Global Manufacturing PMI FlashSEP,,53.0,52,52,2.0
2025-09-23 19:15:00+05:30,S&P Global Composite PMI FlashSEP,,55.1,54.6,54.1,2.0
2025-09-23 19:30:00+05:30,Fed Bostic Speech,,,,,2.0
2025-09-23 19:30:00+05:30,Existing Home SalesAUG,,4.01M,,,1.0
2025-09-23 19:30:00+05:30,Richmond Fed Manufacturing IndexSEP,-17,-7,-5,-10,3.0
2025-09-23 19:30:00+05:30,Richmond Fed Manufacturing IndexSEP,,-7,-5,-10,3.0
2025-09-23 19:30:00+05:30,Richmond Fed Manufacturing Shipments IndexSEP,-20,-5,,-9,3.0
2025-09-23 19:30:00+05:30,Richmond Fed Services Revenues IndexSEP,,4,,3,3.0
2025-09-23 19:30:00+05:30,Existing Home Sales MoMAUG,,2%,,,2.0
2025-09-23 19:30:00+05:30,Richmond Fed Services Revenues IndexSEP,1,4,,3,3.0
2025-09-23 19:30:00+05:30,Richmond Fed Manufacturing Shipments IndexSEP,,-5,,-9,3.0
2025-09-23 22:05:00+05:30,Fed Chair Powell Speech,,,,,1.0
2025-09-23 22:30:00+05:30,UN General Assembly,,,,,3.0
2025-09-23 22:30:00+05:30,2-Year Note Auction,,3.641%,,,3.0
2025-09-23 22:30:00+05:30,Money SupplyAUG,$22.20T,$22.12T,,,3.0
2025-09-23 22:30:00+05:30,Money SupplyAUG,,$22.12T,,,3.0
2025-09-23 22:30:00+05:30,2-Year Note Auction,3.561%,3.641%,,,3.0
2025-09-24 02:00:00+05:30,API Crude Oil Stock ChangeSEP/19,-3.821M,-3.42M,,,2.0
2025-09-24 02:00:00+05:30,API Crude Oil Stock ChangeSEP/19,,-3.42M,,,2.0
2025-09-24 16:30:00+05:30,MBA Mortgage Refinance IndexSEP/19,1609.8,1596.7,,,3.0
2025-09-24 16:30:00+05:30,MBA Mortgage Market IndexSEP/19,388.3,386.1,,,3.0
2025-09-24 16:30:00+05:30,MBA Purchase IndexSEP/19,,174.0,,,3.0
2025-09-24 16:30:00+05:30,MBA 30-Year Mortgage RateSEP/19,,6.39%,,,2.0
2025-09-24 16:30:00+05:30,MBA 30-Year Mortgage RateSEP/19,6.34%,6.39%,,,2.0
2025-09-24 16:30:00+05:30,MBA Mortgage Market IndexSEP/19,,386.1,,,3.0
2025-09-24 16:30:00+05:30,MBA Mortgage ApplicationsSEP/19,,29.7%,,,3.0
2025-09-24 16:30:00+05:30,MBA Purchase IndexSEP/19,174.5,174.0,,,3.0
2025-09-24 16:30:00+05:30,MBA Mortgage ApplicationsSEP/19,0.6%,29.7%,,,3.0
2025-09-24 16:30:00+05:30,MBA Mortgage Refinance IndexSEP/19,,1596.7,,,3.0
2025-09-24 17:20:00+05:30,Building Permits FinalAUG,1.33M,1.362M,1.312M,1.312M,3.0
2025-09-24 17:20:00+05:30,Building Permits MoM FinalAUG,-2.3%,-2.2%,-3.7%,-3.7%,3.0
2025-09-24 19:30:00+05:30,New Home SalesAUG,0.8M,0.664M,0.65M,0.64M,2.0
2025-09-24 19:30:00+05:30,New Home Sales MoMAUG,20.5%,-1.8%,,-1.8%,2.0
2025-09-24 19:30:00+05:30,New Home SalesAUG,,0.652M,0.65M,0.64M,2.0
2025-09-24 19:30:00+05:30,New Home Sales MoMAUG,,-0.6%,,-1.8%,2.0
2025-09-24 20:00:00+05:30,EIA Cushing Crude Oil Stocks ChangeSEP/19,,-0.296M,,,3.0
2025-09-24 20:00:00+05:30,EIA Cushing Crude Oil Stocks ChangeSEP/19,0.177M,-0.296M,,,3.0
2025-09-24 20:00:00+05:30,EIA Gasoline Production ChangeSEP/19,,-0.18M,,,3.0
2025-09-24 20:00:00+05:30,EIA Gasoline Stocks ChangeSEP/19,,-2.347M,,,2.0
2025-09-24 20:00:00+05:30,EIA Gasoline Stocks ChangeSEP/19,-1.08M,-2.347M,0.4M,,2.0
2025-09-24 20:00:00+05:30,EIA Crude Oil Imports ChangeSEP/19,,-3.111M,,,3.0
2025-09-24 20:00:00+05:30,EIA Crude Oil Stocks ChangeSEP/19,,-9.285M,,,2.0
2025-09-24 20:00:00+05:30,EIA Crude Oil Stocks ChangeSEP/19,-0.607M,-9.285M,0.8M,,2.0
2025-09-24 20:00:00+05:30,EIA Crude Oil Imports ChangeSEP/19,1.596M,-3.111M,,,3.0
2025-09-24 20:00:00+05:30,EIA Refinery Crude Runs ChangeSEP/19,0.052M,-0.394M,,,3.0
2025-09-24 20:00:00+05:30,EIA Distillate Fuel Production ChangeSEP/19,0.029M,-0.274M,,,3.0
2025-09-24 20:00:00+05:30,EIA Refinery Crude Runs ChangeSEP/19,,-0.394M,,,3.0
2025-09-24 20:00:00+05:30,EIA Distillate Stocks ChangeSEP/19,,4.046M,,,3.0
2025-09-24 20:00:00+05:30,EIA Distillate Stocks ChangeSEP/19,-1.685M,4.046M,-1.5M,,3.0
2025-09-24 20:00:00+05:30,EIA Heating Oil Stocks ChangeSEP/19,,0.67M,,,3.0
2025-09-24 20:00:00+05:30,EIA Distillate Fuel Production ChangeSEP/19,,-0.274M,,,3.0
2025-09-24 20:00:00+05:30,EIA Heating Oil Stocks ChangeSEP/19,-0.189M,0.67M,,,3.0
2025-09-24 20:00:00+05:30,EIA Gasoline Production ChangeSEP/19,0.3M,-0.18M,,,3.0
2025-09-24 21:00:00+05:30,17-Week Bill Auction,3.805%,3.815%,,,3.0
2025-09-24 21:00:00+05:30,2-Year FRN Auction,0.200%,0.195%,,,3.0
2025-09-24 21:00:00+05:30,2-Year FRN Auction,,0.195%,,,3.0
2025-09-24 21:00:00+05:30,17-Week Bill Auction,,3.815%,,,3.0
2025-09-24 22:30:00+05:30,UN General Assembly,,,,,3.0
2025-09-24 22:30:00+05:30,5-Year Note Auction,,3.724%,,,3.0
2025-09-24 22:30:00+05:30,2-Year FRN Auction,,0.195%,,,3.0
2025-09-24 22:30:00+05:30,Building Permits FinalAUG,,1.362M,1.312M,1.312M,3.0
2025-09-24 22:30:00+05:30,Building Permits MoM FinalAUG,,-2.2%,-3.7%,-3.7%,3.0
2025-09-24 22:30:00+05:30,5-Year Note Auction,3.710%,3.724%,,,3.0
2025-09-25 01:40:00+05:30,Fed Daly Speech,,,,,2.0
2025-09-25 17:50:00+05:30,Fed Goolsbee Speech,,,,,2.0
2025-09-25 18:00:00+05:30,Durable Goods Orders ex Defense MoMAUG,1.9%,-2.3%,,-0.4%,3.0
2025-09-25 18:00:00+05:30,Durable Goods Orders Ex Transp MoMAUG,,1.1%,0%,0.0%,2.0
2025-09-25 18:00:00+05:30,Goods Trade Balance AdvAUG,$-85.5B,$-102.8B,$-95.65B,$-93.0B,2.0
2025-09-25 18:00:00+05:30,Jobless Claims 4-week AverageSEP/20,,240K,,242.75K,3.0
2025-09-25 18:00:00+05:30,Continuing Jobless ClaimsSEP/13,,1920K,1930K,1925.0K,3.0
2025-09-25 18:00:00+05:30,GDP Sales QoQ FinalQ2,7.5%,-3.2%,6.8%,6.8%,3.0
2025-09-25 18:00:00+05:30,GDP Price Index QoQ FinalQ2,2.1%,3.6%,2%,2.0%,2.0
2025-09-25 18:00:00+05:30,Jobless Claims 4-week AverageSEP/20,237.5K,240.25K,,242.75K,3.0
2025-09-25 18:00:00+05:30,Goods Trade Balance AdvAUG,,$-103.6B,$-95.65B,$-93.0B,2.0
2025-09-25 18:00:00+05:30,Retail Inventories Ex Autos MoM AdvAUG,0.3%,0.2%,,-0.2%,2.0
2025-09-25 18:00:00+05:30,Durable Goods Orders Ex Transp MoMAUG,0.4%,1%,0%,0.0%,2.0
2025-09-25 18:00:00+05:30,Core PCE Prices QoQ FinalQ2,2.6%,3.3%,2.5%,2.5%,3.0
2025-09-25 18:00:00+05:30,Retail Inventories Ex Autos MoM AdvAUG,,0.1%,,-0.2%,2.0
2025-09-25 18:00:00+05:30,Durable Goods Orders MoMAUG,2.9%,-2.7%,-0.5%,-0.7%,1.0
2025-09-25 18:00:00+05:30,GDP Growth Rate QoQ FinalQ2,3.8%,-0.6%,3.3%,3.3%,1.0
2025-09-25 18:00:00+05:30,Wholesale Inventories MoM AdvAUG,,0.1%,0.1%,-0.1%,2.0
2025-09-25 18:00:00+05:30,Real Consumer Spending QoQ FinalQ2,2.5%,0.6%,1.6%,1.6%,3.0
2025-09-25 18:00:00+05:30,Initial Jobless ClaimsSEP/20,218K,232K,235K,240.0K,2.0
2025-09-25 18:00:00+05:30,GDP Growth Rate QoQ FinalQ2,,-0.5%,3.3%,3.3%,1.0
2025-09-25 18:00:00+05:30,Non Defense Goods Orders Ex AirAUG,0.6%,0.8%,-0.1%,0.2%,3.0
2025-09-25 18:00:00+05:30,Wholesale Inventories MoM AdvAUG,-0.2%,0%,0.1%,-0.1%,2.0
2025-09-25 18:00:00+05:30,Corporate Profits QoQ FinalQ2,,-3.3%,2%,2.0%,3.0
2025-09-25 18:00:00+05:30,Non Defense Goods Orders Ex AirAUG,,1.1%,-0.1%,0.2%,3.0
2025-09-25 18:00:00+05:30,GDP Price Index QoQ FinalQ2,,3.8%,2%,2.0%,2.0
2025-09-25 18:00:00+05:30,Real Consumer Spending QoQ FinalQ2,,0.5%,1.6%,1.6%,3.0
2025-09-25 18:00:00+05:30,Initial Jobless ClaimsSEP/20,,231K,235K,240.0K,2.0
2025-09-25 18:00:00+05:30,Core PCE Prices QoQ FinalQ2,,3.5%,2.5%,2.5%,3.0
2025-09-25 18:00:00+05:30,Durable Goods Orders ex Defense MoMAUG,,-2.5%,,-0.4%,3.0
2025-09-25 18:00:00+05:30,PCE Prices QoQ FinalQ2,2.1%,3.4%,2%,2.0%,3.0
2025-09-25 18:00:00+05:30,Corporate Profits QoQ FinalQ2,0.2%,-0.6%,2%,2.0%,3.0
2025-09-25 18:00:00+05:30,Durable Goods Orders MoMAUG,,-2.8%,-0.5%,-0.7%,1.0
2025-09-25 18:00:00+05:30,Continuing Jobless ClaimsSEP/13,1926K,1928K,1930K,1925.0K,3.0
2025-09-25 18:00:00+05:30,PCE Prices QoQ FinalQ2,,3.7%,2%,2.0%,3.0
2025-09-25 18:00:00+05:30,GDP Sales QoQ FinalQ2,,-3.1%,6.8%,6.8%,3.0
2025-09-25 18:30:00+05:30,Fed Williams Speech,,,,,2.0
2025-09-25 19:15:00+05:30,Existing Home Sales MoMAUG,-0.2%,2%,,-0.2%,2.0
2025-09-25 19:15:00+05:30,Existing Home SalesAUG,4M,4.01M,3.96M,4.0M,1.0
2025-09-25 19:30:00+05:30,Existing Home Sales MoMAUG,,2%,,-0.2%,2.0
2025-09-25 19:30:00+05:30,Existing Home SalesAUG,,4.01M,3.96M,4.0M,1.0
2025-09-25 19:30:00+05:30,Fed Bowman Speech,,,,,2.0
2025-09-25 20:00:00+05:30,EIA Natural Gas Stocks ChangeSEP/19,,90Bcf,76Bcf,,3.0
2025-09-25 20:00:00+05:30,EIA Natural Gas Stocks ChangeSEP/19,75Bcf,90Bcf,75Bcf,,3.0
2025-09-25 20:30:00+05:30,Kansas Fed Manufacturing IndexSEP,4,0,,-5,3.0
2025-09-25 20:30:00+05:30,Kansas Fed Manufacturing IndexSEP,,0,,-5,3.0
2025-09-25 20:30:00+05:30,Kansas Fed Composite IndexSEP,,1,,-2,3.0
2025-09-25 20:30:00+05:30,Kansas Fed Composite IndexSEP,4,1,,-2,3.0
2025-09-25 21:00:00+05:30,4-Week Bill Auction,4.080%,4.040%,,,3.0
2025-09-25 21:00:00+05:30,8-Week Bill Auction,4.000%,3.965%,,,3.0
2025-09-25 21:00:00+05:30,4-Week Bill Auction,,4.040%,,,3.0
2025-09-25 21:00:00+05:30,8-Week Bill Auction,,3.965%,,,3.0
2025-09-25 21:30:00+05:30,30-Year Mortgage RateSEP/25,6.3%,6.26%,,,3.0
2025-09-25 21:30:00+05:30,30-Year Mortgage RateSEP/25,,6.26%,,,3.0
2025-09-25 21:30:00+05:30,15-Year Mortgage RateSEP/25,,5.41%,,,3.0
2025-09-25 21:30:00+05:30,15-Year Mortgage RateSEP/25,5.49%,5.41%,,,3.0
2025-09-25 22:30:00+05:30,7-Year Note Auction,3.953%,3.925%,,,3.0
2025-09-25 22:30:00+05:30,Fed Barr Speech,,,,,2.0
2025-09-25 22:30:00+05:30,7-Year Note Auction,,3.925%,,,3.0
2025-09-25 22:30:00+05:30,UN General Assembly,,,,,3.0
2025-09-26 01:00:00+05:30,Fed Daly Speech,,,,,2.0
2025-09-26 02:00:00+05:30,Fed Balance SheetSEP/24,$6.61T,$6.61T,,,3.0
2025-09-26 02:00:00+05:30,Fed Balance SheetSEP/24,,$6.61T,,,3.0
2025-09-26 17:30:00+05:30,Fed Hammack Speech,,,,,2.0
2025-09-26 18:00:00+05:30,Personal Income MoMAUG,,0.4%,0.3%,0.3%,1.0
2025-09-26 18:00:00+05:30,Personal Spending MoMAUG,0.6%,0.5%,0.5%,0.3%,1.0
2025-09-26 18:00:00+05:30,PCE Price Index MoMAUG,0.3%,0.2%,0.3%,0.3%,2.0
2025-09-26 18:00:00+05:30,Personal Spending MoMAUG,,0.5%,0.5%,0.3%,1.0
2025-09-26 18:00:00+05:30,Personal Income MoMAUG,0.4%,0.4%,0.3%,0.3%,1.0
2025-09-26 18:00:00+05:30,Core PCE Price Index YoYAUG,2.9%,2.9%,2.9%,3.0%,3.0
2025-09-26 18:00:00+05:30,Core PCE Price Index YoYAUG,,2.9%,2.9%,3.0%,3.0
2025-09-26 18:00:00+05:30,Core PCE Price Index MoMAUG,,0.3%,0.2%,0.3%,1.0
2025-09-26 18:00:00+05:30,PCE Price Index YoYAUG,,2.6%,2.7%,2.8%,2.0
2025-09-26 18:00:00+05:30,Core PCE Price Index MoMAUG,0.2%,0.2%,0.2%,0.3%,1.0
2025-09-26 18:00:00+05:30,PCE Price Index MoMAUG,,0.2%,0.3%,0.3%,2.0
2025-09-26 18:00:00+05:30,PCE Price Index YoYAUG,2.7%,2.6%,2.7%,2.8%,2.0
2025-09-26 18:30:00+05:30,Fed Barkin Speech,,,,,2.0
2025-09-26 19:30:00+05:30,Michigan 5 Year Inflation Expectations FinalSEP,3.7%,3.5%,3.9%,3.9%,3.0
2025-09-26 19:30:00+05:30,Michigan Inflation Expectations FinalSEP,,4.8%,4.8%,4.8%,3.0
2025-09-26 19:30:00+05:30,Michigan Consumer Sentiment FinalSEP,55.1,58.2,55.4,55.4,2.0
2025-09-26 19:30:00+05:30,Michigan Consumer Expectations FinalSEP,,55.9,,51.8,3.0
2025-09-26 19:30:00+05:30,Michigan Inflation Expectations FinalSEP,4.7%,4.8%,4.8%,4.8%,3.0
2025-09-26 19:30:00+05:30,Michigan Current Conditions FinalSEP,,61.7,,61.2,3.0
2025-09-26 19:30:00+05:30,Michigan Consumer Expectations FinalSEP,51.7,55.9,,51.8,3.0
2025-09-26 19:30:00+05:30,Michigan 5 Year Inflation Expectations FinalSEP,,3.5%,3.9%,3.9%,3.0
2025-09-26 19:30:00+05:30,Michigan Current Conditions FinalSEP,60.4,61.7,,61.2,3.0
2025-09-26 19:30:00+05:30,Michigan Consumer Sentiment FinalSEP,,58.2,55.4,55.4,2.0
2025-09-26 22:30:00+05:30,Baker Hughes Total Rigs CountSEP/26,549,542,,,3.0
2025-09-26 22:30:00+05:30,Baker Hughes Oil Rig CountSEP/26,,418,,,3.0
2025-09-26 22:30:00+05:30,Fed Bowman Speech,,,,,2.0
2025-09-26 22:30:00+05:30,Baker Hughes Oil Rig CountSEP/26,424,418,,,3.0
2025-09-26 22:30:00+05:30,Baker Hughes Total Rigs CountSEP/26,,542,,,3.0
2025-09-26 23:00:00+05:30,Fed Musalem Speech,,,,,2.0
2025-09-26 23:00:00+05:30,UN General Assembly,,,,,2.0
2025-09-27 03:30:00+05:30,UN General Assembly,,,,,3.0
2025-09-27 03:30:00+05:30,Fed Bostic Speech,,,,,2.0
2025-09-29 17:00:00+05:30,Fed Waller Speech,,,,,2.0
2025-09-29 17:30:00+05:30,Fed Hammack Speech,,,,,2.0
2025-09-29 19:30:00+05:30,Pending Home Sales YoYAUG,,0.7%,,1.9%,2.0
2025-09-29 19:30:00+05:30,Pending Home Sales MoMAUG,4%,-0.3%,0.3%,1.7%,2.0
2025-09-29 19:30:00+05:30,Pending Home Sales YoYAUG,3.8%,0.7%,,1.9%,2.0
2025-09-29 19:30:00+05:30,Pending Home Sales MoMAUG,,-0.4%,0.3%,1.7%,2.0
2025-09-29 20:00:00+05:30,Dallas Fed Manufacturing IndexSEP,-8.7,-1.8,,-7,2.0
2025-09-29 20:00:00+05:30,Dallas Fed Manufacturing IndexSEP,,-1.8,,-7,2.0
2025-09-29 21:00:00+05:30,3-Month Bill Auction,,3.860%,,,3.0
2025-09-29 21:00:00+05:30,6-Month Bill Auction,,3.705%,,,3.0
2025-09-29 21:00:00+05:30,6-Month Bill Auction,3.715%,3.705%,,,3.0
2025-09-29 21:00:00+05:30,3-Month Bill Auction,3.860%,3.860%,,,3.0
2025-09-29 23:00:00+05:30,Fed Musalem Speech,,,,,2.0
2025-09-29 23:00:00+05:30,UN General Assembly,,,,,2.0
2025-09-29 23:00:00+05:30,Fed Williams Speech,,,,,2.0
2025-09-30 03:30:00+05:30,Fed Bostic Speech,,,,,2.0
2025-09-30 15:30:00+05:30,Fed Jefferson Speech,,,,,2.0
2025-09-30 18:25:00+05:30,Redbook YoYSEP/27,,5.7%,,,3.0
2025-09-30 18:25:00+05:30,Redbook YoYSEP/27,5.9%,5.7%,,,3.0
2025-09-30 18:30:00+05:30,House Price Index MoMJUL,-0.1%,-0.2%,0.1%,-0.1%,3.0
2025-09-30 18:30:00+05:30,House Price Index YoYJUL,2.3%,2.7%,,1.9%,3.0
2025-09-30 18:30:00+05:30,S&P/Case-Shiller Home Price MoMJUL,-0.3%,0%,,-0.1%,3.0
2025-09-30 18:30:00+05:30,House Price Index MoMJUL,,-0.2%,0.1%,-0.1%,3.0
2025-09-30 18:30:00+05:30,House Price Index YoYJUL,,2.6%,,1.9%,3.0
2025-09-30 18:30:00+05:30,House Price IndexJUL,433.4,433.9,,433.6,3.0
2025-09-30 18:30:00+05:30,S&P/Case-Shiller Home Price MoMJUL,,0.0%,,-0.1%,3.0
2025-09-30 18:30:00+05:30,S&P/Case-Shiller Home Price YoYJUL,1.8%,2.2%,1.6%,1.9%,2.0
2025-09-30 18:30:00+05:30,S&P/Case-Shiller Home Price YoYJUL,,2.1%,1.7%,1.9%,2.0
2025-09-30 18:30:00+05:30,House Price IndexJUL,,433.8,,433.6,3.0
2025-09-30 19:15:00+05:30,Chicago PMISEP,40.6,41.5,43,41,2.0
2025-09-30 19:15:00+05:30,Chicago PMISEP,,41.5,40,41,2.0
2025-09-30 19:30:00+05:30,JOLTs Job OpeningsAUG,7.227M,7.208M,7.2M,7.1M,1.0
2025-09-30 19:30:00+05:30,JOLTs Job QuitsAUG,3.091M,3.166M,,3.18M,3.0
2025-09-30 19:30:00+05:30,CB Consumer ConfidenceSEP,94.2,97.8,96,95,2.0
2025-09-30 19:30:00+05:30,JOLTs Job OpeningsAUG,,7.181M,7.1M,7.1M,1.0
2025-09-30 19:30:00+05:30,CB Consumer ConfidenceSEP,,97.4,96,95,2.0
2025-09-30 19:30:00+05:30,JOLTs Job QuitsAUG,,3.208M,,3.18M,3.0
2025-09-30 20:00:00+05:30,Dallas Fed Services IndexSEP,-5.6,6.8,,4,3.0
2025-09-30 20:00:00+05:30,Dallas Fed Services IndexSEP,,6.8,,4,3.0
2025-09-30 20:00:00+05:30,Dallas Fed Services Revenues IndexSEP,,8.6,,5,3.0
2025-09-30 20:00:00+05:30,Dallas Fed Services Revenues IndexSEP,-2.4,8.6,,5,3.0
2025-09-30 21:00:00+05:30,52-Week Bill Auction,,3.660%,,,3.0
2025-09-30 21:00:00+05:30,52-Week Bill Auction,3.540%,3.660%,,,3.0
2025-09-30 21:30:00+05:30,Quarterly Grain Stocks - CornSEP,,4.64B,,,3.0
2025-09-30 21:30:00+05:30,Quarterly Grain Stocks - SoySEP,,1.02B,,,3.0
2025-09-30 21:30:00+05:30,Quarterly Grain Stocks - CornSEP,1.53B,4.64B,,,3.0
2025-09-30 21:30:00+05:30,Quarterly Grain Stocks - SoySEP,0.32B,1.01B,,,3.0
2025-09-30 21:30:00+05:30,Quarterly Grain Stocks - WheatSEP,2.12B,0.85B,,,3.0
2025-09-30 21:30:00+05:30,Quarterly Grain Stocks - WheatSEP,,0.85B,,,3.0
2025-09-30 22:30:00+05:30,Fed Goolsbee Speech,,,,,2.0
2025-09-30 23:00:00+05:30,Fed Goolsbee Speech,,,,,2.0
2025-10-01 02:00:00+05:30,API Crude Oil Stock ChangeSEP/26,-3.674M,-3.821M,,,2.0
2025-10-01 02:00:00+05:30,API Crude Oil Stock ChangeSEP/26,,-3.821M,,,2.0
2025-10-01 04:40:00+05:30,Fed Logan Speech,,,,,2.0
2025-10-01 16:30:00+05:30,MBA Mortgage ApplicationsSEP/26,,0.6%,,,3.0
2025-10-01 16:30:00+05:30,MBA Mortgage Market IndexSEP/26,339.1,388.3,,,3.0
2025-10-01 16:30:00+05:30,MBA Purchase IndexSEP/26,,174.5,,,3.0
2025-10-01 16:30:00+05:30,MBA Mortgage Refinance IndexSEP/26,,1609.8,,,3.0
2025-10-01 16:30:00+05:30,MBA 30-Year Mortgage RateSEP/26,,6.34%,,,2.0
2025-10-01 16:30:00+05:30,MBA Mortgage Market IndexSEP/26,,388.3,,,3.0
2025-10-01 16:30:00+05:30,MBA 30-Year Mortgage RateSEP/26,6.46%,6.34%,,,2.0
2025-10-01 16:30:00+05:30,MBA Purchase IndexSEP/26,172.7,174.5,,,3.0
2025-10-01 16:30:00+05:30,MBA Mortgage ApplicationsSEP/26,-12.7%,0.6%,,,3.0
2025-10-01 16:30:00+05:30,MBA Mortgage Refinance IndexSEP/26,1278.6,1609.8,,,3.0
2025-10-01 17:45:00+05:30,ADP Employment ChangeSEP,,54K,50K,40.0K,2.0
2025-10-01 17:45:00+05:30,ADP Employment ChangeSEP,-32K,-3K,50K,40.0K,2.0
2025-10-01 19:15:00+05:30,S&P Global Manufacturing PMI FinalSEP,52.0,53.0,52,52,3.0
2025-10-01 19:15:00+05:30,S&P Global Manufacturing PMI FinalSEP,,53.0,52,52,3.0
2025-10-01 19:30:00+05:30,ISM Manufacturing New OrdersSEP,48.9,51.4,,51.5,3.0
2025-10-01 19:30:00+05:30,ISM Manufacturing PricesSEP,,63.7,63.8,63.6,3.0
2025-10-01 19:30:00+05:30,Construction Spending MoMAUG,,-0.1%,-0.1%,0.1%,3.0
2025-10-01 19:30:00+05:30,ISM Manufacturing EmploymentSEP,45.3,43.8,,44,2.0
2025-10-01 19:30:00+05:30,ISM Manufacturing PMISEP,,48.7,49,49,1.0
2025-10-01 19:30:00+05:30,ISM Manufacturing EmploymentSEP,,43.8,,44,2.0
2025-10-01 19:30:00+05:30,ISM Manufacturing PricesSEP,61.9,63.7,63.2,63.6,3.0
2025-10-01 19:30:00+05:30,ISM Manufacturing PMISEP,49.1,48.7,49,49,1.0
2025-10-01 19:30:00+05:30,ISM Manufacturing New OrdersSEP,,51.4,,51.5,3.0
2025-10-01 20:00:00+05:30,EIA Crude Oil Stocks ChangeSEP/26,,-0.607M,,,2.0
2025-10-01 20:00:00+05:30,EIA Gasoline Stocks ChangeSEP/26,4.125M,-1.081M,0.5M,,2.0
2025-10-01 20:00:00+05:30,EIA Refinery Crude Runs ChangeSEP/26,-0.308M,0.052M,,,3.0
2025-10-01 20:00:00+05:30,EIA Crude Oil Imports ChangeSEP/26,,1.596M,,,3.0
2025-10-01 20:00:00+05:30,EIA Heating Oil Stocks ChangeSEP/26,,-0.189M,,,3.0
2025-10-01 20:00:00+05:30,EIA Crude Oil Stocks ChangeSEP/26,1.792M,-0.607M,1.5M,,2.0
2025-10-01 20:00:00+05:30,EIA Distillate Stocks ChangeSEP/26,,-1.685M,,,3.0
2025-10-01 20:00:00+05:30,EIA Gasoline Production ChangeSEP/26,-0.363M,0.3M,,,3.0
2025-10-01 20:00:00+05:30,EIA Heating Oil Stocks ChangeSEP/26,0.187M,-0.189M,,,3.0
2025-10-01 20:00:00+05:30,EIA Cushing Crude Oil Stocks ChangeSEP/26,,0.177M,,,3.0
2025-10-01 20:00:00+05:30,EIA Refinery Crude Runs ChangeSEP/26,,0.052M,,,3.0
2025-10-01 20:00:00+05:30,EIA Gasoline Production ChangeSEP/26,,0.3M,,,3.0
2025-10-01 20:00:00+05:30,EIA Distillate Fuel Production ChangeSEP/26,-0.025M,0.029M,,,3.0
2025-10-01 20:00:00+05:30,EIA Distillate Fuel Production ChangeSEP/26,,0.029M,,,3.0
2025-10-01 20:00:00+05:30,EIA Cushing Crude Oil Stocks ChangeSEP/26,-0.271M,0.177M,,,3.0
2025-10-01 20:00:00+05:30,EIA Crude Oil Imports ChangeSEP/26,0.071M,1.596M,,,3.0
2025-10-01 20:00:00+05:30,EIA Distillate Stocks ChangeSEP/26,0.578M,-1.685M,-1M,,3.0
2025-10-01 20:00:00+05:30,EIA Gasoline Stocks ChangeSEP/26,,-1.08M,,,2.0
2025-10-01 21:00:00+05:30,LMI Logistics Managers IndexSEP,,59.3,,,2.0
2025-10-01 21:00:00+05:30,Construction Spending MoMAUG,,-0.1%,-0.1%,0.1%,2.0
2025-10-01 21:00:00+05:30,17-Week Bill Auction,3.785%,3.805%,,,3.0
2025-10-01 21:00:00+05:30,17-Week Bill Auction,,3.805%,,,3.0
2025-10-02 04:30:00+05:30,Total Vehicle SalesSEP,16.4M,16.1M,16.2M,,3.0
2025-10-02 17:00:00+05:30,Challenger Job CutsSEP,,85.979K,,150.0K,3.0
2025-10-02 17:00:00+05:30,Challenger Job CutsSEP,54.064K,85.979K,,150.0K,3.0
2025-10-02 18:00:00+05:30,Initial Jobless ClaimsSEP/27,,218K,223K,223.0K,2.0
2025-10-02 18:00:00+05:30,Continuing Jobless ClaimsSEP/20,,1926K,1930K,1929.0K,3.0
2025-10-02 18:00:00+05:30,Jobless Claims 4-week AverageSEP/27,,237.5K,,239.0K,3.0
2025-10-02 19:30:00+05:30,Factory Orders MoMAUG,,-1.3%,1.4%,1.4%,2.0
2025-10-02 19:30:00+05:30,Factory Orders ex TransportationAUG,,0.6%,,0.1%,3.0
2025-10-02 20:00:00+05:30,Fed Logan Speech,,,,,2.0
2025-10-02 20:00:00+05:30,EIA Natural Gas Stocks ChangeSEP/26,,75Bcf,,,3.0
2025-10-02 20:00:00+05:30,EIA Natural Gas Stocks ChangeSEP/26,53Bcf,75Bcf,67Bcf,,3.0
2025-10-02 21:00:00+05:30,4-Week Bill Auction,4.060%,4.080%,,,3.0
2025-10-02 21:00:00+05:30,8-Week Bill Auction,,4.000%,,,3.0
2025-10-02 21:00:00+05:30,4-Week Bill Auction,,4.080%,,,3.0
2025-10-02 21:00:00+05:30,8-Week Bill Auction,3.960%,4.000%,,,3.0
2025-10-02 21:30:00+05:30,Factory Orders ex TransportationAUG,,0.6%,,0.1%,3.0
2025-10-02 21:30:00+05:30,15-Year Mortgage RateOCT/02,,5.49%,,,3.0
2025-10-02 21:30:00+05:30,15-Year Mortgage RateOCT/02,5.55%,5.49%,,,3.0
2025-10-02 21:30:00+05:30,Jobless Claims 4-week AverageSEP/27,,237.5K,,239.0K,3.0
2025-10-02 21:30:00+05:30,30-Year Mortgage RateOCT/02,6.34%,6.3%,,,3.0
2025-10-02 21:30:00+05:30,Continuing Jobless ClaimsSEP/20,,1926K,1930K,1929.0K,3.0
2025-10-02 21:30:00+05:30,Initial Jobless ClaimsSEP/27,,218K,223K,223.0K,3.0
2025-10-02 21:30:00+05:30,30-Year Mortgage RateOCT/02,,6.3%,,,3.0
2025-10-02 21:30:00+05:30,Total Vehicle SalesSEP,,16.1M,16.2M,,3.0
2025-10-02 21:30:00+05:30,Factory Orders MoMAUG,,-1.3%,1.4%,1.4%,3.0
2025-10-03 02:00:00+05:30,Fed Balance SheetOCT/01,$6.59T,$6.61T,,$ 6.8T,3.0
2025-10-03 02:00:00+05:30,Fed Balance SheetOCT/01,,$6.61T,,$ 6.8T,3.0
2025-10-03 15:35:00+05:30,Fed Williams Speech,,,,,2.0
2025-10-03 18:00:00+05:30,Unemployment RateSEP,,4.3%,4.3%,4.3%,1.0
2025-10-03 18:00:00+05:30,Government PayrollsSEP,,-16K,,-10.0K,3.0
2025-10-03 18:00:00+05:30,U-6 Unemployment RateSEP,,8.1%,,8.1%,3.0
2025-10-03 18:00:00+05:30,Participation RateSEP,,62.3%,,62.3%,2.0
2025-10-03 18:00:00+05:30,Non Farm PayrollsSEP,,22K,50K,50.0K,1.0
2025-10-03 18:00:00+05:30,Average Hourly Earnings YoYSEP,,3.7%,3.7%,3.7%,2.0
2025-10-03 18:00:00+05:30,Average Weekly HoursSEP,,34.2,34.2,34.2,3.0
2025-10-03 18:00:00+05:30,Nonfarm Payrolls PrivateSEP,,38K,60K,40.0K,3.0
2025-10-03 18:00:00+05:30,Manufacturing PayrollsSEP,,-12K,-7K,-4.0K,3.0
2025-10-03 18:00:00+05:30,Average Hourly Earnings MoMSEP,,0.3%,0.3%,0.2%,2.0
2025-10-03 19:15:00+05:30,S&P Global Composite PMI FinalSEP,,54.6,53.6,53.6,3.0
2025-10-03 19:15:00+05:30,S&P Global Services PMI FinalSEP,,54.5,53.9,53.9,3.0
2025-10-03 19:15:00+05:30,S&P Global Services PMI FinalSEP,54.2,54.5,53.9,53.9,3.0
2025-10-03 19:15:00+05:30,S&P Global Composite PMI FinalSEP,53.9,54.6,53.6,53.6,3.0
2025-10-03 19:30:00+05:30,ISM Services Business ActivitySEP,49.9,55.0,51.8,54,3.0
2025-10-03 19:30:00+05:30,ISM Services PricesSEP,,69.2,,68.9,3.0
2025-10-03 19:30:00+05:30,ISM Services EmploymentSEP,47.2,46.5,,46.6,3.0
2025-10-03 19:30:00+05:30,ISM Services Business ActivitySEP,,55,51.8,54,3.0
2025-10-03 19:30:00+05:30,ISM Services PMISEP,50.0,52.0,51.7,51,1.0
2025-10-03 19:30:00+05:30,ISM Services PMISEP,,52.0,51.7,51,1.0
2025-10-03 19:30:00+05:30,ISM Services EmploymentSEP,,46.5,,46.6,3.0
2025-10-03 19:30:00+05:30,ISM Services PricesSEP,69.4,69.2,,68.9,3.0
2025-10-03 19:30:00+05:30,ISM Services New OrdersSEP,,56.0,,55,3.0
2025-10-03 19:30:00+05:30,ISM Services New OrdersSEP,50.4,56.0,,55,3.0
2025-10-03 22:30:00+05:30,Baker Hughes Total Rigs CountOCT/03,,549,,,3.0
2025-10-03 22:30:00+05:30,Baker Hughes Oil Rig CountOCT/03,422,424,,,3.0
2025-10-03 22:30:00+05:30,Baker Hughes Oil Rig CountOCT/03,,424,,,3.0
2025-10-03 22:30:00+05:30,Baker Hughes Total Rigs CountOCT/03,549,549,,,3.0
2025-10-03 23:00:00+05:30,Fed Logan Speech,,,,,2.0
2025-10-03 23:10:00+05:30,Non Farm PayrollsSEP,,22K,50K,50.0K,2.0
2025-10-03 23:10:00+05:30,Unemployment RateSEP,,4.3%,4.3%,4.3%,2.0
2025-10-03 23:10:00+05:30,Average Hourly Earnings MoMSEP,,0.3%,0.3%,0.2%,2.0
2025-10-03 23:10:00+05:30,Fed Jefferson Speech,,,,,2.0
2025-10-03 23:10:00+05:30,U-6 Unemployment RateSEP,,8.1%,,8.1%,2.0
2025-10-03 23:10:00+05:30,Nonfarm Payrolls PrivateSEP,,38K,61K,40.0K,2.0
2025-10-03 23:10:00+05:30,Participation RateSEP,,62.3%,,62.3%,2.0
2025-10-03 23:10:00+05:30,Average Hourly Earnings YoYSEP,,3.7%,3.7%,3.7%,2.0
2025-10-03 23:10:00+05:30,Manufacturing PayrollsSEP,,-12K,-7K,-4.0K,2.0
2025-10-03 23:10:00+05:30,Government PayrollsSEP,,-16K,,-10.0K,2.0
2025-10-03 23:10:00+05:30,Average Weekly HoursSEP,,34.2,34.2,34.2,2.0
2025-10-06 21:00:00+05:30,6-Month Bill Auction,3.695%,3.715%,,,3.0
2025-10-06 21:00:00+05:30,3-Month Bill Auction,,3.860%,,,3.0
2025-10-06 21:00:00+05:30,6-Month Bill Auction,,3.715%,,,3.0
2025-10-06 21:00:00+05:30,3-Month Bill Auction,3.850%,3.860%,,,3.0
2025-10-07 15:35:00+05:30,LMI Logistics Managers IndexSEP,57.4,59.3,,,3.0
2025-10-07 18:00:00+05:30,ExportsAUG,,$280.5B,,$278.0B,2.0
2025-10-07 18:00:00+05:30,ImportsAUG,,$358.8B,,$345.0B,2.0
2025-10-07 18:00:00+05:30,Balance of TradeAUG,,$-78.3B,$-61B,$-67.0B,2.0
2025-10-07 18:25:00+05:30,Redbook YoYOCT/04,5.8%,5.9%,,,3.0
2025-10-07 18:25:00+05:30,Redbook YoYOCT/04,,5.9%,,,3.0
2025-10-07 18:30:00+05:30,Used Car Prices YoYSEP,2%,1.7%,,,3.0
2025-10-07 18:30:00+05:30,Used Car Prices MoMSEP,-0.2%,0%,,,3.0
2025-10-07 19:30:00+05:30,Fed Bostic Speech,,,,,2.0
2025-10-07 19:35:00+05:30,Fed Bowman Speech,,,,,2.0
2025-10-07 19:40:00+05:30,RCM/TIPP Economic Optimism IndexOCT,,48.7,49.3,48.5,3.0
2025-10-07 19:40:00+05:30,RCM/TIPP Economic Optimism IndexOCT,48.3,48.7,49.3,48.5,3.0
2025-10-07 20:00:00+05:30,Fed Miran Speech,,,,,2.0
2025-10-07 20:30:00+05:30,Consumer Inflation ExpectationsSEP,3.4%,3.2%,,3.1%,3.0
2025-10-07 20:30:00+05:30,Consumer Inflation ExpectationsSEP,,3.2%,,3.1%,3.0
2025-10-07 21:00:00+05:30,Fed Kashkari Speech,,,,,2.0
2025-10-07 22:30:00+05:30,ExportsAUG,,$280.5B,,$278.0B,3.0
2025-10-07 22:30:00+05:30,Balance of TradeAUG,,$-78.3B,$-61B,$-67.0B,3.0
2025-10-07 22:30:00+05:30,LMI Logistics Managers IndexSEP,,59.3,,,3.0
2025-10-07 22:30:00+05:30,Used Car Prices YoYSEP,,1.7%,,,3.0
2025-10-07 22:30:00+05:30,Used Car Prices MoMSEP,,0%,,,3.0
2025-10-07 22:30:00+05:30,3-Year Note Auction,,3.485%,,,3.0
2025-10-07 22:30:00+05:30,3-Year Note Auction,3.576%,3.485%,,,3.0
2025-10-07 22:30:00+05:30,ImportsAUG,,$358.8B,,$341.0B,3.0
2025-10-08 00:30:00+05:30,Consumer Credit ChangeAUG,,$16.01B,$14.0B,$12.0B,3.0
2025-10-08 00:30:00+05:30,Consumer Credit ChangeAUG,$0.36B,$18.05B,$13.5B,$12.0B,3.0
2025-10-08 01:35:00+05:30,Fed Miran Speech,,,,,2.0
2025-10-08 02:00:00+05:30,API Crude Oil Stock ChangeOCT/03,2.78M,-3.674M,2.25M,,2.0
2025-10-08 02:00:00+05:30,API Crude Oil Stock ChangeOCT/03,,-3.674M,,,2.0
2025-10-08 16:30:00+05:30,MBA Mortgage Market IndexOCT/03,,339.1,,,3.0
2025-10-08 16:30:00+05:30,MBA 30-Year Mortgage RateOCT/03,,6.46%,,,2.0
2025-10-08 16:30:00+05:30,MBA Purchase IndexOCT/03,,172.7,,,3.0
2025-10-08 16:30:00+05:30,MBA Mortgage Refinance IndexOCT/03,,1278.6,,,3.0
2025-10-08 16:30:00+05:30,MBA Mortgage Refinance IndexOCT/03,1180.2,1278.6,,,3.0
2025-10-08 16:30:00+05:30,MBA Mortgage ApplicationsOCT/03,-4.7%,-12.7%,,,3.0
2025-10-08 16:30:00+05:30,MBA Purchase IndexOCT/03,170.6,172.7,,,3.0
2025-10-08 16:30:00+05:30,MBA 30-Year Mortgage RateOCT/03,6.43%,6.46%,,,2.0
2025-10-08 16:30:00+05:30,MBA Mortgage ApplicationsOCT/03,,-12.7%,,,3.0
2025-10-08 16:30:00+05:30,MBA Mortgage Market IndexOCT/03,323.1,339.1,,,3.0
2025-10-08 18:50:00+05:30,Fed Musalem Speech,,,,,2.0
2025-10-08 19:00:00+05:30,Fed Barr Speech,,,,,2.0
2025-10-08 20:00:00+05:30,EIA Distillate Stocks ChangeOCT/03,,0.578M,-1.23M,,3.0
2025-10-08 20:00:00+05:30,EIA Refinery Crude Runs ChangeOCT/03,0.129M,-0.308M,,,3.0
2025-10-08 20:00:00+05:30,EIA Distillate Fuel Production ChangeOCT/03,0.21M,-0.025M,,,3.0
2025-10-08 20:00:00+05:30,EIA Crude Oil Stocks ChangeOCT/03,3.715M,1.792M,2.25M,,2.0
2025-10-08 20:00:00+05:30,EIA Crude Oil Imports ChangeOCT/03,0.731M,0.071M,,,3.0
2025-10-08 20:00:00+05:30,EIA Gasoline Stocks ChangeOCT/03,,4.125M,-1.05M,,2.0
2025-10-08 20:00:00+05:30,EIA Heating Oil Stocks ChangeOCT/03,,0.187M,,,3.0
2025-10-08 20:00:00+05:30,EIA Heating Oil Stocks ChangeOCT/03,-0.06M,0.187M,,,3.0
2025-10-08 20:00:00+05:30,EIA Refinery Crude Runs ChangeOCT/03,,-0.308M,,,3.0
2025-10-08 20:00:00+05:30,EIA Distillate Fuel Production ChangeOCT/03,,-0.025M,,,3.0
2025-10-08 20:00:00+05:30,EIA Gasoline Production ChangeOCT/03,0.409M,-0.363M,,,3.0
2025-10-08 20:00:00+05:30,EIA Distillate Stocks ChangeOCT/03,-2.018M,0.578M,-1.23M,,3.0
2025-10-08 20:00:00+05:30,EIA Cushing Crude Oil Stocks ChangeOCT/03,-0.763M,-0.271M,,,3.0
2025-10-08 20:00:00+05:30,EIA Crude Oil Imports ChangeOCT/03,,0.071M,,,3.0
2025-10-08 20:00:00+05:30,EIA Gasoline Stocks ChangeOCT/03,-1.6M,4.125M,-1.05M,,2.0
2025-10-08 20:00:00+05:30,EIA Gasoline Production ChangeOCT/03,,-0.363M,,,3.0
2025-10-08 20:00:00+05:30,EIA Cushing Crude Oil Stocks ChangeOCT/03,,-0.271M,,,3.0
2025-10-08 20:00:00+05:30,EIA Crude Oil Stocks ChangeOCT/03,,1.792M,2.25M,,2.0
2025-10-08 21:00:00+05:30,17-Week Bill Auction,3.775%,3.785%,,,3.0
2025-10-08 21:00:00+05:30,17-Week Bill Auction,,3.785%,,,3.0
2025-10-08 22:30:00+05:30,10-Year Note Auction,4.117%,4.033%,,,3.0
2025-10-08 22:30:00+05:30,10-Year Note Auction,,4.033%,,,3.0
2025-10-08 23:30:00+05:30,FOMC Minutes,,,,,1.0
2025-10-09 00:30:00+05:30,FOMC Minutes,,,,,1.0
2025-10-09 00:45:00+05:30,Fed Kashkari Speech,,,,,2.0
2025-10-09 03:15:00+05:30,Fed Barr Speech,,,,,2.0
2025-10-09 18:00:00+05:30,Continuing Jobless ClaimsSEP/27,,,,1937.0K,3.0
2025-10-09 18:00:00+05:30,Jobless Claims 4-week AverageOCT/04,,,,,3.0
2025-10-09 18:00:00+05:30,Initial Jobless ClaimsOCT/04,,,229K,235.0K,2.0
2025-10-09 18:00:00+05:30,Fed Chair Powell Speech,,,,,2.0
2025-10-09 18:05:00+05:30,Fed Bowman Speech,,,,,2.0
2025-10-09 19:30:00+05:30,Wholesale Inventories MoMAUG,,0%,-0.2%,-0.2%,3.0
2025-10-09 20:00:00+05:30,EIA Natural Gas Stocks ChangeOCT/03,80Bcf,53Bcf,76Bcf,,3.0
2025-10-09 20:00:00+05:30,EIA Natural Gas Stocks ChangeOCT/03,,53Bcf,76Bcf,,3.0
2025-10-09 21:00:00+05:30,4-Week Bill Auction,4.030%,4.060%,,,3.0
2025-10-09 21:00:00+05:30,8-Week Bill Auction,,3.960%,,,3.0
2025-10-09 21:00:00+05:30,4-Week Bill Auction,,4.060%,,,3.0
2025-10-09 21:00:00+05:30,8-Week Bill Auction,3.955%,3.960%,,,3.0
2025-10-09 21:30:00+05:30,30-Year Mortgage RateOCT/09,,6.34%,,,3.0
2025-10-09 21:30:00+05:30,15-Year Mortgage RateOCT/09,5.53%,5.55%,,,3.0
2025-10-09 21:30:00+05:30,WASDE Report,,,,,3.0
2025-10-09 21:30:00+05:30,30-Year Mortgage RateOCT/09,6.30%,6.34%,,,3.0
2025-10-09 21:30:00+05:30,15-Year Mortgage RateOCT/09,,5.55%,,,3.0
2025-10-09 22:15:00+05:30,Fed Barr Speech,,,,,2.0
2025-10-09 22:30:00+05:30,Initial Jobless ClaimsSEP/27,,218K,223K,223.0K,3.0
2025-10-09 22:30:00+05:30,30-Year Bond Auction,,4.651%,,,3.0
2025-10-09 22:30:00+05:30,30-Year Bond Auction,4.734%,4.651%,,,3.0
2025-10-09 22:30:00+05:30,Continuing Jobless ClaimsSEP/20,,1926K,1930K,1929.0K,3.0
2025-10-09 22:30:00+05:30,Jobless Claims 4-week AverageOCT/04,,,,240.0K,3.0
2025-10-09 22:30:00+05:30,Initial Jobless ClaimsOCT/04,,,227K,235.0K,3.0
2025-10-09 22:30:00+05:30,Jobless Claims 4-week AverageSEP/27,,237.5K,,239.0K,3.0
2025-10-09 22:30:00+05:30,Continuing Jobless ClaimsSEP/27,,,,1937.0K,3.0
2025-10-09 22:30:00+05:30,Wholesale Inventories MoMAUG,,0%,-0.2%,-0.2%,3.0
2025-10-10 01:15:00+05:30,Fed Bowman Speech,,,,,2.0
2025-10-10 02:00:00+05:30,Fed Balance SheetOCT/08,$6.59T,$6.59T,,,3.0
2025-10-10 02:00:00+05:30,Fed Balance SheetOCT/08,,$6.59T,,,3.0
2025-10-10 19:15:00+05:30,Fed Goolsbee Speech,,,,,2.0
2025-10-10 19:30:00+05:30,Michigan Consumer Sentiment PrelOCT,55.0,55.1,54.2,54,1.0
2025-10-10 19:30:00+05:30,Michigan Inflation Expectations PrelOCT,4.6%,4.7%,,4.5%,3.0
2025-10-10 19:30:00+05:30,Michigan Consumer Expectations PrelOCT,,51.7,51.7,51,3.0
2025-10-10 19:30:00+05:30,Michigan Current Conditions PrelOCT,,60.4,60,59,3.0
2025-10-10 19:30:00+05:30,Michigan Current Conditions PrelOCT,61.0,60.4,60,59,3.0
2025-10-10 19:30:00+05:30,Michigan 5 Year Inflation Expectations PrelOCT,3.7%,3.7%,,3.6%,3.0
2025-10-10 19:30:00+05:30,Michigan Inflation Expectations PrelOCT,,4.7%,,4.5%,3.0
2025-10-10 19:30:00+05:30,Michigan Consumer Expectations PrelOCT,51.2,51.7,51.7,51,3.0
2025-10-10 19:30:00+05:30,Michigan 5 Year Inflation Expectations PrelOCT,,3.7%,,3.6%,3.0
2025-10-10 19:30:00+05:30,Michigan Consumer Sentiment PrelOCT,,55.1,54.2,54,1.0
2025-10-10 22:30:00+05:30,Baker Hughes Oil Rig CountOCT/10,,422,,,3.0
2025-10-10 22:30:00+05:30,Baker Hughes Total Rigs CountOCT/10,547,549,,,3.0
2025-10-10 22:30:00+05:30,Fed Musalem Speech,,,,,2.0
2025-10-10 22:30:00+05:30,Baker Hughes Oil Rig CountOCT/10,418,422,421,,3.0
2025-10-10 22:30:00+05:30,Baker Hughes Total Rigs CountOCT/10,,549,,,3.0
2025-10-10 23:30:00+05:30,Monthly Budget StatementSEP,,$-345B,$50.0B,$93.0B,2.0
2025-10-13 22:25:00+05:30,Fed Paulson Speech,,,,,2.0
2025-10-14 15:30:00+05:30,NFIB Business Optimism IndexSEP,,100.8,100.5,100.5,3.0
2025-10-14 15:30:00+05:30,NFIB Business Optimism IndexSEP,98.8,100.8,100.5,100.5,3.0
2025-10-14 18:15:00+05:30,Fed Bowman Speech,,,,,2.0
2025-10-14 18:25:00+05:30,Redbook YoYOCT/11,5.9%,5.8%,,,3.0
2025-10-14 18:25:00+05:30,Redbook YoYOCT/11,,5.8%,,,3.0
2025-10-14 21:00:00+05:30,3-Month Bill Auction,3.845%,3.850%,,,3.0
2025-10-14 21:00:00+05:30,6-Month Bill Auction,3.685%,3.695%,,,3.0
2025-10-14 21:00:00+05:30,3-Month Bill Auction,,3.850%,,,3.0
2025-10-14 21:00:00+05:30,6-Month Bill Auction,,3.695%,,,3.0
2025-10-14 21:50:00+05:30,Fed Chair Powell Speech,,,,,1.0
2025-10-15 00:55:00+05:30,Fed Waller Speech,,,,,2.0
2025-10-15 01:00:00+05:30,Fed Collins Speech,,,,,2.0
2025-10-15 16:30:00+05:30,MBA 30-Year Mortgage RateOCT/10,6.42%,6.43%,,,2.0
2025-10-15 16:30:00+05:30,MBA Mortgage ApplicationsOCT/10,,-4.7%,,,3.0
2025-10-15 16:30:00+05:30,MBA Mortgage ApplicationsOCT/10,-1.8%,-4.7%,,,3.0
2025-10-15 16:30:00+05:30,MBA Mortgage Refinance IndexOCT/10,,1180.2,,,3.0
2025-10-15 16:30:00+05:30,MBA Mortgage Refinance IndexOCT/10,1168.0,1180.2,,,3.0
2025-10-15 16:30:00+05:30,MBA Mortgage Market IndexOCT/10,317.2,323.1,,,3.0
2025-10-15 16:30:00+05:30,MBA Purchase IndexOCT/10,166.0,170.6,,,3.0
2025-10-15 16:30:00+05:30,MBA Purchase IndexOCT/10,,170.6,,,3.0
2025-10-15 16:30:00+05:30,MBA Mortgage Market IndexOCT/10,,323.1,,,3.0
2025-10-15 16:30:00+05:30,MBA 30-Year Mortgage RateOCT/10,,6.43%,,,2.0
2025-10-15 18:00:00+05:30,NY Empire State Manufacturing IndexOCT,10.70,-8.70,-1,-5,2.0
2025-10-15 18:00:00+05:30,Inflation Rate YoYSEP,,2.9%,,3.0%,1.0
2025-10-15 18:00:00+05:30,NY Empire State Manufacturing IndexOCT,,-8.7,-1.8,-5,2.0
2025-10-15 18:00:00+05:30,CPISEP,,323.98,,324.8,2.0
2025-10-15 18:00:00+05:30,Inflation Rate MoMSEP,,0.4%,0.3%,0.4%,1.0
2025-10-15 18:00:00+05:30,Core Inflation Rate MoMSEP,,0.3%,,0.3%,1.0
2025-10-15 18:00:00+05:30,CPI s.aSEP,,323.364,,324.7,2.0
2025-10-15 18:00:00+05:30,Core Inflation Rate YoYSEP,,3.1%,,3.0%,1.0
2025-10-15 21:00:00+05:30,17-Week Bill Auction,,3.775%,,,3.0
2025-10-15 21:00:00+05:30,17-Week Bill Auction,3.810%,3.775%,,,3.0
2025-10-15 21:30:00+05:30,NOPA Crush Report,,,,,3.0
2025-10-15 21:40:00+05:30,Fed Bostic Speech,,,,,2.0
2025-10-15 22:00:00+05:30,Fed Miran Speech,,,,,2.0
2025-10-15 22:30:00+05:30,Fed Waller Speech,,,,,2.0
2025-10-15 23:30:00+05:30,Fed Beige Book,,,,,3.0
2025-10-16 00:00:00+05:30,Fed Schmid Speech,,,,,2.0
2025-10-16 02:00:00+05:30,API Crude Oil Stock ChangeOCT/10,,2.78M,,,2.0
2025-10-16 17:30:00+05:30,Fed Barkin Speech,,,,,2.0
2025-10-16 18:00:00+05:30,Philly Fed EmploymentOCT,4.6,5.6,,,3.0
2025-10-16 18:00:00+05:30,Philly Fed New OrdersOCT,,12.4,,,3.0
2025-10-16 18:00:00+05:30,Philly Fed CAPEX IndexOCT,,12.50,,,3.0
2025-10-16 18:00:00+05:30,Jobless Claims 4-week AverageOCT/11,,,,243.0K,3.0
2025-10-16 18:00:00+05:30,Core PPI MoMSEP,,-0.1%,,0.2%,2.0
2025-10-16 18:00:00+05:30,Retail Sales Ex Autos MoMSEP,,0.7%,0.4%,-0.1%,2.0
2025-10-16 18:00:00+05:30,Philly Fed Business ConditionsOCT,36.2,31.5,,,3.0
2025-10-16 18:00:00+05:30,Philadelphia Fed Manufacturing IndexOCT,,23.2,9.1,4,2.0
2025-10-16 18:00:00+05:30,PPISEP,,149.160,,149.4,3.0
2025-10-16 18:00:00+05:30,Retail Sales MoMSEP,,0.6%,0.4%,0.2%,1.0
2025-10-16 18:00:00+05:30,Continuing Jobless ClaimsOCT/04,,,,1942.0K,3.0
2025-10-16 18:00:00+05:30,Philly Fed CAPEX IndexOCT,25.20,12.50,,,3.0
2025-10-16 18:00:00+05:30,"PPI Ex Food, Energy and Trade YoYSEP",,2.8%,,3.0%,3.0
2025-10-16 18:00:00+05:30,Initial Jobless ClaimsOCT/11,,,,249.0K,2.0
2025-10-16 18:00:00+05:30,Philly Fed EmploymentOCT,,5.6,,,3.0
2025-10-16 18:00:00+05:30,Retail Sales YoYSEP,,5%,,2.9%,3.0
2025-10-16 18:00:00+05:30,PPI MoMSEP,,-0.1%,0.3%,0.5%,1.0
2025-10-16 18:00:00+05:30,Philadelphia Fed Manufacturing IndexOCT,-12.8,23.2,10,4,2.0
2025-10-16 18:00:00+05:30,Core PPI YoYSEP,,2.8%,,2.9%,3.0
2025-10-16 18:00:00+05:30,Retail Sales Ex Gas/Autos MoMSEP,,0.7%,,-0.5%,3.0
2025-10-16 18:00:00+05:30,Retail Sales Control Group MoMSEP,,0.7%,,0.2%,2.0
2025-10-16 18:00:00+05:30,"PPI Ex Food, Energy and Trade MoMSEP",,0.3%,,0.4%,3.0
2025-10-16 18:00:00+05:30,PPI YoYSEP,,2.6%,,2.5%,3.0
2025-10-16 18:00:00+05:30,Philly Fed Business ConditionsOCT,,31.5,,,3.0
2025-10-16 18:00:00+05:30,Philly Fed Prices PaidOCT,49.20,46.80,,,3.0
2025-10-16 18:00:00+05:30,Philly Fed Prices PaidOCT,,46.80,,,3.0
2025-10-16 18:00:00+05:30,Philly Fed New OrdersOCT,18.2,12.4,,,3.0
2025-10-16 18:30:00+05:30,Fed Waller Speech,,,,,2.0
2025-10-16 18:30:00+05:30,Fed Miran Speech,,,,,2.0
2025-10-16 18:30:00+05:30,Fed Barr Speech,,,,,2.0
2025-10-16 19:30:00+05:30,Retail Inventories Ex Autos MoMAUG,,0.1%,0.3%,0.3%,3.0
2025-10-16 19:30:00+05:30,NAHB Housing Market IndexOCT,,32,33,34,2.0
2025-10-16 19:30:00+05:30,NAHB Housing Market IndexOCT,37,32,33,34,2.0
2025-10-16 19:30:00+05:30,Fed Bowman Speech,,,,,2.0
2025-10-16 19:30:00+05:30,Business Inventories MoMAUG,,0.2%,,0.1%,2.0
2025-10-16 20:00:00+05:30,EIA Natural Gas Stocks ChangeOCT/10,80Bcf,80Bcf,81Bcf,,3.0
2025-10-16 20:00:00+05:30,EIA Natural Gas Stocks ChangeOCT/10,,80Bcf,,,3.0
2025-10-16 21:00:00+05:30,4-Week Bill Auction,,4.030%,,,3.0
2025-10-16 21:00:00+05:30,4-Week Bill Auction,4.030%,4.030%,,,3.0
2025-10-16 21:00:00+05:30,8-Week Bill Auction,3.960%,3.955%,,,3.0
2025-10-16 21:00:00+05:30,8-Week Bill Auction,,3.955%,,,3.0
2025-10-16 21:30:00+05:30,EIA Crude Oil Imports ChangeOCT/10,-1.754M,0.731M,,,3.0
2025-10-16 21:30:00+05:30,30-Year Mortgage RateOCT/16,,6.30%,,,3.0
2025-10-16 21:30:00+05:30,15-Year Mortgage RateOCT/16,5.52%,5.53%,,,3.0
2025-10-16 21:30:00+05:30,EIA Heating Oil Stocks ChangeOCT/10,,-0.06M,,,3.0
2025-10-16 21:30:00+05:30,EIA Gasoline Production ChangeOCT/10,-0.394M,0.409M,,,3.0
2025-10-16 21:30:00+05:30,30-Year Mortgage RateOCT/16,6.27%,6.30%,,,3.0
2025-10-16 21:30:00+05:30,EIA Crude Oil Stocks ChangeOCT/10,,3.715M,0.12M,,2.0
2025-10-16 21:30:00+05:30,Continuing Jobless ClaimsSEP/27,,,,1937.0K,3.0
2025-10-16 21:30:00+05:30,EIA Crude Oil Imports ChangeOCT/10,,0.731M,,,3.0
2025-10-16 21:30:00+05:30,EIA Distillate Fuel Production ChangeOCT/10,,0.21M,,,3.0
2025-10-16 21:30:00+05:30,EIA Gasoline Production ChangeOCT/10,,0.409M,,,3.0
2025-10-16 21:30:00+05:30,Jobless Claims 4-week AverageSEP/27,,237.5K,,239.0K,3.0
2025-10-16 21:30:00+05:30,EIA Crude Oil Stocks ChangeOCT/10,3.524M,3.715M,0.12M,,2.0
2025-10-16 21:30:00+05:30,Jobless Claims 4-week AverageOCT/04,,,,240.0K,3.0
2025-10-16 21:30:00+05:30,Continuing Jobless ClaimsSEP/20,,1926K,1930K,1929.0K,3.0
2025-10-16 21:30:00+05:30,Initial Jobless ClaimsOCT/04,,,227K,235.0K,3.0
2025-10-16 21:30:00+05:30,15-Year Mortgage RateOCT/16,,5.53%,,,3.0
2025-10-16 21:30:00+05:30,EIA Gasoline Stocks ChangeOCT/10,-0.267M,-1.601M,,,2.0
2025-10-16 21:30:00+05:30,EIA Distillate Stocks ChangeOCT/10,,-2.018M,,,3.0
2025-10-16 21:30:00+05:30,EIA Refinery Crude Runs ChangeOCT/10,,0.129M,,,3.0
2025-10-16 21:30:00+05:30,EIA Gasoline Stocks ChangeOCT/10,,-1.6M,,,2.0
2025-10-16 21:30:00+05:30,EIA Cushing Crude Oil Stocks ChangeOCT/10,-0.703M,-0.763M,,,3.0
2025-10-16 21:30:00+05:30,EIA Distillate Stocks ChangeOCT/10,-4.529M,-2.018M,,,3.0
2025-10-16 21:30:00+05:30,EIA Refinery Crude Runs ChangeOCT/10,-1.167M,0.129M,,,3.0
2025-10-16 21:30:00+05:30,EIA Heating Oil Stocks ChangeOCT/10,-0.519M,-0.06M,,,3.0
2025-10-16 21:30:00+05:30,EIA Cushing Crude Oil Stocks ChangeOCT/10,,-0.763M,,,3.0
2025-10-16 21:30:00+05:30,Initial Jobless ClaimsSEP/27,,218K,223K,223.0K,3.0
2025-10-16 21:30:00+05:30,EIA Distillate Fuel Production ChangeOCT/10,-0.577M,0.21M,,,3.0
2025-10-16 22:15:00+05:30,Business Inventories MoMAUG,,0.2%,0.1%,0.1%,3.0
2025-10-16 22:15:00+05:30,Initial Jobless ClaimsOCT/11,,,,249.0K,3.0
2025-10-16 22:15:00+05:30,Jobless Claims 4-week AverageSEP/27,,237.5K,,239.0K,3.0
2025-10-16 22:15:00+05:30,Initial Jobless ClaimsSEP/27,,218K,223K,223.0K,3.0
2025-10-16 22:15:00+05:30,PPI MoMSEP,,-0.1%,0.3%,0.5%,3.0
2025-10-16 22:15:00+05:30,Fed Barkin Speech,,,,,2.0
2025-10-16 22:15:00+05:30,"PPI Ex Food, Energy and Trade MoMSEP",,0.3%,0.2%,0.4%,3.0
2025-10-16 22:15:00+05:30,Continuing Jobless ClaimsSEP/20,,1926K,1930K,1929.0K,3.0
2025-10-16 22:15:00+05:30,Jobless Claims 4-week AverageOCT/04,,,,240.0K,3.0
2025-10-16 22:15:00+05:30,PPI YoYSEP,,2.6%,2.6%,2.5%,3.0
2025-10-16 22:15:00+05:30,Initial Jobless ClaimsOCT/04,,,227K,235.0K,3.0
2025-10-16 22:15:00+05:30,Continuing Jobless ClaimsOCT/04,,,,1942.0K,3.0
2025-10-16 22:15:00+05:30,PPISEP,,149.160,,149.4,3.0
2025-10-16 22:15:00+05:30,Retail Sales Ex Autos MoMSEP,,0.7%,0.3%,-0.1%,3.0
2025-10-16 22:15:00+05:30,"PPI Ex Food, Energy and Trade YoYSEP",,2.8%,2.7%,3.0%,3.0
2025-10-16 22:15:00+05:30,Retail Sales MoMSEP,,0.6%,0.4%,0.2%,3.0
2025-10-16 22:15:00+05:30,Retail Sales Control Group MoMSEP,,0.7%,,0.2%,3.0
2025-10-16 22:15:00+05:30,Jobless Claims 4-week AverageOCT/11,,,,243.0K,3.0
2025-10-16 22:15:00+05:30,Continuing Jobless ClaimsSEP/27,,,,1937.0K,3.0
2025-10-16 22:15:00+05:30,Retail Sales Ex Gas/Autos MoMSEP,,0.7%,,-0.5%,3.0
2025-10-16 22:15:00+05:30,Retail Sales YoYSEP,,5%,,2.9%,3.0
2025-10-16 22:15:00+05:30,Retail Inventories Ex Autos MoMAUG,,0.1%,0.3%,0.3%,3.0
2025-10-16 22:15:00+05:30,Core PPI YoYSEP,,2.8%,,2.9%,3.0
2025-10-16 22:15:00+05:30,Core PPI MoMSEP,,-0.1%,,0.2%,3.0
2025-10-16 22:30:00+05:30,API Crude Oil Stock ChangeOCT/10,3.524M,2.78M,0.12M,,2.0
2025-10-17 01:45:00+05:30,Fed Miran Speech,,,,,2.0
2025-10-17 02:00:00+05:30,Fed Balance SheetOCT/15,,$6.59T,,,3.0
2025-10-17 02:00:00+05:30,Fed Balance SheetOCT/15,$6.59T,$6.59T,,,3.0
2025-10-17 02:00:00+05:30,API Crude Oil Stock ChangeOCT/10,,2.78M,0.12M,,2.0
2025-10-17 03:30:00+05:30,Fed Kashkari Speech,,,,,2.0
2025-10-17 18:00:00+05:30,Import Prices YoYSEP,,0.0%,,-0.1%,3.0
2025-10-17 18:00:00+05:30,Export Prices YoYSEP,,3.4%,,3.7%,3.0
2025-10-17 18:00:00+05:30,Export Prices MoMSEP,,0.3%,,-0.3%,2.0
2025-10-17 18:00:00+05:30,Housing StartsSEP,,1.307M,,1.32M,1.0
2025-10-17 18:00:00+05:30,Building Permits PrelSEP,,1.33M,,1.34M,1.0
2025-10-17 18:00:00+05:30,Housing Starts MoMSEP,,-8.5%,,1.0%,2.0
2025-10-17 18:00:00+05:30,Building Permits MoM PrelSEP,,-2.3%,,0.8%,2.0
2025-10-17 18:00:00+05:30,Import Prices MoMSEP,,0.3%,,-0.2%,2.0
2025-10-17 18:45:00+05:30,Industrial Production MoMSEP,,0.1%,0.1%,0.1%,2.0
2025-10-17 18:45:00+05:30,Manufacturing Production YoYSEP,,0.9%,,1.3%,3.0
2025-10-17 18:45:00+05:30,Industrial Production YoYSEP,,0.9%,,1.6%,3.0
2025-10-17 18:45:00+05:30,Capacity UtilizationSEP,,77.4%,77.3%,77.7%,3.0
2025-10-17 18:45:00+05:30,Manufacturing Production MoMSEP,,0.2%,,0.1%,3.0
2025-10-17 21:45:00+05:30,Fed Musalem Speech,,,,,2.0
2025-10-17 22:30:00+05:30,Baker Hughes Oil Rig CountOCT/17,418,418,417,,3.0
2025-10-17 22:30:00+05:30,Import Prices YoYSEP,,0.0%,,-0.1%,3.0
2025-10-17 22:30:00+05:30,Building Permits PrelSEP,,1.33M,1.34M,1.34M,3.0
2025-10-17 22:30:00+05:30,Import Prices MoMSEP,,0.3%,0.1%,-0.2%,3.0
2025-10-17 22:30:00+05:30,Export Prices YoYSEP,,3.4%,,3.7%,3.0
2025-10-17 22:30:00+05:30,Housing StartsSEP,,1.307M,1.33M,1.32M,3.0
2025-10-17 22:30:00+05:30,Baker Hughes Total Rigs CountOCT/17,548,547,,,3.0
2025-10-17 22:30:00+05:30,Building Permits MoM PrelSEP,,-2.3%,,0.8%,3.0
2025-10-17 22:30:00+05:30,Baker Hughes Total Rigs CountOCT/17,,547,,,3.0
2025-10-17 22:30:00+05:30,Export Prices MoMSEP,,0.3%,0.1%,-0.3%,3.0
2025-10-17 22:30:00+05:30,Housing Starts MoMSEP,,-8.5%,,1.0%,3.0
2025-10-17 22:30:00+05:30,Baker Hughes Oil Rig CountOCT/17,,418,,,3.0
2025-10-18 01:30:00+05:30,Foreign Bond InvestmentAUG,,$58.2B,,,3.0
2025-10-18 01:30:00+05:30,Net Long-term TIC FlowsAUG,,$49.2B,,,2.0
2025-10-18 01:30:00+05:30,Overall Net Capital FlowsAUG,,$2.1B,,,3.0
2025-10-20 19:30:00+05:30,CB Leading Index MoMSEP,,-0.5%,0.1%,-0.3%,3.0
2025-10-20 21:00:00+05:30,3-Month Bill Auction,,3.845%,,,3.0
2025-10-20 21:00:00+05:30,3-Month Bill Auction,3.810%,3.845%,,,3.0
2025-10-20 21:00:00+05:30,6-Month Bill Auction,3.660%,3.685%,,,3.0
2025-10-20 21:00:00+05:30,6-Month Bill Auction,,3.685%,,,3.0
2025-10-21 01:30:00+05:30,Overall Net Capital FlowsAUG,,$2.1B,,,3.0
2025-10-21 01:30:00+05:30,Net Long-term TIC FlowsAUG,,$49.2B,,,2.0
2025-10-21 01:30:00+05:30,Foreign Bond InvestmentAUG,,$58.2B,,,3.0
2025-10-21 18:25:00+05:30,Redbook YoYOCT/18,,5.9%,,,3.0
2025-10-21 18:25:00+05:30,Redbook YoYOCT/18,5%,5.9%,,,3.0
2025-10-21 18:30:00+05:30,Fed Waller Speech,,,,,2.0
2025-10-21 20:00:00+05:30,NY Fed Treasury Purchases 1 to 2.5 yrs,,,$75 million,,3.0
2025-10-22 01:00:00+05:30,Fed Waller Speech,,,,,2.0
2025-10-22 02:00:00+05:30,API Crude Oil Stock ChangeOCT/17,,3.524M,,,2.0
2025-10-22 02:00:00+05:30,API Crude Oil Stock ChangeOCT/17,-2.98M,3.524M,,,2.0
2025-10-22 16:30:00+05:30,MBA Mortgage ApplicationsOCT/17,,-1.8%,,,3.0
2025-10-22 16:30:00+05:30,MBA Mortgage ApplicationsOCT/17,-0.3%,-1.8%,,,3.0
2025-10-22 16:30:00+05:30,MBA Mortgage Market IndexOCT/17,,317.2,,,3.0
2025-10-22 16:30:00+05:30,MBA Mortgage Refinance IndexOCT/17,1214.7,1168.0,,,3.0
2025-10-22 16:30:00+05:30,MBA Mortgage Refinance IndexOCT/17,,1168.0,,,3.0
2025-10-22 16:30:00+05:30,MBA Mortgage Market IndexOCT/17,316.2,317.2,,,3.0
2025-10-22 16:30:00+05:30,MBA Purchase IndexOCT/17,157.3,166.0,,,3.0
2025-10-22 16:30:00+05:30,MBA 30-Year Mortgage RateOCT/17,6.37%,6.42%,,,2.0
2025-10-22 16:30:00+05:30,MBA 30-Year Mortgage RateOCT/17,,6.42%,,,2.0
2025-10-22 16:30:00+05:30,MBA Purchase IndexOCT/17,,166.0,,,3.0
2025-10-22 20:00:00+05:30,EIA Heating Oil Stocks ChangeOCT/17,0.088M,-0.519M,,,3.0
2025-10-22 20:00:00+05:30,EIA Distillate Fuel Production ChangeOCT/17,,-0.577M,,,3.0
2025-10-22 20:00:00+05:30,EIA Cushing Crude Oil Stocks ChangeOCT/17,,-0.703M,,,3.0
2025-10-22 20:00:00+05:30,EIA Distillate Fuel Production ChangeOCT/17,0.04M,-0.577M,,,3.0
2025-10-22 20:00:00+05:30,EIA Crude Oil Stocks ChangeOCT/17,-0.961M,3.524M,1.2M,,2.0
2025-10-22 20:00:00+05:30,EIA Gasoline Production ChangeOCT/17,0.235M,-0.394M,,,3.0
2025-10-22 20:00:00+05:30,EIA Gasoline Stocks ChangeOCT/17,-2.147M,-0.267M,-0.8M,,2.0
2025-10-22 20:00:00+05:30,EIA Crude Oil Imports ChangeOCT/17,0.656M,-1.754M,,,3.0
2025-10-22 20:00:00+05:30,EIA Distillate Stocks ChangeOCT/17,-1.479M,-4.529M,-1.9M,,3.0
2025-10-22 20:00:00+05:30,EIA Crude Oil Stocks ChangeOCT/17,,3.524M,,,2.0
2025-10-22 20:00:00+05:30,EIA Crude Oil Imports ChangeOCT/17,,-1.754M,,,3.0
2025-10-22 20:00:00+05:30,EIA Heating Oil Stocks ChangeOCT/17,,-0.519M,,,3.0
2025-10-22 20:00:00+05:30,EIA Refinery Crude Runs ChangeOCT/17,0.6M,-1.167M,,,3.0
2025-10-22 20:00:00+05:30,EIA Cushing Crude Oil Stocks ChangeOCT/17,-0.77M,-0.703M,,,3.0
2025-10-22 20:00:00+05:30,EIA Refinery Crude Runs ChangeOCT/17,,-1.167M,,,3.0
2025-10-22 20:00:00+05:30,EIA Distillate Stocks ChangeOCT/17,,-4.529M,,,3.0
2025-10-22 20:00:00+05:30,EIA Gasoline Stocks ChangeOCT/17,,-0.267M,,,2.0
2025-10-22 20:00:00+05:30,EIA Gasoline Production ChangeOCT/17,,-0.394M,,,3.0
2025-10-22 21:00:00+05:30,17-Week Bill Auction,,3.810%,,,3.0
2025-10-22 21:00:00+05:30,17-Week Bill Auction,3.735%,3.810%,,,3.0
2025-10-22 22:30:00+05:30,20-Year Bond Auction,,4.613%,,,3.0
2025-10-22 22:30:00+05:30,20-Year Bond Auction,4.506%,4.613%,,,3.0
2025-10-23 18:00:00+05:30,Chicago Fed National Activity IndexSEP,,-0.12,,-0.4,2.0
2025-10-23 18:00:00+05:30,Initial Jobless ClaimsOCT/18,,,,,2.0
2025-10-23 18:00:00+05:30,Continuing Jobless ClaimsOCT/11,,,,,3.0
2025-10-23 18:00:00+05:30,Jobless Claims 4-week AverageOCT/18,,,,,3.0
2025-10-23 19:30:00+05:30,Existing Home Sales MoMSEP,1.5%,-0.2%,,-2.0%,2.0
2025-10-23 19:30:00+05:30,Existing Home Sales MoMSEP,,-0.2%,,-2.0%,2.0
2025-10-23 19:30:00+05:30,Existing Home SalesSEP,4.06M,4M,4.1M,3.9M,1.0
2025-10-23 19:30:00+05:30,Existing Home SalesSEP,,4M,4.1M,3.9M,1.0
2025-10-23 20:00:00+05:30,EIA Natural Gas Stocks ChangeOCT/17,87Bcf,80Bcf,83Bcf,,3.0
2025-10-23 20:00:00+05:30,EIA Natural Gas Stocks ChangeOCT/17,,80Bcf,,,3.0
2025-10-23 20:30:00+05:30,Kansas Fed Composite IndexOCT,,4,,5,3.0
2025-10-23 20:30:00+05:30,Kansas Fed Manufacturing IndexOCT,,4,,6,3.0
2025-10-23 20:30:00+05:30,Kansas Fed Composite IndexOCT,6,4,,5,3.0
2025-10-23 20:30:00+05:30,Kansas Fed Manufacturing IndexOCT,15,4,,6,3.0
2025-10-23 21:00:00+05:30,8-Week Bill Auction,3.900%,3.960%,,,3.0
2025-10-23 21:00:00+05:30,8-Week Bill Auction,,3.960%,,,3.0
2025-10-23 21:00:00+05:30,4-Week Bill Auction,,4.030%,,,3.0
2025-10-23 21:00:00+05:30,4-Week Bill Auction,3.945%,4.030%,,,3.0
2025-10-23 21:30:00+05:30,15-Year Mortgage RateOCT/23,5.44%,5.52%,,,3.0
2025-10-23 21:30:00+05:30,30-Year Mortgage RateOCT/23,6.19%,6.27%,,,3.0
2025-10-23 21:30:00+05:30,30-Year Mortgage RateOCT/23,,6.27%,,,3.0
2025-10-23 21:30:00+05:30,15-Year Mortgage RateOCT/23,,5.52%,,,3.0
2025-10-23 22:30:00+05:30,5-Year TIPS Auction,1.182%,1.650%,,,3.0
2025-10-23 22:30:00+05:30,Jobless Claims 4-week AverageOCT/11,,,,243.0K,3.0
2025-10-23 22:30:00+05:30,Initial Jobless ClaimsSEP/27,,218K,223K,223.0K,3.0
2025-10-23 22:30:00+05:30,Continuing Jobless ClaimsSEP/27,,,,1937.0K,3.0
2025-10-23 22:30:00+05:30,Initial Jobless ClaimsOCT/18,,,223K,254.0K,3.0
2025-10-23 22:30:00+05:30,Continuing Jobless ClaimsOCT/11,,,1930K,1950.0K,3.0
2025-10-23 22:30:00+05:30,Jobless Claims 4-week AverageSEP/27,,237.5K,,239.0K,3.0
2025-10-23 22:30:00+05:30,Jobless Claims 4-week AverageOCT/18,,,,247.0K,3.0
2025-10-23 22:30:00+05:30,Continuing Jobless ClaimsOCT/04,,,,1942.0K,3.0
2025-10-23 22:30:00+05:30,Jobless Claims 4-week AverageOCT/04,,,,240.0K,3.0
2025-10-23 22:30:00+05:30,Initial Jobless ClaimsOCT/11,,,,249.0K,3.0
2025-10-23 22:30:00+05:30,5-Year TIPS Auction,,1.650%,,,3.0
2025-10-23 22:30:00+05:30,Continuing Jobless ClaimsSEP/20,,1926K,1930K,1929.0K,3.0
2025-10-23 22:30:00+05:30,Initial Jobless ClaimsOCT/04,,,227K,235.0K,3.0
2025-10-24 02:00:00+05:30,Fed Balance SheetOCT/22,$6.59T,$6.59T,,,3.0
2025-10-24 02:00:00+05:30,Fed Balance SheetOCT/22,,$6.59T,,,3.0
2025-10-24 18:00:00+05:30,CPISEP,324.80,323.98,325.01,324.8,2.0
2025-10-24 18:00:00+05:30,Core Inflation Rate MoMSEP,,0.3%,0.3%,0.3%,1.0
2025-10-24 18:00:00+05:30,Inflation Rate MoMSEP,0.3%,0.4%,0.4%,0.4%,1.0
2025-10-24 18:00:00+05:30,Inflation Rate MoMSEP,,0.4%,0.4%,0.4%,1.0
2025-10-24 18:00:00+05:30,Inflation Rate YoYSEP,,2.9%,3.1%,3.0%,1.0
2025-10-24 18:00:00+05:30,CPISEP,,323.98,325.01,324.8,2.0
2025-10-24 18:00:00+05:30,CPI s.aSEP,,323.364,,324.7,2.0
2025-10-24 18:00:00+05:30,Core Inflation Rate YoYSEP,3%,3.1%,3.1%,3.0%,1.0
2025-10-24 18:00:00+05:30,Inflation Rate YoYSEP,3%,2.9%,3.1%,3.0%,1.0
2025-10-24 18:00:00+05:30,Core Inflation Rate YoYSEP,,3.1%,3.1%,3.0%,1.0
2025-10-24 18:00:00+05:30,CPI s.aSEP,324.368,323.364,,324.7,2.0
2025-10-24 18:00:00+05:30,Core Inflation Rate MoMSEP,0.2%,0.3%,0.3%,0.3%,1.0
2025-10-24 19:15:00+05:30,S&P Global Composite PMI FlashOCT,54.8,53.9,,54,2.0
2025-10-24 19:15:00+05:30,S&P Global Manufacturing PMI FlashOCT,,52.0,52,52.1,2.0
2025-10-24 19:15:00+05:30,S&P Global Services PMI FlashOCT,,54.2,53.5,54.3,2.0
2025-10-24 19:15:00+05:30,S&P Global Manufacturing PMI FlashOCT,52.2,52.0,52,52.1,2.0
2025-10-24 19:15:00+05:30,S&P Global Composite PMI FlashOCT,,53.9,,54,2.0
2025-10-24 19:15:00+05:30,S&P Global Services PMI FlashOCT,55.2,54.2,53.5,54.3,2.0
2025-10-24 19:30:00+05:30,New Home SalesSEP,,0.8M,,0.69M,2.0
2025-10-24 19:30:00+05:30,Michigan Consumer Sentiment FinalOCT,53.6,55.1,55,55,2.0
2025-10-24 19:30:00+05:30,Michigan Inflation Expectations FinalOCT,,4.7%,4.6%,4.6%,3.0
2025-10-24 19:30:00+05:30,Michigan Consumer Expectations FinalOCT,50.3,51.7,51.2,51.2,3.0
2025-10-24 19:30:00+05:30,Michigan Current Conditions FinalOCT,,60.4,61.0,61.0,3.0
2025-10-24 19:30:00+05:30,Michigan Inflation Expectations FinalOCT,4.6%,4.7%,4.6%,4.6%,3.0
2025-10-24 19:30:00+05:30,Michigan Consumer Expectations FinalOCT,,51.7,51.2,51.2,3.0
2025-10-24 19:30:00+05:30,Michigan 5 Year Inflation Expectations FinalOCT,,3.7%,3.7%,3.7%,3.0
2025-10-24 19:30:00+05:30,Michigan Current Conditions FinalOCT,58.6,60.4,61.0,61.0,3.0
2025-10-24 19:30:00+05:30,New Home Sales MoMSEP,,20.5%,,-13.8%,2.0
2025-10-24 19:30:00+05:30,Michigan Consumer Sentiment FinalOCT,,55.1,55,55,2.0
2025-10-24 19:30:00+05:30,Michigan 5 Year Inflation Expectations FinalOCT,3.9%,3.7%,3.7%,3.7%,3.0
2025-10-24 22:30:00+05:30,Baker Hughes Oil Rig CountOCT/24,,418,416,,3.0
2025-10-24 22:30:00+05:30,Building Permits MoM FinalSEP,,,,,3.0
2025-10-24 22:30:00+05:30,Baker Hughes Oil Rig CountOCT/24,420,418,416,,3.0
2025-10-24 22:30:00+05:30,New Home SalesSEP,,0.8M,0.71M,0.69M,3.0
2025-10-24 22:30:00+05:30,New Home Sales MoMSEP,,20.5%,,-13.8%,3.0
2025-10-24 22:30:00+05:30,Building Permits FinalSEP,,,,,3.0
2025-10-24 22:30:00+05:30,Baker Hughes Total Rigs CountOCT/24,,548,,,3.0
2025-10-24 22:30:00+05:30,Baker Hughes Total Rigs CountOCT/24,550,548,,,3.0
2025-10-27 18:00:00+05:30,Durable Goods Orders Ex Transp MoMSEP,,0.4%,,-0.2%,2.0
2025-10-27 18:00:00+05:30,Non Defense Goods Orders Ex AirSEP,,0.6%,,,3.0
2025-10-27 18:00:00+05:30,Durable Goods Orders MoMSEP,,,,-1.2%,1.0
2025-10-27 18:00:00+05:30,Durable Goods Orders ex Defense MoMSEP,,1.9%,,-1%,3.0
2025-10-27 20:00:00+05:30,Dallas Fed Manufacturing IndexOCT,-5.0,-8.7,,-2,2.0
2025-10-27 20:00:00+05:30,Dallas Fed Manufacturing IndexOCT,,-8.7,,-2,2.0
2025-10-27 21:00:00+05:30,2-Year Note Auction,,3.561%,,,3.0
2025-10-27 21:00:00+05:30,6-Month Bill Auction,3.640%,3.660%,,,3.0
2025-10-27 21:00:00+05:30,6-Month Bill Auction,,3.660%,,,3.0
2025-10-27 21:00:00+05:30,2-Year Note Auction,3.504%,3.561%,,,3.0
2025-10-27 21:00:00+05:30,3-Month Bill Auction,,3.810%,,,3.0
2025-10-27 22:30:00+05:30,5-Year Note Auction,,3.710%,,,3.0
2025-10-27 22:30:00+05:30,Durable Goods Orders Ex Transp MoMSEP,,0.4%,0.2%,0.2%,3.0
2025-10-27 22:30:00+05:30,Durable Goods Orders MoMSEP,,2.9%,0.3%,0.2%,3.0
2025-10-27 22:30:00+05:30,3-Month Bill Auction,,3.810%,,,3.0
2025-10-27 22:30:00+05:30,5-Year Note Auction,3.625%,3.710%,,,3.0
2025-10-27 22:30:00+05:30,3-Month Bill Auction,3.730%,3.810%,,,3.0
2025-10-27 22:30:00+05:30,Non Defense Goods Orders Ex AirSEP,,0.6%,,0.1%,3.0
2025-10-27 22:30:00+05:30,2-Year Note Auction,,3.561%,,,3.0
2025-10-27 22:30:00+05:30,Durable Goods Orders ex Defense MoMSEP,,1.9%,1.9%,1.3%,3.0
2025-10-28 17:45:00+05:30,ADP Employment Change Weekly,14.25K,,,,2.0
2025-10-28 18:25:00+05:30,Redbook YoYOCT/25,,5%,,,3.0
2025-10-28 18:25:00+05:30,Redbook YoYOCT/25,5.2%,5%,,,3.0
2025-10-28 18:30:00+05:30,S&P/Case-Shiller Home Price YoYAUG,1.6%,1.8%,1.9%,2.1%,2.0
2025-10-28 18:30:00+05:30,House Price Index YoYAUG,,2.3%,,1.5%,3.0
2025-10-28 18:30:00+05:30,S&P/Case-Shiller Home Price MoMAUG,,-0.3%,,-0.1%,3.0
2025-10-28 18:30:00+05:30,S&P/Case-Shiller Home Price MoMAUG,-0.6%,-0.3%,,-0.1%,3.0
2025-10-28 18:30:00+05:30,House Price IndexAUG,,433.4,,,3.0
2025-10-28 18:30:00+05:30,House Price Index YoYAUG,2.3%,2.4%,,1.5%,3.0
2025-10-28 18:30:00+05:30,House Price Index MoMAUG,,-0.1%,,,3.0
2025-10-28 18:30:00+05:30,House Price Index MoMAUG,0.4%,0%,0.1%,0.0%,3.0
2025-10-28 18:30:00+05:30,S&P/Case-Shiller Home Price YoYAUG,,1.8%,1.9%,2.1%,2.0
2025-10-28 18:30:00+05:30,House Price IndexAUG,435.3,433.6,,433.4,3.0
2025-10-28 19:30:00+05:30,CB Consumer ConfidenceOCT,94.6,95.6,93.2,93,2.0
2025-10-28 19:30:00+05:30,Richmond Fed Manufacturing Shipments IndexOCT,4,-20,,-12,3.0
2025-10-28 19:30:00+05:30,Richmond Fed Manufacturing IndexOCT,-4,-17,-14,-10,3.0
2025-10-28 19:30:00+05:30,Richmond Fed Services Revenues IndexOCT,,1,,3,3.0
2025-10-28 19:30:00+05:30,CB Consumer ConfidenceOCT,,94.2,,93,2.0
2025-10-28 19:30:00+05:30,Richmond Fed Manufacturing Shipments IndexOCT,,-20,,-12,3.0
2025-10-28 19:30:00+05:30,Richmond Fed Manufacturing IndexOCT,,-17,-14,-10,3.0
2025-10-28 19:30:00+05:30,Richmond Fed Services Revenues IndexOCT,4,1,,3,3.0
2025-10-28 20:00:00+05:30,Dallas Fed Services Revenues IndexOCT,,-2.4,,-1,3.0
2025-10-28 20:00:00+05:30,Dallas Fed Services IndexOCT,,-5.6,,-3,3.0
2025-10-28 20:00:00+05:30,Dallas Fed Services IndexOCT,-9.4,-5.6,,-3,3.0
2025-10-28 20:00:00+05:30,Dallas Fed Services Revenues IndexOCT,-6.4,-2.4,,-1,3.0
2025-10-28 21:00:00+05:30,52-Week Bill Auction,,3.540%,,,3.0
2025-10-28 21:00:00+05:30,52-Week Bill Auction,3.445%,3.540%,,,3.0
2025-10-28 22:30:00+05:30,7-Year Note Auction,3.790%,3.953%,,,3.0
2025-10-28 22:30:00+05:30,7-Year Note Auction,,3.953%,,,3.0
2025-10-28 22:30:00+05:30,Money SupplySEP,,$22.20T,,,3.0
2025-10-28 22:30:00+05:30,House Price IndexAUG,,433.4,,433.4,3.0
2025-10-28 22:30:00+05:30,CB Consumer ConfidenceOCT,,94.2,94.2,93,3.0
2025-10-28 22:30:00+05:30,House Price Index MoMAUG,,-0.1%,0.1%,0.0%,3.0
2025-10-28 22:30:00+05:30,Money SupplySEP,$22.21T,$22.11T,,,3.0
2025-10-28 22:30:00+05:30,House Price Index YoYAUG,,2.3%,,1.5%,3.0
2025-10-29 02:00:00+05:30,API Crude Oil Stock ChangeOCT/24,,-2.98M,,,2.0
2025-10-29 02:00:00+05:30,API Crude Oil Stock ChangeOCT/24,-4M,-2.98M,-2.9M,,2.0
2025-10-29 16:30:00+05:30,MBA Purchase IndexOCT/24,,157.3,,,3.0
2025-10-29 16:30:00+05:30,MBA Mortgage ApplicationsOCT/24,,-0.3%,,,3.0
2025-10-29 16:30:00+05:30,MBA Mortgage Refinance IndexOCT/24,,1214.7,,,3.0
2025-10-29 16:30:00+05:30,MBA Purchase IndexOCT/24,164.3,157.3,,,3.0
2025-10-29 16:30:00+05:30,MBA 30-Year Mortgage RateOCT/24,6.3%,6.37%,,,2.0
2025-10-29 16:30:00+05:30,MBA Mortgage Market IndexOCT/24,,316.2,,,3.0
2025-10-29 16:30:00+05:30,MBA Mortgage Market IndexOCT/24,338.7,316.2,,,3.0
2025-10-29 16:30:00+05:30,MBA Mortgage ApplicationsOCT/24,7.1%,-0.3%,,,3.0
2025-10-29 16:30:00+05:30,MBA Mortgage Refinance IndexOCT/24,1327.8,1214.7,,,3.0
2025-10-29 16:30:00+05:30,MBA 30-Year Mortgage RateOCT/24,,6.37%,,,2.0
2025-10-29 18:00:00+05:30,Wholesale Inventories MoM AdvSEP,,,,-0.3%,2.0
2025-10-29 18:00:00+05:30,Retail Inventories Ex Autos MoM AdvSEP,,,,0.2%,2.0
2025-10-29 18:00:00+05:30,Goods Trade Balance AdvSEP,,$-85.5B,,$-87.0B,2.0
2025-10-29 19:30:00+05:30,Pending Home Sales YoYSEP,,3.8%,,2.9%,2.0
2025-10-29 19:30:00+05:30,Pending Home Sales YoYSEP,-0.9%,3.8%,,2.9%,2.0
2025-10-29 19:30:00+05:30,Pending Home Sales MoMSEP,0%,4.2%,1.6%,1.3%,2.0
2025-10-29 19:30:00+05:30,Pending Home Sales MoMSEP,,4%,1.6%,1.3%,2.0
2025-10-29 20:00:00+05:30,EIA Refinery Crude Runs ChangeOCT/24,-0.511M,0.6M,,,3.0
2025-10-29 20:00:00+05:30,EIA Heating Oil Stocks ChangeOCT/24,,0.088M,,,3.0
2025-10-29 20:00:00+05:30,EIA Distillate Fuel Production ChangeOCT/24,-0.134M,0.04M,,,3.0
2025-10-29 20:00:00+05:30,EIA Crude Oil Imports ChangeOCT/24,-1.025M,0.656M,,,3.0
2025-10-29 20:00:00+05:30,EIA Refinery Crude Runs ChangeOCT/24,,0.6M,,,3.0
2025-10-29 20:00:00+05:30,EIA Crude Oil Imports ChangeOCT/24,,0.656M,,,3.0
2025-10-29 20:00:00+05:30,EIA Cushing Crude Oil Stocks ChangeOCT/24,1.334M,-0.77M,,,3.0
2025-10-29 20:00:00+05:30,EIA Gasoline Stocks ChangeOCT/24,-5.941M,-2.147M,-1.9M,,2.0
2025-10-29 20:00:00+05:30,EIA Crude Oil Stocks ChangeOCT/24,-6.858M,-0.961M,-0.2M,,2.0
2025-10-29 20:00:00+05:30,EIA Distillate Stocks ChangeOCT/24,-3.362M,-1.479M,-1.6M,,3.0
2025-10-29 20:00:00+05:30,EIA Distillate Stocks ChangeOCT/24,,-1.479M,-1.8M,,3.0
2025-10-29 20:00:00+05:30,EIA Heating Oil Stocks ChangeOCT/24,0.049M,0.088M,,,3.0
2025-10-29 20:00:00+05:30,EIA Crude Oil Stocks ChangeOCT/24,,-0.961M,,,2.0
2025-10-29 20:00:00+05:30,EIA Gasoline Production ChangeOCT/24,-0.004M,0.235M,,,3.0
2025-10-29 20:00:00+05:30,EIA Gasoline Production ChangeOCT/24,,0.235M,,,3.0
2025-10-29 20:00:00+05:30,EIA Gasoline Stocks ChangeOCT/24,,-2.147M,-1.9M,,2.0
2025-10-29 20:00:00+05:30,EIA Cushing Crude Oil Stocks ChangeOCT/24,,-0.77M,,,3.0
2025-10-29 20:00:00+05:30,EIA Distillate Fuel Production ChangeOCT/24,,0.04M,,,3.0
2025-10-29 21:00:00+05:30,17-Week Bill Auction,,3.735%,,,3.0
2025-10-29 21:00:00+05:30,2-Year FRN Auction,,0.200%,,,3.0
2025-10-29 21:00:00+05:30,2-Year FRN Auction,0.190%,0.200%,,,3.0
2025-10-29 21:00:00+05:30,17-Week Bill Auction,3.705%,3.735%,,,3.0
2025-10-29 23:30:00+05:30,Wholesale Inventories MoMAUG,,0%,-0.2%,-0.2%,1.0
2025-10-29 23:30:00+05:30,Wholesale Inventories MoM AdvSEP,,,-0.2%,-0.3%,1.0
2025-10-29 23:30:00+05:30,Retail Inventories Ex Autos MoM AdvSEP,,,,0.2%,1.0
2025-10-29 23:30:00+05:30,Fed Interest Rate Decision,,4.25%,4.0%,4.0%,1.0
2025-10-29 23:30:00+05:30,Goods Trade Balance AdvSEP,,$-85.5B,$-90B,$-87.0B,1.0
2025-10-29 23:30:00+05:30,Retail Inventories Ex Autos MoMAUG,,0.1%,0.3%,0.3%,1.0
2025-10-29 23:30:00+05:30,Fed Interest Rate Decision,4.0%,4.25%,4.0%,4.0%,1.0
2025-10-30 00:00:00+05:30,Fed Press Conference,,,,,1.0
2025-10-30 18:00:00+05:30,GDP Price Index QoQ AdvQ3,,2.1%,,2.3%,2.0
2025-10-30 18:00:00+05:30,Jobless Claims 4-week AverageOCT/25,,,,,3.0
2025-10-30 18:00:00+05:30,GDP Growth Rate QoQ AdvQ3,,3.8%,,1.0%,1.0
2025-10-30 18:00:00+05:30,Real Consumer Spending QoQ AdvQ3,,2.5%,,2.2%,3.0
2025-10-30 18:00:00+05:30,PCE Prices QoQ AdvQ3,,2.1%,,2.3%,3.0
2025-10-30 18:00:00+05:30,GDP Sales QoQ AdvQ3,,7.5%,,7.4%,3.0
2025-10-30 18:00:00+05:30,Initial Jobless ClaimsOCT/25,,,,,2.0
2025-10-30 18:00:00+05:30,Continuing Jobless ClaimsOCT/18,,,,,3.0
2025-10-30 18:00:00+05:30,Core PCE Prices QoQ AdvQ3,,2.6%,,2.8%,3.0
2025-10-30 19:25:00+05:30,Fed Bowman Speech,,,,,2.0
2025-10-30 20:00:00+05:30,EIA Natural Gas Stocks ChangeOCT/24,74Bcf,87Bcf,71Bcf,,3.0
2025-10-30 20:00:00+05:30,EIA Natural Gas Stocks ChangeOCT/24,,87Bcf,,,3.0
2025-10-30 20:00:00+05:30,NY Fed Treasury Purchases TIPS 7.5 to 30 yrs,,,$25 million,,3.0
2025-10-30 21:00:00+05:30,8-Week Bill Auction,,3.900%,,,3.0
2025-10-30 21:00:00+05:30,8-Week Bill Auction,3.890%,3.900%,,,3.0
2025-10-30 21:00:00+05:30,4-Week Bill Auction,3.910%,3.945%,,,3.0
2025-10-30 21:00:00+05:30,4-Week Bill Auction,,3.945%,,,3.0
2025-10-30 21:30:00+05:30,Jobless Claims 4-week AverageOCT/18,,,,247.0K,3.0
2025-10-30 21:30:00+05:30,PCE Prices QoQ AdvQ3,,2.1%,,2.3%,3.0
2025-10-30 21:30:00+05:30,GDP Growth Rate QoQ AdvQ3,,3.8%,,3.8%,3.0
2025-10-30 21:30:00+05:30,Jobless Claims 4-week AverageOCT/25,,,,249.0K,3.0
2025-10-30 21:30:00+05:30,Initial Jobless ClaimsOCT/18,,,223K,254.0K,3.0
2025-10-30 21:30:00+05:30,Continuing Jobless ClaimsOCT/11,,,1930K,1950.0K,3.0
2025-10-30 21:30:00+05:30,Jobless Claims 4-week AverageSEP/27,,237.5K,,239.0K,3.0
2025-10-30 21:30:00+05:30,Jobless Claims 4-week AverageOCT/04,,,,240.0K,3.0
2025-10-30 21:30:00+05:30,Initial Jobless ClaimsOCT/11,,,,249.0K,3.0
2025-10-30 21:30:00+05:30,30-Year Mortgage RateOCT/30,,6.19%,,,3.0
2025-10-30 21:30:00+05:30,Initial Jobless ClaimsOCT/04,,,227K,235.0K,3.0
2025-10-30 21:30:00+05:30,GDP Sales QoQ AdvQ3,,7.5%,,7.4%,3.0
2025-10-30 21:30:00+05:30,Core PCE Prices QoQ AdvQ3,,2.6%,,2.8%,3.0
2025-10-30 21:30:00+05:30,Continuing Jobless ClaimsOCT/04,,,,1942.0K,3.0
2025-10-30 21:30:00+05:30,Continuing Jobless ClaimsOCT/18,,,,1960.0K,3.0
2025-10-30 21:30:00+05:30,Continuing Jobless ClaimsSEP/20,,1926K,1930K,1929.0K,3.0
2025-10-30 21:30:00+05:30,Continuing Jobless ClaimsSEP/27,,,,1937.0K,3.0
2025-10-30 21:30:00+05:30,15-Year Mortgage RateOCT/30,5.41%,5.44%,,,3.0
2025-10-30 21:30:00+05:30,Jobless Claims 4-week AverageOCT/11,,,,243.0K,3.0
2025-10-30 21:30:00+05:30,Initial Jobless ClaimsOCT/25,,,,257.0K,3.0
2025-10-30 21:30:00+05:30,GDP Price Index QoQ AdvQ3,,2.1%,,2.3%,3.0
2025-10-30 21:30:00+05:30,Real Consumer Spending QoQ AdvQ3,,2.5%,,2.2%,3.0
2025-10-30 21:30:00+05:30,30-Year Mortgage RateOCT/30,6.17%,6.19%,,,3.0
2025-10-30 21:30:00+05:30,Initial Jobless ClaimsSEP/27,,218K,223K,223.0K,3.0
2025-10-30 21:30:00+05:30,15-Year Mortgage RateOCT/30,,5.44%,,,3.0
2025-10-30 22:45:00+05:30,GDP Growth Rate QoQ AdvQ3,,3.8%,3%,3.2%,2.0
2025-10-30 22:45:00+05:30,Jobless Claims 4-week AverageOCT/25,,,,249.0K,2.0
2025-10-30 22:45:00+05:30,Initial Jobless ClaimsOCT/11,,,,249.0K,2.0
2025-10-30 22:45:00+05:30,Continuing Jobless ClaimsOCT/04,,,,1942.0K,2.0
2025-10-30 22:45:00+05:30,Real Consumer Spending QoQ AdvQ3,,2.5%,,2.2%,2.0
2025-10-30 22:45:00+05:30,GDP Sales QoQ AdvQ3,,7.5%,,7.4%,2.0
2025-10-30 22:45:00+05:30,GDP Price Index QoQ AdvQ3,,2.1%,2.8%,2.3%,2.0
2025-10-30 22:45:00+05:30,PCE Prices QoQ AdvQ3,,2.1%,,2.3%,2.0
2025-10-30 22:45:00+05:30,Continuing Jobless ClaimsSEP/27,,,,1937.0K,2.0
2025-10-30 22:45:00+05:30,Continuing Jobless ClaimsOCT/11,,,1930K,1950.0K,2.0
2025-10-30 22:45:00+05:30,Jobless Claims 4-week AverageOCT/04,,,,240.0K,2.0
2025-10-30 22:45:00+05:30,Initial Jobless ClaimsSEP/27,,218K,223K,223.0K,2.0
2025-10-30 22:45:00+05:30,Fed Logan Speech,,,,,2.0
2025-10-30 22:45:00+05:30,Initial Jobless ClaimsOCT/04,,,227K,235.0K,2.0
2025-10-30 22:45:00+05:30,Core PCE Prices QoQ AdvQ3,,2.6%,2.9%,2.8%,2.0
2025-10-30 22:45:00+05:30,Jobless Claims 4-week AverageSEP/27,,237.5K,,239.0K,2.0
2025-10-30 22:45:00+05:30,Initial Jobless ClaimsOCT/25,,,,257.0K,2.0
2025-10-30 22:45:00+05:30,Continuing Jobless ClaimsOCT/18,,,,1960.0K,2.0
2025-10-30 22:45:00+05:30,Jobless Claims 4-week AverageOCT/18,,,,247.0K,2.0
2025-10-30 22:45:00+05:30,Continuing Jobless ClaimsSEP/20,,1926K,1930K,1929.0K,2.0
2025-10-30 22:45:00+05:30,Jobless Claims 4-week AverageOCT/11,,,,243.0K,2.0
2025-10-30 22:45:00+05:30,Initial Jobless ClaimsOCT/18,,,223K,254.0K,2.0
2025-10-31 02:00:00+05:30,Fed Balance SheetOCT/29,,$6.59T,,,3.0
2025-10-31 02:00:00+05:30,Fed Balance SheetOCT/29,$6.59T,$6.59T,,,3.0
2025-10-31 18:00:00+05:30,Personal Spending MoMSEP,,0.6%,,0.1%,1.0
2025-10-31 18:00:00+05:30,Core PCE Price Index YoYSEP,,2.9%,,3.0%,3.0
2025-10-31 18:00:00+05:30,Employment Cost - Wages QoQQ3,,1%,,,2.0
2025-10-31 18:00:00+05:30,Employment Cost Index QoQQ3,,0.9%,,0.8%,2.0
2025-10-31 18:00:00+05:30,PCE Price Index YoYSEP,,2.7%,,2.8%,2.0
2025-10-31 18:00:00+05:30,Core PCE Price Index MoMSEP,,0.2%,,0.3%,1.0
2025-10-31 18:00:00+05:30,PCE Price Index MoMSEP,,0.3%,,0.3%,2.0
2025-10-31 18:00:00+05:30,Personal Income MoMSEP,,0.4%,,0.4%,1.0
2025-10-31 18:00:00+05:30,Employment Cost - Benefits QoQQ3,,,,,2.0
2025-10-31 19:00:00+05:30,Fed Logan Speech,,,,,2.0
2025-10-31 19:15:00+05:30,Chicago PMIOCT,,40.6,42.3,42,2.0
2025-10-31 19:15:00+05:30,Chicago PMIOCT,43.8,40.6,42.3,42,2.0
2025-10-31 21:30:00+05:30,Fed Hammack Speech,,,,,2.0
2025-10-31 21:30:00+05:30,Fed Bostic Speech,,,,,2.0
2025-10-31 22:30:00+05:30,Personal Income MoMSEP,,0.4%,0.4%,0.4%,3.0
2025-10-31 22:30:00+05:30,Employment Cost Index QoQQ3,,0.9%,0.9%,0.8%,3.0
2025-10-31 22:30:00+05:30,Employment Cost - Benefits QoQQ3,,0.7%,,0.6%,3.0
2025-10-31 22:30:00+05:30,Personal Spending MoMSEP,,0.6%,0.4%,0.4%,3.0
2025-10-31 22:30:00+05:30,Baker Hughes Total Rigs CountOCT/31,546,550,,,3.0
2025-10-31 22:30:00+05:30,Baker Hughes Oil Rig CountOCT/31,414,420,,,3.0
2025-10-31 22:30:00+05:30,Baker Hughes Oil Rig CountOCT/31,,420,,,3.0
2025-10-31 22:30:00+05:30,Core PCE Price Index YoYSEP,,2.9%,2.9%,2.8%,3.0
2025-10-31 22:30:00+05:30,Core PCE Price Index MoMSEP,,0.2%,0.2%,0.1%,3.0
2025-10-31 22:30:00+05:30,Baker Hughes Total Rigs CountOCT/31,,550,,,3.0
2025-10-31 22:30:00+05:30,PCE Price Index MoMSEP,,0.3%,0.3%,0.2%,3.0
2025-10-31 22:30:00+05:30,PCE Price Index YoYSEP,,2.7%,2.8%,2.8%,3.0
2025-10-31 22:30:00+05:30,Employment Cost - Wages QoQQ3,,1%,,0.8%,3.0
2025-11-03 20:15:00+05:30,S&P Global Manufacturing PMI FinalOCT,52.5,52.0,52.2,52.2,3.0
2025-11-03 20:15:00+05:30,S&P Global Manufacturing PMI FinalOCT,,52.0,52.2,52.2,3.0
2025-11-03 20:30:00+05:30,ISM Manufacturing EmploymentOCT,46.0,45.3,,45.4,2.0
2025-11-03 20:30:00+05:30,ISM Manufacturing PricesOCT,58.0,61.9,61.7,61,3.0
2025-11-03 20:30:00+05:30,ISM Manufacturing EmploymentOCT,,45.3,,45.4,2.0
2025-11-03 20:30:00+05:30,ISM Manufacturing PMIOCT,48.7,49.1,49.5,49.5,1.0
2025-11-03 20:30:00+05:30,ISM Manufacturing PricesOCT,,61.9,62.6,61,3.0
2025-11-03 20:30:00+05:30,Construction Spending MoMAUG,,-0.1%,-0.1%,0.1%,3.0
2025-11-03 20:30:00+05:30,ISM Manufacturing New OrdersOCT,,48.9,,49.2,3.0
2025-11-03 20:30:00+05:30,Construction Spending MoMSEP,,,,0.2%,3.0
2025-11-03 20:30:00+05:30,ISM Manufacturing New OrdersOCT,49.4,48.9,,49.2,3.0
2025-11-03 20:30:00+05:30,ISM Manufacturing PMIOCT,,49.1,49.2,49.5,1.0
2025-11-03 20:30:00+05:30,Total Vehicle SalesOCT,,16.4M,,,3.0
2025-11-03 21:30:00+05:30,Total Household DebtQ3,,$18.39T,,,3.0
2025-11-03 22:00:00+05:30,3-Month Bill Auction,,3.730%,,,3.0
2025-11-03 22:00:00+05:30,3-Month Bill Auction,3.815%,3.730%,,,3.0
2025-11-03 22:00:00+05:30,Total Vehicle SalesOCT,,16.4M,,,2.0
2025-11-03 22:00:00+05:30,Construction Spending MoMAUG,,-0.1%,-0.1%,0.1%,2.0
2025-11-03 22:00:00+05:30,6-Month Bill Auction,3.700%,3.640%,,,3.0
2025-11-03 22:00:00+05:30,6-Month Bill Auction,,3.640%,,,3.0
2025-11-03 22:30:00+05:30,Construction Spending MoMAUG,,-0.1%,-0.1%,0.1%,2.0
2025-11-03 22:30:00+05:30,Total Vehicle SalesOCT,,16.4M,15.6M,,2.0
2025-11-03 22:30:00+05:30,Fed Daly Speech,,,,,2.0
2025-11-03 22:30:00+05:30,Construction Spending MoMSEP,,,,0.2%,2.0
2025-11-04 00:30:00+05:30,Fed Cook Speech,,,,,2.0
2025-11-04 01:30:00+05:30,Treasury Refunding Financing Estimates,,,,,3.0
2025-11-04 05:30:00+05:30,Total Vehicle SalesOCT,15.3M,16.4M,15.6M,,3.0
2025-11-04 16:10:00+05:30,LMI Logistics Managers IndexOCT,57.4,57.4,,,3.0
2025-11-04 17:05:00+05:30,Fed Bowman Speech,,,,,2.0
2025-11-04 19:00:00+05:30,ExportsSEP,,,,$ 281.0B,2.0
2025-11-04 19:00:00+05:30,ImportsSEP,,,,$ 338B,2.0
2025-11-04 19:00:00+05:30,Balance of TradeSEP,,,,$ -57B,2.0
2025-11-04 19:25:00+05:30,ImportsAUG,,$358.8B,,$341.0B,3.0
2025-11-04 19:25:00+05:30,ExportsAUG,,$280.5B,,$278.0B,3.0
2025-11-04 19:25:00+05:30,LMI Logistics Managers IndexOCT,,57.4,,,3.0
2025-11-04 19:25:00+05:30,Redbook YoYNOV/01,5.7%,5.2%,,,3.0
2025-11-04 19:25:00+05:30,Redbook YoYNOV/01,,5.2%,,,3.0
2025-11-04 19:25:00+05:30,Balance of TradeAUG,,$-78.3B,$-60.4B,$-63.0B,3.0
2025-11-04 20:30:00+05:30,Factory Orders ex TransportationSEP,,,,-0.5%,3.0
2025-11-04 20:30:00+05:30,Factory Orders MoMSEP,,,,-0.7%,2.0
2025-11-04 20:30:00+05:30,JOLTs Job QuitsSEP,,3.091M,,3.15M,3.0
2025-11-04 20:30:00+05:30,JOLTs Job OpeningsSEP,,7.227M,,7.2M,1.0
2025-11-04 20:40:00+05:30,RCM/TIPP Economic Optimism IndexNOV,,48.3,48.1,47.7,3.0
2025-11-04 20:40:00+05:30,RCM/TIPP Economic Optimism IndexNOV,43.9,48.3,48.1,47.7,3.0
2025-11-04 21:00:00+05:30,ExportsAUG,,$280.5B,,$278.0B,3.0
2025-11-04 21:00:00+05:30,ImportsAUG,,$358.8B,,$341.0B,3.0
2025-11-04 21:00:00+05:30,JOLTs Job QuitsSEP,,3.091M,,3.15M,3.0
2025-11-04 21:00:00+05:30,Balance of TradeSEP,,,,$ -57B,3.0
2025-11-04 21:00:00+05:30,JOLTs Job OpeningsSEP,,7.227M,,7.2M,3.0
2025-11-04 21:00:00+05:30,ImportsSEP,,,,$ 338B,3.0
2025-11-04 21:00:00+05:30,Total Vehicle SalesOCT,,16.4M,15.6M,,3.0
2025-11-04 21:00:00+05:30,NY Fed Treasury Purchases 10 to 22.5 yrs,,,$50 million,,3.0
2025-11-04 21:00:00+05:30,LMI Logistics Managers IndexOCT,,57.4,,,3.0
2025-11-04 21:00:00+05:30,Factory Orders MoMAUG,,-1.3%,1.4%,1.4%,3.0
2025-11-04 21:00:00+05:30,ExportsSEP,,,,$ 281.0B,3.0
2025-11-04 21:00:00+05:30,Balance of TradeAUG,,$-78.3B,$-60.4B,$-63.0B,3.0
2025-11-04 21:00:00+05:30,Factory Orders MoMSEP,,,,-0.7%,3.0
2025-11-04 21:00:00+05:30,Factory Orders ex TransportationAUG,,0.6%,,0.1%,3.0
2025-11-04 21:00:00+05:30,Factory Orders ex TransportationSEP,,,,-0.5%,3.0
2025-11-04 21:30:00+05:30,Factory Orders MoMAUG,,-1.3%,1.4%,1.4%,3.0
2025-11-04 21:30:00+05:30,Total Household DebtQ3,,$18.39T,,,3.0
2025-11-04 21:30:00+05:30,Balance of TradeAUG,,$-78.3B,$-60.4B,$-63.0B,3.0
2025-11-04 21:30:00+05:30,ExportsAUG,,$280.5B,,$278.0B,3.0
2025-11-04 21:30:00+05:30,Factory Orders ex TransportationAUG,,0.6%,,0.1%,3.0
2025-11-04 21:30:00+05:30,ImportsAUG,,$358.8B,,$341.0B,3.0
2025-11-04 21:30:00+05:30,LMI Logistics Managers IndexOCT,,57.4,,,3.0
2025-11-05 03:00:00+05:30,API Crude Oil Stock ChangeOCT/31,6.5M,-4M,-2.4M,,2.0
2025-11-05 03:00:00+05:30,API Crude Oil Stock ChangeOCT/31,,-4M,-2.4M,,2.0
2025-11-05 17:30:00+05:30,MBA Purchase IndexOCT/31,163.3,164.3,,,3.0
2025-11-05 17:30:00+05:30,MBA Purchase IndexOCT/31,,164.3,,,3.0
2025-11-05 17:30:00+05:30,MBA 30-Year Mortgage RateOCT/31,6.31%,6.3%,,,2.0
2025-11-05 17:30:00+05:30,MBA 30-Year Mortgage RateOCT/31,,6.3%,,,2.0
2025-11-05 17:30:00+05:30,MBA Mortgage ApplicationsOCT/31,-1.9%,7.1%,,,3.0
2025-11-05 17:30:00+05:30,MBA Mortgage Market IndexOCT/31,332.3,338.7,,,3.0
2025-11-05 17:30:00+05:30,MBA Mortgage ApplicationsOCT/31,,7.1%,,,3.0
2025-11-05 17:30:00+05:30,MBA Mortgage Refinance IndexOCT/31,,1327.8,,,3.0
2025-11-05 17:30:00+05:30,MBA Mortgage Refinance IndexOCT/31,1290.8,1327.8,,,3.0
2025-11-05 17:30:00+05:30,MBA Mortgage Market IndexOCT/31,,338.7,,,3.0
2025-11-05 18:45:00+05:30,ADP Employment ChangeOCT,,-32K,25K,20.0K,2.0
2025-11-05 18:45:00+05:30,ADP Employment ChangeOCT,42K,-29K,25K,20.0K,2.0
2025-11-05 19:00:00+05:30,Treasury Refunding Announcement,,,,,3.0
2025-11-05 20:15:00+05:30,S&P Global Services PMI FinalOCT,,54.2,55.2,55.2,3.0
2025-11-05 20:15:00+05:30,S&P Global Composite PMI FinalOCT,54.6,53.9,54.8,54.8,3.0
2025-11-05 20:15:00+05:30,S&P Global Services PMI FinalOCT,54.8,54.2,55.2,55.2,3.0
2025-11-05 20:15:00+05:30,S&P Global Composite PMI FinalOCT,,53.9,54.8,54.8,3.0
2025-11-05 20:30:00+05:30,ISM Services Business ActivityOCT,54.3,49.9,,50.2,3.0
2025-11-05 20:30:00+05:30,ISM Services EmploymentOCT,48.2,47.2,47.6,47.5,3.0
2025-11-05 20:30:00+05:30,ISM Services PricesOCT,70.0,69.4,68.0,69,3.0
2025-11-05 20:30:00+05:30,ISM Services PMIOCT,52.4,50.0,50.8,50.8,1.0
2025-11-05 20:30:00+05:30,ISM Services Business ActivityOCT,,49.9,,50.2,3.0
2025-11-05 20:30:00+05:30,ISM Services New OrdersOCT,,50.4,,50.7,3.0
2025-11-05 20:30:00+05:30,ISM Services New OrdersOCT,56.2,50.4,51.0,50.7,3.0
2025-11-05 20:30:00+05:30,ISM Services EmploymentOCT,,47.2,,47.5,3.0
2025-11-05 20:30:00+05:30,ISM Services PMIOCT,,50.0,50.7,50.8,1.0
2025-11-05 20:30:00+05:30,ISM Services PricesOCT,,69.4,,69,3.0
2025-11-05 21:00:00+05:30,EIA Cushing Crude Oil Stocks ChangeOCT/31,,1.334M,,,3.0
2025-11-05 21:00:00+05:30,EIA Distillate Fuel Production ChangeOCT/31,0.211M,-0.134M,,,3.0
2025-11-05 21:00:00+05:30,EIA Refinery Crude Runs ChangeOCT/31,0.037M,-0.511M,,,3.0
2025-11-05 21:00:00+05:30,EIA Crude Oil Imports ChangeOCT/31,,-1.025M,,,3.0
2025-11-05 21:00:00+05:30,EIA Gasoline Production ChangeOCT/31,0.241M,-0.004M,,,3.0
2025-11-05 21:00:00+05:30,EIA Distillate Fuel Production ChangeOCT/31,,-0.134M,,,3.0
2025-11-05 21:00:00+05:30,EIA Distillate Stocks ChangeOCT/31,-0.643M,-3.362M,-2M,,3.0
2025-11-05 21:00:00+05:30,EIA Gasoline Production ChangeOCT/31,,-0.004M,,,3.0
2025-11-05 21:00:00+05:30,EIA Heating Oil Stocks ChangeOCT/31,-0.036M,0.049M,,,3.0
2025-11-05 21:00:00+05:30,EIA Crude Oil Stocks ChangeOCT/31,,-6.858M,,,2.0
2025-11-05 21:00:00+05:30,EIA Cushing Crude Oil Stocks ChangeOCT/31,0.3M,1.334M,,,3.0
2025-11-05 21:00:00+05:30,EIA Refinery Crude Runs ChangeOCT/31,,-0.511M,,,3.0
2025-11-05 21:00:00+05:30,EIA Heating Oil Stocks ChangeOCT/31,,0.049M,,,3.0
2025-11-05 21:00:00+05:30,EIA Gasoline Stocks ChangeOCT/31,-4.73M,-5.941M,-1.1M,,2.0
2025-11-05 21:00:00+05:30,EIA Distillate Stocks ChangeOCT/31,,-3.362M,,,3.0
2025-11-05 21:00:00+05:30,EIA Gasoline Stocks ChangeOCT/31,,-5.941M,,,2.0
2025-11-05 21:00:00+05:30,EIA Crude Oil Imports ChangeOCT/31,0.867M,-1.025M,,,3.0
2025-11-05 21:00:00+05:30,EIA Crude Oil Stocks ChangeOCT/31,5.202M,-6.858M,0.6M,,2.0
2025-11-05 21:30:00+05:30,Total Household DebtQ3,,$18.39T,,,3.0
2025-11-05 21:30:00+05:30,Total Household DebtQ3,$18.59T,$18.39T,,,3.0
2025-11-05 22:00:00+05:30,17-Week Bill Auction,3.770%,3.705%,,,3.0
2025-11-05 22:00:00+05:30,17-Week Bill Auction,,3.705%,,,3.0
2025-11-06 18:00:00+05:30,Challenger Job CutsOCT,153.074K,54.064K,,73.0K,3.0
2025-11-06 18:00:00+05:30,Challenger Job CutsOCT,,54.064K,,73.0K,3.0
2025-11-06 19:00:00+05:30,Nonfarm Productivity QoQ PrelQ3,,3.3%,,1.0%,2.0
2025-11-06 19:00:00+05:30,Initial Jobless ClaimsNOV/01,,,,259.0K,2.0
2025-11-06 19:00:00+05:30,Continuing Jobless ClaimsOCT/25,,,,1965.0K,3.0
2025-11-06 19:00:00+05:30,Jobless Claims 4-week AverageNOV/01,,,,250.0K,3.0
2025-11-06 19:00:00+05:30,Unit Labour Costs QoQ PrelQ3,,1%,,0.8%,2.0
2025-11-06 20:30:00+05:30,Wholesale Inventories MoMSEP,,,,-0.3%,3.0
2025-11-06 21:00:00+05:30,EIA Natural Gas Stocks ChangeOCT/31,,74Bcf,,,3.0
2025-11-06 21:00:00+05:30,EIA Natural Gas Stocks ChangeOCT/31,33Bcf,74Bcf,34Bcf,,3.0
2025-11-06 21:30:00+05:30,Fed Barr Speech,,,,,2.0
2025-11-06 21:30:00+05:30,Fed Williams Speech,,,,,2.0
2025-11-06 22:00:00+05:30,8-Week Bill Auction,,3.890%,,,3.0
2025-11-06 22:00:00+05:30,4-Week Bill Auction,3.875%,3.910%,,,3.0
2025-11-06 22:00:00+05:30,4-Week Bill Auction,,3.910%,,,3.0
2025-11-06 22:00:00+05:30,8-Week Bill Auction,3.815%,3.890%,,,3.0
2025-11-06 22:30:00+05:30,Initial Jobless ClaimsNOV/01,,,,259.0K,2.0
2025-11-06 22:30:00+05:30,Wholesale Inventories MoMAUG,,0%,-0.2%,-0.2%,2.0
2025-11-06 22:30:00+05:30,Jobless Claims 4-week AverageSEP/27,,237.5K,,239.0K,2.0
2025-11-06 22:30:00+05:30,Wholesale Inventories MoMSEP,,,,-0.3%,2.0
2025-11-06 22:30:00+05:30,Unit Labour Costs QoQ PrelQ3,,1%,1%,0.8%,2.0
2025-11-06 22:30:00+05:30,Continuing Jobless ClaimsSEP/27,,,,1937.0K,2.0
2025-11-06 22:30:00+05:30,Nonfarm Productivity QoQ PrelQ3,,3.3%,3%,1.0%,2.0
2025-11-06 22:30:00+05:30,Jobless Claims 4-week AverageOCT/18,,,,247.0K,2.0
2025-11-06 22:30:00+05:30,Initial Jobless ClaimsOCT/11,,,,249.0K,2.0
2025-11-06 22:30:00+05:30,30-Year Mortgage RateNOV/06,,6.17%,,,3.0
2025-11-06 22:30:00+05:30,Continuing Jobless ClaimsOCT/18,,,,1960.0K,2.0
2025-11-06 22:30:00+05:30,Fed Hammack Speech,,,,,2.0
2025-11-06 22:30:00+05:30,30-Year Mortgage RateNOV/06,6.22%,6.17%,,,3.0
2025-11-06 22:30:00+05:30,Jobless Claims 4-week AverageNOV/01,,,,250.0K,2.0
2025-11-06 22:30:00+05:30,Initial Jobless ClaimsOCT/25,,,,257.0K,2.0
2025-11-06 22:30:00+05:30,Jobless Claims 4-week AverageOCT/25,,,,249.0K,2.0
2025-11-06 22:30:00+05:30,Jobless Claims 4-week AverageOCT/11,,,,243.0K,2.0
2025-11-06 22:30:00+05:30,15-Year Mortgage RateNOV/06,,5.41%,,,3.0
2025-11-06 22:30:00+05:30,Continuing Jobless ClaimsSEP/20,,1926K,1930K,1929.0K,2.0
2025-11-06 22:30:00+05:30,Initial Jobless ClaimsOCT/18,,,223K,254.0K,2.0
2025-11-06 22:30:00+05:30,Jobless Claims 4-week AverageOCT/04,,,,240.0K,2.0
2025-11-06 22:30:00+05:30,Continuing Jobless ClaimsOCT/04,,,,1942.0K,2.0
2025-11-06 22:30:00+05:30,Initial Jobless ClaimsOCT/04,,,227K,235.0K,2.0
2025-11-06 22:30:00+05:30,Continuing Jobless ClaimsOCT/25,,,,1965.0K,2.0
2025-11-06 22:30:00+05:30,Initial Jobless ClaimsSEP/27,,218K,223K,223.0K,2.0
2025-11-06 22:30:00+05:30,Continuing Jobless ClaimsOCT/11,,,1930K,1950.0K,2.0
2025-11-06 22:30:00+05:30,15-Year Mortgage RateNOV/06,5.5%,5.41%,,,3.0
2025-11-07 02:00:00+05:30,Fed Waller Speech,,,,,2.0
2025-11-07 03:00:00+05:30,Fed Balance SheetNOV/05,$6.57T,$6.59T,,,3.0
2025-11-07 03:00:00+05:30,Fed Paulson Speech,,,,,2.0
2025-11-07 03:00:00+05:30,Fed Balance SheetNOV/05,,$6.59T,,,3.0
2025-11-07 04:00:00+05:30,Fed Musalem Speech,,,,,2.0
2025-11-07 13:30:00+05:30,Fed Williams Speech,,,,,2.0
2025-11-07 17:30:00+05:30,Fed Jefferson Speech,,,,,2.0
2025-11-07 19:00:00+05:30,Unemployment RateOCT,,,,4.4%,1.0
2025-11-07 19:00:00+05:30,Participation RateOCT,,,,62.2%,2.0
2025-11-07 19:00:00+05:30,Average Hourly Earnings YoYOCT,,,,3.6%,2.0
2025-11-07 19:00:00+05:30,Average Weekly HoursOCT,,,,34.2,3.0
2025-11-07 19:00:00+05:30,U-6 Unemployment RateOCT,,,,8.2%,3.0
2025-11-07 19:00:00+05:30,Average Hourly Earnings MoMOCT,,,,0.3%,2.0
2025-11-07 19:00:00+05:30,Manufacturing PayrollsOCT,,,,-2.0K,3.0
2025-11-07 19:00:00+05:30,Nonfarm Payrolls PrivateOCT,,,,20.0K,3.0
2025-11-07 19:00:00+05:30,Non Farm PayrollsOCT,,,,55.0K,1.0
2025-11-07 19:00:00+05:30,Government PayrollsOCT,,,,-35.0K,3.0
2025-11-07 19:30:00+05:30,Used Car Prices MoMOCT,-2%,-0.2%,,,3.0
2025-11-07 19:30:00+05:30,Used Car Prices YoYOCT,0%,2%,,,3.0
2025-11-07 20:30:00+05:30,Michigan Current Conditions PrelNOV,,58.6,59.2,58,3.0
2025-11-07 20:30:00+05:30,Michigan Inflation Expectations PrelNOV,4.7%,4.6%,,4.6%,3.0
2025-11-07 20:30:00+05:30,Michigan Inflation Expectations PrelNOV,,4.6%,,4.6%,3.0
2025-11-07 20:30:00+05:30,Michigan Consumer Expectations PrelNOV,49.0,50.3,50.3,50.1,3.0
2025-11-07 20:30:00+05:30,Michigan 5 Year Inflation Expectations PrelNOV,,3.9%,,3.9%,3.0
2025-11-07 20:30:00+05:30,Michigan Current Conditions PrelNOV,52.3,58.6,59.2,58,3.0
2025-11-07 20:30:00+05:30,Michigan Consumer Sentiment PrelNOV,50.3,53.6,53.2,53,1.0
2025-11-07 20:30:00+05:30,Michigan Consumer Sentiment PrelNOV,,53.6,53.2,53,1.0
2025-11-07 20:30:00+05:30,Michigan 5 Year Inflation Expectations PrelNOV,3.6%,3.9%,,3.9%,3.0
2025-11-07 20:30:00+05:30,Michigan Consumer Expectations PrelNOV,,50.3,50.3,50.1,3.0
2025-11-07 21:30:00+05:30,Consumer Inflation ExpectationsOCT,,3.4%,,3.4%,3.0
2025-11-07 21:30:00+05:30,Consumer Inflation ExpectationsOCT,3.2%,3.4%,,3.4%,3.0
2025-11-07 23:30:00+05:30,Government PayrollsSEP,,-16K,,-10.0K,3.0
2025-11-07 23:30:00+05:30,Baker Hughes Oil Rig CountNOV/07,414,414,413,,3.0
2025-11-07 23:30:00+05:30,Average Hourly Earnings YoYSEP,,3.7%,3.7%,3.7%,3.0
2025-11-07 23:30:00+05:30,Used Car Prices YoYOCT,,2%,,,3.0
2025-11-07 23:30:00+05:30,Baker Hughes Total Rigs CountNOV/07,,546,,,3.0
2025-11-07 23:30:00+05:30,Average Hourly Earnings MoMSEP,,0.3%,0.3%,0.2%,3.0
2025-11-07 23:30:00+05:30,Average Weekly HoursSEP,,34.2,34.2,34.2,3.0
2025-11-07 23:30:00+05:30,Non Farm PayrollsSEP,,22K,50K,50.0K,3.0
2025-11-07 23:30:00+05:30,Average Hourly Earnings YoYOCT,,,,3.6%,3.0
2025-11-07 23:30:00+05:30,Participation RateOCT,,,,62.2%,3.0
2025-11-07 23:30:00+05:30,Nonfarm Payrolls PrivateSEP,,38K,61K,40.0K,3.0
2025-11-07 23:30:00+05:30,Manufacturing PayrollsSEP,,-12K,-7K,-4.0K,3.0
2025-11-07 23:30:00+05:30,Baker Hughes Total Rigs CountNOV/07,548,546,,,3.0
2025-11-07 23:30:00+05:30,Unemployment RateOCT,,,,4.4%,3.0
2025-11-07 23:30:00+05:30,U-6 Unemployment RateSEP,,8.1%,,8.1%,3.0
2025-11-07 23:30:00+05:30,Baker Hughes Oil Rig CountNOV/07,,414,,,3.0
2025-11-07 23:30:00+05:30,Manufacturing PayrollsOCT,,,,-2.0K,3.0
2025-11-07 23:30:00+05:30,Participation RateSEP,,62.3%,,62.3%,3.0
2025-11-07 23:30:00+05:30,U-6 Unemployment RateOCT,,,,8.2%,3.0
2025-11-07 23:30:00+05:30,Government PayrollsOCT,,,,-35.0K,3.0
2025-11-07 23:30:00+05:30,Average Hourly Earnings MoMOCT,,,,0.3%,3.0
2025-11-07 23:30:00+05:30,Non Farm PayrollsOCT,,,,55.0K,3.0
2025-11-07 23:30:00+05:30,Nonfarm Payrolls PrivateOCT,,,,20.0K,3.0
2025-11-07 23:30:00+05:30,Average Weekly HoursOCT,,,,34.2,3.0
2025-11-07 23:30:00+05:30,Unemployment RateSEP,,4.3%,4.3%,4.3%,3.0
2025-11-07 23:30:00+05:30,Used Car Prices MoMOCT,,-0.2%,,,3.0
2025-11-08 01:30:00+05:30,Consumer Credit ChangeSEP,,$0.36B,$10B,$5.0B,3.0
2025-11-08 01:30:00+05:30,Consumer Credit ChangeSEP,$13.09B,$3.13B,$10B,$5.0B,3.0
2025-11-08 01:30:00+05:30,Fed Miran Speech,,,,,2.0
2025-11-10 21:30:00+05:30,3-Month Bill Auction,,3.815%,,,3.0
2025-11-10 22:00:00+05:30,6-Month Bill Auction,3.690%,3.700%,,,3.0
2025-11-10 22:00:00+05:30,3-Month Bill Auction,3.780%,3.815%,,,3.0
2025-11-10 22:00:00+05:30,6-Month Bill Auction,,3.700%,,,3.0
2025-11-10 22:00:00+05:30,3-Month Bill Auction,,3.815%,,,3.0
2025-11-10 22:30:00+05:30,WASDE Report,,,,,3.0
2025-11-10 23:30:00+05:30,3-Year Note Auction,,3.576%,,,3.0
2025-11-10 23:30:00+05:30,WASDE Report,,,,,3.0
2025-11-10 23:30:00+05:30,3-Year Note Auction,3.579%,3.576%,,,3.0
2025-11-11 16:30:00+05:30,NFIB Business Optimism IndexOCT,,98.8,98.3,98,3.0
2025-11-11 16:30:00+05:30,NFIB Business Optimism IndexOCT,98.2,98.8,98.3,98,3.0
2025-11-11 18:45:00+05:30,ADP Employment Change Weekly,,14.25K,,,2.0
2025-11-11 18:45:00+05:30,ADP Employment Change Weekly,-11.25K,14.25K,,,2.0
2025-11-11 20:25:00+05:30,Redbook YoYNOV/08,5.9%,5.7%,,,3.0
2025-11-12 08:55:00+05:30,Fed Barr Speech,,,,,2.0
2025-11-12 17:30:00+05:30,MBA Mortgage Refinance IndexNOV/07,,1290.8,,,3.0
2025-11-12 17:30:00+05:30,MBA Mortgage Market IndexNOV/07,334.2,332.3,,,3.0
2025-11-12 17:30:00+05:30,MBA 30-Year Mortgage RateNOV/07,,6.31%,,,2.0
2025-11-12 17:30:00+05:30,MBA Mortgage Market IndexNOV/07,,332.3,,,3.0
2025-11-12 17:30:00+05:30,MBA Mortgage ApplicationsNOV/07,0.6%,-1.9%,,,3.0
2025-11-12 17:30:00+05:30,MBA Purchase IndexNOV/07,,163.3,,,3.0
2025-11-12 17:30:00+05:30,MBA Mortgage Refinance IndexNOV/07,1247.5,1290.8,,,3.0
2025-11-12 17:30:00+05:30,MBA Mortgage ApplicationsNOV/07,,-1.9%,,,3.0
2025-11-12 17:30:00+05:30,MBA Purchase IndexNOV/07,172.7,163.3,,,3.0
2025-11-12 17:30:00+05:30,MBA 30-Year Mortgage RateNOV/07,6.34%,6.31%,,,2.0
2025-11-12 19:25:00+05:30,Redbook YoYNOV/08,,5.7%,,,3.0
2025-11-12 19:50:00+05:30,Fed Williams Speech,,,,,2.0
2025-11-12 20:30:00+05:30,Fed Paulson Speech,,,,,2.0
2025-11-12 20:50:00+05:30,Fed Waller Speech,,,,,2.0
2025-11-12 22:00:00+05:30,17-Week Bill Auction,3.750%,3.770%,,,3.0
2025-11-12 22:00:00+05:30,17-Week Bill Auction,,3.770%,,,3.0
2025-11-12 22:45:00+05:30,Fed Bostic Speech,,,,,2.0
2025-11-12 23:00:00+05:30,Fed Miran Speech,,,,,2.0
2025-11-12 23:30:00+05:30,10-Year Note Auction,,4.117%,,,3.0
2025-11-12 23:30:00+05:30,10-Year Note Auction,4.074%,4.117%,,,3.0
2025-11-13 03:00:00+05:30,API Crude Oil Stock ChangeNOV/07,,6.5M,,,2.0
2025-11-13 03:00:00+05:30,API Crude Oil Stock ChangeNOV/07,1.3M,6.5M,1.7M,,2.0
2025-11-13 18:30:00+05:30,Fed Daly Speech,,,,,2.0
2025-11-13 19:00:00+05:30,Jobless Claims 4-week AverageNOV/08,,,,,3.0
2025-11-13 19:00:00+05:30,Initial Jobless ClaimsNOV/08,,,,,2.0
2025-11-13 19:00:00+05:30,Core Inflation Rate YoYOCT,,3%,,,1.0
2025-11-13 19:00:00+05:30,CPIOCT,,324.80,,,2.0
2025-11-13 19:00:00+05:30,Core Inflation Rate MoMOCT,,0.2%,,,1.0
2025-11-13 19:00:00+05:30,Inflation Rate MoMOCT,,,,,1.0
2025-11-13 19:00:00+05:30,Continuing Jobless ClaimsNOV/01,,,,,3.0
2025-11-13 19:00:00+05:30,Inflation Rate YoYOCT,,3%,,3.1%,1.0
2025-11-13 19:00:00+05:30,CPI s.aOCT,,324.368,,,2.0
2025-11-13 21:00:00+05:30,Fed Kashkari Speech,,,,,2.0
2025-11-13 22:00:00+05:30,8-Week Bill Auction,,3.815%,,,3.0
2025-11-13 22:00:00+05:30,4-Week Bill Auction,,3.875%,,,3.0
2025-11-13 22:00:00+05:30,4-Week Bill Auction,3.900%,3.875%,,,3.0
2025-11-13 22:00:00+05:30,8-Week Bill Auction,3.835%,3.815%,,,3.0
2025-11-13 22:30:00+05:30,30-Year Mortgage RateNOV/13,6.24%,6.22%,,,3.0
2025-11-13 22:30:00+05:30,EIA Cushing Crude Oil Stocks ChangeNOV/07,-0.346M,0.3M,,,3.0
2025-11-13 22:30:00+05:30,15-Year Mortgage RateNOV/13,,5.5%,,,3.0
2025-11-13 22:30:00+05:30,EIA Heating Oil Stocks ChangeNOV/07,0.055M,-0.036M,,,3.0
2025-11-13 22:30:00+05:30,30-Year Mortgage RateNOV/13,,,,,3.0
2025-11-13 22:30:00+05:30,EIA Crude Oil Stocks ChangeNOV/07,,5.202M,1M,,2.0
2025-11-13 22:30:00+05:30,EIA Cushing Crude Oil Stocks ChangeNOV/07,,0.3M,,,3.0
2025-11-13 22:30:00+05:30,EIA Refinery Crude Runs ChangeNOV/07,,0.037M,,,3.0
2025-11-13 22:30:00+05:30,15-Year Mortgage RateNOV/13,5.49%,5.5%,,,3.0
2025-11-13 22:30:00+05:30,EIA Distillate Stocks ChangeNOV/07,-0.637M,-0.643M,-2M,,3.0
2025-11-13 22:30:00+05:30,EIA Gasoline Production ChangeNOV/07,0.102M,0.241M,,,3.0
2025-11-13 22:30:00+05:30,EIA Crude Oil Stocks ChangeNOV/07,6.413M,5.202M,2M,,2.0
2025-11-13 22:30:00+05:30,EIA Distillate Fuel Production ChangeNOV/07,0.319M,0.211M,,,3.0
2025-11-13 22:30:00+05:30,EIA Crude Oil Imports ChangeNOV/07,,0.867M,,,3.0
2025-11-13 22:30:00+05:30,EIA Distillate Fuel Production ChangeNOV/07,,0.211M,,,3.0
2025-11-13 22:30:00+05:30,EIA Refinery Crude Runs ChangeNOV/07,0.717M,0.037M,,,3.0
2025-11-13 22:30:00+05:30,EIA Crude Oil Imports ChangeNOV/07,0.849M,0.867M,,,3.0
2025-11-13 22:30:00+05:30,EIA Distillate Stocks ChangeNOV/07,,-0.643M,,,3.0
2025-11-13 22:30:00+05:30,EIA Gasoline Stocks ChangeNOV/07,-0.945M,-4.729M,-1.9M,,2.0
2025-11-13 22:30:00+05:30,EIA Gasoline Production ChangeNOV/07,,0.241M,,,3.0
2025-11-13 22:30:00+05:30,EIA Gasoline Stocks ChangeNOV/07,,-4.73M,,,2.0
2025-11-13 22:30:00+05:30,EIA Heating Oil Stocks ChangeNOV/07,,-0.036M,,,3.0
2025-11-13 22:45:00+05:30,Fed Musalem Speech,,,,,2.0
2025-11-13 22:50:00+05:30,Fed Hammack Speech,,,,,2.0
2025-11-13 23:30:00+05:30,Jobless Claims 4-week AverageNOV/01,,,,250.0K,3.0
2025-11-13 23:30:00+05:30,Continuing Jobless ClaimsOCT/25,,,,1965.0K,3.0
2025-11-13 23:30:00+05:30,Initial Jobless ClaimsSEP/27,,218K,223K,223.0K,3.0
2025-11-13 23:30:00+05:30,Continuing Jobless ClaimsOCT/18,,,,1960.0K,3.0
2025-11-13 23:30:00+05:30,Jobless Claims 4-week AverageNOV/08,,,,252.0K,3.0
2025-11-13 23:30:00+05:30,Initial Jobless ClaimsNOV/08,,,,260.0K,3.0
2025-11-13 23:30:00+05:30,Jobless Claims 4-week AverageSEP/27,,237.5K,,239.0K,3.0
2025-11-13 23:30:00+05:30,Continuing Jobless ClaimsOCT/04,,,,1942.0K,3.0
2025-11-13 23:30:00+05:30,CPI s.aOCT,,324.368,,325.02,3.0
2025-11-13 23:30:00+05:30,Continuing Jobless ClaimsOCT/11,,,1930K,1950.0K,3.0
2025-11-13 23:30:00+05:30,30-Year Bond Auction,,4.734%,,,3.0
2025-11-13 23:30:00+05:30,Continuing Jobless ClaimsNOV/01,,,,1967.0K,3.0
2025-11-13 23:30:00+05:30,Initial Jobless ClaimsOCT/04,,,227K,235.0K,3.0
2025-11-13 23:30:00+05:30,Inflation Rate MoMOCT,,0.3%,0.2%,0.2%,3.0
2025-11-13 23:30:00+05:30,Initial Jobless ClaimsOCT/18,,,223K,254.0K,3.0
2025-11-13 23:30:00+05:30,Core Inflation Rate MoMOCT,,0.2%,0.3%,0.2%,3.0
2025-11-13 23:30:00+05:30,Initial Jobless ClaimsNOV/01,,,,259.0K,3.0
2025-11-13 23:30:00+05:30,Jobless Claims 4-week AverageOCT/18,,,,247.0K,3.0
2025-11-13 23:30:00+05:30,Initial Jobless ClaimsOCT/11,,,,249.0K,3.0
2025-11-13 23:30:00+05:30,Initial Jobless ClaimsOCT/25,,,,257.0K,3.0
2025-11-13 23:30:00+05:30,Jobless Claims 4-week AverageOCT/11,,,,243.0K,3.0
2025-11-13 23:30:00+05:30,Continuing Jobless ClaimsSEP/27,,,,1937.0K,3.0
2025-11-13 23:30:00+05:30,Jobless Claims 4-week AverageOCT/04,,,,240.0K,3.0
2025-11-13 23:30:00+05:30,30-Year Bond Auction,4.694%,4.734%,,,3.0
2025-11-13 23:30:00+05:30,Continuing Jobless ClaimsSEP/20,,1926K,1930K,1929.0K,3.0
2025-11-13 23:30:00+05:30,Jobless Claims 4-week AverageOCT/25,,,,249.0K,3.0
2025-11-13 23:30:00+05:30,CPIOCT,,324.80,,325.4,3.0
2025-11-13 23:30:00+05:30,Inflation Rate YoYOCT,,3%,3%,3.1%,3.0
2025-11-13 23:30:00+05:30,Core Inflation Rate YoYOCT,,3%,3%,3.0%,3.0
2025-11-14 00:30:00+05:30,Monthly Budget StatementOCT,,$198B,,,2.0
2025-11-14 03:00:00+05:30,Fed Balance SheetNOV/12,,$6.57T,,,3.0
2025-11-14 03:00:00+05:30,Fed Balance SheetNOV/12,$6.58T,$6.57T,,,3.0
2025-11-14 19:00:00+05:30,Retail Sales MoMSEP,,0.6%,0.4%,0.3%,3.0
2025-11-14 19:00:00+05:30,Retail Sales Control Group MoMOCT,,,,0.3%,3.0
2025-11-14 19:00:00+05:30,Core PPI MoMSEP,,-0.1%,,0.2%,3.0
2025-11-14 19:00:00+05:30,Retail Sales Control Group MoMSEP,,0.7%,,0.4%,3.0
2025-11-14 19:00:00+05:30,PPI YoYSEP,,2.6%,2.6%,2.6%,3.0
2025-11-14 19:00:00+05:30,Retail Sales MoMOCT,,,,0.2%,3.0
2025-11-14 19:00:00+05:30,Core PPI YoYOCT,,,,2.8%,3.0
2025-11-14 19:00:00+05:30,Retail Sales Ex Autos MoMOCT,,,,0.2%,3.0
2025-11-14 19:00:00+05:30,Retail Sales YoYOCT,,,,2.7%,3.0
2025-11-14 19:00:00+05:30,Business Inventories MoMSEP,,,,0.3%,3.0
2025-11-14 19:00:00+05:30,"PPI Ex Food, Energy and Trade MoMOCT",,,,0.3%,3.0
2025-11-14 19:00:00+05:30,PPI MoMOCT,,,,0.4%,3.0
2025-11-14 19:00:00+05:30,Retail Inventories Ex Autos MoMSEP,,,,0.2%,3.0
2025-11-14 19:00:00+05:30,Retail Sales YoYSEP,,5%,,3.9%,3.0
2025-11-14 19:00:00+05:30,"PPI Ex Food, Energy and Trade YoYSEP",,2.8%,2.7%,2.7%,3.0
2025-11-14 19:00:00+05:30,Core PPI YoYSEP,,2.8%,,2.8%,3.0
2025-11-14 19:00:00+05:30,Retail Inventories Ex Autos MoMAUG,,0.1%,0.3%,0.3%,3.0
2025-11-14 19:00:00+05:30,Monthly Budget StatementOCT,,$198B,,$-290.0B,3.0
2025-11-14 19:00:00+05:30,Core PPI MoMOCT,,,,0.3%,3.0
2025-11-14 19:00:00+05:30,PPIOCT,,,,149.9,3.0
2025-11-14 19:00:00+05:30,PPI YoYOCT,,,,2.7%,3.0
2025-11-14 19:00:00+05:30,PPI MoMSEP,,-0.1%,0.3%,0.5%,3.0
2025-11-14 19:00:00+05:30,Business Inventories MoMAUG,,0.2%,0.1%,0.1%,3.0
2025-11-14 19:00:00+05:30,Retail Sales Ex Autos MoMSEP,,0.7%,0.3%,0.4%,3.0
2025-11-14 19:00:00+05:30,Retail Sales Ex Gas/Autos MoMSEP,,0.7%,,-0.5%,3.0
2025-11-14 19:00:00+05:30,"PPI Ex Food, Energy and Trade YoYOCT",,,,2.7%,3.0
2025-11-14 19:00:00+05:30,PPISEP,,149.160,,149.4,3.0
2025-11-14 19:00:00+05:30,"PPI Ex Food, Energy and Trade MoMSEP",,0.3%,0.2%,0.2%,3.0
2025-11-14 19:00:00+05:30,Retail Sales Ex Gas/Autos MoMOCT,,,,0.2%,3.0
2025-11-14 20:35:00+05:30,Fed Schmid Speech,,,,,2.0
2025-11-14 21:00:00+05:30,Retail Inventories Ex Autos MoMAUG,,0.1%,0.3%,0.3%,2.0
2025-11-14 21:00:00+05:30,PPI MoMSEP,,-0.1%,0.3%,0.5%,2.0
2025-11-14 21:00:00+05:30,Core PPI MoMOCT,,,,0.3%,2.0
2025-11-14 21:00:00+05:30,Monthly Budget StatementOCT,,$198B,,$-290.0B,2.0
2025-11-14 21:00:00+05:30,EIA Natural Gas Stocks ChangeNOV/07,45Bcf,33Bcf,34Bcf,,3.0
2025-11-14 21:00:00+05:30,EIA Natural Gas Stocks ChangeNOV/07,,33Bcf,34Bcf,,3.0
2025-11-14 21:00:00+05:30,PPISEP,,149.160,,149.4,2.0
2025-11-14 21:00:00+05:30,Retail Sales YoYSEP,,5%,,3.9%,2.0
2025-11-14 21:00:00+05:30,Core PPI MoMSEP,,-0.1%,,0.2%,2.0
2025-11-14 21:00:00+05:30,PPI MoMOCT,,,,0.4%,2.0
2025-11-14 21:00:00+05:30,Retail Sales YoYOCT,,,,2.7%,2.0
2025-11-14 21:00:00+05:30,Retail Sales Control Group MoMOCT,,,,0.3%,2.0
2025-11-14 21:00:00+05:30,PPI YoYOCT,,,,2.7%,2.0
2025-11-14 21:00:00+05:30,Core PPI YoYOCT,,,,2.8%,2.0
2025-11-14 21:00:00+05:30,Retail Sales Ex Autos MoMSEP,,0.7%,0.3%,0.4%,2.0
2025-11-14 21:00:00+05:30,Core PPI YoYSEP,,2.8%,,2.8%,2.0
2025-11-14 21:00:00+05:30,Retail Sales MoMSEP,,0.6%,0.4%,0.3%,2.0
2025-11-14 21:00:00+05:30,Retail Sales Ex Autos MoMOCT,,,,0.2%,2.0
2025-11-14 21:00:00+05:30,Retail Inventories Ex Autos MoMSEP,,,,0.2%,2.0
2025-11-14 21:00:00+05:30,"PPI Ex Food, Energy and Trade MoMSEP",,0.3%,0.2%,0.2%,2.0
2025-11-14 21:00:00+05:30,Retail Sales Ex Gas/Autos MoMOCT,,,,0.2%,2.0
2025-11-14 21:00:00+05:30,Business Inventories MoMAUG,,0.2%,0.1%,0.1%,2.0
2025-11-14 21:00:00+05:30,Retail Sales Control Group MoMSEP,,0.7%,,0.4%,2.0
2025-11-14 21:00:00+05:30,Retail Sales MoMOCT,,,,0.2%,2.0
2025-11-14 21:00:00+05:30,Business Inventories MoMSEP,,,,0.3%,2.0
2025-11-14 21:00:00+05:30,"PPI Ex Food, Energy and Trade YoYSEP",,2.8%,2.7%,2.7%,2.0
2025-11-14 21:00:00+05:30,PPI YoYSEP,,2.6%,2.6%,2.6%,2.0
2025-11-14 21:00:00+05:30,Retail Sales Ex Gas/Autos MoMSEP,,0.7%,,-0.5%,2.0
2025-11-14 23:30:00+05:30,PPI YoYSEP,,2.6%,2.6%,2.6%,3.0
2025-11-14 23:30:00+05:30,Retail Sales YoYOCT,,,,2.7%,3.0
2025-11-14 23:30:00+05:30,"PPI Ex Food, Energy and Trade YoYSEP",,2.8%,2.7%,2.7%,3.0
2025-11-14 23:30:00+05:30,Baker Hughes Oil Rig CountNOV/14,417,414,415,,3.0
2025-11-14 23:30:00+05:30,Retail Sales Control Group MoMOCT,,,,0.3%,3.0
2025-11-14 23:30:00+05:30,Business Inventories MoMAUG,,0.2%,0.1%,0.1%,3.0
2025-11-14 23:30:00+05:30,"PPI Ex Food, Energy and Trade MoMSEP",,0.3%,0.2%,0.2%,3.0
2025-11-14 23:30:00+05:30,Baker Hughes Oil Rig CountNOV/14,,414,,,3.0
2025-11-14 23:30:00+05:30,Baker Hughes Total Rigs CountNOV/14,549,548,,,3.0
2025-11-14 23:30:00+05:30,Retail Sales MoMOCT,,,,0.2%,3.0
2025-11-14 23:30:00+05:30,Retail Sales Ex Autos MoMOCT,,,,0.2%,3.0
2025-11-14 23:30:00+05:30,Business Inventories MoMSEP,,,,0.3%,3.0
2025-11-14 23:30:00+05:30,PPI MoMSEP,,-0.1%,0.3%,0.5%,3.0
2025-11-14 23:30:00+05:30,"PPI Ex Food, Energy and Trade MoMOCT",,,,0.3%,3.0
2025-11-14 23:30:00+05:30,Retail Sales Ex Gas/Autos MoMOCT,,,,0.2%,3.0
2025-11-14 23:30:00+05:30,Core PPI YoYOCT,,,,2.8%,3.0
2025-11-14 23:30:00+05:30,Retail Inventories Ex Autos MoMSEP,,,,0.2%,3.0
2025-11-14 23:30:00+05:30,PPIOCT,,,,149.9,3.0
2025-11-14 23:30:00+05:30,Retail Sales MoMSEP,,0.6%,0.4%,0.3%,3.0
2025-11-14 23:30:00+05:30,Core PPI YoYSEP,,2.8%,,2.8%,3.0
2025-11-14 23:30:00+05:30,Retail Sales Control Group MoMSEP,,0.7%,,0.4%,3.0
2025-11-14 23:30:00+05:30,PPISEP,,149.160,,149.4,3.0
2025-11-14 23:30:00+05:30,PPI MoMOCT,,,,0.4%,3.0
2025-11-14 23:30:00+05:30,Retail Sales Ex Gas/Autos MoMSEP,,0.7%,,-0.5%,3.0
2025-11-14 23:30:00+05:30,Retail Sales YoYSEP,,5%,,3.9%,3.0
2025-11-14 23:30:00+05:30,Retail Inventories Ex Autos MoMAUG,,0.1%,0.3%,0.3%,3.0
2025-11-14 23:30:00+05:30,Retail Sales Ex Autos MoMSEP,,0.7%,0.3%,0.4%,3.0
2025-11-14 23:30:00+05:30,PPI YoYOCT,,,,2.7%,3.0
2025-11-14 23:30:00+05:30,Monthly Budget StatementOCT,,$198B,$50B,$40.0B,3.0
2025-11-14 23:30:00+05:30,"PPI Ex Food, Energy and Trade YoYOCT",,,,2.7%,3.0
2025-11-14 23:30:00+05:30,Core PPI MoMOCT,,,,0.3%,3.0
2025-11-14 23:30:00+05:30,Baker Hughes Total Rigs CountNOV/14,,548,,,3.0
2025-11-14 23:30:00+05:30,Core PPI MoMSEP,,-0.1%,,0.2%,3.0
2025-11-15 01:00:00+05:30,Fed Logan Speech,,,,,2.0
2025-11-15 01:50:00+05:30,Fed Bostic Speech,,,,,2.0
2025-11-17 19:00:00+05:30,NY Empire State Manufacturing IndexNOV,18.70,10.70,6,7,2.0
2025-11-17 19:00:00+05:30,NY Empire State Manufacturing IndexNOV,,10.70,6.1,7,2.0
2025-11-17 19:30:00+05:30,Fed Williams Speech,,,,,2.0
2025-11-17 20:00:00+05:30,Fed Jefferson Speech,,,,,2.0
2025-11-17 20:30:00+05:30,Construction Spending MoMAUG,,-0.1%,-0.1%,0.1%,3.0
2025-11-17 20:30:00+05:30,Construction Spending MoMAUG,0.2%,0.2%,-0.1%,0.1%,3.0
2025-11-17 22:00:00+05:30,3-Month Bill Auction,3.795%,3.780%,,,3.0
2025-11-17 22:00:00+05:30,3-Month Bill Auction,,3.780%,,,3.0
2025-11-17 22:00:00+05:30,6-Month Bill Auction,,3.690%,,,3.0
2025-11-17 22:00:00+05:30,6-Month Bill Auction,3.710%,3.690%,,,3.0
2025-11-17 22:30:00+05:30,NOPA Crush Report,,,,,3.0
2025-11-17 23:30:00+05:30,Fed Kashkari Speech,,,,,2.0
2025-11-17 23:30:00+05:30,Monthly Budget StatementOCT,,$198B,$50B,$40.0B,2.0
2025-11-18 02:05:00+05:30,Fed Waller Speech,,,,,2.0
2025-11-18 06:25:00+05:30,Fed Logan Speech,,,,,2.0
2025-11-18 15:30:00+05:30,Jobless Claims 4-week AverageOCT/18,58K,237.75K,,247.0K,3.0
2025-11-18 15:30:00+05:30,Continuing Jobless ClaimsOCT/11,1947.0K,1916.0K,1930K,1950.0K,3.0
2025-11-18 15:30:00+05:30,Initial Jobless ClaimsOCT/18,232K,219K,223K,254.0K,2.0
2025-11-18 15:30:00+05:30,Continuing Jobless ClaimsOCT/18,1957.0K,1947.0K,,1960.0K,3.0
2025-11-18 18:45:00+05:30,ADP Employment Change Weekly,,-11.25K,,,2.0
2025-11-18 19:00:00+05:30,Export Prices MoMOCT,,,,,2.0
2025-11-18 19:00:00+05:30,NY Fed Services Activity IndexNOV,,-23.6,,,3.0
2025-11-18 19:00:00+05:30,Import Prices YoYOCT,,,,,3.0
2025-11-18 19:00:00+05:30,Import Prices MoMOCT,,,,,2.0
2025-11-18 19:00:00+05:30,Export Prices YoYOCT,,,,,3.0
2025-11-18 19:25:00+05:30,Redbook YoYNOV/15,,5.9%,,,3.0
2025-11-18 19:45:00+05:30,Capacity UtilizationOCT,,,,,3.0
2025-11-18 19:45:00+05:30,Manufacturing Production YoYOCT,,,,,3.0
2025-11-18 19:45:00+05:30,Manufacturing Production MoMOCT,,,,,3.0
2025-11-18 19:45:00+05:30,Industrial Production MoMOCT,,,,,2.0
2025-11-18 19:45:00+05:30,Industrial Production YoYOCT,,,,,3.0
2025-11-18 20:30:00+05:30,Capacity UtilizationOCT,,,,77.2%,2.0
2025-11-18 20:30:00+05:30,Manufacturing Production MoMSEP,,0.2%,,0.1%,2.0
2025-11-18 20:30:00+05:30,Overall Net Capital FlowsAUG,,$2.1B,,,2.0
2025-11-18 20:30:00+05:30,Manufacturing Production YoYOCT,,,,1.0%,2.0
2025-11-18 20:30:00+05:30,Foreign Bond InvestmentAUG,,$58.2B,,,2.0
2025-11-18 20:30:00+05:30,Import Prices MoMOCT,,,,0.1%,2.0
2025-11-18 20:30:00+05:30,Export Prices MoMSEP,,0.3%,0.1%,0.1%,2.0
2025-11-18 20:30:00+05:30,Industrial Production YoYSEP,,0.9%,,1.6%,2.0
2025-11-18 20:30:00+05:30,Import Prices MoMSEP,,0.3%,0.1%,0.2%,2.0
2025-11-18 20:30:00+05:30,Import Prices YoYOCT,,,,0.5%,2.0
2025-11-18 20:30:00+05:30,Export Prices MoMOCT,,,,-0.1%,2.0
2025-11-18 20:30:00+05:30,Industrial Production YoYOCT,,,,1.1%,2.0
2025-11-18 20:30:00+05:30,Net Long-term TIC FlowsAUG,,$49.2B,,,2.0
2025-11-18 20:30:00+05:30,Export Prices YoYOCT,,,,3.0%,2.0
2025-11-18 20:30:00+05:30,Industrial Production MoMSEP,,0.1%,0.1%,0.1%,2.0
2025-11-18 20:30:00+05:30,Export Prices YoYSEP,,3.4%,,4.1%,2.0
2025-11-18 20:30:00+05:30,Manufacturing Production YoYSEP,,0.9%,,1.3%,2.0
2025-11-18 20:30:00+05:30,Import Prices YoYSEP,,0.0%,,0.6%,2.0
2025-11-18 20:30:00+05:30,Industrial Production MoMOCT,,,,-0.1%,2.0
2025-11-18 20:30:00+05:30,NAHB Housing Market IndexNOV,,37,36,37,2.0
2025-11-18 20:30:00+05:30,Capacity UtilizationSEP,,77.4%,77.3%,77.4%,2.0
2025-11-18 20:30:00+05:30,Manufacturing Production MoMOCT,,,,-0.2%,2.0
2025-11-18 20:30:00+05:30,Factory Orders MoMAUG,,-1.3%,1.4%,1.4%,2.0
2025-11-18 20:30:00+05:30,Factory Orders ex TransportationSEP,,0.6%,,-0.5%,3.0
2025-11-18 21:00:00+05:30,Manufacturing Production MoMOCT,,,,-0.2%,3.0
2025-11-18 21:00:00+05:30,Overall Net Capital FlowsAUG,,$2.1B,,,3.0
2025-11-18 21:00:00+05:30,Capacity UtilizationOCT,,,,77.2%,3.0
2025-11-18 21:00:00+05:30,Import Prices YoYOCT,,,,0.5%,3.0
2025-11-18 21:00:00+05:30,Manufacturing Production MoMSEP,,0.2%,,0.1%,3.0
2025-11-18 21:00:00+05:30,Import Prices MoMOCT,,,,0.1%,3.0
2025-11-18 21:00:00+05:30,Net Long-term TIC FlowsAUG,,$49.2B,,,3.0
2025-11-18 21:00:00+05:30,Industrial Production MoMOCT,,,,-0.1%,3.0
2025-11-18 21:00:00+05:30,Manufacturing Production YoYOCT,,,,1.0%,3.0
2025-11-18 21:00:00+05:30,Export Prices YoYSEP,,3.4%,,4.1%,3.0
2025-11-18 21:00:00+05:30,Export Prices MoMOCT,,,,-0.1%,3.0
2025-11-18 21:00:00+05:30,Industrial Production YoYOCT,,,,1.1%,3.0
2025-11-18 21:00:00+05:30,Export Prices YoYOCT,,,,3.0%,3.0
2025-11-18 21:00:00+05:30,Foreign Bond InvestmentAUG,,$58.2B,,,3.0
2025-11-18 21:00:00+05:30,Industrial Production MoMSEP,,0.1%,0.1%,0.1%,3.0
2025-11-18 21:00:00+05:30,Export Prices MoMSEP,,0.3%,0.1%,0.1%,3.0
2025-11-18 21:00:00+05:30,Capacity UtilizationSEP,,77.4%,77.3%,77.4%,3.0
2025-11-18 21:00:00+05:30,Import Prices YoYSEP,,0.0%,,0.6%,3.0
2025-11-18 21:00:00+05:30,Monthly Budget StatementOCT,,$198B,$50B,$40.0B,3.0
2025-11-18 21:00:00+05:30,Industrial Production YoYSEP,,0.9%,,1.6%,3.0
2025-11-18 21:00:00+05:30,Fed Barr Speech,,,,,2.0
2025-11-18 21:00:00+05:30,Import Prices MoMSEP,,0.3%,0.1%,0.2%,3.0
2025-11-18 21:00:00+05:30,Manufacturing Production YoYSEP,,0.9%,,1.3%,3.0
2025-11-18 22:30:00+05:30,Foreign Bond InvestmentAUG,,$58.2B,,,3.0
2025-11-18 22:30:00+05:30,Net Long-term TIC FlowsAUG,,$49.2B,,,
2025-11-18 22:30:00+05:30,Overall Net Capital FlowsAUG,,$2.1B,,,3.0
2025-11-19 02:30:00+05:30,Net Long-term TIC FlowsAUG,$134.2B,$39B,$126.1B,,2.0
2025-11-19 02:30:00+05:30,Foreign Bond InvestmentSEP,$23.7B,$37.9B,,,3.0
2025-11-19 02:30:00+05:30,Net Long-term TIC FlowsSEP,$179.8B,$134.2B,,,2.0
2025-11-19 02:30:00+05:30,Overall Net Capital FlowsAUG,$187.1B,$2.1B,,,3.0
2025-11-19 02:30:00+05:30,Foreign Bond InvestmentAUG,$37.9B,$58.2B,,,3.0
2025-11-19 02:30:00+05:30,Foreign Bond InvestmentSEP,,,,,3.0
2025-11-19 02:30:00+05:30,Overall Net Capital FlowsSEP,,,,,3.0
2025-11-19 02:30:00+05:30,Net Long-term TIC FlowsSEP,,,,,2.0
2025-11-19 02:30:00+05:30,Overall Net Capital FlowsSEP,$190.1B,$187.1B,,,3.0
2025-11-19 03:00:00+05:30,API Crude Oil Stock ChangeNOV/14,,1.3M,,,2.0
2025-11-19 03:00:00+05:30,API Crude Oil Stock ChangeNOV/14,4.4M,1.3M,,,2.0
2025-11-19 17:30:00+05:30,MBA Purchase IndexNOV/14,168.7,172.7,,,3.0
2025-11-19 17:30:00+05:30,MBA Mortgage Refinance IndexNOV/14,1156.8,1247.5,,,3.0
2025-11-19 17:30:00+05:30,MBA Purchase IndexNOV/14,,172.7,,,3.0
2025-11-19 17:30:00+05:30,MBA Mortgage ApplicationsNOV/14,,0.6%,,,3.0
2025-11-19 17:30:00+05:30,MBA Mortgage ApplicationsNOV/14,-5.2%,0.6%,,,3.0
2025-11-19 17:30:00+05:30,MBA Mortgage Refinance IndexNOV/14,,1247.5,,,3.0
2025-11-19 17:30:00+05:30,MBA Mortgage Market IndexNOV/14,316.9,334.2,,,3.0
2025-11-19 17:30:00+05:30,MBA 30-Year Mortgage RateNOV/14,6.37%,6.34%,,,2.0
2025-11-19 17:30:00+05:30,MBA 30-Year Mortgage RateNOV/14,,6.34%,,,2.0
2025-11-19 17:30:00+05:30,MBA Mortgage Market IndexNOV/14,,334.2,,,3.0
2025-11-19 19:00:00+05:30,ExportsAUG,,$280.5B,,$278.0B,2.0
2025-11-19 19:00:00+05:30,Balance of TradeAUG,$-59.6B,$-78.2B,$-61B,$-63.0B,2.0
2025-11-19 19:00:00+05:30,Building Permits PrelOCT,,,,,1.0
2025-11-19 19:00:00+05:30,Balance of TradeAUG,,$-78.3B,$-61B,$-63.0B,2.0
2025-11-19 19:00:00+05:30,ImportsAUG,,$358.8B,,$341.0B,2.0
2025-11-19 19:00:00+05:30,Housing StartsOCT,,,,,1.0
2025-11-19 19:00:00+05:30,Building Permits MoM PrelOCT,,,,,2.0
2025-11-19 19:00:00+05:30,ExportsAUG,$280.8B,$280.6B,,$278.0B,2.0
2025-11-19 19:00:00+05:30,ImportsAUG,$340.4B,$358.8B,,$341.0B,2.0
2025-11-19 19:00:00+05:30,Housing Starts MoMOCT,,,,,2.0
2025-11-19 21:00:00+05:30,EIA Distillate Fuel Production ChangeNOV/14,,0.319M,,,3.0
2025-11-19 21:00:00+05:30,EIA Distillate Stocks ChangeNOV/14,,-0.637M,,,3.0
2025-11-19 21:00:00+05:30,EIA Heating Oil Stocks ChangeNOV/14,-0.494M,0.055M,,,3.0
2025-11-19 21:00:00+05:30,EIA Gasoline Production ChangeNOV/14,-0.662M,0.102M,,,3.0
2025-11-19 21:00:00+05:30,EIA Gasoline Stocks ChangeNOV/14,2.327M,-0.945M,-0.2M,,2.0
2025-11-19 21:00:00+05:30,EIA Refinery Crude Runs ChangeNOV/14,0.259M,0.717M,,,3.0
2025-11-19 21:00:00+05:30,EIA Distillate Fuel Production ChangeNOV/14,-0.117M,0.319M,,,3.0
2025-11-19 21:00:00+05:30,EIA Heating Oil Stocks ChangeNOV/14,,0.055M,,,3.0
2025-11-19 21:00:00+05:30,EIA Cushing Crude Oil Stocks ChangeNOV/14,-0.698M,-0.346M,,,3.0
2025-11-19 21:00:00+05:30,EIA Distillate Stocks ChangeNOV/14,0.171M,-0.637M,-1.2M,,3.0
2025-11-19 21:00:00+05:30,EIA Gasoline Stocks ChangeNOV/14,,-0.945M,,,2.0
2025-11-19 21:00:00+05:30,EIA Crude Oil Imports ChangeNOV/14,-0.614M,0.849M,,,3.0
2025-11-19 21:00:00+05:30,EIA Cushing Crude Oil Stocks ChangeNOV/14,,-0.346M,,,3.0
2025-11-19 21:00:00+05:30,EIA Refinery Crude Runs ChangeNOV/14,,0.717M,,,3.0
2025-11-19 21:00:00+05:30,EIA Gasoline Production ChangeNOV/14,,0.102M,,,3.0
2025-11-19 21:00:00+05:30,EIA Crude Oil Imports ChangeNOV/14,,0.849M,,,3.0
2025-11-19 21:00:00+05:30,EIA Crude Oil Stocks ChangeNOV/14,-3.426M,6.413M,-0.6M,,2.0
2025-11-19 21:00:00+05:30,EIA Crude Oil Stocks ChangeNOV/14,,6.413M,,,2.0
2025-11-19 22:00:00+05:30,17-Week Bill Auction,,3.750%,,,3.0
2025-11-19 22:00:00+05:30,17-Week Bill Auction,3.750%,3.750%,,,3.0
2025-11-19 23:30:00+05:30,Foreign Bond InvestmentAUG,,$58.2B,,,3.0
2025-11-19 23:30:00+05:30,Housing Starts MoMSEP,,-8.5%,,1.0%,3.0
2025-11-19 23:30:00+05:30,Overall Net Capital FlowsSEP,,,,,3.0
2025-11-19 23:30:00+05:30,Housing Starts MoMOCT,,,,0.8%,3.0
2025-11-19 23:30:00+05:30,Foreign Bond InvestmentSEP,,,,,3.0
2025-11-19 23:30:00+05:30,20-Year Bond Auction,4.706%,4.506%,,,3.0
2025-11-19 23:30:00+05:30,Overall Net Capital FlowsAUG,,$2.1B,,,3.0
2025-11-19 23:30:00+05:30,Net Long-term TIC FlowsAUG,,$49.2B,$126.1B,,3.0
2025-11-19 23:30:00+05:30,Net Long-term TIC FlowsSEP,,,,,3.0
2025-11-19 23:30:00+05:30,20-Year Bond Auction,,4.506%,,,3.0
2025-11-19 23:30:00+05:30,Building Permits MoM PrelOCT,,,,0.7%,3.0
2025-11-19 23:30:00+05:30,Housing StartsSEP,,1.307M,1.33M,1.32M,3.0
2025-11-19 23:30:00+05:30,Building Permits MoM PrelSEP,,-2.3%,,0.8%,3.0
2025-11-19 23:30:00+05:30,Building Permits PrelSEP,,1.33M,1.34M,1.34M,3.0
2025-11-19 23:30:00+05:30,Housing StartsOCT,,,,1.33M,3.0
2025-11-19 23:30:00+05:30,Building Permits PrelOCT,,,,1.35M,3.0
2025-11-20 00:30:00+05:30,Fed Williams Speech,,,,,2.0
2025-11-20 00:30:00+05:30,FOMC Minutes,,,,,1.0
2025-11-20 19:00:00+05:30,Participation RateSEP,,62.3%,,62.3%,2.0
2025-11-20 19:00:00+05:30,Average Hourly Earnings MoMSEP,,0.3%,0.3%,0.2%,2.0
2025-11-20 19:00:00+05:30,Philly Fed Prices PaidNOV,,49.20,,,3.0
2025-11-20 19:00:00+05:30,Philly Fed Business ConditionsNOV,,36.2,,,3.0
2025-11-20 19:00:00+05:30,Unemployment RateSEP,,4.3%,4.3%,4.3%,1.0
2025-11-20 19:00:00+05:30,Manufacturing PayrollsSEP,,-12K,-8K,-4.0K,3.0
2025-11-20 19:00:00+05:30,Philadelphia Fed Manufacturing IndexNOV,,-12.8,-3.1,-1,2.0
2025-11-20 19:00:00+05:30,Jobless Claims 4-week AverageNOV/15,,,,,3.0
2025-11-20 19:00:00+05:30,U-6 Unemployment RateSEP,,8.1%,,8.1%,3.0
2025-11-20 19:00:00+05:30,Nonfarm Payrolls PrivateSEP,,38K,62K,40.0K,3.0
2025-11-20 19:00:00+05:30,Initial Jobless ClaimsNOV/15,,,,,2.0
2025-11-20 19:00:00+05:30,Average Hourly Earnings YoYSEP,,3.7%,3.7%,3.7%,2.0
2025-11-20 19:00:00+05:30,Philly Fed New OrdersNOV,,18.2,,,3.0
2025-11-20 19:00:00+05:30,Philly Fed CAPEX IndexNOV,,25.20,,,3.0
2025-11-20 19:00:00+05:30,Government PayrollsSEP,,-16K,,-10.0K,3.0
2025-11-20 19:00:00+05:30,Average Weekly HoursSEP,,34.2,34.2,34.2,3.0
2025-11-20 19:00:00+05:30,Continuing Jobless ClaimsNOV/08,,,,,3.0
2025-11-20 19:00:00+05:30,Philly Fed EmploymentNOV,,4.6,,,3.0
2025-11-20 19:00:00+05:30,Non Farm PayrollsSEP,,22K,50K,50.0K,1.0
2025-11-20 19:15:00+05:30,Fed Hammack Speech,,,,,2.0
2025-11-20 20:30:00+05:30,Existing Home SalesOCT,,4.06M,4.08M,4.1M,1.0
2025-11-20 20:30:00+05:30,Existing Home Sales MoMOCT,,1.5%,,0.9%,2.0
2025-11-20 20:30:00+05:30,CB Leading Index MoMOCT,,,,,3.0
2025-11-20 21:00:00+05:30,EIA Natural Gas Stocks ChangeNOV/14,,45Bcf,-12Bcf,,3.0
2025-11-20 21:30:00+05:30,Fed Cook Speech,,,,,2.0
2025-11-20 21:30:00+05:30,Kansas Fed Composite IndexNOV,,6,,4,3.0
2025-11-20 21:30:00+05:30,Kansas Fed Manufacturing IndexNOV,,15,,12,3.0
2025-11-20 22:00:00+05:30,8-Week Bill Auction,,3.835%,,,3.0
2025-11-20 22:00:00+05:30,4-Week Bill Auction,,3.900%,,,3.0
2025-11-20 22:30:00+05:30,30-Year Mortgage RateNOV/20,,6.24%,,,3.0
2025-11-20 22:30:00+05:30,15-Year Mortgage RateNOV/20,,5.49%,,,3.0
2025-11-20 23:30:00+05:30,CB Leading Index MoMOCT,,,,-0.2%,3.0
2025-11-20 23:30:00+05:30,Continuing Jobless ClaimsSEP/20,,1926K,1930K,1929.0K,3.0
2025-11-20 23:30:00+05:30,Initial Jobless ClaimsOCT/11,,,,249.0K,3.0
2025-11-20 23:30:00+05:30,Jobless Claims 4-week AverageSEP/27,,237.5K,,239.0K,3.0
2025-11-20 23:30:00+05:30,Continuing Jobless ClaimsNOV/08,,,,1970.0K,3.0
2025-11-20 23:30:00+05:30,Jobless Claims 4-week AverageOCT/18,,,,247.0K,3.0
2025-11-20 23:30:00+05:30,Continuing Jobless ClaimsOCT/25,,1957.0K,,1965.0K,3.0
2025-11-20 23:30:00+05:30,Jobless Claims 4-week AverageOCT/25,,58K,,249.0K,3.0
2025-11-20 23:30:00+05:30,Continuing Jobless ClaimsSEP/27,,,,1937.0K,3.0
2025-11-20 23:30:00+05:30,Initial Jobless ClaimsOCT/25,,232K,,257.0K,3.0
2025-11-20 23:30:00+05:30,Jobless Claims 4-week AverageOCT/11,,,,243.0K,3.0
2025-11-20 23:30:00+05:30,Initial Jobless ClaimsSEP/27,,218K,223K,223.0K,3.0
2025-11-20 23:30:00+05:30,Jobless Claims 4-week AverageNOV/15,,,,253.0K,3.0
2025-11-20 23:30:00+05:30,Continuing Jobless ClaimsNOV/01,,,,1967.0K,3.0
2025-11-20 23:30:00+05:30,Initial Jobless ClaimsOCT/18,,,223K,254.0K,3.0
2025-11-20 23:30:00+05:30,Continuing Jobless ClaimsOCT/18,,,,1960.0K,3.0
2025-11-20 23:30:00+05:30,Jobless Claims 4-week AverageNOV/01,,,,250.0K,3.0
2025-11-20 23:30:00+05:30,Initial Jobless ClaimsNOV/01,,,,259.0K,3.0
2025-11-20 23:30:00+05:30,Initial Jobless ClaimsNOV/15,,,,262.0K,3.0
2025-11-20 23:30:00+05:30,Continuing Jobless ClaimsOCT/11,,,1930K,1950.0K,3.0
2025-11-20 23:30:00+05:30,Jobless Claims 4-week AverageOCT/04,,,,240.0K,3.0
2025-11-20 23:30:00+05:30,CB Leading Index MoMSEP,,-0.5%,-0.3%,-0.3%,3.0
2025-11-20 23:30:00+05:30,Initial Jobless ClaimsNOV/08,,,,260.0K,3.0
2025-11-20 23:30:00+05:30,10-Year TIPS Auction,,1.734%,,,3.0
2025-11-20 23:30:00+05:30,Continuing Jobless ClaimsOCT/04,,,,1942.0K,3.0
2025-11-20 23:30:00+05:30,Jobless Claims 4-week AverageNOV/08,,,,252.0K,3.0
2025-11-20 23:30:00+05:30,Initial Jobless ClaimsOCT/04,,,227K,235.0K,3.0
2025-11-21 00:10:00+05:30,Fed Goolsbee Speech,,,,,2.0
2025-11-21 03:00:00+05:30,Fed Balance SheetNOV/19,$6.56T,$6.58T,,,3.0
2025-11-21 03:00:00+05:30,Fed Balance SheetNOV/19,,$6.58T,,,3.0
2025-11-21 04:45:00+05:30,Fed Miran Speech,,,,,2.0
2025-11-21 18:00:00+05:30,Fed Williams Speech,,,,,2.0
2025-11-21 19:00:00+05:30,Fed Barr Speech,,,,,2.0
2025-11-21 19:15:00+05:30,Fed Jefferson Speech,,,,,2.0
2025-11-21 19:30:00+05:30,Fed Logan Speech,,,,,2.0
2025-11-21 19:30:00+05:30,Fed Collins Speech,,,,,2.0
2025-11-21 20:15:00+05:30,S&P Global Services PMI FlashNOV,,54.8,54.6,54,2.0
2025-11-21 20:15:00+05:30,S&P Global Composite PMI FlashNOV,,54.6,54.5,53.8,2.0
2025-11-21 20:15:00+05:30,S&P Global Manufacturing PMI FlashNOV,,52.5,52,52,2.0
2025-11-21 20:15:00+05:30,S&P Global Manufacturing PMI FlashNOV,51.9,52.5,52,52,2.0
2025-11-21 20:15:00+05:30,S&P Global Composite PMI FlashNOV,54.8,54.6,54.5,53.8,2.0
2025-11-21 20:15:00+05:30,S&P Global Services PMI FlashNOV,55.0,54.8,54.6,54,2.0
2025-11-21 20:30:00+05:30,Michigan Current Conditions FinalNOV,,58.6,52.3,52.3,3.0
2025-11-21 20:30:00+05:30,Michigan 5 Year Inflation Expectations FinalNOV,3.4%,3.9%,3.6%,3.6%,3.0
2025-11-21 20:30:00+05:30,Michigan Consumer Sentiment FinalNOV,51.0,53.6,50.5,50.3,2.0
2025-11-21 20:30:00+05:30,Wholesale Inventories MoMAUG,0%,0.1%,-0.2%,-0.2%,3.0
2025-11-21 20:30:00+05:30,Michigan Consumer Sentiment FinalNOV,,53.6,50.5,50.3,2.0
2025-11-21 20:30:00+05:30,Michigan 5 Year Inflation Expectations FinalNOV,,3.9%,3.6%,3.6%,3.0
2025-11-21 20:30:00+05:30,Michigan Consumer Expectations FinalNOV,51.0,50.3,49.0,49.0,3.0
2025-11-21 20:30:00+05:30,Michigan Inflation Expectations FinalNOV,,4.6%,4.7%,4.7%,3.0
2025-11-21 20:30:00+05:30,Michigan Current Conditions FinalNOV,51.1,58.6,52.3,52.3,3.0
2025-11-21 20:30:00+05:30,Michigan Inflation Expectations FinalNOV,4.5%,4.6%,4.7%,4.7%,3.0
2025-11-21 20:30:00+05:30,Michigan Consumer Expectations FinalNOV,,50.3,49.0,49.0,3.0
2025-11-21 20:30:00+05:30,Wholesale Inventories MoMAUG,,0%,-0.2%,-0.2%,3.0
2025-11-21 23:30:00+05:30,Baker Hughes Total Rigs CountNOV/21,554,549,,,3.0
2025-11-21 23:30:00+05:30,Baker Hughes Oil Rig CountNOV/21,,,,,3.0
2025-11-21 23:30:00+05:30,Baker Hughes Oil Rig CountNOV/21,419,417,418,,3.0
2025-11-21 23:30:00+05:30,Baker Hughes Total Rigs CountNOV/21,,,,,3.0
2025-11-22 22:25:00+05:30,Fed Collins Speech,,,,,2.0
2025-11-24 19:00:00+05:30,Chicago Fed National Activity IndexOCT,,,,,2.0
2025-11-24 21:00:00+05:30,Dallas Fed Manufacturing IndexNOV,-10.4,-5.0,,-1,2.0
2025-11-24 21:00:00+05:30,Dallas Fed Manufacturing IndexNOV,,-5.0,,-1,2.0
2025-11-24 22:00:00+05:30,6-Month Bill Auction,3.670%,3.710%,,,3.0
2025-11-24 22:00:00+05:30,3-Month Bill Auction,,3.795%,,,3.0
2025-11-24 22:00:00+05:30,3-Month Bill Auction,3.745%,3.795%,,,3.0
2025-11-24 22:00:00+05:30,6-Month Bill Auction,,3.710%,,,3.0
2025-11-24 23:30:00+05:30,2-Year Note Auction,,3.504%,,,3.0
2025-11-24 23:30:00+05:30,Chicago Fed National Activity IndexOCT,,,,-0.2,3.0
2025-11-24 23:30:00+05:30,Chicago Fed National Activity IndexSEP,,-0.12,,-0.4,3.0
2025-11-24 23:30:00+05:30,2-Year Note Auction,3.489%,3.504%,,,3.0
2025-11-25 18:45:00+05:30,ADP Employment Change Weekly,-13.5K,-2.5K,,,
2025-11-25 18:45:00+05:30,ADP Employment Change Weekly,,-2.5K,,,2.0
2025-11-25 19:00:00+05:30,Core PPI YoYSEP,,2.8%,,2.8%,3.0
2025-11-25 19:00:00+05:30,Retail Sales Ex Autos MoMSEP,,0.7%,0.4%,0.4%,2.0
2025-11-25 19:00:00+05:30,Retail Sales Ex Gas/Autos MoMSEP,0.1%,0.6%,0.4%,-0.5%,
2025-11-25 19:00:00+05:30,Retail Sales Control Group MoMSEP,,0.7%,0.3%,0.4%,2.0
2025-11-25 19:00:00+05:30,Core PPI MoMSEP,,-0.1%,0.3%,0.2%,2.0
2025-11-25 19:00:00+05:30,PPI MoMSEP,,-0.1%,0.3%,0.5%,1.0
2025-11-25 19:00:00+05:30,PPI YoYSEP,,2.6%,2.6%,2.6%,3.0
2025-11-25 19:00:00+05:30,"PPI Ex Food, Energy and Trade MoMSEP",,0.3%,0.2%,0.2%,3.0
2025-11-25 19:00:00+05:30,Retail Sales Ex Gas/Autos MoMSEP,,0.7%,0.3%,-0.5%,3.0
2025-11-25 19:00:00+05:30,PPI YoYSEP,2.7%,2.7%,2.7%,2.6%,
2025-11-25 19:00:00+05:30,Retail Sales YoYSEP,4.3%,5%,,3.9%,
2025-11-25 19:00:00+05:30,Retail Sales Ex Autos MoMSEP,0.3%,0.6%,0.4%,0.4%,
2025-11-25 19:00:00+05:30,PPI MoMSEP,0.3%,-0.1%,0.3%,0.5%,
2025-11-25 19:00:00+05:30,"PPI Ex Food, Energy and Trade YoYSEP",,2.8%,2.7%,2.7%,3.0
2025-11-25 19:00:00+05:30,PPISEP,,149.160,,149.4,3.0
2025-11-25 19:00:00+05:30,Retail Sales YoYSEP,,5%,,3.9%,3.0
2025-11-25 19:00:00+05:30,Retail Sales MoMSEP,,0.6%,0.4%,0.3%,1.0
2025-11-25 19:00:00+05:30,"PPI Ex Food, Energy and Trade YoYSEP",2.9%,2.9%,2.7%,2.7%,
2025-11-25 19:00:00+05:30,Retail Sales Control Group MoMSEP,-0.1%,0.6%,0.3%,0.4%,
2025-11-25 19:00:00+05:30,PPISEP,149.779,149.316,,149.4,
2025-11-25 19:00:00+05:30,"PPI Ex Food, Energy and Trade MoMSEP",0.1%,0.3%,0.2%,0.2%,
2025-11-25 19:00:00+05:30,Core PPI MoMSEP,0.1%,-0.1%,0.2%,0.2%,
2025-11-25 19:00:00+05:30,Core PPI YoYSEP,2.6%,2.9%,2.7%,2.8%,
2025-11-25 19:00:00+05:30,Retail Sales MoMSEP,0.2%,0.6%,0.4%,0.3%,
2025-11-25 19:25:00+05:30,Redbook YoYNOV/22,5.9%,6.1%,,,
2025-11-25 19:25:00+05:30,Redbook YoYNOV/22,,6.1%,,,3.0
2025-11-25 19:30:00+05:30,S&P/Case-Shiller Home Price MoMSEP,,-0.6%,,-0.4%,3.0
2025-11-25 19:30:00+05:30,House Price Index YoYSEP,,2.3%,,1.5%,3.0
2025-11-25 19:30:00+05:30,S&P/Case-Shiller Home Price YoYSEP,,1.6%,1.4%,1.6%,2.0
2025-11-25 19:30:00+05:30,S&P/Case-Shiller Home Price YoYSEP,1.4%,1.6%,1.4%,1.6%,
2025-11-25 19:30:00+05:30,House Price Index MoMSEP,,0.4%,,0.3%,3.0
2025-11-25 19:30:00+05:30,House Price IndexSEP,435.4,435.6,,436.6,
2025-11-25 19:30:00+05:30,House Price IndexSEP,,435.3,,436.6,3.0
2025-11-25 19:30:00+05:30,House Price Index MoMSEP,0%,0.4%,,0.3%,
2025-11-25 19:30:00+05:30,House Price Index YoYSEP,1.7%,2.4%,,1.5%,
2025-11-25 19:30:00+05:30,S&P/Case-Shiller Home Price MoMSEP,-0.5%,-0.6%,,-0.4%,
2025-11-25 20:30:00+05:30,Pending Home Sales YoYOCT,,-0.9%,,-2.4%,2.0
2025-11-25 20:30:00+05:30,Pending Home Sales MoMOCT,1.9%,0.1%,0.5%,-0.4%,
2025-11-25 20:30:00+05:30,Richmond Fed Services Revenues IndexNOV,,4,,5,3.0
2025-11-25 20:30:00+05:30,Richmond Fed Manufacturing Shipments IndexNOV,-14,4,,6,
2025-11-25 20:30:00+05:30,Business Inventories MoMAUG,0%,0.1%,0.1%,0.1%,
2025-11-25 20:30:00+05:30,CB Consumer ConfidenceNOV,88.7,95.5,93.4,94.2,
2025-11-25 20:30:00+05:30,CB Consumer ConfidenceNOV,,94.6,93.5,94.2,2.0
2025-11-25 20:30:00+05:30,Pending Home Sales MoMOCT,,0.0%,0.5%,-0.4%,2.0
2025-11-25 20:30:00+05:30,Retail Inventories Ex Autos MoMAUG,,0.1%,0.3%,0.3%,3.0
2025-11-25 20:30:00+05:30,Pending Home Sales YoYOCT,-0.4%,-0.9%,,-2.4%,
2025-11-25 20:30:00+05:30,Business Inventories MoMAUG,,0.2%,0.1%,0.1%,2.0
2025-11-25 20:30:00+05:30,Richmond Fed Manufacturing IndexNOV,-15,-4,-2,-1,
2025-11-25 20:30:00+05:30,Richmond Fed Manufacturing Shipments IndexNOV,,4,,6,3.0
2025-11-25 20:30:00+05:30,Retail Inventories Ex Autos MoMAUG,0%,0.1%,0.3%,0.3%,
2025-11-25 20:30:00+05:30,Richmond Fed Manufacturing IndexNOV,,-4,-2,-1,3.0
2025-11-25 20:30:00+05:30,Richmond Fed Services Revenues IndexNOV,-4,4,,5,
2025-11-25 21:00:00+05:30,Dallas Fed Services IndexNOV,-2.3,-9.4,,-6,
2025-11-25 21:00:00+05:30,Dallas Fed Services Revenues IndexNOV,-2.5,-6.4,,-3,
2025-11-25 21:00:00+05:30,Dallas Fed Services Revenues IndexNOV,,-6.4,,-3,3.0
2025-11-25 21:00:00+05:30,Dallas Fed Services IndexNOV,,-9.4,,-6,3.0
2025-11-25 22:00:00+05:30,52-Week Bill Auction,3.460%,3.445%,,,
2025-11-25 22:00:00+05:30,52-Week Bill Auction,,3.445%,,,3.0
2025-11-25 22:00:00+05:30,2-Year FRN Auction,,0.190%,,,3.0
2025-11-25 23:30:00+05:30,5-Year Note Auction,3.562%,3.625%,,,
2025-11-25 23:30:00+05:30,5-Year Note Auction,,3.625%,,,3.0
2025-11-25 23:30:00+05:30,2-Year FRN Auction,0.168%,0.190%,,,
2025-11-25 23:30:00+05:30,Money SupplyOCT,$22.3T,$22.21T,,,
2025-11-25 23:30:00+05:30,2-Year FRN Auction,,0.190%,,,3.0
2025-11-25 23:30:00+05:30,Money SupplyOCT,,$22.21T,,,3.0
2025-11-26 01:00:00+05:30,Monthly Budget StatementOCT,$-284B,$198B,$-223B,$-250.0B,
2025-11-26 01:00:00+05:30,Monthly Budget StatementOCT,$284B,$198B,$-223B,$-250.0B,
2025-11-26 03:00:00+05:30,API Crude Oil Stock ChangeNOV/21,,4.4M,,,2.0
2025-11-26 04:00:00+05:30,API Crude Oil Stock ChangeNOV/21,-1.9M,4.4M,,,
2025-11-26 17:30:00+05:30,MBA Mortgage ApplicationsNOV/21,,-5.2%,,,
2025-11-26 17:30:00+05:30,MBA 30-Year Mortgage RateNOV/21,6.4%,6.37%,,,
2025-11-26 17:30:00+05:30,MBA Mortgage Refinance IndexNOV/21,,1156.8,,,3.0
2025-11-26 17:30:00+05:30,Building Permits MoM FinalOCT,,,,,3.0
2025-11-26 17:30:00+05:30,MBA Purchase IndexNOV/21,181.6,168.7,,,
2025-11-26 17:30:00+05:30,MBA 30-Year Mortgage RateNOV/21,,6.37%,,,2.0
2025-11-26 17:30:00+05:30,MBA Mortgage Market IndexNOV/21,,316.9,,,3.0
2025-11-26 17:30:00+05:30,Building Permits FinalOCT,,,,,3.0
2025-11-26 17:30:00+05:30,MBA Purchase IndexNOV/21,,168.7,,,3.0
2025-11-26 17:30:00+05:30,MBA Mortgage ApplicationsNOV/21,0.2%,-5.2%,,,
2025-11-26 17:30:00+05:30,Building Permits MoM FinalSEP,,,,,3.0
2025-11-26 17:30:00+05:30,MBA Mortgage Refinance IndexNOV/21,1090.4,1156.8,,,
2025-11-26 17:30:00+05:30,Building Permits FinalSEP,,,,,3.0
2025-11-26 17:30:00+05:30,MBA Mortgage Market IndexNOV/21,317.6,316.9,,,
2025-11-26 19:00:00+05:30,Retail Inventories Ex Autos MoM AdvOCT,,,,-0.1%,2.0
2025-11-26 19:00:00+05:30,Non Defense Goods Orders Ex AirSEP,,0.6%,,0.1%,
2025-11-26 19:00:00+05:30,Building Permits FinalSEP,,,,,3.0
2025-11-26 19:00:00+05:30,GDP Growth Rate QoQ 2nd EstQ3,,3.8%,,,1.0
2025-11-26 19:00:00+05:30,Corporate Profits QoQ PrelQ3,,0.2%,,1.0%,2.0
2025-11-26 19:00:00+05:30,GDP Sales QoQ 2nd EstQ3,,7.5%,,,3.0
2025-11-26 19:00:00+05:30,PCE Prices QoQ 2nd EstQ3,,2.1%,,,3.0
2025-11-26 19:00:00+05:30,Continuing Jobless ClaimsNOV/15,,1974K,,1975.0K,
2025-11-26 19:00:00+05:30,Durable Goods Orders MoMOCT,,,,,1.0
2025-11-26 19:00:00+05:30,Durable Goods Orders MoMSEP,,2.9%,0.3%,0.2%,
2025-11-26 19:00:00+05:30,Jobless Claims 4-week AverageNOV/22,,224.25K,,225.0K,3.0
2025-11-26 19:00:00+05:30,Durable Goods Orders Ex Transp MoMOCT,,,,,2.0
2025-11-26 19:00:00+05:30,GDP Sales QoQ AdvQ3,,7.5%,,7.4%,3.0
2025-11-26 19:00:00+05:30,PCE Prices QoQ AdvQ3,,2.1%,,2.3%,3.0
2025-11-26 19:00:00+05:30,Building Permits MoM FinalSEP,,,,,3.0
2025-11-26 19:00:00+05:30,Building Permits MoM FinalOCT,,,,,3.0
2025-11-26 19:00:00+05:30,Real Consumer Spending QoQ 2nd EstQ3,,2.5%,,,3.0
2025-11-26 19:00:00+05:30,GDP Price Index QoQ AdvQ3,,2.1%,2.8%,2.3%,3.0
2025-11-26 19:00:00+05:30,GDP Price Index QoQ 2nd EstQ3,,2.1%,,,2.0
2025-11-26 19:00:00+05:30,Retail Inventories Ex Autos MoM AdvSEP,,,,0.2%,3.0
2025-11-26 19:00:00+05:30,Durable Goods Orders Ex Transp MoMSEP,,0.4%,0.2%,0.2%,2.0
2025-11-26 19:00:00+05:30,Durable Goods Orders ex Defense MoMSEP,,1.9%,1.9%,1.3%,
2025-11-26 19:00:00+05:30,Durable Goods Orders ex Defense MoMOCT,,,,,3.0
2025-11-26 19:00:00+05:30,Real Consumer Spending QoQ AdvQ3,,2.5%,,2.2%,3.0
2025-11-26 19:00:00+05:30,Wholesale Inventories MoM AdvSEP,,,-0.2%,-0.3%,3.0
2025-11-26 19:00:00+05:30,Goods Trade Balance AdvSEP,,$-85.5B,$-90B,$-87.0B,3.0
2025-11-26 19:00:00+05:30,Initial Jobless ClaimsNOV/22,,220K,227K,224.0K,2.0
2025-11-26 19:00:00+05:30,Wholesale Inventories MoM AdvOCT,,,,,2.0
2025-11-26 19:00:00+05:30,Building Permits FinalOCT,,,,,3.0
2025-11-26 19:00:00+05:30,Goods Trade Balance AdvOCT,,,,,2.0
2025-11-26 19:00:00+05:30,GDP Growth Rate QoQ AdvQ3,,3.8%,3%,3.2%,3.0
2025-11-26 19:00:00+05:30,Core PCE Prices QoQ 2nd EstQ3,,2.6%,,,3.0
2025-11-26 19:00:00+05:30,Non Defense Goods Orders Ex AirOCT,,,,-0.1%,3.0
2025-11-26 19:00:00+05:30,Core PCE Prices QoQ AdvQ3,,2.6%,2.9%,2.8%,3.0
2025-11-26 20:15:00+05:30,Chicago PMINOV,,43.8,44.3,46,
2025-11-26 20:30:00+05:30,PCE Price Index MoMOCT,,,,,2.0
2025-11-26 20:30:00+05:30,New Home SalesOCT,,,,,2.0
2025-11-26 20:30:00+05:30,Core PCE Price Index YoYOCT,,,,,3.0
2025-11-26 20:30:00+05:30,Core PCE Price Index MoMOCT,,,,,1.0
2025-11-26 20:30:00+05:30,Personal Income MoMOCT,,,,,1.0
2025-11-26 20:30:00+05:30,Personal Spending MoMOCT,,,,,1.0
2025-11-26 20:30:00+05:30,New Home Sales MoMOCT,,,,,2.0
2025-11-26 20:30:00+05:30,PCE Price Index YoYOCT,,,,,2.0
2025-11-26 21:00:00+05:30,EIA Refinery Crude Runs ChangeNOV/21,,0.259M,,,3.0
2025-11-26 21:00:00+05:30,EIA Distillate Stocks ChangeNOV/21,,0.171M,,,3.0
2025-11-26 21:00:00+05:30,EIA Gasoline Stocks ChangeNOV/21,,2.327M,0.7M,,
2025-11-26 21:00:00+05:30,EIA Crude Oil Imports ChangeNOV/21,,-0.614M,,,3.0
2025-11-26 21:00:00+05:30,EIA Gasoline Production ChangeNOV/21,,-0.662M,,,3.0
2025-11-26 21:00:00+05:30,EIA Heating Oil Stocks ChangeNOV/21,,-0.494M,,,3.0
2025-11-26 21:00:00+05:30,EIA Crude Oil Stocks ChangeNOV/21,,-3.426M,-0.5M,,
2025-11-26 21:00:00+05:30,EIA Distillate Fuel Production ChangeNOV/21,,-0.117M,,,
2025-11-26 21:00:00+05:30,EIA Cushing Crude Oil Stocks ChangeNOV/21,,-0.698M,,,3.0
2025-11-26 22:00:00+05:30,17-Week Bill Auction,,3.750%,,,
2025-11-26 22:00:00+05:30,4-Week Bill Auction,,3.890%,,,3.0
2025-11-26 22:00:00+05:30,7-Year Note Auction,,3.790%,,,3.0
2025-11-26 22:00:00+05:30,8-Week Bill Auction,,3.850%,,,3.0
2025-11-26 22:30:00+05:30,EIA Natural Gas Stocks ChangeNOV/21,,-14Bcf,-1Bcf,,
2025-11-26 22:30:00+05:30,15-Year Mortgage RateNOV/27,,5.54%,,,
2025-11-26 22:30:00+05:30,30-Year Mortgage RateNOV/27,,6.26%,,,
2025-11-26 23:30:00+05:30,PCE Price Index MoMSEP,,0.3%,0.3%,0.3%,3.0
2025-11-26 23:30:00+05:30,Personal Spending MoMOCT,,,,0.2%,3.0
2025-11-26 23:30:00+05:30,Retail Inventories Ex Autos MoM AdvOCT,,,,-0.1%,3.0
2025-11-26 23:30:00+05:30,7-Year Note Auction,,3.790%,,,3.0
2025-11-26 23:30:00+05:30,New Home SalesOCT,,,,0.7M,3.0
2025-11-26 23:30:00+05:30,Building Permits PrelSEP,,1.33M,1.34M,1.34M,3.0
2025-11-26 23:30:00+05:30,Durable Goods Orders MoMOCT,,,,-0.3%,3.0
2025-11-26 23:30:00+05:30,PCE Price Index MoMOCT,,,,0.2%,3.0
2025-11-26 23:30:00+05:30,Core PCE Price Index YoYOCT,,,,2.8%,3.0
2025-11-26 23:30:00+05:30,Goods Trade Balance AdvSEP,,$-85.5B,$-90B,$-87.0B,3.0
2025-11-26 23:30:00+05:30,Building Permits FinalOCT,,,,,3.0
2025-11-26 23:30:00+05:30,Building Permits MoM FinalOCT,,,,,3.0
2025-11-26 23:30:00+05:30,GDP Growth Rate QoQ AdvQ3,,3.8%,3%,3.2%,3.0
2025-11-26 23:30:00+05:30,Core PCE Prices QoQ AdvQ3,,2.6%,2.9%,2.8%,3.0
2025-11-26 23:30:00+05:30,New Home Sales MoMSEP,,20.5%,,-13.8%,3.0
2025-11-26 23:30:00+05:30,Wholesale Inventories MoM AdvOCT,,,,-0.4%,3.0
2025-11-26 23:30:00+05:30,Building Permits MoM PrelOCT,,,,0.7%,3.0
2025-11-26 23:30:00+05:30,Durable Goods Orders MoMSEP,,2.9%,0.3%,0.2%,3.0
2025-11-26 23:30:00+05:30,PCE Price Index YoYSEP,,2.7%,2.8%,2.8%,3.0
2025-11-26 23:30:00+05:30,GDP Sales QoQ AdvQ3,,7.5%,,7.4%,3.0
2025-11-26 23:30:00+05:30,GDP Price Index QoQ AdvQ3,,2.1%,2.8%,2.3%,3.0
2025-11-26 23:30:00+05:30,Core PCE Price Index MoMOCT,,,,0.1%,3.0
2025-11-26 23:30:00+05:30,Core PCE Price Index YoYSEP,,2.9%,2.9%,2.8%,3.0
2025-11-26 23:30:00+05:30,Durable Goods Orders ex Defense MoMOCT,,,,-0.8%,3.0
2025-11-26 23:30:00+05:30,Retail Inventories Ex Autos MoMSEP,,,,0.2%,3.0
2025-11-26 23:30:00+05:30,Core PCE Price Index MoMSEP,,0.2%,0.2%,0.2%,3.0
2025-11-26 23:30:00+05:30,Building Permits FinalSEP,,,,,3.0
2025-11-26 23:30:00+05:30,Retail Inventories Ex Autos MoM AdvSEP,,,0.3%,0.2%,3.0
2025-11-26 23:30:00+05:30,New Home Sales MoMOCT,,,,1.4%,3.0
2025-11-26 23:30:00+05:30,Baker Hughes Oil Rig CountNOV/28,,419,,,
2025-11-26 23:30:00+05:30,Durable Goods Orders Ex Transp MoMSEP,,0.4%,0.2%,0.2%,3.0
2025-11-26 23:30:00+05:30,New Home SalesSEP,,0.8M,0.71M,0.69M,3.0
2025-11-26 23:30:00+05:30,Personal Income MoMOCT,,,,0.3%,3.0
2025-11-26 23:30:00+05:30,Durable Goods Orders ex Defense MoMSEP,,1.9%,1.9%,1.3%,3.0
2025-11-26 23:30:00+05:30,Retail Inventories Ex Autos MoMAUG,,0.1%,0.3%,0.3%,3.0
2025-11-26 23:30:00+05:30,Wholesale Inventories MoM AdvSEP,,0%,-0.2%,-0.3%,3.0
2025-11-26 23:30:00+05:30,PCE Price Index YoYOCT,,,,2.8%,3.0
2025-11-26 23:30:00+05:30,Non Defense Goods Orders Ex AirSEP,,0.6%,,0.1%,3.0
2025-11-26 23:30:00+05:30,Goods Trade Balance AdvOCT,,,,$-89.0B,3.0
2025-11-26 23:30:00+05:30,Baker Hughes Total Rigs CountNOV/28,,554,,,
2025-11-26 23:30:00+05:30,Building Permits MoM PrelSEP,,-2.3%,,0.8%,3.0
2025-11-26 23:30:00+05:30,Building Permits MoM FinalSEP,,,,,3.0
2025-11-26 23:30:00+05:30,Personal Spending MoMSEP,,0.6%,0.4%,0.4%,3.0
2025-11-26 23:30:00+05:30,Durable Goods Orders Ex Transp MoMOCT,,,,-0.1%,3.0
2025-11-26 23:30:00+05:30,Non Defense Goods Orders Ex AirOCT,,,,-0.1%,3.0
2025-11-26 23:30:00+05:30,Personal Income MoMSEP,,0.4%,0.4%,0.4%,3.0
2025-11-26 23:30:00+05:30,Building Permits PrelOCT,,,,1.35M,3.0
2025-11-26 23:30:00+05:30,Real Consumer Spending QoQ AdvQ3,,2.5%,,2.2%,3.0
2025-11-26 23:30:00+05:30,PCE Prices QoQ AdvQ3,,2.1%,,2.3%,3.0
2025-11-27 00:30:00+05:30,Fed Beige Book,,,,,
2025-11-27 22:00:00+05:30,8-Week Bill Auction,,,,,3.0
2025-11-27 22:00:00+05:30,4-Week Bill Auction,,,,,3.0
2025-11-29 03:00:00+05:30,Fed Balance SheetNOV/26,,$6.56T,,,
2025-11-29 03:00:00+05:30,Fed Balance SheetNOV/26,$6.55T,$6.56T,,,
2025-12-01 20:15:00+05:30,S&P Global Manufacturing PMI FinalNOV,,52.5,51.9,51.9,
2025-12-01 20:15:00+05:30,S&P Global Manufacturing PMI FinalNOV,52.2,52.5,51.9,51.9,
2025-12-01 20:30:00+05:30,ISM Manufacturing PricesNOV,,58.0,59.5,58.2,
2025-12-01 20:30:00+05:30,ISM Manufacturing EmploymentNOV,44.0,46.0,,47,
2025-12-01 20:30:00+05:30,ISM Manufacturing PricesNOV,58.5,58.0,59.5,58.2,
2025-12-01 20:30:00+05:30,Construction Spending MoMOCT,,,,,3.0
2025-12-01 20:30:00+05:30,ISM Manufacturing New OrdersNOV,47.4,49.4,,49.7,
2025-12-01 20:30:00+05:30,ISM Manufacturing New OrdersNOV,,49.4,,49.7,
2025-12-01 20:30:00+05:30,ISM Manufacturing EmploymentNOV,,46.0,,47,
2025-12-01 20:30:00+05:30,ISM Manufacturing PMINOV,48.2,48.7,48.6,48.8,
2025-12-01 20:30:00+05:30,ISM Manufacturing PMINOV,,48.7,48.6,48.8,
2025-12-01 22:00:00+05:30,3-Month Bill Auction,,3.745%,,,
2025-12-01 22:00:00+05:30,3-Month Bill Auction,3.725%,3.745%,,,
2025-12-01 22:00:00+05:30,6-Month Bill Auction,,3.670%,,,
2025-12-01 22:00:00+05:30,Construction Spending MoMSEP,,0.2%,-0.1%,0.2%,
2025-12-01 22:00:00+05:30,Construction Spending MoMOCT,,,,0.1%,
2025-12-01 22:00:00+05:30,6-Month Bill Auction,3.635%,3.670%,,,
2025-12-02 06:30:00+05:30,Fed Chair Powell Speech,,,,,
2025-12-02 16:30:00+05:30,LMI Logistics Managers IndexNOV,55.7,57.4,,,
2025-12-02 19:25:00+05:30,Redbook YoYNOV/29,,5.9%,,,
2025-12-02 19:25:00+05:30,Redbook YoYNOV/29,7.6%,5.9%,,,
2025-12-02 20:30:00+05:30,Fed Bowman Speech,,,,,
2025-12-02 20:40:00+05:30,Total Vehicle SalesNOV,,15.3M,15.4M,,
2025-12-02 20:40:00+05:30,RCM/TIPP Economic Optimism IndexDEC,,43.9,44.1,48.5,
2025-12-02 20:40:00+05:30,RCM/TIPP Economic Optimism IndexDEC,47.9,43.9,44.1,48.5,
2025-12-02 20:40:00+05:30,LMI Logistics Managers IndexNOV,,57.4,,,
2025-12-03 03:00:00+05:30,API Crude Oil Stock ChangeNOV/28,,-1.9M,,,
2025-12-03 03:30:00+05:30,Total Vehicle SalesNOV,15.6M,15.3M,15.4M,,
2025-12-03 03:50:00+05:30,API Crude Oil Stock ChangeNOV/28,-2.48M,-1.9M,,,
2025-12-03 17:30:00+05:30,MBA 30-Year Mortgage RateNOV/28,,6.4%,,,
2025-12-03 17:30:00+05:30,MBA Mortgage Refinance IndexNOV/28,,1090.4,,,
2025-12-03 17:30:00+05:30,MBA Mortgage Market IndexNOV/28,313.0,317.6,,,
2025-12-03 17:30:00+05:30,MBA Mortgage Market IndexNOV/28,,317.6,,,
2025-12-03 17:30:00+05:30,MBA Purchase IndexNOV/28,,181.6,,,
2025-12-03 17:30:00+05:30,MBA Mortgage ApplicationsNOV/28,,0.2%,,,
2025-12-03 17:30:00+05:30,MBA Mortgage Refinance IndexNOV/28,1041.9,1090.4,,,
2025-12-03 17:30:00+05:30,MBA 30-Year Mortgage RateNOV/28,6.32%,6.4%,,,
2025-12-03 17:30:00+05:30,MBA Purchase IndexNOV/28,186.1,181.6,,,
2025-12-03 17:30:00+05:30,MBA Mortgage ApplicationsNOV/28,-1.4%,0.2%,,,
2025-12-03 18:45:00+05:30,ADP Employment ChangeNOV,-32K,47K,10K,15.0K,
2025-12-03 18:45:00+05:30,ADP Employment ChangeNOV,,42K,5K,15.0K,
2025-12-03 19:00:00+05:30,Import Prices YoYSEP,,0.0%,,0.6%,
2025-12-03 19:00:00+05:30,Import Prices MoMSEP,,0.3%,0.1%,0.2%,
2025-12-03 19:00:00+05:30,Export Prices YoYSEP,3.8%,3.2%,,4.1%,
2025-12-03 19:00:00+05:30,Export Prices MoMSEP,0.0%,0.1%,0.1%,0.1%,
2025-12-03 19:00:00+05:30,Import Prices YoYSEP,0.3%,-0.1%,,0.6%,
2025-12-03 19:00:00+05:30,Export Prices MoMSEP,,0.3%,0.1%,0.1%,
2025-12-03 19:00:00+05:30,Export Prices YoYSEP,,3.4%,,4.1%,
2025-12-03 19:00:00+05:30,Import Prices MoMSEP,0%,0.1%,0.1%,0.2%,
2025-12-03 19:45:00+05:30,Industrial Production MoMSEP,0.1%,-0.3%,0%,0.1%,
2025-12-03 19:45:00+05:30,Capacity UtilizationSEP,,77.4%,77.3%,77.4%,
2025-12-03 19:45:00+05:30,Manufacturing Production YoYSEP,,0.9%,,1.3%,
2025-12-03 19:45:00+05:30,Industrial Production YoYSEP,1.6%,0.84%,,1.6%,
2025-12-03 19:45:00+05:30,Manufacturing Production MoMSEP,0%,0.1%,0.1%,0.1%,
2025-12-03 19:45:00+05:30,Industrial Production MoMSEP,,0.1%,0.1%,0.1%,
2025-12-03 19:45:00+05:30,Industrial Production YoYSEP,,0.9%,,1.6%,
2025-12-03 19:45:00+05:30,Manufacturing Production YoYSEP,1.5%,1%,,1.3%,
2025-12-03 19:45:00+05:30,Manufacturing Production MoMSEP,,0.2%,,0.1%,
2025-12-03 19:45:00+05:30,Capacity UtilizationSEP,75.9%,75.9%,77.3%,77.4%,
2025-12-03 20:15:00+05:30,S&P Global Services PMI FinalNOV,,54.8,55.0,55.0,
2025-12-03 20:15:00+05:30,S&P Global Services PMI FinalNOV,54.1,54.8,55.0,55.0,
2025-12-03 20:15:00+05:30,S&P Global Composite PMI FinalNOV,,54.6,54.8,54.8,
2025-12-03 20:15:00+05:30,S&P Global Composite PMI FinalNOV,54.2,54.6,54.8,54.8,
2025-12-03 20:30:00+05:30,ISM Services PMINOV,,52.4,52.1,52.3,
2025-12-03 20:30:00+05:30,ISM Services PricesNOV,65.4,70.0,,70.3,
2025-12-03 20:30:00+05:30,ISM Services PMINOV,52.6,52.4,52.1,52.3,
2025-12-03 20:30:00+05:30,ISM Services PricesNOV,,70.0,,70.3,
2025-12-03 20:30:00+05:30,ISM Services New OrdersNOV,,56.2,,56.4,
2025-12-03 20:30:00+05:30,ISM Services EmploymentNOV,48.9,48.2,,48,
2025-12-03 20:30:00+05:30,ISM Services Business ActivityNOV,,54.3,,54.5,
2025-12-03 20:30:00+05:30,ISM Services New OrdersNOV,52.9,56.2,,56.4,
2025-12-03 20:30:00+05:30,ISM Services EmploymentNOV,,48.2,,48,
2025-12-03 20:30:00+05:30,ISM Services Business ActivityNOV,54.5,54.3,,54.5,
2025-12-03 21:00:00+05:30,EIA Cushing Crude Oil Stocks ChangeNOV/28,,-0.068M,,,
2025-12-03 21:00:00+05:30,EIA Distillate Stocks ChangeNOV/28,,1.147M,,,
2025-12-03 21:00:00+05:30,EIA Gasoline Stocks ChangeNOV/28,,2.513M,,,
2025-12-03 21:00:00+05:30,EIA Crude Oil Stocks ChangeNOV/28,0.574M,2.774M,-0.8M,,
2025-12-03 21:00:00+05:30,EIA Gasoline Production ChangeNOV/28,,0.286M,,,
2025-12-03 21:00:00+05:30,EIA Refinery Crude Runs ChangeNOV/28,,0.211M,,,
2025-12-03 21:00:00+05:30,EIA Cushing Crude Oil Stocks ChangeNOV/28,-0.457M,-0.068M,,,
2025-12-03 21:00:00+05:30,EIA Crude Oil Imports ChangeNOV/28,,1.046M,,,
2025-12-03 21:00:00+05:30,EIA Distillate Fuel Production ChangeNOV/28,,0.087M,,,
2025-12-03 21:00:00+05:30,EIA Heating Oil Stocks ChangeNOV/28,,0.057M,,,
2025-12-03 21:00:00+05:30,EIA Crude Oil Stocks ChangeNOV/28,,2.774M,,,
2025-12-03 21:40:00+05:30,EIA Gasoline Production ChangeNOV/28,0.197M,0.286M,,,
2025-12-03 21:40:00+05:30,EIA Distillate Fuel Production ChangeNOV/28,0.053M,0.087M,,,
2025-12-03 21:40:00+05:30,EIA Refinery Crude Runs ChangeNOV/28,0.433M,0.211M,,,
2025-12-03 21:40:00+05:30,EIA Crude Oil Imports ChangeNOV/28,-0.47M,1.046M,,,
2025-12-03 21:40:00+05:30,EIA Gasoline Stocks ChangeNOV/28,4.518M,2.513M,1.5M,,
2025-12-03 21:40:00+05:30,EIA Heating Oil Stocks ChangeNOV/28,-0.293M,0.057M,,,
2025-12-03 21:40:00+05:30,EIA Distillate Stocks ChangeNOV/28,2.059M,1.147M,0.7M,,
2025-12-03 22:00:00+05:30,Total Vehicle SalesNOV,,15.3M,15.4M,,
2025-12-03 22:00:00+05:30,17-Week Bill Auction,3.620%,3.740%,,,
2025-12-03 22:00:00+05:30,17-Week Bill Auction,,3.740%,,,
2025-12-04 18:00:00+05:30,Challenger Job CutsNOV,71.321K,153.074K,,98.0K,
2025-12-04 18:00:00+05:30,Challenger Job CutsNOV,,153.074K,,98.0K,
2025-12-04 19:00:00+05:30,Continuing Jobless ClaimsNOV/22,1939K,1943K,1960K,1964.0K,
2025-12-04 19:00:00+05:30,Jobless Claims 4-week AverageNOV/29,214.75K,224.25K,,225.0K,
2025-12-04 19:00:00+05:30,Jobless Claims 4-week AverageNOV/29,,223.75K,,225.0K,
2025-12-04 19:00:00+05:30,Continuing Jobless ClaimsNOV/22,,1960K,1960K,1964.0K,
2025-12-04 19:00:00+05:30,Initial Jobless ClaimsNOV/29,191K,218K,220K,220.0K,
2025-12-04 19:00:00+05:30,Initial Jobless ClaimsNOV/29,,216K,220K,220.0K,
2025-12-04 20:30:00+05:30,Factory Orders ex TransportationSEP,0.2%,-0.1%,,0.1%,
2025-12-04 20:30:00+05:30,Factory Orders MoMSEP,0.2%,1.3%,0.5%,-0.7%,
2025-12-04 21:00:00+05:30,EIA Natural Gas Stocks ChangeNOV/28,-12Bcf,-11Bcf,-18Bcf,,
2025-12-04 21:00:00+05:30,EIA Natural Gas Stocks ChangeNOV/28,,-11Bcf,,,
2025-12-04 22:00:00+05:30,8-Week Bill Auction,3.620%,3.840%,,,
2025-12-04 22:00:00+05:30,4-Week Bill Auction,,3.905%,,,
2025-12-04 22:00:00+05:30,4-Week Bill Auction,3.680%,3.905%,,,
2025-12-04 22:00:00+05:30,8-Week Bill Auction,,3.840%,,,
2025-12-04 22:30:00+05:30,15-Year Mortgage RateDEC/04,5.44%,5.51%,,,
2025-12-04 22:30:00+05:30,30-Year Mortgage RateDEC/04,6.19%,6.23%,,,
2025-12-04 22:30:00+05:30,15-Year Mortgage RateDEC/04,,5.51%,,,
2025-12-04 22:30:00+05:30,Balance of TradeOCT,,,,,2.0
2025-12-04 22:30:00+05:30,Fed Bowman Speech,,,,,
2025-12-04 22:30:00+05:30,Balance of TradeSEP,,$-59.6B,$-65.5B,$ -57B,
2025-12-04 22:30:00+05:30,ExportsSEP,,$280.8B,,$281.0B,
2025-12-04 22:30:00+05:30,ImportsOCT,,,,,2.0
2025-12-04 22:30:00+05:30,ExportsOCT,,,,,2.0
2025-12-04 22:30:00+05:30,30-Year Mortgage RateDEC/04,,6.23%,,,
2025-12-04 22:30:00+05:30,ImportsSEP,,$340.4B,,$ 338B,
2025-12-05 03:00:00+05:30,Fed Balance SheetDEC/03,$6.54T,$6.55T,,,
2025-12-05 03:00:00+05:30,Fed Balance SheetDEC/03,,$6.55T,,,
2025-12-05 19:30:00+05:30,Used Car Prices MoMNOV,1.3%,-2%,,,
2025-12-05 19:30:00+05:30,Used Car Prices YoYNOV,0%,0%,,,
2025-12-05 20:30:00+05:30,PCE Price Index MoMSEP,0.3%,0.3%,0.3%,0.3%,
2025-12-05 20:30:00+05:30,Michigan 5 Year Inflation Expectations PrelDEC,,3.4%,,3.3%,
2025-12-05 20:30:00+05:30,Michigan Inflation Expectations PrelDEC,,4.5%,,4.4%,
2025-12-05 20:30:00+05:30,Personal Income MoMSEP,,0.4%,0.4%,0.4%,
2025-12-05 20:30:00+05:30,Personal Income MoMSEP,0.4%,0.4%,0.3%,0.4%,
2025-12-05 20:30:00+05:30,Core PCE Price Index YoYSEP,2.8%,2.9%,2.9%,2.8%,
2025-12-05 20:30:00+05:30,Michigan 5 Year Inflation Expectations PrelDEC,3.2%,3.4%,,3.3%,
2025-12-05 20:30:00+05:30,Michigan Consumer Sentiment PrelDEC,53.3,51.0,52,53,
2025-12-05 20:30:00+05:30,Michigan Inflation Expectations PrelDEC,4.1%,4.5%,,4.4%,
2025-12-05 20:30:00+05:30,Personal Spending MoMSEP,0.3%,0.5%,0.3%,0.4%,
2025-12-05 20:30:00+05:30,PCE Price Index MoMSEP,,0.3%,0.3%,0.3%,
2025-12-05 20:30:00+05:30,Michigan Consumer Sentiment PrelDEC,,51.0,52,53,
2025-12-05 20:30:00+05:30,Michigan Consumer Expectations PrelDEC,55.0,51.0,51.2,53,
2025-12-05 20:30:00+05:30,Michigan Consumer Expectations PrelDEC,,51.0,51.2,53,
2025-12-05 20:30:00+05:30,Michigan Current Conditions PrelDEC,,51.1,51.3,52,
2025-12-05 20:30:00+05:30,Personal Spending MoMSEP,,0.6%,0.4%,0.4%,
2025-12-05 20:30:00+05:30,PCE Price Index YoYSEP,2.8%,2.7%,2.8%,2.8%,
2025-12-05 20:30:00+05:30,Michigan Current Conditions PrelDEC,50.7,51.1,51.3,52,
2025-12-05 20:30:00+05:30,Core PCE Price Index MoMSEP,,0.2%,0.2%,0.2%,
2025-12-05 20:30:00+05:30,PCE Price Index YoYSEP,,2.7%,2.8%,2.8%,
2025-12-05 20:30:00+05:30,Core PCE Price Index YoYSEP,,2.9%,2.9%,2.8%,
2025-12-05 20:30:00+05:30,Core PCE Price Index MoMSEP,0.2%,0.2%,0.2%,0.2%,
2025-12-05 23:30:00+05:30,Factory Orders MoMOCT,,0.2%,,,
2025-12-05 23:30:00+05:30,Baker Hughes Oil Rig CountDEC/05,,407,,,
2025-12-05 23:30:00+05:30,Baker Hughes Total Rigs CountDEC/05,549,544,,,
2025-12-05 23:30:00+05:30,Used Car Prices YoYNOV,,0%,,,
2025-12-05 23:30:00+05:30,Baker Hughes Oil Rig CountDEC/05,413,407,409,,
2025-12-05 23:30:00+05:30,Used Car Prices MoMNOV,,-2%,,,
2025-12-05 23:30:00+05:30,Factory Orders MoMSEP,,1.4%,0.2%,-0.7%,
2025-12-05 23:30:00+05:30,Factory Orders ex TransportationOCT,,0.2%,,,
2025-12-05 23:30:00+05:30,Baker Hughes Total Rigs CountDEC/05,,544,,,
2025-12-05 23:30:00+05:30,Factory Orders ex TransportationSEP,,0.1%,,0.1%,
2025-12-06 01:30:00+05:30,Consumer Credit ChangeOCT,,$13.09B,$10.5B,$14.0B,
2025-12-06 01:30:00+05:30,Consumer Credit ChangeOCT,$9.18B,$11.01B,$10.5B,$14.0B,
2025-12-08 21:30:00+05:30,Consumer Inflation ExpectationsNOV,,3.2%,,3.1%,
2025-12-08 21:30:00+05:30,Consumer Inflation ExpectationsNOV,3.2%,3.2%,,3.1%,
2025-12-08 22:00:00+05:30,3-Month Bill Auction,3.650%,3.725%,,,
2025-12-08 22:00:00+05:30,3-Month Bill Auction,,3.725%,,,
2025-12-08 22:00:00+05:30,6-Month Bill Auction,,3.635%,,,
2025-12-08 22:00:00+05:30,6-Month Bill Auction,3.580%,3.635%,,,
2025-12-08 23:30:00+05:30,3-Year Note Auction,3.614%,3.579%,,,
2025-12-08 23:30:00+05:30,3-Year Note Auction,,3.579%,,,
2025-12-09 16:30:00+05:30,NFIB Business Optimism IndexNOV,99.0,98.2,98.4,98,
2025-12-09 16:30:00+05:30,NFIB Business Optimism IndexNOV,,98.2,98.4,98,
2025-12-09 18:45:00+05:30,ADP Employment Change Weekly,4.75K,-13.5K,,,
2025-12-09 18:45:00+05:30,ADP Employment Change Weekly,,-13.5K,,,
2025-12-09 19:00:00+05:30,Unit Labour Costs QoQ FinalQ3,,1%,,,
2025-12-09 19:00:00+05:30,Nonfarm Productivity QoQ FinalQ3,,3.3%,,,
2025-12-09 19:25:00+05:30,Redbook YoYDEC/06,5.7%,7.6%,,,
2025-12-09 19:25:00+05:30,Redbook YoYDEC/06,,7.6%,,,
2025-12-09 20:30:00+05:30,JOLTs Job OpeningsOCT,,,,7.0M,
2025-12-09 20:30:00+05:30,JOLTs Job OpeningsOCT,7.670M,7.658M,,7.0M,
2025-12-09 20:30:00+05:30,JOLTs Job QuitsSEP,3.128M,3.091M,,3.15M,
2025-12-09 20:30:00+05:30,JOLTs Job QuitsOCT,,,,3.1M,
2025-12-09 20:30:00+05:30,CB Leading Index MoMSEP,,-0.5%,-0.3%,-0.3%,
2025-12-09 20:30:00+05:30,JOLTs Job QuitsSEP,,3.091M,,3.15M,
2025-12-09 20:30:00+05:30,JOLTs Job OpeningsSEP,,7.227M,7.2M,7.2M,
2025-12-09 20:30:00+05:30,JOLTs Job QuitsOCT,2.941M,3.128M,,3.1M,
2025-12-09 20:30:00+05:30,JOLTs Job OpeningsSEP,7.658M,7.227M,7.2M,7.2M,
2025-12-09 20:30:00+05:30,CB Leading Index MoMSEP,-0.3%,-0.3%,-0.3%,-0.3%,
2025-12-09 22:00:00+05:30,6-Week Bill Auction,3.650%,3.700%,,,
2025-12-09 22:00:00+05:30,6-Week Bill Auction,,3.700%,,,
2025-12-09 22:30:00+05:30,WASDE Report,,,,,
2025-12-09 23:30:00+05:30,10-Year Note Auction,4.175%,4.074%,,,
2025-12-09 23:30:00+05:30,Nonfarm Productivity QoQ PrelQ3,,3.3%,3%,1.0%,
2025-12-09 23:30:00+05:30,Unit Labour Costs QoQ PrelQ3,,1%,1%,0.8%,
2025-12-09 23:30:00+05:30,Nonfarm Productivity QoQ FinalQ3,,3.3%,,,
2025-12-09 23:30:00+05:30,Unit Labour Costs QoQ FinalQ3,,1%,,,
2025-12-09 23:30:00+05:30,10-Year Note Auction,,4.074%,,,
2025-12-10 03:00:00+05:30,API Crude Oil Stock ChangeDEC/05,,-2.48M,,,
2025-12-10 03:00:00+05:30,API Crude Oil Stock ChangeDEC/05,-4.8M,-2.48M,-1.7M,,
2025-12-10 17:30:00+05:30,MBA 30-Year Mortgage RateDEC/05,,6.32%,,,
2025-12-10 17:30:00+05:30,MBA Purchase IndexDEC/05,,186.1,,,
2025-12-10 17:30:00+05:30,MBA Mortgage Market IndexDEC/05,,313.0,,,
2025-12-10 17:30:00+05:30,MBA 30-Year Mortgage RateDEC/05,6.33%,6.32%,,,
2025-12-10 17:30:00+05:30,MBA Mortgage Market IndexDEC/05,327.9,313.0,,,
2025-12-10 17:30:00+05:30,MBA Mortgage ApplicationsDEC/05,,-1.4%,,,
2025-12-10 17:30:00+05:30,MBA Mortgage Refinance IndexDEC/05,1190.6,1041.9,,,
2025-12-10 17:30:00+05:30,MBA Mortgage ApplicationsDEC/05,4.8%,-1.4%,,,
2025-12-10 17:30:00+05:30,MBA Purchase IndexDEC/05,181.6,186.1,,,
2025-12-10 17:30:00+05:30,MBA Mortgage Refinance IndexDEC/05,,1041.9,,,
2025-12-10 19:00:00+05:30,Employment Cost Index QoQQ3,,0.9%,0.9%,0.8%,
2025-12-10 19:00:00+05:30,Employment Cost - Wages QoQQ3,,1%,,0.8%,
2025-12-10 19:00:00+05:30,Employment Cost - Benefits QoQQ3,,0.7%,,0.6%,
2025-12-10 19:00:00+05:30,Employment Cost Index QoQQ3,0.8%,0.9%,0.9%,0.8%,
2025-12-10 19:00:00+05:30,Employment Cost - Wages QoQQ3,0.8%,1%,,0.8%,
2025-12-10 19:00:00+05:30,Employment Cost - Benefits QoQQ3,0.8%,0.7%,,0.6%,
2025-12-10 20:30:00+05:30,Wholesale Inventories MoMOCT,,,,,
2025-12-10 21:00:00+05:30,EIA Gasoline Stocks ChangeDEC/05,,4.518M,,,
2025-12-10 21:00:00+05:30,EIA Refinery Crude Runs ChangeDEC/05,-0.016M,0.433M,,,
2025-12-10 21:00:00+05:30,EIA Crude Oil Stocks ChangeDEC/05,,0.574M,-1.2M,,
2025-12-10 21:00:00+05:30,EIA Refinery Crude Runs ChangeDEC/05,,0.433M,,,
2025-12-10 21:00:00+05:30,EIA Distillate Stocks ChangeDEC/05,2.502M,2.059M,1.9M,,
2025-12-10 21:00:00+05:30,EIA Heating Oil Stocks ChangeDEC/05,0.442M,-0.293M,,,
2025-12-10 21:00:00+05:30,EIA Gasoline Stocks ChangeDEC/05,6.397M,4.518M,2.8M,,
2025-12-10 21:00:00+05:30,EIA Distillate Fuel Production ChangeDEC/05,0.38M,0.053M,,,
2025-12-10 21:00:00+05:30,EIA Crude Oil Imports ChangeDEC/05,,-0.47M,,,
2025-12-10 21:00:00+05:30,EIA Crude Oil Stocks ChangeDEC/05,-1.812M,0.574M,-2.3M,,
2025-12-10 21:00:00+05:30,EIA Heating Oil Stocks ChangeDEC/05,,-0.293M,,,
2025-12-10 21:00:00+05:30,EIA Distillate Stocks ChangeDEC/05,,2.059M,,,
2025-12-10 21:00:00+05:30,EIA Crude Oil Imports ChangeDEC/05,0.212M,-0.47M,,,
2025-12-10 21:00:00+05:30,EIA Cushing Crude Oil Stocks ChangeDEC/05,,-0.457M,,,
2025-12-10 21:00:00+05:30,EIA Distillate Fuel Production ChangeDEC/05,,0.053M,,,
2025-12-10 21:00:00+05:30,EIA Gasoline Production ChangeDEC/05,-0.178M,0.197M,,,
2025-12-10 21:00:00+05:30,EIA Cushing Crude Oil Stocks ChangeDEC/05,0.308M,-0.457M,,,
2025-12-10 21:00:00+05:30,EIA Gasoline Production ChangeDEC/05,,0.197M,,,
2025-12-10 22:00:00+05:30,Wholesale Inventories MoM AdvSEP,,0%,-0.2%,-0.3%,
2025-12-10 22:00:00+05:30,Wholesale Inventories MoMSEP,,,,-0.3%,
2025-12-10 22:00:00+05:30,17-Week Bill Auction,,3.620%,,,
2025-12-10 22:00:00+05:30,Wholesale Inventories MoMOCT,,,,-0.4%,
2025-12-10 22:00:00+05:30,Wholesale Inventories MoM AdvOCT,,,,-0.4%,
2025-12-10 22:00:00+05:30,17-Week Bill Auction,3.610%,3.620%,,,
2025-12-11 00:30:00+05:30,Interest Rate Projection - 1st Yr,3.4%,3.4%,,,
2025-12-11 00:30:00+05:30,Interest Rate Projection - Current,,3.6%,,,
2025-12-11 00:30:00+05:30,Fed Interest Rate Decision,,4.0%,3.75%,3.75%,
2025-12-11 00:30:00+05:30,Fed Interest Rate Decision,3.75%,4.0%,3.75%,3.75%,
2025-12-11 00:30:00+05:30,Monthly Budget StatementNOV,$-173B,$-284B,$-205B,$-390.0B,
2025-12-11 00:30:00+05:30,Interest Rate Projection - 3rd Yr,,3.1%,,,
2025-12-11 00:30:00+05:30,Interest Rate Projection - Current,3.6%,3.6%,,,
2025-12-11 00:30:00+05:30,Interest Rate Projection - 2nd Yr,,3.1%,,,
2025-12-11 00:30:00+05:30,Interest Rate Projection - Longer,3%,3%,,,
2025-12-11 00:30:00+05:30,Interest Rate Projection - 1st Yr,,3.4%,,,
2025-12-11 00:30:00+05:30,Interest Rate Projection - 3rd Yr,3.1%,3.1%,,,
2025-12-11 00:30:00+05:30,Monthly Budget StatementNOV,,$-284B,$-205B,$-390.0B,
2025-12-11 00:30:00+05:30,Interest Rate Projection - Longer,,3%,,,
2025-12-11 00:30:00+05:30,Interest Rate Projection - 2nd Yr,3.1%,3.1%,,,
2025-12-11 00:30:00+05:30,FOMC Economic Projections,,,,,
2025-12-11 01:00:00+05:30,Fed Press Conference,,,,,
2025-12-11 19:00:00+05:30,PPI YoYNOV,,,,,
2025-12-11 19:00:00+05:30,Initial Jobless ClaimsDEC/06,,191K,221K,205.0K,
2025-12-11 19:00:00+05:30,Core PPI YoYOCT,,2.6%,,2.8%,
2025-12-11 19:00:00+05:30,Continuing Jobless ClaimsNOV/29,,1939K,,1943.0K,
2025-12-11 19:00:00+05:30,Core PPI MoMNOV,,,,,
2025-12-11 19:00:00+05:30,Jobless Claims 4-week AverageDEC/06,216.75K,214.75K,,218.0K,
2025-12-11 19:00:00+05:30,PPI MoMNOV,,,,,
2025-12-11 19:00:00+05:30,ExportsSEP,,$280.8B,,$281.0B,
2025-12-11 19:00:00+05:30,PPINOV,,,,,
2025-12-11 19:00:00+05:30,"PPI Ex Food, Energy and Trade MoMOCT",,0.1%,,0.3%,
2025-12-11 19:00:00+05:30,"PPI Ex Food, Energy and Trade YoYOCT",,2.9%,,2.7%,
2025-12-11 19:00:00+05:30,"PPI Ex Food, Energy and Trade MoMNOV",,,,,
2025-12-11 19:00:00+05:30,Jobless Claims 4-week AverageDEC/06,,214.75K,,218.0K,
2025-12-11 19:00:00+05:30,Core PPI YoYNOV,,,,,
2025-12-11 19:00:00+05:30,Initial Jobless ClaimsDEC/06,236K,192K,220K,205.0K,
2025-12-11 19:00:00+05:30,"PPI Ex Food, Energy and Trade YoYNOV",,,,,
2025-12-11 19:00:00+05:30,PPI YoYOCT,,2.7%,,2.7%,
2025-12-11 19:00:00+05:30,PPI MoMOCT,,0.3%,,0.4%,
2025-12-11 19:00:00+05:30,Continuing Jobless ClaimsNOV/29,1838K,1937K,1950K,1943.0K,
2025-12-11 19:00:00+05:30,Core PPI MoMOCT,,0.1%,,0.3%,
2025-12-11 19:00:00+05:30,PPIOCT,,149.779,,149.9,
2025-12-11 19:00:00+05:30,Balance of TradeSEP,$-52.8B,$-59.3B,$-63.3B,$ -57B,
2025-12-11 19:00:00+05:30,ImportsSEP,$342.1B,$340.2B,,$ 338B,
2025-12-11 19:00:00+05:30,Balance of TradeSEP,,$-59.6B,$-61.5B,$ -57B,
2025-12-11 19:00:00+05:30,ImportsSEP,,$340.4B,,$ 338B,
2025-12-11 19:00:00+05:30,ExportsSEP,$289.3B,$280.9B,,$281.0B,
2025-12-11 20:30:00+05:30,Wholesale Inventories MoMSEP,,0%,0.1%,-0.3%,
2025-12-11 20:30:00+05:30,Wholesale Inventories MoMSEP,0.5%,-0.1%,0.1%,-0.3%,
2025-12-11 21:00:00+05:30,EIA Natural Gas Stocks ChangeDEC/05,-177Bcf,-12Bcf,-165Bcf,,
2025-12-11 21:00:00+05:30,EIA Natural Gas Stocks ChangeDEC/05,,-12Bcf,-170Bcf,,
2025-12-11 22:00:00+05:30,8-Week Bill Auction,3.610%,3.620%,,,
2025-12-11 22:00:00+05:30,8-Week Bill Auction,,3.620%,,,
2025-12-11 22:00:00+05:30,4-Week Bill Auction,,3.680%,,,
2025-12-11 22:00:00+05:30,4-Week Bill Auction,3.610%,3.680%,,,
2025-12-11 22:30:00+05:30,15-Year Mortgage RateDEC/11,5.54%,5.44%,,,
2025-12-11 22:30:00+05:30,30-Year Mortgage RateDEC/11,6.22%,6.19%,,,
2025-12-11 22:30:00+05:30,30-Year Mortgage RateDEC/11,,6.19%,,,
2025-12-11 22:30:00+05:30,15-Year Mortgage RateDEC/11,,5.44%,,,
2025-12-11 23:30:00+05:30,Core PPI MoMOCT,,0.1%,,0.3%,
2025-12-11 23:30:00+05:30,PPI YoYNOV,,,,2.8%,
2025-12-11 23:30:00+05:30,PPI MoMOCT,,0.3%,,0.4%,
2025-12-11 23:30:00+05:30,Core PPI YoYOCT,,2.6%,,2.7%,
2025-12-11 23:30:00+05:30,PPIOCT,,149.779,,149.9,
2025-12-11 23:30:00+05:30,"PPI Ex Food, Energy and Trade MoMOCT",,0.1%,,0.2%,
2025-12-11 23:30:00+05:30,30-Year Bond Auction,,4.694%,,,
2025-12-11 23:30:00+05:30,"PPI Ex Food, Energy and Trade YoYOCT",,2.9%,,2.9%,
2025-12-11 23:30:00+05:30,"PPI Ex Food, Energy and Trade MoMNOV",,,,0.2%,
2025-12-11 23:30:00+05:30,Core PPI YoYNOV,,,,2.7%,
2025-12-11 23:30:00+05:30,PPI YoYOCT,,2.7%,,2.7%,
2025-12-11 23:30:00+05:30,30-Year Bond Auction,4.773%,4.694%,,,
2025-12-11 23:30:00+05:30,PPI MoMNOV,,,,0.3%,
2025-12-11 23:30:00+05:30,Core PPI MoMNOV,,,,0.3%,
2025-12-11 23:30:00+05:30,"PPI Ex Food, Energy and Trade YoYNOV",,,,2.8%,
2025-12-11 23:30:00+05:30,PPINOV,,,,150.3,
2025-12-12 03:00:00+05:30,Fed Balance SheetDEC/10,$6.54T,$6.54T,,,
2025-12-12 03:00:00+05:30,Fed Balance SheetDEC/10,,$6.54T,,,
2025-12-12 18:30:00+05:30,Fed Paulson Speech,,,,,
2025-12-12 19:00:00+05:30,Fed Hammack Speech,,,,,
2025-12-12 21:05:00+05:30,Fed Goolsbee Speech,,,,,
2025-12-12 23:30:00+05:30,Baker Hughes Total Rigs CountDEC/12,548,549,,,
2025-12-12 23:30:00+05:30,Baker Hughes Total Rigs CountDEC/12,,549,,,
2025-12-12 23:30:00+05:30,Baker Hughes Oil Rig CountDEC/12,414,413,415,,
2025-12-12 23:30:00+05:30,Baker Hughes Oil Rig CountDEC/12,,413,,,
2025-12-15 19:00:00+05:30,NY Empire State Manufacturing IndexDEC,-3.90,18.70,10,11,
2025-12-15 19:00:00+05:30,NY Empire State Manufacturing IndexDEC,,18.70,10.6,11,
2025-12-15 20:00:00+05:30,Fed Miran Speech,,,,,
2025-12-15 20:30:00+05:30,NAHB Housing Market IndexDEC,,38,39,37,
2025-12-15 20:30:00+05:30,NAHB Housing Market IndexDEC,39,38,38,37,
2025-12-15 21:00:00+05:30,Fed Williams Speech,,,,,
2025-12-15 22:00:00+05:30,3-Month Bill Auction,,3.650%,,,
2025-12-15 22:00:00+05:30,6-Month Bill Auction,3.495%,3.580%,,,
2025-12-15 22:00:00+05:30,6-Month Bill Auction,,3.580%,,,
2025-12-15 22:00:00+05:30,3-Month Bill Auction,3.560%,3.650%,,,
2025-12-15 22:30:00+05:30,NOPA Crush Report,,,,,
2025-12-16 18:45:00+05:30,ADP Employment Change Weekly,16.25K,2.75K,,,
2025-12-16 18:45:00+05:30,ADP Employment Change Weekly,,4.75K,,,
2025-12-16 19:00:00+05:30,Participation RateNOV,,62.4%,,,
2025-12-16 19:00:00+05:30,Building Permits PrelNOV,,,,,
2025-12-16 19:00:00+05:30,Retail Sales YoYOCT,,4.3%,,2.7%,
2025-12-16 19:00:00+05:30,Retail Sales MoMOCT,,0.2%,0.2%,0.2%,
2025-12-16 19:00:00+05:30,Retail Sales Ex Gas/Autos MoMOCT,,0.1%,,0.2%,
2025-12-16 19:00:00+05:30,Non Farm PayrollsOCT,,119K,,55.0K,
2025-12-16 19:00:00+05:30,Average Hourly Earnings MoMOCT,,,,0.3%,
2025-12-16 19:00:00+05:30,Average Hourly Earnings YoYOCT,,3.8%,,3.8%,
2025-12-16 19:00:00+05:30,NY Fed Services Activity IndexDEC,,-21.7,,,
2025-12-16 19:00:00+05:30,Nonfarm Payrolls PrivateNOV,,,,-15.0K,
2025-12-16 19:00:00+05:30,Average Hourly Earnings MoMNOV,,,,0.2%,
2025-12-16 19:00:00+05:30,Average Weekly HoursOCT,,,,34.2,
2025-12-16 19:00:00+05:30,Non Farm PayrollsNOV,,119K,,,
2025-12-16 19:00:00+05:30,Manufacturing PayrollsNOV,,,,-12.0K,
2025-12-16 19:00:00+05:30,Export Prices MoMNOV,,,,,
2025-12-16 19:00:00+05:30,Unemployment RateNOV,,4.4%,4.4%,4.6%,
2025-12-16 19:00:00+05:30,Export Prices YoYNOV,,,,,
2025-12-16 19:00:00+05:30,Manufacturing PayrollsOCT,,,,-2.0K,
2025-12-16 19:00:00+05:30,Government PayrollsNOV,,22K,,,
2025-12-16 19:00:00+05:30,Import Prices YoYNOV,,,,,
2025-12-16 19:00:00+05:30,Retail Sales Control Group MoMOCT,,-0.1%,,0.3%,
2025-12-16 19:00:00+05:30,Average Hourly Earnings YoYNOV,,,,3.7%,
2025-12-16 19:00:00+05:30,Housing StartsNOV,,,,,
2025-12-16 19:00:00+05:30,Nonfarm Payrolls PrivateOCT,,97K,,20.0K,
2025-12-16 19:00:00+05:30,Retail Sales Ex Autos MoMOCT,,0.3%,,0.2%,
2025-12-16 19:00:00+05:30,Building Permits MoM PrelNOV,,,,,
2025-12-16 19:00:00+05:30,Government PayrollsOCT,,,,-35.0K,
2025-12-16 19:00:00+05:30,Government PayrollsNOV,-5K,-157K,,-3.0K,
2025-12-16 19:00:00+05:30,Average Weekly HoursNOV,,,,34.2,
2025-12-16 19:00:00+05:30,Retail Sales Ex Autos MoMOCT,0.4%,0.1%,0.3%,0.2%,
2025-12-16 19:00:00+05:30,Average Weekly HoursOCT,34.2,34.2,,34.2,
2025-12-16 19:00:00+05:30,Government PayrollsOCT,-157K,4K,,-35.0K,
2025-12-16 19:00:00+05:30,Retail Sales MoMOCT,0%,0.1%,0.1%,0.2%,
2025-12-16 19:00:00+05:30,Participation RateNOV,62.5%,62.4%,,62.5%,
2025-12-16 19:00:00+05:30,Non Farm PayrollsOCT,-105K,108K,,55.0K,
2025-12-16 19:00:00+05:30,Average Hourly Earnings MoMOCT,0.4%,0.2%,,0.3%,
2025-12-16 19:00:00+05:30,Average Hourly Earnings MoMNOV,0.1%,0.4%,0.3%,0.2%,
2025-12-16 19:00:00+05:30,Non Farm PayrollsNOV,64K,-105K,50K,25.0K,
2025-12-16 19:00:00+05:30,Manufacturing PayrollsNOV,-5K,-9K,-5K,-12.0K,
2025-12-16 19:00:00+05:30,NY Fed Services Activity IndexDEC,-20.0,-21.7,,,
2025-12-16 19:00:00+05:30,Average Weekly HoursNOV,34.3,34.2,34.2,34.2,
2025-12-16 19:00:00+05:30,U-6 Unemployment RateNOV,,,,8.2%,
2025-12-16 19:00:00+05:30,Import Prices MoMNOV,,,,,
2025-12-16 19:00:00+05:30,Average Hourly Earnings YoYOCT,3.7%,3.7%,,3.8%,
2025-12-16 19:00:00+05:30,Nonfarm Payrolls PrivateOCT,52K,104K,,20.0K,
2025-12-16 19:00:00+05:30,U-6 Unemployment RateNOV,8.7%,8.0%,,8.2%,
2025-12-16 19:00:00+05:30,Unemployment RateNOV,4.6%,4.4%,4.4%,4.6%,
2025-12-16 19:00:00+05:30,Nonfarm Payrolls PrivateNOV,69K,52K,45K,28.0K,
2025-12-16 19:00:00+05:30,Average Hourly Earnings YoYNOV,3.5%,3.7%,,3.7%,
2025-12-16 19:00:00+05:30,Retail Sales Ex Gas/Autos MoMOCT,0.5%,0%,,0.2%,
2025-12-16 19:00:00+05:30,Retail Sales Control Group MoMOCT,0.8%,-0.1%,0.4%,0.3%,
2025-12-16 19:00:00+05:30,Retail Sales YoYOCT,3.5%,4.2%,,2.7%,
2025-12-16 19:00:00+05:30,Housing Starts MoMNOV,,,,,
2025-12-16 19:00:00+05:30,Manufacturing PayrollsOCT,-9K,-5K,,-8.0K,
2025-12-16 19:25:00+05:30,Redbook YoYDEC/13,,5.7%,,,
2025-12-16 19:25:00+05:30,Redbook YoYDEC/13,6.2%,5.7%,,,
2025-12-16 20:15:00+05:30,S&P Global Manufacturing PMI FlashDEC,,52.2,52,52,
2025-12-16 20:15:00+05:30,S&P Global Composite PMI FlashDEC,,54.2,,53.2,
2025-12-16 20:15:00+05:30,S&P Global Services PMI FlashDEC,,54.1,54.1,53,
2025-12-16 20:15:00+05:30,S&P Global Composite PMI FlashDEC,53.0,54.2,,53.2,
2025-12-16 20:15:00+05:30,S&P Global Services PMI FlashDEC,52.9,54.1,54,53,
2025-12-16 20:15:00+05:30,S&P Global Manufacturing PMI FlashDEC,51.8,52.2,52,52,
2025-12-16 20:30:00+05:30,Housing Starts MoMOCT,,,,0.8%,
2025-12-16 20:30:00+05:30,Housing Starts MoMNOV,,,,1.5%,
2025-12-16 20:30:00+05:30,Housing StartsNOV,,,,1.35M,
2025-12-16 20:30:00+05:30,Housing StartsOCT,,,,1.33M,
2025-12-16 20:30:00+05:30,Building Permits MoM FinalOCT,,,,0.7%,
2025-12-16 20:30:00+05:30,Export Prices YoYOCT,,3.8%,,3.0%,
2025-12-16 20:30:00+05:30,Building Permits MoM PrelNOV,,,,-2.9%,
2025-12-16 20:30:00+05:30,Building Permits PrelSEP,,1.33M,1.34M,1.34M,
2025-12-16 20:30:00+05:30,Import Prices YoYOCT,,0.3%,,0.5%,
2025-12-16 20:30:00+05:30,Business Inventories MoMSEP,,0%,,0.3%,
2025-12-16 20:30:00+05:30,Building Permits MoM PrelOCT,,,,0.7%,
2025-12-16 20:30:00+05:30,Housing StartsSEP,,1.307M,1.32M,1.32M,
2025-12-16 20:30:00+05:30,Housing Starts MoMSEP,,-8.5%,,1.0%,
2025-12-16 20:30:00+05:30,Retail Inventories Ex Autos MoMSEP,0%,0%,,0.2%,
2025-12-16 20:30:00+05:30,Building Permits PrelOCT,,,,1.35M,
2025-12-16 20:30:00+05:30,Building Permits PrelNOV,,,,1.31M,
2025-12-16 20:30:00+05:30,Building Permits MoM PrelSEP,,-2.3%,,0.8%,
2025-12-16 20:30:00+05:30,Import Prices MoMOCT,,0%,,0.1%,
2025-12-16 20:30:00+05:30,Building Permits FinalOCT,,,,1.35M,
2025-12-16 20:30:00+05:30,Business Inventories MoMSEP,0.2%,0%,0.2%,0.3%,
2025-12-16 20:30:00+05:30,Building Permits MoM FinalSEP,,-2.3%,,0.8%,
2025-12-16 20:30:00+05:30,Building Permits FinalSEP,,1.33M,,1.34M,
2025-12-16 20:30:00+05:30,Export Prices MoMOCT,,0.0%,,-0.1%,
2025-12-16 20:30:00+05:30,Retail Inventories Ex Autos MoMSEP,,0%,,0.2%,
2025-12-17 03:00:00+05:30,API Crude Oil Stock ChangeDEC/12,-9.3M,-4.8M,-2.2M,,
2025-12-17 03:00:00+05:30,International Monetary Market (IMM) Date,,,,,
2025-12-17 03:00:00+05:30,API Crude Oil Stock ChangeDEC/12,,-4.8M,,,
2025-12-17 17:30:00+05:30,International Monetary Market (IMM) Date,,,,,
2025-12-17 17:30:00+05:30,MBA 30-Year Mortgage RateDEC/12,,6.33%,,,
2025-12-17 17:30:00+05:30,MBA Mortgage ApplicationsDEC/12,-3.8%,4.8%,,,
2025-12-17 17:30:00+05:30,MBA Purchase IndexDEC/12,,181.6,,,
2025-12-17 17:30:00+05:30,MBA Mortgage Market IndexDEC/12,315.6,327.9,,,
2025-12-17 17:30:00+05:30,MBA Mortgage Refinance IndexDEC/12,1148.3,1190.6,,,
2025-12-17 17:30:00+05:30,MBA Mortgage Refinance IndexDEC/12,,1190.6,,,
2025-12-17 17:30:00+05:30,MBA 30-Year Mortgage RateDEC/12,6.38%,6.33%,,,
2025-12-17 17:30:00+05:30,MBA Purchase IndexDEC/12,176.5,181.6,,,
2025-12-17 17:30:00+05:30,MBA Mortgage Market IndexDEC/12,,327.9,,,
2025-12-17 17:30:00+05:30,MBA Mortgage ApplicationsDEC/12,,4.8%,,,
2025-12-17 18:45:00+05:30,Fed Waller Speech,,,,,
2025-12-17 19:35:00+05:30,Fed Williams Speech,,,,,
2025-12-17 21:00:00+05:30,EIA Crude Oil Stocks ChangeDEC/12,,-1.812M,-2.4M,,
2025-12-17 21:00:00+05:30,EIA Refinery Crude Runs ChangeDEC/12,,-0.016M,,,
2025-12-17 21:00:00+05:30,EIA Gasoline Stocks ChangeDEC/12,4.808M,6.397M,2.1M,,
2025-12-17 21:00:00+05:30,EIA Cushing Crude Oil Stocks ChangeDEC/12,,0.308M,,,
2025-12-17 21:00:00+05:30,EIA Crude Oil Stocks ChangeDEC/12,-1.274M,-1.812M,-1.1M,,
2025-12-17 21:00:00+05:30,EIA Gasoline Production ChangeDEC/12,,-0.178M,,,
2025-12-17 21:00:00+05:30,EIA Gasoline Stocks ChangeDEC/12,,6.397M,,,
2025-12-17 21:00:00+05:30,EIA Crude Oil Imports ChangeDEC/12,,0.212M,,,
2025-12-17 21:00:00+05:30,EIA Distillate Stocks ChangeDEC/12,,2.502M,,,
2025-12-17 21:00:00+05:30,EIA Heating Oil Stocks ChangeDEC/12,,0.442M,,,
2025-12-17 21:00:00+05:30,EIA Crude Oil Imports ChangeDEC/12,-0.719M,0.212M,,,
2025-12-17 21:00:00+05:30,EIA Distillate Fuel Production ChangeDEC/12,,0.38M,,,
2025-12-17 21:00:00+05:30,EIA Gasoline Production ChangeDEC/12,0.033M,-0.178M,,,
2025-12-17 21:00:00+05:30,EIA Cushing Crude Oil Stocks ChangeDEC/12,-0.742M,0.308M,,,
2025-12-17 21:00:00+05:30,EIA Distillate Stocks ChangeDEC/12,1.712M,2.502M,1.2M,,
2025-12-17 21:00:00+05:30,EIA Distillate Fuel Production ChangeDEC/12,-0.228M,0.38M,,,
2025-12-17 21:00:00+05:30,EIA Heating Oil Stocks ChangeDEC/12,0.267M,0.442M,,,
2025-12-17 21:00:00+05:30,EIA Refinery Crude Runs ChangeDEC/12,0.128M,-0.016M,,,
2025-12-17 22:00:00+05:30,17-Week Bill Auction,3.540%,3.610%,,,
2025-12-17 22:00:00+05:30,17-Week Bill Auction,,3.610%,,,
2025-12-17 23:00:00+05:30,Fed Bostic Speech,,,,,
2025-12-17 23:30:00+05:30,Business Inventories MoMOCT,,,,0.1%,
2025-12-17 23:30:00+05:30,Retail Inventories Ex Autos MoMOCT,,,,-0.1%,
2025-12-17 23:30:00+05:30,20-Year Bond Auction,,4.706%,,,
2025-12-17 23:30:00+05:30,Retail Sales Ex Gas/Autos MoMNOV,,,,0.1%,
2025-12-17 23:30:00+05:30,20-Year Bond Auction,4.798%,4.706%,,,
2025-12-17 23:30:00+05:30,Retail Sales Control Group MoMNOV,,,,0.1%,
2025-12-17 23:30:00+05:30,Retail Sales Ex Autos MoMNOV,,,,0.1%,
2025-12-17 23:30:00+05:30,Retail Sales MoMNOV,,,,0.3%,
2025-12-17 23:30:00+05:30,International Monetary Market (IMM) Date,,,,,
2025-12-17 23:30:00+05:30,Retail Sales YoYNOV,,,,3.0%,
2025-12-18 19:00:00+05:30,Philly Fed New OrdersDEC,5.0,-8.6,,,
2025-12-18 19:00:00+05:30,Inflation Rate YoYNOV,2.7%,,3.1%,3.0%,
2025-12-18 19:00:00+05:30,Core Inflation Rate YoYNOV,2.6%,,3%,3.0%,
2025-12-18 19:00:00+05:30,Initial Jobless ClaimsDEC/13,224K,237K,225K,229.0K,
2025-12-18 19:00:00+05:30,Jobless Claims 4-week AverageDEC/13,,216.75K,,218.5K,
2025-12-18 19:00:00+05:30,Jobless Claims 4-week AverageDEC/13,217.5K,217K,,218.5K,
2025-12-18 19:00:00+05:30,Continuing Jobless ClaimsDEC/06,1897K,1830K,1930K,1841.0K,
2025-12-18 19:00:00+05:30,CPINOV,324.12,,325.13,324.9,
2025-12-18 19:00:00+05:30,Continuing Jobless ClaimsDEC/06,,1838K,1940K,1841.0K,
2025-12-18 19:00:00+05:30,Philly Fed EmploymentDEC,12.9,6.0,,,
2025-12-18 19:00:00+05:30,Philly Fed CAPEX IndexDEC,30.30,26.70,,,
2025-12-18 19:00:00+05:30,CPI s.aNOV,325.031,,,325.9,
2025-12-18 19:00:00+05:30,Philly Fed Business ConditionsDEC,41.6,49.6,,,
2025-12-18 19:00:00+05:30,Philadelphia Fed Manufacturing IndexDEC,-10.2,-1.7,3,6,
2025-12-18 19:00:00+05:30,Philly Fed Prices PaidDEC,,56.10,,,
2025-12-18 19:00:00+05:30,CPINOV,,,,324.9,
2025-12-18 19:00:00+05:30,Core Inflation Rate MoMNOV,,,,0.2%,
2025-12-18 19:00:00+05:30,Inflation Rate YoYNOV,,,3%,3.0%,
2025-12-18 19:00:00+05:30,CPI s.aNOV,,,,325.9,
2025-12-18 19:00:00+05:30,Philly Fed New OrdersDEC,,-8.6,,,
2025-12-18 19:00:00+05:30,Initial Jobless ClaimsDEC/13,,236K,225K,229.0K,
2025-12-18 19:00:00+05:30,Philly Fed Prices PaidDEC,43.60,56.10,,,
2025-12-18 19:00:00+05:30,Core Inflation Rate YoYNOV,,,3%,3.0%,
2025-12-18 19:00:00+05:30,Philadelphia Fed Manufacturing IndexDEC,,-1.7,2.2,6,
2025-12-18 19:00:00+05:30,Philly Fed CAPEX IndexDEC,,26.70,,,
2025-12-18 19:00:00+05:30,Philly Fed Business ConditionsDEC,,49.6,,,
2025-12-18 19:00:00+05:30,Inflation Rate MoMNOV,,,,0.3%,
2025-12-18 19:00:00+05:30,Philly Fed EmploymentDEC,,6.0,,,
2025-12-18 20:30:00+05:30,CB Leading Index MoMNOV,,,,,
2025-12-18 21:00:00+05:30,EIA Natural Gas Stocks ChangeDEC/12,,-177Bcf,-169Bcf,,
2025-12-18 21:00:00+05:30,EIA Natural Gas Stocks ChangeDEC/12,-167Bcf,-177Bcf,-169Bcf,,
2025-12-18 21:30:00+05:30,Kansas Fed Manufacturing IndexDEC,-3,18,,11,
2025-12-18 21:30:00+05:30,Kansas Fed Composite IndexDEC,1,8,,6,
2025-12-18 21:30:00+05:30,Kansas Fed Manufacturing IndexDEC,,18,,11,
2025-12-18 21:30:00+05:30,Kansas Fed Composite IndexDEC,,8,,6,
2025-12-18 22:00:00+05:30,8-Week Bill Auction,,3.610%,,,
2025-12-18 22:00:00+05:30,8-Week Bill Auction,3.585%,3.610%,,,
2025-12-18 22:00:00+05:30,4-Week Bill Auction,,3.610%,,,
2025-12-18 22:00:00+05:30,4-Week Bill Auction,3.580%,3.610%,,,
2025-12-18 22:30:00+05:30,15-Year Mortgage RateDEC/18,,5.54%,,,
2025-12-18 22:30:00+05:30,CB Leading Index MoMSEP,,-0.5%,-0.3%,-0.3%,
2025-12-18 22:30:00+05:30,CB Leading Index MoMOCT,,,,-0.2%,
2025-12-18 22:30:00+05:30,15-Year Mortgage RateDEC/18,5.47%,5.54%,,,
2025-12-18 22:30:00+05:30,30-Year Mortgage RateDEC/18,6.21%,6.22%,,,
2025-12-18 22:30:00+05:30,30-Year Mortgage RateDEC/18,,6.22%,,,
2025-12-18 23:30:00+05:30,CB Leading Index MoMNOV,,,,-0.2%,
2025-12-18 23:30:00+05:30,5-Year TIPS Auction,1.433%,1.182%,,,
2025-12-18 23:30:00+05:30,CB Leading Index MoMSEP,,-0.5%,-0.3%,-0.3%,
2025-12-18 23:30:00+05:30,CB Leading Index MoMOCT,,-0.3%,,-0.2%,
2025-12-18 23:30:00+05:30,Core Inflation Rate MoMNOV,,,0.3%,0.2%,
2025-12-18 23:30:00+05:30,Inflation Rate MoMNOV,,,0.3%,0.3%,
2025-12-18 23:30:00+05:30,CPI s.aNOV,,,,325.9,
2025-12-18 23:30:00+05:30,5-Year TIPS Auction,,1.182%,,,
2025-12-19 02:30:00+05:30,Foreign Bond InvestmentOCT,,$23.7B,,,
2025-12-19 02:30:00+05:30,Overall Net Capital FlowsOCT,$-37.3B,$184.3B,,,
2025-12-19 02:30:00+05:30,Foreign Bond InvestmentOCT,$-61.2B,$25.1B,,,
2025-12-19 02:30:00+05:30,Overall Net Capital FlowsOCT,,$190.1B,,,
2025-12-19 02:30:00+05:30,Net Long-term TIC FlowsOCT,$17.5B,$173.2B,$122.7B,,
2025-12-19 02:30:00+05:30,Net Long-term TIC FlowsOCT,,$179.8B,$122.7B,,
2025-12-19 03:00:00+05:30,Fed Balance SheetDEC/17,,$6.54T,,,
2025-12-19 03:00:00+05:30,Fed Balance SheetDEC/17,$6.56T,$6.54T,,,
2025-12-19 19:50:00+05:30,NY Fed Bill Purchases 1 to 4 months,,,$8.165 million,,
2025-12-19 20:30:00+05:30,Michigan Current Conditions FinalDEC,50.4,51.1,50.7,50.7,
2025-12-19 20:30:00+05:30,Existing Home SalesNOV,4.13M,4.11M,4.2M,3.9M,
2025-12-19 20:30:00+05:30,Michigan 5 Year Inflation Expectations FinalDEC,,3.4%,3.2%,3.2%,
2025-12-19 20:30:00+05:30,Michigan Consumer Sentiment FinalDEC,52.9,51.0,53.4,53.3,
2025-12-19 20:30:00+05:30,Michigan Inflation Expectations FinalDEC,4.2%,4.5%,4.1%,4.1%,
2025-12-19 20:30:00+05:30,Michigan 5 Year Inflation Expectations FinalDEC,3.2%,3.4%,3.2%,3.2%,
2025-12-19 20:30:00+05:30,Michigan Inflation Expectations FinalDEC,,4.5%,4.1%,4.1%,
2025-12-19 20:30:00+05:30,Existing Home Sales MoMNOV,,1.2%,,-4.8%,
2025-12-19 20:30:00+05:30,Existing Home SalesNOV,,4.1M,4.1M,3.9M,
2025-12-19 20:30:00+05:30,Michigan Consumer Expectations FinalDEC,,51.0,55.0,55.0,
2025-12-19 20:30:00+05:30,Michigan Current Conditions FinalDEC,,51.1,50.7,50.7,
2025-12-19 20:30:00+05:30,Michigan Consumer Sentiment FinalDEC,,51.0,53.5,53.3,
2025-12-19 20:30:00+05:30,Michigan Consumer Expectations FinalDEC,54.6,51.0,55.0,55.0,
2025-12-19 20:30:00+05:30,Existing Home Sales MoMNOV,0.5%,1.5%,,-4.8%,
2025-12-19 23:30:00+05:30,Baker Hughes Total Rigs CountDEC/19,,548,,,
2025-12-19 23:30:00+05:30,Baker Hughes Oil Rig CountDEC/19,,414,,,
2025-12-19 23:30:00+05:30,Baker Hughes Oil Rig CountDEC/19,406,414,,,
2025-12-19 23:30:00+05:30,Baker Hughes Total Rigs CountDEC/19,542,548,,,
2025-12-20 07:30:00+05:30,US President Trump Speech,,,,,
2025-12-22 19:00:00+05:30,Chicago Fed National Activity IndexSEP,-0.21,-0.31,,-0.4,
2025-12-22 19:00:00+05:30,Chicago Fed National Activity IndexSEP,,-0.12,,-0.4,
2025-12-22 19:50:00+05:30,NY Fed Bill Purchases 4 to 12 months,,,$6.801 million,,
2025-12-22 22:00:00+05:30,6-Month Bill Auction,,3.495%,,,
2025-12-22 22:00:00+05:30,3-Month Bill Auction,,3.560%,,,
2025-12-22 23:30:00+05:30,2-Year Note Auction,,3.489%,,,
2025-12-22 23:30:00+05:30,Chicago Fed National Activity IndexSEP,,-0.12,,-0.4,
2025-12-23 18:45:00+05:30,ADP Employment Change Weekly,11.5K,17.5K,,,
2025-12-23 18:45:00+05:30,ADP Employment Change Weekly,,,,,
2025-12-23 19:00:00+05:30,GDP Growth Rate QoQ 2nd EstQ3,,3.8%,3.2%,3.2%,
2025-12-23 19:00:00+05:30,PCE Prices QoQQ3,2.8%,2.1%,2.8%,2.3%,
2025-12-23 19:00:00+05:30,Non Defense Goods Orders Ex AirOCT,0.5%,1.1%,,-0.1%,
2025-12-23 19:00:00+05:30,GDP Sales QoQQ3,4.6%,7.5%,,7.4%,
2025-12-23 19:00:00+05:30,Durable Goods Orders ex Defense MoMOCT,-1.5%,0.1%,,-0.8%,
2025-12-23 19:00:00+05:30,Core PCE Prices QoQQ3,2.9%,2.6%,2.9%,2.8%,
2025-12-23 19:00:00+05:30,GDP Price Index QoQQ3,3.7%,2.1%,2.7%,2.5%,
2025-12-23 19:00:00+05:30,Durable Goods Orders Ex Transp MoMOCT,0.2%,0.7%,0.3%,0.1%,
2025-12-23 19:00:00+05:30,Corporate Profits QoQ PrelQ3,4.4%,0.2%,,1.0%,
2025-12-23 19:00:00+05:30,GDP Growth Rate QoQQ3,4.3%,3.8%,3.3%,3.2%,
2025-12-23 19:00:00+05:30,Durable Goods Orders MoMOCT,-2.2%,0.7%,-1.5%,-0.9%,
2025-12-23 19:00:00+05:30,Durable Goods Orders Ex Transp MoMOCT,,0.6%,,-0.1%,
2025-12-23 19:00:00+05:30,PCE Prices QoQ 2nd EstQ3,,2.1%,2.9%,2.3%,
2025-12-23 19:00:00+05:30,Durable Goods Orders ex Defense MoMOCT,,0.1%,,-0.8%,
2025-12-23 19:00:00+05:30,Real Consumer Spending QoQ 2nd EstQ3,,2.5%,,2.2%,
2025-12-23 19:00:00+05:30,GDP Price Index QoQ 2nd EstQ3,,2.1%,,2.5%,
2025-12-23 19:00:00+05:30,Non Defense Goods Orders Ex AirOCT,,0.9%,,-0.1%,
2025-12-23 19:00:00+05:30,Core PCE Prices QoQ 2nd EstQ3,,2.6%,,2.8%,
2025-12-23 19:00:00+05:30,Corporate Profits QoQ PrelQ3,,0.2%,,1.0%,
2025-12-23 19:00:00+05:30,Durable Goods Orders MoMOCT,,0.5%,0.4%,0.3%,
2025-12-23 19:00:00+05:30,GDP Sales QoQ 2nd EstQ3,,7.5%,,7.4%,
2025-12-23 19:00:00+05:30,Real Consumer Spending QoQQ3,3.5%,2.5%,,2.2%,
2025-12-23 19:25:00+05:30,Redbook YoYDEC/20,,6.2%,,,
2025-12-23 19:25:00+05:30,Redbook YoYDEC/20,7.2%,6.2%,,,
2025-12-23 19:45:00+05:30,Manufacturing Production YoYOCT,,1.5%,,1.0%,
2025-12-23 19:45:00+05:30,Industrial Production MoMOCT,-0.1%,0.1%,0.1%,-0.1%,
2025-12-23 19:45:00+05:30,Industrial Production MoMNOV,0.2%,-0.1%,,0.0%,
2025-12-23 19:45:00+05:30,Capacity UtilizationNOV,76%,75.9%,,75.8%,
2025-12-23 19:45:00+05:30,Capacity UtilizationOCT,75.9%,76%,75.9%,76.0%,
2025-12-23 19:45:00+05:30,Industrial Production YoYOCT,2.2%,1.9%,,1.1%,
2025-12-23 19:45:00+05:30,Industrial Production YoYNOV,2.5%,2.2%,,1.0%,
2025-12-23 19:45:00+05:30,Manufacturing Production MoMNOV,0%,-0.4%,,-0.1%,
2025-12-23 19:45:00+05:30,Manufacturing Production MoMOCT,-0.4%,0%,,-0.2%,
2025-12-23 19:45:00+05:30,Manufacturing Production YoYNOV,1.9%,2.1%,,0.9%,
2025-12-23 19:45:00+05:30,Industrial Production MoMOCT,,0.1%,0.1%,-0.1%,
2025-12-23 19:45:00+05:30,Manufacturing Production MoMNOV,,,,-0.1%,
2025-12-23 19:45:00+05:30,Capacity UtilizationOCT,,75.9%,75.9%,76.0%,
2025-12-23 19:45:00+05:30,Capacity UtilizationNOV,,,,75.8%,
2025-12-23 19:45:00+05:30,Industrial Production YoYOCT,,1.6%,,1.1%,
2025-12-23 19:45:00+05:30,Industrial Production YoYNOV,,,,1.0%,
2025-12-23 19:45:00+05:30,Industrial Production MoMNOV,,,,0.0%,
2025-12-23 19:45:00+05:30,Manufacturing Production YoYNOV,,,,0.9%,
2025-12-23 19:45:00+05:30,Manufacturing Production YoYOCT,2.1%,1.8%,,1.0%,
2025-12-23 19:45:00+05:30,Manufacturing Production MoMOCT,,0%,,-0.2%,
2025-12-23 20:30:00+05:30,Richmond Fed Services Revenues IndexDEC,,-4,,1,
2025-12-23 20:30:00+05:30,Richmond Fed Manufacturing IndexDEC,-7,-15,-7,-4,
2025-12-23 20:30:00+05:30,Richmond Fed Manufacturing Shipments IndexDEC,-11,-14,,-3,
2025-12-23 20:30:00+05:30,Richmond Fed Services Revenues IndexDEC,-6,-4,,1,
2025-12-23 20:30:00+05:30,New Home SalesNOV,,,,,
2025-12-23 20:30:00+05:30,Richmond Fed Manufacturing Shipments IndexDEC,,-14,,-3,
2025-12-23 20:30:00+05:30,CB Consumer ConfidenceDEC,,88.7,89,89,
2025-12-23 20:30:00+05:30,New Home Sales MoMNOV,,,,,
2025-12-23 20:30:00+05:30,CB Consumer ConfidenceDEC,89.1,92.9,91,89,
2025-12-23 20:30:00+05:30,Richmond Fed Manufacturing IndexDEC,,-15,-7,-4,
2025-12-23 22:00:00+05:30,52-Week Bill Auction,3.380%,3.460%,,,
2025-12-23 22:00:00+05:30,2-Year FRN Auction,,0.168%,,,
2025-12-23 22:00:00+05:30,New Home Sales MoMOCT,,,,1.4%,
2025-12-23 22:00:00+05:30,52-Week Bill Auction,,3.460%,,,
2025-12-23 22:00:00+05:30,Building Permits FinalNOV,,,,1.31M,
2025-12-23 22:00:00+05:30,New Home Sales MoMSEP,,20.5%,,-13.8%,
2025-12-23 22:00:00+05:30,New Home SalesOCT,,,,0.7M,
2025-12-23 22:00:00+05:30,Building Permits MoM FinalNOV,,,,,
2025-12-23 22:00:00+05:30,New Home SalesSEP,,0.8M,0.71M,0.69M,
2025-12-23 23:30:00+05:30,Building Permits MoM FinalNOV,,,,,
2025-12-23 23:30:00+05:30,New Home SalesNOV,,,,0.71M,
2025-12-23 23:30:00+05:30,Building Permits FinalNOV,,,,1.31M,
2025-12-23 23:30:00+05:30,New Home Sales MoMSEP,,20.5%,,-13.8%,
2025-12-23 23:30:00+05:30,New Home SalesOCT,,,,0.7M,
2025-12-23 23:30:00+05:30,2-Year FRN Auction,,0.168%,,,
2025-12-23 23:30:00+05:30,New Home Sales MoMNOV,,,,1.5%,
2025-12-23 23:30:00+05:30,Money SupplyNOV,,$22.3T,,,
2025-12-23 23:30:00+05:30,New Home SalesSEP,,0.8M,0.71M,0.69M,
2025-12-23 23:30:00+05:30,ADP Employment Change Weekly,,16.25K,,,
2025-12-23 23:30:00+05:30,5-Year Note Auction,,3.562%,,,
2025-12-23 23:30:00+05:30,New Home Sales MoMOCT,,,,1.4%,
2025-12-23 23:30:00+05:30,5-Year Note Auction,3.747%,3.562%,,,
2025-12-23 23:30:00+05:30,Money SupplyNOV,$22.3T,$22.3T,,,
2025-12-23 23:30:00+05:30,2-Year FRN Auction,0.139%,0.168%,,,
2025-12-24 03:00:00+05:30,API Crude Oil Stock ChangeDEC/19,2.4M,-9.3M,,,
2025-12-24 03:00:00+05:30,API Crude Oil Stock ChangeDEC/19,,-9.3M,,,
2025-12-24 17:30:00+05:30,MBA Purchase IndexDEC/19,,176.5,,,
2025-12-24 17:30:00+05:30,MBA 30-Year Mortgage RateDEC/19,,6.38%,,,
2025-12-24 17:30:00+05:30,MBA Mortgage ApplicationsDEC/19,,-3.8%,,,
2025-12-24 17:30:00+05:30,MBA Mortgage Market IndexDEC/19,,315.6,,,
2025-12-24 17:30:00+05:30,MBA Mortgage Refinance IndexDEC/19,,1148.3,,,
2025-12-24 17:30:00+05:30,MBA Purchase IndexDEC/19,,176.5,,,
2025-12-24 17:30:00+05:30,MBA Mortgage Refinance IndexDEC/19,,1148.3,,,
2025-12-24 17:30:00+05:30,MBA Mortgage Market IndexDEC/19,,315.6,,,
2025-12-24 17:30:00+05:30,MBA Mortgage ApplicationsDEC/19,,-3.8%,,,
2025-12-24 17:30:00+05:30,MBA 30-Year Mortgage RateDEC/19,,6.38%,,,
2025-12-24 19:00:00+05:30,Non Defense Goods Orders Ex AirNOV,,,,,
2025-12-24 19:00:00+05:30,Initial Jobless ClaimsDEC/20,,224K,223K,226.0K,
2025-12-24 19:00:00+05:30,Continuing Jobless ClaimsDEC/13,,1897K,,1900.0K,
2025-12-24 19:00:00+05:30,Initial Jobless ClaimsDEC/20,,224K,223K,226.0K,
2025-12-24 19:00:00+05:30,Jobless Claims 4-week AverageDEC/20,,217.5K,,219.0K,
2025-12-24 19:00:00+05:30,Continuing Jobless ClaimsDEC/13,,1897K,,1900.0K,
2025-12-24 19:00:00+05:30,Jobless Claims 4-week AverageDEC/20,,217.5K,,219.0K,
2025-12-24 21:00:00+05:30,EIA Gasoline Stocks ChangeDEC/19,,,,,
2025-12-24 21:00:00+05:30,EIA Distillate Stocks ChangeDEC/19,,1.712M,,,
2025-12-24 21:00:00+05:30,7-Year Note Auction,,3.781%,,,
2025-12-24 21:00:00+05:30,EIA Refinery Crude Runs ChangeDEC/19,,,,,
2025-12-24 21:00:00+05:30,EIA Crude Oil Stocks ChangeDEC/19,,-1.274M,,,
2025-12-24 21:00:00+05:30,EIA Heating Oil Stocks ChangeDEC/19,,0.267M,,,
2025-12-24 21:00:00+05:30,EIA Gasoline Production ChangeDEC/19,,0.033M,,,
2025-12-24 21:00:00+05:30,EIA Crude Oil Imports ChangeDEC/19,,-0.719M,,,
2025-12-24 21:00:00+05:30,EIA Cushing Crude Oil Stocks ChangeDEC/19,,-0.742M,,,
2025-12-24 21:00:00+05:30,7-Year Note Auction,,3.781%,,,
2025-12-24 21:00:00+05:30,EIA Distillate Fuel Production ChangeDEC/19,,-0.228M,,,
2025-12-24 22:00:00+05:30,8-Week Bill Auction,,3.585%,,,
2025-12-24 22:00:00+05:30,17-Week Bill Auction,,3.540%,,,
2025-12-24 22:00:00+05:30,4-Week Bill Auction,,3.580%,,,
2025-12-24 22:00:00+05:30,17-Week Bill Auction,,3.540%,,,
2025-12-24 22:00:00+05:30,4-Week Bill Auction,,3.580%,,,
2025-12-24 22:00:00+05:30,8-Week Bill Auction,,3.585%,,,
2025-12-24 22:30:00+05:30,EIA Natural Gas Stocks ChangeDEC/19,,-167Bcf,,,
2025-12-24 22:30:00+05:30,30-Year Mortgage RateDEC/25,,6.21%,,,
2025-12-24 22:30:00+05:30,15-Year Mortgage RateDEC/25,,5.47%,,,
2025-12-24 22:30:00+05:30,15-Year Mortgage RateDEC/25,,5.47%,,,
2025-12-24 22:30:00+05:30,30-Year Mortgage RateDEC/25,,6.21%,,,
2025-12-24 23:30:00+05:30,7-Year Note Auction,,3.781%,,,
2025-12-24 23:30:00+05:30,Durable Goods Orders MoMNOV,,,,,
2025-12-24 23:30:00+05:30,Durable Goods Orders Ex Transp MoMNOV,,,,,
2025-12-24 23:30:00+05:30,Durable Goods Orders ex Defense MoMNOV,,,,,
2025-12-26 23:30:00+05:30,Baker Hughes Oil Rig CountDEC/26,,406,,,
2025-12-26 23:30:00+05:30,Baker Hughes Total Rigs CountDEC/26,,542,,,
2025-12-26 23:30:00+05:30,Baker Hughes Total Rigs CountDEC/26,,542,,,
2025-12-26 23:30:00+05:30,Baker Hughes Oil Rig CountDEC/26,,406,,,
2025-12-29 20:30:00+05:30,Pending Home Sales MoMNOV,,1.9%,1%,-0.7%,
2025-12-29 20:30:00+05:30,Pending Home Sales YoYNOV,,-0.4%,,-3.1%,
2025-12-29 20:30:00+05:30,Pending Home Sales MoMNOV,,1.9%,1%,-0.7%,
2025-12-29 20:30:00+05:30,Pending Home Sales YoYNOV,,-0.4%,,-3.1%,
2025-12-29 21:00:00+05:30,Dallas Fed Manufacturing IndexDEC,,-10.4,,-2.5,
2025-12-29 21:00:00+05:30,EIA Gasoline Production ChangeDEC/19,,0.033M,,,
2025-12-29 21:00:00+05:30,EIA Heating Oil Stocks ChangeDEC/19,,0.267M,,,
2025-12-29 21:00:00+05:30,EIA Distillate Fuel Production ChangeDEC/19,,-0.228M,,,
2025-12-29 21:00:00+05:30,EIA Cushing Crude Oil Stocks ChangeDEC/19,,-0.742M,,,
2025-12-29 21:00:00+05:30,EIA Crude Oil Imports ChangeDEC/19,,-0.719M,,,
2025-12-29 21:00:00+05:30,EIA Gasoline Stocks ChangeDEC/19,,4.808M,,,
2025-12-29 21:00:00+05:30,EIA Crude Oil Stocks ChangeDEC/19,,-1.274M,,,
2025-12-29 21:00:00+05:30,EIA Distillate Stocks ChangeDEC/19,,1.712M,,,
2025-12-29 21:00:00+05:30,EIA Distillate Stocks ChangeDEC/19,,1.712M,,,
2025-12-29 21:00:00+05:30,EIA Distillate Fuel Production ChangeDEC/19,,-0.228M,,,
2025-12-29 21:00:00+05:30,EIA Cushing Crude Oil Stocks ChangeDEC/19,,-0.742M,,,
2025-12-29 21:00:00+05:30,EIA Gasoline Production ChangeDEC/19,,0.033M,,,
2025-12-29 21:00:00+05:30,EIA Crude Oil Imports ChangeDEC/19,,-0.719M,,,
2025-12-29 21:00:00+05:30,EIA Gasoline Stocks ChangeDEC/19,,4.808M,,,
2025-12-29 21:00:00+05:30,EIA Crude Oil Stocks ChangeDEC/19,,-1.274M,,,
2025-12-29 21:00:00+05:30,Dallas Fed Manufacturing IndexDEC,,-10.4,,-2.5,
2025-12-29 21:00:00+05:30,EIA Refinery Crude Runs ChangeDEC/19,,0.128M,,,
2025-12-29 21:00:00+05:30,EIA Heating Oil Stocks ChangeDEC/19,,0.267M,,,
2025-12-29 21:00:00+05:30,EIA Refinery Crude Runs ChangeDEC/19,,0.128M,,,
2025-12-29 22:00:00+05:30,6-Month Bill Auction,,3.485%,,,
2025-12-29 22:00:00+05:30,6-Month Bill Auction,,3.485%,,,
2025-12-29 22:00:00+05:30,3-Month Bill Auction,,3.560%,,,
2025-12-29 22:00:00+05:30,3-Month Bill Auction,,3.560%,,,
2025-12-29 22:30:00+05:30,Wholesale Inventories MoM AdvNOV,,,,0.1%,
2025-12-29 22:30:00+05:30,EIA Natural Gas Stocks ChangeDEC/19,,-167Bcf,,,
2025-12-29 22:30:00+05:30,Wholesale Inventories MoM AdvNOV,,,,0.1%,
2025-12-29 22:30:00+05:30,Retail Inventories Ex Autos MoM AdvNOV,,,,0.1%,
2025-12-29 22:30:00+05:30,Goods Trade Balance AdvNOV,,,,$-86.0B,
2025-12-29 22:30:00+05:30,EIA Natural Gas Stocks ChangeDEC/19,,-167Bcf,,,
2025-12-29 22:30:00+05:30,Goods Trade Balance AdvNOV,,,,$-86.0B,
2025-12-29 22:30:00+05:30,Retail Inventories Ex Autos MoM AdvNOV,,,,0.1%,
2025-12-30 19:25:00+05:30,Redbook YoYDEC/27,,7.2%,,,
2025-12-30 19:25:00+05:30,Redbook YoYDEC/27,,,,,
2025-12-30 19:30:00+05:30,House Price IndexOCT,,435.4,,435.8,
2025-12-30 19:30:00+05:30,S&P/Case-Shiller Home Price MoMOCT,,-0.5%,,-0.2%,
2025-12-30 19:30:00+05:30,House Price Index YoYOCT,,1.7%,,0.9%,
2025-12-30 19:30:00+05:30,House Price Index MoMOCT,,0%,,0.1%,
2025-12-30 19:30:00+05:30,S&P/Case-Shiller Home Price YoYOCT,,1.4%,1.1%,1.3%,
2025-12-30 19:30:00+05:30,House Price Index MoMOCT,,0%,,0.1%,
2025-12-30 19:30:00+05:30,House Price IndexOCT,,435.4,,435.8,
2025-12-30 19:30:00+05:30,S&P/Case-Shiller Home Price YoYOCT,,1.4%,,1.3%,
2025-12-30 19:30:00+05:30,House Price Index YoYOCT,,1.7%,,0.9%,
2025-12-30 19:30:00+05:30,S&P/Case-Shiller Home Price MoMOCT,,-0.5%,,-0.2%,
2025-12-30 21:00:00+05:30,Dallas Fed Services Revenues IndexDEC,,-2.5,,-4,
2025-12-30 21:00:00+05:30,Dallas Fed Services IndexDEC,,-2.3,,-2,
2025-12-30 21:00:00+05:30,Dallas Fed Services IndexDEC,,-2.3,,-2,
2025-12-30 21:00:00+05:30,Dallas Fed Services Revenues IndexDEC,,-2.5,,-4,
2025-12-31 00:30:00+05:30,FOMC Minutes,,,,,
2025-12-31 00:30:00+05:30,FOMC Minutes,,,,,
2025-12-31 03:00:00+05:30,API Crude Oil Stock ChangeDEC/26,,2.4M,,,
2025-12-31 03:00:00+05:30,API Crude Oil Stock ChangeDEC/26,,,,,
2025-12-31 17:30:00+05:30,MBA 30-Year Mortgage RateDEC/26,,,,,
2025-12-31 17:30:00+05:30,MBA Mortgage ApplicationsDEC/26,,,,,
2025-12-31 17:30:00+05:30,MBA Mortgage ApplicationsDEC/26,,,,,
2025-12-31 17:30:00+05:30,MBA Mortgage Market IndexDEC/26,,,,,
2025-12-31 17:30:00+05:30,MBA Mortgage Refinance IndexDEC/26,,,,,
2025-12-31 17:30:00+05:30,MBA Mortgage Refinance IndexDEC/26,,,,,
2025-12-31 17:30:00+05:30,MBA Purchase IndexDEC/26,,,,,
2025-12-31 17:30:00+05:30,MBA 30-Year Mortgage RateDEC/26,,,,,
2025-12-31 17:30:00+05:30,MBA Purchase IndexDEC/26,,,,,
2025-12-31 17:30:00+05:30,MBA Mortgage Market IndexDEC/26,,,,,
2025-12-31 19:00:00+05:30,Continuing Jobless ClaimsDEC/20,,,,1904.0K,
2025-12-31 19:00:00+05:30,Jobless Claims 4-week AverageDEC/27,,,,219.0K,
2025-12-31 19:00:00+05:30,Initial Jobless ClaimsDEC/27,,,,228.0K,
2025-12-31 19:00:00+05:30,Jobless Claims 4-week AverageDEC/27,,,,219.0K,
2025-12-31 19:00:00+05:30,Continuing Jobless ClaimsDEC/20,,,,1904.0K,
2025-12-31 19:00:00+05:30,Initial Jobless ClaimsDEC/27,,,,228.0K,
2025-12-31 20:15:00+05:30,Chicago PMIDEC,,36.3,39.5,42,
2025-12-31 20:15:00+05:30,Chicago PMIDEC,,36.3,39.5,42,
2025-12-31 21:00:00+05:30,EIA Cushing Crude Oil Stocks ChangeDEC/26,,,,,
2025-12-31 21:00:00+05:30,EIA Refinery Crude Runs ChangeDEC/26,,,,,
2025-12-31 21:00:00+05:30,EIA Gasoline Production ChangeDEC/26,,,,,
2025-12-31 21:00:00+05:30,EIA Gasoline Stocks ChangeDEC/26,,,,,
2025-12-31 21:00:00+05:30,EIA Crude Oil Stocks ChangeDEC/26,,,,,
2025-12-31 21:00:00+05:30,EIA Heating Oil Stocks ChangeDEC/26,,,,,
2025-12-31 21:00:00+05:30,EIA Cushing Crude Oil Stocks ChangeDEC/26,,,,,
2025-12-31 21:00:00+05:30,EIA Heating Oil Stocks ChangeDEC/26,,,,,
2025-12-31 21:00:00+05:30,EIA Distillate Stocks ChangeDEC/26,,,,,
2025-12-31 21:00:00+05:30,EIA Gasoline Production ChangeDEC/26,,,,,
2025-12-31 21:00:00+05:30,EIA Refinery Crude Runs ChangeDEC/26,,,,,
2025-12-31 21:00:00+05:30,EIA Distillate Fuel Production ChangeDEC/26,,,,,
2025-12-31 21:00:00+05:30,EIA Gasoline Stocks ChangeDEC/26,,,,,
2025-12-31 21:00:00+05:30,EIA Distillate Stocks ChangeDEC/26,,,,,
2025-12-31 21:00:00+05:30,EIA Crude Oil Imports ChangeDEC/26,,,,,
2025-12-31 21:00:00+05:30,EIA Crude Oil Stocks ChangeDEC/26,,,,,
2025-12-31 21:00:00+05:30,EIA Distillate Fuel Production ChangeDEC/26,,,,,
2025-12-31 21:00:00+05:30,EIA Crude Oil Imports ChangeDEC/26,,,,,
2025-12-31 22:00:00+05:30,4-Week Bill Auction,,,,,
2025-12-31 22:00:00+05:30,4-Week Bill Auction,,,,,
2025-12-31 22:00:00+05:30,8-Week Bill Auction,,,,,
2025-12-31 22:00:00+05:30,17-Week Bill Auction,,,,,
2025-12-31 22:00:00+05:30,17-Week Bill Auction,,,,,
2025-12-31 22:00:00+05:30,8-Week Bill Auction,,,,,
2025-12-31 22:30:00+05:30,15-Year Mortgage RateDEC/31,,,,,
2025-12-31 22:30:00+05:30,EIA Natural Gas Stocks ChangeDEC/26,,,,,
2025-12-31 22:30:00+05:30,30-Year Mortgage RateDEC/31,,,,,
2025-12-31 22:30:00+05:30,15-Year Mortgage RateDEC/31,,,,,
2025-12-31 22:30:00+05:30,30-Year Mortgage RateDEC/31,,,,,
2025-12-31 22:30:00+05:30,EIA Natural Gas Stocks ChangeDEC/26,,,,,
2025-12-31 23:30:00+05:30,Baker Hughes Oil Rig CountJAN/02,,,,,
2025-12-31 23:30:00+05:30,Baker Hughes Total Rigs CountJAN/02,,,,,
2025-12-31 23:30:00+05:30,Baker Hughes Oil Rig CountJAN/02,,,,,
2025-12-31 23:30:00+05:30,Baker Hughes Total Rigs CountJAN/02,,,,,
2026-01-02 20:15:00+05:30,S&P Global Manufacturing PMI FinalDEC,,52.2,51.8,51.8,
2026-01-02 20:15:00+05:30,S&P Global Manufacturing PMI FinalDEC,,52.2,51.8,51.8,
2026-01-02 20:30:00+05:30,Construction Spending MoMOCT,,,,0.1%,
2026-01-02 20:30:00+05:30,Construction Spending MoMNOV,,,,-0.1%,
2026-01-02 20:30:00+05:30,Construction Spending MoMOCT,,,,0.1%,
2026-01-02 20:30:00+05:30,Construction Spending MoMNOV,,,,-0.1%,
2026-01-02 20:30:00+05:30,Construction Spending MoMSEP,,0.2%,-0.1%,0.2%,
2026-01-02 20:30:00+05:30,Construction Spending MoMSEP,,0.2%,-0.1%,0.2%,
2026-01-03 20:30:00+05:30,Fed Balance SheetDEC/31,,$6.56T,,,
2026-01-03 20:30:00+05:30,Fed Balance SheetDEC/31,,$6.56T,,,
