Datetime,Close,High,Low,Open,Volume
2025-06-17 13:38:00+00:00,42376.30078125,42377.48828125,42353.78125,42353.78125,0.0
2025-06-17 13:39:00+00:00,42373.2890625,42383.83984375,42366.9609375,42376.21875,1387082.0
2025-06-17 13:40:00+00:00,42388.71875,42388.94140625,42372.69140625,42373.8515625,1438369.0
2025-06-17 13:41:00+00:00,42385.578125,42396.671875,42383.66015625,42387.30078125,1595911.0
2025-06-17 13:42:00+00:00,42356.83984375,42383.26953125,42344.87109375,42382.48046875,1948416.0
2025-06-17 13:43:00+00:00,42376.2109375,42381.2109375,42353.12109375,42357.140625,1292813.0
2025-06-17 13:44:00+00:00,42398.62890625,42398.62890625,42376.51171875,42376.671875,1575074.0
2025-06-17 13:46:00+00:00,42404.80859375,42414.98046875,42401.05859375,42403.140625,3148162.0
2025-06-17 13:47:00+00:00,42409.80859375,42414.94921875,42404.01953125,42408.55078125,1317914.0
2025-06-17 13:48:00+00:00,42392.01171875,42415.55078125,42390.28125,42407.5,1348588.0
2025-06-17 13:49:00+00:00,42385.6484375,42394.76171875,42381.73046875,42392.828125,1269901.0
2025-06-17 13:50:00+00:00,42365.94921875,42385.671875,42365.94921875,42385.55859375,1255275.0
2025-06-17 13:51:00+00:00,42381.03125,42381.5,42367.80078125,42367.80078125,937122.0
2025-06-17 13:52:00+00:00,42409.96875,42411.6796875,42380.5390625,42384.66015625,1620394.0
2025-06-17 13:53:00+00:00,42406.2890625,42414.23046875,42405.109375,42409.8515625,878021.0
2025-06-17 13:54:00+00:00,42396.609375,42406.75,42396.33984375,42403.921875,1167624.0
2025-06-17 13:55:00+00:00,42393.44140625,42406.83984375,42393.12109375,42395.328125,970307.0
2025-06-17 13:56:00+00:00,42406.80859375,42407.73828125,42380.94921875,42394.55078125,1606743.0
2025-06-17 13:57:00+00:00,42405.69921875,42410.421875,42402.44140625,42404.8515625,1153897.0
2025-06-17 13:58:00+00:00,42395.48828125,42408.3515625,42395.48828125,42406.80859375,936147.0
2025-06-17 13:59:00+00:00,42405.44140625,42405.44140625,42390.75,42395.44921875,993872.0
2025-06-17 14:00:00+00:00,42415.75,42426.421875,42405.3984375,42405.3984375,1531840.0
2025-06-17 14:01:00+00:00,42404.46875,42417.19921875,42402.2109375,42413.44140625,1155932.0
2025-06-17 14:02:00+00:00,42406.1484375,42413.2109375,42401.58984375,42404.23828125,1019893.0
2025-06-17 14:03:00+00:00,42406.87109375,42414.87890625,42406.16015625,42407.26953125,1009951.0
2025-06-17 14:04:00+00:00,42404.3515625,42408.6796875,42394.390625,42407.078125,1137849.0
2025-06-17 14:05:00+00:00,42425.30078125,42426.359375,42402.8203125,42405.05859375,1208242.0
2025-06-17 14:06:00+00:00,42426.41015625,42433.76953125,42424.44140625,42424.859375,961048.0
2025-06-17 14:07:00+00:00,42423.328125,42440.23046875,42423.328125,42426.83984375,1379499.0
2025-06-17 14:08:00+00:00,42425.94140625,42426.9609375,42417.96875,42422.1484375,999449.0
2025-06-17 14:09:00+00:00,42438.8984375,42440.96875,42415.28125,42424.828125,1037340.0
2025-06-17 14:10:00+00:00,42436.23046875,42451.9609375,42435.421875,42438.640625,1107393.0
2025-06-17 14:11:00+00:00,42452.19921875,42452.19921875,42435.578125,42438.5,1053686.0
2025-06-17 14:12:00+00:00,42468.44921875,42468.44921875,42450.58984375,42451.69921875,1018468.0
2025-06-17 14:13:00+00:00,42461.12109375,42472.26953125,42457.71875,42468.390625,825340.0
2025-06-17 14:14:00+00:00,42468.25,42469.8984375,42459.87890625,42460.9609375,1086094.0
2025-06-17 14:15:00+00:00,42462.26953125,42476.94921875,42459.16015625,42467.71875,918236.0
2025-06-17 14:16:00+00:00,42464.44921875,42464.44921875,42457.28125,42461.94921875,1314719.0
2025-06-17 14:17:00+00:00,42463.4609375,42468.96875,42460.96875,42465.30078125,836553.0
2025-06-17 14:18:00+00:00,42450.71875,42467.94921875,42448.98828125,42463.5,1103690.0
2025-06-17 14:19:00+00:00,42455.69140625,42459.28125,42445.6015625,42449.9609375,746357.0
2025-06-17 14:20:00+00:00,42472.8984375,42473.0,42455.0703125,42456.1484375,750391.0
2025-06-17 14:21:00+00:00,42489.5703125,42489.5703125,42480.828125,42481.109375,801532.0
2025-06-17 14:22:00+00:00,42485.671875,42493.62890625,42484.609375,42489.73828125,1587243.0
2025-06-17 14:23:00+00:00,42488.41015625,42492.33984375,42484.8984375,42487.51171875,838523.0
2025-06-17 14:24:00+00:00,42470.1484375,42492.19140625,42470.0,42488.30859375,1023747.0
2025-06-17 14:25:00+00:00,42466.328125,42477.828125,42463.98828125,42469.91015625,831740.0
2025-06-17 14:26:00+00:00,42466.8203125,42473.33984375,42463.94140625,42466.7890625,905361.0
2025-06-17 14:27:00+00:00,42470.12890625,42471.55078125,42463.08984375,42465.1015625,846094.0
2025-06-17 14:28:00+00:00,42471.3203125,42474.03125,42467.8203125,42469.51953125,817256.0
2025-06-17 14:29:00+00:00,42474.46875,42476.1015625,42470.30078125,42471.76953125,732814.0
2025-06-17 14:30:00+00:00,42481.51953125,42484.37890625,42473.390625,42473.94921875,1095185.0
2025-06-17 14:31:00+00:00,42492.140625,42497.37890625,42480.44140625,42480.80078125,741083.0
2025-06-17 14:32:00+00:00,42481.25,42494.98828125,42481.25,42491.890625,642713.0
2025-06-17 14:33:00+00:00,42475.26953125,42481.51953125,42475.26953125,42481.51953125,879007.0
2025-06-17 14:34:00+00:00,42470.890625,42477.2109375,42470.58984375,42475.828125,684922.0
2025-06-17 14:35:00+00:00,42453.5703125,42470.76171875,42452.578125,42470.390625,817217.0
2025-06-17 14:36:00+00:00,42457.8515625,42469.58984375,42453.23828125,42453.23828125,649065.0
2025-06-17 14:37:00+00:00,42455.30859375,42458.1015625,42448.83984375,42457.8515625,898391.0
2025-06-17 14:38:00+00:00,42462.2109375,42466.12890625,42456.23828125,42456.23828125,795823.0
2025-06-17 14:39:00+00:00,42460.91015625,42463.7890625,42458.0,42462.23828125,560413.0
2025-06-17 14:40:00+00:00,42438.8984375,42463.421875,42438.8984375,42461.4609375,1001903.0
2025-06-17 14:41:00+00:00,42427.19140625,42440.33984375,42427.19140625,42439.7109375,687206.0
2025-06-17 14:42:00+00:00,42424.37109375,42431.26953125,42416.921875,42427.359375,835151.0
2025-06-17 14:43:00+00:00,42435.25,42438.828125,42424.16015625,42424.51171875,734689.0
2025-06-17 14:44:00+00:00,42426.359375,42436.73828125,42423.80859375,42435.328125,763709.0
2025-06-17 14:45:00+00:00,42431.7109375,42434.83984375,42423.76953125,42426.359375,953035.0
2025-06-17 14:46:00+00:00,42438.01171875,42440.51171875,42428.08984375,42431.9296875,633127.0
2025-06-17 14:47:00+00:00,42440.6796875,42448.640625,42438.671875,42438.671875,673018.0
2025-06-17 14:48:00+00:00,42435.078125,42442.69140625,42433.12109375,42440.2890625,733515.0
2025-06-17 14:49:00+00:00,42428.890625,42436.33984375,42420.2890625,42434.98828125,723864.0
2025-06-17 14:50:00+00:00,42448.87109375,42448.87109375,42425.55859375,42428.421875,735702.0
2025-06-17 14:51:00+00:00,42433.98828125,42457.4296875,42432.6796875,42448.859375,742159.0
2025-06-17 14:52:00+00:00,42416.3984375,42434.609375,42415.3515625,42434.609375,685264.0
2025-06-17 14:53:00+00:00,42420.7890625,42423.7890625,42414.171875,42416.19140625,868137.0
2025-06-17 14:54:00+00:00,42434.26953125,42434.73046875,42420.9609375,42420.9609375,540137.0
2025-06-17 14:55:00+00:00,42439.80859375,42440.69140625,42429.8984375,42434.73046875,603116.0
2025-06-17 14:56:00+00:00,42432.94140625,42439.48828125,42429.2890625,42438.8984375,724045.0
2025-06-17 14:57:00+00:00,42424.87890625,42424.87890625,42422.69140625,42423.53125,824616.0
2025-06-17 14:58:00+00:00,42433.58984375,42437.41015625,42423.51171875,42424.421875,714378.0
2025-06-17 14:59:00+00:00,42433.37890625,42437.66015625,42429.28125,42434.30859375,597033.0
2025-06-17 15:00:00+00:00,42434.2890625,42435.94140625,42427.859375,42433.26171875,1010990.0
2025-06-17 15:01:00+00:00,42428.359375,42432.94140625,42423.94140625,42432.51953125,996831.0
2025-06-17 15:02:00+00:00,42429.28125,42431.08984375,42423.0703125,42427.078125,586130.0
2025-06-17 15:03:00+00:00,42453.1484375,42453.1484375,42427.80078125,42428.609375,855409.0
2025-06-17 15:04:00+00:00,42465.51953125,42465.8203125,42453.44921875,42454.0390625,762305.0
2025-06-17 15:05:00+00:00,42471.8515625,42476.1796875,42461.23828125,42465.48828125,559811.0
2025-06-17 15:06:00+00:00,42472.33984375,42473.37890625,42468.171875,42470.98828125,1286118.0
2025-06-17 15:07:00+00:00,42485.109375,42486.3984375,42472.66015625,42473.05078125,631730.0
2025-06-17 15:08:00+00:00,42484.96875,42491.1796875,42483.19140625,42485.69921875,676800.0
2025-06-17 15:09:00+00:00,42483.01171875,42485.19921875,42478.76953125,42484.62890625,491433.0
2025-06-17 15:10:00+00:00,42489.01953125,42491.41015625,42479.01953125,42483.6796875,952920.0
2025-06-17 15:11:00+00:00,42508.2890625,42511.98828125,42485.640625,42486.5390625,1011556.0
2025-06-17 15:12:00+00:00,42504.55078125,42510.08984375,42502.55078125,42508.94140625,1116339.0
2025-06-17 15:13:00+00:00,42493.94140625,42504.94140625,42492.83984375,42504.94140625,959824.0
2025-06-17 15:14:00+00:00,42529.328125,42529.328125,42496.98046875,42496.98046875,984870.0
2025-06-17 15:15:00+00:00,42519.828125,42530.828125,42519.2109375,42529.83984375,989090.0
2025-06-17 15:16:00+00:00,42491.80859375,42519.23046875,42489.5703125,42519.23046875,1566904.0
2025-06-17 15:17:00+00:00,42487.01171875,42490.21875,42486.6796875,42489.76953125,740641.0
2025-06-17 15:18:00+00:00,42490.55859375,42491.828125,42482.1796875,42487.640625,628711.0
2025-06-17 15:19:00+00:00,42479.921875,42494.2890625,42478.9296875,42489.671875,702278.0
2025-06-17 15:20:00+00:00,42477.05859375,42479.921875,42463.609375,42479.921875,630677.0
2025-06-17 15:21:00+00:00,42466.91015625,42478.41015625,42466.4609375,42476.921875,702545.0
2025-06-17 15:22:00+00:00,42461.96875,42469.66015625,42461.96875,42467.37109375,752310.0
2025-06-17 15:23:00+00:00,42469.390625,42470.30078125,42459.80859375,42462.609375,539107.0
2025-06-17 15:24:00+00:00,42464.01171875,42471.87890625,42464.01171875,42469.41015625,628167.0
2025-06-17 15:25:00+00:00,42443.1796875,42466.421875,42441.08984375,42464.03125,684488.0
2025-06-17 15:26:00+00:00,42438.91015625,42448.05078125,42438.3984375,42443.421875,663173.0
2025-06-17 15:27:00+00:00,42442.1796875,42447.609375,42437.53125,42438.19921875,682597.0
2025-06-17 15:28:00+00:00,42443.25,42443.78125,42438.5703125,42442.1484375,704855.0
2025-06-17 15:29:00+00:00,42432.421875,42442.80859375,42426.48046875,42442.80859375,1048018.0
2025-06-17 15:30:00+00:00,42430.5,42439.94921875,42428.640625,42432.94140625,632990.0
2025-06-17 15:31:00+00:00,42419.73046875,42429.69921875,42413.76953125,42429.69921875,820142.0
2025-06-17 15:32:00+00:00,42407.94921875,42420.26953125,42407.08984375,42419.80078125,639880.0
2025-06-17 15:33:00+00:00,42409.0703125,42411.01953125,42403.828125,42406.44921875,790906.0
2025-06-17 15:34:00+00:00,42422.48046875,42424.05859375,42408.94140625,42408.94140625,710932.0
2025-06-17 15:35:00+00:00,42415.66015625,42422.48828125,42408.6796875,42422.48828125,757719.0
2025-06-17 15:36:00+00:00,42437.78125,42437.78125,42416.109375,42416.109375,991458.0
2025-06-17 15:38:00+00:00,42442.0,42442.25,42434.73828125,42441.62890625,1435855.0
2025-06-17 15:39:00+00:00,42428.75,42443.390625,42427.76171875,42443.390625,754771.0
2025-06-17 15:40:00+00:00,42438.1796875,42438.80078125,42426.58984375,42427.9296875,742952.0
2025-06-17 15:41:00+00:00,42441.83984375,42444.6484375,42438.25,42438.4296875,687325.0
2025-06-17 15:42:00+00:00,42454.51953125,42454.671875,42441.98828125,42441.98828125,1009459.0
2025-06-17 15:43:00+00:00,42447.078125,42454.96875,42446.4609375,42454.48046875,596368.0
2025-06-17 15:44:00+00:00,42447.46875,42452.53125,42444.328125,42446.9609375,755775.0
2025-06-17 15:45:00+00:00,42443.05859375,42453.83984375,42443.05859375,42447.3515625,625867.0
2025-06-17 15:46:00+00:00,42450.1015625,42450.69140625,42442.37890625,42442.48828125,624913.0
2025-06-17 15:47:00+00:00,42453.75,42456.41015625,42450.01171875,42450.01953125,563853.0
2025-06-17 15:48:00+00:00,42432.01171875,42453.8515625,42431.4296875,42453.8515625,874167.0
2025-06-17 15:49:00+00:00,42444.03125,42444.69921875,42427.7890625,42432.171875,670750.0
2025-06-17 15:50:00+00:00,42446.078125,42452.16015625,42444.80859375,42444.80859375,501628.0
2025-06-17 15:51:00+00:00,42451.171875,42451.171875,42441.76171875,42445.578125,625194.0
2025-06-17 15:52:00+00:00,42459.578125,42460.140625,42450.78125,42450.78125,573078.0
2025-06-17 15:53:00+00:00,42465.359375,42465.890625,42458.859375,42459.48046875,549436.0
2025-06-17 15:54:00+00:00,42455.109375,42466.05859375,42454.94921875,42465.30078125,424803.0
2025-06-17 15:55:00+00:00,42427.94921875,42455.30859375,42427.94921875,42455.21875,643687.0
2025-06-17 15:56:00+00:00,42441.8984375,42444.5,42427.25,42427.76171875,564838.0
2025-06-17 15:57:00+00:00,42441.6796875,42443.33984375,42441.6796875,42443.2109375,462066.0
2025-06-17 15:58:00+00:00,42442.3515625,42444.62109375,42434.12109375,42441.7109375,486825.0
2025-06-17 15:59:00+00:00,42439.640625,42445.12890625,42438.80078125,42442.21875,584125.0
2025-06-17 16:00:00+00:00,42446.328125,42448.08984375,42439.859375,42440.1015625,812320.0
2025-06-17 16:01:00+00:00,42461.30078125,42461.76171875,42444.6796875,42446.80859375,482072.0
2025-06-17 16:02:00+00:00,42466.37890625,42470.48046875,42461.46875,42461.46875,419961.0
2025-06-17 16:03:00+00:00,42464.87109375,42467.19140625,42463.23046875,42466.0390625,514717.0
2025-06-17 16:04:00+00:00,42473.5703125,42478.55859375,42465.03125,42465.03125,548856.0
2025-06-17 16:05:00+00:00,42460.19921875,42476.7109375,42460.0,42473.23046875,621095.0
2025-06-17 16:06:00+00:00,42464.69921875,42465.23046875,42454.51953125,42460.21875,1313019.0
2025-06-17 16:07:00+00:00,42465.19921875,42471.19921875,42462.6796875,42464.73046875,744915.0
2025-06-17 16:08:00+00:00,42470.640625,42474.4609375,42465.390625,42465.671875,648334.0
2025-06-17 16:09:00+00:00,42441.4609375,42471.51953125,42429.5390625,42470.6015625,1722694.0
2025-06-17 16:10:00+00:00,42468.69921875,42470.71875,42441.3984375,42441.3984375,642826.0
2025-06-17 16:11:00+00:00,42483.26953125,42484.05078125,42467.7890625,42467.7890625,595594.0
2025-06-17 16:12:00+00:00,42478.01171875,42485.94140625,42475.69140625,42484.859375,508786.0
2025-06-17 16:13:00+00:00,42475.890625,42481.73828125,42475.890625,42477.80078125,610054.0
2025-06-17 16:14:00+00:00,42484.62890625,42484.62890625,42474.44921875,42475.73046875,531737.0
2025-06-17 16:15:00+00:00,42482.01171875,42486.3515625,42481.890625,42483.75,492910.0
2025-06-17 16:16:00+00:00,42479.48828125,42482.109375,42477.73828125,42481.58984375,420232.0
2025-06-17 16:17:00+00:00,42485.01171875,42492.01953125,42480.01171875,42480.01171875,518391.0
2025-06-17 16:18:00+00:00,42479.1484375,42486.73046875,42477.671875,42485.26953125,538455.0
2025-06-17 16:19:00+00:00,42486.16015625,42486.16015625,42478.7109375,42479.26953125,879572.0
2025-06-17 16:20:00+00:00,42485.76953125,42489.12109375,42482.9296875,42486.12109375,538069.0
2025-06-17 16:21:00+00:00,42471.01953125,42486.87109375,42468.76953125,42486.3203125,548096.0
2025-06-17 16:22:00+00:00,42467.91015625,42472.87109375,42467.91015625,42472.87109375,543743.0
2025-06-17 16:23:00+00:00,42473.828125,42475.7109375,42467.8203125,42468.28125,502039.0
2025-06-17 16:24:00+00:00,42468.8515625,42480.4609375,42468.8515625,42473.671875,558872.0
2025-06-17 16:25:00+00:00,42472.62109375,42474.21875,42464.6484375,42469.2890625,506577.0
2025-06-17 16:26:00+00:00,42465.41015625,42473.51953125,42465.26953125,42473.19921875,520413.0
2025-06-17 16:27:00+00:00,42470.578125,42471.3984375,42463.6484375,42466.671875,599317.0
2025-06-17 16:28:00+00:00,42468.98828125,42470.6015625,42466.2109375,42469.578125,581137.0
2025-06-17 16:29:00+00:00,42460.26953125,42471.3515625,42459.671875,42469.48046875,504120.0
2025-06-17 16:30:00+00:00,42460.96875,42465.94921875,42459.0,42459.80078125,437657.0
2025-06-17 16:31:00+00:00,42467.19921875,42469.55078125,42457.1015625,42460.48828125,439819.0
2025-06-17 16:32:00+00:00,42477.1015625,42477.76171875,42466.7109375,42467.01171875,392619.0
2025-06-17 16:33:00+00:00,42482.51953125,42485.5390625,42475.87109375,42477.1796875,449170.0
2025-06-17 16:34:00+00:00,42484.609375,42486.12890625,42481.37890625,42481.91015625,436326.0
2025-06-17 16:35:00+00:00,42489.01171875,42489.01171875,42484.37890625,42484.37890625,477037.0
2025-06-17 16:36:00+00:00,42484.23046875,42490.19921875,42483.26953125,42488.578125,461332.0
2025-06-17 16:37:00+00:00,42480.55078125,42484.73046875,42479.359375,42484.73046875,369957.0
2025-06-17 16:38:00+00:00,42490.76171875,42492.6484375,42480.359375,42480.359375,469882.0
2025-06-17 16:39:00+00:00,42481.25,42492.44140625,42481.25,42490.69140625,427902.0
2025-06-17 16:40:00+00:00,42478.30078125,42481.26171875,42477.9609375,42481.16015625,490573.0
2025-06-17 16:41:00+00:00,42467.21875,42478.1484375,42466.1796875,42478.1484375,554972.0
2025-06-17 16:42:00+00:00,42466.76171875,42467.55078125,42465.171875,42467.37890625,456936.0
2025-06-17 16:43:00+00:00,42469.08984375,42471.73046875,42461.0390625,42466.6484375,435820.0
2025-06-17 16:44:00+00:00,42432.87890625,42469.55859375,42427.78125,42469.55859375,1041835.0
2025-06-17 16:45:00+00:00,42448.41015625,42456.12109375,42432.69921875,42433.3515625,770671.0
2025-06-17 16:46:00+00:00,42456.6015625,42456.6015625,42456.33984375,42456.33984375,442192.0
2025-06-17 16:47:00+00:00,42456.2109375,42463.671875,42454.921875,42457.0703125,403886.0
2025-06-17 16:48:00+00:00,42444.55078125,42456.44921875,42442.44140625,42456.26171875,454182.0
2025-06-17 16:49:00+00:00,42435.19140625,42444.94140625,42418.2109375,42444.48828125,1154211.0
2025-06-17 16:50:00+00:00,42428.28125,42443.05078125,42418.23046875,42435.1015625,703107.0
2025-06-17 16:51:00+00:00,42433.44140625,42435.3984375,42427.890625,42429.80859375,719810.0
2025-06-17 16:52:00+00:00,42419.828125,42435.26953125,42412.28125,42433.76171875,748319.0
2025-06-17 16:53:00+00:00,42417.9609375,42420.73828125,42414.6796875,42417.44140625,860296.0
2025-06-17 16:54:00+00:00,42430.76171875,42432.51953125,42415.71875,42418.75,585936.0
2025-06-17 16:55:00+00:00,42403.578125,42429.25,42403.578125,42429.25,619600.0
2025-06-17 16:56:00+00:00,42402.98828125,42406.51953125,42398.69140625,42403.6015625,670964.0
2025-06-17 16:57:00+00:00,42391.96875,42403.1015625,42391.7890625,42403.1015625,840969.0
2025-06-17 16:58:00+00:00,42374.578125,42393.05078125,42374.390625,42392.8984375,616279.0
2025-06-17 16:59:00+00:00,42372.5703125,42375.0703125,42362.0703125,42375.0703125,747399.0
2025-06-17 17:00:00+00:00,42371.91015625,42374.69140625,42368.19921875,42372.51171875,649315.0
2025-06-17 17:01:00+00:00,42367.66015625,42373.80078125,42364.80859375,42372.25,598038.0
2025-06-17 17:02:00+00:00,42395.80859375,42395.98828125,42368.73046875,42368.96875,876011.0
2025-06-17 17:03:00+00:00,42405.58984375,42405.58984375,42393.44140625,42396.0,778670.0
2025-06-17 17:04:00+00:00,42400.859375,42407.41015625,42400.66015625,42407.41015625,659817.0
2025-06-17 17:05:00+00:00,42378.75,42400.921875,42377.80078125,42400.87890625,732614.0
2025-06-17 17:06:00+00:00,42373.69921875,42378.6484375,42371.7890625,42378.6484375,506660.0
2025-06-17 17:07:00+00:00,42379.44921875,42379.44921875,42366.03125,42373.08984375,675065.0
2025-06-17 17:08:00+00:00,42393.41015625,42394.7890625,42380.01953125,42380.01953125,610090.0
2025-06-17 17:09:00+00:00,42390.0390625,42392.94921875,42386.9296875,42392.94921875,536687.0
2025-06-17 17:10:00+00:00,42396.26953125,42399.8515625,42385.12890625,42389.94140625,689368.0
2025-06-17 17:11:00+00:00,42383.171875,42394.640625,42382.2890625,42394.640625,650115.0
2025-06-17 17:12:00+00:00,42381.4609375,42384.9296875,42380.69921875,42383.91015625,617707.0
2025-06-17 17:13:00+00:00,42384.76953125,42388.30859375,42379.75,42381.26953125,500776.0
2025-06-17 17:14:00+00:00,42384.16015625,42385.30859375,42379.94921875,42384.859375,621649.0
2025-06-17 17:15:00+00:00,42382.05859375,42384.69921875,42380.7109375,42383.41015625,533129.0
2025-06-17 17:16:00+00:00,42371.171875,42382.0703125,42364.26953125,42382.0703125,817736.0
2025-06-17 17:17:00+00:00,42367.87109375,42372.828125,42366.12890625,42371.08984375,1618965.0
2025-06-17 17:18:00+00:00,42373.3984375,42373.828125,42359.8984375,42367.08984375,570080.0
2025-06-17 17:19:00+00:00,42359.359375,42373.1484375,42359.359375,42371.73046875,504884.0
2025-06-17 17:20:00+00:00,42352.859375,42359.7890625,42348.12109375,42359.7890625,829599.0
2025-06-17 17:21:00+00:00,42346.51953125,42353.01953125,42341.16015625,42352.98046875,564868.0
2025-06-17 17:22:00+00:00,42340.0,42346.28125,42337.76171875,42346.28125,465756.0
2025-06-17 17:23:00+00:00,42339.140625,42342.671875,42337.44140625,42342.421875,494306.0
2025-06-17 17:24:00+00:00,42339.1484375,42350.87109375,42338.921875,42339.03125,1194992.0
2025-06-17 17:25:00+00:00,42325.12890625,42326.01171875,42323.76953125,42326.01171875,711750.0
2025-06-17 17:26:00+00:00,42319.421875,42327.58984375,42310.7890625,42325.30859375,787018.0
2025-06-17 17:27:00+00:00,42322.69921875,42322.859375,42317.26953125,42319.98828125,386695.0
2025-06-17 17:28:00+00:00,42304.5,42322.51171875,42304.1796875,42322.51171875,627057.0
2025-06-17 17:29:00+00:00,42304.1015625,42306.41015625,42301.80859375,42304.76953125,674268.0
2025-06-17 17:30:00+00:00,42295.26953125,42304.25,42283.5,42304.25,1145982.0
2025-06-17 17:31:00+00:00,42314.390625,42314.390625,42295.66015625,42295.66015625,613492.0
2025-06-17 17:32:00+00:00,42321.828125,42322.30078125,42312.3984375,42314.98828125,512112.0
2025-06-17 17:33:00+00:00,42330.26171875,42334.2109375,42319.19140625,42322.1015625,817971.0
2025-06-17 17:34:00+00:00,42338.6796875,42340.55078125,42330.73046875,42330.73046875,564481.0
2025-06-17 17:35:00+00:00,42352.16015625,42354.23828125,42337.359375,42338.69921875,490522.0
2025-06-17 17:36:00+00:00,42346.5,42351.4296875,42344.69140625,42351.4296875,693436.0
2025-06-17 17:37:00+00:00,42351.8203125,42352.6484375,42346.0,42346.05859375,544720.0
2025-06-17 17:38:00+00:00,42330.48828125,42357.05859375,42330.48828125,42352.0390625,574296.0
2025-06-17 17:39:00+00:00,42323.05078125,42332.578125,42316.921875,42330.16015625,534569.0
2025-06-17 17:41:00+00:00,42336.12890625,42344.359375,42335.171875,42335.359375,1160807.0
2025-06-17 17:42:00+00:00,42326.921875,42336.4609375,42326.890625,42336.390625,388462.0
2025-06-17 17:43:00+00:00,42313.01953125,42327.8203125,42313.01953125,42327.8203125,546597.0
2025-06-17 17:44:00+00:00,42290.78125,42312.390625,42284.48046875,42312.390625,680772.0
2025-06-17 17:45:00+00:00,42294.078125,42296.140625,42285.12890625,42289.87890625,576487.0
2025-06-17 17:46:00+00:00,42269.26171875,42291.8515625,42249.2890625,42291.8515625,1114513.0
2025-06-17 17:47:00+00:00,42259.578125,42277.78125,42259.05859375,42277.78125,887177.0
2025-06-17 17:48:00+00:00,42246.3984375,42259.6796875,42243.6015625,42259.6796875,738403.0
2025-06-17 17:49:00+00:00,42249.55078125,42250.62109375,42228.33984375,42246.3984375,1158300.0
2025-06-17 17:50:00+00:00,42237.91015625,42249.53125,42233.1015625,42249.53125,637460.0
2025-06-17 17:51:00+00:00,42227.44140625,42239.5703125,42216.80078125,42237.171875,982407.0
2025-06-17 17:52:00+00:00,42230.2109375,42238.51171875,42225.98828125,42226.69921875,652803.0
2025-06-17 17:53:00+00:00,42248.4296875,42249.140625,42231.921875,42232.41015625,637370.0
2025-06-17 17:54:00+00:00,42246.140625,42248.16015625,42237.828125,42248.16015625,546773.0
2025-06-17 17:55:00+00:00,42257.71875,42262.23046875,42246.140625,42246.44921875,652790.0
2025-06-17 17:56:00+00:00,42266.76171875,42267.73828125,42257.91015625,42258.3203125,522536.0
2025-06-17 17:57:00+00:00,42266.6484375,42272.75,42266.6484375,42267.328125,537618.0
2025-06-17 17:58:00+00:00,42254.8203125,42267.05078125,42254.33984375,42266.7109375,571426.0
2025-06-17 17:59:00+00:00,42247.94140625,42254.390625,42246.26171875,42254.390625,561037.0
2025-06-17 18:00:00+00:00,42217.55078125,42247.5,42199.37890625,42247.5,1295336.0
2025-06-17 18:01:00+00:00,42211.58984375,42217.171875,42197.0703125,42217.171875,844281.0
2025-06-17 18:02:00+00:00,42208.26953125,42214.69921875,42190.96875,42210.390625,1422099.0
2025-06-17 18:03:00+00:00,42190.01953125,42211.25,42186.921875,42208.03125,708736.0
2025-06-17 18:04:00+00:00,42193.53125,42193.76953125,42183.98828125,42192.21875,813210.0
2025-06-17 18:05:00+00:00,42210.05078125,42211.98046875,42193.98046875,42193.98046875,1090534.0
2025-06-17 18:06:00+00:00,42206.1796875,42220.2890625,42204.55859375,42214.62890625,1090914.0
2025-06-17 18:07:00+00:00,42225.359375,42225.44140625,42205.2109375,42206.12109375,667251.0
2025-06-17 18:08:00+00:00,42214.78125,42225.578125,42214.6796875,42225.578125,700767.0
2025-06-17 18:09:00+00:00,42224.9296875,42224.9296875,42210.1484375,42213.33984375,882016.0
2025-06-17 18:10:00+00:00,42235.2890625,42236.30859375,42223.87890625,42224.05859375,634190.0
2025-06-17 18:11:00+00:00,42234.12109375,42235.109375,42229.37890625,42234.80078125,484578.0
2025-06-17 18:12:00+00:00,42213.0,42235.48046875,42210.26171875,42234.19140625,623214.0
2025-06-17 18:13:00+00:00,42228.80859375,42228.80859375,42209.98046875,42213.12890625,505031.0
2025-06-17 18:14:00+00:00,42213.30859375,42228.328125,42213.28125,42228.328125,361634.0
2025-06-17 18:15:00+00:00,42197.12109375,42216.4609375,42195.421875,42212.08984375,824497.0
2025-06-17 18:16:00+00:00,42202.51953125,42207.71875,42196.80078125,42196.859375,663359.0
2025-06-17 18:17:00+00:00,42216.87109375,42216.96875,42196.6484375,42202.51953125,187545.0
2025-06-17 18:18:00+00:00,42208.69140625,42216.8515625,42205.0703125,42216.3984375,498312.0
2025-06-17 18:19:00+00:00,42205.76953125,42210.140625,42201.01171875,42208.87890625,468864.0
2025-06-17 18:20:00+00:00,42211.44921875,42211.44921875,42203.3515625,42206.3984375,680331.0
2025-06-17 18:21:00+00:00,42209.62890625,42214.51171875,42204.9296875,42211.2890625,507321.0
2025-06-17 18:22:00+00:00,42201.80859375,42209.46875,42200.859375,42209.37890625,564554.0
2025-06-17 18:23:00+00:00,42195.48828125,42203.30078125,42193.578125,42201.9296875,567350.0
2025-06-17 18:24:00+00:00,42189.12109375,42197.1484375,42188.4609375,42194.01953125,558880.0
2025-06-17 18:25:00+00:00,42187.4296875,42192.48046875,42177.3515625,42189.1484375,874216.0
2025-06-17 18:26:00+00:00,42183.08984375,42187.26953125,42174.80078125,42187.26953125,863769.0
2025-06-17 18:27:00+00:00,42171.26953125,42183.55859375,42165.87890625,42182.33984375,597466.0
2025-06-17 18:28:00+00:00,42168.6484375,42175.671875,42158.2890625,42170.96875,764405.0
2025-06-17 18:29:00+00:00,42178.2109375,42181.6796875,42166.55859375,42169.0703125,616479.0
2025-06-17 18:30:00+00:00,42189.3984375,42192.62890625,42174.2890625,42177.8984375,738569.0
2025-06-17 18:31:00+00:00,42187.671875,42194.25,42185.73046875,42189.58984375,681194.0
2025-06-17 18:32:00+00:00,42181.0703125,42190.66015625,42175.26171875,42187.5703125,496830.0
2025-06-17 18:33:00+00:00,42179.23828125,42184.8984375,42177.1796875,42180.73046875,421684.0
2025-06-17 18:34:00+00:00,42198.1015625,42198.1015625,42179.3984375,42179.3984375,710064.0
2025-06-17 18:35:00+00:00,42204.73046875,42206.1015625,42197.58984375,42197.58984375,558119.0
2025-06-17 18:36:00+00:00,42187.75,42205.3203125,42184.23046875,42204.80859375,572747.0
2025-06-17 18:37:00+00:00,42187.28125,42190.0390625,42179.51171875,42187.55859375,698924.0
2025-06-17 18:38:00+00:00,42183.48828125,42195.5,42183.48828125,42187.33984375,499708.0
2025-06-17 18:39:00+00:00,42168.23828125,42183.3984375,42163.19921875,42183.3984375,607056.0
2025-06-17 18:40:00+00:00,42154.26953125,42168.37890625,42150.8515625,42168.19921875,590237.0
2025-06-17 18:41:00+00:00,42150.1015625,42157.69921875,42144.05859375,42154.03125,749021.0
2025-06-17 18:42:00+00:00,42154.26953125,42157.0,42151.9609375,42151.9609375,689084.0
2025-06-17 18:43:00+00:00,42157.87890625,42165.58984375,42151.2890625,42153.3203125,591055.0
2025-06-17 18:44:00+00:00,42150.05859375,42159.69140625,42132.6484375,42157.76953125,1070740.0
2025-06-17 18:45:00+00:00,42166.41015625,42166.41015625,42150.26171875,42150.609375,655309.0
2025-06-17 18:46:00+00:00,42173.76171875,42174.0390625,42165.3515625,42166.7109375,523427.0
2025-06-17 18:47:00+00:00,42159.80078125,42177.25,42158.91015625,42174.05078125,602228.0
2025-06-17 18:48:00+00:00,42159.6015625,42160.578125,42149.859375,42160.01953125,551435.0
2025-06-17 18:49:00+00:00,42162.69140625,42165.2890625,42159.4609375,42159.609375,405220.0
2025-06-17 18:50:00+00:00,42166.25,42168.87109375,42160.109375,42162.44140625,558353.0
2025-06-17 18:51:00+00:00,42155.6484375,42167.26171875,42153.80078125,42166.51953125,571099.0
2025-06-17 18:52:00+00:00,42151.078125,42157.66015625,42150.87890625,42155.19921875,513616.0
2025-06-17 18:53:00+00:00,42156.05859375,42156.078125,42148.0390625,42151.359375,426294.0
2025-06-17 18:54:00+00:00,42155.80078125,42155.94921875,42145.69921875,42155.94921875,673774.0
2025-06-17 18:55:00+00:00,42175.0,42175.0,42155.76171875,42155.76171875,780698.0
2025-06-17 18:56:00+00:00,42180.23828125,42182.671875,42173.7109375,42173.7109375,532579.0
2025-06-17 18:57:00+00:00,42190.109375,42190.4609375,42178.328125,42180.96875,629968.0
2025-06-17 18:58:00+00:00,42195.1796875,42195.44921875,42191.5703125,42191.5703125,565168.0
2025-06-17 18:59:00+00:00,42205.7890625,42205.7890625,42195.328125,42195.55859375,862262.0
2025-06-17 19:00:00+00:00,42202.078125,42214.3515625,42201.3984375,42205.51171875,568473.0
2025-06-17 19:01:00+00:00,42197.55078125,42204.5390625,42197.078125,42201.73828125,884831.0
2025-06-17 19:02:00+00:00,42200.37890625,42205.890625,42195.171875,42198.41015625,529877.0
2025-06-17 19:03:00+00:00,42186.109375,42201.5,42185.421875,42200.48828125,577674.0
2025-06-17 19:04:00+00:00,42178.23046875,42183.75,42178.01171875,42183.75,422392.0
2025-06-17 19:05:00+00:00,42172.23828125,42178.6796875,42166.6015625,42178.171875,692736.0
2025-06-17 19:06:00+00:00,42180.0390625,42180.12890625,42169.828125,42170.109375,493791.0
2025-06-17 19:07:00+00:00,42187.76953125,42187.76953125,42178.1484375,42179.640625,552370.0
2025-06-17 19:08:00+00:00,42196.46875,42196.46875,42186.12109375,42188.01953125,613724.0
2025-06-17 19:09:00+00:00,42198.078125,42199.03125,42192.94140625,42196.109375,506407.0
2025-06-17 19:10:00+00:00,42185.859375,42199.1015625,42183.23046875,42197.83984375,740845.0
2025-06-17 19:11:00+00:00,42213.83984375,42214.87890625,42185.55859375,42185.55859375,719372.0
2025-06-17 19:12:00+00:00,42225.640625,42225.9609375,42213.578125,42213.76171875,671992.0
2025-06-17 19:13:00+00:00,42211.8984375,42225.7890625,42211.8984375,42225.5390625,510822.0
2025-06-17 19:14:00+00:00,42212.83984375,42216.390625,42211.83984375,42211.87109375,540847.0
2025-06-17 19:15:00+00:00,42222.23046875,42224.08984375,42212.78125,42212.78125,481219.0
2025-06-17 19:16:00+00:00,42219.53125,42225.55078125,42217.03125,42222.23828125,575081.0
2025-06-17 19:17:00+00:00,42195.8203125,42220.6484375,42195.62890625,42219.69921875,957199.0
2025-06-17 19:18:00+00:00,42198.73828125,42204.26953125,42195.78125,42195.78125,588104.0
2025-06-17 19:19:00+00:00,42197.01953125,42201.98828125,42197.01953125,42198.03125,607576.0
2025-06-17 19:20:00+00:00,42209.94140625,42209.94140625,42194.5390625,42197.140625,699313.0
2025-06-17 19:21:00+00:00,42216.1796875,42220.41015625,42210.23046875,42210.23046875,674875.0
2025-06-17 19:22:00+00:00,42230.0703125,42231.30859375,42216.859375,42216.98046875,539243.0
2025-06-17 19:23:00+00:00,42232.609375,42232.83984375,42229.671875,42229.671875,542042.0
2025-06-17 19:24:00+00:00,42232.01953125,42232.75,42227.671875,42232.75,513415.0
2025-06-17 19:25:00+00:00,42235.0390625,42237.19140625,42230.44140625,42232.2109375,628757.0
2025-06-17 19:26:00+00:00,42230.62890625,42234.28125,42224.390625,42234.12109375,586475.0
2025-06-17 19:27:00+00:00,42228.62109375,42233.51171875,42226.6796875,42230.8203125,522168.0
2025-06-17 19:28:00+00:00,42231.9296875,42232.94140625,42228.23828125,42228.9296875,549740.0
2025-06-17 19:29:00+00:00,42230.96875,42233.80078125,42229.3203125,42232.0,538965.0
2025-06-17 19:30:00+00:00,42223.359375,42234.9296875,42223.359375,42230.828125,818560.0
2025-06-17 19:31:00+00:00,42205.62890625,42225.62890625,42204.12109375,42223.51953125,921624.0
2025-06-17 19:32:00+00:00,42210.328125,42213.48046875,42210.328125,42213.48046875,685392.0
2025-06-17 19:33:00+00:00,42208.9296875,42212.7109375,42202.390625,42210.359375,607492.0
2025-06-17 19:34:00+00:00,42218.3515625,42218.9609375,42208.87109375,42208.87109375,687741.0
2025-06-17 19:35:00+00:00,42228.03125,42228.4296875,42217.94921875,42217.94921875,722047.0
2025-06-17 19:36:00+00:00,42228.75,42233.73828125,42226.62109375,42227.3984375,692735.0
2025-06-17 19:37:00+00:00,42228.1484375,42230.69140625,42224.80859375,42229.03125,908335.0
2025-06-17 19:38:00+00:00,42227.5703125,42228.390625,42223.44921875,42228.21875,770968.0
2025-06-17 19:39:00+00:00,42209.0703125,42228.640625,42208.859375,42227.421875,1156522.0
2025-06-17 19:40:00+00:00,42199.96875,42211.9296875,42199.3515625,42208.7890625,933235.0
2025-06-17 19:41:00+00:00,42194.30859375,42202.4296875,42182.671875,42199.94140625,1111342.0
2025-06-17 19:42:00+00:00,42186.578125,42195.53125,42185.26953125,42195.53125,762609.0
2025-06-17 19:43:00+00:00,42199.58984375,42203.01171875,42186.73828125,42186.73828125,889880.0
2025-06-17 19:44:00+00:00,42201.23828125,42205.640625,42194.58984375,42199.421875,877978.0
2025-06-17 19:45:00+00:00,42220.390625,42220.390625,42198.3203125,42201.76171875,1316813.0
2025-06-17 19:46:00+00:00,42208.9296875,42222.859375,42206.96875,42220.98046875,1278095.0
2025-06-17 19:47:00+00:00,42228.12109375,42229.98046875,42209.0,42209.23046875,1021002.0
2025-06-17 19:48:00+00:00,42238.41015625,42239.73828125,42228.44921875,42228.44921875,975307.0
2025-06-17 19:49:00+00:00,42237.390625,42241.078125,42233.9296875,42238.1796875,1135898.0
2025-06-17 19:50:00+00:00,42240.98828125,42245.05859375,42226.171875,42237.58984375,2499000.0
2025-06-17 19:51:00+00:00,42235.62109375,42239.96875,42227.359375,42239.96875,1694920.0
2025-06-17 19:52:00+00:00,42220.51953125,42233.5,42218.8984375,42233.5,1631789.0
2025-06-17 19:53:00+00:00,42237.2890625,42238.8203125,42216.41015625,42220.5,1646898.0
2025-06-17 19:54:00+00:00,42208.109375,42237.21875,42206.5703125,42237.21875,2413656.0
2025-06-17 19:55:00+00:00,42226.28125,42228.46875,42182.51171875,42208.0,4094312.0
2025-06-17 19:56:00+00:00,42231.2890625,42237.30859375,42223.5703125,42226.4609375,2428600.0
2025-06-17 19:57:00+00:00,42214.30859375,42222.25,42207.5703125,42221.05078125,2886510.0
2025-06-17 19:58:00+00:00,42209.19140625,42221.3515625,42208.55078125,42215.28125,4133739.0
2025-06-17 19:59:00+00:00,42211.0703125,42220.0390625,42197.37890625,42206.5703125,8838847.0
2025-06-18 13:30:00+00:00,42211.8515625,42266.19140625,42195.37890625,42236.03125,19333195.0
2025-06-18 13:31:00+00:00,42209.0,42228.19140625,42200.1484375,42211.66015625,2466310.0
2025-06-18 13:32:00+00:00,42228.578125,42232.12890625,42200.8515625,42207.12890625,1818191.0
2025-06-18 13:33:00+00:00,42224.921875,42235.01171875,42212.37890625,42227.83984375,2314218.0
2025-06-18 13:34:00+00:00,42230.51171875,42234.37109375,42221.2890625,42225.21875,1286922.0
2025-06-18 13:35:00+00:00,42249.8515625,42250.87890625,42218.16015625,42233.0703125,1585807.0
2025-06-18 13:36:00+00:00,42249.48828125,42251.30859375,42244.2890625,42250.25,1548228.0
2025-06-18 13:37:00+00:00,42279.4609375,42279.4609375,42240.23046875,42248.21875,1242034.0
2025-06-18 13:38:00+00:00,42265.78125,42282.03125,42264.96875,42279.30078125,1197787.0
2025-06-18 13:39:00+00:00,42276.6796875,42276.6796875,42263.94921875,42267.37890625,1075681.0
2025-06-18 13:40:00+00:00,42244.19140625,42278.44921875,42241.08984375,42277.0703125,1347647.0
2025-06-18 13:41:00+00:00,42245.41015625,42249.609375,42232.3515625,42243.171875,1537605.0
2025-06-18 13:42:00+00:00,42222.26953125,42245.87890625,42222.2109375,42245.87890625,1288284.0
2025-06-18 13:43:00+00:00,42239.83984375,42240.0390625,42222.0703125,42222.3203125,1085701.0
2025-06-18 13:44:00+00:00,42248.28125,42250.4609375,42234.671875,42239.80078125,1122161.0
2025-06-18 13:45:00+00:00,42245.1484375,42254.171875,42239.78125,42247.41015625,1098601.0
2025-06-18 13:46:00+00:00,42246.921875,42246.921875,42240.7890625,42242.1015625,677928.0
2025-06-18 13:47:00+00:00,42252.890625,42256.76171875,42241.55078125,42252.83984375,1852663.0
2025-06-18 13:48:00+00:00,42282.23046875,42282.23046875,42252.05859375,42253.53125,1344313.0
2025-06-18 13:49:00+00:00,42279.87109375,42288.80859375,42277.5703125,42283.0703125,998128.0
2025-06-18 13:50:00+00:00,42284.91015625,42285.7890625,42276.2109375,42279.6015625,1098121.0
2025-06-18 13:51:00+00:00,42292.1796875,42302.5,42287.78125,42287.78125,987993.0
2025-06-18 13:52:00+00:00,42297.328125,42306.23046875,42287.73828125,42290.53125,1393761.0
2025-06-18 13:53:00+00:00,42322.01171875,42324.578125,42297.75,42297.75,1029024.0
2025-06-18 13:54:00+00:00,42321.7890625,42333.69140625,42317.51171875,42322.3515625,1201693.0
2025-06-18 13:55:00+00:00,42314.7890625,42325.3515625,42314.30859375,42322.16015625,1068889.0
2025-06-18 13:56:00+00:00,42326.0390625,42331.25,42314.48046875,42314.8203125,988566.0
2025-06-18 13:57:00+00:00,42321.46875,42330.76171875,42320.078125,42325.73828125,791225.0
2025-06-18 13:58:00+00:00,42331.921875,42332.03125,42314.0,42319.6484375,831259.0
2025-06-18 13:59:00+00:00,42315.1015625,42338.0,42314.30078125,42330.12109375,1126139.0
2025-06-18 14:00:00+00:00,42301.0390625,42319.19921875,42298.55078125,42316.078125,1325821.0
2025-06-18 14:01:00+00:00,42301.48828125,42308.80859375,42294.3203125,42299.3203125,1141644.0
2025-06-18 14:02:00+00:00,42321.8515625,42321.8515625,42301.421875,42301.5390625,1212955.0
2025-06-18 14:03:00+00:00,42334.73828125,42334.73828125,42310.51953125,42321.12890625,1190533.0
2025-06-18 14:04:00+00:00,42341.48046875,42344.51953125,42335.8203125,42340.51171875,1094841.0
2025-06-18 14:05:00+00:00,42328.9296875,42341.19140625,42325.6484375,42341.19140625,1159617.0
2025-06-18 14:06:00+00:00,42328.83984375,42341.75,42328.73828125,42329.921875,1046015.0
2025-06-18 14:07:00+00:00,42309.3984375,42333.37890625,42309.3984375,42329.390625,961891.0
2025-06-18 14:08:00+00:00,42348.16015625,42348.16015625,42310.8984375,42310.8984375,1132934.0
2025-06-18 14:09:00+00:00,42336.359375,42354.23046875,42336.2890625,42349.19140625,817944.0
2025-06-18 14:10:00+00:00,42321.359375,42337.58984375,42321.359375,42333.01953125,1020096.0
2025-06-18 14:11:00+00:00,42334.5,42335.51953125,42321.0390625,42321.23046875,891595.0
2025-06-18 14:12:00+00:00,42353.5390625,42353.5390625,42329.0703125,42331.19140625,1173307.0
2025-06-18 14:13:00+00:00,42367.73828125,42368.98046875,42353.1015625,42353.1015625,1034022.0
2025-06-18 14:14:00+00:00,42384.55078125,42389.3984375,42368.55078125,42368.55078125,1188506.0
2025-06-18 14:15:00+00:00,42377.9609375,42389.75,42377.6015625,42384.890625,2336521.0
2025-06-18 14:16:00+00:00,42394.3984375,42394.3984375,42377.26953125,42377.26953125,1257824.0
2025-06-18 14:17:00+00:00,42409.5390625,42410.1015625,42392.98828125,42394.48828125,1062923.0
2025-06-18 14:18:00+00:00,42421.890625,42426.73046875,42409.5,42410.140625,1044050.0
2025-06-18 14:19:00+00:00,42410.05859375,42421.69140625,42408.16015625,42421.69140625,770080.0
2025-06-18 14:20:00+00:00,42438.23828125,42444.62890625,42409.0703125,42409.0703125,1592953.0
2025-06-18 14:21:00+00:00,42426.4609375,42446.33984375,42426.12890625,42439.75,1626373.0
2025-06-18 14:22:00+00:00,42433.83984375,42439.3203125,42426.51953125,42426.51953125,1068238.0
2025-06-18 14:23:00+00:00,42430.69921875,42433.91015625,42425.12890625,42431.98828125,962392.0
2025-06-18 14:24:00+00:00,42447.48046875,42447.71875,42430.21875,42430.859375,1068667.0
2025-06-18 14:25:00+00:00,42466.01171875,42470.62109375,42448.2109375,42448.2109375,1053502.0
2025-06-18 14:26:00+00:00,42480.6796875,42480.6796875,42466.1015625,42466.1015625,1049878.0
2025-06-18 14:27:00+00:00,42477.55859375,42485.58984375,42475.55859375,42481.19140625,1006509.0
2025-06-18 14:28:00+00:00,42475.55078125,42483.48828125,42474.75,42478.19921875,1106274.0
2025-06-18 14:29:00+00:00,42460.109375,42478.140625,42459.98828125,42476.0703125,802287.0
2025-06-18 14:30:00+00:00,42462.12109375,42465.69921875,42457.6796875,42458.91015625,1220146.0
2025-06-18 14:31:00+00:00,42487.91015625,42487.91015625,42462.078125,42462.078125,1277983.0
2025-06-18 14:32:00+00:00,42476.671875,42488.30078125,42476.671875,42487.421875,845887.0
2025-06-18 14:33:00+00:00,42479.0,42485.71875,42476.671875,42477.19140625,932956.0
2025-06-18 14:34:00+00:00,42493.828125,42494.5,42478.53125,42480.08984375,1034346.0
2025-06-18 14:35:00+00:00,42496.19140625,42501.44921875,42483.4296875,42493.96875,1128283.0
2025-06-18 14:36:00+00:00,42502.30078125,42505.78125,42492.19921875,42495.890625,996811.0
2025-06-18 14:37:00+00:00,42485.05078125,42502.76171875,42484.3984375,42502.76171875,1237953.0
2025-06-18 14:38:00+00:00,42494.28125,42495.05078125,42483.0,42484.73046875,1466688.0
2025-06-18 14:39:00+00:00,42489.0703125,42497.51171875,42487.98046875,42495.1796875,978128.0
2025-06-18 14:40:00+00:00,42482.28125,42500.140625,42482.28125,42490.4296875,1266036.0
2025-06-18 14:41:00+00:00,42492.01953125,42493.0390625,42475.69921875,42481.859375,1339404.0
2025-06-18 14:42:00+00:00,42504.44140625,42508.58984375,42502.83984375,42507.46875,1190494.0
2025-06-18 14:43:00+00:00,42499.62890625,42505.62109375,42497.171875,42504.37890625,884822.0
2025-06-18 14:44:00+00:00,42497.078125,42502.62109375,42487.01953125,42499.4296875,902490.0
2025-06-18 14:45:00+00:00,42506.94921875,42508.44921875,42494.3515625,42497.44140625,897903.0
2025-06-18 14:46:00+00:00,42501.41015625,42507.94140625,42497.51171875,42506.16015625,888841.0
2025-06-18 14:47:00+00:00,42509.0,42509.7890625,42502.12109375,42502.12109375,694451.0
2025-06-18 14:48:00+00:00,42487.390625,42510.0703125,42487.37890625,42509.25,1052992.0
2025-06-18 14:49:00+00:00,42490.9296875,42495.4609375,42478.73046875,42487.8515625,879529.0
2025-06-18 14:50:00+00:00,42499.6796875,42500.12109375,42491.71875,42491.71875,888042.0
2025-06-18 14:51:00+00:00,42487.87109375,42504.62109375,42487.87109375,42499.75,759837.0
2025-06-18 14:52:00+00:00,42478.05078125,42480.9609375,42477.6484375,42479.58984375,938975.0
2025-06-18 14:53:00+00:00,42484.37890625,42485.58984375,42477.9296875,42477.9296875,863524.0
2025-06-18 14:54:00+00:00,42481.078125,42486.37890625,42478.609375,42483.8515625,745401.0
2025-06-18 14:55:00+00:00,42471.28125,42482.9296875,42471.28125,42479.73828125,755538.0
2025-06-18 14:56:00+00:00,42483.01171875,42483.3984375,42471.3984375,42471.3984375,919659.0
2025-06-18 14:57:00+00:00,42490.421875,42491.78125,42483.73046875,42483.8984375,719747.0
2025-06-18 14:58:00+00:00,42481.26171875,42490.75,42480.859375,42490.75,725797.0
2025-06-18 14:59:00+00:00,42479.890625,42485.76953125,42477.0,42481.16015625,780144.0
2025-06-18 15:00:00+00:00,42479.96875,42481.7890625,42476.51171875,42479.55078125,761834.0
2025-06-18 15:01:00+00:00,42470.390625,42480.640625,42469.46875,42479.69921875,725575.0
2025-06-18 15:02:00+00:00,42473.41015625,42474.3984375,42467.9609375,42470.609375,763759.0
2025-06-18 15:03:00+00:00,42472.2109375,42473.53125,42466.23828125,42473.53125,604722.0
2025-06-18 15:04:00+00:00,42482.109375,42483.73828125,42472.328125,42472.328125,666103.0
2025-06-18 15:05:00+00:00,42483.80078125,42488.51953125,42480.5703125,42481.76171875,730303.0
2025-06-18 15:06:00+00:00,42457.01953125,42483.8984375,42457.01953125,42483.8984375,784276.0
2025-06-18 15:08:00+00:00,42454.76953125,42455.2890625,42445.66015625,42445.66015625,1202665.0
2025-06-18 15:09:00+00:00,42453.23046875,42453.58984375,42451.87109375,42453.58984375,461916.0
2025-06-18 15:13:00+00:00,42437.30859375,42438.94921875,42435.671875,42438.76953125,3220765.0
2025-06-18 15:15:00+00:00,42441.3515625,42448.1484375,42441.23828125,42448.1484375,1480212.0
2025-06-18 15:16:00+00:00,42441.58984375,42441.87890625,42438.37109375,42438.37109375,456035.0
2025-06-18 15:17:00+00:00,42439.80859375,42440.6484375,42438.21875,42438.21875,1181691.0
2025-06-18 15:18:00+00:00,42436.078125,42439.53125,42434.08984375,42439.53125,758634.0
2025-06-18 15:21:00+00:00,42422.44921875,42426.66015625,42422.44921875,42426.26171875,1839373.0
2025-06-18 15:22:00+00:00,42417.26171875,42425.46875,42416.51953125,42425.421875,986315.0
2025-06-18 15:24:00+00:00,42401.1015625,42402.71875,42398.03125,42398.03125,1676346.0
2025-06-18 15:25:00+00:00,42385.48046875,42400.23046875,42385.48046875,42400.23046875,832981.0
2025-06-18 15:27:00+00:00,42403.3203125,42403.359375,42384.71875,42384.71875,2740100.0
2025-06-18 15:28:00+00:00,42396.7890625,42407.62109375,42386.30859375,42402.94140625,1285377.0
2025-06-18 15:29:00+00:00,42398.3984375,42398.3984375,42397.16015625,42397.16015625,30415.0
2025-06-18 15:31:00+00:00,42418.08984375,42418.3984375,42416.8515625,42417.7109375,2224571.0
2025-06-18 15:32:00+00:00,42414.4296875,42423.53125,42412.28125,42423.53125,984496.0
2025-06-18 15:33:00+00:00,42410.16015625,42418.80078125,42407.609375,42417.6796875,334805.0
2025-06-18 15:36:00+00:00,42375.4296875,42384.421875,42375.4296875,42383.46875,2590975.0
2025-06-18 15:37:00+00:00,42385.48828125,42389.921875,42374.0703125,42375.671875,687148.0
2025-06-18 15:40:00+00:00,42375.23828125,42390.6796875,42367.08984375,42386.0,3005337.0
2025-06-18 15:41:00+00:00,42378.12109375,42380.69921875,42371.69921875,42375.03125,866552.0
2025-06-18 15:42:00+00:00,42380.4609375,42380.4609375,42378.9296875,42378.9296875,37748.0
2025-06-18 15:43:00+00:00,42367.87890625,42372.140625,42366.55078125,42372.140625,1041153.0
2025-06-18 15:44:00+00:00,42370.78125,42370.828125,42350.828125,42356.23046875,1087185.0
2025-06-18 15:47:00+00:00,42373.421875,42375.21875,42372.8515625,42374.01171875,2277291.0
2025-06-18 15:48:00+00:00,42377.71875,42377.91015625,42372.01953125,42374.25,617426.0
2025-06-18 15:49:00+00:00,42382.48828125,42388.23828125,42376.91015625,42377.6015625,770132.0
2025-06-18 15:50:00+00:00,42390.62890625,42391.66015625,42379.3984375,42382.421875,788533.0
2025-06-18 15:51:00+00:00,42409.62890625,42409.78125,42390.5703125,42391.12890625,836616.0
2025-06-18 15:52:00+00:00,42406.6015625,42409.48046875,42403.21875,42409.390625,633358.0
2025-06-18 15:53:00+00:00,42394.69140625,42407.25,42391.078125,42406.609375,607420.0
2025-06-18 15:54:00+00:00,42393.55859375,42395.28125,42385.26953125,42394.53125,490826.0
2025-06-18 15:55:00+00:00,42387.21875,42397.01953125,42386.9609375,42392.5703125,536042.0
2025-06-18 15:56:00+00:00,42389.171875,42393.48046875,42385.171875,42387.30078125,588038.0
2025-06-18 15:57:00+00:00,42373.44140625,42391.3203125,42373.44140625,42389.3984375,593974.0
2025-06-18 15:58:00+00:00,42343.9609375,42373.05078125,42343.9609375,42373.05078125,733450.0
2025-06-18 15:59:00+00:00,42348.51953125,42348.51953125,42337.87890625,42344.08984375,638143.0
2025-06-18 16:00:00+00:00,42347.48046875,42351.1796875,42341.4609375,42348.51171875,765733.0
2025-06-18 16:02:00+00:00,42365.37109375,42366.51171875,42355.6484375,42356.6796875,1792833.0
2025-06-18 16:03:00+00:00,42361.3515625,42370.2109375,42361.3515625,42364.9296875,665494.0
2025-06-18 16:04:00+00:00,42364.078125,42364.9609375,42363.9609375,42364.9609375,614616.0
2025-06-18 16:05:00+00:00,42363.26171875,42364.2109375,42358.30078125,42364.03125,501407.0
2025-06-18 16:06:00+00:00,42358.140625,42363.53125,42356.671875,42363.2890625,475778.0
2025-06-18 16:07:00+00:00,42363.9296875,42372.25,42359.76171875,42359.76171875,495721.0
2025-06-18 16:08:00+00:00,42382.30859375,42383.109375,42364.12890625,42366.0,726092.0
2025-06-18 16:09:00+00:00,42389.69921875,42392.30078125,42382.05078125,42382.69921875,654208.0
2025-06-18 16:10:00+00:00,42384.6484375,42395.2890625,42384.6484375,42389.83984375,494305.0
2025-06-18 16:11:00+00:00,42391.609375,42395.4609375,42380.7890625,42384.1015625,533259.0
2025-06-18 16:12:00+00:00,42393.0390625,42395.828125,42389.8203125,42391.62890625,541372.0
2025-06-18 16:13:00+00:00,42394.08984375,42396.44140625,42390.08984375,42393.21875,393931.0
2025-06-18 16:14:00+00:00,42394.890625,42400.03125,42394.609375,42395.75,515577.0
2025-06-18 16:15:00+00:00,42395.0703125,42400.69140625,42393.69921875,42395.421875,651828.0
2025-06-18 16:16:00+00:00,42378.87109375,42396.4296875,42378.46875,42393.76953125,720775.0
2025-06-18 16:17:00+00:00,42371.328125,42379.3984375,42367.94140625,42378.41015625,557674.0
2025-06-18 16:18:00+00:00,42380.87890625,42383.55078125,42372.3203125,42372.3203125,550422.0
2025-06-18 16:19:00+00:00,42368.16015625,42382.51171875,42367.44921875,42381.73046875,462782.0
2025-06-18 16:20:00+00:00,42379.359375,42380.19140625,42367.75,42368.41015625,978861.0
2025-06-18 16:21:00+00:00,42366.6015625,42379.37109375,42366.1796875,42379.37109375,717604.0
2025-06-18 16:22:00+00:00,42359.30078125,42369.69140625,42359.30078125,42366.41015625,635805.0
2025-06-18 16:23:00+00:00,42349.58984375,42360.08984375,42349.58984375,42358.62890625,710920.0
2025-06-18 16:24:00+00:00,42355.51171875,42355.5390625,42344.01171875,42349.05859375,630811.0
2025-06-18 16:25:00+00:00,42353.328125,42355.609375,42348.62109375,42355.2890625,522558.0
2025-06-18 16:26:00+00:00,42328.05859375,42353.23828125,42325.78125,42353.21875,543018.0
2025-06-18 16:27:00+00:00,42318.05859375,42328.4296875,42311.01171875,42328.4296875,516072.0
2025-06-18 16:28:00+00:00,42307.08984375,42319.66015625,42299.91015625,42319.66015625,742585.0
2025-06-18 16:29:00+00:00,42313.4609375,42317.2109375,42307.16015625,42307.62109375,716617.0
2025-06-18 16:30:00+00:00,42320.33984375,42321.16015625,42312.05859375,42313.12890625,607648.0
2025-06-18 16:31:00+00:00,42335.55078125,42339.03125,42318.12109375,42319.8984375,519539.0
2025-06-18 16:32:00+00:00,42316.55859375,42336.05078125,42316.390625,42335.78125,475575.0
2025-06-18 16:33:00+00:00,42312.98828125,42322.2109375,42309.94140625,42318.26171875,526690.0
2025-06-18 16:34:00+00:00,42312.80859375,42323.01171875,42312.62890625,42312.62890625,550380.0
2025-06-18 16:35:00+00:00,42308.6015625,42313.19921875,42305.921875,42313.1484375,548447.0
2025-06-18 16:36:00+00:00,42313.2109375,42313.2109375,42306.30859375,42308.69140625,389225.0
2025-06-18 16:37:00+00:00,42306.078125,42316.5,42303.4296875,42313.2890625,382027.0
2025-06-18 16:38:00+00:00,42313.828125,42315.48046875,42306.0703125,42306.0703125,563896.0
2025-06-18 16:39:00+00:00,42325.26953125,42325.94921875,42312.87890625,42312.9296875,457712.0
2025-06-18 16:40:00+00:00,42320.28125,42327.73046875,42317.62109375,42325.26171875,436968.0
2025-06-18 16:41:00+00:00,42321.6484375,42325.94140625,42315.16015625,42319.9296875,427083.0
2025-06-18 16:42:00+00:00,42319.6484375,42323.51953125,42317.4609375,42321.23828125,374681.0
2025-06-18 16:43:00+00:00,42315.640625,42320.71875,42315.1015625,42319.05078125,389064.0
2025-06-18 16:44:00+00:00,42333.78125,42334.1484375,42312.80078125,42315.62109375,581227.0
2025-06-18 16:45:00+00:00,42350.73828125,42351.94140625,42334.87890625,42334.98046875,465928.0
2025-06-18 16:46:00+00:00,42341.37109375,42352.30859375,42341.0703125,42350.7109375,496707.0
2025-06-18 16:47:00+00:00,42338.19140625,42343.7109375,42338.1484375,42340.6796875,433816.0
2025-06-18 16:48:00+00:00,42325.859375,42339.69140625,42325.48828125,42339.48046875,445510.0
2025-06-18 16:49:00+00:00,42331.5390625,42333.55078125,42325.55078125,42326.859375,423628.0
2025-06-18 16:50:00+00:00,42352.4296875,42352.69921875,42331.55078125,42332.1796875,543140.0
2025-06-18 16:51:00+00:00,42369.21875,42375.3515625,42353.9296875,42353.9296875,519125.0
2025-06-18 16:52:00+00:00,42349.8984375,42369.73828125,42349.6796875,42369.1015625,443923.0
2025-06-18 16:53:00+00:00,42343.98828125,42352.2109375,42343.1015625,42349.87109375,407654.0
2025-06-18 16:54:00+00:00,42327.609375,42343.98828125,42326.58984375,42343.98828125,481753.0
2025-06-18 16:55:00+00:00,42327.26953125,42333.44921875,42325.80078125,42327.1796875,454944.0
2025-06-18 16:56:00+00:00,42326.26171875,42337.37109375,42326.26171875,42327.37109375,414852.0
2025-06-18 16:57:00+00:00,42326.87109375,42327.5,42320.96875,42326.91015625,434555.0
2025-06-18 16:58:00+00:00,42324.8203125,42327.80078125,42323.05078125,42325.5390625,605669.0
2025-06-18 16:59:00+00:00,42317.91015625,42326.359375,42317.05078125,42323.83984375,934600.0
2025-06-18 17:00:00+00:00,42321.55859375,42321.55859375,42320.80859375,42321.01953125,1060335.0
2025-06-18 17:01:00+00:00,42332.3203125,42332.9609375,42321.609375,42321.609375,801725.0
2025-06-18 17:02:00+00:00,42319.66015625,42332.5390625,42316.1796875,42331.7109375,765043.0
2025-06-18 17:03:00+00:00,42332.9609375,42337.8203125,42323.41015625,42323.44140625,565508.0
2025-06-18 17:04:00+00:00,42334.5,42345.19140625,42332.55078125,42332.80078125,589431.0
2025-06-18 17:05:00+00:00,42336.76171875,42341.23828125,42335.0703125,42336.71875,531633.0
2025-06-18 17:06:00+00:00,42336.05078125,42339.08984375,42330.859375,42337.44140625,588916.0
2025-06-18 17:07:00+00:00,42323.1015625,42336.33984375,42320.2890625,42336.33984375,503118.0
2025-06-18 17:08:00+00:00,42326.30078125,42329.1796875,42319.26171875,42323.6484375,431666.0
2025-06-18 17:09:00+00:00,42330.30078125,42330.421875,42321.12890625,42326.3203125,423667.0
2025-06-18 17:10:00+00:00,42327.44140625,42335.609375,42326.55859375,42330.578125,483266.0
2025-06-18 17:11:00+00:00,42330.25,42332.16015625,42325.53125,42327.94140625,471166.0
2025-06-18 17:12:00+00:00,42317.51953125,42329.83984375,42315.62890625,42329.83984375,431688.0
2025-06-18 17:13:00+00:00,42308.828125,42324.6796875,42306.05078125,42318.80859375,473223.0
2025-06-18 17:14:00+00:00,42306.08984375,42312.6015625,42306.08984375,42309.8984375,521455.0
2025-06-18 17:15:00+00:00,42324.62109375,42325.140625,42307.390625,42307.390625,502106.0
2025-06-18 17:16:00+00:00,42323.4296875,42324.51953125,42319.46875,42324.1015625,502968.0
2025-06-18 17:17:00+00:00,42319.078125,42328.26953125,42318.30078125,42324.6484375,551877.0
2025-06-18 17:18:00+00:00,42322.25,42322.25,42316.8515625,42319.37109375,486158.0
2025-06-18 17:19:00+00:00,42320.37109375,42329.6796875,42320.37109375,42322.51953125,519546.0
2025-06-18 17:20:00+00:00,42323.83984375,42324.75,42323.0,42323.55078125,564670.0
2025-06-18 17:21:00+00:00,42316.33984375,42323.78125,42314.171875,42323.78125,597871.0
2025-06-18 17:22:00+00:00,42321.671875,42322.44140625,42311.21875,42315.75,634899.0
2025-06-18 17:23:00+00:00,42308.78125,42321.53125,42308.140625,42321.53125,486728.0
2025-06-18 17:24:00+00:00,42307.76953125,42311.578125,42302.91015625,42308.19140625,802167.0
2025-06-18 17:25:00+00:00,42313.1484375,42315.26953125,42305.44921875,42307.66015625,932348.0
2025-06-18 17:26:00+00:00,42320.9296875,42320.9296875,42310.53125,42313.19921875,456047.0
2025-06-18 17:27:00+00:00,42323.26953125,42323.44921875,42319.83984375,42320.9296875,516917.0
2025-06-18 17:28:00+00:00,42317.671875,42323.6484375,42310.8984375,42323.25,593847.0
2025-06-18 17:29:00+00:00,42314.9609375,42319.2109375,42314.9609375,42317.5703125,475551.0
2025-06-18 17:30:00+00:00,42315.21875,42325.98046875,42312.01953125,42315.44140625,766110.0
2025-06-18 17:31:00+00:00,42283.7109375,42314.640625,42274.80859375,42314.640625,1150364.0
2025-06-18 17:32:00+00:00,42281.828125,42284.578125,42277.75,42283.83984375,665718.0
2025-06-18 17:33:00+00:00,42271.390625,42282.44921875,42264.16015625,42282.23828125,686372.0
2025-06-18 17:34:00+00:00,42288.12890625,42288.98828125,42269.921875,42271.55859375,626084.0
2025-06-18 17:35:00+00:00,42269.5390625,42288.0703125,42266.05859375,42287.66015625,776722.0
2025-06-18 17:36:00+00:00,42284.609375,42284.78125,42267.76953125,42269.421875,660229.0
2025-06-18 17:37:00+00:00,42299.671875,42300.73046875,42281.328125,42284.890625,712011.0
2025-06-18 17:38:00+00:00,42294.44921875,42302.2890625,42293.7890625,42299.26953125,506037.0
2025-06-18 17:39:00+00:00,42303.48828125,42303.48828125,42291.12109375,42294.3515625,643589.0
2025-06-18 17:40:00+00:00,42298.19140625,42304.37890625,42295.859375,42303.44140625,621254.0
2025-06-18 17:41:00+00:00,42308.109375,42308.109375,42297.8984375,42298.33984375,586810.0
2025-06-18 17:42:00+00:00,42324.48828125,42326.87109375,42306.1484375,42308.140625,621886.0
2025-06-18 17:43:00+00:00,42329.03125,42329.25,42325.0703125,42325.0703125,532159.0
2025-06-18 17:44:00+00:00,42323.9296875,42332.1484375,42323.1015625,42328.578125,623513.0
2025-06-18 17:45:00+00:00,42323.9609375,42329.48046875,42321.140625,42325.30859375,552773.0
2025-06-18 17:46:00+00:00,42337.8515625,42337.8515625,42323.53125,42323.62890625,528420.0
2025-06-18 17:47:00+00:00,42347.96875,42347.96875,42338.75,42338.75,618084.0
2025-06-18 17:48:00+00:00,42364.890625,42365.5703125,42348.01171875,42348.21875,596238.0
2025-06-18 17:49:00+00:00,42347.01953125,42357.4296875,42347.01953125,42356.76171875,679974.0
2025-06-18 17:50:00+00:00,42332.1484375,42347.80859375,42331.109375,42347.2890625,568276.0
2025-06-18 17:51:00+00:00,42342.98046875,42344.921875,42332.0703125,42332.0703125,598033.0
2025-06-18 17:52:00+00:00,42354.609375,42354.609375,42344.01171875,42344.01171875,595856.0
2025-06-18 17:53:00+00:00,42355.7109375,42362.23828125,42353.76953125,42353.76953125,879385.0
2025-06-18 17:54:00+00:00,42356.44140625,42361.609375,42354.3515625,42355.69921875,521686.0
2025-06-18 17:55:00+00:00,42354.19921875,42359.98828125,42351.640625,42356.2890625,491192.0
2025-06-18 17:56:00+00:00,42364.75,42366.21875,42351.21875,42353.69921875,780164.0
2025-06-18 17:57:00+00:00,42351.671875,42365.19140625,42351.46875,42364.3515625,477358.0
2025-06-18 17:58:00+00:00,42338.171875,42351.30078125,42337.4609375,42351.23828125,514123.0
2025-06-18 17:59:00+00:00,42339.80078125,42340.8203125,42331.30859375,42338.0390625,655857.0
2025-06-18 18:00:00+00:00,42396.87890625,42429.109375,42336.73828125,42336.73828125,2203650.0
2025-06-18 18:01:00+00:00,42376.66015625,42404.05078125,42370.62109375,42397.3515625,885981.0
2025-06-18 18:02:00+00:00,42321.37109375,42376.55078125,42321.37109375,42376.55078125,908544.0
2025-06-18 18:03:00+00:00,42332.73046875,42346.5390625,42319.328125,42319.55078125,688940.0
2025-06-18 18:04:00+00:00,42304.08984375,42345.3515625,42303.51953125,42333.05859375,762745.0
2025-06-18 18:05:00+00:00,42310.5703125,42321.26171875,42294.859375,42304.0390625,1138113.0
2025-06-18 18:06:00+00:00,42332.26953125,42333.3203125,42309.53125,42311.55859375,628652.0
2025-06-18 18:07:00+00:00,42340.58984375,42341.62109375,42326.3515625,42333.76953125,722668.0
2025-06-18 18:08:00+00:00,42333.171875,42354.3984375,42333.171875,42354.3984375,906097.0
2025-06-18 18:09:00+00:00,42320.69140625,42331.44921875,42317.03125,42331.109375,653301.0
2025-06-18 18:10:00+00:00,42314.9609375,42321.51953125,42305.828125,42321.08984375,590981.0
2025-06-18 18:11:00+00:00,42332.55859375,42332.58984375,42314.23046875,42317.1015625,639496.0
2025-06-18 18:12:00+00:00,42323.55078125,42340.609375,42323.55078125,42332.3515625,617020.0
2025-06-18 18:13:00+00:00,42324.87109375,42325.75,42314.2109375,42322.921875,604660.0
2025-06-18 18:14:00+00:00,42345.51953125,42345.890625,42323.37890625,42324.66015625,578761.0
2025-06-18 18:15:00+00:00,42342.01953125,42346.01953125,42326.4296875,42345.46875,610032.0
2025-06-18 18:16:00+00:00,42339.12109375,42348.421875,42333.6015625,42341.640625,563143.0
2025-06-18 18:17:00+00:00,42357.3203125,42357.80078125,42338.48828125,42339.671875,621326.0
2025-06-18 18:18:00+00:00,42336.91015625,42358.5390625,42336.91015625,42356.578125,605584.0
2025-06-18 18:19:00+00:00,42321.44140625,42336.55859375,42321.421875,42336.55859375,548928.0
2025-06-18 18:20:00+00:00,42318.421875,42322.828125,42311.9609375,42322.828125,520260.0
2025-06-18 18:21:00+00:00,42316.1015625,42327.0,42316.1015625,42318.6015625,579698.0
2025-06-18 18:22:00+00:00,42318.30859375,42318.48828125,42309.109375,42315.1015625,623978.0
2025-06-18 18:23:00+00:00,42316.0,42318.5703125,42308.62890625,42317.71875,607457.0
2025-06-18 18:24:00+00:00,42322.78125,42324.03125,42306.828125,42316.359375,806495.0
2025-06-18 18:25:00+00:00,42340.5703125,42340.73046875,42319.28125,42323.0,678998.0
2025-06-18 18:26:00+00:00,42337.390625,42346.48828125,42337.390625,42340.578125,637739.0
2025-06-18 18:27:00+00:00,42341.6015625,42341.6015625,42327.421875,42337.6015625,530900.0
2025-06-18 18:28:00+00:00,42320.73046875,42344.5390625,42319.16015625,42341.76171875,710310.0
2025-06-18 18:29:00+00:00,42334.26171875,42341.48046875,42320.51171875,42320.51171875,434463.0
2025-06-18 18:30:00+00:00,42324.140625,42334.7109375,42323.921875,42333.76171875,526016.0
2025-06-18 18:31:00+00:00,42337.33984375,42338.21875,42322.55078125,42324.03125,531940.0
2025-06-18 18:32:00+00:00,42377.62109375,42377.62109375,42337.609375,42337.609375,875386.0
2025-06-18 18:33:00+00:00,42376.05078125,42380.51953125,42374.12109375,42377.3515625,800378.0
2025-06-18 18:34:00+00:00,42377.76171875,42383.26953125,42376.46875,42376.6484375,799767.0
2025-06-18 18:35:00+00:00,42312.609375,42377.80859375,42312.5703125,42377.53125,1297403.0
2025-06-18 18:36:00+00:00,42335.48046875,42338.53125,42309.41015625,42313.12890625,779721.0
2025-06-18 18:37:00+00:00,42328.16015625,42338.05078125,42324.9296875,42335.5390625,525427.0
2025-06-18 18:38:00+00:00,42364.51953125,42364.51953125,42325.71875,42328.12890625,800856.0
2025-06-18 18:39:00+00:00,42357.390625,42371.62890625,42357.390625,42365.05078125,647011.0
2025-06-18 18:40:00+00:00,42380.83984375,42382.37890625,42349.01171875,42357.23828125,807040.0
2025-06-18 18:41:00+00:00,42414.421875,42414.421875,42380.80078125,42380.80078125,850966.0
2025-06-18 18:42:00+00:00,42419.921875,42427.2890625,42411.6484375,42414.51171875,1094816.0
2025-06-18 18:43:00+00:00,42402.71875,42419.51171875,42399.80078125,42419.51171875,713081.0
2025-06-18 18:44:00+00:00,42404.30078125,42411.69921875,42401.30859375,42403.1015625,607858.0
2025-06-18 18:45:00+00:00,42361.19921875,42404.19921875,42359.48828125,42404.19921875,819580.0
2025-06-18 18:46:00+00:00,42367.25,42367.3515625,42345.1015625,42361.23046875,672334.0
2025-06-18 18:47:00+00:00,42363.6015625,42372.19140625,42358.8515625,42368.1796875,586454.0
2025-06-18 18:48:00+00:00,42343.41015625,42364.421875,42337.23046875,42363.5,656406.0
2025-06-18 18:49:00+00:00,42340.7890625,42350.16015625,42336.609375,42343.44921875,654168.0
2025-06-18 18:50:00+00:00,42325.0,42341.55859375,42321.3203125,42341.55859375,709342.0
2025-06-18 18:51:00+00:00,42331.171875,42332.4609375,42303.7890625,42325.21875,768046.0
2025-06-18 18:52:00+00:00,42308.8515625,42330.4609375,42308.8515625,42330.4609375,611435.0
2025-06-18 18:53:00+00:00,42274.8515625,42286.421875,42269.8984375,42286.421875,1120697.0
2025-06-18 18:54:00+00:00,42276.4296875,42276.62890625,42260.0,42276.3203125,1138791.0
2025-06-18 18:55:00+00:00,42249.03125,42276.37890625,42241.12109375,42276.37890625,1133652.0
2025-06-18 18:56:00+00:00,42219.76953125,42248.5,42208.51171875,42248.1484375,1591807.0
2025-06-18 18:57:00+00:00,42183.37890625,42217.44921875,42179.1015625,42217.390625,1449041.0
2025-06-18 18:58:00+00:00,42195.03125,42209.7890625,42157.671875,42184.109375,2342404.0
2025-06-18 18:59:00+00:00,42183.01953125,42195.25,42174.37890625,42194.1796875,980040.0
2025-06-18 19:00:00+00:00,42159.69140625,42181.48828125,42152.05078125,42181.48828125,1453445.0
2025-06-18 19:01:00+00:00,42176.640625,42179.609375,42138.5,42158.140625,1726539.0
2025-06-18 19:02:00+00:00,42190.03125,42198.1796875,42165.55078125,42176.0703125,1074996.0
2025-06-18 19:03:00+00:00,42196.7109375,42204.859375,42190.3515625,42190.3515625,919933.0
2025-06-18 19:04:00+00:00,42235.1015625,42237.828125,42197.25,42197.25,1215445.0
2025-06-18 19:05:00+00:00,42218.71875,42249.2890625,42216.73046875,42233.671875,1160611.0
2025-06-18 19:06:00+00:00,42219.51171875,42233.8984375,42218.55859375,42219.5390625,760154.0
2025-06-18 19:07:00+00:00,42200.0,42225.44921875,42196.0,42220.0703125,961352.0
2025-06-18 19:08:00+00:00,42192.6484375,42199.609375,42191.83984375,42199.19921875,690842.0
2025-06-18 19:09:00+00:00,42180.140625,42186.7109375,42171.05859375,42186.5703125,768987.0
2025-06-18 19:10:00+00:00,42175.87109375,42180.80078125,42163.640625,42180.80078125,690123.0
2025-06-18 19:11:00+00:00,42191.62890625,42193.4609375,42175.6796875,42176.1015625,954006.0
2025-06-18 19:12:00+00:00,42158.19140625,42194.8203125,42157.921875,42192.078125,1141036.0
2025-06-18 19:13:00+00:00,42235.46875,42236.890625,42140.51171875,42158.51171875,2097718.0
2025-06-18 19:14:00+00:00,42230.1015625,42260.30859375,42229.16015625,42235.48828125,1199654.0
2025-06-18 19:15:00+00:00,42208.98828125,42230.19140625,42201.640625,42230.19140625,1558285.0
2025-06-18 19:16:00+00:00,42209.640625,42210.171875,42192.87109375,42209.9296875,903602.0
2025-06-18 19:17:00+00:00,42194.109375,42216.6796875,42193.5,42209.1015625,906895.0
2025-06-18 19:18:00+00:00,42204.46875,42204.46875,42193.44140625,42193.44140625,712849.0
2025-06-18 19:19:00+00:00,42223.53125,42224.05078125,42198.69921875,42203.98828125,882017.0
2025-06-18 19:20:00+00:00,42224.71875,42224.96875,42215.140625,42223.3515625,765362.0
2025-06-18 19:21:00+00:00,42243.8984375,42244.87109375,42224.5703125,42224.5703125,767890.0
2025-06-18 19:22:00+00:00,42245.28125,42262.4609375,42240.19140625,42244.23046875,973567.0
2025-06-18 19:23:00+00:00,42250.03125,42254.4609375,42244.69140625,42244.69140625,812277.0
2025-06-18 19:24:00+00:00,42235.83984375,42255.48046875,42235.83984375,42249.921875,807727.0
2025-06-18 19:25:00+00:00,42226.51953125,42235.25,42205.66015625,42235.25,1040258.0
2025-06-18 19:26:00+00:00,42208.390625,42226.9609375,42205.5,42225.96875,720214.0
2025-06-18 19:27:00+00:00,42181.5390625,42208.26953125,42180.5,42207.78125,827402.0
2025-06-18 19:28:00+00:00,42140.76953125,42180.51953125,42138.33984375,42180.51953125,1248876.0
2025-06-18 19:29:00+00:00,42130.46875,42140.05078125,42129.01171875,42139.98828125,789180.0
2025-06-18 19:30:00+00:00,42142.62109375,42148.69921875,42118.23046875,42130.8515625,1385996.0
2025-06-18 19:31:00+00:00,42170.44140625,42170.44140625,42141.0703125,42142.8203125,1005057.0
2025-06-18 19:32:00+00:00,42180.0703125,42184.3984375,42163.578125,42172.08984375,838234.0
2025-06-18 19:33:00+00:00,42183.921875,42184.0390625,42170.390625,42178.73046875,819816.0
2025-06-18 19:34:00+00:00,42180.16015625,42187.62109375,42179.01171875,42183.19140625,709686.0
2025-06-18 19:35:00+00:00,42201.53125,42202.0,42171.80859375,42179.5390625,942172.0
2025-06-18 19:36:00+00:00,42206.3984375,42218.3984375,42202.76953125,42203.05859375,1066796.0
2025-06-18 19:37:00+00:00,42207.01953125,42215.0703125,42205.6484375,42205.6484375,1097285.0
2025-06-18 19:38:00+00:00,42200.7890625,42212.94140625,42198.609375,42206.98046875,1174783.0
2025-06-18 19:39:00+00:00,42197.51171875,42200.3203125,42191.91015625,42199.98828125,1204257.0
2025-06-18 19:40:00+00:00,42208.01953125,42214.46875,42196.75,42197.46875,1187090.0
2025-06-18 19:41:00+00:00,42211.359375,42212.25,42204.30859375,42206.30078125,1186952.0
2025-06-18 19:42:00+00:00,42204.48046875,42212.55859375,42192.48828125,42212.1484375,1468243.0
2025-06-18 19:43:00+00:00,42236.44140625,42236.44140625,42202.30859375,42203.94921875,1301763.0
2025-06-18 19:44:00+00:00,42243.6484375,42243.6484375,42229.80078125,42236.75,1332793.0
2025-06-18 19:45:00+00:00,42232.73046875,42249.05078125,42227.21875,42243.9609375,1713807.0
2025-06-18 19:46:00+00:00,42226.359375,42232.66015625,42218.01953125,42232.55078125,1280652.0
2025-06-18 19:47:00+00:00,42240.3203125,42240.3203125,42233.890625,42238.05078125,1242331.0
2025-06-18 19:48:00+00:00,42243.578125,42243.578125,42233.76953125,42240.41015625,1084517.0
2025-06-18 19:49:00+00:00,42221.05859375,42244.828125,42220.21875,42244.828125,1564573.0
2025-06-18 19:50:00+00:00,42193.80859375,42238.51171875,42193.80859375,42221.390625,5622074.0
2025-06-18 19:51:00+00:00,42187.28125,42193.9296875,42170.37890625,42193.9296875,2587225.0
2025-06-18 19:52:00+00:00,42186.91015625,42193.8203125,42174.01953125,42186.62109375,2591114.0
2025-06-18 19:53:00+00:00,42195.78125,42199.390625,42177.80859375,42179.80859375,2427136.0
2025-06-18 19:54:00+00:00,42163.76953125,42195.05859375,42163.76953125,42194.28125,3671310.0
2025-06-18 19:55:00+00:00,42176.05859375,42195.359375,42162.62890625,42162.62890625,5617069.0
2025-06-18 19:56:00+00:00,42187.19140625,42188.83984375,42169.08984375,42176.4609375,4018859.0
2025-06-18 19:57:00+00:00,42159.5703125,42186.19921875,42156.0703125,42186.19921875,4798871.0
2025-06-18 19:58:00+00:00,42150.578125,42169.359375,42145.9609375,42159.73828125,5990711.0
2025-06-18 19:59:00+00:00,42173.44140625,42181.0703125,42150.6796875,42150.96875,13326440.0
2025-06-20 13:30:00+00:00,42312.37890625,42328.48046875,42291.08984375,42291.08984375,0.0
2025-06-20 13:31:00+00:00,42294.75,42333.83984375,42292.48828125,42317.98046875,8241827.0
2025-06-20 13:32:00+00:00,42291.05859375,42321.69140625,42288.98828125,42295.8515625,2818758.0
2025-06-20 13:33:00+00:00,42293.41015625,42316.828125,42286.6015625,42291.66015625,4093689.0
2025-06-20 13:34:00+00:00,42324.30078125,42324.30078125,42282.30859375,42291.51171875,2398520.0
2025-06-20 13:35:00+00:00,42323.16015625,42340.7109375,42310.51953125,42326.921875,2949606.0
2025-06-20 13:36:00+00:00,42315.0,42332.421875,42313.0390625,42326.41015625,2746641.0
2025-06-20 13:37:00+00:00,42350.828125,42350.828125,42309.7109375,42315.55078125,1831751.0
2025-06-20 13:38:00+00:00,42388.55859375,42388.55859375,42342.4296875,42342.4296875,2568371.0
2025-06-20 13:39:00+00:00,42389.19140625,42400.48828125,42382.66015625,42388.80859375,2517724.0
2025-06-20 13:40:00+00:00,42398.859375,42405.48828125,42383.21875,42389.08984375,2161191.0
2025-06-20 13:41:00+00:00,42391.51171875,42401.578125,42389.73046875,42396.078125,1594836.0
2025-06-20 13:42:00+00:00,42407.109375,42408.48046875,42386.5703125,42391.80859375,1505099.0
2025-06-20 13:43:00+00:00,42406.01953125,42408.69140625,42387.87890625,42407.1015625,1510364.0
2025-06-20 13:44:00+00:00,42421.890625,42425.3515625,42408.91015625,42408.91015625,1521707.0
2025-06-20 13:45:00+00:00,42403.62890625,42432.19140625,42403.62890625,42422.0390625,1861223.0
2025-06-20 13:46:00+00:00,42383.3984375,42406.7109375,42383.3984375,42400.890625,2280083.0
2025-06-20 13:47:00+00:00,42391.98828125,42391.98828125,42378.76953125,42383.2109375,1492633.0
2025-06-20 13:48:00+00:00,42366.3984375,42397.69140625,42364.8203125,42392.78125,1414963.0
2025-06-20 13:49:00+00:00,42338.76953125,42366.21875,42338.73828125,42366.21875,1358823.0
2025-06-20 13:50:00+00:00,42315.5703125,42339.76171875,42305.7109375,42338.7890625,1381316.0
2025-06-20 13:51:00+00:00,42319.94140625,42333.8984375,42319.94140625,42328.3515625,904137.0
2025-06-20 13:52:00+00:00,42317.37890625,42332.51171875,42301.94921875,42305.37109375,1815728.0
2025-06-20 13:53:00+00:00,42291.2890625,42316.578125,42287.37109375,42316.578125,1646004.0
2025-06-20 13:54:00+00:00,42316.94921875,42321.2890625,42294.41015625,42294.41015625,1232870.0
2025-06-20 13:55:00+00:00,42328.73828125,42331.80078125,42316.9609375,42318.62890625,1366949.0
2025-06-20 13:56:00+00:00,42328.33984375,42334.9609375,42323.421875,42329.23046875,1553867.0
2025-06-20 13:57:00+00:00,42325.171875,42335.8515625,42322.109375,42327.421875,1647185.0
2025-06-20 13:58:00+00:00,42312.7890625,42325.7109375,42309.41015625,42325.28125,1103829.0
2025-06-20 13:59:00+00:00,42304.41015625,42313.0390625,42295.94921875,42312.421875,1374253.0
2025-06-20 14:00:00+00:00,42318.87109375,42319.46875,42300.76171875,42300.76171875,2357604.0
2025-06-20 14:01:00+00:00,42316.69921875,42320.28125,42302.01171875,42318.30078125,1342804.0
2025-06-20 14:02:00+00:00,42320.5703125,42329.078125,42308.16015625,42316.91015625,1640502.0
2025-06-20 14:03:00+00:00,42313.78125,42315.9296875,42305.5,42310.3984375,1342572.0
2025-06-20 14:04:00+00:00,42322.80078125,42325.109375,42314.5,42314.5,1726446.0
2025-06-20 14:05:00+00:00,42301.94140625,42325.9609375,42301.94140625,42324.23828125,1350709.0
2025-06-20 14:06:00+00:00,42303.19921875,42305.171875,42289.421875,42300.41015625,1455169.0
2025-06-20 14:07:00+00:00,42292.1015625,42303.80078125,42292.0390625,42303.03125,1404113.0
2025-06-20 14:08:00+00:00,42280.62890625,42293.62109375,42277.1484375,42292.890625,1157894.0
2025-06-20 14:09:00+00:00,42298.91015625,42301.30859375,42280.48046875,42281.21875,1010338.0
2025-06-20 14:10:00+00:00,42291.62890625,42301.26953125,42281.75,42297.23828125,1045778.0
2025-06-20 14:11:00+00:00,42283.1484375,42294.71875,42276.26171875,42291.62109375,1470205.0
2025-06-20 14:12:00+00:00,42291.12890625,42291.921875,42274.87890625,42282.8203125,1207159.0
2025-06-20 14:13:00+00:00,42297.7109375,42299.62109375,42289.1484375,42291.51171875,1435576.0
2025-06-20 14:14:00+00:00,42301.16015625,42305.890625,42294.33984375,42299.140625,1115783.0
2025-06-20 14:15:00+00:00,42299.12109375,42302.26953125,42289.171875,42301.328125,1304038.0
2025-06-20 14:16:00+00:00,42313.66015625,42314.109375,42303.8515625,42307.48828125,1432706.0
2025-06-20 14:17:00+00:00,42317.921875,42322.25,42307.6015625,42314.05859375,1327809.0
2025-06-20 14:18:00+00:00,42336.76171875,42336.76171875,42317.48828125,42318.58984375,1190928.0
2025-06-20 14:19:00+00:00,42333.05859375,42339.25,42331.44921875,42336.3984375,967823.0
2025-06-20 14:20:00+00:00,42342.890625,42345.23046875,42329.6015625,42332.98828125,1124789.0
2025-06-20 14:21:00+00:00,42354.23828125,42354.46875,42341.609375,42341.609375,2522054.0
2025-06-20 14:22:00+00:00,42352.01953125,42358.12890625,42338.80078125,42354.55859375,1529071.0
2025-06-20 14:23:00+00:00,42315.7109375,42351.73046875,42314.828125,42351.4296875,1405475.0
2025-06-20 14:24:00+00:00,42271.2890625,42315.73046875,42271.05078125,42315.73046875,1771523.0
2025-06-20 14:25:00+00:00,42259.828125,42271.55078125,42235.87109375,42271.55078125,1922461.0
2025-06-20 14:26:00+00:00,42239.73046875,42258.76953125,42235.0,42258.76953125,1743474.0
2025-06-20 14:27:00+00:00,42257.75,42259.23828125,42235.26171875,42238.48828125,1274687.0
2025-06-20 14:28:00+00:00,42293.51953125,42293.7890625,42258.55078125,42258.55078125,1216720.0
2025-06-20 14:29:00+00:00,42281.58984375,42284.0703125,42277.8515625,42282.33984375,1141364.0
2025-06-20 14:30:00+00:00,42274.140625,42281.30078125,42272.62890625,42281.30078125,1137383.0
2025-06-20 14:31:00+00:00,42269.94140625,42284.71875,42268.55859375,42274.98828125,957432.0
2025-06-20 14:32:00+00:00,42262.4296875,42282.94140625,42262.4296875,42272.48828125,997965.0
2025-06-20 14:33:00+00:00,42258.26953125,42262.5703125,42250.26953125,42262.5703125,935376.0
2025-06-20 14:34:00+00:00,42245.73046875,42257.6484375,42245.28125,42257.6484375,1006762.0
2025-06-20 14:35:00+00:00,42254.48828125,42255.4609375,42243.12109375,42245.19140625,1097264.0
2025-06-20 14:36:00+00:00,42262.640625,42269.48046875,42254.859375,42254.859375,1029526.0
2025-06-20 14:37:00+00:00,42286.16015625,42287.8515625,42262.2109375,42262.25,812327.0
2025-06-20 14:38:00+00:00,42292.94140625,42298.03125,42285.8984375,42286.109375,962463.0
2025-06-20 14:39:00+00:00,42287.8984375,42293.75,42283.328125,42292.73828125,883855.0
2025-06-20 14:40:00+00:00,42253.4296875,42310.26953125,42252.671875,42287.87109375,1856650.0
2025-06-20 14:41:00+00:00,42229.4609375,42258.01171875,42217.69921875,42252.859375,1768936.0
2025-06-20 14:42:00+00:00,42231.41015625,42237.78125,42219.30078125,42228.94140625,1684256.0
2025-06-20 14:43:00+00:00,42250.0703125,42253.7890625,42229.671875,42231.1015625,1050905.0
2025-06-20 14:44:00+00:00,42275.8203125,42277.6796875,42248.6484375,42252.71875,1937021.0
2025-06-20 14:45:00+00:00,42252.421875,42275.640625,42251.1484375,42275.640625,1198552.0
2025-06-20 14:46:00+00:00,42265.69140625,42265.87109375,42243.94140625,42254.44921875,1790189.0
2025-06-20 14:47:00+00:00,42235.16015625,42264.98828125,42234.4296875,42264.98828125,1235882.0
2025-06-20 14:48:00+00:00,42247.94921875,42248.3515625,42234.58984375,42235.66015625,1134166.0
2025-06-20 14:49:00+00:00,42258.41015625,42262.640625,42248.12890625,42248.75,1030533.0
2025-06-20 14:50:00+00:00,42217.578125,42258.25,42217.578125,42258.01171875,1389509.0
2025-06-20 14:51:00+00:00,42217.19140625,42217.44921875,42207.421875,42217.28125,1586915.0
2025-06-20 14:52:00+00:00,42231.9609375,42233.5390625,42215.578125,42216.4296875,1178741.0
2025-06-20 14:53:00+00:00,42229.26171875,42246.23046875,42229.26171875,42231.53125,1904270.0
2025-06-20 14:54:00+00:00,42214.75,42229.19921875,42213.80859375,42228.87890625,1533875.0
2025-06-20 14:55:00+00:00,42225.76953125,42226.359375,42206.6796875,42213.55078125,1241509.0
2025-06-20 14:56:00+00:00,42231.3515625,42231.3515625,42219.23046875,42223.19921875,1272380.0
2025-06-20 14:57:00+00:00,42234.12109375,42236.2109375,42226.6796875,42233.33984375,1138033.0
2025-06-20 14:58:00+00:00,42227.01171875,42241.9296875,42225.48046875,42232.2890625,1491965.0
2025-06-20 14:59:00+00:00,42217.140625,42227.37890625,42211.08984375,42226.890625,971411.0
2025-06-20 15:00:00+00:00,42191.44921875,42216.8515625,42186.609375,42216.8515625,2144625.0
2025-06-20 15:01:00+00:00,42190.48046875,42195.26171875,42190.0703125,42195.26171875,1323799.0
2025-06-20 15:02:00+00:00,42186.05859375,42202.55078125,42177.3203125,42191.828125,1183610.0
2025-06-20 15:03:00+00:00,42178.16015625,42196.3515625,42177.890625,42186.80078125,1022425.0
2025-06-20 15:04:00+00:00,42168.5,42182.0390625,42163.3515625,42177.96875,809401.0
2025-06-20 15:05:00+00:00,42214.23828125,42214.23828125,42167.51171875,42168.5,1309815.0
2025-06-20 15:06:00+00:00,42210.3515625,42217.12109375,42200.48828125,42213.87890625,991669.0
2025-06-20 15:07:00+00:00,42217.7890625,42218.16015625,42198.8515625,42209.83984375,794019.0
2025-06-20 15:08:00+00:00,42209.66015625,42218.6484375,42208.94140625,42218.6484375,744990.0
2025-06-20 15:09:00+00:00,42210.69140625,42211.80078125,42204.3984375,42209.87890625,859597.0
2025-06-20 15:10:00+00:00,42238.12890625,42238.96875,42208.41015625,42210.69140625,978801.0
2025-06-20 15:11:00+00:00,42252.94921875,42254.9609375,42235.12109375,42236.48046875,1223436.0
2025-06-20 15:12:00+00:00,42247.66015625,42253.4609375,42243.359375,42253.4609375,999455.0
2025-06-20 15:13:00+00:00,42256.51171875,42257.921875,42246.37109375,42247.6015625,906072.0
2025-06-20 15:14:00+00:00,42258.53125,42258.53125,42252.26953125,42257.62890625,1522036.0
2025-06-20 15:15:00+00:00,42253.80078125,42258.69140625,42251.44921875,42258.4296875,854707.0
2025-06-20 15:16:00+00:00,42256.2109375,42256.2109375,42252.7109375,42253.58984375,554997.0
2025-06-20 15:18:00+00:00,42282.23828125,42282.91015625,42280.890625,42282.828125,1980624.0
2025-06-20 15:22:00+00:00,42269.53125,42270.51171875,42267.1015625,42267.1015625,3267355.0
2025-06-20 15:23:00+00:00,42269.94921875,42270.359375,42266.51171875,42266.53125,453398.0
2025-06-20 15:24:00+00:00,42289.3984375,42289.3984375,42288.5390625,42288.609375,1050060.0
2025-06-20 15:25:00+00:00,42294.3515625,42294.3515625,42288.55078125,42289.6015625,560025.0
2025-06-20 15:27:00+00:00,42279.078125,42287.2890625,42279.078125,42286.23828125,2212995.0
2025-06-20 15:28:00+00:00,42278.6484375,42279.33984375,42278.171875,42279.12890625,137181.0
2025-06-20 15:29:00+00:00,42261.62890625,42269.80078125,42261.62890625,42269.62890625,1768216.0
2025-06-20 15:30:00+00:00,42291.76953125,42295.4296875,42278.859375,42278.859375,1063391.0
2025-06-20 15:33:00+00:00,42305.8203125,42305.828125,42298.390625,42300.30859375,3005334.0
2025-06-20 15:34:00+00:00,42311.23828125,42313.05078125,42306.3984375,42306.3984375,1911131.0
2025-06-20 15:35:00+00:00,42302.66015625,42317.890625,42302.140625,42313.16015625,1997818.0
2025-06-20 15:36:00+00:00,42303.69140625,42305.30078125,42303.53125,42304.5703125,1092084.0
2025-06-20 15:37:00+00:00,42312.69921875,42314.5,42303.0,42303.0,707319.0
2025-06-20 15:38:00+00:00,42322.8984375,42323.73828125,42312.12890625,42312.12890625,666424.0
2025-06-20 15:39:00+00:00,42338.16015625,42339.16015625,42323.96875,42326.0703125,3300276.0
2025-06-20 15:40:00+00:00,42338.21875,42340.91015625,42336.5390625,42339.140625,792641.0
2025-06-20 15:41:00+00:00,42340.5,42340.8203125,42337.2109375,42338.8984375,250336.0
2025-06-20 15:42:00+00:00,42325.140625,42328.23828125,42324.7890625,42327.0390625,1713327.0
2025-06-20 15:43:00+00:00,42337.73828125,42338.12109375,42322.87109375,42322.87109375,1184261.0
2025-06-20 15:44:00+00:00,42338.7890625,42339.26171875,42337.8515625,42337.8515625,150579.0
2025-06-20 15:46:00+00:00,42321.140625,42322.7109375,42320.87890625,42322.7109375,2095856.0
2025-06-20 15:47:00+00:00,42330.41015625,42331.16015625,42306.03125,42321.37109375,709907.0
2025-06-20 15:48:00+00:00,42319.30859375,42330.41015625,42318.640625,42330.359375,454426.0
2025-06-20 15:50:00+00:00,42303.890625,42304.48046875,42303.4609375,42304.4609375,1483148.0
2025-06-20 15:51:00+00:00,42289.2890625,42303.30078125,42289.2890625,42303.30078125,714779.0
2025-06-20 15:52:00+00:00,42292.46875,42294.94140625,42285.33984375,42288.828125,722259.0
2025-06-20 15:53:00+00:00,42279.578125,42292.58984375,42277.73828125,42292.58984375,904725.0
2025-06-20 15:54:00+00:00,42254.66015625,42279.44140625,42254.6484375,42279.44140625,1002699.0
2025-06-20 15:55:00+00:00,42259.75,42260.19140625,42248.71875,42254.0,771493.0
2025-06-20 15:56:00+00:00,42249.6484375,42259.48046875,42240.44140625,42259.48046875,872894.0
2025-06-20 15:57:00+00:00,42245.12109375,42250.390625,42245.12109375,42248.8515625,747457.0
2025-06-20 15:58:00+00:00,42241.23828125,42246.62109375,42240.1484375,42245.44921875,773989.0
2025-06-20 15:59:00+00:00,42233.859375,42243.5,42231.80078125,42241.0390625,730290.0
2025-06-20 16:00:00+00:00,42220.25,42236.78125,42220.25,42233.9609375,907277.0
2025-06-20 16:01:00+00:00,42219.0,42235.58984375,42217.7890625,42220.23828125,568933.0
2025-06-20 16:02:00+00:00,42219.55859375,42224.87109375,42218.19140625,42218.921875,617324.0
2025-06-20 16:03:00+00:00,42223.4609375,42223.73046875,42211.83984375,42219.1484375,1895638.0
2025-06-20 16:04:00+00:00,42222.73828125,42223.46875,42209.69921875,42223.46875,571609.0
2025-06-20 16:05:00+00:00,42223.30859375,42231.98046875,42218.62109375,42222.48828125,1219161.0
2025-06-20 16:06:00+00:00,42207.9609375,42226.0703125,42207.9609375,42222.55859375,1169063.0
2025-06-20 16:07:00+00:00,42216.71875,42216.71875,42205.91015625,42207.87890625,562079.0
2025-06-20 16:08:00+00:00,42223.16015625,42225.21875,42219.98046875,42221.03125,558744.0
2025-06-20 16:09:00+00:00,42239.5390625,42239.5390625,42221.78125,42223.05078125,1956483.0
2025-06-20 16:10:00+00:00,42253.48046875,42254.609375,42234.5703125,42239.01953125,585337.0
2025-06-20 16:11:00+00:00,42260.58984375,42261.44921875,42250.48046875,42254.03125,545933.0
2025-06-20 16:12:00+00:00,42242.1484375,42262.55078125,42242.1484375,42260.5,577236.0
2025-06-20 16:13:00+00:00,42224.19140625,42242.109375,42223.171875,42242.109375,659440.0
2025-06-20 16:14:00+00:00,42211.23828125,42224.98046875,42207.1796875,42224.859375,586144.0
2025-06-20 16:15:00+00:00,42218.05859375,42221.6015625,42207.359375,42211.1796875,374417.0
2025-06-20 16:16:00+00:00,42202.26953125,42207.44140625,42202.26953125,42206.76953125,496251.0
2025-06-20 16:17:00+00:00,42210.30078125,42211.8984375,42198.83984375,42201.890625,758301.0
2025-06-20 16:18:00+00:00,42214.078125,42215.05859375,42208.25,42210.08984375,486180.0
2025-06-20 16:19:00+00:00,42225.23828125,42225.23828125,42216.26171875,42216.26171875,506274.0
2025-06-20 16:20:00+00:00,42213.7890625,42228.0390625,42212.26953125,42225.44140625,557454.0
2025-06-20 16:21:00+00:00,42221.48046875,42223.55078125,42205.71875,42213.69921875,604371.0
2025-06-20 16:22:00+00:00,42227.4609375,42227.6796875,42218.30859375,42221.87890625,446757.0
2025-06-20 16:23:00+00:00,42210.30859375,42227.66015625,42207.0703125,42227.48046875,940790.0
2025-06-20 16:24:00+00:00,42238.2109375,42238.2109375,42210.55859375,42211.0,734986.0
2025-06-20 16:25:00+00:00,42232.51171875,42245.8984375,42228.78125,42239.51953125,548248.0
2025-06-20 16:26:00+00:00,42238.94921875,42241.109375,42232.609375,42232.921875,484502.0
2025-06-20 16:27:00+00:00,42255.41015625,42256.109375,42238.23828125,42238.73046875,515180.0
2025-06-20 16:28:00+00:00,42248.05078125,42260.078125,42247.98828125,42256.69921875,500788.0
2025-06-20 16:29:00+00:00,42252.23046875,42252.23046875,42241.98828125,42248.26953125,429204.0
2025-06-20 16:30:00+00:00,42260.5,42263.0390625,42252.171875,42252.171875,451199.0
2025-06-20 16:31:00+00:00,42258.859375,42260.328125,42249.9609375,42260.328125,1226686.0
2025-06-20 16:32:00+00:00,42266.078125,42269.28125,42258.2109375,42258.859375,566572.0
2025-06-20 16:33:00+00:00,42261.078125,42266.12890625,42259.55078125,42266.01171875,390554.0
2025-06-20 16:34:00+00:00,42270.48046875,42272.46875,42260.87109375,42261.23046875,1918812.0
2025-06-20 16:35:00+00:00,42277.171875,42277.44140625,42267.6484375,42270.421875,755834.0
2025-06-20 16:36:00+00:00,42281.41015625,42283.94140625,42276.01171875,42276.73046875,526371.0
2025-06-20 16:37:00+00:00,42281.1796875,42281.91015625,42277.8515625,42280.73046875,462319.0
2025-06-20 16:38:00+00:00,42281.171875,42281.890625,42280.5703125,42281.5390625,815736.0
2025-06-20 16:39:00+00:00,42285.0703125,42288.44921875,42281.26953125,42281.328125,438810.0
2025-06-20 16:40:00+00:00,42275.21875,42285.30859375,42273.171875,42285.30859375,434202.0
2025-06-20 16:41:00+00:00,42269.7890625,42278.53125,42269.578125,42275.1015625,548000.0
2025-06-20 16:42:00+00:00,42256.76953125,42270.30859375,42256.76953125,42269.609375,637033.0
2025-06-20 16:43:00+00:00,42254.9609375,42256.76953125,42245.578125,42256.76953125,624235.0
2025-06-20 16:44:00+00:00,42258.66015625,42259.05859375,42253.41015625,42255.0703125,537732.0
2025-06-20 16:45:00+00:00,42268.05859375,42268.87890625,42254.640625,42259.140625,635144.0
2025-06-20 16:46:00+00:00,42265.73046875,42274.859375,42265.421875,42268.51953125,523314.0
2025-06-20 16:47:00+00:00,42250.3203125,42266.0390625,42250.3203125,42265.83984375,471805.0
2025-06-20 16:48:00+00:00,42245.2109375,42252.1015625,42241.53125,42250.671875,586410.0
2025-06-20 16:49:00+00:00,42239.359375,42246.83984375,42239.26171875,42245.19921875,939758.0
2025-06-20 16:50:00+00:00,42251.51171875,42252.7109375,42238.03125,42239.53125,459605.0
2025-06-20 16:51:00+00:00,42241.66015625,42251.26953125,42236.94140625,42251.23046875,3151169.0
2025-06-20 16:52:00+00:00,42255.03125,42255.51171875,42241.80078125,42242.12109375,875284.0
2025-06-20 16:53:00+00:00,42266.5,42267.0390625,42250.37109375,42255.1796875,491166.0
2025-06-20 16:54:00+00:00,42274.359375,42275.37109375,42266.7109375,42267.078125,749433.0
2025-06-20 16:55:00+00:00,42271.26953125,42278.5703125,42270.671875,42273.6796875,411056.0
2025-06-20 16:56:00+00:00,42281.26171875,42281.609375,42269.12109375,42270.5703125,633623.0
2025-06-20 16:57:00+00:00,42285.4609375,42289.66015625,42280.48828125,42281.28125,490160.0
2025-06-20 16:58:00+00:00,42283.80859375,42288.9296875,42283.78125,42286.01171875,594823.0
2025-06-20 16:59:00+00:00,42262.3515625,42283.80859375,42242.6015625,42283.80859375,1268626.0
2025-06-20 17:00:00+00:00,42289.7890625,42289.7890625,42259.9296875,42262.91015625,708709.0
2025-06-20 17:01:00+00:00,42293.859375,42299.12890625,42286.44140625,42289.640625,515480.0
2025-06-20 17:02:00+00:00,42289.48046875,42294.3203125,42285.19921875,42293.328125,443349.0
2025-06-20 17:03:00+00:00,42273.171875,42289.96875,42272.96875,42289.9296875,585330.0
2025-06-20 17:04:00+00:00,42253.28125,42273.3203125,42251.62890625,42273.3203125,546410.0
2025-06-20 17:05:00+00:00,42247.03125,42253.140625,42242.0390625,42253.140625,849139.0
2025-06-20 17:06:00+00:00,42239.0390625,42247.76953125,42239.0390625,42247.66015625,561159.0
2025-06-20 17:07:00+00:00,42249.73046875,42249.73046875,42236.9609375,42238.921875,610245.0
2025-06-20 17:08:00+00:00,42252.62109375,42259.609375,42247.3984375,42249.73828125,488701.0
2025-06-20 17:09:00+00:00,42253.37109375,42258.26171875,42251.5703125,42253.0390625,559605.0
2025-06-20 17:10:00+00:00,42255.80078125,42255.80078125,42247.28125,42253.26953125,540477.0
2025-06-20 17:11:00+00:00,42252.94140625,42257.6796875,42251.640625,42255.94140625,458833.0
2025-06-20 17:12:00+00:00,42266.69921875,42266.69921875,42252.7890625,42252.7890625,626564.0
2025-06-20 17:13:00+00:00,42268.421875,42270.55078125,42265.6484375,42266.46875,552940.0
2025-06-20 17:14:00+00:00,42263.1015625,42269.01171875,42260.25,42267.9296875,637660.0
2025-06-20 17:15:00+00:00,42275.5,42287.23828125,42262.94921875,42262.94921875,1305323.0
2025-06-20 17:16:00+00:00,42255.51953125,42277.19140625,42255.51953125,42275.78125,647629.0
2025-06-20 17:17:00+00:00,42229.6796875,42255.609375,42229.6796875,42255.609375,632392.0
2025-06-20 17:18:00+00:00,42222.46875,42232.3203125,42222.23828125,42230.05078125,487378.0
2025-06-20 17:19:00+00:00,42218.01171875,42226.8515625,42218.01171875,42223.08984375,515836.0
2025-06-20 17:20:00+00:00,42217.078125,42221.171875,42205.87890625,42217.55078125,696401.0
2025-06-20 17:21:00+00:00,42206.3203125,42217.359375,42204.421875,42216.28125,464259.0
2025-06-20 17:22:00+00:00,42208.71875,42212.2109375,42205.5390625,42206.28125,341803.0
2025-06-20 17:23:00+00:00,42189.05859375,42209.01953125,42188.26171875,42209.01953125,737563.0
2025-06-20 17:24:00+00:00,42193.0703125,42194.171875,42189.0,42189.71875,528935.0
2025-06-20 17:25:00+00:00,42195.46875,42200.01171875,42191.05859375,42193.2890625,1027248.0
2025-06-20 17:26:00+00:00,42180.76171875,42196.9609375,42178.66015625,42195.91015625,695880.0
2025-06-20 17:27:00+00:00,42167.30859375,42167.640625,42166.859375,42167.640625,1451887.0
2025-06-20 17:28:00+00:00,42148.19921875,42167.4296875,42144.98828125,42166.91015625,2151530.0
2025-06-20 17:29:00+00:00,42147.44140625,42156.23046875,42147.44140625,42147.66015625,1587612.0
2025-06-20 17:30:00+00:00,42139.16015625,42147.33984375,42123.01953125,42147.33984375,852914.0
2025-06-20 17:31:00+00:00,42150.41015625,42150.66015625,42131.0703125,42139.80078125,612960.0
2025-06-20 17:32:00+00:00,42147.359375,42151.80859375,42141.5703125,42149.890625,459793.0
2025-06-20 17:33:00+00:00,42131.140625,42148.26171875,42130.19140625,42147.51953125,591070.0
2025-06-20 17:34:00+00:00,42136.421875,42137.51953125,42131.03125,42131.140625,801950.0
2025-06-20 17:35:00+00:00,42129.2890625,42142.73828125,42129.2890625,42136.62890625,1032327.0
2025-06-20 17:36:00+00:00,42110.94140625,42129.37109375,42108.01953125,42129.37109375,749834.0
2025-06-20 17:37:00+00:00,42110.19140625,42111.08984375,42089.98828125,42110.80859375,1025226.0
2025-06-20 17:38:00+00:00,42108.671875,42112.0,42104.21875,42110.48828125,576291.0
2025-06-20 17:39:00+00:00,42099.421875,42107.921875,42093.671875,42107.921875,646164.0
2025-06-20 17:40:00+00:00,42119.859375,42119.859375,42099.390625,42099.390625,546957.0
2025-06-20 17:41:00+00:00,42129.05859375,42129.05859375,42115.2109375,42119.80078125,759768.0
2025-06-20 17:42:00+00:00,42142.55078125,42148.0390625,42127.75,42129.578125,721627.0
2025-06-20 17:43:00+00:00,42131.9609375,42145.109375,42131.6796875,42141.55859375,622622.0
2025-06-20 17:44:00+00:00,42120.51171875,42133.421875,42120.51171875,42131.94921875,559709.0
2025-06-20 17:45:00+00:00,42121.8984375,42129.1484375,42116.46875,42117.51171875,499620.0
2025-06-20 17:46:00+00:00,42124.01171875,42126.78125,42121.8203125,42121.9609375,1293655.0
2025-06-20 17:47:00+00:00,42116.76171875,42124.421875,42116.76171875,42124.421875,460703.0
2025-06-20 17:48:00+00:00,42114.359375,42116.9609375,42107.94140625,42116.58984375,749257.0
2025-06-20 17:49:00+00:00,42110.73828125,42114.08984375,42108.51953125,42114.08984375,476499.0
2025-06-20 17:50:00+00:00,42121.53125,42122.0,42111.6484375,42111.6484375,532623.0
2025-06-20 17:51:00+00:00,42114.5,42125.01953125,42114.5,42120.80078125,565973.0
2025-06-20 17:52:00+00:00,42105.87109375,42115.12109375,42100.21875,42114.9296875,1077505.0
2025-06-20 17:53:00+00:00,42115.6796875,42116.328125,42102.1015625,42106.19921875,554967.0
2025-06-20 17:54:00+00:00,42112.87109375,42118.08984375,42109.3515625,42116.1484375,485221.0
2025-06-20 17:55:00+00:00,42116.359375,42117.578125,42112.890625,42114.5703125,550284.0
2025-06-20 17:56:00+00:00,42124.73828125,42129.1796875,42116.3203125,42116.98828125,917106.0
2025-06-20 17:57:00+00:00,42135.62890625,42135.62890625,42123.51171875,42123.5703125,497357.0
2025-06-20 17:58:00+00:00,42137.44921875,42140.23828125,42134.140625,42135.5390625,553799.0
2025-06-20 17:59:00+00:00,42138.48828125,42140.01953125,42135.58984375,42137.578125,795625.0
2025-06-20 18:00:00+00:00,42139.2890625,42143.859375,42132.609375,42138.37109375,618740.0
2025-06-20 18:01:00+00:00,42142.3515625,42144.640625,42138.921875,42139.80859375,549239.0
2025-06-20 18:02:00+00:00,42142.0703125,42149.6796875,42142.0703125,42143.01953125,644321.0
2025-06-20 18:03:00+00:00,42138.5703125,42142.16015625,42137.44140625,42142.16015625,537791.0
2025-06-20 18:04:00+00:00,42160.01171875,42161.0,42137.98046875,42137.98046875,637030.0
2025-06-20 18:05:00+00:00,42150.87890625,42160.0703125,42149.6796875,42160.0703125,337780.0
2025-06-20 18:06:00+00:00,42150.55078125,42159.1796875,42150.55078125,42151.01171875,514057.0
2025-06-20 18:07:00+00:00,42151.44140625,42152.87890625,42146.25,42150.94140625,631154.0
2025-06-20 18:08:00+00:00,42147.1484375,42155.0703125,42145.828125,42152.12109375,714881.0
2025-06-20 18:09:00+00:00,42150.828125,42150.828125,42141.51171875,42147.08984375,605361.0
2025-06-20 18:10:00+00:00,42153.73046875,42155.44921875,42150.1796875,42150.73046875,756146.0
2025-06-20 18:11:00+00:00,42158.69921875,42158.9609375,42151.640625,42153.6484375,510338.0
2025-06-20 18:12:00+00:00,42160.3203125,42163.0703125,42158.12109375,42158.6484375,648787.0
2025-06-20 18:13:00+00:00,42165.83984375,42167.25,42160.51171875,42160.828125,548890.0
2025-06-20 18:14:00+00:00,42171.5,42172.3515625,42165.390625,42165.390625,551385.0
2025-06-20 18:15:00+00:00,42169.83984375,42173.30859375,42167.91015625,42170.73828125,471808.0
2025-06-20 18:16:00+00:00,42170.12109375,42171.578125,42163.5703125,42170.109375,505636.0
2025-06-20 18:17:00+00:00,42183.4296875,42184.0703125,42170.5703125,42170.5703125,792476.0
2025-06-20 18:18:00+00:00,42200.51953125,42201.12109375,42183.21875,42183.69140625,885483.0
2025-06-20 18:19:00+00:00,42226.890625,42227.01171875,42198.55859375,42200.05859375,1230778.0
2025-06-20 18:20:00+00:00,42219.7109375,42228.30078125,42219.578125,42226.359375,807407.0
2025-06-20 18:21:00+00:00,42218.5390625,42223.2890625,42217.0,42219.55078125,504954.0
2025-06-20 18:22:00+00:00,42213.73828125,42220.76171875,42213.73828125,42218.0390625,512534.0
2025-06-20 18:23:00+00:00,42223.26171875,42224.05078125,42213.921875,42213.921875,789666.0
2025-06-20 18:24:00+00:00,42228.1015625,42228.359375,42222.75,42222.75,524301.0
2025-06-20 18:25:00+00:00,42223.37109375,42229.140625,42221.328125,42228.171875,545749.0
2025-06-20 18:26:00+00:00,42218.0,42222.87890625,42215.0390625,42222.87890625,648069.0
2025-06-20 18:27:00+00:00,42218.58984375,42221.28125,42218.03125,42218.26953125,482030.0
2025-06-20 18:28:00+00:00,42202.609375,42218.44140625,42202.609375,42218.44140625,614601.0
2025-06-20 18:29:00+00:00,42199.7109375,42208.671875,42196.98828125,42202.890625,545058.0
2025-06-20 18:30:00+00:00,42212.33984375,42214.51171875,42199.96875,42199.96875,1208981.0
2025-06-20 18:31:00+00:00,42200.80859375,42213.3203125,42198.16015625,42212.76953125,728523.0
2025-06-20 18:32:00+00:00,42220.6796875,42220.75,42201.48828125,42201.48828125,706223.0
2025-06-20 18:33:00+00:00,42212.51171875,42221.87890625,42212.51171875,42220.3515625,578148.0
2025-06-20 18:34:00+00:00,42215.62109375,42220.23828125,42212.7109375,42212.7109375,663242.0
2025-06-20 18:35:00+00:00,42206.87890625,42215.4296875,42205.73046875,42215.4296875,572614.0
2025-06-20 18:36:00+00:00,42214.3203125,42218.4609375,42206.01953125,42206.53125,507171.0
2025-06-20 18:37:00+00:00,42191.44921875,42214.12109375,42191.37109375,42214.12109375,667522.0
2025-06-20 18:38:00+00:00,42196.25,42197.19140625,42188.171875,42189.66015625,532373.0
2025-06-20 18:39:00+00:00,42197.19921875,42201.69140625,42196.48828125,42196.48828125,474397.0
2025-06-20 18:40:00+00:00,42187.55859375,42197.73046875,42183.69921875,42197.08984375,700444.0
2025-06-20 18:41:00+00:00,42194.30859375,42194.71875,42186.01953125,42187.80078125,816709.0
2025-06-20 18:42:00+00:00,42200.6796875,42201.98046875,42194.1015625,42194.1015625,813553.0
2025-06-20 18:43:00+00:00,42183.4296875,42200.7109375,42182.91015625,42200.7109375,531859.0
2025-06-20 18:44:00+00:00,42186.19921875,42188.0390625,42183.4296875,42183.44921875,797187.0
2025-06-20 18:45:00+00:00,42185.03125,42186.48828125,42178.80859375,42186.48828125,503217.0
2025-06-20 18:46:00+00:00,42195.9296875,42196.328125,42185.05859375,42185.05859375,699411.0
2025-06-20 18:47:00+00:00,42192.96875,42197.6484375,42191.23828125,42196.21875,510144.0
2025-06-20 18:48:00+00:00,42188.0390625,42195.2890625,42187.4609375,42192.73828125,513681.0
2025-06-20 18:49:00+00:00,42190.62109375,42191.80859375,42185.1015625,42187.83984375,499207.0
2025-06-20 18:50:00+00:00,42181.08984375,42190.6796875,42181.08984375,42190.6796875,761052.0
2025-06-20 18:51:00+00:00,42183.28125,42184.01171875,42177.76953125,42181.69140625,665432.0
2025-06-20 18:52:00+00:00,42176.25,42184.0390625,42175.23828125,42182.66015625,655291.0
2025-06-20 18:53:00+00:00,42178.30859375,42179.0,42171.1484375,42176.19921875,539712.0
2025-06-20 18:54:00+00:00,42181.0703125,42189.44921875,42178.0,42178.12890625,657344.0
2025-06-20 18:55:00+00:00,42178.48828125,42181.0,42177.1796875,42180.8515625,674644.0
2025-06-20 18:56:00+00:00,42117.609375,42178.37109375,42116.87890625,42178.37109375,1542541.0
2025-06-20 18:57:00+00:00,42135.9609375,42141.30859375,42119.1796875,42119.44140625,1261261.0
2025-06-20 18:58:00+00:00,42136.26171875,42142.62890625,42135.48046875,42135.6015625,2916743.0
2025-06-20 18:59:00+00:00,42137.96875,42137.96875,42131.16015625,42136.2109375,680032.0
2025-06-20 19:00:00+00:00,42142.12890625,42143.8984375,42124.96875,42136.5,819963.0
2025-06-20 19:01:00+00:00,42152.80859375,42160.46875,42142.30859375,42142.30859375,954040.0
2025-06-20 19:02:00+00:00,42153.48828125,42162.578125,42151.1015625,42151.78125,588133.0
2025-06-20 19:03:00+00:00,42143.73828125,42154.921875,42143.73828125,42154.109375,552907.0
2025-06-20 19:04:00+00:00,42147.890625,42149.9609375,42143.33984375,42143.69140625,1174352.0
2025-06-20 19:05:00+00:00,42141.6015625,42147.30078125,42131.30859375,42147.30078125,1065028.0
2025-06-20 19:06:00+00:00,42150.51953125,42155.83984375,42141.01953125,42141.30859375,833037.0
2025-06-20 19:07:00+00:00,42142.9609375,42156.16015625,42140.62109375,42151.01953125,593826.0
2025-06-20 19:08:00+00:00,42138.48046875,42145.609375,42137.9296875,42142.9609375,701865.0
2025-06-20 19:09:00+00:00,42139.58984375,42150.05078125,42138.25,42138.25,961233.0
2025-06-20 19:10:00+00:00,42151.609375,42151.83984375,42137.640625,42139.71875,647238.0
2025-06-20 19:11:00+00:00,42146.37890625,42152.0390625,42144.828125,42151.71875,523077.0
2025-06-20 19:12:00+00:00,42152.5,42154.359375,42143.94140625,42144.3203125,661787.0
2025-06-20 19:13:00+00:00,42154.51953125,42164.46875,42152.16015625,42152.4609375,782850.0
2025-06-20 19:14:00+00:00,42149.91015625,42154.83984375,42146.78125,42154.5390625,755811.0
2025-06-20 19:15:00+00:00,42140.28125,42150.078125,42135.98046875,42150.078125,600412.0
2025-06-20 19:16:00+00:00,42141.80859375,42146.1796875,42139.7890625,42139.7890625,757374.0
2025-06-20 19:17:00+00:00,42151.76953125,42151.76953125,42141.73828125,42141.828125,802728.0
2025-06-20 19:18:00+00:00,42153.4609375,42155.1796875,42150.01171875,42152.21875,831849.0
2025-06-20 19:19:00+00:00,42162.3203125,42164.19140625,42152.921875,42154.140625,826158.0
2025-06-20 19:20:00+00:00,42161.23828125,42169.078125,42160.01171875,42162.48046875,708540.0
2025-06-20 19:21:00+00:00,42155.62109375,42161.109375,42151.078125,42161.109375,834464.0
2025-06-20 19:22:00+00:00,42151.53125,42158.890625,42150.80859375,42155.55078125,685068.0
2025-06-20 19:23:00+00:00,42165.0703125,42169.671875,42150.62109375,42151.76171875,785134.0
2025-06-20 19:24:00+00:00,42164.51953125,42175.3203125,42162.51171875,42164.9609375,317970.0
2025-06-20 19:25:00+00:00,42156.7890625,42167.76953125,42156.7890625,42164.421875,772651.0
2025-06-20 19:26:00+00:00,42153.21875,42157.26171875,42146.75,42157.26171875,1005931.0
2025-06-20 19:27:00+00:00,42142.30078125,42153.1015625,42141.96875,42152.96875,812500.0
2025-06-20 19:28:00+00:00,42130.62890625,42142.91015625,42126.640625,42142.2890625,1113074.0
2025-06-20 19:29:00+00:00,42135.859375,42142.109375,42130.171875,42130.19921875,1207628.0
2025-06-20 19:30:00+00:00,42151.80859375,42154.33984375,42136.48828125,42136.48828125,949714.0
2025-06-20 19:31:00+00:00,42154.671875,42157.3984375,42145.76953125,42152.44140625,1588570.0
2025-06-20 19:32:00+00:00,42150.921875,42160.75,42145.7109375,42156.6484375,859690.0
2025-06-20 19:33:00+00:00,42148.578125,42153.0703125,42144.80078125,42152.6015625,914554.0
2025-06-20 19:34:00+00:00,42158.03125,42160.19921875,42148.640625,42148.640625,1949888.0
2025-06-20 19:35:00+00:00,42151.19921875,42161.30859375,42150.3984375,42158.05859375,1033948.0
2025-06-20 19:36:00+00:00,42156.0390625,42159.08984375,42151.78125,42153.37109375,871908.0
2025-06-20 19:37:00+00:00,42158.73828125,42158.73828125,42145.921875,42155.859375,861067.0
2025-06-20 19:38:00+00:00,42172.078125,42177.578125,42159.62109375,42159.76953125,1034699.0
2025-06-20 19:39:00+00:00,42159.51953125,42171.75,42159.05078125,42171.75,860228.0
2025-06-20 19:40:00+00:00,42155.2890625,42159.8984375,42145.609375,42158.2890625,1261608.0
2025-06-20 19:41:00+00:00,42157.4609375,42160.2890625,42155.76953125,42155.76953125,1146152.0
2025-06-20 19:42:00+00:00,42156.0390625,42159.51171875,42154.5703125,42157.94921875,1248510.0
2025-06-20 19:43:00+00:00,42156.2890625,42158.55859375,42153.25,42155.8203125,1157839.0
2025-06-20 19:44:00+00:00,42163.51953125,42167.8984375,42153.8515625,42159.25,1423168.0
2025-06-20 19:45:00+00:00,42174.640625,42175.46875,42154.98046875,42163.828125,1633075.0
2025-06-20 19:46:00+00:00,42168.46875,42174.890625,42167.6015625,42174.890625,1357738.0
2025-06-20 19:47:00+00:00,42173.75,42174.98046875,42161.1484375,42166.83984375,1536358.0
2025-06-20 19:48:00+00:00,42178.48046875,42185.0390625,42172.640625,42172.640625,1615568.0
2025-06-20 19:49:00+00:00,42169.48828125,42184.5390625,42169.48828125,42177.8515625,1397784.0
2025-06-20 19:50:00+00:00,42201.26953125,42208.73046875,42168.94140625,42168.94140625,4126028.0
2025-06-20 19:51:00+00:00,42209.69921875,42220.859375,42198.98046875,42201.6484375,2554118.0
2025-06-20 19:52:00+00:00,42219.2109375,42222.51171875,42209.19140625,42209.19140625,2436560.0
2025-06-20 19:53:00+00:00,42225.3515625,42227.80859375,42216.33984375,42219.140625,2863731.0
2025-06-20 19:54:00+00:00,42226.94921875,42244.98046875,42218.37109375,42226.73828125,4925553.0
2025-06-20 19:55:00+00:00,42237.4609375,42256.8984375,42228.46875,42228.46875,6668715.0
2025-06-20 19:56:00+00:00,42224.05078125,42251.109375,42224.05078125,42238.19140625,4688707.0
2025-06-20 19:57:00+00:00,42191.3515625,42226.26953125,42191.3515625,42223.69140625,6543852.0
2025-06-20 19:58:00+00:00,42188.46875,42196.78125,42185.2890625,42191.78125,7163151.0
2025-06-20 19:59:00+00:00,42210.12890625,42212.6015625,42159.08984375,42185.96875,17719068.0
2025-06-23 13:30:00+00:00,42143.69140625,42207.66015625,42143.69140625,42178.55078125,21140294.0
2025-06-23 13:31:00+00:00,42185.9609375,42187.609375,42126.91015625,42145.21875,3353799.0
2025-06-23 13:32:00+00:00,42153.30078125,42211.48828125,42147.73828125,42198.66015625,2765343.0
2025-06-23 13:33:00+00:00,42142.578125,42151.6484375,42109.80859375,42151.6484375,2475403.0
2025-06-23 13:34:00+00:00,42173.8515625,42175.3203125,42126.48828125,42141.328125,1934146.0
2025-06-23 13:35:00+00:00,42190.51953125,42190.98828125,42162.16015625,42169.76171875,2512953.0
2025-06-23 13:36:00+00:00,42207.12890625,42223.75,42191.4609375,42191.4609375,2250265.0
2025-06-23 13:37:00+00:00,42220.421875,42224.78125,42202.328125,42206.2109375,1879949.0
2025-06-23 13:38:00+00:00,42229.62890625,42233.98046875,42212.44921875,42221.53125,1506276.0
2025-06-23 13:39:00+00:00,42265.390625,42265.390625,42227.05859375,42230.171875,1761385.0
2025-06-23 13:40:00+00:00,42257.26953125,42265.33984375,42248.80859375,42265.33984375,1467907.0
2025-06-23 13:41:00+00:00,42271.21875,42276.7109375,42254.80859375,42257.23828125,1615167.0
2025-06-23 13:42:00+00:00,42247.26171875,42272.0703125,42246.6484375,42271.0703125,1903470.0
2025-06-23 13:43:00+00:00,42241.76953125,42250.859375,42238.359375,42247.58984375,1700256.0
2025-06-23 13:44:00+00:00,42232.33984375,42241.55859375,42220.8515625,42241.55859375,1283403.0
2025-06-23 13:45:00+00:00,42256.62109375,42262.55078125,42231.3515625,42231.3515625,1676738.0
2025-06-23 13:46:00+00:00,42242.94921875,42255.19921875,42242.0,42252.5703125,1262319.0
2025-06-23 13:47:00+00:00,42278.23046875,42278.53125,42255.03125,42255.6796875,1872867.0
2025-06-23 13:48:00+00:00,42274.44140625,42285.55078125,42268.48828125,42278.03125,1453100.0
2025-06-23 13:49:00+00:00,42287.5703125,42287.73828125,42271.30078125,42274.0703125,1205255.0
2025-06-23 13:50:00+00:00,42282.421875,42300.3515625,42282.421875,42286.01171875,1675178.0
2025-06-23 13:51:00+00:00,42280.609375,42287.96875,42280.609375,42284.078125,1192737.0
2025-06-23 13:52:00+00:00,42293.71875,42293.71875,42275.69140625,42278.7890625,1143465.0
2025-06-23 13:53:00+00:00,42313.33984375,42314.578125,42294.01953125,42294.01953125,1174345.0
2025-06-23 13:54:00+00:00,42312.421875,42322.8203125,42309.26953125,42314.3515625,1264059.0
2025-06-23 13:55:00+00:00,42330.0390625,42330.0390625,42314.62109375,42316.30078125,1164823.0
2025-06-23 13:56:00+00:00,42327.421875,42331.0,42324.140625,42327.44921875,981313.0
2025-06-23 13:57:00+00:00,42301.91015625,42325.98828125,42301.23046875,42325.98828125,910509.0
2025-06-23 13:58:00+00:00,42334.171875,42334.671875,42301.98046875,42302.41015625,938704.0
2025-06-23 13:59:00+00:00,42332.12109375,42336.12109375,42329.41015625,42334.0390625,959121.0
2025-06-23 14:00:00+00:00,42339.171875,42371.5703125,42332.12890625,42332.12890625,1723164.0
2025-06-23 14:01:00+00:00,42359.08984375,42363.73046875,42338.3984375,42338.3984375,1206021.0
2025-06-23 14:02:00+00:00,42366.94140625,42380.26171875,42357.83984375,42357.83984375,1367280.0
2025-06-23 14:03:00+00:00,42359.140625,42368.46875,42353.26171875,42366.390625,1204302.0
2025-06-23 14:04:00+00:00,42370.2109375,42373.5703125,42358.8203125,42358.8203125,1550840.0
2025-06-23 14:05:00+00:00,42382.96875,42384.01171875,42365.328125,42370.23828125,1398176.0
2025-06-23 14:06:00+00:00,42394.6796875,42395.21875,42383.83984375,42383.83984375,1326089.0
2025-06-23 14:07:00+00:00,42380.7109375,42398.5703125,42372.28125,42394.12109375,1180984.0
2025-06-23 14:08:00+00:00,42390.0,42398.51171875,42381.171875,42381.26171875,979400.0
2025-06-23 14:09:00+00:00,42380.6484375,42390.62109375,42370.80859375,42389.9296875,1096716.0
2025-06-23 14:10:00+00:00,42375.62890625,42383.6015625,42369.1015625,42381.05859375,1165433.0
2025-06-23 14:11:00+00:00,42349.171875,42378.53125,42348.8515625,42375.3515625,1268286.0
2025-06-23 14:12:00+00:00,42366.30078125,42366.30078125,42342.25,42349.3515625,1514301.0
2025-06-23 14:13:00+00:00,42380.921875,42385.94140625,42365.30859375,42365.30859375,1140620.0
2025-06-23 14:14:00+00:00,42397.66015625,42397.66015625,42380.7109375,42380.9609375,1322304.0
2025-06-23 14:15:00+00:00,42389.91015625,42408.19140625,42389.8203125,42399.98046875,1048962.0
2025-06-23 14:16:00+00:00,42388.609375,42392.33984375,42383.23046875,42391.41015625,759549.0
2025-06-23 14:17:00+00:00,42389.859375,42398.19140625,42386.12890625,42389.26953125,860064.0
2025-06-23 14:18:00+00:00,42414.171875,42418.390625,42390.05859375,42390.05859375,1132295.0
2025-06-23 14:19:00+00:00,42400.94140625,42413.75,42400.328125,42413.75,885623.0
2025-06-23 14:20:00+00:00,42420.51953125,42420.51953125,42400.53125,42400.53125,897505.0
2025-06-23 14:21:00+00:00,42415.62109375,42421.80859375,42412.828125,42420.62890625,762509.0
2025-06-23 14:22:00+00:00,42409.55078125,42420.01171875,42409.41015625,42415.640625,1038886.0
2025-06-23 14:23:00+00:00,42393.0390625,42418.5703125,42393.0390625,42411.71875,868743.0
2025-06-23 14:24:00+00:00,42405.01171875,42408.0,42390.33984375,42392.55078125,746490.0
2025-06-23 14:25:00+00:00,42391.53125,42405.8984375,42390.41015625,42405.71875,805787.0
2025-06-23 14:26:00+00:00,42386.6796875,42392.94921875,42384.62890625,42391.1484375,953091.0
2025-06-23 14:27:00+00:00,42371.140625,42380.8984375,42370.8984375,42380.8984375,1019145.0
2025-06-23 14:28:00+00:00,42370.21875,42373.55078125,42359.109375,42370.69921875,1148607.0
2025-06-23 14:29:00+00:00,42364.96875,42369.94921875,42362.51953125,42369.94921875,694654.0
2025-06-23 14:30:00+00:00,42352.76953125,42376.96875,42352.62890625,42364.75,1195573.0
2025-06-23 14:31:00+00:00,42357.83984375,42359.23046875,42343.44140625,42354.80859375,895574.0
2025-06-23 14:32:00+00:00,42362.828125,42365.87109375,42355.8984375,42358.05859375,901863.0
2025-06-23 14:33:00+00:00,42366.48046875,42370.25,42361.8203125,42362.76953125,903041.0
2025-06-23 14:34:00+00:00,42361.01171875,42366.109375,42357.1796875,42365.390625,893601.0
2025-06-23 14:35:00+00:00,42350.1796875,42365.83984375,42348.578125,42360.94140625,1069535.0
2025-06-23 14:36:00+00:00,42329.96875,42349.828125,42323.98046875,42349.828125,761384.0
2025-06-23 14:37:00+00:00,42319.0703125,42334.1796875,42319.0703125,42330.7109375,703536.0
2025-06-23 14:38:00+00:00,42313.3984375,42319.71875,42306.05078125,42319.71875,707190.0
2025-06-23 14:39:00+00:00,42312.328125,42318.328125,42310.6484375,42314.41015625,817041.0
2025-06-23 14:40:00+00:00,42320.08984375,42321.25,42310.1015625,42311.9296875,799693.0
2025-06-23 14:41:00+00:00,42317.30859375,42322.75,42317.30859375,42321.30078125,843174.0
2025-06-23 14:42:00+00:00,42300.28125,42318.03125,42297.05859375,42318.03125,878129.0
2025-06-23 14:43:00+00:00,42285.26953125,42300.46875,42285.109375,42300.46875,1553818.0
2025-06-23 14:44:00+00:00,42285.609375,42289.83984375,42277.87890625,42285.83984375,913987.0
2025-06-23 14:45:00+00:00,42306.25,42315.23046875,42286.6015625,42286.6015625,1292025.0
2025-06-23 14:46:00+00:00,42289.33984375,42305.12109375,42288.7890625,42305.12109375,820559.0
2025-06-23 14:47:00+00:00,42285.44921875,42295.609375,42285.44921875,42289.640625,1076554.0
2025-06-23 14:48:00+00:00,42281.26953125,42287.109375,42277.359375,42285.1484375,1026660.0
2025-06-23 14:49:00+00:00,42276.30078125,42282.33984375,42276.2890625,42281.359375,738653.0
2025-06-23 14:50:00+00:00,42287.5703125,42291.69140625,42274.1015625,42276.58984375,1037669.0
2025-06-23 14:51:00+00:00,42283.80859375,42287.71875,42279.33984375,42285.87890625,1072301.0
2025-06-23 14:52:00+00:00,42277.76171875,42283.3515625,42272.05859375,42283.3515625,758296.0
2025-06-23 14:53:00+00:00,42280.30078125,42280.62890625,42270.44921875,42277.03125,719900.0
2025-06-23 14:54:00+00:00,42268.87890625,42280.69140625,42267.01953125,42280.30078125,871479.0
2025-06-23 14:55:00+00:00,42262.5390625,42269.328125,42261.69921875,42269.328125,909927.0
2025-06-23 14:56:00+00:00,42263.390625,42268.41015625,42262.390625,42262.390625,965739.0
2025-06-23 14:57:00+00:00,42278.51953125,42279.08984375,42260.53125,42263.28125,836341.0
2025-06-23 14:58:00+00:00,42268.87890625,42279.2109375,42268.8515625,42278.23046875,886382.0
2025-06-23 14:59:00+00:00,42247.8203125,42270.3203125,42247.078125,42268.8515625,916828.0
2025-06-23 15:00:00+00:00,42255.58984375,42261.8203125,42245.73828125,42247.328125,1020595.0
2025-06-23 15:01:00+00:00,42286.640625,42287.12109375,42255.87109375,42255.87109375,1031793.0
2025-06-23 15:02:00+00:00,42289.921875,42290.44140625,42281.37109375,42285.28125,791415.0
2025-06-23 15:03:00+00:00,42303.05859375,42304.48046875,42289.76171875,42289.76171875,970674.0
2025-06-23 15:04:00+00:00,42309.359375,42312.8203125,42302.26953125,42302.26953125,781046.0
2025-06-23 15:05:00+00:00,42307.30859375,42311.5390625,42306.12109375,42309.01953125,759599.0
2025-06-23 15:06:00+00:00,42315.71875,42316.41015625,42308.12109375,42308.12109375,687709.0
2025-06-23 15:07:00+00:00,42322.71875,42323.76171875,42315.80078125,42315.80078125,539255.0
2025-06-23 15:09:00+00:00,42309.46875,42316.51953125,42309.46875,42316.08984375,1728681.0
2025-06-23 15:13:00+00:00,42307.96875,42309.21875,42307.62890625,42308.98046875,5429303.0
2025-06-23 15:14:00+00:00,42317.46875,42318.9609375,42307.58984375,42307.58984375,398394.0
2025-06-23 15:16:00+00:00,42317.078125,42319.2890625,42315.69921875,42318.87890625,1636784.0
2025-06-23 15:17:00+00:00,42321.3515625,42321.71875,42318.55859375,42318.55859375,164530.0
2025-06-23 15:19:00+00:00,42332.01171875,42332.7109375,42329.23828125,42330.01171875,1845143.0
2025-06-23 15:22:00+00:00,42309.5390625,42312.05859375,42308.921875,42309.6796875,2502780.0
2025-06-23 15:25:00+00:00,42303.41015625,42310.5,42303.21875,42310.5,1914567.0
2025-06-23 15:26:00+00:00,42294.75,42305.8515625,42293.578125,42305.8515625,926731.0
2025-06-23 15:27:00+00:00,42281.25,42294.91015625,42281.25,42294.91015625,950209.0
2025-06-23 15:28:00+00:00,42284.80859375,42288.578125,42281.171875,42281.37890625,713768.0
2025-06-23 15:29:00+00:00,42284.94921875,42286.08984375,42279.4609375,42284.62109375,515000.0
2025-06-23 15:30:00+00:00,42276.2109375,42276.2890625,42262.23046875,42262.53125,1437937.0
2025-06-23 15:31:00+00:00,42276.55078125,42283.1484375,42273.98828125,42276.4296875,889109.0
2025-06-23 15:32:00+00:00,42270.25,42275.890625,42268.94921875,42275.890625,269708.0
2025-06-23 15:34:00+00:00,42275.421875,42275.421875,42274.6484375,42274.76953125,1907442.0
2025-06-23 15:35:00+00:00,42266.859375,42276.87890625,42263.640625,42275.8203125,1445170.0
2025-06-23 15:36:00+00:00,42258.01953125,42268.05859375,42257.66015625,42268.05859375,405017.0
2025-06-23 15:39:00+00:00,42272.421875,42278.94140625,42272.01953125,42278.94140625,1738126.0
2025-06-23 15:40:00+00:00,42264.9296875,42268.98046875,42259.33984375,42264.7109375,1018450.0
2025-06-23 15:41:00+00:00,42244.4609375,42266.48828125,42243.98046875,42264.421875,1217802.0
2025-06-23 15:42:00+00:00,42249.12109375,42253.98828125,42240.87890625,42243.33984375,812190.0
2025-06-23 15:43:00+00:00,42258.640625,42260.359375,42248.83984375,42248.98046875,440449.0
2025-06-23 15:44:00+00:00,42251.28125,42253.87890625,42250.390625,42250.78125,1181647.0
2025-06-23 15:45:00+00:00,42242.66015625,42250.30859375,42242.37890625,42248.25,859361.0
2025-06-23 15:47:00+00:00,42238.55859375,42243.46875,42238.55859375,42240.01953125,1111034.0
2025-06-23 15:48:00+00:00,42241.62109375,42246.44140625,42237.578125,42238.44921875,833730.0
2025-06-23 15:49:00+00:00,42246.3984375,42246.69921875,42238.9609375,42241.2109375,687450.0
2025-06-23 15:50:00+00:00,42234.69140625,42249.08984375,42233.171875,42247.62890625,714652.0
2025-06-23 15:51:00+00:00,42250.5,42252.01171875,42230.01171875,42235.1015625,633430.0
2025-06-23 15:52:00+00:00,42230.421875,42254.6484375,42228.859375,42249.6796875,769782.0
2025-06-23 15:53:00+00:00,42232.71875,42237.7890625,42229.30859375,42230.37890625,506064.0
2025-06-23 15:54:00+00:00,42219.96875,42233.08984375,42218.921875,42232.890625,436979.0
2025-06-23 15:55:00+00:00,42232.1484375,42232.1484375,42206.8984375,42220.37890625,869015.0
2025-06-23 15:56:00+00:00,42235.94921875,42252.23828125,42232.12109375,42232.12109375,614322.0
2025-06-23 15:57:00+00:00,42233.03125,42236.44921875,42231.01171875,42235.94140625,556793.0
2025-06-23 15:58:00+00:00,42236.609375,42241.2890625,42235.48046875,42235.7109375,545816.0
2025-06-23 15:59:00+00:00,42225.75,42237.6484375,42224.76953125,42237.12890625,459039.0
2025-06-23 16:00:00+00:00,42219.48828125,42226.5390625,42213.75,42224.26171875,987937.0
2025-06-23 16:01:00+00:00,42209.5703125,42221.26171875,42208.94140625,42219.30859375,724184.0
2025-06-23 16:02:00+00:00,42211.9296875,42211.9296875,42193.0,42209.6015625,729219.0
2025-06-23 16:03:00+00:00,42225.01171875,42225.01171875,42210.03125,42211.76953125,981178.0
2025-06-23 16:04:00+00:00,42233.7890625,42236.109375,42223.3984375,42228.9296875,634039.0
2025-06-23 16:05:00+00:00,42230.12890625,42235.30859375,42223.53125,42235.30859375,507257.0
2025-06-23 16:06:00+00:00,42215.58984375,42233.078125,42214.359375,42230.23046875,585445.0
2025-06-23 16:07:00+00:00,42224.5703125,42225.140625,42214.21875,42215.69140625,609940.0
2025-06-23 16:08:00+00:00,42223.6484375,42227.28125,42221.4609375,42225.03125,404889.0
2025-06-23 16:09:00+00:00,42216.30859375,42225.3515625,42216.30859375,42224.6796875,536732.0
2025-06-23 16:10:00+00:00,42211.8984375,42216.05859375,42205.94140625,42215.390625,894196.0
2025-06-23 16:11:00+00:00,42214.6015625,42214.6015625,42204.0,42212.12109375,718471.0
2025-06-23 16:12:00+00:00,42235.62109375,42235.62109375,42211.640625,42215.5703125,710925.0
2025-06-23 16:13:00+00:00,42231.19921875,42235.23828125,42226.71875,42235.23828125,473393.0
2025-06-23 16:14:00+00:00,42223.12109375,42235.94140625,42223.12109375,42231.26171875,564741.0
2025-06-23 16:15:00+00:00,42230.671875,42232.87890625,42219.3515625,42223.0703125,566320.0
2025-06-23 16:16:00+00:00,42242.73046875,42242.73046875,42231.3203125,42231.3203125,660878.0
2025-06-23 16:17:00+00:00,42222.16015625,42243.25,42222.16015625,42242.76953125,709379.0
2025-06-23 16:18:00+00:00,42224.609375,42226.2109375,42211.921875,42221.578125,889670.0
2025-06-23 16:19:00+00:00,42222.28125,42227.33984375,42220.78125,42224.62109375,553464.0
2025-06-23 16:20:00+00:00,42218.671875,42219.01953125,42218.62109375,42219.01953125,1010527.0
2025-06-23 16:21:00+00:00,42216.9296875,42218.73828125,42212.73828125,42218.2890625,725016.0
2025-06-23 16:22:00+00:00,42210.890625,42217.0,42196.55859375,42217.0,877912.0
2025-06-23 16:23:00+00:00,42203.0390625,42212.12890625,42202.19140625,42210.359375,776044.0
2025-06-23 16:24:00+00:00,42200.33984375,42202.71875,42196.140625,42202.71875,826307.0
2025-06-23 16:25:00+00:00,42161.91015625,42200.1484375,42161.609375,42200.1484375,931492.0
2025-06-23 16:26:00+00:00,42160.0,42167.26953125,42159.4609375,42161.78125,1006338.0
2025-06-23 16:27:00+00:00,42156.671875,42171.328125,42152.94921875,42159.390625,1142591.0
2025-06-23 16:28:00+00:00,42153.0,42160.69921875,42151.51953125,42156.640625,764218.0
2025-06-23 16:29:00+00:00,42142.19921875,42153.0,42132.87890625,42153.0,886302.0
2025-06-23 16:30:00+00:00,42130.421875,42142.41015625,42116.44921875,42142.41015625,1172013.0
2025-06-23 16:31:00+00:00,42107.30078125,42130.66015625,42102.6484375,42130.66015625,677891.0
2025-06-23 16:32:00+00:00,42102.078125,42106.9296875,42095.78125,42106.9296875,691114.0
2025-06-23 16:33:00+00:00,42092.12890625,42107.140625,42083.80078125,42102.0,998100.0
2025-06-23 16:34:00+00:00,42068.76953125,42091.94140625,42068.328125,42091.94140625,1378283.0
2025-06-23 16:35:00+00:00,42060.76953125,42068.98046875,42033.25,42068.98046875,1382635.0
2025-06-23 16:36:00+00:00,42017.2109375,42064.671875,42017.2109375,42060.921875,1436383.0
2025-06-23 16:37:00+00:00,42040.58984375,42040.58984375,41981.140625,42015.46875,2113400.0
2025-06-23 16:38:00+00:00,42038.390625,42056.28125,42012.80859375,42039.26171875,1658988.0
2025-06-23 16:39:00+00:00,42038.41015625,42059.7109375,42031.51171875,42035.21875,1178119.0
2025-06-23 16:40:00+00:00,42092.83984375,42092.83984375,42021.58984375,42039.23046875,1613445.0
2025-06-23 16:41:00+00:00,42089.03125,42105.8203125,42082.96875,42093.62890625,2116964.0
2025-06-23 16:42:00+00:00,42122.78125,42126.01171875,42081.08984375,42088.78125,1286596.0
2025-06-23 16:43:00+00:00,42132.62890625,42141.46875,42122.609375,42122.609375,1173157.0
2025-06-23 16:44:00+00:00,42139.48828125,42140.87890625,42128.2109375,42132.76171875,981409.0
2025-06-23 16:45:00+00:00,42195.4609375,42199.109375,42139.1796875,42139.1796875,1250478.0
2025-06-23 16:46:00+00:00,42199.7109375,42203.01171875,42194.1015625,42196.01953125,764621.0
2025-06-23 16:47:00+00:00,42168.421875,42201.46875,42168.3203125,42199.48828125,732221.0
2025-06-23 16:48:00+00:00,42145.0390625,42163.0390625,42120.23828125,42163.0390625,1387484.0
2025-06-23 16:49:00+00:00,42164.62890625,42164.62890625,42133.37890625,42146.41015625,774860.0
2025-06-23 16:50:00+00:00,42147.08984375,42164.890625,42146.7109375,42164.890625,572540.0
2025-06-23 16:51:00+00:00,42139.98046875,42149.140625,42138.01953125,42147.01953125,611826.0
2025-06-23 16:52:00+00:00,42109.8984375,42142.5390625,42103.76171875,42140.28125,716215.0
2025-06-23 16:53:00+00:00,42124.28125,42149.76171875,42107.58984375,42110.76171875,1075055.0
2025-06-23 16:54:00+00:00,42138.37890625,42138.37890625,42124.078125,42124.078125,412309.0
2025-06-23 16:56:00+00:00,42078.3984375,42078.3984375,42075.98828125,42076.73828125,1588482.0
2025-06-23 16:57:00+00:00,42082.078125,42124.33984375,42079.578125,42106.21875,1317924.0
2025-06-23 16:58:00+00:00,42089.12109375,42102.62890625,42082.1796875,42082.3984375,700042.0
2025-06-23 16:59:00+00:00,42075.98828125,42097.109375,42075.98828125,42090.5,1650945.0
2025-06-23 17:00:00+00:00,42086.578125,42088.640625,42063.01953125,42063.01953125,910023.0
2025-06-23 17:01:00+00:00,42108.91015625,42116.16015625,42080.5390625,42087.03125,1231543.0
2025-06-23 17:02:00+00:00,42131.3984375,42131.3984375,42107.7890625,42107.7890625,834281.0
2025-06-23 17:03:00+00:00,42117.80078125,42144.69921875,42117.578125,42131.5,1032803.0
2025-06-23 17:04:00+00:00,42150.33984375,42166.21875,42119.0390625,42119.51953125,1017072.0
2025-06-23 17:05:00+00:00,42149.55078125,42191.7890625,42144.05859375,42150.30859375,1245395.0
2025-06-23 17:06:00+00:00,42123.2109375,42155.3203125,42121.98046875,42150.9296875,817416.0
2025-06-23 17:07:00+00:00,42154.16015625,42155.2890625,42122.69921875,42122.94921875,1008317.0
2025-06-23 17:08:00+00:00,42165.23828125,42167.4609375,42152.421875,42154.23046875,604176.0
2025-06-23 17:09:00+00:00,42193.94140625,42193.94140625,42167.0703125,42167.0703125,620283.0
2025-06-23 17:10:00+00:00,42214.16015625,42215.44140625,42193.7109375,42194.140625,1009310.0
2025-06-23 17:11:00+00:00,42246.96875,42247.578125,42214.1484375,42214.1484375,1315171.0
2025-06-23 17:12:00+00:00,42232.66015625,42255.46875,42232.66015625,42246.78125,795951.0
2025-06-23 17:13:00+00:00,42241.94140625,42241.94140625,42217.94140625,42231.37109375,859390.0
2025-06-23 17:14:00+00:00,42243.30859375,42256.91015625,42242.5390625,42244.23828125,626693.0
2025-06-23 17:15:00+00:00,42254.6015625,42260.8984375,42243.44921875,42243.44921875,1078889.0
2025-06-23 17:16:00+00:00,42269.25,42269.25,42251.87890625,42253.94921875,706183.0
2025-06-23 17:17:00+00:00,42278.48828125,42279.05078125,42267.05078125,42268.48828125,634006.0
2025-06-23 17:18:00+00:00,42276.28125,42281.16015625,42275.23046875,42278.62109375,511145.0
2025-06-23 17:19:00+00:00,42308.4296875,42311.1796875,42277.05078125,42277.5390625,960686.0
2025-06-23 17:20:00+00:00,42305.76953125,42312.28125,42301.87109375,42308.3515625,724297.0
2025-06-23 17:21:00+00:00,42307.05859375,42308.44140625,42298.4296875,42302.0390625,773410.0
2025-06-23 17:22:00+00:00,42316.3203125,42318.5703125,42305.26171875,42306.94140625,1116111.0
2025-06-23 17:23:00+00:00,42322.98828125,42322.98828125,42317.01171875,42317.921875,607331.0
2025-06-23 17:24:00+00:00,42347.671875,42354.19140625,42320.41015625,42323.46875,1217231.0
2025-06-23 17:25:00+00:00,42343.4296875,42352.78125,42343.4296875,42348.48046875,738938.0
2025-06-23 17:26:00+00:00,42367.05859375,42370.1484375,42340.80078125,42343.6015625,1124454.0
2025-06-23 17:27:00+00:00,42387.7109375,42393.01171875,42366.78125,42366.78125,1447541.0
2025-06-23 17:28:00+00:00,42404.890625,42404.890625,42378.140625,42387.4296875,1683375.0
2025-06-23 17:29:00+00:00,42400.078125,42412.71875,42399.3515625,42404.58984375,1243666.0
2025-06-23 17:30:00+00:00,42427.1484375,42441.05078125,42401.12890625,42401.12890625,2027455.0
2025-06-23 17:31:00+00:00,42443.58984375,42452.28125,42428.890625,42428.890625,1585573.0
2025-06-23 17:32:00+00:00,42446.859375,42453.6015625,42443.6015625,42443.6015625,799984.0
2025-06-23 17:33:00+00:00,42440.55078125,42449.171875,42436.3515625,42446.98046875,772030.0
2025-06-23 17:34:00+00:00,42438.55859375,42457.3984375,42435.71875,42440.828125,1046016.0
2025-06-23 17:35:00+00:00,42452.078125,42457.44140625,42438.80859375,42438.80859375,631677.0
2025-06-23 17:36:00+00:00,42476.0390625,42476.921875,42451.55078125,42453.05078125,972328.0
2025-06-23 17:37:00+00:00,42484.73046875,42486.8984375,42476.359375,42476.359375,980854.0
2025-06-23 17:38:00+00:00,42484.71875,42485.78125,42478.69921875,42485.0,676172.0
2025-06-23 17:39:00+00:00,42499.62109375,42509.73828125,42485.6796875,42485.6796875,1181730.0
2025-06-23 17:40:00+00:00,42475.1015625,42503.30078125,42475.1015625,42499.73828125,2797613.0
2025-06-23 17:41:00+00:00,42489.5390625,42489.5390625,42462.3515625,42473.4609375,883565.0
2025-06-23 17:42:00+00:00,42476.19140625,42490.55859375,42474.96875,42490.03125,508010.0
2025-06-23 17:43:00+00:00,42480.1015625,42480.48046875,42476.19140625,42479.41015625,624897.0
2025-06-23 17:44:00+00:00,42485.05859375,42486.01953125,42474.421875,42479.8515625,696282.0
2025-06-23 17:45:00+00:00,42492.87109375,42500.96875,42484.94140625,42484.94140625,1171535.0
2025-06-23 17:46:00+00:00,42500.76171875,42502.328125,42491.109375,42492.8203125,827274.0
2025-06-23 17:47:00+00:00,42487.23046875,42501.48046875,42487.23046875,42499.6796875,779803.0
2025-06-23 17:48:00+00:00,42478.73046875,42487.08984375,42478.73046875,42487.08984375,530409.0
2025-06-23 17:49:00+00:00,42473.21875,42480.828125,42473.1484375,42479.51953125,548035.0
2025-06-23 17:50:00+00:00,42463.609375,42475.0703125,42460.109375,42473.609375,770833.0
2025-06-23 17:51:00+00:00,42473.140625,42473.26171875,42456.609375,42463.7109375,696038.0
2025-06-23 17:52:00+00:00,42463.640625,42473.7890625,42463.640625,42473.640625,582649.0
2025-06-23 17:53:00+00:00,42475.8984375,42476.171875,42462.03125,42462.03125,587097.0
2025-06-23 17:54:00+00:00,42456.71875,42478.890625,42456.71875,42476.171875,675070.0
2025-06-23 17:55:00+00:00,42467.94140625,42468.76953125,42457.12109375,42457.12109375,691548.0
2025-06-23 17:56:00+00:00,42474.58984375,42483.640625,42468.05078125,42468.078125,830336.0
2025-06-23 17:57:00+00:00,42475.25,42480.8984375,42471.6015625,42474.62890625,501900.0
2025-06-23 17:58:00+00:00,42474.55859375,42478.0,42473.69921875,42474.91015625,529635.0
2025-06-23 17:59:00+00:00,42470.83984375,42478.08984375,42470.7109375,42474.5,437436.0
2025-06-23 18:00:00+00:00,42479.7109375,42479.7109375,42470.48046875,42470.48046875,723444.0
2025-06-23 18:01:00+00:00,42474.12109375,42481.7890625,42466.421875,42480.01953125,720112.0
2025-06-23 18:02:00+00:00,42486.9296875,42487.5390625,42472.921875,42474.171875,642924.0
2025-06-23 18:03:00+00:00,42491.08984375,42492.7109375,42486.53125,42486.53125,545857.0
2025-06-23 18:04:00+00:00,42501.609375,42502.3203125,42490.578125,42490.578125,650832.0
2025-06-23 18:05:00+00:00,42498.05078125,42504.03125,42492.66015625,42501.6015625,660340.0
2025-06-23 18:06:00+00:00,42517.91015625,42519.16015625,42498.109375,42498.8515625,713326.0
2025-06-23 18:07:00+00:00,42504.8203125,42518.75,42504.8203125,42518.75,831806.0
2025-06-23 18:08:00+00:00,42513.55859375,42518.1015625,42503.109375,42503.87109375,534723.0
2025-06-23 18:09:00+00:00,42503.83984375,42514.19140625,42503.83984375,42513.12109375,617874.0
2025-06-23 18:10:00+00:00,42508.12890625,42514.12890625,42503.26953125,42503.26953125,1950864.0
2025-06-23 18:11:00+00:00,42512.55078125,42513.98828125,42507.33984375,42508.30859375,662675.0
2025-06-23 18:12:00+00:00,42510.25,42518.578125,42508.0390625,42513.3203125,785088.0
2025-06-23 18:13:00+00:00,42512.66015625,42517.140625,42510.37109375,42510.37109375,555660.0
2025-06-23 18:14:00+00:00,42505.8515625,42513.73828125,42503.640625,42513.421875,660722.0
2025-06-23 18:15:00+00:00,42519.41015625,42519.41015625,42504.0,42505.23828125,841766.0
2025-06-23 18:16:00+00:00,42498.08984375,42516.80859375,42497.76171875,42516.80859375,563440.0
2025-06-23 18:17:00+00:00,42497.0390625,42498.140625,42493.0703125,42497.66015625,630584.0
2025-06-23 18:18:00+00:00,42498.16015625,42499.37109375,42494.23828125,42498.5390625,898695.0
2025-06-23 18:19:00+00:00,42511.8984375,42511.8984375,42498.44140625,42499.23046875,665362.0
2025-06-23 18:20:00+00:00,42510.51171875,42517.0703125,42510.51171875,42512.9609375,526845.0
2025-06-23 18:21:00+00:00,42514.328125,42514.3515625,42502.96875,42510.73046875,828483.0
2025-06-23 18:22:00+00:00,42513.609375,42514.71875,42508.28125,42514.71875,502319.0
2025-06-23 18:23:00+00:00,42509.328125,42516.7890625,42508.53125,42514.87109375,432342.0
2025-06-23 18:24:00+00:00,42505.87109375,42510.3203125,42505.51953125,42508.73046875,504045.0
2025-06-23 18:25:00+00:00,42508.91015625,42512.62890625,42503.78125,42505.6796875,637882.0
2025-06-23 18:26:00+00:00,42506.55859375,42509.37890625,42504.37109375,42509.12890625,734359.0
2025-06-23 18:27:00+00:00,42500.62109375,42509.890625,42497.0703125,42506.30859375,607690.0
2025-06-23 18:28:00+00:00,42499.5390625,42501.828125,42495.80078125,42500.5,904311.0
2025-06-23 18:29:00+00:00,42490.62109375,42501.6484375,42488.75,42500.2109375,1404471.0
2025-06-23 18:30:00+00:00,42498.44921875,42498.44921875,42465.46875,42490.62109375,866972.0
2025-06-23 18:31:00+00:00,42514.828125,42515.58984375,42488.671875,42494.83984375,919661.0
2025-06-23 18:32:00+00:00,42494.109375,42514.48046875,42494.109375,42514.3984375,728269.0
2025-06-23 18:33:00+00:00,42464.55859375,42499.76953125,42462.98828125,42491.390625,658896.0
2025-06-23 18:34:00+00:00,42466.19140625,42477.66015625,42449.30078125,42469.44921875,1241672.0
2025-06-23 18:35:00+00:00,42456.87890625,42470.921875,42430.2109375,42470.921875,721849.0
2025-06-23 18:36:00+00:00,42462.48046875,42471.4296875,42448.66015625,42456.8203125,715716.0
2025-06-23 18:37:00+00:00,42458.671875,42462.859375,42441.5390625,42462.46875,728775.0
2025-06-23 18:38:00+00:00,42454.9296875,42465.51171875,42451.6015625,42458.1796875,643886.0
2025-06-23 18:39:00+00:00,42448.44921875,42472.6015625,42444.05078125,42458.03125,627608.0
2025-06-23 18:40:00+00:00,42452.4609375,42455.62109375,42444.23046875,42448.16015625,716022.0
2025-06-23 18:41:00+00:00,42438.26953125,42460.41015625,42438.23046875,42452.12109375,712473.0
2025-06-23 18:42:00+00:00,42432.94140625,42439.51171875,42428.51171875,42438.0,564083.0
2025-06-23 18:43:00+00:00,42452.6484375,42453.640625,42432.6484375,42433.05859375,660365.0
2025-06-23 18:44:00+00:00,42460.890625,42460.890625,42447.62890625,42449.12109375,1095292.0
2025-06-23 18:45:00+00:00,42455.578125,42462.33984375,42441.73828125,42459.80078125,774282.0
2025-06-23 18:46:00+00:00,42442.12109375,42455.1484375,42440.51171875,42455.1484375,523111.0
2025-06-23 18:47:00+00:00,42440.4296875,42444.48828125,42437.8984375,42440.359375,464677.0
2025-06-23 18:48:00+00:00,42430.87890625,42441.2890625,42416.73046875,42441.2890625,772981.0
2025-06-23 18:49:00+00:00,42425.94921875,42433.23046875,42423.3203125,42431.828125,546055.0
2025-06-23 18:50:00+00:00,42404.3203125,42426.19921875,42403.19921875,42426.19921875,681992.0
2025-06-23 18:51:00+00:00,42423.2890625,42423.78125,42401.01171875,42404.55078125,782025.0
2025-06-23 18:52:00+00:00,42413.609375,42429.4296875,42412.51171875,42423.69140625,652226.0
2025-06-23 18:53:00+00:00,42425.01171875,42430.609375,42402.51953125,42413.6796875,832044.0
2025-06-23 18:54:00+00:00,42419.83984375,42424.48828125,42415.41015625,42423.33984375,587554.0
2025-06-23 18:55:00+00:00,42412.859375,42419.6796875,42410.03125,42418.0703125,545158.0
2025-06-23 18:56:00+00:00,42431.19921875,42431.19921875,42412.7109375,42412.7109375,501043.0
2025-06-23 18:57:00+00:00,42442.01171875,42442.44921875,42430.8515625,42431.640625,756318.0
2025-06-23 18:58:00+00:00,42452.94140625,42453.23828125,42440.0390625,42441.01171875,699390.0
2025-06-23 18:59:00+00:00,42472.640625,42474.28125,42452.30859375,42453.671875,766237.0
2025-06-23 19:00:00+00:00,42497.5,42497.5,42471.5,42474.05859375,1051148.0
2025-06-23 19:01:00+00:00,42522.2890625,42531.37109375,42495.609375,42495.609375,1174574.0
2025-06-23 19:02:00+00:00,42524.55859375,42534.48046875,42522.37890625,42522.37890625,908324.0
2025-06-23 19:03:00+00:00,42521.9609375,42526.6015625,42518.0703125,42524.51953125,620952.0
2025-06-23 19:04:00+00:00,42528.98046875,42531.19140625,42521.0703125,42522.5703125,686485.0
2025-06-23 19:05:00+00:00,42523.26171875,42529.23046875,42521.78125,42528.6484375,710150.0
2025-06-23 19:06:00+00:00,42523.140625,42523.6796875,42514.76171875,42521.328125,648452.0
2025-06-23 19:07:00+00:00,42516.1796875,42524.0703125,42511.1015625,42524.0703125,710238.0
2025-06-23 19:08:00+00:00,42503.5703125,42514.30078125,42501.69140625,42514.30078125,793709.0
2025-06-23 19:09:00+00:00,42499.26953125,42504.08984375,42495.25,42503.08984375,615198.0
2025-06-23 19:10:00+00:00,42494.44140625,42505.359375,42493.73828125,42499.0,787531.0
2025-06-23 19:11:00+00:00,42506.01953125,42506.01953125,42494.609375,42494.609375,679296.0
2025-06-23 19:12:00+00:00,42502.16015625,42508.76171875,42501.48828125,42504.8203125,629070.0
2025-06-23 19:13:00+00:00,42504.7109375,42509.58984375,42499.421875,42500.21875,779008.0
2025-06-23 19:14:00+00:00,42503.6796875,42506.66015625,42500.69921875,42506.66015625,571518.0
2025-06-23 19:15:00+00:00,42507.91015625,42515.01953125,42503.0390625,42503.0390625,740092.0
2025-06-23 19:16:00+00:00,42512.7890625,42512.9296875,42504.921875,42508.03125,796027.0
2025-06-23 19:17:00+00:00,42503.28125,42515.46875,42500.94140625,42512.6015625,833090.0
2025-06-23 19:18:00+00:00,42502.23828125,42508.609375,42500.62109375,42502.23828125,1176563.0
2025-06-23 19:19:00+00:00,42498.73828125,42506.19921875,42497.37109375,42501.05859375,647890.0
2025-06-23 19:20:00+00:00,42490.83984375,42508.05078125,42490.83984375,42498.609375,726364.0
2025-06-23 19:21:00+00:00,42493.109375,42496.19140625,42487.98046875,42490.19140625,677617.0
2025-06-23 19:22:00+00:00,42496.98046875,42500.37109375,42493.19921875,42493.19921875,723321.0
2025-06-23 19:23:00+00:00,42510.171875,42516.91015625,42497.5,42497.5,670707.0
2025-06-23 19:24:00+00:00,42518.21875,42518.5703125,42509.78125,42510.3515625,549366.0
2025-06-23 19:25:00+00:00,42515.4296875,42519.01171875,42510.73046875,42517.98046875,855221.0
2025-06-23 19:26:00+00:00,42520.23046875,42520.91015625,42514.0390625,42516.05078125,677728.0
2025-06-23 19:27:00+00:00,42521.51171875,42523.51171875,42515.5703125,42520.05078125,640680.0
2025-06-23 19:28:00+00:00,42523.671875,42523.9296875,42517.80859375,42521.37890625,669894.0
2025-06-23 19:29:00+00:00,42524.37890625,42524.87109375,42516.921875,42523.37890625,1068707.0
2025-06-23 19:30:00+00:00,42522.62109375,42527.87109375,42519.94140625,42524.1484375,883962.0
2025-06-23 19:31:00+00:00,42520.05078125,42527.51953125,42519.26171875,42522.48828125,788059.0
2025-06-23 19:32:00+00:00,42516.609375,42523.6796875,42515.828125,42519.9609375,942291.0
2025-06-23 19:33:00+00:00,42515.9296875,42521.69921875,42512.5703125,42515.671875,790876.0
2025-06-23 19:34:00+00:00,42511.73828125,42516.7109375,42511.73828125,42516.7109375,1017337.0
2025-06-23 19:35:00+00:00,42513.4609375,42517.69921875,42510.75,42512.62109375,907168.0
2025-06-23 19:36:00+00:00,42517.51953125,42523.53125,42510.98828125,42513.62109375,920763.0
2025-06-23 19:37:00+00:00,42513.94921875,42518.23046875,42507.21875,42517.390625,891636.0
2025-06-23 19:38:00+00:00,42511.28125,42513.0390625,42506.83984375,42513.0390625,806893.0
2025-06-23 19:39:00+00:00,42522.5,42523.44921875,42510.78125,42510.78125,743543.0
2025-06-23 19:40:00+00:00,42513.05859375,42522.33984375,42512.890625,42522.21875,858619.0
2025-06-23 19:41:00+00:00,42518.19140625,42520.80859375,42509.7109375,42512.05078125,882555.0
2025-06-23 19:42:00+00:00,42518.28125,42520.44921875,42511.28125,42518.37109375,860212.0
2025-06-23 19:43:00+00:00,42507.6796875,42519.19140625,42503.73046875,42518.96875,1001319.0
2025-06-23 19:44:00+00:00,42508.640625,42509.26953125,42500.828125,42507.5,931718.0
2025-06-23 19:45:00+00:00,42509.19140625,42513.3203125,42507.8984375,42508.51171875,1009037.0
2025-06-23 19:46:00+00:00,42499.23046875,42508.6484375,42499.140625,42508.6484375,994590.0
2025-06-23 19:47:00+00:00,42509.26171875,42512.2890625,42498.75,42499.05078125,1429841.0
2025-06-23 19:48:00+00:00,42516.1796875,42516.80859375,42509.28125,42509.28125,1007970.0
2025-06-23 19:49:00+00:00,42509.01171875,42519.828125,42509.01171875,42516.2890625,1266175.0
2025-06-23 19:50:00+00:00,42533.98828125,42543.3203125,42501.94921875,42508.91015625,3023058.0
2025-06-23 19:51:00+00:00,42556.66015625,42562.328125,42533.19921875,42533.19921875,2390338.0
2025-06-23 19:52:00+00:00,42553.7109375,42566.51171875,42552.5,42557.921875,1810762.0
2025-06-23 19:53:00+00:00,42586.05859375,42586.05859375,42547.8203125,42553.359375,2616004.0
2025-06-23 19:54:00+00:00,42561.0703125,42593.30859375,42559.828125,42587.421875,2502192.0
2025-06-23 19:55:00+00:00,42575.71875,42575.71875,42564.19140625,42564.62109375,3272711.0
2025-06-23 19:56:00+00:00,42586.55078125,42588.96875,42573.62890625,42575.140625,3165851.0
2025-06-23 19:57:00+00:00,42596.98046875,42597.05859375,42579.26171875,42585.44140625,3310717.0
2025-06-23 19:58:00+00:00,42603.76171875,42609.46875,42592.87890625,42596.01171875,5597985.0
2025-06-23 19:59:00+00:00,42579.91015625,42604.37109375,42575.171875,42604.37109375,8490560.0
2025-06-24 13:30:00+00:00,42870.05859375,42882.21875,42867.0,42878.5703125,19500170.0
2025-06-24 13:31:00+00:00,42864.37890625,42874.62890625,42844.609375,42872.640625,3881407.0
2025-06-24 13:32:00+00:00,42914.46875,42918.5703125,42869.8984375,42869.8984375,3863939.0
2025-06-24 13:33:00+00:00,42904.1015625,42911.609375,42886.640625,42911.609375,2267442.0
2025-06-24 13:34:00+00:00,42885.21875,42901.7890625,42878.55078125,42901.7890625,1971904.0
2025-06-24 13:35:00+00:00,42898.421875,42899.51953125,42882.44140625,42884.7109375,2606451.0
2025-06-24 13:36:00+00:00,42910.578125,42915.6796875,42895.80859375,42897.4296875,1763303.0
2025-06-24 13:37:00+00:00,42923.8203125,42925.44140625,42908.76171875,42912.1015625,2348381.0
2025-06-24 13:38:00+00:00,42921.828125,42937.37890625,42919.4609375,42926.390625,1845556.0
2025-06-24 13:39:00+00:00,42954.4296875,42955.7109375,42917.21875,42921.62890625,1699815.0
2025-06-24 13:40:00+00:00,42956.8203125,42960.75,42943.5703125,42953.62890625,2677903.0
2025-06-24 13:41:00+00:00,42967.2890625,42970.12890625,42957.01171875,42957.01171875,4090304.0
2025-06-24 13:42:00+00:00,42962.828125,42976.71875,42958.7890625,42966.26953125,2796055.0
2025-06-24 13:43:00+00:00,42961.1796875,42979.94140625,42959.44140625,42962.19921875,2659845.0
2025-06-24 13:44:00+00:00,42936.8515625,42962.69921875,42935.671875,42962.0703125,2294966.0
2025-06-24 13:45:00+00:00,42941.87109375,42946.94921875,42935.19140625,42936.05859375,2138581.0
2025-06-24 13:47:00+00:00,42934.1015625,42943.46875,42933.23046875,42943.46875,4519859.0
2025-06-24 13:48:00+00:00,42923.7109375,42934.71875,42923.7109375,42934.71875,2246039.0
2025-06-24 13:49:00+00:00,42897.171875,42922.359375,42896.21875,42921.890625,1838694.0
2025-06-24 13:50:00+00:00,42892.98828125,42898.26171875,42878.51171875,42897.94921875,1725721.0
2025-06-24 13:51:00+00:00,42903.7109375,42916.578125,42897.1015625,42897.1015625,1866570.0
2025-06-24 13:52:00+00:00,42890.1015625,42903.87890625,42886.1796875,42903.87890625,1931143.0
2025-06-24 13:53:00+00:00,42897.0,42897.98828125,42887.23828125,42888.78125,1606582.0
2025-06-24 13:54:00+00:00,42871.87890625,42896.75,42870.73828125,42896.75,1435085.0
2025-06-24 13:55:00+00:00,42857.328125,42873.171875,42857.328125,42869.83984375,1385808.0
2025-06-24 13:56:00+00:00,42854.609375,42860.53125,42841.4609375,42857.69921875,1666246.0
2025-06-24 13:57:00+00:00,42824.94921875,42854.05078125,42822.94140625,42854.05078125,1498178.0
2025-06-24 13:58:00+00:00,42827.08984375,42830.80859375,42818.5,42823.76171875,1673010.0
2025-06-24 13:59:00+00:00,42833.76953125,42838.671875,42817.19140625,42826.19921875,1751061.0
2025-06-24 14:00:00+00:00,42861.3515625,42868.58984375,42826.1484375,42830.48046875,1652605.0
2025-06-24 14:01:00+00:00,42853.44140625,42875.58984375,42853.44140625,42860.859375,1670584.0
2025-06-24 14:02:00+00:00,42839.62890625,42849.46875,42828.6796875,42849.46875,1565881.0
2025-06-24 14:03:00+00:00,42850.69921875,42853.0390625,42840.80078125,42840.80078125,1195192.0
2025-06-24 14:04:00+00:00,42851.6484375,42861.03125,42849.828125,42852.69140625,1279830.0
2025-06-24 14:05:00+00:00,42842.21875,42862.3984375,42842.21875,42849.28125,1543144.0
2025-06-24 14:06:00+00:00,42841.359375,42842.44140625,42830.12890625,42840.9296875,1576824.0
2025-06-24 14:07:00+00:00,42829.33984375,42840.78125,42825.3515625,42840.78125,1444912.0
2025-06-24 14:08:00+00:00,42800.05859375,42831.58984375,42794.078125,42829.41015625,2090769.0
2025-06-24 14:09:00+00:00,42833.359375,42833.359375,42801.23828125,42801.23828125,1536427.0
2025-06-24 14:10:00+00:00,42850.23828125,42850.37890625,42830.7890625,42832.8515625,1479221.0
2025-06-24 14:11:00+00:00,42853.87890625,42854.48046875,42842.1796875,42851.6015625,1584548.0
2025-06-24 14:12:00+00:00,42854.80078125,42863.19140625,42851.359375,42853.1484375,1429693.0
2025-06-24 14:13:00+00:00,42840.2890625,42856.23046875,42828.53125,42856.23046875,1463544.0
2025-06-24 14:14:00+00:00,42841.859375,42845.3203125,42839.08984375,42840.8515625,1105844.0
2025-06-24 14:15:00+00:00,42840.1484375,42851.1484375,42836.83984375,42841.421875,1495128.0
2025-06-24 14:16:00+00:00,42834.76953125,42849.83984375,42834.5390625,42840.37109375,1461708.0
2025-06-24 14:17:00+00:00,42847.390625,42847.390625,42834.26171875,42834.98046875,1513186.0
2025-06-24 14:18:00+00:00,42845.83984375,42850.3984375,42843.55078125,42845.91015625,1446563.0
2025-06-24 14:19:00+00:00,42853.0390625,42856.01171875,42847.30859375,42847.30859375,1026837.0
2025-06-24 14:20:00+00:00,42870.37109375,42872.78125,42853.23828125,42853.23828125,1081937.0
2025-06-24 14:21:00+00:00,42873.51171875,42882.05078125,42868.609375,42869.8984375,1024407.0
2025-06-24 14:22:00+00:00,42874.44140625,42877.41015625,42870.640625,42873.91015625,915353.0
2025-06-24 14:23:00+00:00,42877.140625,42879.05859375,42873.41015625,42874.1015625,920737.0
2025-06-24 14:24:00+00:00,42898.26171875,42898.96875,42879.859375,42879.859375,1019009.0
2025-06-24 14:25:00+00:00,42903.0,42908.0,42899.609375,42899.609375,866006.0
2025-06-24 14:26:00+00:00,42899.28125,42906.23828125,42898.37890625,42903.19921875,772632.0
2025-06-24 14:27:00+00:00,42903.9609375,42905.80078125,42899.71875,42901.12109375,909909.0
2025-06-24 14:28:00+00:00,42891.2890625,42905.6796875,42878.03125,42904.0703125,1267893.0
2025-06-24 14:29:00+00:00,42886.98828125,42893.76171875,42880.62890625,42891.44140625,1254276.0
2025-06-24 14:30:00+00:00,42896.12890625,42896.12890625,42885.98046875,42887.55078125,1041511.0
2025-06-24 14:31:00+00:00,42907.390625,42910.6015625,42896.75,42896.75,717511.0
2025-06-24 14:32:00+00:00,42922.03125,42923.37890625,42907.66015625,42908.0,868448.0
2025-06-24 14:33:00+00:00,42907.23046875,42923.62109375,42907.23046875,42922.05078125,905263.0
2025-06-24 14:34:00+00:00,42908.37109375,42908.37109375,42900.578125,42907.1015625,668256.0
2025-06-24 14:35:00+00:00,42906.890625,42908.8515625,42902.48046875,42907.51171875,844893.0
2025-06-24 14:36:00+00:00,42905.62109375,42916.55859375,42904.91015625,42908.44140625,907390.0
2025-06-24 14:37:00+00:00,42903.75,42906.421875,42898.03125,42906.37109375,868541.0
2025-06-24 14:38:00+00:00,42906.0703125,42915.390625,42903.37109375,42903.37109375,738505.0
2025-06-24 14:39:00+00:00,42910.0,42914.4609375,42903.94921875,42904.0703125,800211.0
2025-06-24 14:40:00+00:00,42912.19921875,42915.1796875,42907.23828125,42910.62109375,905287.0
2025-06-24 14:41:00+00:00,42922.80859375,42924.359375,42911.9609375,42912.328125,851794.0
2025-06-24 14:42:00+00:00,42939.41015625,42944.30078125,42922.41015625,42922.41015625,932087.0
2025-06-24 14:43:00+00:00,42937.03125,42942.94921875,42936.5703125,42939.41015625,974476.0
2025-06-24 14:44:00+00:00,42935.6796875,42941.3515625,42935.328125,42937.73828125,961374.0
2025-06-24 14:45:00+00:00,42932.76171875,42940.171875,42930.7109375,42936.2890625,1039237.0
2025-06-24 14:46:00+00:00,42940.21875,42943.91015625,42931.03125,42931.7890625,942890.0
2025-06-24 14:47:00+00:00,42930.25,42930.25,42926.109375,42928.55859375,850747.0
2025-06-24 14:48:00+00:00,42933.55078125,42934.671875,42927.94921875,42929.37109375,971527.0
2025-06-24 14:49:00+00:00,42934.9296875,42937.328125,42929.73046875,42933.73046875,782682.0
2025-06-24 14:50:00+00:00,42925.51171875,42940.80078125,42925.51171875,42934.94140625,896915.0
2025-06-24 14:51:00+00:00,42926.1484375,42927.1796875,42916.30859375,42925.01953125,991904.0
2025-06-24 14:52:00+00:00,42920.671875,42927.12109375,42918.23828125,42926.48046875,771158.0
2025-06-24 14:53:00+00:00,42937.78125,42938.91015625,42918.12109375,42920.62890625,950944.0
2025-06-24 14:54:00+00:00,42948.19921875,42948.19921875,42935.8984375,42937.1796875,1247134.0
2025-06-24 14:55:00+00:00,42956.55859375,42956.55859375,42943.51953125,42948.51953125,750362.0
2025-06-24 14:56:00+00:00,42951.16015625,42961.28125,42949.8203125,42959.37890625,811999.0
2025-06-24 14:57:00+00:00,42945.609375,42946.01953125,42943.26953125,42943.83984375,949291.0
2025-06-24 14:58:00+00:00,42948.48828125,42948.48828125,42938.69921875,42945.859375,742231.0
2025-06-24 14:59:00+00:00,42940.26171875,42948.62109375,42922.41015625,42948.62109375,1546527.0
2025-06-24 15:00:00+00:00,42953.30078125,42956.171875,42940.3984375,42940.3984375,899625.0
2025-06-24 15:01:00+00:00,42946.1484375,42953.21875,42943.71875,42950.71875,781434.0
2025-06-24 15:02:00+00:00,42968.421875,42972.51171875,42944.9296875,42944.9296875,1179116.0
2025-06-24 15:03:00+00:00,42966.19921875,42972.16015625,42960.421875,42968.80078125,784963.0
2025-06-24 15:04:00+00:00,42954.3203125,42966.94921875,42949.80078125,42966.94921875,1195024.0
2025-06-24 15:05:00+00:00,42952.69140625,42954.6015625,42951.671875,42953.94140625,237449.0
2025-06-24 15:06:00+00:00,42952.26953125,42952.26953125,42951.76953125,42951.890625,2007839.0
2025-06-24 15:07:00+00:00,42953.62109375,42953.62109375,42948.6015625,42951.0703125,1252314.0
2025-06-24 15:08:00+00:00,42937.6484375,42955.578125,42937.6484375,42953.0,816791.0
2025-06-24 15:09:00+00:00,42945.51171875,42945.51171875,42933.8515625,42935.6796875,1445000.0
2025-06-24 15:11:00+00:00,42960.7890625,42966.8515625,42959.98046875,42964.640625,1817488.0
2025-06-24 15:13:00+00:00,42964.8515625,42965.28125,42963.94921875,42963.94921875,1069995.0
2025-06-24 15:14:00+00:00,42971.3203125,42971.3203125,42965.859375,42966.359375,399825.0
2025-06-24 15:15:00+00:00,42974.8515625,42976.8984375,42971.62890625,42972.12109375,1086244.0
2025-06-24 15:16:00+00:00,42976.078125,42976.25,42973.640625,42974.03125,589178.0
2025-06-24 15:18:00+00:00,42971.80859375,42976.73828125,42970.83984375,42974.87109375,1191634.0
2025-06-24 15:19:00+00:00,42957.8515625,42972.140625,42951.71875,42972.140625,1516827.0
2025-06-24 15:20:00+00:00,42958.87890625,42959.6484375,42956.3203125,42957.078125,92909.0
2025-06-24 15:22:00+00:00,42971.3203125,42972.671875,42967.5703125,42970.03125,2913480.0
2025-06-24 15:23:00+00:00,42990.73046875,42990.73046875,42978.1796875,42978.1796875,851165.0
2025-06-24 15:24:00+00:00,42985.01953125,42991.30859375,42983.33984375,42991.01171875,632954.0
2025-06-24 15:25:00+00:00,42988.171875,42990.37890625,42982.859375,42985.41015625,906811.0
2025-06-24 15:26:00+00:00,42981.80859375,42990.33984375,42978.640625,42989.05859375,1256852.0
2025-06-24 15:27:00+00:00,42972.1796875,42982.08984375,42968.76953125,42982.0,716411.0
2025-06-24 15:28:00+00:00,42969.609375,42975.1484375,42969.609375,42973.921875,394501.0
2025-06-24 15:29:00+00:00,42976.7109375,42979.75,42976.7109375,42977.01171875,783130.0
2025-06-24 15:30:00+00:00,42984.53125,42989.078125,42984.53125,42988.25,3117507.0
2025-06-24 15:31:00+00:00,42987.03125,42987.33984375,42984.5703125,42984.8203125,1101922.0
2025-06-24 15:32:00+00:00,42981.921875,42987.921875,42981.78125,42986.94140625,619544.0
2025-06-24 15:34:00+00:00,43007.73828125,43007.73828125,43000.5703125,43002.37109375,2185422.0
2025-06-24 15:35:00+00:00,42999.28125,43008.6015625,42999.28125,43008.6015625,625458.0
2025-06-24 15:36:00+00:00,42999.578125,42999.828125,42999.30859375,42999.30859375,39249.0
2025-06-24 15:38:00+00:00,43014.98046875,43014.98828125,43009.05078125,43009.05078125,1934681.0
2025-06-24 15:39:00+00:00,43006.73828125,43014.19921875,43004.3984375,43013.078125,794318.0
2025-06-24 15:40:00+00:00,43004.640625,43007.37890625,43004.12109375,43007.37890625,292350.0
2025-06-24 15:43:00+00:00,43002.76953125,43005.26953125,42999.55859375,43000.7109375,3829653.0
2025-06-24 15:44:00+00:00,43007.2890625,43008.390625,43003.23046875,43003.23046875,774848.0
2025-06-24 15:45:00+00:00,43006.671875,43011.75,43004.390625,43006.1484375,664079.0
2025-06-24 15:46:00+00:00,43010.328125,43011.01953125,43004.3515625,43007.26171875,869842.0
2025-06-24 15:47:00+00:00,43003.4609375,43010.8203125,42999.28125,43010.078125,533884.0
2025-06-24 15:48:00+00:00,43008.98828125,43009.23046875,43002.7109375,43002.71875,562272.0
2025-06-24 15:49:00+00:00,43015.03125,43016.5703125,43008.33984375,43009.1015625,549237.0
2025-06-24 15:50:00+00:00,43011.28125,43016.98828125,43010.55078125,43015.12890625,569518.0
2025-06-24 15:51:00+00:00,43014.46875,43017.25,43011.48046875,43011.48046875,661252.0
2025-06-24 15:52:00+00:00,43015.48828125,43021.94921875,43013.87109375,43013.87109375,670045.0
2025-06-24 15:53:00+00:00,43008.4609375,43018.21875,43008.328125,43015.5390625,600079.0
2025-06-24 15:54:00+00:00,43017.53125,43017.87109375,43002.55859375,43009.46875,552654.0
2025-06-24 15:55:00+00:00,43024.66015625,43024.76953125,43014.03125,43016.4296875,600329.0
2025-06-24 15:56:00+00:00,43030.26953125,43034.44921875,43023.828125,43024.55859375,599114.0
2025-06-24 15:57:00+00:00,43019.25,43030.26171875,43018.8515625,43030.1796875,773579.0
2025-06-24 15:58:00+00:00,43012.21875,43019.6484375,43010.83984375,43019.6484375,704686.0
2025-06-24 15:59:00+00:00,43015.1484375,43019.078125,43011.87109375,43012.2109375,740591.0
2025-06-24 16:00:00+00:00,43023.9609375,43028.328125,43017.12890625,43017.12890625,630084.0
2025-06-24 16:01:00+00:00,43011.171875,43024.390625,43009.37890625,43023.03125,608080.0
2025-06-24 16:02:00+00:00,43019.109375,43021.0390625,43011.8515625,43011.8515625,590313.0
2025-06-24 16:03:00+00:00,43030.01953125,43031.3203125,43019.30859375,43019.30859375,767470.0
2025-06-24 16:04:00+00:00,43029.73046875,43035.23828125,43028.9609375,43029.94140625,580444.0
2025-06-24 16:05:00+00:00,43017.4296875,43029.9609375,43016.140625,43029.578125,565274.0
2025-06-24 16:06:00+00:00,43005.28125,43021.140625,43003.9609375,43017.171875,803047.0
2025-06-24 16:07:00+00:00,43007.08984375,43007.76953125,43000.71875,43005.25,2069157.0
2025-06-24 16:08:00+00:00,43002.140625,43008.6015625,42997.26171875,43006.94140625,528379.0
2025-06-24 16:09:00+00:00,43009.328125,43009.328125,43001.2890625,43002.2109375,534844.0
2025-06-24 16:10:00+00:00,43015.5703125,43016.12109375,43006.44921875,43009.0703125,592608.0
2025-06-24 16:11:00+00:00,43022.44921875,43022.44921875,43012.0390625,43015.51171875,570393.0
2025-06-24 16:12:00+00:00,43015.69921875,43022.48046875,43015.69921875,43022.48046875,707289.0
2025-06-24 16:13:00+00:00,43014.91015625,43017.37890625,43013.51953125,43015.140625,554362.0
2025-06-24 16:14:00+00:00,43016.73046875,43018.62109375,43013.37109375,43015.30859375,582171.0
2025-06-24 16:15:00+00:00,43021.46875,43021.5390625,43015.8515625,43016.421875,613705.0
2025-06-24 16:16:00+00:00,43016.94921875,43025.4296875,43016.8984375,43022.05078125,656437.0
2025-06-24 16:17:00+00:00,43020.0,43020.0,43015.55078125,43016.69921875,651676.0
2025-06-24 16:18:00+00:00,43018.83984375,43020.0,43014.98046875,43020.0,597316.0
2025-06-24 16:19:00+00:00,43026.66015625,43026.66015625,43018.12109375,43019.55859375,676403.0
2025-06-24 16:20:00+00:00,43026.9296875,43027.4296875,43020.2890625,43025.8984375,484842.0
2025-06-24 16:21:00+00:00,43019.73046875,43027.1484375,43016.05078125,43027.05859375,602491.0
2025-06-24 16:22:00+00:00,43031.9609375,43032.80859375,43017.9296875,43018.55859375,938653.0
2025-06-24 16:23:00+00:00,43030.01953125,43031.3515625,43026.921875,43030.640625,654084.0
2025-06-24 16:24:00+00:00,43030.7109375,43033.80859375,43028.80859375,43030.390625,545296.0
2025-06-24 16:25:00+00:00,43022.87109375,43032.05078125,43021.0,43030.98046875,586847.0
2025-06-24 16:26:00+00:00,43037.9609375,43038.55078125,43020.76953125,43022.69140625,802718.0
2025-06-24 16:27:00+00:00,43040.08984375,43041.6015625,43034.609375,43039.01953125,660065.0
2025-06-24 16:28:00+00:00,43055.30859375,43055.30859375,43034.51171875,43039.53125,771111.0
2025-06-24 16:29:00+00:00,43059.30078125,43066.12109375,43057.94921875,43058.8984375,852832.0
2025-06-24 16:30:00+00:00,43066.48046875,43066.48046875,43058.41015625,43059.2890625,1109423.0
2025-06-24 16:31:00+00:00,43076.12109375,43078.0390625,43067.19921875,43067.19921875,982120.0
2025-06-24 16:32:00+00:00,43070.3984375,43084.1484375,43070.3984375,43076.0703125,863263.0
2025-06-24 16:33:00+00:00,43064.109375,43071.3515625,43063.76171875,43070.6015625,683537.0
2025-06-24 16:34:00+00:00,43059.7890625,43064.19921875,43058.25,43064.1015625,807234.0
2025-06-24 16:35:00+00:00,43059.73828125,43060.609375,43052.28125,43059.96875,974803.0
2025-06-24 16:36:00+00:00,43061.75,43064.390625,43057.421875,43059.73046875,719830.0
2025-06-24 16:37:00+00:00,43063.4609375,43064.1796875,43059.1015625,43061.94140625,757487.0
2025-06-24 16:38:00+00:00,43055.8984375,43062.640625,43055.890625,43062.640625,1330353.0
2025-06-24 16:39:00+00:00,43075.05078125,43075.37109375,43056.609375,43056.609375,816084.0
2025-06-24 16:40:00+00:00,43086.58984375,43086.58984375,43073.640625,43074.9609375,728476.0
2025-06-24 16:41:00+00:00,43076.921875,43087.71875,43073.4609375,43087.12109375,744584.0
2025-06-24 16:42:00+00:00,43097.12109375,43097.12109375,43080.3203125,43080.46875,838257.0
2025-06-24 16:43:00+00:00,43090.640625,43099.609375,43090.640625,43098.26171875,901438.0
2025-06-24 16:44:00+00:00,43106.21875,43110.62890625,43090.8203125,43090.8203125,875252.0
2025-06-24 16:45:00+00:00,43108.4296875,43112.28125,43104.7890625,43105.62890625,784475.0
2025-06-24 16:46:00+00:00,43099.80078125,43108.76171875,43098.3984375,43108.3984375,982106.0
2025-06-24 16:47:00+00:00,43098.921875,43102.1015625,43095.76953125,43100.2890625,722017.0
2025-06-24 16:48:00+00:00,43094.140625,43103.19140625,43092.671875,43098.76171875,823430.0
2025-06-24 16:49:00+00:00,43084.76171875,43094.12109375,43084.76171875,43094.1015625,636362.0
2025-06-24 16:50:00+00:00,43083.171875,43087.03125,43081.55078125,43084.80859375,797732.0
2025-06-24 16:51:00+00:00,43098.140625,43098.58984375,43083.44921875,43083.44921875,758121.0
2025-06-24 16:52:00+00:00,43092.19921875,43098.4609375,43091.859375,43097.7890625,638017.0
2025-06-24 16:53:00+00:00,43082.30859375,43093.26953125,43080.76171875,43092.671875,781829.0
2025-06-24 16:54:00+00:00,43081.48828125,43084.7890625,43079.01953125,43082.078125,659260.0
2025-06-24 16:55:00+00:00,43078.37890625,43081.5,43076.55859375,43081.5,589720.0
2025-06-24 16:56:00+00:00,43064.2109375,43078.58984375,43063.37109375,43078.0390625,927003.0
2025-06-24 16:57:00+00:00,43058.8984375,43066.48828125,43058.8984375,43064.828125,503582.0
2025-06-24 16:58:00+00:00,43062.12109375,43063.44140625,43053.8984375,43058.8984375,750823.0
2025-06-24 16:59:00+00:00,43061.0,43064.2890625,43060.21875,43062.76953125,1153269.0
2025-06-24 17:00:00+00:00,43067.609375,43067.609375,43060.98046875,43060.98046875,562459.0
2025-06-24 17:01:00+00:00,43076.359375,43079.0703125,43067.4296875,43067.4296875,808153.0
2025-06-24 17:02:00+00:00,43084.3515625,43085.30078125,43076.6015625,43076.6015625,750978.0
2025-06-24 17:03:00+00:00,43083.53125,43086.9296875,43082.62109375,43084.19140625,501755.0
2025-06-24 17:04:00+00:00,43068.0390625,43083.62890625,43067.05078125,43083.62890625,780961.0
2025-06-24 17:05:00+00:00,43073.1484375,43075.23828125,43067.05859375,43067.3515625,601392.0
2025-06-24 17:06:00+00:00,43058.6796875,43074.25,43058.66015625,43073.53125,703097.0
2025-06-24 17:07:00+00:00,43067.19140625,43069.03125,43052.83984375,43058.2890625,660268.0
2025-06-24 17:08:00+00:00,43074.19921875,43079.80859375,43067.76171875,43068.19140625,554538.0
2025-06-24 17:09:00+00:00,43063.4296875,43073.91015625,43061.6484375,43073.91015625,554816.0
2025-06-24 17:10:00+00:00,43071.4296875,43071.4296875,43063.2109375,43063.73828125,505020.0
2025-06-24 17:11:00+00:00,43079.1015625,43079.2109375,43070.890625,43070.890625,503823.0
2025-06-24 17:12:00+00:00,43085.08984375,43085.08984375,43079.078125,43079.078125,477530.0
2025-06-24 17:13:00+00:00,43082.94921875,43088.4609375,43082.78125,43085.890625,421921.0
2025-06-24 17:14:00+00:00,43080.26953125,43086.26171875,43078.9609375,43082.96875,576232.0
2025-06-24 17:15:00+00:00,43080.2890625,43082.87109375,43079.078125,43080.5703125,456386.0
2025-06-24 17:16:00+00:00,43077.171875,43083.1015625,43076.078125,43080.26953125,522097.0
2025-06-24 17:17:00+00:00,43067.25,43078.62890625,43065.91015625,43078.0,707944.0
2025-06-24 17:18:00+00:00,43071.51171875,43073.12109375,43066.8515625,43066.8515625,497422.0
2025-06-24 17:19:00+00:00,43072.98828125,43074.37109375,43071.05859375,43071.51171875,538116.0
2025-06-24 17:20:00+00:00,43057.4609375,43074.62109375,43052.8203125,43073.44921875,923012.0
2025-06-24 17:21:00+00:00,43048.1015625,43060.87890625,43045.12109375,43057.4609375,1015542.0
2025-06-24 17:22:00+00:00,43043.62109375,43048.41015625,43042.91015625,43046.01171875,714324.0
2025-06-24 17:23:00+00:00,43051.51953125,43054.01171875,43042.23828125,43043.12890625,675323.0
2025-06-24 17:24:00+00:00,43053.19921875,43053.7890625,43047.51953125,43052.8203125,632178.0
2025-06-24 17:25:00+00:00,43042.609375,43053.01171875,43042.609375,43053.01171875,677737.0
2025-06-24 17:26:00+00:00,43049.9609375,43049.9609375,43042.19921875,43042.390625,519930.0
2025-06-24 17:27:00+00:00,43045.44921875,43051.73828125,43044.76171875,43049.91015625,432198.0
2025-06-24 17:28:00+00:00,43043.1484375,43046.0390625,43041.28125,43044.87109375,458809.0
2025-06-24 17:29:00+00:00,43038.5,43043.671875,43037.3984375,43043.671875,418726.0
2025-06-24 17:30:00+00:00,43043.5,43050.46875,43037.69140625,43038.3203125,631766.0
2025-06-24 17:31:00+00:00,43054.91015625,43055.78125,43038.6484375,43044.51171875,880368.0
2025-06-24 17:32:00+00:00,43048.55078125,43057.73828125,43046.71875,43055.328125,628664.0
2025-06-24 17:33:00+00:00,43051.578125,43052.91015625,43048.41015625,43048.41015625,595174.0
2025-06-24 17:34:00+00:00,43045.26953125,43057.359375,43044.48046875,43051.87890625,708682.0
2025-06-24 17:35:00+00:00,43042.390625,43045.578125,43041.3203125,43045.1796875,698914.0
2025-06-24 17:36:00+00:00,43043.76171875,43045.109375,43040.16015625,43041.76171875,486020.0
2025-06-24 17:37:00+00:00,43043.6484375,43044.23828125,43039.421875,43042.609375,494841.0
2025-06-24 17:38:00+00:00,43030.69921875,43043.05078125,43029.91015625,43043.05078125,546354.0
2025-06-24 17:39:00+00:00,43031.96875,43035.609375,43026.80859375,43030.91015625,505788.0
2025-06-24 17:40:00+00:00,43048.78125,43048.78125,43031.69921875,43031.69921875,498546.0
2025-06-24 17:41:00+00:00,43049.66015625,43052.9296875,43048.25,43048.3984375,516910.0
2025-06-24 17:42:00+00:00,43046.58984375,43051.21875,43046.2109375,43049.5703125,745684.0
2025-06-24 17:43:00+00:00,43054.2109375,43055.62890625,43046.3515625,43046.3515625,709342.0
2025-06-24 17:44:00+00:00,43055.4609375,43060.1796875,43053.46875,43054.08984375,929303.0
2025-06-24 17:45:00+00:00,43057.6015625,43059.390625,43052.609375,43055.5,479219.0
2025-06-24 17:46:00+00:00,43050.01953125,43057.41015625,43050.01953125,43057.41015625,439231.0
2025-06-24 17:47:00+00:00,43068.48046875,43069.3203125,43046.87109375,43049.80859375,667681.0
2025-06-24 17:48:00+00:00,43075.05859375,43077.53125,43067.41015625,43068.328125,1487245.0
2025-06-24 17:49:00+00:00,43069.171875,43076.75,43068.7109375,43074.94921875,802458.0
2025-06-24 17:50:00+00:00,43067.7109375,43070.12109375,43065.421875,43069.0703125,652435.0
2025-06-24 17:51:00+00:00,43079.41015625,43081.91015625,43067.2890625,43067.2890625,553759.0
2025-06-24 17:52:00+00:00,43078.16015625,43083.9296875,43077.5390625,43081.25,613052.0
2025-06-24 17:53:00+00:00,43079.48828125,43079.921875,43077.12109375,43079.12890625,546058.0
2025-06-24 17:54:00+00:00,43104.30078125,43105.33984375,43079.37890625,43079.37890625,528326.0
2025-06-24 17:55:00+00:00,43101.62109375,43103.96875,43098.87109375,43103.96875,452185.0
2025-06-24 17:56:00+00:00,43094.19921875,43101.0390625,43093.0,43101.0390625,504473.0
2025-06-24 17:57:00+00:00,43096.26953125,43096.30078125,43092.48046875,43094.0390625,431779.0
2025-06-24 17:58:00+00:00,43090.08984375,43096.0,43090.08984375,43095.578125,437680.0
2025-06-24 17:59:00+00:00,43088.62109375,43094.2109375,43088.44140625,43089.890625,515303.0
2025-06-24 18:00:00+00:00,43094.1015625,43096.51953125,43088.55859375,43088.55859375,679381.0
2025-06-24 18:01:00+00:00,43104.94921875,43104.94921875,43092.30078125,43094.05859375,687177.0
2025-06-24 18:02:00+00:00,43102.671875,43106.51953125,43101.890625,43105.37890625,774056.0
2025-06-24 18:03:00+00:00,43100.0390625,43106.33984375,43099.62890625,43102.73828125,616062.0
2025-06-24 18:04:00+00:00,43094.71875,43101.05078125,43091.44921875,43099.921875,597916.0
2025-06-24 18:05:00+00:00,43093.30859375,43097.5,43093.30859375,43095.26953125,536289.0
2025-06-24 18:06:00+00:00,43083.51171875,43083.55859375,43081.2890625,43081.46875,743170.0
2025-06-24 18:07:00+00:00,43078.51171875,43083.73828125,43078.1015625,43083.5390625,680044.0
2025-06-24 18:08:00+00:00,43092.23828125,43092.23828125,43078.26171875,43078.26171875,445811.0
2025-06-24 18:09:00+00:00,43095.48046875,43095.890625,43092.171875,43092.8203125,542379.0
2025-06-24 18:10:00+00:00,43090.609375,43100.05859375,43090.609375,43095.66015625,512033.0
2025-06-24 18:11:00+00:00,43081.76953125,43091.6484375,43079.91015625,43090.578125,613874.0
2025-06-24 18:12:00+00:00,43078.140625,43082.48046875,43075.98046875,43081.19921875,592906.0
2025-06-24 18:13:00+00:00,43079.05859375,43080.62109375,43076.51953125,43077.80078125,565863.0
2025-06-24 18:14:00+00:00,43073.890625,43080.26953125,43073.890625,43078.69921875,712954.0
2025-06-24 18:15:00+00:00,43077.41015625,43077.41015625,43072.48046875,43073.16015625,617301.0
2025-06-24 18:16:00+00:00,43089.25,43090.66015625,43078.19921875,43078.19921875,770980.0
2025-06-24 18:17:00+00:00,43085.26953125,43089.12890625,43084.0,43089.12890625,523651.0
2025-06-24 18:18:00+00:00,43078.87890625,43085.26171875,43077.55859375,43085.23828125,530607.0
2025-06-24 18:19:00+00:00,43090.62109375,43091.5,43078.66015625,43078.66015625,550341.0
2025-06-24 18:20:00+00:00,43094.23828125,43094.23828125,43088.98046875,43090.87890625,494265.0
2025-06-24 18:21:00+00:00,43091.94140625,43094.328125,43090.5,43094.328125,506111.0
2025-06-24 18:22:00+00:00,43091.87109375,43092.4296875,43088.37890625,43091.76171875,406365.0
2025-06-24 18:23:00+00:00,43086.30859375,43091.33984375,43086.30859375,43091.33984375,504473.0
2025-06-24 18:24:00+00:00,43086.01953125,43088.28125,43083.73046875,43085.94140625,482881.0
2025-06-24 18:25:00+00:00,43085.69140625,43086.7109375,43084.4609375,43085.0,510950.0
2025-06-24 18:26:00+00:00,43090.5,43093.91015625,43086.44921875,43086.51953125,421959.0
2025-06-24 18:27:00+00:00,43079.640625,43090.140625,43079.640625,43089.9609375,505647.0
2025-06-24 18:28:00+00:00,43083.05078125,43085.390625,43078.8515625,43079.8515625,1477639.0
2025-06-24 18:29:00+00:00,43080.76953125,43085.58984375,43080.6484375,43082.8984375,500824.0
2025-06-24 18:30:00+00:00,43082.828125,43084.5390625,43079.328125,43080.859375,483140.0
2025-06-24 18:31:00+00:00,43078.859375,43083.2890625,43076.83984375,43082.58984375,881370.0
2025-06-24 18:32:00+00:00,43073.6484375,43080.7890625,43072.03125,43079.6015625,580350.0
2025-06-24 18:33:00+00:00,43074.1015625,43075.25,43071.9609375,43073.71875,611094.0
2025-06-24 18:34:00+00:00,43077.8203125,43078.98828125,43073.8984375,43074.37109375,817268.0
2025-06-24 18:35:00+00:00,43089.37109375,43091.58984375,43079.0,43079.0,675223.0
2025-06-24 18:36:00+00:00,43100.3515625,43101.26171875,43088.28125,43089.37890625,672901.0
2025-06-24 18:37:00+00:00,43105.171875,43106.62890625,43099.98046875,43100.390625,650829.0
2025-06-24 18:38:00+00:00,43096.98828125,43107.140625,43096.98828125,43105.1015625,525632.0
2025-06-24 18:39:00+00:00,43091.0,43099.03125,43090.98046875,43097.12890625,464068.0
2025-06-24 18:40:00+00:00,43100.109375,43100.109375,43090.73046875,43091.05078125,561329.0
2025-06-24 18:41:00+00:00,43097.0,43101.55078125,43096.71875,43099.16015625,666056.0
2025-06-24 18:42:00+00:00,43093.23828125,43098.51171875,43093.08984375,43097.0,556082.0
2025-06-24 18:43:00+00:00,43094.37109375,43095.87109375,43091.23046875,43093.1484375,695475.0
2025-06-24 18:44:00+00:00,43086.73046875,43094.30859375,43086.73046875,43094.1484375,517008.0
2025-06-24 18:45:00+00:00,43099.9296875,43099.9296875,43086.94921875,43086.94921875,815308.0
2025-06-24 18:46:00+00:00,43100.96875,43101.55859375,43099.28125,43100.859375,584275.0
2025-06-24 18:47:00+00:00,43103.7109375,43105.1484375,43099.76953125,43100.80078125,482206.0
2025-06-24 18:48:00+00:00,43099.30859375,43103.7109375,43097.578125,43103.30859375,509609.0
2025-06-24 18:49:00+00:00,43092.8984375,43100.3203125,43091.5703125,43099.58984375,537965.0
2025-06-24 18:50:00+00:00,43087.25,43092.96875,43086.6015625,43092.96875,1215008.0
2025-06-24 18:51:00+00:00,43091.4609375,43091.4609375,43086.12109375,43087.140625,460476.0
2025-06-24 18:52:00+00:00,43093.0390625,43093.51953125,43089.328125,43091.51953125,457889.0
2025-06-24 18:53:00+00:00,43095.078125,43095.078125,43088.08984375,43092.28125,661634.0
2025-06-24 18:54:00+00:00,43095.98046875,43099.46875,43094.25,43095.109375,580599.0
2025-06-24 18:55:00+00:00,43098.609375,43098.921875,43093.53125,43095.6015625,498158.0
2025-06-24 18:56:00+00:00,43100.12109375,43100.140625,43095.44921875,43098.8515625,795344.0
2025-06-24 18:57:00+00:00,43101.05078125,43104.76171875,43098.921875,43099.9296875,733974.0
2025-06-24 18:58:00+00:00,43101.828125,43103.51171875,43099.4609375,43101.51953125,589072.0
2025-06-24 18:59:00+00:00,43113.83984375,43114.6484375,43101.859375,43101.859375,672520.0
2025-06-24 19:00:00+00:00,43119.48828125,43122.30859375,43113.62109375,43113.62109375,657724.0
2025-06-24 19:01:00+00:00,43115.328125,43119.12109375,43115.01953125,43118.62890625,712223.0
2025-06-24 19:02:00+00:00,43124.44921875,43124.44921875,43115.23046875,43116.19140625,742277.0
2025-06-24 19:03:00+00:00,43117.48828125,43127.94921875,43116.01953125,43124.2890625,886850.0
2025-06-24 19:04:00+00:00,43120.6484375,43120.80859375,43114.69140625,43117.94140625,549272.0
2025-06-24 19:05:00+00:00,43113.5703125,43121.171875,43113.53125,43120.53125,668028.0
2025-06-24 19:06:00+00:00,43118.08984375,43121.19921875,43113.5703125,43113.5703125,857274.0
2025-06-24 19:07:00+00:00,43118.12890625,43119.6015625,43115.828125,43117.94140625,583944.0
2025-06-24 19:08:00+00:00,43114.73046875,43118.75,43114.23046875,43118.0703125,496078.0
2025-06-24 19:09:00+00:00,43111.26953125,43114.2109375,43110.12890625,43114.2109375,682671.0
2025-06-24 19:10:00+00:00,43105.87109375,43111.37890625,43104.8515625,43111.3203125,633655.0
2025-06-24 19:11:00+00:00,43105.171875,43106.2109375,43102.7890625,43105.9296875,696317.0
2025-06-24 19:12:00+00:00,43108.12109375,43111.37890625,43105.640625,43105.640625,741356.0
2025-06-24 19:13:00+00:00,43110.26171875,43111.26171875,43108.01171875,43108.33984375,617800.0
2025-06-24 19:14:00+00:00,43115.51953125,43116.53125,43112.55859375,43113.48828125,768065.0
2025-06-24 19:15:00+00:00,43116.01171875,43116.73046875,43111.30078125,43116.73046875,1018085.0
2025-06-24 19:16:00+00:00,43119.03125,43120.37109375,43116.37109375,43116.5,707065.0
2025-06-24 19:17:00+00:00,43121.7890625,43123.0703125,43117.6484375,43118.87109375,685790.0
2025-06-24 19:18:00+00:00,43122.26171875,43125.16015625,43117.46875,43121.75,649215.0
2025-06-24 19:19:00+00:00,43118.94140625,43124.359375,43118.4609375,43122.5390625,816437.0
2025-06-24 19:20:00+00:00,43125.73046875,43125.94921875,43113.921875,43119.0,763342.0
2025-06-24 19:21:00+00:00,43122.421875,43127.01171875,43121.87109375,43126.171875,545019.0
2025-06-24 19:22:00+00:00,43125.98828125,43126.25,43121.9296875,43122.5703125,675776.0
2025-06-24 19:23:00+00:00,43129.8203125,43133.69921875,43123.91015625,43126.46875,641306.0
2025-06-24 19:24:00+00:00,43129.9609375,43133.0,43129.578125,43129.9609375,792860.0
2025-06-24 19:25:00+00:00,43129.1796875,43131.390625,43127.73046875,43130.12109375,869682.0
2025-06-24 19:26:00+00:00,43131.421875,43133.37109375,43128.8515625,43129.51171875,652990.0
2025-06-24 19:27:00+00:00,43132.5,43132.78125,43127.41015625,43130.87109375,1025368.0
2025-06-24 19:28:00+00:00,43128.44140625,43133.78125,43125.8515625,43133.12109375,1017717.0
2025-06-24 19:29:00+00:00,43132.69140625,43133.671875,43127.58984375,43128.3984375,832892.0
2025-06-24 19:30:00+00:00,43128.96875,43132.26171875,43125.75,43131.80078125,1283582.0
2025-06-24 19:31:00+00:00,43142.78125,43144.25,43127.03125,43129.69921875,940122.0
2025-06-24 19:32:00+00:00,43154.19921875,43156.1015625,43143.19921875,43143.62890625,1050411.0
2025-06-24 19:33:00+00:00,43141.390625,43154.69140625,43141.0703125,43154.69140625,799909.0
2025-06-24 19:34:00+00:00,43138.23828125,43142.19921875,43137.6015625,43140.359375,863313.0
2025-06-24 19:35:00+00:00,43148.37109375,43150.80859375,43135.4296875,43138.21875,892979.0
2025-06-24 19:36:00+00:00,43150.69140625,43150.94921875,43144.328125,43147.91015625,1032494.0
2025-06-24 19:37:00+00:00,43153.37890625,43155.08984375,43150.87109375,43150.87109375,791648.0
2025-06-24 19:38:00+00:00,43163.19921875,43163.19921875,43153.359375,43153.359375,983496.0
2025-06-24 19:39:00+00:00,43163.48046875,43172.01953125,43163.48046875,43164.26953125,1125432.0
2025-06-24 19:40:00+00:00,43165.19921875,43165.78125,43155.30078125,43163.33984375,1250377.0
2025-06-24 19:41:00+00:00,43172.640625,43173.16015625,43165.26171875,43165.26171875,1049449.0
2025-06-24 19:42:00+00:00,43175.73828125,43175.73828125,43170.1015625,43172.55078125,1082533.0
2025-06-24 19:43:00+00:00,43178.21875,43178.21875,43174.359375,43176.2109375,1052700.0
2025-06-24 19:44:00+00:00,43179.01171875,43183.48046875,43176.671875,43176.671875,1371938.0
2025-06-24 19:45:00+00:00,43164.28125,43177.6796875,43164.0390625,43177.6796875,1201473.0
2025-06-24 19:46:00+00:00,43165.08984375,43167.328125,43159.9296875,43164.2109375,1346010.0
2025-06-24 19:47:00+00:00,43167.51953125,43168.75,43162.7109375,43164.51171875,1238708.0
2025-06-24 19:48:00+00:00,43174.2890625,43178.8203125,43167.05078125,43167.05078125,1286184.0
2025-06-24 19:49:00+00:00,43158.98828125,43174.0703125,43158.7890625,43174.0703125,1614065.0
2025-06-24 19:51:00+00:00,43143.53125,43145.890625,43139.7109375,43139.828125,5617407.0
2025-06-24 19:52:00+00:00,43139.12109375,43142.44921875,43131.62890625,43142.44921875,2405500.0
2025-06-24 19:53:00+00:00,43130.80078125,43146.3984375,43130.76171875,43139.1796875,2541970.0
2025-06-24 19:54:00+00:00,43100.140625,43129.58984375,43100.140625,43129.58984375,3035014.0
2025-06-24 19:55:00+00:00,43118.23046875,43125.62890625,43095.140625,43100.5390625,4132832.0
2025-06-24 19:56:00+00:00,43105.25,43117.9609375,43105.0703125,43117.9609375,3214916.0
2025-06-24 19:57:00+00:00,43115.26953125,43117.73828125,43104.87890625,43104.87890625,3990844.0
2025-06-24 19:58:00+00:00,43102.96875,43117.3515625,43099.5,43114.44921875,4618778.0
2025-06-24 19:59:00+00:00,43095.94921875,43104.94140625,43089.109375,43102.5390625,11662486.0
2025-06-25 13:30:00+00:00,43077.94921875,43130.328125,43070.78125,43130.328125,0.0
2025-06-25 13:31:00+00:00,43048.5390625,43077.8515625,43032.96875,43073.6015625,4110949.0
2025-06-25 13:32:00+00:00,43067.69140625,43072.6796875,43049.5390625,43049.5390625,3903257.0
2025-06-25 13:33:00+00:00,43063.26953125,43079.53125,43056.51953125,43067.6015625,3787610.0
2025-06-25 13:34:00+00:00,43088.69921875,43088.69921875,43055.421875,43063.87890625,10801207.0
2025-06-25 13:35:00+00:00,43079.12890625,43101.9609375,43079.12890625,43088.2109375,2648306.0
2025-06-25 13:36:00+00:00,43071.98046875,43081.4296875,43066.44921875,43081.19140625,3155499.0
