Datetime,Close,High,Low,Open,Volume
2025-06-17 11:22:00+00:00,110.75,110.75,110.71875,110.734375,0.0
2025-06-17 11:23:00+00:00,110.75,110.75,110.734375,110.75,46.0
2025-06-17 11:24:00+00:00,110.734375,110.75,110.734375,110.734375,178.0
2025-06-17 11:25:00+00:00,110.75,110.75,110.734375,110.75,1440.0
2025-06-17 11:26:00+00:00,110.75,110.765625,110.734375,110.75,991.0
2025-06-17 11:27:00+00:00,110.765625,110.765625,110.75,110.765625,3449.0
2025-06-17 11:28:00+00:00,110.765625,110.765625,110.75,110.765625,4657.0
2025-06-17 11:29:00+00:00,110.765625,110.765625,110.75,110.765625,197.0
2025-06-17 11:30:00+00:00,110.765625,110.78125,110.75,110.765625,4530.0
2025-06-17 11:31:00+00:00,110.765625,110.78125,110.765625,110.765625,3495.0
2025-06-17 11:32:00+00:00,110.78125,110.78125,110.765625,110.78125,3521.0
2025-06-17 11:33:00+00:00,110.796875,110.796875,110.765625,110.78125,1228.0
2025-06-17 11:34:00+00:00,110.78125,110.796875,110.78125,110.796875,29.0
2025-06-17 11:35:00+00:00,110.78125,110.796875,110.78125,110.796875,96.0
2025-06-17 11:36:00+00:00,110.796875,110.796875,110.78125,110.796875,79.0
2025-06-17 11:37:00+00:00,110.765625,110.796875,110.765625,110.796875,3650.0
2025-06-17 11:38:00+00:00,110.765625,110.765625,110.75,110.75,2001.0
2025-06-17 11:39:00+00:00,110.75,110.765625,110.75,110.765625,618.0
2025-06-17 11:40:00+00:00,110.765625,110.765625,110.75,110.765625,1663.0
2025-06-17 11:41:00+00:00,110.78125,110.78125,110.765625,110.765625,712.0
2025-06-17 11:42:00+00:00,110.78125,110.78125,110.765625,110.78125,65.0
2025-06-17 11:43:00+00:00,110.765625,110.78125,110.765625,110.78125,1155.0
2025-06-17 11:44:00+00:00,110.78125,110.78125,110.765625,110.78125,1837.0
2025-06-17 11:45:00+00:00,110.765625,110.78125,110.765625,110.78125,17.0
2025-06-17 11:46:00+00:00,110.8125,110.8125,110.78125,110.78125,5494.0
2025-06-17 11:47:00+00:00,110.8125,110.828125,110.8125,110.8125,5797.0
2025-06-17 11:48:00+00:00,110.8125,110.828125,110.8125,110.828125,1384.0
2025-06-17 11:49:00+00:00,110.828125,110.828125,110.8125,110.828125,735.0
2025-06-17 11:50:00+00:00,110.8125,110.828125,110.8125,110.8125,1819.0
2025-06-17 11:51:00+00:00,110.796875,110.8125,110.78125,110.8125,3469.0
2025-06-17 11:52:00+00:00,110.796875,110.796875,110.78125,110.796875,292.0
2025-06-17 11:53:00+00:00,110.796875,110.8125,110.796875,110.796875,865.0
2025-06-17 11:54:00+00:00,110.796875,110.796875,110.796875,110.796875,66.0
2025-06-17 11:55:00+00:00,110.78125,110.796875,110.78125,110.796875,1145.0
2025-06-17 11:56:00+00:00,110.78125,110.78125,110.78125,110.78125,2162.0
2025-06-17 11:57:00+00:00,110.765625,110.78125,110.765625,110.78125,1915.0
2025-06-17 11:58:00+00:00,110.78125,110.78125,110.78125,110.78125,297.0
2025-06-17 11:59:00+00:00,110.765625,110.78125,110.765625,110.78125,1950.0
2025-06-17 12:00:00+00:00,110.78125,110.78125,110.75,110.765625,1355.0
2025-06-17 12:01:00+00:00,110.78125,110.78125,110.765625,110.765625,128.0
2025-06-17 12:02:00+00:00,110.765625,110.78125,110.765625,110.78125,135.0
2025-06-17 12:03:00+00:00,110.78125,110.78125,110.765625,110.78125,232.0
2025-06-17 12:04:00+00:00,110.78125,110.78125,110.765625,110.78125,256.0
2025-06-17 12:05:00+00:00,110.796875,110.796875,110.765625,110.765625,8031.0
2025-06-17 12:06:00+00:00,110.796875,110.8125,110.796875,110.8125,2003.0
2025-06-17 12:07:00+00:00,110.796875,110.8125,110.796875,110.8125,888.0
2025-06-17 12:08:00+00:00,110.78125,110.796875,110.765625,110.796875,2129.0
2025-06-17 12:09:00+00:00,110.796875,110.796875,110.78125,110.78125,2216.0
2025-06-17 12:10:00+00:00,110.796875,110.8125,110.796875,110.796875,1175.0
2025-06-17 12:11:00+00:00,110.78125,110.8125,110.78125,110.796875,2416.0
2025-06-17 12:12:00+00:00,110.796875,110.796875,110.78125,110.78125,1053.0
2025-06-17 12:13:00+00:00,110.8125,110.8125,110.796875,110.796875,1596.0
2025-06-17 12:14:00+00:00,110.8125,110.8125,110.796875,110.8125,249.0
2025-06-17 12:15:00+00:00,110.8125,110.8125,110.796875,110.8125,354.0
2025-06-17 12:16:00+00:00,110.8125,110.828125,110.8125,110.8125,1248.0
2025-06-17 12:17:00+00:00,110.828125,110.828125,110.8125,110.828125,2529.0
2025-06-17 12:18:00+00:00,110.84375,110.84375,110.8125,110.828125,3332.0
2025-06-17 12:19:00+00:00,110.828125,110.84375,110.8125,110.84375,2164.0
2025-06-17 12:20:00+00:00,110.796875,110.828125,110.78125,110.8125,2355.0
2025-06-17 12:21:00+00:00,110.78125,110.796875,110.765625,110.796875,1177.0
2025-06-17 12:23:00+00:00,110.796875,110.796875,110.78125,110.796875,5956.0
2025-06-17 12:24:00+00:00,110.796875,110.796875,110.78125,110.796875,1201.0
2025-06-17 12:25:00+00:00,110.765625,110.796875,110.765625,110.796875,3719.0
2025-06-17 12:26:00+00:00,110.765625,110.796875,110.765625,110.78125,5476.0
2025-06-17 12:27:00+00:00,110.796875,110.796875,110.78125,110.78125,2348.0
2025-06-17 12:28:00+00:00,110.828125,110.84375,110.796875,110.796875,5843.0
2025-06-17 12:29:00+00:00,110.796875,110.828125,110.796875,110.828125,2265.0
2025-06-17 12:30:00+00:00,110.765625,111.0,110.71875,110.8125,47967.0
2025-06-17 12:31:00+00:00,110.78125,110.8125,110.75,110.765625,6613.0
2025-06-17 12:32:00+00:00,110.796875,110.796875,110.75,110.78125,6928.0
2025-06-17 12:33:00+00:00,110.796875,110.8125,110.78125,110.796875,4570.0
2025-06-17 12:34:00+00:00,110.828125,110.828125,110.78125,110.78125,6617.0
2025-06-17 12:35:00+00:00,110.828125,110.84375,110.796875,110.8125,5878.0
2025-06-17 12:36:00+00:00,110.765625,110.828125,110.75,110.828125,7980.0
2025-06-17 12:37:00+00:00,110.78125,110.78125,110.75,110.765625,5125.0
2025-06-17 12:38:00+00:00,110.796875,110.796875,110.765625,110.765625,3856.0
2025-06-17 12:39:00+00:00,110.78125,110.796875,110.765625,110.796875,1736.0
2025-06-17 12:40:00+00:00,110.8125,110.8125,110.78125,110.796875,2466.0
2025-06-17 12:41:00+00:00,110.796875,110.8125,110.765625,110.8125,2973.0
2025-06-17 12:42:00+00:00,110.796875,110.796875,110.78125,110.796875,3598.0
2025-06-17 12:43:00+00:00,110.78125,110.8125,110.765625,110.8125,4424.0
2025-06-17 12:44:00+00:00,110.78125,110.796875,110.765625,110.796875,3081.0
2025-06-17 12:45:00+00:00,110.78125,110.796875,110.78125,110.796875,1526.0
2025-06-17 12:46:00+00:00,110.796875,110.8125,110.78125,110.796875,2567.0
2025-06-17 12:47:00+00:00,110.796875,110.796875,110.78125,110.796875,2779.0
2025-06-17 12:48:00+00:00,110.75,110.796875,110.75,110.796875,2883.0
2025-06-17 12:49:00+00:00,110.703125,110.765625,110.703125,110.75,3473.0
2025-06-17 12:51:00+00:00,110.703125,110.71875,110.703125,110.71875,11745.0
2025-06-17 12:52:00+00:00,110.703125,110.71875,110.6875,110.703125,1833.0
2025-06-17 12:53:00+00:00,110.6875,110.71875,110.6875,110.703125,5243.0
2025-06-17 12:54:00+00:00,110.703125,110.71875,110.6875,110.703125,2732.0
2025-06-17 12:55:00+00:00,110.671875,110.703125,110.671875,110.703125,3224.0
2025-06-17 12:56:00+00:00,110.6875,110.6875,110.671875,110.6875,1082.0
2025-06-17 12:57:00+00:00,110.671875,110.6875,110.65625,110.6875,6679.0
2025-06-17 12:58:00+00:00,110.671875,110.6875,110.65625,110.671875,1487.0
2025-06-17 12:59:00+00:00,110.625,110.671875,110.625,110.671875,15247.0
2025-06-17 13:00:00+00:00,110.65625,110.671875,110.640625,110.640625,3104.0
2025-06-17 13:01:00+00:00,110.65625,110.65625,110.640625,110.65625,849.0
2025-06-17 13:02:00+00:00,110.671875,110.671875,110.640625,110.640625,4757.0
2025-06-17 13:03:00+00:00,110.671875,110.671875,110.65625,110.65625,1866.0
2025-06-17 13:04:00+00:00,110.65625,110.671875,110.65625,110.671875,1703.0
2025-06-17 13:05:00+00:00,110.65625,110.671875,110.640625,110.65625,3048.0
2025-06-17 13:06:00+00:00,110.6875,110.6875,110.65625,110.65625,1025.0
2025-06-17 13:07:00+00:00,110.703125,110.703125,110.671875,110.6875,7308.0
2025-06-17 13:08:00+00:00,110.71875,110.71875,110.6875,110.6875,2190.0
2025-06-17 13:09:00+00:00,110.6875,110.703125,110.6875,110.703125,325.0
2025-06-17 13:10:00+00:00,110.6875,110.703125,110.6875,110.6875,63.0
2025-06-17 13:11:00+00:00,110.703125,110.703125,110.6875,110.6875,4115.0
2025-06-17 13:12:00+00:00,110.71875,110.71875,110.703125,110.703125,443.0
2025-06-17 13:13:00+00:00,110.6875,110.71875,110.6875,110.71875,1205.0
2025-06-17 13:14:00+00:00,110.6875,110.703125,110.671875,110.6875,1905.0
2025-06-17 13:15:00+00:00,110.71875,110.734375,110.6875,110.6875,1466.0
2025-06-17 13:16:00+00:00,110.734375,110.734375,110.71875,110.71875,1197.0
2025-06-17 13:17:00+00:00,110.71875,110.734375,110.71875,110.734375,395.0
2025-06-17 13:18:00+00:00,110.703125,110.703125,110.703125,110.703125,3794.0
2025-06-17 13:19:00+00:00,110.671875,110.703125,110.671875,110.703125,6675.0
2025-06-17 13:22:00+00:00,110.671875,110.671875,110.65625,110.671875,7851.0
2025-06-17 13:23:00+00:00,110.671875,110.671875,110.65625,110.671875,685.0
2025-06-17 13:24:00+00:00,110.65625,110.671875,110.640625,110.65625,1915.0
2025-06-17 13:25:00+00:00,110.640625,110.65625,110.640625,110.640625,2688.0
2025-06-17 13:26:00+00:00,110.65625,110.671875,110.640625,110.640625,2952.0
2025-06-17 13:27:00+00:00,110.671875,110.6875,110.65625,110.65625,3745.0
2025-06-17 13:28:00+00:00,110.65625,110.671875,110.65625,110.671875,744.0
2025-06-17 13:29:00+00:00,110.6875,110.6875,110.65625,110.65625,2764.0
2025-06-17 13:30:00+00:00,110.671875,110.6875,110.65625,110.671875,1256.0
2025-06-17 13:31:00+00:00,110.671875,110.6875,110.65625,110.671875,1675.0
2025-06-17 13:32:00+00:00,110.6875,110.6875,110.671875,110.671875,164.0
2025-06-17 13:33:00+00:00,110.671875,110.6875,110.671875,110.6875,2451.0
2025-06-17 13:34:00+00:00,110.671875,110.6875,110.671875,110.671875,2986.0
2025-06-17 13:38:00+00:00,110.640625,110.671875,110.640625,110.671875,9276.0
2025-06-17 13:39:00+00:00,110.640625,110.65625,110.625,110.65625,3989.0
2025-06-17 13:40:00+00:00,110.625,110.640625,110.625,110.640625,5654.0
2025-06-17 13:41:00+00:00,110.625,110.640625,110.625,110.625,1473.0
2025-06-17 13:42:00+00:00,110.640625,110.640625,110.625,110.625,1407.0
2025-06-17 13:43:00+00:00,110.640625,110.640625,110.625,110.640625,1730.0
2025-06-17 13:44:00+00:00,110.625,110.640625,110.609375,110.640625,4625.0
2025-06-17 13:45:00+00:00,110.625,110.640625,110.625,110.640625,6375.0
2025-06-17 13:46:00+00:00,110.59375,110.625,110.59375,110.625,6451.0
2025-06-17 13:47:00+00:00,110.609375,110.609375,110.578125,110.609375,4816.0
2025-06-17 13:48:00+00:00,110.59375,110.609375,110.59375,110.609375,2482.0
2025-06-17 13:49:00+00:00,110.609375,110.609375,110.59375,110.609375,1270.0
2025-06-17 13:50:00+00:00,110.578125,110.609375,110.578125,110.609375,1679.0
2025-06-17 13:51:00+00:00,110.578125,110.59375,110.5625,110.59375,5123.0
2025-06-17 13:52:00+00:00,110.578125,110.59375,110.5625,110.578125,5009.0
2025-06-17 13:55:00+00:00,110.59375,110.59375,110.578125,110.578125,5088.0
2025-06-17 13:56:00+00:00,110.578125,110.609375,110.5625,110.578125,3606.0
2025-06-17 13:57:00+00:00,110.5625,110.578125,110.5625,110.5625,919.0
2025-06-17 13:58:00+00:00,110.5625,110.578125,110.5625,110.5625,1037.0
2025-06-17 13:59:00+00:00,110.578125,110.59375,110.5625,110.5625,4503.0
2025-06-17 14:00:00+00:00,110.578125,110.59375,110.578125,110.578125,2794.0
2025-06-17 14:01:00+00:00,110.546875,110.59375,110.546875,110.578125,3577.0
2025-06-17 14:02:00+00:00,110.546875,110.5625,110.546875,110.546875,1321.0
2025-06-17 14:03:00+00:00,110.515625,110.5625,110.515625,110.546875,11101.0
2025-06-17 14:04:00+00:00,110.515625,110.53125,110.515625,110.515625,5761.0
2025-06-17 14:05:00+00:00,110.515625,110.53125,110.5,110.515625,12553.0
2025-06-17 14:06:00+00:00,110.53125,110.53125,110.515625,110.515625,4091.0
2025-06-17 14:07:00+00:00,110.546875,110.546875,110.515625,110.515625,3344.0
2025-06-17 14:08:00+00:00,110.546875,110.546875,110.53125,110.546875,2349.0
2025-06-17 14:09:00+00:00,110.5625,110.5625,110.53125,110.546875,3229.0
2025-06-17 14:10:00+00:00,110.546875,110.5625,110.546875,110.546875,1207.0
2025-06-17 14:12:00+00:00,110.5625,110.578125,110.5625,110.5625,3149.0
2025-06-17 14:13:00+00:00,110.5625,110.578125,110.5625,110.5625,125.0
2025-06-17 14:14:00+00:00,110.578125,110.578125,110.5625,110.578125,4232.0
2025-06-17 14:15:00+00:00,110.5625,110.578125,110.5625,110.5625,3047.0
2025-06-17 14:16:00+00:00,110.59375,110.59375,110.5625,110.5625,928.0
2025-06-17 14:17:00+00:00,110.578125,110.59375,110.5625,110.578125,5094.0
2025-06-17 14:18:00+00:00,110.578125,110.59375,110.578125,110.578125,1943.0
2025-06-17 14:19:00+00:00,110.578125,110.59375,110.5625,110.59375,1031.0
2025-06-17 14:20:00+00:00,110.578125,110.578125,110.5625,110.5625,135.0
2025-06-17 14:21:00+00:00,110.578125,110.59375,110.5625,110.578125,2284.0
2025-06-17 14:22:00+00:00,110.578125,110.578125,110.5625,110.5625,1503.0
2025-06-17 14:23:00+00:00,110.578125,110.578125,110.5625,110.5625,1401.0
2025-06-17 14:24:00+00:00,110.578125,110.59375,110.578125,110.578125,73.0
2025-06-17 14:25:00+00:00,110.578125,110.59375,110.578125,110.59375,269.0
2025-06-17 14:26:00+00:00,110.578125,110.609375,110.578125,110.59375,5170.0
2025-06-17 14:27:00+00:00,110.5625,110.59375,110.5625,110.578125,2122.0
2025-06-17 14:28:00+00:00,110.578125,110.59375,110.5625,110.5625,1046.0
2025-06-17 14:29:00+00:00,110.59375,110.59375,110.578125,110.578125,3034.0
2025-06-17 14:31:00+00:00,110.59375,110.59375,110.578125,110.59375,699.0
2025-06-17 14:32:00+00:00,110.59375,110.609375,110.578125,110.59375,2529.0
2025-06-17 14:33:00+00:00,110.59375,110.609375,110.59375,110.59375,2697.0
2025-06-17 14:34:00+00:00,110.609375,110.609375,110.59375,110.59375,203.0
2025-06-17 14:35:00+00:00,110.609375,110.609375,110.59375,110.59375,1222.0
2025-06-17 14:36:00+00:00,110.609375,110.609375,110.59375,110.59375,1917.0
2025-06-17 14:37:00+00:00,110.59375,110.59375,110.5625,110.59375,3199.0
2025-06-17 14:38:00+00:00,110.5625,110.59375,110.5625,110.578125,2696.0
2025-06-17 14:39:00+00:00,110.53125,110.578125,110.53125,110.5625,3793.0
2025-06-17 14:40:00+00:00,110.53125,110.546875,110.53125,110.53125,3698.0
2025-06-17 14:41:00+00:00,110.53125,110.546875,110.53125,110.53125,31.0
2025-06-17 14:42:00+00:00,110.546875,110.546875,110.53125,110.53125,1688.0
2025-06-17 14:43:00+00:00,110.53125,110.546875,110.53125,110.53125,381.0
2025-06-17 14:44:00+00:00,110.53125,110.546875,110.53125,110.53125,270.0
2025-06-17 14:45:00+00:00,110.53125,110.546875,110.53125,110.53125,2855.0
2025-06-17 14:46:00+00:00,110.53125,110.546875,110.515625,110.515625,1790.0
2025-06-17 14:49:00+00:00,110.53125,110.546875,110.53125,110.53125,2809.0
2025-06-17 14:50:00+00:00,110.546875,110.5625,110.53125,110.53125,2364.0
2025-06-17 14:51:00+00:00,110.546875,110.5625,110.546875,110.546875,588.0
2025-06-17 14:52:00+00:00,110.5625,110.5625,110.546875,110.546875,3151.0
2025-06-17 14:53:00+00:00,110.5625,110.578125,110.546875,110.546875,795.0
2025-06-17 14:54:00+00:00,110.59375,110.59375,110.5625,110.5625,2327.0
2025-06-17 14:55:00+00:00,110.578125,110.59375,110.5625,110.578125,2002.0
2025-06-17 14:56:00+00:00,110.59375,110.59375,110.5625,110.5625,1096.0
2025-06-17 14:57:00+00:00,110.578125,110.59375,110.578125,110.578125,139.0
2025-06-17 14:58:00+00:00,110.59375,110.59375,110.578125,110.578125,320.0
2025-06-17 14:59:00+00:00,110.578125,110.59375,110.578125,110.578125,1621.0
2025-06-17 15:00:00+00:00,110.609375,110.609375,110.578125,110.578125,7673.0
2025-06-17 15:01:00+00:00,110.609375,110.625,110.59375,110.59375,2374.0
2025-06-17 15:02:00+00:00,110.59375,110.609375,110.59375,110.59375,129.0
2025-06-17 15:03:00+00:00,110.609375,110.609375,110.59375,110.59375,34.0
2025-06-17 15:04:00+00:00,110.609375,110.609375,110.59375,110.59375,172.0
2025-06-17 15:05:00+00:00,110.625,110.625,110.59375,110.59375,2952.0
2025-06-17 15:06:00+00:00,110.609375,110.625,110.59375,110.609375,1666.0
2025-06-17 15:09:00+00:00,110.640625,110.640625,110.640625,110.640625,3350.0
2025-06-17 15:10:00+00:00,110.625,110.640625,110.625,110.625,5041.0
2025-06-17 15:11:00+00:00,110.65625,110.65625,110.625,110.625,2273.0
2025-06-17 15:12:00+00:00,110.625,110.65625,110.625,110.65625,1114.0
2025-06-17 15:13:00+00:00,110.640625,110.65625,110.640625,110.640625,2168.0
2025-06-17 15:14:00+00:00,110.65625,110.671875,110.65625,110.65625,6273.0
2025-06-17 15:15:00+00:00,110.65625,110.65625,110.65625,110.65625,625.0
2025-06-17 15:16:00+00:00,110.65625,110.671875,110.65625,110.65625,1821.0
2025-06-17 15:17:00+00:00,110.65625,110.671875,110.65625,110.65625,151.0
2025-06-17 15:18:00+00:00,110.671875,110.671875,110.65625,110.65625,289.0
2025-06-17 15:19:00+00:00,110.671875,110.671875,110.65625,110.671875,888.0
2025-06-17 15:20:00+00:00,110.671875,110.671875,110.65625,110.65625,2486.0
2025-06-17 15:21:00+00:00,110.6875,110.6875,110.671875,110.671875,605.0
2025-06-17 15:22:00+00:00,110.65625,110.6875,110.65625,110.671875,1450.0
2025-06-17 15:23:00+00:00,110.65625,110.65625,110.65625,110.65625,229.0
2025-06-17 15:24:00+00:00,110.671875,110.671875,110.65625,110.65625,165.0
2025-06-17 15:25:00+00:00,110.671875,110.671875,110.65625,110.671875,3333.0
2025-06-17 15:26:00+00:00,110.671875,110.671875,110.65625,110.671875,209.0
2025-06-17 15:30:00+00:00,110.671875,110.6875,110.65625,110.671875,6402.0
2025-06-17 15:31:00+00:00,110.671875,110.671875,110.671875,110.671875,296.0
2025-06-17 15:32:00+00:00,110.671875,110.671875,110.65625,110.671875,318.0
2025-06-17 15:33:00+00:00,110.671875,110.671875,110.671875,110.671875,2.0
2025-06-17 15:34:00+00:00,110.671875,110.671875,110.65625,110.671875,265.0
2025-06-17 15:35:00+00:00,110.671875,110.671875,110.65625,110.671875,154.0
2025-06-17 15:36:00+00:00,110.6875,110.6875,110.671875,110.671875,1600.0
2025-06-17 15:37:00+00:00,110.671875,110.6875,110.671875,110.671875,2319.0
2025-06-17 15:38:00+00:00,110.671875,110.6875,110.65625,110.6875,1333.0
2025-06-17 15:39:00+00:00,110.6875,110.6875,110.671875,110.6875,490.0
2025-06-17 15:40:00+00:00,110.6875,110.6875,110.671875,110.671875,86.0
2025-06-17 15:41:00+00:00,110.671875,110.6875,110.671875,110.6875,744.0
2025-06-17 15:42:00+00:00,110.6875,110.6875,110.671875,110.6875,175.0
2025-06-17 15:43:00+00:00,110.671875,110.6875,110.671875,110.6875,285.0
2025-06-17 15:44:00+00:00,110.6875,110.6875,110.65625,110.6875,2958.0
2025-06-17 15:45:00+00:00,110.671875,110.6875,110.65625,110.6875,500.0
2025-06-17 15:46:00+00:00,110.671875,110.6875,110.671875,110.671875,459.0
2025-06-17 15:49:00+00:00,110.671875,110.6875,110.671875,110.671875,2912.0
2025-06-17 15:50:00+00:00,110.6875,110.6875,110.671875,110.6875,147.0
2025-06-17 15:51:00+00:00,110.671875,110.6875,110.671875,110.6875,394.0
2025-06-17 15:52:00+00:00,110.6875,110.6875,110.671875,110.6875,66.0
2025-06-17 15:53:00+00:00,110.671875,110.6875,110.65625,110.6875,3756.0
2025-06-17 15:54:00+00:00,110.65625,110.671875,110.65625,110.671875,130.0
2025-06-17 15:55:00+00:00,110.671875,110.6875,110.65625,110.671875,1812.0
2025-06-17 15:56:00+00:00,110.6875,110.703125,110.671875,110.6875,4413.0
2025-06-17 15:57:00+00:00,110.6875,110.6875,110.671875,110.6875,198.0
2025-06-17 15:58:00+00:00,110.6875,110.6875,110.671875,110.6875,534.0
2025-06-17 15:59:00+00:00,110.6875,110.703125,110.671875,110.6875,1754.0
2025-06-17 16:00:00+00:00,110.703125,110.703125,110.6875,110.703125,69.0
2025-06-17 16:01:00+00:00,110.6875,110.703125,110.6875,110.703125,488.0
2025-06-17 16:02:00+00:00,110.703125,110.703125,110.6875,110.703125,108.0
2025-06-17 16:03:00+00:00,110.71875,110.71875,110.6875,110.703125,1487.0
2025-06-17 16:04:00+00:00,110.703125,110.71875,110.703125,110.71875,1921.0
2025-06-17 16:05:00+00:00,110.6875,110.6875,110.6875,110.6875,1704.0
2025-06-17 16:06:00+00:00,110.671875,110.703125,110.65625,110.6875,3304.0
2025-06-17 16:07:00+00:00,110.671875,110.6875,110.671875,110.6875,60.0
2025-06-17 16:08:00+00:00,110.6875,110.6875,110.671875,110.671875,30.0
2025-06-17 16:09:00+00:00,110.6875,110.6875,110.671875,110.6875,401.0
2025-06-17 16:10:00+00:00,110.6875,110.6875,110.671875,110.6875,68.0
2025-06-17 16:11:00+00:00,110.703125,110.703125,110.6875,110.6875,2875.0
2025-06-17 16:14:00+00:00,110.71875,110.71875,110.703125,110.703125,4798.0
2025-06-17 16:15:00+00:00,110.71875,110.71875,110.703125,110.71875,9.0
2025-06-17 16:16:00+00:00,110.71875,110.71875,110.703125,110.71875,72.0
2025-06-17 16:17:00+00:00,110.71875,110.71875,110.703125,110.71875,193.0
2025-06-17 16:18:00+00:00,110.71875,110.71875,110.71875,110.71875,142.0
2025-06-17 16:19:00+00:00,110.734375,110.734375,110.703125,110.703125,5539.0
2025-06-17 16:20:00+00:00,110.734375,110.734375,110.71875,110.71875,2540.0
2025-06-17 16:21:00+00:00,110.75,110.75,110.71875,110.734375,1139.0
2025-06-17 16:22:00+00:00,110.734375,110.75,110.734375,110.734375,610.0
2025-06-17 16:23:00+00:00,110.734375,110.75,110.734375,110.75,242.0
2025-06-17 16:24:00+00:00,110.75,110.75,110.734375,110.75,131.0
2025-06-17 16:25:00+00:00,110.734375,110.75,110.734375,110.75,1619.0
2025-06-17 16:26:00+00:00,110.75,110.75,110.734375,110.75,2073.0
2025-06-17 16:27:00+00:00,110.75,110.75,110.734375,110.75,593.0
2025-06-17 16:28:00+00:00,110.734375,110.75,110.734375,110.75,499.0
2025-06-17 16:29:00+00:00,110.75,110.75,110.734375,110.75,191.0
2025-06-17 16:30:00+00:00,110.75,110.75,110.734375,110.734375,6552.0
2025-06-17 16:31:00+00:00,110.75,110.765625,110.75,110.765625,595.0
2025-06-17 16:32:00+00:00,110.734375,110.765625,110.734375,110.765625,978.0
2025-06-17 16:33:00+00:00,110.78125,110.78125,110.734375,110.75,3761.0
2025-06-17 16:34:00+00:00,110.765625,110.78125,110.765625,110.765625,362.0
2025-06-17 16:35:00+00:00,110.78125,110.78125,110.75,110.765625,1665.0
2025-06-17 16:38:00+00:00,110.765625,110.765625,110.75,110.75,7162.0
2025-06-17 16:39:00+00:00,110.765625,110.765625,110.75,110.765625,535.0
2025-06-17 16:40:00+00:00,110.765625,110.765625,110.75,110.765625,2758.0
2025-06-17 16:41:00+00:00,110.765625,110.78125,110.75,110.765625,4171.0
2025-06-17 16:42:00+00:00,110.78125,110.78125,110.765625,110.765625,2124.0
2025-06-17 16:43:00+00:00,110.78125,110.78125,110.765625,110.78125,323.0
2025-06-17 16:44:00+00:00,110.78125,110.78125,110.765625,110.78125,112.0
2025-06-17 16:45:00+00:00,110.765625,110.78125,110.765625,110.78125,245.0
2025-06-17 16:46:00+00:00,110.765625,110.78125,110.765625,110.78125,1511.0
2025-06-17 16:47:00+00:00,110.765625,110.78125,110.75,110.765625,1037.0
2025-06-17 16:48:00+00:00,110.734375,110.765625,110.734375,110.765625,2755.0
2025-06-17 16:49:00+00:00,110.765625,110.765625,110.734375,110.75,2490.0
2025-06-17 16:50:00+00:00,110.78125,110.78125,110.75,110.765625,5768.0
2025-06-17 16:51:00+00:00,110.765625,110.796875,110.765625,110.796875,943.0
2025-06-17 16:52:00+00:00,110.78125,110.78125,110.765625,110.78125,103.0
2025-06-17 16:56:00+00:00,110.78125,110.78125,110.765625,110.78125,9896.0
2025-06-17 16:57:00+00:00,110.765625,110.78125,110.765625,110.78125,2402.0
2025-06-17 16:58:00+00:00,110.765625,110.765625,110.75,110.765625,370.0
2025-06-17 16:59:00+00:00,110.75,110.765625,110.75,110.765625,1248.0
2025-06-17 17:00:00+00:00,110.75,110.765625,110.734375,110.765625,703.0
2025-06-17 17:01:00+00:00,110.75,110.75,110.734375,110.734375,1806.0
2025-06-17 17:02:00+00:00,110.75,110.765625,110.734375,110.75,4562.0
2025-06-17 17:03:00+00:00,110.734375,110.75,110.734375,110.75,2449.0
2025-06-17 17:04:00+00:00,110.734375,110.75,110.734375,110.75,1893.0
2025-06-17 17:05:00+00:00,110.75,110.75,110.734375,110.734375,77.0
2025-06-17 17:06:00+00:00,110.734375,110.75,110.734375,110.75,3103.0
2025-06-17 17:07:00+00:00,110.765625,110.765625,110.75,110.75,606.0
2025-06-17 17:08:00+00:00,110.765625,110.765625,110.75,110.75,61.0
2025-06-17 17:09:00+00:00,110.765625,110.765625,110.75,110.75,1698.0
2025-06-17 17:10:00+00:00,110.75,110.765625,110.734375,110.765625,1914.0
2025-06-17 17:11:00+00:00,110.75,110.75,110.75,110.75,598.0
2025-06-17 17:12:00+00:00,110.765625,110.765625,110.734375,110.75,396.0
2025-06-17 17:13:00+00:00,110.734375,110.765625,110.734375,110.765625,344.0
2025-06-17 17:14:00+00:00,110.75,110.75,110.734375,110.75,513.0
2025-06-17 17:17:00+00:00,110.78125,110.796875,110.765625,110.765625,5824.0
2025-06-17 17:18:00+00:00,110.765625,110.78125,110.75,110.78125,2492.0
2025-06-17 17:19:00+00:00,110.765625,110.78125,110.765625,110.765625,776.0
2025-06-17 17:20:00+00:00,110.765625,110.78125,110.765625,110.765625,2447.0
2025-06-17 17:21:00+00:00,110.75,110.78125,110.75,110.765625,655.0
2025-06-17 17:22:00+00:00,110.75,110.75,110.734375,110.734375,62.0
2025-06-17 17:23:00+00:00,110.75,110.75,110.75,110.75,2427.0
2025-06-17 17:24:00+00:00,110.75,110.765625,110.75,110.75,1972.0
2025-06-17 17:25:00+00:00,110.75,110.75,110.75,110.75,1014.0
2025-06-17 17:26:00+00:00,110.75,110.75,110.734375,110.734375,128.0
2025-06-17 17:27:00+00:00,110.75,110.75,110.734375,110.734375,164.0
2025-06-17 17:28:00+00:00,110.765625,110.765625,110.734375,110.75,431.0
2025-06-17 17:29:00+00:00,110.765625,110.765625,110.75,110.75,1083.0
2025-06-17 17:32:00+00:00,110.78125,110.78125,110.78125,110.78125,8381.0
2025-06-17 17:33:00+00:00,110.765625,110.765625,110.765625,110.765625,6.0
2025-06-17 17:34:00+00:00,110.78125,110.796875,110.78125,110.78125,474.0
2025-06-17 17:35:00+00:00,110.765625,110.78125,110.765625,110.78125,903.0
2025-06-17 17:36:00+00:00,110.78125,110.78125,110.765625,110.78125,659.0
2025-06-17 17:37:00+00:00,110.796875,110.796875,110.765625,110.765625,1064.0
2025-06-17 17:38:00+00:00,110.796875,110.8125,110.78125,110.796875,5656.0
2025-06-17 17:39:00+00:00,110.8125,110.828125,110.796875,110.8125,6026.0
2025-06-17 17:40:00+00:00,110.8125,110.828125,110.796875,110.8125,1493.0
2025-06-17 17:41:00+00:00,110.8125,110.8125,110.78125,110.8125,2548.0
2025-06-17 17:42:00+00:00,110.8125,110.828125,110.796875,110.8125,2121.0
2025-06-17 17:43:00+00:00,110.828125,110.828125,110.8125,110.828125,2238.0
2025-06-17 17:44:00+00:00,110.84375,110.84375,110.828125,110.828125,660.0
2025-06-17 17:45:00+00:00,110.84375,110.84375,110.828125,110.84375,134.0
2025-06-17 17:46:00+00:00,110.828125,110.84375,110.8125,110.84375,3357.0
2025-06-17 17:47:00+00:00,110.84375,110.84375,110.828125,110.84375,1483.0
2025-06-17 17:48:00+00:00,110.84375,110.859375,110.84375,110.84375,2745.0
2025-06-17 17:49:00+00:00,110.859375,110.859375,110.828125,110.84375,3693.0
2025-06-17 17:50:00+00:00,110.859375,110.890625,110.84375,110.859375,5191.0
2025-06-17 17:51:00+00:00,110.875,110.875,110.859375,110.875,2876.0
2025-06-17 17:52:00+00:00,110.875,110.890625,110.859375,110.875,2719.0
2025-06-17 17:53:00+00:00,110.875,110.875,110.859375,110.875,478.0
2025-06-17 17:54:00+00:00,110.875,110.890625,110.859375,110.875,2456.0
2025-06-17 17:55:00+00:00,110.875,110.875,110.859375,110.875,647.0
2025-06-17 17:58:00+00:00,110.875,110.875,110.859375,110.875,7583.0
2025-06-17 17:59:00+00:00,110.859375,110.875,110.859375,110.875,335.0
2025-06-17 18:00:00+00:00,110.875,110.875,110.859375,110.875,1664.0
2025-06-17 18:01:00+00:00,110.875,110.890625,110.859375,110.875,5780.0
2025-06-17 18:02:00+00:00,110.859375,110.875,110.859375,110.875,1522.0
2025-06-17 18:03:00+00:00,110.859375,110.875,110.859375,110.875,1216.0
2025-06-17 18:04:00+00:00,110.859375,110.875,110.84375,110.859375,6912.0
2025-06-17 18:05:00+00:00,110.828125,110.84375,110.828125,110.84375,721.0
2025-06-17 18:06:00+00:00,110.84375,110.84375,110.828125,110.84375,249.0
2025-06-17 18:07:00+00:00,110.828125,110.84375,110.8125,110.84375,9073.0
2025-06-17 18:08:00+00:00,110.84375,110.84375,110.828125,110.828125,3601.0
2025-06-17 18:09:00+00:00,110.859375,110.859375,110.828125,110.84375,1434.0
2025-06-17 18:10:00+00:00,110.875,110.875,110.84375,110.859375,5155.0
2025-06-17 18:11:00+00:00,110.84375,110.875,110.84375,110.859375,940.0
2025-06-17 18:12:00+00:00,110.84375,110.84375,110.828125,110.84375,1733.0
2025-06-17 18:13:00+00:00,110.828125,110.84375,110.828125,110.84375,263.0
2025-06-17 18:14:00+00:00,110.84375,110.84375,110.828125,110.84375,576.0
2025-06-17 18:15:00+00:00,110.84375,110.859375,110.828125,110.84375,1835.0
2025-06-17 18:16:00+00:00,110.875,110.875,110.84375,110.84375,2489.0
2025-06-17 18:17:00+00:00,110.859375,110.875,110.859375,110.859375,2346.0
2025-06-17 18:18:00+00:00,110.859375,110.875,110.859375,110.875,237.0
2025-06-17 18:19:00+00:00,110.875,110.875,110.875,110.875,1559.0
2025-06-17 18:20:00+00:00,110.875,110.890625,110.859375,110.859375,1349.0
2025-06-17 18:21:00+00:00,110.875,110.890625,110.859375,110.875,2871.0
2025-06-17 18:22:00+00:00,110.859375,110.875,110.859375,110.875,2215.0
2025-06-17 18:23:00+00:00,110.875,110.875,110.875,110.875,9.0
2025-06-17 18:24:00+00:00,110.875,110.890625,110.875,110.875,3016.0
2025-06-17 18:25:00+00:00,110.875,110.890625,110.875,110.890625,1859.0
2025-06-17 18:26:00+00:00,110.890625,110.890625,110.859375,110.890625,1566.0
2025-06-17 18:27:00+00:00,110.890625,110.890625,110.875,110.875,794.0
2025-06-17 18:28:00+00:00,110.90625,110.90625,110.875,110.890625,2446.0
2025-06-17 18:29:00+00:00,110.90625,110.90625,110.890625,110.90625,540.0
2025-06-17 18:30:00+00:00,110.90625,110.90625,110.890625,110.90625,125.0
2025-06-17 18:31:00+00:00,110.890625,110.90625,110.890625,110.90625,1111.0
2025-06-17 18:33:00+00:00,110.875,110.875,110.875,110.875,2346.0
2025-06-17 18:34:00+00:00,110.859375,110.875,110.859375,110.875,73.0
2025-06-17 18:35:00+00:00,110.859375,110.875,110.859375,110.859375,3194.0
2025-06-17 18:36:00+00:00,110.875,110.875,110.859375,110.875,4109.0
2025-06-17 18:37:00+00:00,110.875,110.875,110.859375,110.859375,306.0
2025-06-17 18:38:00+00:00,110.859375,110.875,110.859375,110.875,525.0
2025-06-17 18:39:00+00:00,110.875,110.875,110.859375,110.859375,749.0
2025-06-17 18:40:00+00:00,110.84375,110.859375,110.84375,110.859375,3799.0
2025-06-17 18:41:00+00:00,110.875,110.875,110.859375,110.859375,3694.0
2025-06-17 18:42:00+00:00,110.859375,110.875,110.859375,110.875,2166.0
2025-06-17 18:43:00+00:00,110.828125,110.859375,110.828125,110.859375,1491.0
2025-06-17 18:44:00+00:00,110.828125,110.84375,110.828125,110.828125,2779.0
2025-06-17 18:45:00+00:00,110.84375,110.84375,110.828125,110.84375,58.0
2025-06-17 18:46:00+00:00,110.8125,110.84375,110.8125,110.84375,3248.0
2025-06-17 18:47:00+00:00,110.828125,110.828125,110.8125,110.828125,2044.0
2025-06-17 18:48:00+00:00,110.828125,110.828125,110.828125,110.828125,1888.0
2025-06-17 18:49:00+00:00,110.828125,110.828125,110.828125,110.828125,330.0
2025-06-17 18:50:00+00:00,110.828125,110.84375,110.8125,110.8125,2436.0
2025-06-17 18:51:00+00:00,110.84375,110.84375,110.8125,110.8125,625.0
2025-06-17 18:52:00+00:00,110.84375,110.859375,110.828125,110.828125,2078.0
2025-06-17 18:53:00+00:00,110.828125,110.84375,110.828125,110.84375,2258.0
2025-06-17 18:55:00+00:00,110.859375,110.859375,110.859375,110.859375,3287.0
2025-06-17 18:56:00+00:00,110.859375,110.875,110.84375,110.859375,5402.0
2025-06-17 18:57:00+00:00,110.84375,110.875,110.84375,110.859375,2753.0
2025-06-17 18:58:00+00:00,110.859375,110.859375,110.84375,110.84375,956.0
2025-06-17 18:59:00+00:00,110.84375,110.859375,110.84375,110.859375,20559.0
2025-06-17 19:00:00+00:00,110.859375,110.875,110.84375,110.84375,6168.0
2025-06-17 19:01:00+00:00,110.875,110.875,110.84375,110.875,2830.0
2025-06-17 19:02:00+00:00,110.859375,110.875,110.859375,110.875,583.0
2025-06-17 19:03:00+00:00,110.875,110.875,110.859375,110.875,206.0
2025-06-17 19:04:00+00:00,110.875,110.875,110.859375,110.875,1168.0
2025-06-17 19:05:00+00:00,110.875,110.875,110.859375,110.875,452.0
2025-06-17 19:06:00+00:00,110.859375,110.875,110.84375,110.875,4287.0
2025-06-17 19:07:00+00:00,110.875,110.875,110.859375,110.859375,3055.0
2025-06-17 19:08:00+00:00,110.875,110.875,110.859375,110.875,204.0
2025-06-17 19:09:00+00:00,110.875,110.875,110.859375,110.875,90.0
2025-06-17 19:10:00+00:00,110.875,110.875,110.859375,110.875,134.0
2025-06-17 19:11:00+00:00,110.84375,110.875,110.84375,110.875,2330.0
2025-06-17 19:12:00+00:00,110.859375,110.859375,110.84375,110.84375,1000.0
2025-06-17 19:13:00+00:00,110.84375,110.859375,110.84375,110.859375,268.0
2025-06-17 19:14:00+00:00,110.859375,110.859375,110.84375,110.859375,439.0
2025-06-17 19:15:00+00:00,110.84375,110.859375,110.84375,110.859375,215.0
2025-06-17 19:16:00+00:00,110.859375,110.859375,110.84375,110.84375,118.0
2025-06-17 19:17:00+00:00,110.84375,110.859375,110.84375,110.859375,3095.0
2025-06-17 19:18:00+00:00,110.84375,110.859375,110.828125,110.84375,1247.0
2025-06-17 19:19:00+00:00,110.84375,110.859375,110.84375,110.859375,143.0
2025-06-17 19:20:00+00:00,110.84375,110.859375,110.84375,110.859375,94.0
2025-06-17 19:21:00+00:00,110.859375,110.859375,110.84375,110.84375,73.0
2025-06-17 19:24:00+00:00,110.859375,110.859375,110.859375,110.859375,3086.0
2025-06-17 19:25:00+00:00,110.859375,110.859375,110.84375,110.859375,77.0
2025-06-17 19:26:00+00:00,110.859375,110.875,110.859375,110.859375,811.0
2025-06-17 19:27:00+00:00,110.875,110.890625,110.859375,110.859375,3540.0
2025-06-17 19:28:00+00:00,110.890625,110.890625,110.859375,110.875,663.0
2025-06-17 19:29:00+00:00,110.890625,110.890625,110.875,110.875,752.0
2025-06-17 19:30:00+00:00,110.875,110.890625,110.875,110.890625,992.0
2025-06-17 19:31:00+00:00,110.875,110.890625,110.875,110.890625,1005.0
2025-06-17 19:32:00+00:00,110.875,110.890625,110.859375,110.875,1487.0
2025-06-17 19:33:00+00:00,110.875,110.875,110.859375,110.875,591.0
2025-06-17 19:34:00+00:00,110.875,110.875,110.859375,110.875,120.0
2025-06-17 19:35:00+00:00,110.859375,110.875,110.859375,110.875,2519.0
2025-06-17 19:36:00+00:00,110.875,110.875,110.859375,110.859375,31.0
2025-06-17 19:37:00+00:00,110.875,110.875,110.859375,110.859375,108.0
2025-06-17 19:38:00+00:00,110.875,110.875,110.859375,110.859375,530.0
2025-06-17 19:39:00+00:00,110.84375,110.875,110.84375,110.875,1311.0
2025-06-17 19:40:00+00:00,110.859375,110.859375,110.84375,110.859375,2147.0
2025-06-17 19:41:00+00:00,110.859375,110.859375,110.84375,110.859375,3240.0
2025-06-17 19:42:00+00:00,110.84375,110.859375,110.84375,110.859375,2864.0
2025-06-17 19:43:00+00:00,110.859375,110.859375,110.84375,110.859375,355.0
2025-06-17 19:44:00+00:00,110.84375,110.859375,110.84375,110.859375,678.0
2025-06-17 19:45:00+00:00,110.859375,110.859375,110.84375,110.84375,1512.0
2025-06-17 19:46:00+00:00,110.84375,110.875,110.84375,110.859375,1783.0
2025-06-17 19:48:00+00:00,110.875,110.875,110.875,110.875,2008.0
2025-06-17 19:49:00+00:00,110.859375,110.875,110.859375,110.859375,409.0
2025-06-17 19:50:00+00:00,110.875,110.875,110.84375,110.859375,3214.0
2025-06-17 19:51:00+00:00,110.875,110.875,110.859375,110.859375,47.0
2025-06-17 19:52:00+00:00,110.875,110.875,110.859375,110.859375,242.0
2025-06-17 19:53:00+00:00,110.84375,110.859375,110.84375,110.859375,1566.0
2025-06-17 19:54:00+00:00,110.84375,110.859375,110.828125,110.84375,3039.0
2025-06-17 19:55:00+00:00,110.84375,110.859375,110.828125,110.859375,3502.0
2025-06-17 19:56:00+00:00,110.859375,110.859375,110.84375,110.84375,1139.0
2025-06-17 19:57:00+00:00,110.859375,110.875,110.84375,110.84375,1405.0
2025-06-17 19:58:00+00:00,110.859375,110.875,110.859375,110.875,1401.0
2025-06-17 19:59:00+00:00,110.859375,110.875,110.859375,110.859375,8033.0
2025-06-17 20:00:00+00:00,110.875,110.875,110.84375,110.859375,4837.0
2025-06-17 20:01:00+00:00,110.875,110.875,110.84375,110.875,2697.0
2025-06-17 20:02:00+00:00,110.875,110.875,110.859375,110.875,428.0
2025-06-17 20:03:00+00:00,110.875,110.875,110.84375,110.875,1261.0
2025-06-17 20:04:00+00:00,110.875,110.875,110.859375,110.875,453.0
2025-06-17 20:05:00+00:00,110.859375,110.875,110.859375,110.859375,234.0
2025-06-17 20:06:00+00:00,110.859375,110.875,110.859375,110.875,728.0
2025-06-17 20:07:00+00:00,110.875,110.875,110.859375,110.859375,336.0
2025-06-17 20:08:00+00:00,110.859375,110.875,110.859375,110.859375,554.0
2025-06-17 20:09:00+00:00,110.859375,110.875,110.859375,110.859375,1429.0
2025-06-17 20:10:00+00:00,110.875,110.875,110.859375,110.875,71.0
2025-06-17 20:11:00+00:00,110.875,110.875,110.859375,110.875,2456.0
2025-06-17 20:12:00+00:00,110.890625,110.890625,110.859375,110.859375,2809.0
2025-06-17 20:13:00+00:00,110.90625,110.90625,110.890625,110.890625,1055.0
2025-06-17 20:14:00+00:00,110.890625,110.90625,110.890625,110.90625,564.0
2025-06-17 20:15:00+00:00,110.90625,110.90625,110.890625,110.890625,570.0
2025-06-17 20:16:00+00:00,110.890625,110.90625,110.875,110.90625,2535.0
2025-06-17 20:17:00+00:00,110.875,110.890625,110.875,110.890625,2307.0
2025-06-17 20:18:00+00:00,110.875,110.875,110.859375,110.875,1307.0
2025-06-17 20:19:00+00:00,110.859375,110.875,110.859375,110.859375,2127.0
2025-06-17 20:20:00+00:00,110.859375,110.859375,110.84375,110.84375,730.0
2025-06-17 20:21:00+00:00,110.890625,110.890625,110.875,110.875,360.0
2025-06-17 20:22:00+00:00,110.875,110.890625,110.875,110.890625,483.0
2025-06-17 20:23:00+00:00,110.875,110.875,110.859375,110.875,502.0
2025-06-17 20:25:00+00:00,110.875,110.875,110.875,110.875,1369.0
2025-06-17 20:26:00+00:00,110.859375,110.875,110.859375,110.875,103.0
2025-06-17 20:27:00+00:00,110.84375,110.875,110.84375,110.859375,1334.0
2025-06-17 20:28:00+00:00,110.859375,110.859375,110.84375,110.859375,1242.0
2025-06-17 20:29:00+00:00,110.859375,110.875,110.859375,110.859375,721.0
2025-06-17 20:30:00+00:00,110.859375,110.875,110.84375,110.859375,932.0
2025-06-17 20:31:00+00:00,110.859375,110.875,110.859375,110.859375,648.0
2025-06-17 20:32:00+00:00,110.859375,110.859375,110.84375,110.859375,2834.0
2025-06-17 20:33:00+00:00,110.859375,110.859375,110.859375,110.859375,17.0
2025-06-17 20:34:00+00:00,110.859375,110.859375,110.859375,110.859375,7.0
2025-06-17 20:35:00+00:00,110.875,110.890625,110.859375,110.859375,3588.0
2025-06-17 20:36:00+00:00,110.875,110.890625,110.875,110.875,431.0
2025-06-17 20:37:00+00:00,110.875,110.875,110.875,110.875,696.0
2025-06-17 20:38:00+00:00,110.875,110.890625,110.875,110.875,1449.0
2025-06-17 20:39:00+00:00,110.875,110.875,110.875,110.875,840.0
2025-06-17 20:40:00+00:00,110.875,110.875,110.875,110.875,985.0
2025-06-17 20:41:00+00:00,110.875,110.875,110.875,110.875,8.0
2025-06-17 20:42:00+00:00,110.890625,110.890625,110.890625,110.890625,2182.0
2025-06-17 20:43:00+00:00,110.890625,110.90625,110.890625,110.890625,742.0
2025-06-17 20:44:00+00:00,110.875,110.875,110.875,110.875,1493.0
2025-06-17 20:45:00+00:00,110.859375,110.875,110.859375,110.859375,997.0
2025-06-17 20:46:00+00:00,110.84375,110.859375,110.84375,110.84375,966.0
2025-06-17 20:47:00+00:00,110.84375,110.84375,110.84375,110.84375,1107.0
2025-06-17 20:48:00+00:00,110.859375,110.859375,110.859375,110.859375,33.0
2025-06-17 20:49:00+00:00,110.84375,110.84375,110.84375,110.84375,592.0
2025-06-17 20:50:00+00:00,110.859375,110.859375,110.84375,110.84375,2616.0
2025-06-17 20:51:00+00:00,110.859375,110.859375,110.84375,110.84375,113.0
2025-06-17 20:52:00+00:00,110.84375,110.84375,110.828125,110.84375,590.0
2025-06-17 20:53:00+00:00,110.828125,110.828125,110.828125,110.828125,213.0
2025-06-17 20:54:00+00:00,110.828125,110.84375,110.828125,110.828125,114.0
2025-06-17 20:55:00+00:00,110.84375,110.84375,110.828125,110.84375,397.0
2025-06-17 20:56:00+00:00,110.84375,110.84375,110.828125,110.828125,1267.0
2025-06-17 20:57:00+00:00,110.84375,110.84375,110.828125,110.84375,152.0
2025-06-17 20:58:00+00:00,110.828125,110.84375,110.828125,110.84375,2151.0
2025-06-17 20:59:00+00:00,110.828125,110.84375,110.8125,110.84375,0.0
2025-06-17 22:00:00+00:00,110.859375,110.875,110.84375,110.875,613.0
2025-06-17 22:01:00+00:00,110.875,110.875,110.84375,110.84375,116.0
2025-06-17 22:02:00+00:00,110.859375,110.875,110.84375,110.875,23.0
2025-06-17 22:03:00+00:00,110.84375,110.84375,110.84375,110.84375,2.0
2025-06-17 22:04:00+00:00,110.875,110.890625,110.859375,110.859375,199.0
2025-06-17 22:05:00+00:00,110.875,110.875,110.875,110.875,205.0
2025-06-17 22:06:00+00:00,110.875,110.890625,110.875,110.875,135.0
2025-06-17 22:07:00+00:00,110.875,110.875,110.875,110.875,203.0
2025-06-17 22:08:00+00:00,110.875,110.875,110.875,110.875,105.0
2025-06-17 22:10:00+00:00,110.875,110.875,110.875,110.875,208.0
2025-06-17 22:11:00+00:00,110.875,110.875,110.875,110.875,271.0
2025-06-17 22:12:00+00:00,110.875,110.875,110.875,110.875,10.0
2025-06-17 22:13:00+00:00,110.875,110.875,110.875,110.875,243.0
2025-06-17 22:14:00+00:00,110.859375,110.875,110.859375,110.875,106.0
2025-06-17 22:16:00+00:00,110.875,110.875,110.875,110.875,4.0
2025-06-17 22:17:00+00:00,110.859375,110.859375,110.859375,110.859375,0.0
2025-06-17 22:18:00+00:00,110.859375,110.859375,110.859375,110.859375,2850.0
2025-06-17 22:23:00+00:00,110.859375,110.859375,110.859375,110.859375,3.0
2025-06-17 22:27:00+00:00,110.875,110.875,110.875,110.875,112.0
2025-06-17 22:32:00+00:00,110.84375,110.84375,110.84375,110.84375,431.0
2025-06-17 22:35:00+00:00,110.84375,110.84375,110.84375,110.84375,397.0
2025-06-17 22:37:00+00:00,110.828125,110.828125,110.828125,110.828125,340.0
2025-06-17 22:38:00+00:00,110.828125,110.828125,110.828125,110.828125,1.0
2025-06-17 22:47:00+00:00,110.84375,110.84375,110.84375,110.84375,613.0
2025-06-17 22:49:00+00:00,110.828125,110.828125,110.828125,110.828125,142.0
2025-06-17 22:54:00+00:00,110.84375,110.84375,110.84375,110.84375,294.0
2025-06-17 22:56:00+00:00,110.84375,110.84375,110.84375,110.84375,9.0
2025-06-17 22:58:00+00:00,110.828125,110.828125,110.828125,110.828125,264.0
2025-06-17 23:01:00+00:00,110.84375,110.84375,110.84375,110.84375,6.0
2025-06-17 23:02:00+00:00,110.84375,110.84375,110.84375,110.84375,624.0
2025-06-17 23:04:00+00:00,110.859375,110.859375,110.859375,110.859375,34.0
2025-06-17 23:08:00+00:00,110.84375,110.84375,110.84375,110.84375,35.0
2025-06-17 23:11:00+00:00,110.84375,110.84375,110.84375,110.84375,1.0
2025-06-17 23:12:00+00:00,110.859375,110.859375,110.859375,110.859375,677.0
2025-06-17 23:14:00+00:00,110.859375,110.859375,110.859375,110.859375,25.0
2025-06-17 23:15:00+00:00,110.84375,110.84375,110.84375,110.84375,15.0
2025-06-17 23:22:00+00:00,110.859375,110.859375,110.859375,110.859375,78.0
2025-06-17 23:26:00+00:00,110.84375,110.859375,110.84375,110.859375,10.0
2025-06-17 23:28:00+00:00,110.84375,110.859375,110.84375,110.859375,129.0
2025-06-17 23:30:00+00:00,110.84375,110.84375,110.828125,110.84375,2147.0
2025-06-17 23:36:00+00:00,110.84375,110.84375,110.828125,110.828125,987.0
2025-06-17 23:37:00+00:00,110.84375,110.84375,110.84375,110.84375,301.0
2025-06-17 23:39:00+00:00,110.828125,110.84375,110.828125,110.84375,136.0
2025-06-17 23:40:00+00:00,110.8125,110.828125,110.8125,110.828125,736.0
2025-06-17 23:41:00+00:00,110.828125,110.828125,110.8125,110.8125,57.0
2025-06-17 23:43:00+00:00,110.796875,110.8125,110.796875,110.8125,758.0
2025-06-17 23:44:00+00:00,110.796875,110.796875,110.796875,110.796875,793.0
2025-06-17 23:45:00+00:00,110.796875,110.796875,110.796875,110.796875,20.0
2025-06-17 23:46:00+00:00,110.8125,110.8125,110.8125,110.8125,3.0
2025-06-17 23:47:00+00:00,110.796875,110.796875,110.796875,110.796875,3.0
2025-06-17 23:48:00+00:00,110.796875,110.796875,110.796875,110.796875,1.0
2025-06-17 23:50:00+00:00,110.8125,110.8125,110.8125,110.8125,111.0
2025-06-17 23:51:00+00:00,110.828125,110.828125,110.828125,110.828125,7572.0
2025-06-17 23:52:00+00:00,110.8125,110.8125,110.8125,110.8125,292.0
2025-06-17 23:53:00+00:00,110.8125,110.8125,110.8125,110.8125,281.0
2025-06-17 23:54:00+00:00,110.8125,110.8125,110.8125,110.8125,1.0
2025-06-17 23:55:00+00:00,110.8125,110.8125,110.8125,110.8125,358.0
2025-06-17 23:56:00+00:00,110.828125,110.828125,110.828125,110.828125,499.0
2025-06-17 23:57:00+00:00,110.828125,110.828125,110.828125,110.828125,227.0
2025-06-17 23:58:00+00:00,110.828125,110.828125,110.828125,110.828125,125.0
2025-06-17 23:59:00+00:00,110.8125,110.8125,110.8125,110.8125,113.0
2025-06-18 00:00:00+00:00,110.796875,110.8125,110.796875,110.796875,329.0
2025-06-18 00:01:00+00:00,110.796875,110.796875,110.796875,110.796875,29.0
2025-06-18 00:02:00+00:00,110.796875,110.8125,110.796875,110.8125,686.0
2025-06-18 00:03:00+00:00,110.796875,110.796875,110.796875,110.796875,144.0
2025-06-18 00:04:00+00:00,110.796875,110.796875,110.796875,110.796875,2.0
2025-06-18 00:05:00+00:00,110.796875,110.796875,110.796875,110.796875,301.0
2025-06-18 00:06:00+00:00,110.859375,110.875,110.859375,110.859375,7667.0
2025-06-18 00:07:00+00:00,110.890625,110.9375,110.859375,110.859375,5374.0
2025-06-18 00:08:00+00:00,110.84375,110.890625,110.765625,110.890625,9036.0
2025-06-18 00:09:00+00:00,110.8125,110.828125,110.8125,110.828125,1684.0
2025-06-18 00:10:00+00:00,110.859375,110.859375,110.8125,110.8125,1687.0
2025-06-18 00:11:00+00:00,110.84375,110.859375,110.84375,110.859375,502.0
2025-06-18 00:12:00+00:00,110.828125,110.84375,110.828125,110.84375,63.0
2025-06-18 00:13:00+00:00,110.84375,110.84375,110.84375,110.84375,145.0
2025-06-18 00:14:00+00:00,110.8125,110.84375,110.8125,110.84375,1272.0
2025-06-18 00:15:00+00:00,110.828125,110.828125,110.828125,110.828125,1333.0
2025-06-18 00:16:00+00:00,110.8125,110.828125,110.8125,110.828125,120.0
2025-06-18 00:17:00+00:00,110.8125,110.828125,110.8125,110.828125,358.0
2025-06-18 00:18:00+00:00,110.8125,110.8125,110.796875,110.8125,377.0
2025-06-18 00:19:00+00:00,110.8125,110.8125,110.796875,110.796875,419.0
2025-06-18 00:20:00+00:00,110.8125,110.8125,110.8125,110.8125,58.0
2025-06-18 00:21:00+00:00,110.796875,110.828125,110.796875,110.8125,775.0
2025-06-18 00:22:00+00:00,110.796875,110.8125,110.796875,110.796875,490.0
2025-06-18 00:23:00+00:00,110.8125,110.8125,110.796875,110.796875,147.0
2025-06-18 00:24:00+00:00,110.8125,110.8125,110.8125,110.8125,37.0
2025-06-18 00:25:00+00:00,110.78125,110.8125,110.78125,110.8125,292.0
2025-06-18 00:26:00+00:00,110.78125,110.78125,110.765625,110.78125,490.0
2025-06-18 00:27:00+00:00,110.78125,110.78125,110.78125,110.78125,383.0
2025-06-18 00:28:00+00:00,110.78125,110.78125,110.78125,110.78125,286.0
2025-06-18 00:29:00+00:00,110.78125,110.796875,110.78125,110.78125,745.0
2025-06-18 00:30:00+00:00,110.8125,110.8125,110.796875,110.796875,158.0
2025-06-18 00:31:00+00:00,110.8125,110.828125,110.8125,110.8125,324.0
2025-06-18 00:32:00+00:00,110.8125,110.8125,110.8125,110.8125,76.0
2025-06-18 00:33:00+00:00,110.828125,110.828125,110.796875,110.8125,86.0
2025-06-18 00:34:00+00:00,110.8125,110.8125,110.8125,110.8125,106.0
2025-06-18 00:35:00+00:00,110.8125,110.8125,110.8125,110.8125,10.0
2025-06-18 00:36:00+00:00,110.78125,110.8125,110.78125,110.8125,1070.0
2025-06-18 00:38:00+00:00,110.78125,110.78125,110.78125,110.78125,2.0
2025-06-18 00:40:00+00:00,110.796875,110.796875,110.796875,110.796875,335.0
2025-06-18 00:41:00+00:00,110.78125,110.796875,110.765625,110.796875,320.0
2025-06-18 00:42:00+00:00,110.78125,110.796875,110.78125,110.78125,564.0
2025-06-18 00:43:00+00:00,110.78125,110.78125,110.75,110.78125,562.0
2025-06-18 00:44:00+00:00,110.78125,110.78125,110.78125,110.78125,130.0
2025-06-18 00:45:00+00:00,110.78125,110.78125,110.765625,110.765625,276.0
2025-06-18 00:46:00+00:00,110.78125,110.796875,110.78125,110.796875,312.0
2025-06-18 00:47:00+00:00,110.78125,110.78125,110.78125,110.78125,512.0
2025-06-18 00:48:00+00:00,110.765625,110.78125,110.765625,110.78125,44.0
2025-06-18 00:49:00+00:00,110.78125,110.78125,110.78125,110.78125,33.0
2025-06-18 00:51:00+00:00,110.78125,110.78125,110.78125,110.78125,316.0
2025-06-18 00:52:00+00:00,110.78125,110.78125,110.78125,110.78125,104.0
2025-06-18 00:53:00+00:00,110.78125,110.78125,110.78125,110.78125,380.0
2025-06-18 00:54:00+00:00,110.765625,110.78125,110.765625,110.78125,1213.0
2025-06-18 00:55:00+00:00,110.765625,110.765625,110.765625,110.765625,30.0
2025-06-18 00:56:00+00:00,110.765625,110.765625,110.765625,110.765625,338.0
2025-06-18 00:57:00+00:00,110.765625,110.765625,110.75,110.765625,30.0
2025-06-18 00:58:00+00:00,110.75,110.75,110.75,110.75,80.0
2025-06-18 00:59:00+00:00,110.765625,110.765625,110.765625,110.765625,602.0
2025-06-18 01:00:00+00:00,110.765625,110.78125,110.765625,110.765625,361.0
2025-06-18 01:01:00+00:00,110.78125,110.78125,110.765625,110.78125,79.0
2025-06-18 01:02:00+00:00,110.78125,110.78125,110.765625,110.78125,64.0
2025-06-18 01:03:00+00:00,110.78125,110.796875,110.78125,110.78125,419.0
2025-06-18 01:04:00+00:00,110.78125,110.78125,110.78125,110.78125,13.0
2025-06-18 01:05:00+00:00,110.78125,110.78125,110.78125,110.78125,101.0
2025-06-18 01:06:00+00:00,110.78125,110.78125,110.78125,110.78125,73.0
2025-06-18 01:07:00+00:00,110.78125,110.78125,110.78125,110.78125,558.0
2025-06-18 01:08:00+00:00,110.78125,110.78125,110.765625,110.78125,154.0
2025-06-18 01:09:00+00:00,110.78125,110.78125,110.78125,110.78125,1.0
2025-06-18 01:10:00+00:00,110.765625,110.765625,110.765625,110.765625,410.0
2025-06-18 01:11:00+00:00,110.765625,110.765625,110.765625,110.765625,85.0
2025-06-18 01:12:00+00:00,110.765625,110.765625,110.765625,110.765625,244.0
2025-06-18 01:13:00+00:00,110.75,110.765625,110.75,110.765625,228.0
2025-06-18 01:14:00+00:00,110.75,110.75,110.75,110.75,21.0
2025-06-18 01:16:00+00:00,110.765625,110.765625,110.765625,110.765625,4.0
2025-06-18 01:17:00+00:00,110.75,110.75,110.75,110.75,11.0
2025-06-18 01:18:00+00:00,110.75,110.75,110.734375,110.75,1023.0
2025-06-18 01:19:00+00:00,110.75,110.75,110.734375,110.75,426.0
2025-06-18 01:20:00+00:00,110.75,110.75,110.75,110.75,92.0
2025-06-18 01:21:00+00:00,110.765625,110.765625,110.765625,110.765625,3.0
2025-06-18 01:22:00+00:00,110.765625,110.765625,110.765625,110.765625,1.0
2025-06-18 01:23:00+00:00,110.765625,110.765625,110.75,110.75,101.0
2025-06-18 01:24:00+00:00,110.75,110.75,110.75,110.75,100.0
2025-06-18 01:25:00+00:00,110.765625,110.765625,110.765625,110.765625,100.0
2025-06-18 01:26:00+00:00,110.765625,110.765625,110.765625,110.765625,107.0
2025-06-18 01:27:00+00:00,110.78125,110.78125,110.78125,110.78125,10.0
2025-06-18 01:29:00+00:00,110.765625,110.765625,110.765625,110.765625,9.0
2025-06-18 01:31:00+00:00,110.765625,110.78125,110.765625,110.78125,3.0
2025-06-18 01:32:00+00:00,110.765625,110.765625,110.765625,110.765625,2.0
2025-06-18 01:33:00+00:00,110.78125,110.78125,110.78125,110.78125,1106.0
2025-06-18 01:34:00+00:00,110.78125,110.78125,110.78125,110.78125,393.0
2025-06-18 01:35:00+00:00,110.828125,110.828125,110.78125,110.78125,3314.0
2025-06-18 01:36:00+00:00,110.828125,110.828125,110.8125,110.828125,922.0
2025-06-18 01:37:00+00:00,110.828125,110.828125,110.8125,110.828125,305.0
2025-06-18 01:38:00+00:00,110.828125,110.828125,110.828125,110.828125,373.0
2025-06-18 01:39:00+00:00,110.828125,110.828125,110.828125,110.828125,32.0
2025-06-18 01:41:00+00:00,110.796875,110.8125,110.796875,110.8125,1147.0
2025-06-18 01:42:00+00:00,110.796875,110.796875,110.796875,110.796875,1176.0
2025-06-18 01:44:00+00:00,110.796875,110.796875,110.796875,110.796875,98.0
2025-06-18 01:45:00+00:00,110.796875,110.796875,110.796875,110.796875,594.0
2025-06-18 01:46:00+00:00,110.796875,110.796875,110.796875,110.796875,647.0
2025-06-18 01:47:00+00:00,110.8125,110.8125,110.796875,110.796875,372.0
2025-06-18 01:51:00+00:00,110.796875,110.796875,110.796875,110.796875,135.0
2025-06-18 01:54:00+00:00,110.796875,110.796875,110.78125,110.796875,826.0
2025-06-18 01:55:00+00:00,110.796875,110.796875,110.796875,110.796875,175.0
2025-06-18 01:56:00+00:00,110.796875,110.796875,110.796875,110.796875,23.0
2025-06-18 02:01:00+00:00,110.796875,110.796875,110.796875,110.796875,80.0
2025-06-18 02:02:00+00:00,110.796875,110.796875,110.796875,110.796875,176.0
2025-06-18 02:05:00+00:00,110.8125,110.8125,110.796875,110.796875,316.0
2025-06-18 02:06:00+00:00,110.796875,110.796875,110.796875,110.796875,95.0
2025-06-18 02:08:00+00:00,110.796875,110.796875,110.796875,110.796875,50.0
2025-06-18 02:09:00+00:00,110.796875,110.796875,110.796875,110.796875,178.0
2025-06-18 02:10:00+00:00,110.796875,110.796875,110.796875,110.796875,161.0
2025-06-18 02:11:00+00:00,110.796875,110.796875,110.796875,110.796875,421.0
2025-06-18 02:12:00+00:00,110.796875,110.796875,110.796875,110.796875,7.0
2025-06-18 02:13:00+00:00,110.796875,110.796875,110.796875,110.796875,187.0
2025-06-18 02:15:00+00:00,110.796875,110.796875,110.78125,110.78125,91.0
2025-06-18 02:16:00+00:00,110.796875,110.796875,110.796875,110.796875,12.0
2025-06-18 02:17:00+00:00,110.796875,110.796875,110.78125,110.78125,521.0
2025-06-18 02:20:00+00:00,110.796875,110.796875,110.796875,110.796875,402.0
2025-06-18 02:21:00+00:00,110.78125,110.796875,110.78125,110.796875,104.0
2025-06-18 02:22:00+00:00,110.796875,110.796875,110.796875,110.796875,17.0
2025-06-18 02:23:00+00:00,110.796875,110.796875,110.796875,110.796875,893.0
2025-06-18 02:24:00+00:00,110.8125,110.8125,110.796875,110.796875,62.0
2025-06-18 02:27:00+00:00,110.796875,110.796875,110.796875,110.796875,115.0
2025-06-18 02:28:00+00:00,110.796875,110.796875,110.796875,110.796875,39.0
2025-06-18 02:30:00+00:00,110.796875,110.796875,110.796875,110.796875,138.0
2025-06-18 02:31:00+00:00,110.796875,110.8125,110.796875,110.8125,15.0
2025-06-18 02:32:00+00:00,110.796875,110.796875,110.796875,110.796875,15.0
2025-06-18 02:35:00+00:00,110.796875,110.796875,110.78125,110.796875,622.0
2025-06-18 02:37:00+00:00,110.796875,110.796875,110.796875,110.796875,16.0
2025-06-18 02:38:00+00:00,110.796875,110.796875,110.796875,110.796875,86.0
2025-06-18 02:40:00+00:00,110.796875,110.796875,110.796875,110.796875,109.0
2025-06-18 02:45:00+00:00,110.78125,110.78125,110.78125,110.78125,172.0
2025-06-18 02:46:00+00:00,110.78125,110.78125,110.765625,110.765625,169.0
2025-06-18 02:47:00+00:00,110.78125,110.78125,110.78125,110.78125,31.0
2025-06-18 02:48:00+00:00,110.78125,110.78125,110.78125,110.78125,187.0
2025-06-18 02:49:00+00:00,110.78125,110.78125,110.78125,110.78125,388.0
2025-06-18 02:52:00+00:00,110.78125,110.78125,110.78125,110.78125,11.0
2025-06-18 02:54:00+00:00,110.78125,110.78125,110.78125,110.78125,3.0
2025-06-18 02:58:00+00:00,110.78125,110.78125,110.78125,110.78125,4.0
2025-06-18 03:03:00+00:00,110.796875,110.8125,110.796875,110.796875,773.0
2025-06-18 03:05:00+00:00,110.78125,110.78125,110.78125,110.78125,192.0
2025-06-18 03:06:00+00:00,110.78125,110.78125,110.78125,110.78125,592.0
2025-06-18 03:08:00+00:00,110.765625,110.78125,110.765625,110.78125,25.0
2025-06-18 03:09:00+00:00,110.765625,110.765625,110.75,110.765625,545.0
2025-06-18 03:10:00+00:00,110.765625,110.765625,110.765625,110.765625,73.0
2025-06-18 03:11:00+00:00,110.765625,110.765625,110.765625,110.765625,702.0
2025-06-18 03:12:00+00:00,110.75,110.75,110.75,110.75,607.0
2025-06-18 03:14:00+00:00,110.75,110.75,110.75,110.75,50.0
2025-06-18 03:15:00+00:00,110.765625,110.765625,110.765625,110.765625,177.0
2025-06-18 03:18:00+00:00,110.765625,110.765625,110.765625,110.765625,13.0
2025-06-18 03:19:00+00:00,110.765625,110.765625,110.765625,110.765625,333.0
2025-06-18 03:20:00+00:00,110.765625,110.765625,110.765625,110.765625,240.0
2025-06-18 03:25:00+00:00,110.765625,110.765625,110.765625,110.765625,150.0
2025-06-18 03:27:00+00:00,110.765625,110.765625,110.765625,110.765625,169.0
2025-06-18 03:28:00+00:00,110.765625,110.765625,110.765625,110.765625,125.0
2025-06-18 03:31:00+00:00,110.765625,110.765625,110.765625,110.765625,158.0
2025-06-18 03:39:00+00:00,110.765625,110.765625,110.75,110.765625,331.0
2025-06-18 03:42:00+00:00,110.765625,110.765625,110.765625,110.765625,415.0
2025-06-18 03:46:00+00:00,110.765625,110.765625,110.765625,110.765625,115.0
2025-06-18 03:47:00+00:00,110.765625,110.765625,110.765625,110.765625,123.0
2025-06-18 03:49:00+00:00,110.765625,110.765625,110.765625,110.765625,32.0
2025-06-18 03:50:00+00:00,110.78125,110.78125,110.765625,110.765625,74.0
2025-06-18 03:53:00+00:00,110.78125,110.78125,110.78125,110.78125,481.0
2025-06-18 03:54:00+00:00,110.765625,110.765625,110.765625,110.765625,336.0
2025-06-18 03:57:00+00:00,110.765625,110.765625,110.765625,110.765625,396.0
2025-06-18 03:58:00+00:00,110.78125,110.78125,110.78125,110.78125,6.0
2025-06-18 04:01:00+00:00,110.765625,110.765625,110.765625,110.765625,8.0
2025-06-18 04:03:00+00:00,110.75,110.765625,110.75,110.765625,101.0
2025-06-18 04:04:00+00:00,110.75,110.75,110.75,110.75,90.0
2025-06-18 04:06:00+00:00,110.75,110.75,110.75,110.75,1.0
2025-06-18 04:07:00+00:00,110.75,110.765625,110.75,110.765625,9.0
2025-06-18 04:09:00+00:00,110.765625,110.765625,110.765625,110.765625,53.0
2025-06-18 04:10:00+00:00,110.765625,110.765625,110.765625,110.765625,117.0
2025-06-18 04:11:00+00:00,110.765625,110.765625,110.765625,110.765625,151.0
2025-06-18 04:12:00+00:00,110.765625,110.765625,110.765625,110.765625,10.0
2025-06-18 04:14:00+00:00,110.765625,110.765625,110.765625,110.765625,172.0
2025-06-18 04:15:00+00:00,110.78125,110.78125,110.78125,110.78125,7.0
2025-06-18 04:16:00+00:00,110.78125,110.78125,110.78125,110.78125,263.0
2025-06-18 04:17:00+00:00,110.78125,110.78125,110.78125,110.78125,79.0
2025-06-18 04:20:00+00:00,110.78125,110.78125,110.765625,110.765625,62.0
2025-06-18 04:21:00+00:00,110.796875,110.796875,110.78125,110.78125,289.0
2025-06-18 04:22:00+00:00,110.765625,110.78125,110.765625,110.78125,80.0
2025-06-18 04:23:00+00:00,110.78125,110.78125,110.78125,110.78125,254.0
2025-06-18 04:24:00+00:00,110.78125,110.78125,110.78125,110.78125,5.0
2025-06-18 04:25:00+00:00,110.78125,110.78125,110.78125,110.78125,8.0
2025-06-18 04:32:00+00:00,110.765625,110.765625,110.765625,110.765625,350.0
2025-06-18 04:34:00+00:00,110.75,110.75,110.734375,110.75,328.0
2025-06-18 04:35:00+00:00,110.75,110.75,110.75,110.75,385.0
2025-06-18 04:39:00+00:00,110.75,110.75,110.75,110.75,96.0
2025-06-18 04:40:00+00:00,110.75,110.75,110.75,110.75,2.0
2025-06-18 04:43:00+00:00,110.75,110.75,110.75,110.75,33.0
2025-06-18 04:44:00+00:00,110.75,110.75,110.75,110.75,147.0
2025-06-18 04:45:00+00:00,110.75,110.75,110.75,110.75,8.0
2025-06-18 04:46:00+00:00,110.734375,110.75,110.734375,110.75,251.0
2025-06-18 04:47:00+00:00,110.75,110.75,110.75,110.75,443.0
2025-06-18 04:48:00+00:00,110.75,110.75,110.75,110.75,305.0
2025-06-18 04:49:00+00:00,110.75,110.75,110.75,110.75,105.0
2025-06-18 04:50:00+00:00,110.75,110.75,110.75,110.75,121.0
2025-06-18 04:52:00+00:00,110.75,110.75,110.75,110.75,101.0
2025-06-18 04:54:00+00:00,110.734375,110.75,110.734375,110.75,561.0
2025-06-18 04:57:00+00:00,110.734375,110.734375,110.734375,110.734375,351.0
2025-06-18 04:58:00+00:00,110.75,110.75,110.734375,110.734375,237.0
2025-06-18 05:00:00+00:00,110.734375,110.75,110.734375,110.75,281.0
2025-06-18 05:03:00+00:00,110.734375,110.75,110.734375,110.75,746.0
2025-06-18 05:04:00+00:00,110.75,110.75,110.734375,110.75,255.0
2025-06-18 05:05:00+00:00,110.75,110.75,110.75,110.75,590.0
2025-06-18 05:07:00+00:00,110.75,110.75,110.75,110.75,422.0
2025-06-18 05:08:00+00:00,110.75,110.75,110.75,110.75,29.0
2025-06-18 05:09:00+00:00,110.75,110.75,110.75,110.75,189.0
2025-06-18 05:10:00+00:00,110.75,110.75,110.75,110.75,93.0
2025-06-18 05:11:00+00:00,110.734375,110.734375,110.734375,110.734375,502.0
2025-06-18 05:14:00+00:00,110.734375,110.734375,110.734375,110.734375,70.0
2025-06-18 05:15:00+00:00,110.734375,110.734375,110.734375,110.734375,7.0
2025-06-18 05:16:00+00:00,110.734375,110.734375,110.734375,110.734375,1.0
2025-06-18 05:17:00+00:00,110.75,110.75,110.734375,110.75,32.0
2025-06-18 05:18:00+00:00,110.734375,110.734375,110.734375,110.734375,33.0
2025-06-18 05:19:00+00:00,110.734375,110.734375,110.734375,110.734375,150.0
2025-06-18 05:20:00+00:00,110.734375,110.734375,110.734375,110.734375,5.0
2025-06-18 05:21:00+00:00,110.734375,110.734375,110.734375,110.734375,287.0
2025-06-18 05:22:00+00:00,110.734375,110.734375,110.734375,110.734375,17.0
2025-06-18 05:23:00+00:00,110.734375,110.734375,110.734375,110.734375,208.0
2025-06-18 05:24:00+00:00,110.734375,110.734375,110.734375,110.734375,289.0
2025-06-18 05:25:00+00:00,110.734375,110.75,110.734375,110.734375,228.0
2025-06-18 05:26:00+00:00,110.734375,110.734375,110.734375,110.734375,79.0
2025-06-18 05:27:00+00:00,110.734375,110.734375,110.734375,110.734375,39.0
2025-06-18 05:28:00+00:00,110.734375,110.734375,110.734375,110.734375,14.0
2025-06-18 05:30:00+00:00,110.703125,110.734375,110.703125,110.734375,1719.0
2025-06-18 05:31:00+00:00,110.71875,110.71875,110.703125,110.703125,434.0
2025-06-18 05:32:00+00:00,110.703125,110.71875,110.703125,110.71875,355.0
2025-06-18 05:33:00+00:00,110.71875,110.71875,110.703125,110.703125,221.0
2025-06-18 05:34:00+00:00,110.71875,110.71875,110.71875,110.71875,278.0
2025-06-18 05:35:00+00:00,110.734375,110.734375,110.71875,110.71875,89.0
2025-06-18 05:36:00+00:00,110.734375,110.734375,110.734375,110.734375,91.0
2025-06-18 05:37:00+00:00,110.734375,110.734375,110.734375,110.734375,29.0
2025-06-18 05:38:00+00:00,110.734375,110.734375,110.71875,110.734375,545.0
2025-06-18 05:39:00+00:00,110.734375,110.734375,110.71875,110.71875,459.0
2025-06-18 05:40:00+00:00,110.734375,110.75,110.734375,110.734375,182.0
2025-06-18 05:41:00+00:00,110.75,110.75,110.734375,110.734375,163.0
2025-06-18 05:42:00+00:00,110.71875,110.734375,110.71875,110.734375,98.0
2025-06-18 05:43:00+00:00,110.71875,110.71875,110.71875,110.71875,27.0
2025-06-18 05:44:00+00:00,110.71875,110.71875,110.703125,110.71875,674.0
2025-06-18 05:45:00+00:00,110.734375,110.734375,110.71875,110.71875,243.0
2025-06-18 05:46:00+00:00,110.734375,110.734375,110.734375,110.734375,321.0
2025-06-18 05:47:00+00:00,110.734375,110.734375,110.734375,110.734375,542.0
2025-06-18 05:48:00+00:00,110.734375,110.734375,110.734375,110.734375,292.0
2025-06-18 05:49:00+00:00,110.734375,110.734375,110.734375,110.734375,122.0
2025-06-18 05:50:00+00:00,110.734375,110.734375,110.734375,110.734375,6.0
2025-06-18 05:54:00+00:00,110.734375,110.75,110.734375,110.75,40.0
2025-06-18 05:55:00+00:00,110.75,110.75,110.734375,110.734375,9.0
2025-06-18 05:56:00+00:00,110.75,110.75,110.75,110.75,212.0
2025-06-18 05:57:00+00:00,110.75,110.75,110.734375,110.75,349.0
2025-06-18 05:58:00+00:00,110.75,110.765625,110.75,110.765625,15.0
2025-06-18 06:00:00+00:00,110.71875,110.75,110.71875,110.75,974.0
2025-06-18 06:01:00+00:00,110.734375,110.734375,110.71875,110.71875,678.0
2025-06-18 06:02:00+00:00,110.734375,110.734375,110.71875,110.71875,218.0
2025-06-18 06:03:00+00:00,110.734375,110.734375,110.734375,110.734375,135.0
2025-06-18 06:04:00+00:00,110.734375,110.734375,110.734375,110.734375,10.0
2025-06-18 06:05:00+00:00,110.734375,110.734375,110.734375,110.734375,35.0
2025-06-18 06:06:00+00:00,110.71875,110.734375,110.71875,110.734375,204.0
2025-06-18 06:07:00+00:00,110.734375,110.734375,110.71875,110.71875,477.0
2025-06-18 06:09:00+00:00,110.734375,110.734375,110.734375,110.734375,9.0
2025-06-18 06:11:00+00:00,110.75,110.75,110.75,110.75,441.0
2025-06-18 06:12:00+00:00,110.734375,110.734375,110.734375,110.734375,18.0
2025-06-18 06:13:00+00:00,110.75,110.75,110.75,110.75,330.0
2025-06-18 06:15:00+00:00,110.75,110.75,110.75,110.75,471.0
2025-06-18 06:16:00+00:00,110.75,110.765625,110.75,110.765625,166.0
2025-06-18 06:17:00+00:00,110.734375,110.734375,110.734375,110.734375,21.0
2025-06-18 06:19:00+00:00,110.75,110.75,110.75,110.75,125.0
2025-06-18 06:20:00+00:00,110.75,110.75,110.75,110.75,137.0
2025-06-18 06:22:00+00:00,110.71875,110.734375,110.71875,110.734375,1126.0
2025-06-18 06:23:00+00:00,110.734375,110.734375,110.71875,110.71875,147.0
2025-06-18 06:24:00+00:00,110.71875,110.71875,110.71875,110.71875,5.0
2025-06-18 06:25:00+00:00,110.734375,110.734375,110.71875,110.71875,390.0
2025-06-18 06:26:00+00:00,110.71875,110.734375,110.71875,110.734375,192.0
2025-06-18 06:27:00+00:00,110.734375,110.734375,110.734375,110.734375,655.0
2025-06-18 06:28:00+00:00,110.734375,110.734375,110.734375,110.734375,233.0
2025-06-18 06:29:00+00:00,110.75,110.75,110.75,110.75,223.0
2025-06-18 06:30:00+00:00,110.75,110.75,110.734375,110.734375,52.0
2025-06-18 06:31:00+00:00,110.75,110.75,110.734375,110.734375,5.0
2025-06-18 06:32:00+00:00,110.765625,110.765625,110.75,110.75,127.0
2025-06-18 06:33:00+00:00,110.75,110.765625,110.75,110.765625,184.0
2025-06-18 06:35:00+00:00,110.75,110.75,110.75,110.75,7.0
2025-06-18 06:36:00+00:00,110.75,110.765625,110.75,110.75,1097.0
2025-06-18 06:37:00+00:00,110.765625,110.765625,110.765625,110.765625,163.0
2025-06-18 06:38:00+00:00,110.765625,110.765625,110.75,110.75,322.0
2025-06-18 06:39:00+00:00,110.75,110.765625,110.75,110.765625,445.0
2025-06-18 06:40:00+00:00,110.75,110.75,110.75,110.75,571.0
2025-06-18 06:41:00+00:00,110.734375,110.734375,110.734375,110.734375,194.0
2025-06-18 06:42:00+00:00,110.734375,110.734375,110.734375,110.734375,274.0
2025-06-18 06:43:00+00:00,110.75,110.75,110.734375,110.734375,388.0
2025-06-18 06:44:00+00:00,110.75,110.75,110.734375,110.75,51.0
2025-06-18 06:45:00+00:00,110.734375,110.734375,110.734375,110.734375,192.0
2025-06-18 06:47:00+00:00,110.75,110.765625,110.734375,110.734375,678.0
2025-06-18 06:48:00+00:00,110.765625,110.765625,110.75,110.765625,264.0
2025-06-18 06:49:00+00:00,110.765625,110.765625,110.765625,110.765625,529.0
2025-06-18 06:50:00+00:00,110.765625,110.765625,110.765625,110.765625,307.0
2025-06-18 06:51:00+00:00,110.765625,110.765625,110.765625,110.765625,5.0
2025-06-18 06:53:00+00:00,110.765625,110.765625,110.765625,110.765625,736.0
2025-06-18 06:54:00+00:00,110.765625,110.765625,110.765625,110.765625,421.0
2025-06-18 06:55:00+00:00,110.765625,110.765625,110.765625,110.765625,48.0
2025-06-18 06:58:00+00:00,110.75,110.765625,110.75,110.765625,2443.0
2025-06-18 06:59:00+00:00,110.75,110.75,110.75,110.75,208.0
2025-06-18 07:00:00+00:00,110.71875,110.75,110.71875,110.75,302.0
2025-06-18 07:01:00+00:00,110.71875,110.71875,110.703125,110.71875,1958.0
2025-06-18 07:02:00+00:00,110.71875,110.71875,110.71875,110.71875,438.0
2025-06-18 07:03:00+00:00,110.734375,110.734375,110.71875,110.71875,1015.0
2025-06-18 07:04:00+00:00,110.75,110.75,110.734375,110.75,72.0
2025-06-18 07:05:00+00:00,110.765625,110.765625,110.734375,110.75,768.0
2025-06-18 07:06:00+00:00,110.765625,110.796875,110.75,110.75,2828.0
2025-06-18 07:07:00+00:00,110.765625,110.78125,110.765625,110.765625,312.0
2025-06-18 07:08:00+00:00,110.796875,110.796875,110.78125,110.78125,1430.0
2025-06-18 07:09:00+00:00,110.796875,110.796875,110.78125,110.78125,284.0
2025-06-18 07:10:00+00:00,110.78125,110.796875,110.765625,110.78125,598.0
2025-06-18 07:11:00+00:00,110.78125,110.78125,110.78125,110.78125,623.0
2025-06-18 07:12:00+00:00,110.78125,110.78125,110.765625,110.78125,61.0
2025-06-18 07:13:00+00:00,110.765625,110.78125,110.765625,110.78125,509.0
2025-06-18 07:14:00+00:00,110.765625,110.765625,110.765625,110.765625,716.0
2025-06-18 07:15:00+00:00,110.765625,110.765625,110.75,110.765625,698.0
2025-06-18 07:16:00+00:00,110.765625,110.765625,110.75,110.75,497.0
2025-06-18 07:17:00+00:00,110.75,110.765625,110.75,110.765625,19.0
2025-06-18 07:18:00+00:00,110.75,110.765625,110.734375,110.765625,426.0
2025-06-18 07:19:00+00:00,110.765625,110.765625,110.75,110.75,223.0
2025-06-18 07:20:00+00:00,110.75,110.75,110.75,110.75,814.0
2025-06-18 07:21:00+00:00,110.75,110.75,110.734375,110.75,75.0
2025-06-18 07:22:00+00:00,110.734375,110.75,110.71875,110.75,2212.0
2025-06-18 07:23:00+00:00,110.734375,110.734375,110.734375,110.734375,219.0
2025-06-18 07:24:00+00:00,110.75,110.75,110.734375,110.734375,1297.0
2025-06-18 07:25:00+00:00,110.75,110.765625,110.75,110.75,612.0
2025-06-18 07:26:00+00:00,110.765625,110.765625,110.75,110.75,544.0
2025-06-18 07:27:00+00:00,110.75,110.765625,110.75,110.765625,39.0
2025-06-18 07:28:00+00:00,110.78125,110.78125,110.75,110.75,719.0
2025-06-18 07:29:00+00:00,110.765625,110.78125,110.75,110.78125,828.0
2025-06-18 07:30:00+00:00,110.75,110.75,110.75,110.75,337.0
2025-06-18 07:31:00+00:00,110.71875,110.734375,110.71875,110.734375,564.0
2025-06-18 07:32:00+00:00,110.71875,110.734375,110.71875,110.734375,469.0
2025-06-18 07:33:00+00:00,110.734375,110.734375,110.71875,110.71875,30.0
2025-06-18 07:34:00+00:00,110.75,110.75,110.71875,110.734375,1917.0
2025-06-18 07:35:00+00:00,110.734375,110.75,110.734375,110.75,503.0
2025-06-18 07:36:00+00:00,110.75,110.75,110.734375,110.734375,161.0
2025-06-18 07:37:00+00:00,110.734375,110.75,110.734375,110.734375,9.0
2025-06-18 07:38:00+00:00,110.765625,110.765625,110.75,110.75,405.0
2025-06-18 07:40:00+00:00,110.75,110.75,110.75,110.75,6.0
2025-06-18 07:41:00+00:00,110.75,110.765625,110.75,110.75,11.0
2025-06-18 07:42:00+00:00,110.765625,110.765625,110.75,110.75,1058.0
2025-06-18 07:44:00+00:00,110.765625,110.765625,110.765625,110.765625,411.0
2025-06-18 07:45:00+00:00,110.78125,110.78125,110.78125,110.78125,703.0
2025-06-18 07:46:00+00:00,110.765625,110.78125,110.765625,110.78125,1459.0
2025-06-18 07:47:00+00:00,110.75,110.765625,110.75,110.765625,759.0
2025-06-18 07:48:00+00:00,110.75,110.75,110.75,110.75,750.0
2025-06-18 07:49:00+00:00,110.75,110.765625,110.75,110.75,565.0
2025-06-18 07:50:00+00:00,110.765625,110.765625,110.75,110.75,205.0
2025-06-18 07:51:00+00:00,110.765625,110.78125,110.765625,110.765625,713.0
2025-06-18 07:52:00+00:00,110.75,110.78125,110.75,110.765625,608.0
2025-06-18 07:53:00+00:00,110.765625,110.765625,110.75,110.765625,554.0
2025-06-18 07:54:00+00:00,110.765625,110.78125,110.765625,110.765625,337.0
2025-06-18 07:55:00+00:00,110.765625,110.78125,110.765625,110.765625,397.0
2025-06-18 07:56:00+00:00,110.78125,110.78125,110.765625,110.765625,1005.0
2025-06-18 07:57:00+00:00,110.796875,110.796875,110.78125,110.78125,1445.0
2025-06-18 07:58:00+00:00,110.796875,110.796875,110.796875,110.796875,798.0
2025-06-18 07:59:00+00:00,110.8125,110.8125,110.796875,110.796875,297.0
2025-06-18 08:00:00+00:00,110.796875,110.796875,110.78125,110.796875,305.0
2025-06-18 08:01:00+00:00,110.796875,110.796875,110.78125,110.78125,10.0
2025-06-18 08:02:00+00:00,110.796875,110.8125,110.78125,110.78125,1011.0
2025-06-18 08:03:00+00:00,110.796875,110.8125,110.78125,110.8125,1199.0
2025-06-18 08:04:00+00:00,110.78125,110.796875,110.765625,110.796875,1058.0
2025-06-18 08:05:00+00:00,110.78125,110.78125,110.78125,110.78125,139.0
2025-06-18 08:06:00+00:00,110.78125,110.78125,110.765625,110.765625,5.0
2025-06-18 08:07:00+00:00,110.765625,110.765625,110.765625,110.765625,1381.0
2025-06-18 08:09:00+00:00,110.765625,110.765625,110.765625,110.765625,364.0
2025-06-18 08:11:00+00:00,110.78125,110.78125,110.765625,110.765625,162.0
2025-06-18 08:12:00+00:00,110.765625,110.78125,110.765625,110.765625,224.0
2025-06-18 08:13:00+00:00,110.765625,110.78125,110.765625,110.78125,232.0
2025-06-18 08:14:00+00:00,110.78125,110.78125,110.765625,110.765625,345.0
2025-06-18 08:15:00+00:00,110.765625,110.78125,110.75,110.78125,145.0
2025-06-18 08:25:00+00:00,110.8125,110.8125,110.796875,110.81199645996094,8656.0
2025-06-18 08:26:00+00:00,110.8125,110.8125,110.8125,110.8125,145.0
2025-06-18 08:27:00+00:00,110.828125,110.84375,110.8125,110.8125,1013.0
2025-06-18 08:28:00+00:00,110.84375,110.84375,110.828125,110.828125,50.0
2025-06-18 08:29:00+00:00,110.84375,110.84375,110.828125,110.84375,1234.0
2025-06-18 08:30:00+00:00,110.828125,110.84375,110.828125,110.84375,611.0
2025-06-18 08:31:00+00:00,110.828125,110.828125,110.828125,110.828125,494.0
2025-06-18 08:32:00+00:00,110.828125,110.828125,110.8125,110.828125,442.0
2025-06-18 08:33:00+00:00,110.828125,110.84375,110.828125,110.828125,526.0
2025-06-18 08:34:00+00:00,110.828125,110.84375,110.828125,110.84375,422.0
2025-06-18 08:35:00+00:00,110.828125,110.828125,110.828125,110.828125,106.0
2025-06-18 08:36:00+00:00,110.828125,110.828125,110.828125,110.828125,197.0
2025-06-18 08:37:00+00:00,110.828125,110.828125,110.8125,110.828125,51.0
2025-06-18 08:40:00+00:00,110.828125,110.828125,110.8125,110.8125,177.0
2025-06-18 08:41:00+00:00,110.8125,110.828125,110.8125,110.8125,33.0
2025-06-18 08:42:00+00:00,110.84375,110.84375,110.8125,110.8125,566.0
2025-06-18 08:43:00+00:00,110.828125,110.828125,110.8125,110.828125,1008.0
2025-06-18 08:44:00+00:00,110.828125,110.828125,110.8125,110.8125,480.0
2025-06-18 08:45:00+00:00,110.8125,110.8125,110.8125,110.8125,785.0
2025-06-18 08:46:00+00:00,110.8125,110.8125,110.8125,110.8125,946.0
2025-06-18 08:47:00+00:00,110.8125,110.8125,110.8125,110.8125,401.0
2025-06-18 08:48:00+00:00,110.84375,110.84375,110.8125,110.8125,3121.0
2025-06-18 08:49:00+00:00,110.84375,110.84375,110.84375,110.84375,8.0
2025-06-18 08:50:00+00:00,110.84375,110.84375,110.84375,110.84375,618.0
2025-06-18 08:51:00+00:00,110.859375,110.859375,110.84375,110.84375,206.0
2025-06-18 08:52:00+00:00,110.859375,110.859375,110.84375,110.859375,107.0
2025-06-18 08:53:00+00:00,110.859375,110.859375,110.84375,110.859375,1866.0
2025-06-18 08:54:00+00:00,110.859375,110.859375,110.84375,110.859375,894.0
2025-06-18 08:55:00+00:00,110.859375,110.875,110.859375,110.859375,1156.0
2025-06-18 08:56:00+00:00,110.859375,110.875,110.859375,110.875,704.0
2025-06-18 08:57:00+00:00,110.859375,110.875,110.84375,110.84375,1315.0
2025-06-18 08:58:00+00:00,110.890625,110.890625,110.875,110.875,4778.0
2025-06-18 08:59:00+00:00,110.890625,110.890625,110.875,110.890625,130.0
2025-06-18 09:00:00+00:00,110.875,110.890625,110.859375,110.875,2431.0
2025-06-18 09:01:00+00:00,110.875,110.890625,110.875,110.875,933.0
2025-06-18 09:02:00+00:00,110.875,110.875,110.875,110.875,606.0
2025-06-18 09:03:00+00:00,110.875,110.875,110.875,110.875,584.0
2025-06-18 09:04:00+00:00,110.875,110.890625,110.875,110.890625,558.0
2025-06-18 09:05:00+00:00,110.890625,110.890625,110.875,110.890625,30.0
2025-06-18 09:06:00+00:00,110.875,110.890625,110.859375,110.890625,1919.0
2025-06-18 09:07:00+00:00,110.875,110.890625,110.875,110.875,70.0
2025-06-18 09:08:00+00:00,110.875,110.890625,110.875,110.890625,441.0
2025-06-18 09:09:00+00:00,110.890625,110.890625,110.875,110.875,4.0
2025-06-18 09:10:00+00:00,110.875,110.875,110.859375,110.875,434.0
2025-06-18 09:11:00+00:00,110.875,110.890625,110.875,110.875,828.0
2025-06-18 09:12:00+00:00,110.84375,110.875,110.84375,110.859375,1879.0
2025-06-18 09:13:00+00:00,110.859375,110.859375,110.84375,110.859375,140.0
2025-06-18 09:15:00+00:00,110.859375,110.875,110.84375,110.859375,1071.0
2025-06-18 09:16:00+00:00,110.859375,110.859375,110.84375,110.84375,7.0
2025-06-18 09:17:00+00:00,110.859375,110.859375,110.859375,110.859375,61.0
2025-06-18 09:19:00+00:00,110.84375,110.84375,110.84375,110.84375,2106.0
2025-06-18 09:20:00+00:00,110.84375,110.84375,110.828125,110.84375,121.0
2025-06-18 09:21:00+00:00,110.828125,110.84375,110.828125,110.84375,219.0
2025-06-18 09:22:00+00:00,110.828125,110.84375,110.828125,110.84375,764.0
2025-06-18 09:23:00+00:00,110.84375,110.84375,110.828125,110.828125,607.0
2025-06-18 09:24:00+00:00,110.828125,110.84375,110.828125,110.84375,19.0
2025-06-18 09:25:00+00:00,110.84375,110.84375,110.828125,110.828125,78.0
2025-06-18 09:26:00+00:00,110.84375,110.84375,110.828125,110.828125,952.0
2025-06-18 09:27:00+00:00,110.84375,110.84375,110.828125,110.828125,33.0
2025-06-18 09:28:00+00:00,110.84375,110.859375,110.84375,110.84375,1631.0
2025-06-18 09:29:00+00:00,110.859375,110.859375,110.84375,110.84375,354.0
2025-06-18 09:30:00+00:00,110.859375,110.859375,110.84375,110.84375,1522.0
2025-06-18 09:31:00+00:00,110.875,110.875,110.84375,110.84375,1676.0
2025-06-18 09:32:00+00:00,110.875,110.890625,110.859375,110.875,2057.0
2025-06-18 09:33:00+00:00,110.890625,110.890625,110.859375,110.859375,1691.0
2025-06-18 09:34:00+00:00,110.890625,110.890625,110.875,110.890625,1068.0
2025-06-18 09:35:00+00:00,110.875,110.890625,110.875,110.890625,401.0
2025-06-18 09:36:00+00:00,110.890625,110.890625,110.875,110.875,1087.0
2025-06-18 09:37:00+00:00,110.890625,110.890625,110.875,110.875,95.0
2025-06-18 09:38:00+00:00,110.890625,110.890625,110.875,110.875,315.0
2025-06-18 09:39:00+00:00,110.890625,110.890625,110.875,110.875,834.0
2025-06-18 09:40:00+00:00,110.890625,110.890625,110.875,110.875,8.0
2025-06-18 09:41:00+00:00,110.890625,110.890625,110.875,110.875,874.0
2025-06-18 09:42:00+00:00,110.875,110.890625,110.875,110.875,8.0
2025-06-18 09:43:00+00:00,110.890625,110.890625,110.875,110.890625,208.0
2025-06-18 09:44:00+00:00,110.90625,110.90625,110.875,110.875,1580.0
2025-06-18 09:45:00+00:00,110.890625,110.90625,110.890625,110.890625,1044.0
2025-06-18 09:46:00+00:00,110.90625,110.90625,110.890625,110.890625,513.0
2025-06-18 09:47:00+00:00,110.90625,110.90625,110.890625,110.890625,119.0
2025-06-18 09:48:00+00:00,110.90625,110.90625,110.890625,110.890625,5.0
2025-06-18 09:49:00+00:00,110.890625,110.90625,110.890625,110.890625,1482.0
2025-06-18 09:50:00+00:00,110.90625,110.90625,110.890625,110.890625,573.0
2025-06-18 09:51:00+00:00,110.90625,110.90625,110.890625,110.90625,303.0
2025-06-18 09:52:00+00:00,110.90625,110.90625,110.890625,110.890625,3507.0
2025-06-18 09:53:00+00:00,110.890625,110.921875,110.890625,110.90625,1381.0
2025-06-18 09:54:00+00:00,110.890625,110.90625,110.890625,110.90625,88.0
2025-06-18 09:55:00+00:00,110.90625,110.90625,110.90625,110.90625,96.0
2025-06-18 09:56:00+00:00,110.90625,110.90625,110.890625,110.90625,1397.0
2025-06-18 09:57:00+00:00,110.90625,110.90625,110.90625,110.90625,1.0
2025-06-18 09:58:00+00:00,110.890625,110.890625,110.890625,110.890625,15.0
2025-06-18 09:59:00+00:00,110.90625,110.90625,110.90625,110.90625,7.0
2025-06-18 10:00:00+00:00,110.890625,110.90625,110.890625,110.890625,797.0
2025-06-18 10:01:00+00:00,110.90625,110.90625,110.890625,110.90625,1693.0
2025-06-18 10:02:00+00:00,110.90625,110.921875,110.90625,110.90625,1986.0
2025-06-18 10:03:00+00:00,110.921875,110.921875,110.90625,110.90625,591.0
2025-06-18 10:04:00+00:00,110.90625,110.921875,110.90625,110.921875,412.0
2025-06-18 10:05:00+00:00,110.90625,110.90625,110.90625,110.90625,1250.0
2025-06-18 10:06:00+00:00,110.921875,110.921875,110.90625,110.921875,306.0
2025-06-18 10:07:00+00:00,110.90625,110.921875,110.90625,110.90625,790.0
2025-06-18 10:08:00+00:00,110.90625,110.921875,110.90625,110.90625,78.0
2025-06-18 10:09:00+00:00,110.90625,110.921875,110.90625,110.921875,502.0
2025-06-18 10:10:00+00:00,110.890625,110.90625,110.890625,110.90625,407.0
2025-06-18 10:11:00+00:00,110.890625,110.90625,110.890625,110.890625,763.0
2025-06-18 10:12:00+00:00,110.875,110.890625,110.875,110.890625,266.0
2025-06-18 10:23:00+00:00,110.921875,110.921875,110.90599822998047,110.90599822998047,5657.0
2025-06-18 10:24:00+00:00,110.921875,110.921875,110.921875,110.921875,6.0
2025-06-18 10:25:00+00:00,110.90625,110.921875,110.890625,110.921875,854.0
2025-06-18 10:26:00+00:00,110.921875,110.921875,110.90625,110.90625,94.0
2025-06-18 10:28:00+00:00,110.90625,110.921875,110.90625,110.921875,250.0
2025-06-18 10:29:00+00:00,110.9375,110.9375,110.90625,110.90625,979.0
2025-06-18 10:30:00+00:00,110.9375,110.953125,110.9375,110.9375,1539.0
2025-06-18 10:31:00+00:00,110.9375,110.9375,110.921875,110.9375,846.0
2025-06-18 10:32:00+00:00,110.9375,110.9375,110.921875,110.9375,72.0
2025-06-18 10:33:00+00:00,110.921875,110.921875,110.921875,110.921875,11.0
2025-06-18 10:34:00+00:00,110.9375,110.9375,110.9375,110.9375,69.0
2025-06-18 10:35:00+00:00,110.9375,110.9375,110.9375,110.9375,326.0
2025-06-18 10:36:00+00:00,110.953125,110.953125,110.9375,110.9375,1721.0
2025-06-18 10:37:00+00:00,110.953125,110.953125,110.9375,110.9375,15.0
2025-06-18 10:38:00+00:00,110.9375,110.953125,110.9375,110.953125,55.0
2025-06-18 10:39:00+00:00,110.953125,110.953125,110.9375,110.953125,58.0
2025-06-18 10:40:00+00:00,110.953125,110.953125,110.9375,110.953125,116.0
2025-06-18 10:41:00+00:00,110.953125,110.953125,110.9375,110.953125,168.0
2025-06-18 10:42:00+00:00,110.953125,110.953125,110.9375,110.953125,278.0
2025-06-18 10:43:00+00:00,110.953125,110.96875,110.9375,110.953125,1080.0
2025-06-18 10:44:00+00:00,110.953125,110.953125,110.9375,110.953125,94.0
2025-06-18 10:45:00+00:00,110.9375,110.953125,110.9375,110.953125,128.0
2025-06-18 10:46:00+00:00,110.953125,110.953125,110.9375,110.953125,53.0
2025-06-18 10:47:00+00:00,110.953125,110.953125,110.9375,110.953125,303.0
2025-06-18 10:48:00+00:00,110.96875,110.96875,110.953125,110.953125,324.0
2025-06-18 10:49:00+00:00,110.96875,110.96875,110.953125,110.953125,37.0
2025-06-18 10:50:00+00:00,110.953125,110.96875,110.953125,110.96875,24.0
2025-06-18 10:51:00+00:00,110.96875,110.96875,110.953125,110.96875,33.0
2025-06-18 10:52:00+00:00,110.96875,110.96875,110.953125,110.96875,1825.0
2025-06-18 10:53:00+00:00,110.953125,110.984375,110.953125,110.96875,1648.0
2025-06-18 10:54:00+00:00,110.96875,110.96875,110.953125,110.96875,501.0
2025-06-18 10:55:00+00:00,110.984375,110.984375,110.96875,110.96875,2647.0
2025-06-18 10:56:00+00:00,110.96875,110.984375,110.953125,110.96875,1105.0
2025-06-18 10:57:00+00:00,110.984375,110.984375,110.96875,110.96875,602.0
2025-06-18 10:58:00+00:00,110.96875,110.984375,110.96875,110.984375,38.0
2025-06-18 10:59:00+00:00,110.96875,110.984375,110.96875,110.96875,495.0
2025-06-18 11:00:00+00:00,110.9375,110.96875,110.9375,110.953125,1799.0
2025-06-18 11:01:00+00:00,110.921875,110.9375,110.921875,110.9375,3638.0
2025-06-18 11:02:00+00:00,110.953125,110.953125,110.921875,110.921875,1345.0
2025-06-18 11:03:00+00:00,110.9375,110.953125,110.9375,110.953125,105.0
2025-06-18 11:04:00+00:00,110.953125,110.953125,110.9375,110.953125,67.0
2025-06-18 11:05:00+00:00,110.9375,110.953125,110.9375,110.9375,192.0
2025-06-18 11:06:00+00:00,110.9375,110.953125,110.9375,110.953125,2484.0
2025-06-18 11:07:00+00:00,110.9375,110.9375,110.921875,110.9375,988.0
2025-06-18 11:09:00+00:00,110.9375,110.9375,110.921875,110.921875,104.0
2025-06-18 11:10:00+00:00,110.9375,110.9375,110.9375,110.9375,86.0
2025-06-18 11:11:00+00:00,110.9375,110.9375,110.9375,110.9375,52.0
2025-06-18 11:12:00+00:00,110.9375,110.9375,110.921875,110.9375,2662.0
2025-06-18 11:13:00+00:00,110.921875,110.9375,110.921875,110.9375,2.0
2025-06-18 11:14:00+00:00,110.9375,110.9375,110.921875,110.921875,42.0
2025-06-18 11:15:00+00:00,110.921875,110.9375,110.921875,110.9375,1738.0
2025-06-18 11:16:00+00:00,110.921875,110.921875,110.921875,110.921875,222.0
2025-06-18 11:17:00+00:00,110.9375,110.9375,110.921875,110.921875,37.0
2025-06-18 11:18:00+00:00,110.9375,110.9375,110.9375,110.9375,56.0
2025-06-18 11:20:00+00:00,110.9375,110.953125,110.9375,110.9375,2414.0
2025-06-18 11:21:00+00:00,110.9375,110.9375,110.9375,110.9375,301.0
2025-06-18 11:22:00+00:00,110.953125,110.953125,110.9375,110.9375,378.0
2025-06-18 11:23:00+00:00,110.953125,110.953125,110.9375,110.953125,113.0
2025-06-18 11:24:00+00:00,110.9375,110.953125,110.9375,110.953125,251.0
2025-06-18 11:25:00+00:00,110.953125,110.953125,110.953125,110.953125,898.0
2025-06-18 11:26:00+00:00,110.953125,110.96875,110.953125,110.953125,2345.0
2025-06-18 11:27:00+00:00,110.96875,110.96875,110.953125,110.953125,499.0
2025-06-18 11:28:00+00:00,110.96875,110.96875,110.953125,110.96875,956.0
2025-06-18 11:29:00+00:00,110.96875,110.96875,110.953125,110.96875,236.0
2025-06-18 11:30:00+00:00,110.984375,110.984375,110.96875,110.96875,2534.0
2025-06-18 11:31:00+00:00,110.9375,110.984375,110.9375,110.984375,8315.0
2025-06-18 11:32:00+00:00,110.9375,110.953125,110.9375,110.953125,178.0
2025-06-18 11:33:00+00:00,110.953125,110.953125,110.9375,110.9375,29.0
2025-06-18 11:34:00+00:00,110.953125,110.953125,110.9375,110.953125,68.0
2025-06-18 11:35:00+00:00,110.921875,110.9375,110.921875,110.9375,2367.0
2025-06-18 11:36:00+00:00,110.9375,110.9375,110.921875,110.921875,81.0
2025-06-18 11:37:00+00:00,110.9375,110.953125,110.921875,110.921875,1414.0
2025-06-18 11:38:00+00:00,110.9375,110.953125,110.9375,110.953125,1918.0
2025-06-18 11:39:00+00:00,110.9375,110.9375,110.9375,110.9375,1.0
2025-06-18 11:40:00+00:00,110.9375,110.9375,110.921875,110.9375,1240.0
2025-06-18 11:41:00+00:00,110.953125,110.953125,110.9375,110.9375,794.0
2025-06-18 11:42:00+00:00,110.953125,110.953125,110.9375,110.9375,69.0
2025-06-18 11:43:00+00:00,110.9375,110.953125,110.9375,110.953125,1071.0
2025-06-18 11:44:00+00:00,110.9375,110.953125,110.921875,110.9375,2437.0
2025-06-18 11:45:00+00:00,110.921875,110.9375,110.921875,110.9375,168.0
2025-06-18 11:46:00+00:00,110.921875,110.9375,110.90625,110.921875,2651.0
2025-06-18 11:47:00+00:00,110.9375,110.9375,110.921875,110.921875,2085.0
2025-06-18 11:50:00+00:00,110.921875,110.9375,110.921875,110.921875,167.0
2025-06-18 11:51:00+00:00,110.921875,110.9375,110.921875,110.9375,185.0
2025-06-18 11:52:00+00:00,110.953125,110.953125,110.921875,110.9375,559.0
2025-06-18 11:53:00+00:00,110.9375,110.953125,110.9375,110.953125,596.0
2025-06-18 11:54:00+00:00,110.953125,110.953125,110.9375,110.9375,465.0
2025-06-18 11:55:00+00:00,110.953125,110.96875,110.953125,110.953125,520.0
2025-06-18 11:56:00+00:00,110.96875,110.96875,110.96875,110.96875,149.0
2025-06-18 11:57:00+00:00,110.953125,110.96875,110.9375,110.96875,1822.0
2025-06-18 11:58:00+00:00,110.953125,110.96875,110.9375,110.953125,1074.0
2025-06-18 11:59:00+00:00,110.921875,110.953125,110.921875,110.953125,548.0
2025-06-18 12:00:00+00:00,110.90625,110.9375,110.90625,110.921875,1854.0
2025-06-18 12:01:00+00:00,110.921875,110.9375,110.90625,110.90625,1556.0
2025-06-18 12:02:00+00:00,110.9375,110.9375,110.921875,110.921875,691.0
2025-06-18 12:03:00+00:00,110.9375,110.9375,110.921875,110.921875,926.0
2025-06-18 12:04:00+00:00,110.9375,110.9375,110.921875,110.9375,1608.0
2025-06-18 12:05:00+00:00,110.921875,110.9375,110.921875,110.921875,1702.0
2025-06-18 12:06:00+00:00,110.953125,110.953125,110.921875,110.921875,525.0
2025-06-18 12:07:00+00:00,110.921875,110.953125,110.921875,110.9375,1120.0
2025-06-18 12:08:00+00:00,110.9375,110.9375,110.921875,110.9375,539.0
2025-06-18 12:10:00+00:00,110.953125,110.96875,110.953125,110.953125,1594.0
2025-06-18 12:11:00+00:00,110.953125,110.96875,110.953125,110.953125,1338.0
2025-06-18 12:12:00+00:00,110.953125,110.96875,110.953125,110.96875,18.0
2025-06-18 12:13:00+00:00,110.96875,110.96875,110.953125,110.96875,1072.0
2025-06-18 12:14:00+00:00,110.984375,110.984375,110.953125,110.96875,1791.0
2025-06-18 12:15:00+00:00,110.953125,110.984375,110.953125,110.984375,1086.0
2025-06-18 12:16:00+00:00,110.984375,110.984375,110.96875,110.96875,926.0
2025-06-18 12:17:00+00:00,110.984375,111.0,110.96875,110.984375,1543.0
2025-06-18 12:18:00+00:00,110.984375,110.984375,110.96875,110.984375,177.0
2025-06-18 12:19:00+00:00,111.0,111.015625,110.984375,110.984375,5606.0
2025-06-18 12:20:00+00:00,111.0,111.03125,111.0,111.0,4401.0
2025-06-18 12:21:00+00:00,111.0,111.015625,111.0,111.0,4190.0
2025-06-18 12:22:00+00:00,111.015625,111.03125,111.0,111.015625,1570.0
2025-06-18 12:23:00+00:00,111.03125,111.03125,111.0,111.015625,2297.0
2025-06-18 12:24:00+00:00,111.03125,111.03125,111.015625,111.015625,1337.0
2025-06-18 12:25:00+00:00,111.03125,111.046875,111.015625,111.03125,2078.0
2025-06-18 12:26:00+00:00,111.015625,111.03125,111.0,111.03125,3805.0
2025-06-18 12:27:00+00:00,111.03125,111.046875,111.0,111.015625,3851.0
2025-06-18 12:28:00+00:00,111.03125,111.046875,111.03125,111.046875,2408.0
2025-06-18 12:29:00+00:00,111.03125,111.046875,111.015625,111.046875,3937.0
2025-06-18 12:30:00+00:00,110.953125,111.015625,110.953125,111.015625,12357.0
2025-06-18 12:31:00+00:00,110.96875,110.96875,110.953125,110.96875,8219.0
2025-06-18 12:32:00+00:00,110.96875,110.984375,110.9375,110.96875,5801.0
2025-06-18 12:33:00+00:00,110.953125,110.96875,110.9375,110.96875,987.0
2025-06-18 12:34:00+00:00,110.984375,110.984375,110.953125,110.953125,1955.0
2025-06-18 12:37:00+00:00,111.0,111.015625,111.0,111.015625,6825.0
2025-06-18 12:38:00+00:00,110.953125,111.015625,110.953125,111.0,14011.0
2025-06-18 12:39:00+00:00,110.953125,110.984375,110.953125,110.953125,798.0
2025-06-18 12:40:00+00:00,110.96875,110.96875,110.9375,110.96875,2218.0
2025-06-18 12:41:00+00:00,110.9375,110.984375,110.9375,110.953125,1861.0
2025-06-18 12:42:00+00:00,110.9375,110.953125,110.9375,110.9375,2855.0
2025-06-18 12:43:00+00:00,110.9375,110.953125,110.921875,110.9375,1090.0
2025-06-18 12:44:00+00:00,110.921875,110.9375,110.90625,110.9375,3116.0
2025-06-18 12:45:00+00:00,110.90625,110.9375,110.90625,110.921875,1950.0
2025-06-18 12:46:00+00:00,110.890625,110.921875,110.875,110.90625,2714.0
2025-06-18 12:47:00+00:00,110.875,110.890625,110.875,110.875,4620.0
2025-06-18 12:48:00+00:00,110.90625,110.90625,110.875,110.875,1197.0
2025-06-18 12:49:00+00:00,110.875,110.90625,110.875,110.890625,1074.0
2025-06-18 12:50:00+00:00,110.875,110.890625,110.875,110.875,2596.0
2025-06-18 12:51:00+00:00,110.875,110.890625,110.875,110.875,381.0
2025-06-18 12:52:00+00:00,110.90625,110.90625,110.875,110.875,877.0
2025-06-18 12:53:00+00:00,110.875,110.90625,110.875,110.90625,941.0
2025-06-18 12:54:00+00:00,110.890625,110.890625,110.875,110.875,1999.0
2025-06-18 12:55:00+00:00,110.890625,110.90625,110.890625,110.890625,2077.0
2025-06-18 12:56:00+00:00,110.90625,110.90625,110.890625,110.890625,1170.0
2025-06-18 12:57:00+00:00,110.90625,110.921875,110.890625,110.890625,1427.0
2025-06-18 12:58:00+00:00,110.90625,110.90625,110.890625,110.890625,1918.0
2025-06-18 12:59:00+00:00,110.90625,110.921875,110.90625,110.90625,981.0
2025-06-18 13:00:00+00:00,110.90625,110.9375,110.90625,110.921875,1664.0
2025-06-18 13:01:00+00:00,110.921875,110.921875,110.90625,110.921875,344.0
2025-06-18 13:03:00+00:00,110.9375,110.953125,110.9375,110.9375,2104.0
2025-06-18 13:04:00+00:00,110.921875,110.953125,110.921875,110.953125,1787.0
2025-06-18 13:05:00+00:00,110.9375,110.9375,110.921875,110.921875,274.0
2025-06-18 13:06:00+00:00,110.953125,110.96875,110.9375,110.953125,2120.0
2025-06-18 13:07:00+00:00,110.953125,110.96875,110.953125,110.96875,2238.0
2025-06-18 13:08:00+00:00,110.96875,110.96875,110.9375,110.953125,1453.0
2025-06-18 13:09:00+00:00,110.96875,110.984375,110.953125,110.953125,1912.0
2025-06-18 13:10:00+00:00,110.984375,110.984375,110.953125,110.96875,738.0
2025-06-18 13:11:00+00:00,110.953125,110.984375,110.953125,110.984375,737.0
2025-06-18 13:12:00+00:00,110.96875,110.96875,110.953125,110.96875,3402.0
2025-06-18 13:13:00+00:00,110.953125,110.953125,110.9375,110.953125,3917.0
2025-06-18 13:14:00+00:00,110.953125,110.96875,110.953125,110.96875,2976.0
2025-06-18 13:15:00+00:00,110.96875,110.96875,110.953125,110.953125,1145.0
2025-06-18 13:16:00+00:00,110.984375,110.984375,110.953125,110.953125,1552.0
2025-06-18 13:17:00+00:00,110.953125,110.984375,110.953125,110.984375,875.0
2025-06-18 13:18:00+00:00,110.984375,110.984375,110.953125,110.96875,2189.0
2025-06-18 13:19:00+00:00,110.984375,110.984375,110.96875,110.96875,1437.0
2025-06-18 13:20:00+00:00,110.984375,110.984375,110.96875,110.984375,61.0
2025-06-18 13:21:00+00:00,110.984375,110.984375,110.96875,110.96875,785.0
2025-06-18 13:22:00+00:00,110.984375,111.0,110.984375,110.984375,2271.0
2025-06-18 13:23:00+00:00,110.984375,110.984375,110.96875,110.984375,237.0
2025-06-18 13:24:00+00:00,110.984375,110.984375,110.953125,110.96875,2574.0
2025-06-18 13:25:00+00:00,110.984375,110.984375,110.953125,110.984375,1696.0
2025-06-18 13:28:00+00:00,111.0,111.015625,111.0,111.015625,8990.0
2025-06-18 13:29:00+00:00,111.03125,111.03125,111.0,111.015625,3944.0
2025-06-18 13:30:00+00:00,111.015625,111.015625,111.0,111.015625,3951.0
2025-06-18 13:31:00+00:00,111.015625,111.015625,111.0,111.0,261.0
2025-06-18 13:32:00+00:00,111.0,111.015625,111.0,111.015625,1109.0
2025-06-18 13:33:00+00:00,111.03125,111.03125,111.0,111.0,1474.0
2025-06-18 13:34:00+00:00,111.015625,111.03125,111.015625,111.015625,1681.0
2025-06-18 13:35:00+00:00,111.03125,111.03125,111.015625,111.015625,256.0
2025-06-18 13:36:00+00:00,111.03125,111.03125,111.03125,111.03125,180.0
2025-06-18 13:37:00+00:00,111.03125,111.03125,111.0,111.03125,5009.0
2025-06-18 13:38:00+00:00,111.046875,111.046875,111.015625,111.015625,5697.0
2025-06-18 13:39:00+00:00,111.03125,111.046875,111.03125,111.046875,1005.0
2025-06-18 13:40:00+00:00,111.046875,111.0625,111.03125,111.03125,1690.0
2025-06-18 13:41:00+00:00,111.0625,111.078125,111.046875,111.046875,5114.0
2025-06-18 13:44:00+00:00,111.046875,111.0625,111.03125,111.0625,7292.0
2025-06-18 13:45:00+00:00,111.0625,111.0625,111.046875,111.046875,761.0
2025-06-18 13:46:00+00:00,111.0625,111.0625,111.046875,111.0625,1053.0
2025-06-18 13:47:00+00:00,111.0625,111.0625,111.046875,111.0625,1507.0
2025-06-18 13:48:00+00:00,111.046875,111.0625,111.03125,111.0625,1350.0
2025-06-18 13:49:00+00:00,111.03125,111.046875,111.015625,111.046875,1498.0
2025-06-18 13:50:00+00:00,111.015625,111.03125,111.0,111.03125,1365.0
2025-06-18 13:51:00+00:00,111.03125,111.03125,111.0,111.015625,633.0
2025-06-18 13:52:00+00:00,111.015625,111.03125,111.015625,111.03125,1774.0
2025-06-18 13:53:00+00:00,111.015625,111.03125,111.015625,111.015625,1053.0
2025-06-18 13:54:00+00:00,111.015625,111.03125,111.0,111.015625,1338.0
2025-06-18 13:55:00+00:00,111.015625,111.046875,111.015625,111.03125,3524.0
2025-06-18 13:56:00+00:00,111.015625,111.03125,111.015625,111.03125,333.0
2025-06-18 13:57:00+00:00,111.03125,111.046875,111.03125,111.03125,4485.0
2025-06-18 13:58:00+00:00,111.046875,111.046875,111.015625,111.046875,1359.0
2025-06-18 13:59:00+00:00,111.046875,111.0625,111.03125,111.046875,2698.0
2025-06-18 14:02:00+00:00,111.046875,111.0625,111.046875,111.046875,6640.0
2025-06-18 14:03:00+00:00,111.0625,111.078125,111.046875,111.0625,4227.0
2025-06-18 14:04:00+00:00,111.0625,111.078125,111.0625,111.078125,4191.0
2025-06-18 14:05:00+00:00,111.046875,111.0625,111.03125,111.0625,1689.0
2025-06-18 14:06:00+00:00,111.046875,111.0625,111.046875,111.0625,1292.0
2025-06-18 14:07:00+00:00,111.046875,111.046875,111.03125,111.046875,791.0
2025-06-18 14:08:00+00:00,111.046875,111.0625,111.03125,111.046875,2333.0
2025-06-18 14:09:00+00:00,111.015625,111.046875,111.015625,111.046875,1160.0
2025-06-18 14:10:00+00:00,111.015625,111.03125,111.0,111.03125,1832.0
2025-06-18 14:11:00+00:00,111.015625,111.03125,111.015625,111.03125,263.0
2025-06-18 14:12:00+00:00,111.046875,111.0625,111.015625,111.03125,2927.0
2025-06-18 14:13:00+00:00,111.0625,111.078125,111.046875,111.0625,2126.0
2025-06-18 14:14:00+00:00,111.0625,111.078125,111.0625,111.078125,1413.0
2025-06-18 14:15:00+00:00,111.0625,111.078125,111.046875,111.0625,2689.0
2025-06-18 14:17:00+00:00,111.078125,111.078125,111.078125,111.078125,6432.0
2025-06-18 14:18:00+00:00,111.078125,111.078125,111.0625,111.078125,2384.0
2025-06-18 14:19:00+00:00,111.046875,111.0625,111.046875,111.0625,1149.0
2025-06-18 14:20:00+00:00,111.03125,111.0625,111.015625,111.046875,3446.0
2025-06-18 14:21:00+00:00,111.03125,111.046875,111.03125,111.03125,2316.0
2025-06-18 14:22:00+00:00,111.015625,111.046875,111.015625,111.046875,943.0
2025-06-18 14:23:00+00:00,111.015625,111.03125,111.0,111.015625,5206.0
2025-06-18 14:24:00+00:00,110.984375,111.015625,110.984375,111.015625,1273.0
2025-06-18 14:25:00+00:00,111.0,111.0,110.984375,111.0,388.0
2025-06-18 14:26:00+00:00,110.96875,111.0,110.953125,111.0,6647.0
2025-06-18 14:27:00+00:00,110.96875,110.984375,110.953125,110.984375,2301.0
2025-06-18 14:28:00+00:00,110.953125,110.96875,110.953125,110.96875,429.0
2025-06-18 14:29:00+00:00,110.96875,110.984375,110.953125,110.96875,2010.0
2025-06-18 14:30:00+00:00,110.953125,110.96875,110.9375,110.96875,3130.0
2025-06-18 14:31:00+00:00,110.953125,110.96875,110.9375,110.953125,1262.0
2025-06-18 14:34:00+00:00,110.9375,110.953125,110.9375,110.953125,2975.0
2025-06-18 14:35:00+00:00,110.9375,110.953125,110.9375,110.953125,179.0
2025-06-18 14:36:00+00:00,110.953125,110.953125,110.9375,110.9375,174.0
2025-06-18 14:37:00+00:00,110.9375,110.953125,110.921875,110.9375,3734.0
2025-06-18 14:38:00+00:00,110.9375,110.953125,110.921875,110.9375,2432.0
2025-06-18 14:39:00+00:00,110.984375,110.984375,110.9375,110.953125,2385.0
2025-06-18 14:40:00+00:00,110.984375,110.984375,110.96875,110.96875,1919.0
2025-06-18 14:41:00+00:00,110.96875,110.984375,110.96875,110.96875,1728.0
2025-06-18 14:43:00+00:00,110.984375,110.984375,110.984375,110.984375,1620.0
2025-06-18 14:44:00+00:00,110.984375,110.984375,110.96875,110.96875,2186.0
2025-06-18 14:45:00+00:00,110.984375,110.984375,110.96875,110.984375,128.0
2025-06-18 14:46:00+00:00,111.015625,111.015625,110.96875,110.96875,3414.0
2025-06-18 14:47:00+00:00,111.0,111.03125,111.0,111.0,2578.0
2025-06-18 14:48:00+00:00,111.03125,111.046875,111.0,111.0,1307.0
2025-06-18 14:49:00+00:00,111.03125,111.046875,111.03125,111.03125,3993.0
2025-06-18 14:50:00+00:00,111.03125,111.03125,111.015625,111.03125,3260.0
2025-06-18 14:51:00+00:00,111.03125,111.046875,111.03125,111.03125,2541.0
2025-06-18 14:52:00+00:00,111.046875,111.046875,111.015625,111.03125,3681.0
2025-06-18 14:53:00+00:00,111.0625,111.0625,111.046875,111.046875,4115.0
2025-06-18 14:54:00+00:00,111.046875,111.0625,111.046875,111.0625,1266.0
2025-06-18 14:55:00+00:00,111.0625,111.078125,111.046875,111.0625,1227.0
2025-06-18 14:56:00+00:00,111.046875,111.0625,111.046875,111.046875,3145.0
2025-06-18 14:58:00+00:00,111.09375,111.09375,111.078125,111.078125,8103.0
2025-06-18 14:59:00+00:00,111.078125,111.09375,111.078125,111.09375,83.0
2025-06-18 15:03:00+00:00,111.109375,111.109375,111.09375,111.09375,16150.0
2025-06-18 15:05:00+00:00,111.125,111.140625,111.109375,111.125,9083.0
2025-06-18 15:06:00+00:00,111.125,111.125,111.109375,111.125,2204.0
2025-06-18 15:07:00+00:00,111.125,111.125,111.125,111.125,2408.0
2025-06-18 15:08:00+00:00,111.109375,111.125,111.109375,111.109375,5766.0
2025-06-18 15:12:00+00:00,111.125,111.125,111.109375,111.109375,10652.0
2025-06-18 15:14:00+00:00,111.125,111.125,111.109375,111.125,242.0
2025-06-18 15:15:00+00:00,111.140625,111.140625,111.125,111.140625,3321.0
2025-06-18 15:17:00+00:00,111.125,111.140625,111.125,111.125,5874.0
2025-06-18 15:18:00+00:00,111.125,111.140625,111.109375,111.125,3859.0
2025-06-18 15:19:00+00:00,111.109375,111.109375,111.109375,111.109375,1.0
2025-06-18 15:21:00+00:00,111.109375,111.109375,111.109375,111.109375,13618.0
2025-06-18 15:22:00+00:00,111.125,111.125,111.109375,111.109375,4973.0
2025-06-18 15:23:00+00:00,111.109375,111.125,111.109375,111.125,916.0
2025-06-18 15:26:00+00:00,111.140625,111.140625,111.109375,111.125,11031.0
2025-06-18 15:27:00+00:00,111.140625,111.15625,111.125,111.140625,4078.0
2025-06-18 15:30:00+00:00,111.125,111.125,111.109375,111.125,3553.0
2025-06-18 15:31:00+00:00,111.125,111.125,111.109375,111.125,260.0
2025-06-18 15:33:00+00:00,111.109375,111.109375,111.09375,111.09375,2726.0
2025-06-18 15:34:00+00:00,111.09375,111.109375,111.09375,111.109375,1269.0
2025-06-18 15:37:00+00:00,111.109375,111.109375,111.09375,111.109375,7289.0
2025-06-18 15:38:00+00:00,111.109375,111.109375,111.09375,111.109375,157.0
2025-06-18 15:39:00+00:00,111.09375,111.109375,111.09375,111.109375,273.0
2025-06-18 15:40:00+00:00,111.109375,111.109375,111.09375,111.09375,4458.0
2025-06-18 15:41:00+00:00,111.109375,111.125,111.109375,111.125,1683.0
2025-06-18 15:42:00+00:00,111.109375,111.125,111.109375,111.109375,136.0
2025-06-18 15:43:00+00:00,111.109375,111.125,111.09375,111.125,477.0
2025-06-18 15:44:00+00:00,111.109375,111.109375,111.09375,111.109375,394.0
2025-06-18 15:45:00+00:00,111.109375,111.125,111.109375,111.109375,2238.0
2025-06-18 15:46:00+00:00,111.109375,111.125,111.09375,111.109375,4871.0
2025-06-18 15:47:00+00:00,111.109375,111.125,111.109375,111.125,1344.0
2025-06-18 15:48:00+00:00,111.125,111.125,111.09375,111.109375,4023.0
2025-06-18 15:49:00+00:00,111.125,111.125,111.109375,111.125,66.0
2025-06-18 15:50:00+00:00,111.140625,111.15625,111.125,111.125,2587.0
2025-06-18 15:51:00+00:00,111.140625,111.140625,111.140625,111.140625,3114.0
2025-06-18 15:52:00+00:00,111.140625,111.140625,111.125,111.140625,296.0
2025-06-18 15:53:00+00:00,111.15625,111.15625,111.140625,111.140625,2776.0
2025-06-18 15:57:00+00:00,111.15625,111.15625,111.140625,111.15625,3229.0
2025-06-18 15:58:00+00:00,111.15625,111.15625,111.140625,111.15625,500.0
2025-06-18 15:59:00+00:00,111.15625,111.15625,111.140625,111.15625,440.0
2025-06-18 16:00:00+00:00,111.140625,111.15625,111.125,111.140625,6232.0
2025-06-18 16:01:00+00:00,111.140625,111.140625,111.125,111.140625,5487.0
2025-06-18 16:02:00+00:00,111.140625,111.140625,111.125,111.125,2620.0
2025-06-18 16:03:00+00:00,111.140625,111.140625,111.125,111.125,2259.0
2025-06-18 16:04:00+00:00,111.125,111.140625,111.109375,111.140625,1923.0
2025-06-18 16:05:00+00:00,111.140625,111.140625,111.125,111.125,356.0
2025-06-18 16:08:00+00:00,111.125,111.125,111.109375,111.109375,4633.0
2025-06-18 16:09:00+00:00,111.125,111.125,111.109375,111.125,262.0
2025-06-18 16:10:00+00:00,111.125,111.125,111.109375,111.125,247.0
2025-06-18 16:11:00+00:00,111.125,111.140625,111.125,111.125,6366.0
2025-06-18 16:12:00+00:00,111.125,111.125,111.109375,111.109375,321.0
2025-06-18 16:13:00+00:00,111.140625,111.140625,111.109375,111.109375,3838.0
2025-06-18 16:14:00+00:00,111.125,111.140625,111.109375,111.125,1169.0
2025-06-18 16:15:00+00:00,111.125,111.125,111.109375,111.125,966.0
2025-06-18 16:16:00+00:00,111.125,111.140625,111.109375,111.125,3605.0
2025-06-18 16:17:00+00:00,111.125,111.125,111.109375,111.125,207.0
2025-06-18 16:18:00+00:00,111.109375,111.125,111.109375,111.125,231.0
2025-06-18 16:19:00+00:00,111.09375,111.125,111.09375,111.109375,5088.0
2025-06-18 16:20:00+00:00,111.09375,111.109375,111.09375,111.09375,827.0
2025-06-18 16:21:00+00:00,111.09375,111.109375,111.09375,111.09375,519.0
2025-06-18 16:22:00+00:00,111.09375,111.109375,111.09375,111.109375,356.0
2025-06-18 16:23:00+00:00,111.09375,111.109375,111.09375,111.109375,698.0
2025-06-18 16:24:00+00:00,111.09375,111.109375,111.09375,111.09375,409.0
2025-06-18 16:25:00+00:00,111.09375,111.109375,111.09375,111.09375,488.0
2025-06-18 16:26:00+00:00,111.09375,111.109375,111.09375,111.09375,367.0
2025-06-18 16:27:00+00:00,111.109375,111.109375,111.078125,111.09375,7974.0
2025-06-18 16:30:00+00:00,111.109375,111.109375,111.078125,111.078125,2446.0
2025-06-18 16:31:00+00:00,111.09375,111.09375,111.078125,111.09375,3395.0
2025-06-18 16:32:00+00:00,111.125,111.125,111.09375,111.09375,1627.0
2025-06-18 16:33:00+00:00,111.109375,111.109375,111.09375,111.109375,1306.0
2025-06-18 16:34:00+00:00,111.09375,111.109375,111.078125,111.109375,2522.0
2025-06-18 16:35:00+00:00,111.09375,111.109375,111.078125,111.09375,420.0
2025-06-18 16:36:00+00:00,111.125,111.125,111.109375,111.109375,1040.0
2025-06-18 16:37:00+00:00,111.125,111.125,111.109375,111.125,103.0
2025-06-18 16:38:00+00:00,111.140625,111.140625,111.109375,111.109375,2084.0
2025-06-18 16:39:00+00:00,111.109375,111.125,111.109375,111.125,234.0
2025-06-18 16:40:00+00:00,111.125,111.140625,111.125,111.125,2813.0
2025-06-18 16:41:00+00:00,111.125,111.125,111.125,111.125,2976.0
2025-06-18 16:42:00+00:00,111.125,111.140625,111.125,111.125,116.0
2025-06-18 16:43:00+00:00,111.125,111.140625,111.125,111.140625,1297.0
2025-06-18 16:44:00+00:00,111.125,111.125,111.125,111.125,22.0
2025-06-18 16:45:00+00:00,111.125,111.140625,111.125,111.125,1651.0
2025-06-18 16:46:00+00:00,111.109375,111.125,111.109375,111.109375,180.0
2025-06-18 16:47:00+00:00,111.125,111.125,111.125,111.125,35.0
2025-06-18 16:48:00+00:00,111.125,111.125,111.109375,111.125,104.0
2025-06-18 16:49:00+00:00,111.125,111.125,111.109375,111.125,3025.0
2025-06-18 16:53:00+00:00,111.109375,111.109375,111.09375,111.09375,2109.0
2025-06-18 16:54:00+00:00,111.109375,111.109375,111.09375,111.109375,73.0
2025-06-18 16:55:00+00:00,111.109375,111.109375,111.09375,111.109375,2135.0
2025-06-18 16:56:00+00:00,111.09375,111.109375,111.09375,111.109375,914.0
2025-06-18 16:57:00+00:00,111.09375,111.09375,111.078125,111.09375,289.0
2025-06-18 16:58:00+00:00,111.0625,111.09375,111.0625,111.09375,2757.0
2025-06-18 16:59:00+00:00,111.078125,111.078125,111.0625,111.078125,467.0
2025-06-18 17:00:00+00:00,111.078125,111.078125,111.0625,111.078125,386.0
2025-06-18 17:01:00+00:00,111.0625,111.078125,111.0625,111.078125,977.0
2025-06-18 17:02:00+00:00,111.0625,111.078125,111.046875,111.078125,1905.0
2025-06-18 17:03:00+00:00,111.046875,111.0625,111.046875,111.0625,2323.0
2025-06-18 17:04:00+00:00,111.03125,111.046875,111.015625,111.046875,1356.0
2025-06-18 17:05:00+00:00,111.046875,111.046875,111.03125,111.03125,2234.0
2025-06-18 17:06:00+00:00,111.03125,111.046875,111.015625,111.046875,1396.0
2025-06-18 17:07:00+00:00,111.03125,111.03125,111.015625,111.03125,90.0
2025-06-18 17:08:00+00:00,111.03125,111.03125,111.015625,111.03125,101.0
2025-06-18 17:09:00+00:00,111.03125,111.03125,111.015625,111.03125,287.0
2025-06-18 17:12:00+00:00,111.046875,111.046875,111.03125,111.046875,1709.0
2025-06-18 17:13:00+00:00,111.046875,111.046875,111.03125,111.046875,241.0
2025-06-18 17:14:00+00:00,111.03125,111.046875,111.03125,111.046875,519.0
2025-06-18 17:15:00+00:00,111.046875,111.046875,111.03125,111.03125,61.0
2025-06-18 17:16:00+00:00,111.046875,111.046875,111.03125,111.046875,130.0
2025-06-18 17:17:00+00:00,111.046875,111.046875,111.03125,111.03125,287.0
2025-06-18 17:18:00+00:00,111.046875,111.0625,111.046875,111.046875,4687.0
2025-06-18 17:19:00+00:00,111.046875,111.046875,111.015625,111.03125,2064.0
2025-06-18 17:20:00+00:00,111.03125,111.046875,111.03125,111.046875,107.0
2025-06-18 17:21:00+00:00,111.046875,111.046875,111.03125,111.046875,1015.0
2025-06-18 17:22:00+00:00,111.046875,111.046875,111.03125,111.046875,484.0
2025-06-18 17:23:00+00:00,111.03125,111.046875,111.03125,111.03125,19.0
2025-06-18 17:24:00+00:00,111.046875,111.0625,111.046875,111.046875,619.0
2025-06-18 17:25:00+00:00,111.046875,111.046875,111.03125,111.046875,1505.0
2025-06-18 17:26:00+00:00,111.03125,111.046875,111.03125,111.03125,179.0
2025-06-18 17:27:00+00:00,111.046875,111.046875,111.03125,111.03125,221.0
2025-06-18 17:28:00+00:00,111.046875,111.046875,111.03125,111.03125,601.0
2025-06-18 17:29:00+00:00,111.046875,111.046875,111.03125,111.03125,250.0
2025-06-18 17:30:00+00:00,111.03125,111.03125,111.015625,111.03125,3136.0
2025-06-18 17:31:00+00:00,111.046875,111.046875,111.015625,111.03125,2321.0
2025-06-18 17:32:00+00:00,111.03125,111.046875,111.03125,111.03125,1383.0
2025-06-18 17:33:00+00:00,111.03125,111.03125,111.03125,111.03125,15.0
2025-06-18 17:34:00+00:00,111.03125,111.03125,111.015625,111.03125,140.0
2025-06-18 17:35:00+00:00,111.03125,111.03125,111.015625,111.03125,78.0
2025-06-18 17:36:00+00:00,111.0,111.03125,111.0,111.03125,1912.0
2025-06-18 17:37:00+00:00,111.03125,111.03125,111.015625,111.015625,970.0
2025-06-18 17:38:00+00:00,111.015625,111.03125,111.015625,111.015625,127.0
2025-06-18 17:40:00+00:00,111.03125,111.03125,111.015625,111.015625,2827.0
2025-06-18 17:41:00+00:00,111.03125,111.03125,111.015625,111.015625,1391.0
2025-06-18 17:42:00+00:00,111.015625,111.03125,111.015625,111.03125,545.0
2025-06-18 17:43:00+00:00,111.03125,111.03125,111.015625,111.015625,43.0
2025-06-18 17:44:00+00:00,111.015625,111.03125,111.015625,111.03125,288.0
2025-06-18 17:45:00+00:00,111.03125,111.03125,111.015625,111.03125,26.0
2025-06-18 17:46:00+00:00,111.03125,111.03125,111.015625,111.03125,89.0
2025-06-18 17:47:00+00:00,111.015625,111.03125,111.0,111.03125,2244.0
2025-06-18 17:48:00+00:00,111.015625,111.03125,111.015625,111.03125,3054.0
2025-06-18 17:49:00+00:00,111.015625,111.015625,111.015625,111.015625,333.0
2025-06-18 17:50:00+00:00,111.0,111.015625,111.0,111.015625,922.0
2025-06-18 17:51:00+00:00,111.0,111.015625,111.0,111.015625,74.0
2025-06-18 17:52:00+00:00,111.015625,111.015625,111.0,111.015625,229.0
2025-06-18 17:53:00+00:00,111.015625,111.015625,111.0,111.015625,981.0
2025-06-18 17:54:00+00:00,111.0,111.015625,111.0,111.015625,1989.0
2025-06-18 17:55:00+00:00,111.015625,111.03125,111.0,111.015625,2461.0
2025-06-18 17:56:00+00:00,111.015625,111.015625,111.0,111.015625,1247.0
2025-06-18 17:57:00+00:00,111.03125,111.03125,111.015625,111.015625,608.0
2025-06-18 18:00:00+00:00,111.125,111.234375,111.109375,111.234375,29913.0
2025-06-18 18:01:00+00:00,111.140625,111.1875,111.09375,111.125,9029.0
2025-06-18 18:02:00+00:00,111.046875,111.140625,111.03125,111.140625,8962.0
2025-06-18 18:03:00+00:00,111.078125,111.09375,111.046875,111.0625,6603.0
2025-06-18 18:04:00+00:00,111.015625,111.078125,111.015625,111.078125,6792.0
2025-06-18 18:05:00+00:00,111.03125,111.0625,111.015625,111.03125,11244.0
2025-06-18 18:06:00+00:00,111.09375,111.109375,111.03125,111.03125,5855.0
2025-06-18 18:07:00+00:00,111.09375,111.109375,111.078125,111.09375,3890.0
2025-06-18 18:08:00+00:00,111.09375,111.109375,111.078125,111.109375,2924.0
2025-06-18 18:09:00+00:00,111.078125,111.109375,111.078125,111.109375,3082.0
2025-06-18 18:10:00+00:00,111.046875,111.09375,111.03125,111.078125,4847.0
2025-06-18 18:11:00+00:00,111.046875,111.046875,111.03125,111.046875,2793.0
2025-06-18 18:12:00+00:00,111.015625,111.0625,111.015625,111.0625,4455.0
2025-06-18 18:13:00+00:00,111.046875,111.046875,111.015625,111.03125,2310.0
2025-06-18 18:14:00+00:00,111.046875,111.0625,111.03125,111.046875,3245.0
2025-06-18 18:15:00+00:00,111.03125,111.046875,111.015625,111.046875,3099.0
2025-06-18 18:16:00+00:00,111.03125,111.046875,111.03125,111.046875,3224.0
2025-06-18 18:17:00+00:00,111.03125,111.0625,111.03125,111.046875,5082.0
2025-06-18 18:18:00+00:00,111.015625,111.0625,111.015625,111.03125,4729.0
2025-06-18 18:19:00+00:00,111.03125,111.046875,111.015625,111.03125,1772.0
2025-06-18 18:21:00+00:00,111.015625,111.03125,111.0,111.03125,7735.0
2025-06-18 18:22:00+00:00,111.015625,111.03125,111.015625,111.015625,4160.0
2025-06-18 18:23:00+00:00,111.0,111.03125,110.984375,111.03125,3618.0
2025-06-18 18:24:00+00:00,110.96875,111.015625,110.96875,110.984375,2233.0
2025-06-18 18:25:00+00:00,110.953125,110.984375,110.953125,110.96875,4667.0
2025-06-18 18:26:00+00:00,110.953125,110.953125,110.921875,110.953125,9914.0
2025-06-18 18:27:00+00:00,110.96875,110.984375,110.9375,110.953125,4209.0
2025-06-18 18:28:00+00:00,110.96875,110.984375,110.953125,110.984375,2211.0
2025-06-18 18:29:00+00:00,110.96875,110.984375,110.953125,110.96875,1701.0
2025-06-18 18:30:00+00:00,110.984375,111.0,110.96875,110.96875,3158.0
2025-06-18 18:31:00+00:00,110.984375,111.0,110.984375,111.0,1443.0
2025-06-18 18:32:00+00:00,111.0,111.0,110.96875,110.984375,2201.0
2025-06-18 18:33:00+00:00,110.96875,111.015625,110.953125,111.0,2659.0
2025-06-18 18:34:00+00:00,111.0,111.0,110.984375,110.984375,938.0
2025-06-18 18:35:00+00:00,110.953125,110.984375,110.9375,110.984375,4271.0
2025-06-18 18:36:00+00:00,110.953125,110.953125,110.9375,110.953125,2885.0
2025-06-18 18:37:00+00:00,110.9375,110.953125,110.9375,110.953125,1618.0
2025-06-18 18:38:00+00:00,110.984375,110.984375,110.953125,110.953125,3375.0
2025-06-18 18:39:00+00:00,110.953125,110.984375,110.953125,110.96875,2803.0
2025-06-18 18:40:00+00:00,110.90625,110.953125,110.90625,110.953125,3950.0
2025-06-18 18:41:00+00:00,110.953125,110.96875,110.90625,110.921875,3749.0
2025-06-18 18:42:00+00:00,110.953125,110.96875,110.953125,110.96875,7315.0
2025-06-18 18:45:00+00:00,110.890625,110.890625,110.859375,110.890625,22188.0
2025-06-18 18:46:00+00:00,110.90625,110.90625,110.875,110.890625,4689.0
2025-06-18 18:47:00+00:00,110.890625,110.90625,110.890625,110.890625,2689.0
2025-06-18 18:48:00+00:00,110.875,110.90625,110.875,110.90625,6067.0
2025-06-18 18:49:00+00:00,110.859375,110.890625,110.859375,110.875,1490.0
2025-06-18 18:50:00+00:00,110.84375,110.875,110.828125,110.875,6413.0
2025-06-18 18:51:00+00:00,110.84375,110.859375,110.828125,110.84375,7379.0
2025-06-18 18:52:00+00:00,110.859375,110.859375,110.828125,110.859375,5177.0
2025-06-18 18:53:00+00:00,110.828125,110.859375,110.8125,110.859375,2926.0
2025-06-18 18:54:00+00:00,110.828125,110.828125,110.828125,110.828125,1180.0
2025-06-18 18:55:00+00:00,110.796875,110.828125,110.78125,110.8125,7493.0
2025-06-18 18:56:00+00:00,110.796875,110.8125,110.796875,110.796875,9952.0
2025-06-18 18:57:00+00:00,110.78125,110.8125,110.78125,110.796875,5114.0
2025-06-18 18:58:00+00:00,110.8125,110.8125,110.78125,110.796875,6110.0
2025-06-18 18:59:00+00:00,110.828125,110.828125,110.78125,110.796875,14931.0
2025-06-18 19:00:00+00:00,110.765625,110.828125,110.765625,110.828125,12870.0
2025-06-18 19:01:00+00:00,110.765625,110.765625,110.734375,110.75,7145.0
2025-06-18 19:02:00+00:00,110.78125,110.78125,110.75,110.78125,5447.0
2025-06-18 19:03:00+00:00,110.75,110.78125,110.75,110.78125,2903.0
2025-06-18 19:04:00+00:00,110.78125,110.796875,110.75,110.765625,2999.0
2025-06-18 19:05:00+00:00,110.796875,110.796875,110.765625,110.78125,5792.0
2025-06-18 19:06:00+00:00,110.796875,110.8125,110.78125,110.796875,2109.0
2025-06-18 19:07:00+00:00,110.765625,110.796875,110.765625,110.796875,5405.0
2025-06-18 19:10:00+00:00,110.78125,110.78125,110.75,110.765625,8028.0
2025-06-18 19:11:00+00:00,110.78125,110.78125,110.765625,110.765625,1837.0
2025-06-18 19:12:00+00:00,110.765625,110.796875,110.765625,110.78125,4504.0
2025-06-18 19:13:00+00:00,110.796875,110.796875,110.75,110.765625,5569.0
2025-06-18 19:14:00+00:00,110.828125,110.828125,110.796875,110.796875,4645.0
2025-06-18 19:15:00+00:00,110.828125,110.84375,110.8125,110.8125,6522.0
2025-06-18 19:16:00+00:00,110.859375,110.859375,110.8125,110.828125,2545.0
2025-06-18 19:17:00+00:00,110.8125,110.859375,110.8125,110.859375,3950.0
2025-06-18 19:18:00+00:00,110.828125,110.84375,110.828125,110.828125,2804.0
2025-06-18 19:19:00+00:00,110.828125,110.84375,110.828125,110.84375,2446.0
2025-06-18 19:20:00+00:00,110.84375,110.859375,110.828125,110.84375,3509.0
2025-06-18 19:21:00+00:00,110.859375,110.859375,110.828125,110.84375,1397.0
2025-06-18 19:22:00+00:00,110.859375,110.875,110.84375,110.84375,4191.0
2025-06-18 19:23:00+00:00,110.875,110.875,110.859375,110.875,3035.0
2025-06-18 19:24:00+00:00,110.890625,110.890625,110.859375,110.875,4415.0
2025-06-18 19:25:00+00:00,110.890625,110.890625,110.875,110.875,654.0
2025-06-18 19:26:00+00:00,110.890625,110.890625,110.875,110.890625,507.0
2025-06-18 19:27:00+00:00,110.890625,110.890625,110.875,110.875,1919.0
2025-06-18 19:28:00+00:00,110.890625,110.90625,110.875,110.890625,644.0
2025-06-18 19:29:00+00:00,110.90625,110.90625,110.890625,110.90625,915.0
2025-06-18 19:30:00+00:00,110.921875,110.921875,110.890625,110.90625,1270.0
2025-06-18 19:31:00+00:00,110.90625,110.921875,110.890625,110.921875,4097.0
2025-06-18 19:32:00+00:00,110.921875,110.921875,110.90625,110.90625,2575.0
2025-06-18 19:33:00+00:00,110.921875,110.921875,110.90625,110.90625,1164.0
2025-06-18 19:34:00+00:00,110.90625,110.9375,110.90625,110.9375,2047.0
2025-06-18 19:35:00+00:00,110.890625,110.921875,110.890625,110.921875,1411.0
2025-06-18 19:36:00+00:00,110.875,110.890625,110.875,110.890625,4330.0
2025-06-18 19:39:00+00:00,110.875,110.890625,110.875,110.875,4390.0
2025-06-18 19:40:00+00:00,110.875,110.875,110.859375,110.859375,218.0
2025-06-18 19:41:00+00:00,110.859375,110.875,110.84375,110.859375,2151.0
2025-06-18 19:42:00+00:00,110.875,110.875,110.84375,110.84375,168.0
2025-06-18 19:43:00+00:00,110.859375,110.875,110.859375,110.859375,503.0
2025-06-18 19:44:00+00:00,110.859375,110.875,110.859375,110.859375,845.0
2025-06-18 19:45:00+00:00,110.859375,110.859375,110.84375,110.859375,1268.0
2025-06-18 19:46:00+00:00,110.859375,110.875,110.84375,110.859375,1220.0
2025-06-18 19:47:00+00:00,110.859375,110.859375,110.84375,110.84375,857.0
2025-06-18 19:48:00+00:00,110.859375,110.859375,110.84375,110.859375,219.0
2025-06-18 19:49:00+00:00,110.859375,110.875,110.84375,110.859375,722.0
2025-06-18 19:50:00+00:00,110.859375,110.859375,110.859375,110.859375,1756.0
2025-06-18 19:51:00+00:00,110.859375,110.875,110.859375,110.859375,1048.0
2025-06-18 19:52:00+00:00,110.875,110.875,110.859375,110.859375,491.0
2025-06-18 19:53:00+00:00,110.84375,110.859375,110.84375,110.859375,324.0
2025-06-18 19:54:00+00:00,110.84375,110.859375,110.84375,110.859375,69.0
2025-06-18 19:55:00+00:00,110.84375,110.875,110.84375,110.859375,1919.0
2025-06-18 19:56:00+00:00,110.875,110.890625,110.84375,110.859375,4462.0
2025-06-18 19:57:00+00:00,110.890625,110.90625,110.859375,110.859375,8062.0
2025-06-18 20:00:00+00:00,110.84375,110.859375,110.84375,110.84375,15876.0
2025-06-18 20:01:00+00:00,110.84375,110.859375,110.84375,110.84375,1558.0
2025-06-18 20:02:00+00:00,110.84375,110.859375,110.84375,110.84375,737.0
2025-06-18 20:03:00+00:00,110.828125,110.859375,110.828125,110.84375,795.0
2025-06-18 20:04:00+00:00,110.84375,110.875,110.828125,110.828125,2288.0
2025-06-18 20:05:00+00:00,110.859375,110.859375,110.84375,110.859375,62.0
2025-06-18 20:06:00+00:00,110.859375,110.875,110.859375,110.859375,3030.0
2025-06-18 20:07:00+00:00,110.84375,110.859375,110.84375,110.859375,134.0
2025-06-18 20:08:00+00:00,110.84375,110.859375,110.828125,110.84375,2202.0
2025-06-18 20:09:00+00:00,110.84375,110.859375,110.84375,110.859375,274.0
2025-06-18 20:10:00+00:00,110.84375,110.84375,110.828125,110.84375,144.0
2025-06-18 20:11:00+00:00,110.828125,110.84375,110.828125,110.84375,35.0
2025-06-18 20:12:00+00:00,110.8125,110.84375,110.8125,110.84375,1336.0
2025-06-18 20:13:00+00:00,110.8125,110.828125,110.796875,110.8125,1196.0
2025-06-18 20:14:00+00:00,110.8125,110.8125,110.796875,110.8125,1648.0
2025-06-18 20:15:00+00:00,110.8125,110.828125,110.8125,110.8125,770.0
2025-06-18 20:16:00+00:00,110.828125,110.828125,110.8125,110.8125,365.0
2025-06-18 20:17:00+00:00,110.8125,110.828125,110.8125,110.828125,1775.0
2025-06-18 20:18:00+00:00,110.8125,110.8125,110.8125,110.8125,179.0
2025-06-18 20:19:00+00:00,110.8125,110.828125,110.8125,110.8125,684.0
2025-06-18 20:20:00+00:00,110.828125,110.828125,110.8125,110.828125,1372.0
2025-06-18 20:21:00+00:00,110.828125,110.828125,110.828125,110.828125,220.0
2025-06-18 20:22:00+00:00,110.828125,110.828125,110.8125,110.828125,2089.0
2025-06-18 20:23:00+00:00,110.828125,110.84375,110.828125,110.828125,3766.0
2025-06-18 20:24:00+00:00,110.828125,110.84375,110.828125,110.84375,995.0
2025-06-18 20:25:00+00:00,110.8125,110.828125,110.8125,110.828125,55.0
2025-06-18 20:26:00+00:00,110.84375,110.84375,110.828125,110.828125,2216.0
2025-06-18 20:28:00+00:00,110.84375,110.84375,110.84375,110.84375,207.0
2025-06-18 20:29:00+00:00,110.828125,110.84375,110.828125,110.84375,197.0
2025-06-18 20:30:00+00:00,110.828125,110.84375,110.828125,110.84375,1882.0
2025-06-18 20:31:00+00:00,110.828125,110.84375,110.8125,110.828125,1406.0
2025-06-18 20:32:00+00:00,110.84375,110.84375,110.8125,110.828125,191.0
2025-06-18 20:33:00+00:00,110.8125,110.828125,110.8125,110.828125,173.0
2025-06-18 20:34:00+00:00,110.8125,110.828125,110.8125,110.828125,116.0
2025-06-18 20:35:00+00:00,110.828125,110.828125,110.828125,110.828125,16.0
2025-06-18 20:36:00+00:00,110.828125,110.828125,110.8125,110.828125,432.0
2025-06-18 20:37:00+00:00,110.8125,110.828125,110.8125,110.828125,170.0
2025-06-18 20:38:00+00:00,110.84375,110.84375,110.828125,110.828125,259.0
2025-06-18 20:39:00+00:00,110.828125,110.828125,110.828125,110.828125,1210.0
2025-06-18 20:40:00+00:00,110.84375,110.84375,110.8125,110.828125,375.0
2025-06-18 20:41:00+00:00,110.828125,110.84375,110.828125,110.828125,576.0
2025-06-18 20:42:00+00:00,110.828125,110.828125,110.828125,110.828125,180.0
2025-06-18 20:43:00+00:00,110.828125,110.84375,110.828125,110.84375,14.0
2025-06-18 20:44:00+00:00,110.84375,110.84375,110.828125,110.84375,41.0
2025-06-18 20:45:00+00:00,110.828125,110.828125,110.828125,110.828125,156.0
2025-06-18 20:46:00+00:00,110.828125,110.84375,110.828125,110.84375,1049.0
2025-06-18 20:47:00+00:00,110.828125,110.828125,110.828125,110.828125,135.0
2025-06-18 20:48:00+00:00,110.8125,110.84375,110.8125,110.84375,830.0
2025-06-18 20:49:00+00:00,110.8125,110.828125,110.8125,110.8125,5463.0
2025-06-18 20:50:00+00:00,110.796875,110.8125,110.796875,110.796875,585.0
2025-06-18 20:51:00+00:00,110.796875,110.796875,110.796875,110.796875,1354.0
2025-06-18 20:52:00+00:00,110.78125,110.796875,110.78125,110.796875,48.0
2025-06-18 20:53:00+00:00,110.796875,110.796875,110.78125,110.796875,65.0
2025-06-18 20:54:00+00:00,110.796875,110.796875,110.78125,110.796875,1365.0
2025-06-18 20:55:00+00:00,110.796875,110.8125,110.796875,110.796875,13.0
2025-06-18 20:56:00+00:00,110.796875,110.828125,110.796875,110.8125,1429.0
2025-06-18 20:57:00+00:00,110.796875,110.8125,110.796875,110.796875,161.0
2025-06-18 20:58:00+00:00,110.796875,110.796875,110.796875,110.796875,56.0
2025-06-18 22:00:00+00:00,110.765625,110.765625,110.765625,110.765625,0.0
2025-06-18 22:01:00+00:00,110.765625,110.78125,110.765625,110.765625,89.0
2025-06-18 22:02:00+00:00,110.78125,110.78125,110.765625,110.765625,375.0
2025-06-18 22:03:00+00:00,110.78125,110.78125,110.78125,110.78125,112.0
2025-06-18 22:04:00+00:00,110.78125,110.78125,110.78125,110.78125,12.0
2025-06-18 22:05:00+00:00,110.765625,110.78125,110.765625,110.78125,972.0
2025-06-18 22:06:00+00:00,110.78125,110.78125,110.765625,110.765625,196.0
2025-06-18 22:07:00+00:00,110.796875,110.796875,110.78125,110.78125,737.0
2025-06-18 22:11:00+00:00,110.8125,110.8125,110.796875,110.796875,67.0
2025-06-18 22:12:00+00:00,110.796875,110.796875,110.796875,110.796875,316.0
2025-06-18 22:14:00+00:00,110.796875,110.8125,110.796875,110.796875,14.0
2025-06-18 22:15:00+00:00,110.8125,110.8125,110.796875,110.796875,10.0
2025-06-18 22:17:00+00:00,110.796875,110.796875,110.796875,110.796875,4.0
2025-06-18 22:18:00+00:00,110.78125,110.8125,110.78125,110.8125,397.0
2025-06-18 22:19:00+00:00,110.8125,110.8125,110.796875,110.796875,101.0
2025-06-18 22:21:00+00:00,110.8125,110.8125,110.8125,110.8125,2.0
2025-06-18 22:25:00+00:00,110.796875,110.796875,110.796875,110.796875,215.0
2025-06-18 22:29:00+00:00,110.796875,110.796875,110.796875,110.796875,310.0
2025-06-18 22:33:00+00:00,110.8125,110.8125,110.8125,110.8125,690.0
2025-06-18 22:35:00+00:00,110.8125,110.8125,110.8125,110.8125,125.0
2025-06-18 22:37:00+00:00,110.8125,110.8125,110.8125,110.8125,4.0
2025-06-18 22:41:00+00:00,110.8125,110.8125,110.8125,110.8125,330.0
2025-06-18 22:42:00+00:00,110.796875,110.796875,110.796875,110.796875,9.0
2025-06-18 22:44:00+00:00,110.796875,110.796875,110.796875,110.796875,137.0
2025-06-18 22:45:00+00:00,110.796875,110.796875,110.796875,110.796875,63.0
2025-06-18 22:46:00+00:00,110.796875,110.8125,110.796875,110.796875,36.0
2025-06-18 22:47:00+00:00,110.78125,110.78125,110.78125,110.78125,609.0
2025-06-18 22:51:00+00:00,110.75,110.765625,110.75,110.765625,187.0
2025-06-18 22:52:00+00:00,110.734375,110.75,110.734375,110.75,271.0
2025-06-18 22:53:00+00:00,110.75,110.75,110.734375,110.734375,184.0
2025-06-18 22:54:00+00:00,110.75,110.75,110.75,110.75,3.0
2025-06-18 22:55:00+00:00,110.75,110.75,110.734375,110.734375,3.0
2025-06-18 22:56:00+00:00,110.78125,110.78125,110.75,110.75,444.0
2025-06-18 23:00:00+00:00,110.78125,110.78125,110.78125,110.78125,361.0
2025-06-18 23:01:00+00:00,110.765625,110.765625,110.765625,110.765625,64.0
2025-06-18 23:03:00+00:00,110.75,110.75,110.75,110.75,5.0
2025-06-18 23:05:00+00:00,110.765625,110.765625,110.75,110.765625,82.0
2025-06-18 23:13:00+00:00,110.78125,110.78125,110.765625,110.765625,156.0
2025-06-18 23:14:00+00:00,110.78125,110.78125,110.78125,110.78125,363.0
2025-06-18 23:15:00+00:00,110.765625,110.78125,110.765625,110.78125,507.0
2025-06-18 23:19:00+00:00,110.78125,110.78125,110.765625,110.765625,10.0
2025-06-18 23:20:00+00:00,110.765625,110.765625,110.765625,110.765625,83.0
2025-06-18 23:21:00+00:00,110.78125,110.78125,110.765625,110.765625,4.0
2025-06-18 23:22:00+00:00,110.765625,110.78125,110.765625,110.765625,64.0
2025-06-18 23:24:00+00:00,110.765625,110.765625,110.765625,110.765625,112.0
2025-06-18 23:26:00+00:00,110.765625,110.765625,110.765625,110.765625,41.0
2025-06-18 23:33:00+00:00,110.796875,110.796875,110.78125,110.78125,75.0
2025-06-18 23:34:00+00:00,110.78125,110.796875,110.78125,110.796875,614.0
2025-06-18 23:35:00+00:00,110.796875,110.796875,110.78125,110.78125,735.0
2025-06-18 23:39:00+00:00,110.796875,110.8125,110.796875,110.796875,979.0
2025-06-18 23:44:00+00:00,110.8125,110.8125,110.8125,110.8125,5.0
2025-06-18 23:45:00+00:00,110.8125,110.8125,110.8125,110.8125,66.0
2025-06-18 23:47:00+00:00,110.796875,110.796875,110.796875,110.796875,468.0
2025-06-18 23:50:00+00:00,110.796875,110.796875,110.796875,110.796875,646.0
2025-06-18 23:51:00+00:00,110.78125,110.796875,110.78125,110.796875,6.0
2025-06-18 23:52:00+00:00,110.796875,110.796875,110.796875,110.796875,10.0
2025-06-18 23:54:00+00:00,110.796875,110.796875,110.796875,110.796875,47.0
2025-06-18 23:56:00+00:00,110.8125,110.8125,110.78125,110.78125,47.0
2025-06-18 23:58:00+00:00,110.796875,110.8125,110.796875,110.8125,90.0
2025-06-19 00:00:00+00:00,110.796875,110.796875,110.796875,110.796875,22.0
2025-06-19 00:01:00+00:00,110.8125,110.8125,110.796875,110.796875,200.0
2025-06-19 00:02:00+00:00,110.796875,110.8125,110.796875,110.8125,7.0
2025-06-19 00:04:00+00:00,110.8125,110.8125,110.8125,110.8125,8.0
2025-06-19 00:06:00+00:00,110.8125,110.8125,110.8125,110.8125,443.0
2025-06-19 00:07:00+00:00,110.8125,110.8125,110.8125,110.8125,77.0
2025-06-19 00:08:00+00:00,110.796875,110.796875,110.796875,110.796875,69.0
2025-06-19 00:10:00+00:00,110.796875,110.796875,110.796875,110.796875,8.0
2025-06-19 00:11:00+00:00,110.8125,110.8125,110.8125,110.8125,62.0
2025-06-19 00:12:00+00:00,110.828125,110.828125,110.8125,110.8125,95.0
2025-06-19 00:13:00+00:00,110.8125,110.8125,110.8125,110.8125,38.0
2025-06-19 00:14:00+00:00,110.8125,110.8125,110.8125,110.8125,39.0
2025-06-19 00:15:00+00:00,110.828125,110.828125,110.8125,110.8125,28.0
2025-06-19 00:16:00+00:00,110.828125,110.828125,110.828125,110.828125,701.0
2025-06-19 00:17:00+00:00,110.8125,110.828125,110.8125,110.828125,132.0
2025-06-19 00:18:00+00:00,110.828125,110.828125,110.8125,110.8125,170.0
2025-06-19 00:19:00+00:00,110.828125,110.84375,110.828125,110.828125,90.0
2025-06-19 00:22:00+00:00,110.8125,110.8125,110.8125,110.8125,244.0
2025-06-19 00:23:00+00:00,110.8125,110.828125,110.8125,110.8125,358.0
2025-06-19 00:24:00+00:00,110.8125,110.8125,110.8125,110.8125,80.0
2025-06-19 00:25:00+00:00,110.828125,110.828125,110.796875,110.796875,43.0
2025-06-19 00:26:00+00:00,110.8125,110.8125,110.8125,110.8125,375.0
2025-06-19 00:31:00+00:00,110.796875,110.796875,110.796875,110.796875,244.0
2025-06-19 00:32:00+00:00,110.796875,110.8125,110.796875,110.8125,58.0
2025-06-19 00:35:00+00:00,110.8125,110.8125,110.8125,110.8125,13.0
2025-06-19 00:36:00+00:00,110.8125,110.8125,110.8125,110.8125,71.0
2025-06-19 00:37:00+00:00,110.8125,110.8125,110.8125,110.8125,17.0
2025-06-19 00:38:00+00:00,110.8125,110.8125,110.8125,110.8125,14.0
2025-06-19 00:42:00+00:00,110.8125,110.8125,110.796875,110.796875,8.0
2025-06-19 00:44:00+00:00,110.796875,110.796875,110.796875,110.796875,14.0
2025-06-19 00:49:00+00:00,110.8125,110.8125,110.8125,110.8125,96.0
2025-06-19 00:50:00+00:00,110.8125,110.828125,110.8125,110.8125,34.0
2025-06-19 00:51:00+00:00,110.828125,110.828125,110.8125,110.828125,13.0
2025-06-19 00:52:00+00:00,110.828125,110.828125,110.828125,110.828125,3.0
2025-06-19 00:53:00+00:00,110.828125,110.828125,110.828125,110.828125,149.0
2025-06-19 00:54:00+00:00,110.828125,110.828125,110.828125,110.828125,33.0
2025-06-19 00:55:00+00:00,110.828125,110.828125,110.828125,110.828125,29.0
2025-06-19 00:56:00+00:00,110.828125,110.828125,110.828125,110.828125,22.0
2025-06-19 00:57:00+00:00,110.8125,110.828125,110.8125,110.828125,10.0
2025-06-19 01:00:00+00:00,110.84375,110.84375,110.828125,110.828125,44.0
2025-06-19 01:01:00+00:00,110.84375,110.84375,110.84375,110.84375,25.0
2025-06-19 01:02:00+00:00,110.828125,110.828125,110.828125,110.828125,4.0
2025-06-19 01:04:00+00:00,110.890625,110.90625,110.828125,110.828125,3363.0
2025-06-19 01:05:00+00:00,110.890625,110.9375,110.875,110.890625,4666.0
2025-06-19 01:07:00+00:00,110.875,110.890625,110.875,110.890625,2064.0
2025-06-19 01:08:00+00:00,110.875,110.875,110.875,110.875,281.0
2025-06-19 01:10:00+00:00,110.875,110.875,110.875,110.875,295.0
2025-06-19 01:11:00+00:00,110.875,110.890625,110.875,110.875,289.0
2025-06-19 01:12:00+00:00,110.875,110.875,110.875,110.875,164.0
2025-06-19 01:13:00+00:00,110.875,110.890625,110.875,110.875,490.0
2025-06-19 01:14:00+00:00,110.875,110.890625,110.875,110.875,170.0
2025-06-19 01:15:00+00:00,110.875,110.875,110.875,110.875,172.0
2025-06-19 01:16:00+00:00,110.890625,110.890625,110.890625,110.890625,1.0
2025-06-19 01:18:00+00:00,110.890625,110.890625,110.890625,110.890625,11.0
2025-06-19 01:19:00+00:00,110.890625,110.890625,110.890625,110.890625,8.0
2025-06-19 01:23:00+00:00,110.890625,110.890625,110.890625,110.890625,260.0
2025-06-19 01:24:00+00:00,110.890625,110.890625,110.890625,110.890625,52.0
2025-06-19 01:25:00+00:00,110.875,110.875,110.875,110.875,481.0
2025-06-19 01:26:00+00:00,110.875,110.875,110.875,110.875,95.0
2025-06-19 01:27:00+00:00,110.875,110.875,110.875,110.875,97.0
2025-06-19 01:30:00+00:00,110.875,110.875,110.875,110.875,59.0
2025-06-19 01:31:00+00:00,110.859375,110.859375,110.859375,110.859375,600.0
2025-06-19 01:32:00+00:00,110.859375,110.859375,110.859375,110.859375,233.0
2025-06-19 01:34:00+00:00,110.859375,110.859375,110.859375,110.859375,80.0
2025-06-19 01:35:00+00:00,110.859375,110.859375,110.84375,110.84375,15.0
2025-06-19 01:36:00+00:00,110.859375,110.859375,110.859375,110.859375,127.0
2025-06-19 01:38:00+00:00,110.859375,110.859375,110.859375,110.859375,65.0
2025-06-19 01:39:00+00:00,110.859375,110.859375,110.859375,110.859375,651.0
2025-06-19 01:40:00+00:00,110.859375,110.859375,110.859375,110.859375,1.0
2025-06-19 01:41:00+00:00,110.859375,110.875,110.859375,110.859375,222.0
2025-06-19 01:42:00+00:00,110.875,110.875,110.875,110.875,160.0
2025-06-19 01:43:00+00:00,110.875,110.875,110.875,110.875,1.0
2025-06-19 01:45:00+00:00,110.859375,110.875,110.859375,110.875,136.0
2025-06-19 01:46:00+00:00,110.859375,110.875,110.859375,110.875,2.0
2025-06-19 01:47:00+00:00,110.859375,110.859375,110.859375,110.859375,262.0
2025-06-19 01:50:00+00:00,110.859375,110.859375,110.859375,110.859375,281.0
2025-06-19 01:58:00+00:00,110.859375,110.875,110.859375,110.859375,3.0
2025-06-19 01:59:00+00:00,110.859375,110.875,110.859375,110.875,4.0
2025-06-19 02:00:00+00:00,110.875,110.875,110.859375,110.859375,16.0
2025-06-19 02:01:00+00:00,110.859375,110.875,110.859375,110.875,13.0
2025-06-19 02:02:00+00:00,110.859375,110.859375,110.859375,110.859375,14.0
2025-06-19 02:05:00+00:00,110.859375,110.859375,110.859375,110.859375,716.0
2025-06-19 02:06:00+00:00,110.859375,110.859375,110.859375,110.859375,26.0
2025-06-19 02:13:00+00:00,110.84375,110.859375,110.84375,110.859375,1036.0
2025-06-19 02:15:00+00:00,110.84375,110.84375,110.84375,110.84375,183.0
2025-06-19 02:18:00+00:00,110.828125,110.828125,110.828125,110.828125,10.0
2025-06-19 02:21:00+00:00,110.828125,110.828125,110.828125,110.828125,6.0
2025-06-19 02:22:00+00:00,110.828125,110.828125,110.828125,110.828125,15.0
2025-06-19 02:25:00+00:00,110.84375,110.84375,110.828125,110.828125,5.0
2025-06-19 02:27:00+00:00,110.828125,110.828125,110.828125,110.828125,88.0
2025-06-19 02:30:00+00:00,110.828125,110.828125,110.828125,110.828125,872.0
2025-06-19 02:31:00+00:00,110.828125,110.828125,110.828125,110.828125,27.0
2025-06-19 02:38:00+00:00,110.828125,110.828125,110.828125,110.828125,165.0
2025-06-19 02:40:00+00:00,110.828125,110.828125,110.828125,110.828125,259.0
2025-06-19 02:41:00+00:00,110.8125,110.8125,110.8125,110.8125,21.0
2025-06-19 02:42:00+00:00,110.8125,110.8125,110.8125,110.8125,155.0
2025-06-19 02:45:00+00:00,110.8125,110.8125,110.8125,110.8125,1161.0
2025-06-19 02:46:00+00:00,110.8125,110.8125,110.8125,110.8125,223.0
2025-06-19 02:50:00+00:00,110.8125,110.8125,110.8125,110.8125,409.0
2025-06-19 02:52:00+00:00,110.8125,110.8125,110.8125,110.8125,205.0
2025-06-19 02:59:00+00:00,110.8125,110.8125,110.8125,110.8125,324.0
2025-06-19 03:01:00+00:00,110.796875,110.8125,110.796875,110.8125,198.0
2025-06-19 03:03:00+00:00,110.796875,110.796875,110.796875,110.796875,5.0
2025-06-19 03:04:00+00:00,110.8125,110.8125,110.8125,110.8125,184.0
2025-06-19 03:05:00+00:00,110.8125,110.8125,110.8125,110.8125,93.0
2025-06-19 03:21:00+00:00,110.796875,110.796875,110.796875,110.796875,21.0
2025-06-19 03:24:00+00:00,110.8125,110.8125,110.8125,110.8125,345.0
2025-06-19 03:28:00+00:00,110.8125,110.8125,110.8125,110.8125,217.0
2025-06-19 03:29:00+00:00,110.8125,110.8125,110.8125,110.8125,23.0
2025-06-19 03:31:00+00:00,110.8125,110.8125,110.8125,110.8125,108.0
2025-06-19 03:33:00+00:00,110.8125,110.8125,110.8125,110.8125,104.0
2025-06-19 03:34:00+00:00,110.796875,110.8125,110.796875,110.8125,124.0
2025-06-19 03:38:00+00:00,110.8125,110.8125,110.8125,110.8125,55.0
2025-06-19 03:40:00+00:00,110.828125,110.828125,110.828125,110.828125,11.0
2025-06-19 03:42:00+00:00,110.828125,110.828125,110.828125,110.828125,51.0
2025-06-19 03:46:00+00:00,110.8125,110.828125,110.8125,110.828125,252.0
2025-06-19 03:47:00+00:00,110.828125,110.828125,110.828125,110.828125,31.0
2025-06-19 03:49:00+00:00,110.828125,110.828125,110.828125,110.828125,414.0
2025-06-19 03:51:00+00:00,110.84375,110.84375,110.828125,110.828125,14.0
2025-06-19 03:52:00+00:00,110.84375,110.84375,110.84375,110.84375,3.0
2025-06-19 03:53:00+00:00,110.828125,110.828125,110.828125,110.828125,131.0
2025-06-19 03:54:00+00:00,110.828125,110.828125,110.828125,110.828125,24.0
2025-06-19 03:58:00+00:00,110.828125,110.828125,110.828125,110.828125,17.0
2025-06-19 04:04:00+00:00,110.828125,110.828125,110.828125,110.828125,108.0
2025-06-19 04:06:00+00:00,110.828125,110.828125,110.828125,110.828125,2.0
2025-06-19 04:07:00+00:00,110.828125,110.828125,110.828125,110.828125,21.0
2025-06-19 04:08:00+00:00,110.84375,110.84375,110.84375,110.84375,4.0
2025-06-19 04:09:00+00:00,110.84375,110.84375,110.84375,110.84375,56.0
2025-06-19 04:10:00+00:00,110.84375,110.84375,110.84375,110.84375,229.0
2025-06-19 04:12:00+00:00,110.84375,110.84375,110.84375,110.84375,51.0
2025-06-19 04:15:00+00:00,110.84375,110.84375,110.84375,110.84375,7.0
2025-06-19 04:16:00+00:00,110.859375,110.859375,110.84375,110.84375,275.0
2025-06-19 04:17:00+00:00,110.859375,110.859375,110.859375,110.859375,13.0
2025-06-19 04:29:00+00:00,110.859375,110.859375,110.859375,110.859375,105.0
2025-06-19 04:33:00+00:00,110.859375,110.859375,110.859375,110.859375,37.0
2025-06-19 04:36:00+00:00,110.84375,110.859375,110.84375,110.859375,62.0
2025-06-19 04:39:00+00:00,110.875,110.875,110.859375,110.859375,669.0
2025-06-19 04:40:00+00:00,110.859375,110.875,110.859375,110.875,359.0
2025-06-19 04:41:00+00:00,110.859375,110.859375,110.859375,110.859375,2.0
2025-06-19 04:46:00+00:00,110.859375,110.859375,110.859375,110.859375,407.0
2025-06-19 04:47:00+00:00,110.859375,110.859375,110.859375,110.859375,15.0
2025-06-19 04:50:00+00:00,110.859375,110.859375,110.859375,110.859375,351.0
2025-06-19 04:52:00+00:00,110.859375,110.875,110.859375,110.875,294.0
2025-06-19 04:55:00+00:00,110.875,110.875,110.875,110.875,118.0
2025-06-19 04:58:00+00:00,110.875,110.890625,110.875,110.875,679.0
2025-06-19 04:59:00+00:00,110.875,110.875,110.875,110.875,2.0
2025-06-19 05:02:00+00:00,110.875,110.875,110.875,110.875,272.0
2025-06-19 05:03:00+00:00,110.875,110.875,110.875,110.875,49.0
2025-06-19 05:10:00+00:00,110.859375,110.859375,110.859375,110.859375,41.0
2025-06-19 05:11:00+00:00,110.84375,110.859375,110.84375,110.859375,342.0
2025-06-19 05:12:00+00:00,110.859375,110.859375,110.859375,110.859375,66.0
2025-06-19 05:14:00+00:00,110.859375,110.859375,110.859375,110.859375,102.0
2025-06-19 05:16:00+00:00,110.859375,110.875,110.859375,110.875,33.0
2025-06-19 05:19:00+00:00,110.859375,110.859375,110.859375,110.859375,170.0
2025-06-19 05:27:00+00:00,110.84375,110.859375,110.84375,110.84375,107.0
2025-06-19 05:31:00+00:00,110.859375,110.859375,110.84375,110.84375,54.0
2025-06-19 05:35:00+00:00,110.859375,110.859375,110.859375,110.859375,16.0
2025-06-19 05:36:00+00:00,110.859375,110.859375,110.859375,110.859375,53.0
2025-06-19 05:37:00+00:00,110.859375,110.875,110.859375,110.875,214.0
2025-06-19 05:38:00+00:00,110.84375,110.859375,110.84375,110.859375,531.0
2025-06-19 05:42:00+00:00,110.84375,110.859375,110.84375,110.859375,8.0
2025-06-19 05:43:00+00:00,110.84375,110.84375,110.84375,110.84375,809.0
2025-06-19 05:44:00+00:00,110.828125,110.84375,110.828125,110.84375,83.0
2025-06-19 05:45:00+00:00,110.84375,110.859375,110.84375,110.84375,295.0
2025-06-19 05:48:00+00:00,110.84375,110.84375,110.84375,110.84375,86.0
2025-06-19 05:51:00+00:00,110.84375,110.84375,110.84375,110.84375,17.0
2025-06-19 05:52:00+00:00,110.828125,110.828125,110.828125,110.828125,100.0
2025-06-19 05:54:00+00:00,110.828125,110.84375,110.828125,110.84375,48.0
2025-06-19 05:55:00+00:00,110.84375,110.859375,110.84375,110.84375,329.0
2025-06-19 05:56:00+00:00,110.84375,110.84375,110.84375,110.84375,98.0
2025-06-19 05:57:00+00:00,110.859375,110.859375,110.859375,110.859375,70.0
2025-06-19 05:58:00+00:00,110.859375,110.859375,110.859375,110.859375,8.0
2025-06-19 06:00:00+00:00,110.84375,110.84375,110.84375,110.84375,428.0
2025-06-19 06:01:00+00:00,110.84375,110.84375,110.84375,110.84375,13.0
2025-06-19 06:02:00+00:00,110.84375,110.84375,110.84375,110.84375,443.0
2025-06-19 06:03:00+00:00,110.828125,110.84375,110.828125,110.84375,769.0
2025-06-19 06:04:00+00:00,110.8125,110.828125,110.8125,110.828125,434.0
2025-06-19 06:05:00+00:00,110.8125,110.8125,110.8125,110.8125,486.0
2025-06-19 06:06:00+00:00,110.8125,110.8125,110.8125,110.8125,402.0
2025-06-19 06:07:00+00:00,110.796875,110.8125,110.796875,110.8125,118.0
2025-06-19 06:08:00+00:00,110.796875,110.8125,110.796875,110.796875,77.0
2025-06-19 06:09:00+00:00,110.796875,110.796875,110.796875,110.796875,326.0
2025-06-19 06:13:00+00:00,110.796875,110.796875,110.796875,110.796875,133.0
2025-06-19 06:16:00+00:00,110.796875,110.796875,110.796875,110.796875,158.0
2025-06-19 06:18:00+00:00,110.796875,110.796875,110.796875,110.796875,516.0
2025-06-19 06:19:00+00:00,110.796875,110.796875,110.796875,110.796875,52.0
2025-06-19 06:20:00+00:00,110.796875,110.796875,110.796875,110.796875,25.0
2025-06-19 06:24:00+00:00,110.78125,110.796875,110.78125,110.796875,542.0
2025-06-19 06:25:00+00:00,110.796875,110.796875,110.796875,110.796875,223.0
2025-06-19 06:28:00+00:00,110.796875,110.796875,110.796875,110.796875,84.0
2025-06-19 06:30:00+00:00,110.78125,110.78125,110.765625,110.78125,1201.0
2025-06-19 06:32:00+00:00,110.765625,110.765625,110.765625,110.765625,55.0
2025-06-19 06:33:00+00:00,110.75,110.765625,110.75,110.765625,569.0
2025-06-19 06:38:00+00:00,110.78125,110.796875,110.78125,110.78125,761.0
2025-06-19 06:41:00+00:00,110.78125,110.78125,110.78125,110.78125,318.0
2025-06-19 06:43:00+00:00,110.765625,110.765625,110.765625,110.765625,54.0
2025-06-19 06:44:00+00:00,110.75,110.765625,110.75,110.765625,758.0
2025-06-19 06:45:00+00:00,110.765625,110.78125,110.765625,110.765625,862.0
2025-06-19 06:46:00+00:00,110.765625,110.765625,110.765625,110.765625,236.0
2025-06-19 06:47:00+00:00,110.765625,110.765625,110.75,110.765625,105.0
2025-06-19 06:48:00+00:00,110.78125,110.78125,110.765625,110.765625,104.0
2025-06-19 06:49:00+00:00,110.765625,110.765625,110.765625,110.765625,564.0
2025-06-19 06:50:00+00:00,110.78125,110.78125,110.765625,110.765625,1142.0
2025-06-19 06:52:00+00:00,110.78125,110.78125,110.78125,110.78125,543.0
2025-06-19 06:56:00+00:00,110.765625,110.765625,110.765625,110.765625,194.0
2025-06-19 06:57:00+00:00,110.765625,110.765625,110.765625,110.765625,136.0
2025-06-19 07:00:00+00:00,110.75,110.765625,110.75,110.765625,463.0
2025-06-19 07:01:00+00:00,110.734375,110.75,110.734375,110.75,649.0
2025-06-19 07:02:00+00:00,110.734375,110.75,110.734375,110.734375,21.0
2025-06-19 07:04:00+00:00,110.734375,110.734375,110.734375,110.734375,1539.0
2025-06-19 07:05:00+00:00,110.71875,110.734375,110.71875,110.734375,306.0
2025-06-19 07:06:00+00:00,110.71875,110.734375,110.71875,110.734375,57.0
2025-06-19 07:07:00+00:00,110.71875,110.734375,110.71875,110.734375,1232.0
2025-06-19 07:08:00+00:00,110.734375,110.734375,110.71875,110.71875,103.0
2025-06-19 07:09:00+00:00,110.71875,110.734375,110.71875,110.71875,773.0
2025-06-19 07:10:00+00:00,110.71875,110.734375,110.71875,110.71875,690.0
2025-06-19 07:11:00+00:00,110.71875,110.71875,110.71875,110.71875,66.0
2025-06-19 07:12:00+00:00,110.71875,110.71875,110.71875,110.71875,9.0
2025-06-19 07:13:00+00:00,110.71875,110.71875,110.71875,110.71875,355.0
2025-06-19 07:15:00+00:00,110.75,110.75,110.734375,110.734375,430.0
2025-06-19 07:16:00+00:00,110.734375,110.734375,110.734375,110.734375,986.0
2025-06-19 07:18:00+00:00,110.734375,110.734375,110.734375,110.734375,120.0
2025-06-19 07:19:00+00:00,110.734375,110.734375,110.734375,110.734375,489.0
2025-06-19 07:20:00+00:00,110.734375,110.734375,110.734375,110.734375,643.0
2025-06-19 07:21:00+00:00,110.71875,110.734375,110.71875,110.71875,1314.0
2025-06-19 07:22:00+00:00,110.71875,110.71875,110.71875,110.71875,4.0
2025-06-19 07:23:00+00:00,110.6875,110.71875,110.6875,110.71875,3644.0
2025-06-19 07:24:00+00:00,110.6875,110.703125,110.6875,110.6875,1376.0
2025-06-19 07:25:00+00:00,110.6875,110.703125,110.6875,110.6875,146.0
2025-06-19 07:26:00+00:00,110.703125,110.703125,110.6875,110.6875,673.0
2025-06-19 07:27:00+00:00,110.6875,110.71875,110.6875,110.703125,268.0
2025-06-19 07:28:00+00:00,110.671875,110.6875,110.671875,110.6875,713.0
2025-06-19 07:29:00+00:00,110.671875,110.6875,110.671875,110.6875,2044.0
2025-06-19 07:30:00+00:00,110.65625,110.671875,110.65625,110.671875,368.0
2025-06-19 07:31:00+00:00,110.6875,110.6875,110.65625,110.671875,1753.0
2025-06-19 07:32:00+00:00,110.6875,110.6875,110.671875,110.671875,565.0
2025-06-19 07:33:00+00:00,110.6875,110.6875,110.6875,110.6875,904.0
2025-06-19 07:34:00+00:00,110.6875,110.6875,110.671875,110.671875,310.0
2025-06-19 07:35:00+00:00,110.6875,110.6875,110.671875,110.6875,341.0
2025-06-19 07:36:00+00:00,110.6875,110.6875,110.6875,110.6875,211.0
2025-06-19 07:37:00+00:00,110.703125,110.703125,110.703125,110.703125,3.0
2025-06-19 07:38:00+00:00,110.703125,110.703125,110.703125,110.703125,156.0
2025-06-19 07:39:00+00:00,110.703125,110.703125,110.6875,110.703125,318.0
2025-06-19 07:40:00+00:00,110.6875,110.703125,110.6875,110.703125,106.0
2025-06-19 07:41:00+00:00,110.6875,110.6875,110.6875,110.6875,7.0
2025-06-19 07:42:00+00:00,110.703125,110.703125,110.6875,110.703125,816.0
2025-06-19 07:43:00+00:00,110.6875,110.703125,110.6875,110.703125,511.0
2025-06-19 07:44:00+00:00,110.71875,110.71875,110.6875,110.703125,324.0
2025-06-19 07:45:00+00:00,110.703125,110.71875,110.703125,110.71875,313.0
2025-06-19 07:46:00+00:00,110.71875,110.71875,110.703125,110.703125,2.0
2025-06-19 07:47:00+00:00,110.703125,110.71875,110.703125,110.71875,63.0
2025-06-19 07:48:00+00:00,110.703125,110.71875,110.703125,110.703125,108.0
2025-06-19 07:49:00+00:00,110.71875,110.71875,110.71875,110.71875,657.0
2025-06-19 07:50:00+00:00,110.734375,110.734375,110.734375,110.734375,1029.0
2025-06-19 07:52:00+00:00,110.734375,110.734375,110.734375,110.734375,101.0
2025-06-19 07:53:00+00:00,110.734375,110.734375,110.71875,110.71875,111.0
2025-06-19 07:54:00+00:00,110.734375,110.75,110.734375,110.734375,497.0
2025-06-19 07:55:00+00:00,110.734375,110.734375,110.734375,110.734375,342.0
2025-06-19 07:58:00+00:00,110.734375,110.734375,110.734375,110.734375,57.0
2025-06-19 07:59:00+00:00,110.71875,110.734375,110.71875,110.71875,29.0
2025-06-19 08:00:00+00:00,110.71875,110.71875,110.71875,110.71875,747.0
2025-06-19 08:02:00+00:00,110.734375,110.734375,110.734375,110.734375,13.0
2025-06-19 08:05:00+00:00,110.71875,110.71875,110.71875,110.71875,525.0
2025-06-19 08:06:00+00:00,110.71875,110.734375,110.71875,110.71875,161.0
2025-06-19 08:07:00+00:00,110.71875,110.71875,110.71875,110.71875,609.0
2025-06-19 08:08:00+00:00,110.71875,110.734375,110.71875,110.71875,418.0
2025-06-19 08:09:00+00:00,110.71875,110.71875,110.71875,110.71875,285.0
2025-06-19 08:10:00+00:00,110.71875,110.71875,110.71875,110.71875,90.0
2025-06-19 08:13:00+00:00,110.703125,110.703125,110.6875,110.703125,2178.0
2025-06-19 08:14:00+00:00,110.703125,110.703125,110.703125,110.703125,746.0
2025-06-19 08:15:00+00:00,110.71875,110.71875,110.71875,110.71875,180.0
2025-06-19 08:16:00+00:00,110.71875,110.71900177001953,110.71875,110.71875,3681.0
2025-06-19 08:19:00+00:00,110.71875,110.71875,110.71875,110.71875,0.0
2025-06-19 08:20:00+00:00,110.734375,110.734375,110.71875,110.734375,409.0
2025-06-19 08:22:00+00:00,110.734375,110.734375,110.734375,110.734375,594.0
2025-06-19 08:23:00+00:00,110.734375,110.734375,110.734375,110.734375,83.0
2025-06-19 08:24:00+00:00,110.734375,110.734375,110.734375,110.734375,15.0
2025-06-19 08:25:00+00:00,110.734375,110.734375,110.71875,110.71875,7.0
2025-06-19 08:26:00+00:00,110.71875,110.71875,110.71875,110.71875,445.0
2025-06-19 08:27:00+00:00,110.71875,110.71875,110.71875,110.71875,2.0
2025-06-19 08:28:00+00:00,110.71875,110.71875,110.71875,110.71875,1526.0
2025-06-19 08:29:00+00:00,110.71875,110.71875,110.71875,110.71875,15.0
2025-06-19 08:30:00+00:00,110.734375,110.734375,110.734375,110.734375,343.0
2025-06-19 08:32:00+00:00,110.71875,110.71875,110.71875,110.71875,591.0
2025-06-19 08:35:00+00:00,110.703125,110.703125,110.703125,110.703125,7.0
2025-06-19 08:37:00+00:00,110.703125,110.703125,110.703125,110.703125,56.0
2025-06-19 08:38:00+00:00,110.703125,110.703125,110.703125,110.703125,1.0
2025-06-19 08:40:00+00:00,110.71875,110.71875,110.71875,110.71875,707.0
2025-06-19 08:41:00+00:00,110.703125,110.703125,110.703125,110.703125,360.0
2025-06-19 08:42:00+00:00,110.703125,110.703125,110.703125,110.703125,390.0
2025-06-19 08:43:00+00:00,110.71875,110.71875,110.703125,110.703125,206.0
2025-06-19 08:44:00+00:00,110.703125,110.703125,110.703125,110.703125,2.0
2025-06-19 08:45:00+00:00,110.703125,110.703125,110.703125,110.703125,1127.0
2025-06-19 08:46:00+00:00,110.703125,110.703125,110.703125,110.703125,162.0
2025-06-19 08:48:00+00:00,110.703125,110.703125,110.703125,110.703125,1009.0
2025-06-19 08:49:00+00:00,110.703125,110.71875,110.703125,110.71875,32.0
2025-06-19 08:55:00+00:00,110.71875,110.71875,110.71875,110.71875,300.0
2025-06-19 08:56:00+00:00,110.71875,110.71875,110.71875,110.71875,34.0
2025-06-19 08:57:00+00:00,110.71875,110.71875,110.71875,110.71875,139.0
2025-06-19 08:58:00+00:00,110.71875,110.734375,110.71875,110.734375,29.0
2025-06-19 08:59:00+00:00,110.71875,110.734375,110.71875,110.71875,476.0
2025-06-19 09:00:00+00:00,110.75,110.75,110.71875,110.71875,360.0
2025-06-19 09:01:00+00:00,110.75,110.75,110.734375,110.734375,28.0
2025-06-19 09:03:00+00:00,110.75,110.75,110.75,110.75,18.0
2025-06-19 09:04:00+00:00,110.734375,110.75,110.734375,110.734375,18.0
2025-06-19 09:06:00+00:00,110.734375,110.734375,110.734375,110.734375,573.0
2025-06-19 09:10:00+00:00,110.71875,110.734375,110.71875,110.734375,671.0
2025-06-19 09:11:00+00:00,110.71875,110.71875,110.71875,110.71875,260.0
2025-06-19 09:13:00+00:00,110.734375,110.734375,110.734375,110.734375,50.0
2025-06-19 09:14:00+00:00,110.734375,110.734375,110.734375,110.734375,300.0
2025-06-19 09:18:00+00:00,110.703125,110.703125,110.703125,110.703125,112823.0
2025-06-19 09:19:00+00:00,110.71875,110.71875,110.71875,110.71875,485.0
2025-06-19 09:20:00+00:00,110.71875,110.71875,110.71875,110.71875,149.0
2025-06-19 09:22:00+00:00,110.703125,110.71875,110.703125,110.71875,26.0
2025-06-19 09:25:00+00:00,110.703125,110.71875,110.703125,110.703125,1645.0
2025-06-19 09:27:00+00:00,110.6875,110.703125,110.6875,110.703125,2.0
2025-06-19 09:28:00+00:00,110.703125,110.703125,110.6875,110.6875,2.0
2025-06-19 09:29:00+00:00,110.6875,110.703125,110.6875,110.6875,104.0
2025-06-19 09:31:00+00:00,110.703125,110.703125,110.6875,110.6875,8.0
2025-06-19 09:32:00+00:00,110.703125,110.703125,110.6875,110.6875,474.0
2025-06-19 09:33:00+00:00,110.6875,110.703125,110.6875,110.703125,1054.0
2025-06-19 09:34:00+00:00,110.703125,110.703125,110.703125,110.703125,961.0
2025-06-19 09:35:00+00:00,110.703125,110.703125,110.703125,110.703125,420.0
2025-06-19 09:37:00+00:00,110.703125,110.703125,110.703125,110.703125,267.0
2025-06-19 09:38:00+00:00,110.6875,110.703125,110.6875,110.703125,98.0
2025-06-19 09:40:00+00:00,110.71875,110.71875,110.703125,110.703125,191.0
2025-06-19 09:41:00+00:00,110.71875,110.71875,110.703125,110.71875,4.0
2025-06-19 09:42:00+00:00,110.71875,110.71875,110.703125,110.71875,679.0
2025-06-19 09:43:00+00:00,110.71875,110.71875,110.71875,110.71875,131.0
2025-06-19 09:44:00+00:00,110.71875,110.71875,110.71875,110.71875,103.0
2025-06-19 09:45:00+00:00,110.71875,110.71875,110.71875,110.71875,70.0
2025-06-19 09:46:00+00:00,110.703125,110.71875,110.703125,110.71875,112.0
2025-06-19 09:47:00+00:00,110.71875,110.71875,110.71875,110.71875,115.0
2025-06-19 09:49:00+00:00,110.734375,110.734375,110.71875,110.71875,172.0
2025-06-19 09:50:00+00:00,110.734375,110.734375,110.71875,110.71875,19.0
2025-06-19 09:51:00+00:00,110.71875,110.71875,110.71875,110.71875,10.0
2025-06-19 09:53:00+00:00,110.734375,110.734375,110.71875,110.71875,175.0
2025-06-19 09:54:00+00:00,110.734375,110.734375,110.734375,110.734375,96.0
2025-06-19 09:56:00+00:00,110.734375,110.734375,110.734375,110.734375,87.0
2025-06-19 09:57:00+00:00,110.734375,110.734375,110.734375,110.734375,619.0
2025-06-19 09:58:00+00:00,110.734375,110.734375,110.734375,110.734375,598.0
2025-06-19 09:59:00+00:00,110.71875,110.734375,110.71875,110.734375,15.0
2025-06-19 10:00:00+00:00,110.71875,110.734375,110.71875,110.71875,1274.0
2025-06-19 10:02:00+00:00,110.71875,110.734375,110.71875,110.734375,2.0
2025-06-19 10:03:00+00:00,110.71875,110.71875,110.71875,110.71875,624.0
2025-06-19 10:04:00+00:00,110.703125,110.71875,110.703125,110.71875,95.0
2025-06-19 10:06:00+00:00,110.71875,110.71875,110.703125,110.703125,289.0
2025-06-19 10:07:00+00:00,110.71875,110.734375,110.703125,110.71875,516.0
2025-06-19 10:08:00+00:00,110.71875,110.734375,110.71875,110.734375,3.0
2025-06-19 10:09:00+00:00,110.734375,110.734375,110.71875,110.71875,9.0
2025-06-19 10:10:00+00:00,110.734375,110.734375,110.71875,110.71875,4.0
2025-06-19 10:11:00+00:00,110.71875,110.734375,110.71875,110.734375,23.0
2025-06-19 10:12:00+00:00,110.71875,110.734375,110.71875,110.734375,36.0
2025-06-19 10:13:00+00:00,110.734375,110.734375,110.734375,110.734375,193.0
2025-06-19 10:23:00+00:00,110.71875,110.75,110.71875,110.75,2639.0
2025-06-19 10:24:00+00:00,110.71875,110.734375,110.71875,110.734375,49.0
2025-06-19 10:25:00+00:00,110.734375,110.734375,110.734375,110.734375,197.0
2025-06-19 10:26:00+00:00,110.734375,110.75,110.734375,110.75,4.0
2025-06-19 10:27:00+00:00,110.75,110.75,110.734375,110.75,15.0
2025-06-19 10:29:00+00:00,110.734375,110.75,110.734375,110.734375,8.0
2025-06-19 10:30:00+00:00,110.75,110.75,110.734375,110.734375,141.0
2025-06-19 10:31:00+00:00,110.734375,110.75,110.734375,110.734375,883.0
2025-06-19 10:32:00+00:00,110.734375,110.75,110.734375,110.734375,798.0
2025-06-19 10:33:00+00:00,110.734375,110.734375,110.71875,110.734375,461.0
2025-06-19 10:35:00+00:00,110.734375,110.75,110.734375,110.75,264.0
2025-06-19 10:36:00+00:00,110.75,110.75,110.734375,110.734375,172.0
2025-06-19 10:37:00+00:00,110.734375,110.75,110.734375,110.734375,297.0
2025-06-19 10:38:00+00:00,110.734375,110.734375,110.734375,110.734375,232.0
2025-06-19 10:39:00+00:00,110.71875,110.734375,110.71875,110.734375,13.0
2025-06-19 10:40:00+00:00,110.71875,110.734375,110.71875,110.734375,591.0
2025-06-19 10:42:00+00:00,110.71875,110.71875,110.71875,110.71875,30.0
2025-06-19 10:43:00+00:00,110.703125,110.71875,110.703125,110.71875,128.0
2025-06-19 10:45:00+00:00,110.71875,110.71875,110.71875,110.71875,314.0
2025-06-19 10:46:00+00:00,110.71875,110.734375,110.71875,110.734375,65.0
2025-06-19 10:48:00+00:00,110.734375,110.734375,110.71875,110.734375,116.0
2025-06-19 10:49:00+00:00,110.71875,110.734375,110.71875,110.734375,124.0
2025-06-19 10:50:00+00:00,110.703125,110.71875,110.703125,110.71875,239.0
2025-06-19 10:52:00+00:00,110.71875,110.71875,110.703125,110.703125,13.0
2025-06-19 10:54:00+00:00,110.71875,110.734375,110.71875,110.71875,181.0
2025-06-19 10:55:00+00:00,110.71875,110.734375,110.703125,110.734375,435.0
2025-06-19 10:59:00+00:00,110.734375,110.734375,110.703125,110.71875,241.0
2025-06-19 11:00:00+00:00,110.71875,110.734375,110.703125,110.734375,376.0
2025-06-19 11:01:00+00:00,110.734375,110.734375,110.71875,110.734375,8.0
2025-06-19 11:02:00+00:00,110.734375,110.734375,110.71875,110.734375,77.0
2025-06-19 11:03:00+00:00,110.734375,110.734375,110.71875,110.71875,59.0
2025-06-19 11:04:00+00:00,110.71875,110.71875,110.71875,110.71875,222.0
2025-06-19 11:05:00+00:00,110.703125,110.703125,110.703125,110.703125,11.0
2025-06-19 11:06:00+00:00,110.71875,110.71875,110.71875,110.71875,3.0
2025-06-19 11:07:00+00:00,110.703125,110.71875,110.703125,110.71875,299.0
2025-06-19 11:08:00+00:00,110.703125,110.703125,110.6875,110.703125,180.0
2025-06-19 11:09:00+00:00,110.703125,110.703125,110.703125,110.703125,144.0
2025-06-19 11:10:00+00:00,110.703125,110.703125,110.703125,110.703125,155.0
2025-06-19 11:12:00+00:00,110.71875,110.71875,110.703125,110.703125,291.0
2025-06-19 11:13:00+00:00,110.703125,110.71875,110.703125,110.71875,22.0
2025-06-19 11:14:00+00:00,110.71875,110.71875,110.703125,110.703125,41.0
2025-06-19 11:15:00+00:00,110.703125,110.71875,110.703125,110.71875,1005.0
2025-06-19 11:16:00+00:00,110.703125,110.703125,110.703125,110.703125,867.0
2025-06-19 11:17:00+00:00,110.703125,110.703125,110.703125,110.703125,86.0
2025-06-19 11:18:00+00:00,110.703125,110.71875,110.703125,110.71875,107.0
2025-06-19 11:19:00+00:00,110.71875,110.71875,110.703125,110.71875,147.0
2025-06-19 11:20:00+00:00,110.703125,110.71875,110.703125,110.71875,3.0
2025-06-19 11:21:00+00:00,110.703125,110.71875,110.703125,110.703125,415.0
2025-06-19 11:23:00+00:00,110.71875,110.71875,110.71875,110.71875,807.0
2025-06-19 11:24:00+00:00,110.734375,110.734375,110.71875,110.71875,627.0
2025-06-19 11:25:00+00:00,110.734375,110.734375,110.71875,110.734375,14.0
2025-06-19 11:26:00+00:00,110.71875,110.71875,110.71875,110.71875,53.0
2025-06-19 11:27:00+00:00,110.75,110.75,110.734375,110.734375,948.0
2025-06-19 11:28:00+00:00,110.734375,110.75,110.734375,110.75,476.0
2025-06-19 11:29:00+00:00,110.734375,110.734375,110.734375,110.734375,451.0
2025-06-19 11:31:00+00:00,110.734375,110.734375,110.734375,110.734375,1271.0
2025-06-19 11:32:00+00:00,110.734375,110.734375,110.734375,110.734375,77.0
2025-06-19 11:33:00+00:00,110.734375,110.75,110.734375,110.75,11.0
2025-06-19 11:34:00+00:00,110.734375,110.75,110.734375,110.734375,706.0
2025-06-19 11:37:00+00:00,110.734375,110.734375,110.71875,110.734375,18.0
2025-06-19 11:38:00+00:00,110.734375,110.734375,110.734375,110.734375,8.0
2025-06-19 11:39:00+00:00,110.734375,110.734375,110.71875,110.734375,733.0
2025-06-19 11:40:00+00:00,110.71875,110.71875,110.71875,110.71875,25.0
2025-06-19 11:41:00+00:00,110.734375,110.734375,110.734375,110.734375,84.0
2025-06-19 11:42:00+00:00,110.71875,110.734375,110.71875,110.71875,5.0
2025-06-19 11:43:00+00:00,110.734375,110.734375,110.71875,110.734375,120.0
2025-06-19 11:44:00+00:00,110.71875,110.734375,110.71875,110.71875,11.0
2025-06-19 11:45:00+00:00,110.71875,110.734375,110.71875,110.734375,7.0
2025-06-19 11:46:00+00:00,110.71875,110.734375,110.71875,110.71875,92.0
2025-06-19 11:47:00+00:00,110.734375,110.734375,110.71875,110.734375,69.0
2025-06-19 11:48:00+00:00,110.734375,110.734375,110.71875,110.71875,28.0
2025-06-19 11:49:00+00:00,110.71875,110.734375,110.71875,110.71875,93.0
2025-06-19 11:50:00+00:00,110.734375,110.734375,110.734375,110.734375,299.0
2025-06-19 11:51:00+00:00,110.734375,110.75,110.734375,110.75,42.0
2025-06-19 11:52:00+00:00,110.734375,110.734375,110.734375,110.734375,470.0
2025-06-19 11:55:00+00:00,110.75,110.75,110.75,110.75,362.0
2025-06-19 11:56:00+00:00,110.734375,110.75,110.734375,110.75,111.0
2025-06-19 11:59:00+00:00,110.71875,110.71875,110.71875,110.71875,165.0
2025-06-19 12:00:00+00:00,110.75,110.75,110.71875,110.71875,1061.0
2025-06-19 12:01:00+00:00,110.75,110.75,110.75,110.75,4.0
2025-06-19 12:03:00+00:00,110.75,110.75,110.75,110.75,214.0
2025-06-19 12:04:00+00:00,110.75,110.75,110.75,110.75,457.0
2025-06-19 12:11:00+00:00,110.71875,110.71875,110.71875,110.71875,701.0
2025-06-19 12:12:00+00:00,110.734375,110.734375,110.71875,110.734375,164.0
2025-06-19 12:14:00+00:00,110.734375,110.734375,110.734375,110.734375,302.0
2025-06-19 12:16:00+00:00,110.734375,110.734375,110.734375,110.734375,129.0
2025-06-19 12:17:00+00:00,110.75,110.75,110.734375,110.75,447.0
2025-06-19 12:19:00+00:00,110.765625,110.78125,110.75,110.75,1782.0
2025-06-19 12:20:00+00:00,110.765625,110.78125,110.765625,110.765625,644.0
2025-06-19 12:21:00+00:00,110.78125,110.78125,110.78125,110.78125,1303.0
2025-06-19 12:23:00+00:00,110.78125,110.78125,110.78125,110.78125,103.0
2025-06-19 12:24:00+00:00,110.78125,110.78125,110.78125,110.78125,9.0
2025-06-19 12:25:00+00:00,110.796875,110.796875,110.78125,110.78125,634.0
2025-06-19 12:26:00+00:00,110.78125,110.796875,110.78125,110.78125,84.0
2025-06-19 12:27:00+00:00,110.8125,110.828125,110.796875,110.796875,2543.0
2025-06-19 12:28:00+00:00,110.828125,110.828125,110.8125,110.8125,1895.0
2025-06-19 12:29:00+00:00,110.828125,110.828125,110.828125,110.828125,341.0
2025-06-19 12:30:00+00:00,110.828125,110.828125,110.8125,110.8125,7.0
2025-06-19 12:32:00+00:00,110.828125,110.828125,110.8125,110.828125,1253.0
2025-06-19 12:33:00+00:00,110.828125,110.828125,110.828125,110.828125,63.0
2025-06-19 12:34:00+00:00,110.8125,110.828125,110.8125,110.828125,30.0
2025-06-19 12:35:00+00:00,110.828125,110.828125,110.828125,110.828125,1975.0
2025-06-19 12:37:00+00:00,110.828125,110.828125,110.828125,110.828125,480.0
2025-06-19 12:38:00+00:00,110.84375,110.84375,110.828125,110.828125,166.0
2025-06-19 12:40:00+00:00,110.859375,110.859375,110.84375,110.84375,1209.0
2025-06-19 12:42:00+00:00,110.859375,110.859375,110.84375,110.84375,11.0
2025-06-19 12:43:00+00:00,110.859375,110.859375,110.84375,110.859375,293.0
2025-06-19 12:44:00+00:00,110.859375,110.859375,110.859375,110.859375,2222.0
2025-06-19 12:45:00+00:00,110.84375,110.859375,110.84375,110.859375,853.0
2025-06-19 12:46:00+00:00,110.859375,110.859375,110.84375,110.84375,728.0
2025-06-19 12:47:00+00:00,110.859375,110.859375,110.859375,110.859375,339.0
2025-06-19 12:48:00+00:00,110.875,110.875,110.859375,110.875,102.0
2025-06-19 12:49:00+00:00,110.859375,110.875,110.859375,110.859375,54.0
2025-06-19 12:50:00+00:00,110.875,110.890625,110.875,110.875,2542.0
2025-06-19 12:51:00+00:00,110.875,110.890625,110.875,110.890625,633.0
2025-06-19 12:52:00+00:00,110.875,110.890625,110.875,110.890625,318.0
2025-06-19 12:53:00+00:00,110.875,110.875,110.875,110.875,61.0
2025-06-19 12:54:00+00:00,110.890625,110.890625,110.875,110.875,324.0
2025-06-19 12:55:00+00:00,110.890625,110.890625,110.890625,110.890625,1224.0
2025-06-19 12:56:00+00:00,110.890625,110.90625,110.890625,110.90625,20.0
2025-06-19 12:57:00+00:00,110.90625,110.90625,110.90625,110.90625,10.0
2025-06-19 12:58:00+00:00,110.90625,110.90625,110.90625,110.90625,25.0
2025-06-19 12:59:00+00:00,110.90625,110.90625,110.90625,110.90625,57.0
2025-06-19 13:00:00+00:00,110.90625,110.921875,110.90625,110.90625,3220.0
2025-06-19 13:01:00+00:00,110.90625,110.921875,110.90625,110.90625,382.0
2025-06-19 13:02:00+00:00,110.90625,110.90625,110.90625,110.90625,5.0
2025-06-19 13:03:00+00:00,110.90625,110.90625,110.90625,110.90625,94.0
2025-06-19 13:04:00+00:00,110.90625,110.90625,110.90625,110.90625,39.0
2025-06-19 13:05:00+00:00,110.90625,110.90625,110.90625,110.90625,1428.0
2025-06-19 13:06:00+00:00,110.90625,110.921875,110.90625,110.90625,240.0
2025-06-19 13:07:00+00:00,110.90625,110.921875,110.90625,110.921875,14.0
2025-06-19 13:08:00+00:00,110.953125,110.953125,110.921875,110.921875,1837.0
2025-06-19 13:09:00+00:00,110.9375,110.9375,110.9375,110.9375,2857.0
2025-06-19 13:10:00+00:00,110.9375,110.953125,110.9375,110.9375,534.0
2025-06-19 13:11:00+00:00,110.953125,110.953125,110.9375,110.9375,535.0
2025-06-19 13:12:00+00:00,110.953125,110.953125,110.9375,110.953125,279.0
2025-06-19 13:13:00+00:00,110.921875,110.9375,110.921875,110.9375,2614.0
2025-06-19 13:14:00+00:00,110.9375,110.9375,110.921875,110.921875,14.0
2025-06-19 13:15:00+00:00,110.921875,110.921875,110.921875,110.921875,111.0
2025-06-19 13:16:00+00:00,110.921875,110.9375,110.921875,110.9375,83.0
2025-06-19 13:17:00+00:00,110.921875,110.9375,110.921875,110.9375,935.0
2025-06-19 13:18:00+00:00,110.921875,110.9375,110.921875,110.9375,117.0
2025-06-19 13:19:00+00:00,110.921875,110.921875,110.921875,110.921875,229.0
2025-06-19 13:20:00+00:00,110.9375,110.9375,110.90625,110.90625,277.0
2025-06-19 13:21:00+00:00,110.9375,110.9375,110.921875,110.921875,56.0
2025-06-19 13:22:00+00:00,110.9375,110.9375,110.9375,110.9375,74.0
2025-06-19 13:23:00+00:00,110.9375,110.9375,110.9375,110.9375,5.0
2025-06-19 13:24:00+00:00,110.9375,110.9375,110.921875,110.9375,803.0
2025-06-19 13:28:00+00:00,110.953125,110.953125,110.9375,110.9375,1549.0
2025-06-19 13:29:00+00:00,110.9375,110.9375,110.9375,110.9375,868.0
2025-06-19 13:30:00+00:00,110.953125,110.953125,110.9375,110.953125,78.0
2025-06-19 13:31:00+00:00,110.9375,110.953125,110.9375,110.953125,110.0
2025-06-19 13:32:00+00:00,110.953125,110.953125,110.9375,110.9375,53.0
2025-06-19 13:33:00+00:00,110.9375,110.953125,110.9375,110.953125,379.0
2025-06-19 13:35:00+00:00,110.9375,110.9375,110.9375,110.9375,255.0
2025-06-19 13:36:00+00:00,110.953125,110.953125,110.9375,110.953125,12.0
2025-06-19 13:37:00+00:00,110.953125,110.953125,110.953125,110.953125,7.0
2025-06-19 13:38:00+00:00,110.9375,110.953125,110.9375,110.953125,2197.0
2025-06-19 13:40:00+00:00,110.953125,110.953125,110.9375,110.953125,178.0
2025-06-19 13:41:00+00:00,110.9375,110.953125,110.9375,110.9375,107.0
2025-06-19 13:42:00+00:00,110.953125,110.953125,110.9375,110.953125,2035.0
2025-06-19 13:43:00+00:00,110.953125,110.953125,110.953125,110.953125,509.0
2025-06-19 13:44:00+00:00,110.953125,110.953125,110.9375,110.953125,1346.0
2025-06-19 13:45:00+00:00,110.953125,110.96875,110.953125,110.96875,100.0
2025-06-19 13:46:00+00:00,110.984375,110.984375,110.953125,110.96875,982.0
2025-06-19 13:47:00+00:00,110.984375,110.984375,110.96875,110.96875,1271.0
2025-06-19 13:48:00+00:00,110.984375,110.984375,110.984375,110.984375,15.0
2025-06-19 13:49:00+00:00,110.96875,110.96875,110.96875,110.96875,321.0
2025-06-19 13:50:00+00:00,110.96875,110.984375,110.96875,110.984375,133.0
2025-06-19 13:51:00+00:00,110.96875,110.984375,110.96875,110.984375,3034.0
2025-06-19 13:52:00+00:00,110.96875,110.96875,110.96875,110.96875,55.0
2025-06-19 13:53:00+00:00,110.96875,110.96875,110.96875,110.96875,25.0
2025-06-19 13:54:00+00:00,110.96875,110.96875,110.953125,110.953125,99.0
2025-06-19 13:55:00+00:00,110.953125,110.96875,110.953125,110.953125,1688.0
2025-06-19 13:56:00+00:00,110.953125,110.953125,110.953125,110.953125,1449.0
2025-06-19 13:57:00+00:00,110.953125,110.953125,110.953125,110.953125,282.0
2025-06-19 13:58:00+00:00,110.9375,110.953125,110.9375,110.953125,13.0
2025-06-19 13:59:00+00:00,110.96875,110.96875,110.953125,110.953125,192.0
2025-06-19 14:00:00+00:00,110.953125,110.953125,110.953125,110.953125,1732.0
2025-06-19 14:01:00+00:00,110.953125,110.953125,110.953125,110.953125,501.0
2025-06-19 14:02:00+00:00,110.953125,110.953125,110.953125,110.953125,14.0
2025-06-19 14:05:00+00:00,110.9375,110.953125,110.9375,110.953125,2033.0
2025-06-19 14:06:00+00:00,110.921875,110.9375,110.921875,110.9375,207.0
2025-06-19 14:07:00+00:00,110.921875,110.9375,110.921875,110.921875,841.0
2025-06-19 14:08:00+00:00,110.921875,110.921875,110.921875,110.921875,10.0
2025-06-19 14:09:00+00:00,110.921875,110.921875,110.90625,110.90625,57.0
2025-06-19 14:10:00+00:00,110.921875,110.921875,110.921875,110.921875,16.0
2025-06-19 14:11:00+00:00,110.90625,110.90625,110.90625,110.90625,74.0
2025-06-19 14:12:00+00:00,110.90625,110.921875,110.90625,110.921875,6.0
2025-06-19 14:14:00+00:00,110.921875,110.921875,110.921875,110.921875,5.0
2025-06-19 14:16:00+00:00,110.921875,110.921875,110.921875,110.921875,845.0
2025-06-19 14:17:00+00:00,110.921875,110.9375,110.921875,110.9375,23.0
2025-06-19 14:18:00+00:00,110.921875,110.9375,110.90625,110.9375,1113.0
2025-06-19 14:20:00+00:00,110.921875,110.921875,110.921875,110.921875,833.0
2025-06-19 14:21:00+00:00,110.921875,110.921875,110.90625,110.921875,461.0
2025-06-19 14:22:00+00:00,110.921875,110.921875,110.921875,110.921875,488.0
2025-06-19 14:23:00+00:00,110.921875,110.921875,110.921875,110.921875,73.0
2025-06-19 14:24:00+00:00,110.921875,110.9375,110.921875,110.921875,19.0
2025-06-19 14:25:00+00:00,110.90625,110.9375,110.90625,110.9375,417.0
2025-06-19 14:26:00+00:00,110.921875,110.921875,110.921875,110.921875,80.0
2025-06-19 14:27:00+00:00,110.90625,110.90625,110.90625,110.90625,1417.0
2025-06-19 14:29:00+00:00,110.90625,110.90625,110.890625,110.890625,4.0
2025-06-19 14:30:00+00:00,110.90625,110.90625,110.890625,110.890625,712.0
2025-06-19 14:33:00+00:00,110.90625,110.90625,110.890625,110.890625,131.0
2025-06-19 14:36:00+00:00,110.90625,110.90625,110.90625,110.90625,13.0
2025-06-19 14:37:00+00:00,110.90625,110.90625,110.90625,110.90625,67.0
2025-06-19 14:38:00+00:00,110.90625,110.90625,110.90625,110.90625,349.0
2025-06-19 14:39:00+00:00,110.921875,110.921875,110.90625,110.90625,284.0
2025-06-19 14:40:00+00:00,110.921875,110.921875,110.90625,110.921875,129.0
2025-06-19 14:41:00+00:00,110.921875,110.921875,110.90625,110.921875,112.0
2025-06-19 14:42:00+00:00,110.921875,110.921875,110.921875,110.921875,35.0
2025-06-19 14:43:00+00:00,110.921875,110.921875,110.921875,110.921875,481.0
2025-06-19 14:44:00+00:00,110.921875,110.921875,110.921875,110.921875,906.0
2025-06-19 14:46:00+00:00,110.921875,110.921875,110.921875,110.921875,157.0
2025-06-19 14:47:00+00:00,110.921875,110.921875,110.921875,110.921875,2.0
2025-06-19 14:49:00+00:00,110.921875,110.921875,110.90625,110.921875,24.0
2025-06-19 14:50:00+00:00,110.921875,110.921875,110.921875,110.921875,26.0
2025-06-19 14:51:00+00:00,110.921875,110.921875,110.921875,110.921875,27.0
2025-06-19 14:53:00+00:00,110.921875,110.921875,110.921875,110.921875,18.0
2025-06-19 14:54:00+00:00,110.921875,110.921875,110.921875,110.921875,30.0
2025-06-19 14:55:00+00:00,110.90625,110.921875,110.90625,110.921875,664.0
2025-06-19 14:56:00+00:00,110.90625,110.90625,110.90625,110.90625,8.0
2025-06-19 14:57:00+00:00,110.921875,110.921875,110.90625,110.90625,1911.0
2025-06-19 14:59:00+00:00,110.921875,110.921875,110.921875,110.921875,33.0
2025-06-19 15:00:00+00:00,110.890625,110.921875,110.890625,110.921875,441.0
2025-06-19 15:01:00+00:00,110.90625,110.90625,110.890625,110.890625,18.0
2025-06-19 15:04:00+00:00,110.90625,110.90625,110.890625,110.90625,338.0
2025-06-19 15:06:00+00:00,110.90625,110.90625,110.90625,110.90625,60.0
2025-06-19 15:07:00+00:00,110.890625,110.90625,110.890625,110.90625,1307.0
2025-06-19 15:08:00+00:00,110.890625,110.890625,110.890625,110.890625,973.0
2025-06-19 15:09:00+00:00,110.90625,110.90625,110.90625,110.90625,36.0
2025-06-19 15:11:00+00:00,110.921875,110.921875,110.90625,110.90625,468.0
2025-06-19 15:12:00+00:00,110.921875,110.921875,110.921875,110.921875,863.0
2025-06-19 15:13:00+00:00,110.890625,110.890625,110.890625,110.890625,0.0
2025-06-19 15:14:00+00:00,110.890625,110.890625,110.890625,110.890625,234046.0
2025-06-19 15:16:00+00:00,110.890625,110.90625,110.890625,110.890625,192.0
2025-06-19 15:18:00+00:00,110.90625,110.90625,110.90625,110.90625,1507.0
2025-06-19 15:20:00+00:00,110.90625,110.90625,110.90625,110.90625,551.0
2025-06-19 15:21:00+00:00,110.921875,110.921875,110.90625,110.921875,36.0
2025-06-19 15:22:00+00:00,110.921875,110.921875,110.921875,110.921875,3.0
2025-06-19 15:23:00+00:00,110.921875,110.921875,110.921875,110.921875,147.0
2025-06-19 15:25:00+00:00,110.921875,110.9375,110.921875,110.921875,1182.0
2025-06-19 15:26:00+00:00,110.921875,110.9375,110.921875,110.9375,501.0
2025-06-19 15:28:00+00:00,110.921875,110.921875,110.921875,110.921875,167.0
2025-06-19 15:30:00+00:00,110.90625,110.90625,110.90625,110.90625,1089.0
2025-06-19 15:32:00+00:00,110.890625,110.890625,110.890625,110.890625,60.0
2025-06-19 15:33:00+00:00,110.90625,110.90625,110.890625,110.90625,20.0
2025-06-19 15:34:00+00:00,110.90625,110.90625,110.90625,110.90625,15.0
2025-06-19 15:35:00+00:00,110.90625,110.90625,110.890625,110.890625,35.0
2025-06-19 15:37:00+00:00,110.90625,110.921875,110.90625,110.921875,732.0
2025-06-19 15:38:00+00:00,110.90625,110.90625,110.90625,110.90625,324.0
2025-06-19 15:39:00+00:00,110.890625,110.90625,110.890625,110.90625,30.0
2025-06-19 15:42:00+00:00,110.90625,110.90625,110.890625,110.90625,273.0
2025-06-19 15:44:00+00:00,110.90625,110.90625,110.90625,110.90625,37.0
2025-06-19 15:45:00+00:00,110.90625,110.90625,110.90625,110.90625,137.0
2025-06-19 15:46:00+00:00,110.90625,110.90625,110.90625,110.90625,62.0
2025-06-19 15:47:00+00:00,110.90625,110.90625,110.90625,110.90625,50.0
2025-06-19 15:48:00+00:00,110.90625,110.90625,110.90625,110.90625,80.0
2025-06-19 15:49:00+00:00,110.90625,110.90625,110.90625,110.90625,40.0
2025-06-19 15:50:00+00:00,110.90625,110.90625,110.90625,110.90625,53.0
2025-06-19 15:51:00+00:00,110.921875,110.921875,110.90625,110.90625,372.0
2025-06-19 15:52:00+00:00,110.921875,110.9375,110.921875,110.921875,1434.0
2025-06-19 15:53:00+00:00,110.9375,110.9375,110.921875,110.921875,224.0
2025-06-19 15:54:00+00:00,110.9375,110.9375,110.921875,110.9375,163.0
2025-06-19 15:55:00+00:00,110.9375,110.9375,110.9375,110.9375,13.0
2025-06-19 15:56:00+00:00,110.921875,110.9375,110.921875,110.9375,578.0
2025-06-19 15:57:00+00:00,110.921875,110.9375,110.90625,110.90625,480.0
2025-06-19 15:58:00+00:00,110.921875,110.921875,110.921875,110.921875,559.0
2025-06-19 15:59:00+00:00,110.90625,110.921875,110.90625,110.921875,101.0
2025-06-19 16:00:00+00:00,110.90625,110.921875,110.90625,110.921875,7.0
2025-06-19 16:01:00+00:00,110.921875,110.921875,110.921875,110.921875,13.0
2025-06-19 16:02:00+00:00,110.921875,110.921875,110.921875,110.921875,17.0
2025-06-19 16:03:00+00:00,110.921875,110.921875,110.90625,110.921875,52.0
2025-06-19 16:04:00+00:00,110.90625,110.921875,110.90625,110.921875,49.0
2025-06-19 16:05:00+00:00,110.90625,110.90625,110.90625,110.90625,474.0
2025-06-19 16:06:00+00:00,110.890625,110.890625,110.890625,110.890625,6.0
2025-06-19 16:07:00+00:00,110.875,110.890625,110.875,110.890625,556.0
2025-06-19 16:08:00+00:00,110.875,110.875,110.875,110.875,5.0
2025-06-19 16:09:00+00:00,110.875,110.890625,110.875,110.875,172.0
2025-06-19 16:11:00+00:00,110.890625,110.890625,110.875,110.890625,509.0
2025-06-19 16:13:00+00:00,110.890625,110.890625,110.875,110.890625,23.0
2025-06-19 16:14:00+00:00,110.890625,110.890625,110.875,110.890625,126.0
2025-06-19 16:15:00+00:00,110.890625,110.890625,110.875,110.875,25.0
2025-06-19 16:16:00+00:00,110.890625,110.890625,110.875,110.875,26.0
2025-06-19 16:18:00+00:00,110.890625,110.890625,110.875,110.890625,40.0
2025-06-19 16:19:00+00:00,110.890625,110.890625,110.875,110.890625,65.0
2025-06-19 16:20:00+00:00,110.890625,110.890625,110.875,110.890625,247.0
2025-06-19 16:21:00+00:00,110.890625,110.890625,110.875,110.875,22.0
2025-06-19 16:23:00+00:00,110.890625,110.890625,110.875,110.875,28.0
2025-06-19 16:24:00+00:00,110.890625,110.890625,110.875,110.875,17.0
2025-06-19 16:25:00+00:00,110.90625,110.90625,110.890625,110.890625,673.0
2025-06-19 16:26:00+00:00,110.90625,110.90625,110.890625,110.90625,26.0
2025-06-19 16:27:00+00:00,110.890625,110.90625,110.890625,110.890625,32.0
2025-06-19 16:28:00+00:00,110.90625,110.90625,110.890625,110.90625,25.0
2025-06-19 16:29:00+00:00,110.90625,110.90625,110.890625,110.90625,103.0
2025-06-19 16:31:00+00:00,110.90625,110.90625,110.890625,110.90625,24.0
2025-06-19 16:32:00+00:00,110.90625,110.90625,110.890625,110.890625,24.0
2025-06-19 16:33:00+00:00,110.890625,110.90625,110.890625,110.90625,1289.0
2025-06-19 16:34:00+00:00,110.890625,110.890625,110.890625,110.890625,210.0
2025-06-19 16:35:00+00:00,110.90625,110.90625,110.890625,110.890625,227.0
2025-06-19 16:36:00+00:00,110.890625,110.890625,110.890625,110.890625,417.0
2025-06-19 16:37:00+00:00,110.90625,110.90625,110.890625,110.890625,6.0
2025-06-19 16:38:00+00:00,110.90625,110.90625,110.890625,110.890625,12.0
2025-06-19 16:39:00+00:00,110.890625,110.890625,110.890625,110.890625,113.0
2025-06-19 16:40:00+00:00,110.90625,110.90625,110.890625,110.890625,16.0
2025-06-19 16:41:00+00:00,110.90625,110.90625,110.890625,110.890625,23.0
2025-06-19 16:42:00+00:00,110.90625,110.90625,110.890625,110.90625,46.0
2025-06-19 16:43:00+00:00,110.90625,110.90625,110.890625,110.90625,594.0
2025-06-19 16:44:00+00:00,110.90625,110.90625,110.890625,110.90625,23.0
2025-06-19 16:45:00+00:00,110.890625,110.90625,110.890625,110.90625,51.0
2025-06-19 16:46:00+00:00,110.90625,110.90625,110.890625,110.890625,21.0
2025-06-19 16:47:00+00:00,110.90625,110.90625,110.890625,110.890625,53.0
2025-06-19 16:48:00+00:00,110.90625,110.90625,110.90625,110.90625,28.0
2025-06-19 16:49:00+00:00,110.90625,110.90625,110.890625,110.90625,60.0
2025-06-19 16:50:00+00:00,110.90625,110.90625,110.890625,110.90625,29.0
2025-06-19 16:52:00+00:00,110.90625,110.90625,110.890625,110.90625,22.0
2025-06-19 16:53:00+00:00,110.90625,110.90625,110.890625,110.890625,83.0
2025-06-19 16:54:00+00:00,110.90625,110.90625,110.890625,110.890625,32.0
2025-06-19 16:55:00+00:00,110.890625,110.90625,110.890625,110.90625,43.0
2025-06-19 16:56:00+00:00,110.890625,110.90625,110.890625,110.890625,125.0
2025-06-19 16:57:00+00:00,110.890625,110.90625,110.890625,110.90625,33.0
2025-06-19 16:58:00+00:00,110.90625,110.90625,110.90625,110.90625,98.0
2025-06-19 16:59:00+00:00,110.890625,110.890625,110.890625,110.890625,705.0
2025-06-19 22:00:00+00:00,110.890625,110.921875,110.859375,110.875,1087.0
2025-06-19 22:01:00+00:00,110.875,110.890625,110.859375,110.890625,239.0
2025-06-19 22:02:00+00:00,110.875,110.890625,110.875,110.875,212.0
2025-06-19 22:05:00+00:00,110.875,110.890625,110.875,110.875,10.0
2025-06-19 22:06:00+00:00,110.875,110.875,110.875,110.875,11.0
2025-06-19 22:09:00+00:00,110.890625,110.890625,110.875,110.875,251.0
2025-06-19 22:10:00+00:00,110.890625,110.890625,110.875,110.890625,351.0
2025-06-19 22:12:00+00:00,110.875,110.875,110.875,110.875,6.0
2025-06-19 22:15:00+00:00,110.875,110.875,110.875,110.875,7.0
2025-06-19 22:17:00+00:00,110.875,110.875,110.875,110.875,180.0
2025-06-19 22:18:00+00:00,110.875,110.875,110.859375,110.859375,8.0
2025-06-19 22:19:00+00:00,110.859375,110.875,110.859375,110.859375,17.0
2025-06-19 22:20:00+00:00,110.859375,110.859375,110.859375,110.859375,10.0
2025-06-19 22:21:00+00:00,110.859375,110.859375,110.859375,110.859375,6.0
2025-06-19 22:23:00+00:00,110.859375,110.859375,110.859375,110.859375,5.0
2025-06-19 22:24:00+00:00,110.859375,110.859375,110.859375,110.859375,4.0
2025-06-19 22:25:00+00:00,110.859375,110.859375,110.859375,110.859375,206.0
2025-06-19 22:27:00+00:00,110.859375,110.875,110.859375,110.875,1002.0
2025-06-19 22:30:00+00:00,110.875,110.875,110.875,110.875,12.0
2025-06-19 22:33:00+00:00,110.875,110.875,110.859375,110.859375,32.0
2025-06-19 22:34:00+00:00,110.875,110.890625,110.875,110.875,755.0
2025-06-19 22:35:00+00:00,110.875,110.875,110.859375,110.875,19.0
2025-06-19 22:36:00+00:00,110.875,110.875,110.859375,110.875,301.0
2025-06-19 22:37:00+00:00,110.875,110.875,110.859375,110.875,22.0
2025-06-19 22:38:00+00:00,110.875,110.875,110.859375,110.875,5.0
2025-06-19 22:40:00+00:00,110.859375,110.859375,110.859375,110.859375,334.0
2025-06-19 22:41:00+00:00,110.859375,110.875,110.859375,110.875,11.0
2025-06-19 22:43:00+00:00,110.84375,110.859375,110.84375,110.859375,271.0
2025-06-19 22:44:00+00:00,110.84375,110.859375,110.84375,110.859375,28.0
2025-06-19 22:45:00+00:00,110.84375,110.859375,110.84375,110.859375,304.0
2025-06-19 22:46:00+00:00,110.84375,110.84375,110.84375,110.84375,351.0
2025-06-19 22:47:00+00:00,110.84375,110.84375,110.84375,110.84375,173.0
2025-06-19 22:48:00+00:00,110.859375,110.859375,110.84375,110.84375,6.0
2025-06-19 22:54:00+00:00,110.859375,110.875,110.859375,110.875,7.0
2025-06-19 22:55:00+00:00,110.875,110.875,110.875,110.875,539.0
2025-06-19 22:57:00+00:00,110.875,110.875,110.875,110.875,269.0
2025-06-19 22:58:00+00:00,110.890625,110.890625,110.875,110.875,37.0
2025-06-19 22:59:00+00:00,110.875,110.890625,110.875,110.890625,7.0
2025-06-19 23:00:00+00:00,110.875,110.890625,110.875,110.875,27.0
2025-06-19 23:01:00+00:00,110.875,110.890625,110.875,110.890625,12.0
2025-06-19 23:03:00+00:00,110.875,110.890625,110.875,110.890625,158.0
2025-06-19 23:04:00+00:00,110.875,110.875,110.875,110.875,138.0
2025-06-19 23:05:00+00:00,110.890625,110.890625,110.875,110.875,13.0
2025-06-19 23:06:00+00:00,110.890625,110.890625,110.875,110.875,11.0
2025-06-19 23:11:00+00:00,110.875,110.890625,110.875,110.890625,25.0
2025-06-19 23:12:00+00:00,110.875,110.890625,110.875,110.890625,129.0
2025-06-19 23:13:00+00:00,110.875,110.890625,110.875,110.875,14.0
2025-06-19 23:19:00+00:00,110.890625,110.890625,110.890625,110.890625,114.0
2025-06-19 23:21:00+00:00,110.890625,110.890625,110.875,110.875,118.0
2025-06-19 23:23:00+00:00,110.90625,110.90625,110.890625,110.890625,180.0
2025-06-19 23:24:00+00:00,110.90625,110.921875,110.890625,110.890625,526.0
2025-06-19 23:25:00+00:00,110.90625,110.921875,110.90625,110.90625,28.0
2025-06-19 23:26:00+00:00,110.921875,110.921875,110.90625,110.90625,28.0
2025-06-19 23:27:00+00:00,110.921875,110.921875,110.90625,110.90625,23.0
2025-06-19 23:28:00+00:00,110.90625,110.921875,110.90625,110.921875,61.0
2025-06-19 23:29:00+00:00,110.921875,110.921875,110.90625,110.90625,9.0
2025-06-19 23:30:00+00:00,110.921875,110.921875,110.921875,110.921875,350.0
2025-06-19 23:31:00+00:00,110.921875,110.921875,110.921875,110.921875,200.0
2025-06-19 23:32:00+00:00,110.921875,110.921875,110.921875,110.921875,71.0
2025-06-19 23:33:00+00:00,110.921875,110.921875,110.921875,110.921875,61.0
2025-06-19 23:34:00+00:00,110.921875,110.921875,110.90625,110.90625,346.0
2025-06-19 23:35:00+00:00,110.921875,110.921875,110.90625,110.90625,12.0
2025-06-19 23:36:00+00:00,110.90625,110.921875,110.90625,110.921875,22.0
2025-06-19 23:37:00+00:00,110.921875,110.921875,110.90625,110.90625,7.0
2025-06-19 23:38:00+00:00,110.921875,110.921875,110.90625,110.90625,16.0
2025-06-19 23:39:00+00:00,110.90625,110.921875,110.90625,110.90625,16.0
2025-06-19 23:40:00+00:00,110.90625,110.921875,110.90625,110.90625,24.0
2025-06-19 23:41:00+00:00,110.921875,110.921875,110.90625,110.90625,544.0
2025-06-19 23:42:00+00:00,110.921875,110.9375,110.921875,110.921875,420.0
2025-06-19 23:43:00+00:00,110.90625,110.921875,110.90625,110.90625,18.0
2025-06-19 23:44:00+00:00,110.921875,110.921875,110.90625,110.90625,118.0
2025-06-19 23:45:00+00:00,110.921875,110.9375,110.921875,110.921875,259.0
2025-06-19 23:47:00+00:00,110.921875,110.921875,110.921875,110.921875,162.0
2025-06-19 23:48:00+00:00,110.921875,110.921875,110.921875,110.921875,63.0
2025-06-19 23:51:00+00:00,110.90625,110.921875,110.90625,110.90625,698.0
2025-06-19 23:52:00+00:00,110.890625,110.90625,110.890625,110.90625,260.0
2025-06-19 23:53:00+00:00,110.90625,110.90625,110.90625,110.90625,651.0
2025-06-19 23:55:00+00:00,110.90625,110.90625,110.90625,110.90625,29.0
2025-06-19 23:56:00+00:00,110.90625,110.90625,110.90625,110.90625,59.0
2025-06-19 23:57:00+00:00,110.90625,110.90625,110.90625,110.90625,11.0
2025-06-20 00:00:00+00:00,110.921875,110.921875,110.921875,110.921875,523.0
2025-06-20 00:01:00+00:00,110.921875,110.921875,110.921875,110.921875,1.0
2025-06-20 00:02:00+00:00,110.9375,110.9375,110.9375,110.9375,2.0
2025-06-20 00:05:00+00:00,110.9375,110.9375,110.9375,110.9375,7.0
2025-06-20 00:07:00+00:00,110.921875,110.921875,110.921875,110.921875,738.0
2025-06-20 00:10:00+00:00,110.890625,110.890625,110.890625,110.890625,1645.0
2025-06-20 00:11:00+00:00,110.890625,110.890625,110.890625,110.890625,98.0
2025-06-20 00:12:00+00:00,110.875,110.875,110.875,110.875,296.0
2025-06-20 00:13:00+00:00,110.859375,110.875,110.859375,110.875,161.0
2025-06-20 00:14:00+00:00,110.875,110.875,110.875,110.875,21.0
2025-06-20 00:15:00+00:00,110.890625,110.890625,110.875,110.875,327.0
2025-06-20 00:16:00+00:00,110.875,110.890625,110.875,110.890625,3.0
2025-06-20 00:17:00+00:00,110.875,110.875,110.875,110.875,306.0
2025-06-20 00:19:00+00:00,110.890625,110.890625,110.875,110.875,31.0
2025-06-20 00:20:00+00:00,110.875,110.890625,110.875,110.890625,40.0
2025-06-20 00:21:00+00:00,110.875,110.875,110.875,110.875,222.0
2025-06-20 00:22:00+00:00,110.875,110.875,110.875,110.875,24.0
2025-06-20 00:25:00+00:00,110.875,110.875,110.875,110.875,153.0
2025-06-20 00:28:00+00:00,110.890625,110.890625,110.890625,110.890625,25.0
2025-06-20 00:29:00+00:00,110.890625,110.890625,110.875,110.890625,917.0
2025-06-20 00:33:00+00:00,110.875,110.890625,110.875,110.890625,569.0
2025-06-20 00:34:00+00:00,110.875,110.875,110.875,110.875,286.0
2025-06-20 00:35:00+00:00,110.875,110.875,110.875,110.875,273.0
2025-06-20 00:38:00+00:00,110.875,110.890625,110.875,110.890625,87.0
2025-06-20 00:40:00+00:00,110.859375,110.859375,110.859375,110.859375,1019.0
2025-06-20 00:41:00+00:00,110.859375,110.859375,110.859375,110.859375,147.0
2025-06-20 00:42:00+00:00,110.859375,110.875,110.859375,110.875,157.0
2025-06-20 00:46:00+00:00,110.859375,110.859375,110.859375,110.859375,125.0
2025-06-20 00:47:00+00:00,110.84375,110.84375,110.84375,110.84375,270.0
2025-06-20 00:48:00+00:00,110.828125,110.828125,110.828125,110.828125,123.0
2025-06-20 00:50:00+00:00,110.828125,110.828125,110.828125,110.828125,710.0
2025-06-20 00:51:00+00:00,110.828125,110.828125,110.828125,110.828125,250.0
2025-06-20 00:53:00+00:00,110.828125,110.828125,110.828125,110.828125,43.0
2025-06-20 00:54:00+00:00,110.828125,110.828125,110.828125,110.828125,201.0
2025-06-20 00:56:00+00:00,110.84375,110.84375,110.84375,110.84375,288.0
2025-06-20 00:57:00+00:00,110.84375,110.84375,110.84375,110.84375,10.0
2025-06-20 00:58:00+00:00,110.84375,110.84375,110.84375,110.84375,121.0
2025-06-20 01:00:00+00:00,110.859375,110.859375,110.84375,110.84375,175.0
2025-06-20 01:01:00+00:00,110.859375,110.859375,110.859375,110.859375,277.0
2025-06-20 01:03:00+00:00,110.859375,110.859375,110.859375,110.859375,222.0
2025-06-20 01:04:00+00:00,110.859375,110.859375,110.859375,110.859375,821.0
2025-06-20 01:05:00+00:00,110.859375,110.859375,110.859375,110.859375,390.0
2025-06-20 01:06:00+00:00,110.875,110.875,110.875,110.875,632.0
2025-06-20 01:07:00+00:00,110.875,110.90625,110.875,110.890625,429.0
2025-06-20 01:08:00+00:00,110.890625,110.890625,110.890625,110.890625,174.0
2025-06-20 01:09:00+00:00,110.890625,110.890625,110.890625,110.890625,281.0
2025-06-20 01:10:00+00:00,110.890625,110.890625,110.890625,110.890625,216.0
2025-06-20 01:13:00+00:00,110.859375,110.875,110.859375,110.875,463.0
2025-06-20 01:14:00+00:00,110.859375,110.859375,110.84375,110.84375,22.0
2025-06-20 01:15:00+00:00,110.859375,110.859375,110.859375,110.859375,198.0
2025-06-20 01:16:00+00:00,110.84375,110.84375,110.84375,110.84375,848.0
2025-06-20 01:17:00+00:00,110.84375,110.84375,110.84375,110.84375,405.0
2025-06-20 01:18:00+00:00,110.828125,110.828125,110.828125,110.828125,1025.0
2025-06-20 01:19:00+00:00,110.828125,110.828125,110.828125,110.828125,474.0
2025-06-20 01:20:00+00:00,110.828125,110.828125,110.828125,110.828125,274.0
2025-06-20 01:25:00+00:00,110.828125,110.828125,110.828125,110.828125,38.0
2025-06-20 01:26:00+00:00,110.84375,110.84375,110.828125,110.828125,4.0
2025-06-20 01:27:00+00:00,110.84375,110.84375,110.828125,110.828125,650.0
2025-06-20 01:28:00+00:00,110.84375,110.84375,110.84375,110.84375,849.0
2025-06-20 01:29:00+00:00,110.84375,110.84375,110.84375,110.84375,60.0
2025-06-20 01:32:00+00:00,110.859375,110.859375,110.859375,110.859375,71.0
2025-06-20 01:33:00+00:00,110.859375,110.859375,110.84375,110.84375,134.0
2025-06-20 01:34:00+00:00,110.859375,110.859375,110.859375,110.859375,154.0
2025-06-20 01:35:00+00:00,110.859375,110.875,110.859375,110.875,104.0
2025-06-20 01:36:00+00:00,110.875,110.875,110.875,110.875,673.0
2025-06-20 01:40:00+00:00,110.859375,110.859375,110.859375,110.859375,259.0
2025-06-20 01:41:00+00:00,110.84375,110.84375,110.84375,110.84375,11.0
2025-06-20 01:42:00+00:00,110.84375,110.84375,110.84375,110.84375,539.0
2025-06-20 01:45:00+00:00,110.859375,110.859375,110.859375,110.859375,702.0
2025-06-20 01:46:00+00:00,110.84375,110.859375,110.84375,110.859375,369.0
2025-06-20 01:47:00+00:00,110.84375,110.84375,110.84375,110.84375,398.0
2025-06-20 01:49:00+00:00,110.84375,110.84375,110.84375,110.84375,5.0
2025-06-20 01:50:00+00:00,110.84375,110.84375,110.84375,110.84375,114.0
2025-06-20 01:55:00+00:00,110.828125,110.84375,110.828125,110.84375,477.0
2025-06-20 01:57:00+00:00,110.828125,110.828125,110.828125,110.828125,185.0
2025-06-20 01:59:00+00:00,110.828125,110.828125,110.828125,110.828125,37.0
2025-06-20 02:02:00+00:00,110.84375,110.84375,110.84375,110.84375,552.0
2025-06-20 02:03:00+00:00,110.84375,110.859375,110.84375,110.84375,127.0
2025-06-20 02:04:00+00:00,110.84375,110.84375,110.84375,110.84375,291.0
2025-06-20 02:07:00+00:00,110.84375,110.84375,110.84375,110.84375,179.0
2025-06-20 02:09:00+00:00,110.828125,110.828125,110.828125,110.828125,336.0
2025-06-20 02:10:00+00:00,110.828125,110.828125,110.828125,110.828125,323.0
2025-06-20 02:11:00+00:00,110.828125,110.828125,110.828125,110.828125,48.0
2025-06-20 02:12:00+00:00,110.828125,110.828125,110.828125,110.828125,5.0
2025-06-20 02:15:00+00:00,110.84375,110.84375,110.84375,110.84375,30.0
2025-06-20 02:16:00+00:00,110.84375,110.84375,110.84375,110.84375,52.0
2025-06-20 02:18:00+00:00,110.84375,110.84375,110.84375,110.84375,378.0
2025-06-20 02:19:00+00:00,110.84375,110.84375,110.84375,110.84375,139.0
2025-06-20 02:20:00+00:00,110.84375,110.84375,110.84375,110.84375,67.0
2025-06-20 02:21:00+00:00,110.84375,110.84375,110.84375,110.84375,218.0
2025-06-20 02:22:00+00:00,110.84375,110.84375,110.84375,110.84375,113.0
2025-06-20 02:24:00+00:00,110.84375,110.84375,110.84375,110.84375,232.0
2025-06-20 02:29:00+00:00,110.84375,110.84375,110.828125,110.828125,12.0
2025-06-20 02:30:00+00:00,110.84375,110.84375,110.84375,110.84375,21.0
2025-06-20 02:33:00+00:00,110.84375,110.84375,110.84375,110.84375,54.0
2025-06-20 02:34:00+00:00,110.84375,110.84375,110.828125,110.828125,6.0
2025-06-20 02:36:00+00:00,110.828125,110.828125,110.828125,110.828125,8.0
2025-06-20 02:37:00+00:00,110.84375,110.84375,110.828125,110.828125,647.0
2025-06-20 02:38:00+00:00,110.84375,110.84375,110.84375,110.84375,123.0
2025-06-20 02:40:00+00:00,110.84375,110.84375,110.84375,110.84375,20.0
2025-06-20 02:41:00+00:00,110.84375,110.84375,110.84375,110.84375,231.0
2025-06-20 02:42:00+00:00,110.84375,110.84375,110.84375,110.84375,23.0
2025-06-20 02:43:00+00:00,110.84375,110.84375,110.84375,110.84375,263.0
2025-06-20 02:45:00+00:00,110.84375,110.84375,110.84375,110.84375,90.0
2025-06-20 02:48:00+00:00,110.828125,110.84375,110.828125,110.84375,201.0
2025-06-20 02:53:00+00:00,110.84375,110.84375,110.84375,110.84375,130.0
2025-06-20 02:59:00+00:00,110.84375,110.859375,110.84375,110.859375,135.0
2025-06-20 03:01:00+00:00,110.859375,110.859375,110.84375,110.859375,11.0
2025-06-20 03:02:00+00:00,110.84375,110.859375,110.828125,110.859375,172.0
2025-06-20 03:04:00+00:00,110.84375,110.84375,110.828125,110.84375,260.0
2025-06-20 03:06:00+00:00,110.84375,110.84375,110.84375,110.84375,50.0
2025-06-20 03:07:00+00:00,110.84375,110.84375,110.84375,110.84375,12.0
2025-06-20 03:08:00+00:00,110.859375,110.859375,110.84375,110.84375,71.0
2025-06-20 03:09:00+00:00,110.859375,110.859375,110.84375,110.84375,123.0
2025-06-20 03:10:00+00:00,110.84375,110.84375,110.84375,110.84375,103.0
2025-06-20 03:12:00+00:00,110.84375,110.84375,110.84375,110.84375,174.0
2025-06-20 03:13:00+00:00,110.84375,110.859375,110.84375,110.859375,7.0
2025-06-20 03:14:00+00:00,110.859375,110.859375,110.84375,110.84375,330.0
2025-06-20 03:15:00+00:00,110.859375,110.859375,110.84375,110.84375,10.0
2025-06-20 03:16:00+00:00,110.859375,110.859375,110.859375,110.859375,106.0
2025-06-20 03:18:00+00:00,110.859375,110.859375,110.859375,110.859375,909.0
2025-06-20 03:19:00+00:00,110.84375,110.859375,110.84375,110.859375,59.0
2025-06-20 03:20:00+00:00,110.859375,110.859375,110.84375,110.84375,12.0
2025-06-20 03:24:00+00:00,110.84375,110.859375,110.84375,110.84375,17.0
2025-06-20 03:25:00+00:00,110.84375,110.84375,110.84375,110.84375,28.0
2025-06-20 03:28:00+00:00,110.84375,110.84375,110.84375,110.84375,106.0
2025-06-20 03:29:00+00:00,110.859375,110.859375,110.84375,110.84375,16.0
2025-06-20 03:30:00+00:00,110.84375,110.84375,110.84375,110.84375,72.0
2025-06-20 03:31:00+00:00,110.859375,110.859375,110.859375,110.859375,247.0
2025-06-20 03:32:00+00:00,110.859375,110.859375,110.859375,110.859375,21.0
2025-06-20 03:34:00+00:00,110.875,110.875,110.875,110.875,239.0
2025-06-20 03:36:00+00:00,110.875,110.875,110.875,110.875,320.0
2025-06-20 03:37:00+00:00,110.875,110.875,110.875,110.875,0.0
2025-06-20 03:41:00+00:00,110.875,110.875,110.875,110.875,300755.0
2025-06-20 03:42:00+00:00,110.875,110.875,110.875,110.875,23.0
2025-06-20 03:43:00+00:00,110.875,110.875,110.875,110.875,35.0
2025-06-20 03:44:00+00:00,110.875,110.875,110.875,110.875,89.0
2025-06-20 03:47:00+00:00,110.875,110.875,110.875,110.875,234.0
2025-06-20 03:49:00+00:00,110.890625,110.890625,110.890625,110.890625,30.0
2025-06-20 03:51:00+00:00,110.890625,110.890625,110.890625,110.890625,106.0
2025-06-20 03:54:00+00:00,110.875,110.875,110.875,110.875,405.0
2025-06-20 03:55:00+00:00,110.875,110.875,110.875,110.875,143.0
2025-06-20 03:58:00+00:00,110.890625,110.90625,110.890625,110.890625,560.0
2025-06-20 04:00:00+00:00,110.890625,110.890625,110.890625,110.890625,77.0
2025-06-20 04:01:00+00:00,110.875,110.890625,110.875,110.890625,97.0
2025-06-20 04:02:00+00:00,110.875,110.875,110.875,110.875,327.0
2025-06-20 04:08:00+00:00,110.890625,110.890625,110.890625,110.890625,88.0
2025-06-20 04:19:00+00:00,110.875,110.875,110.875,110.875,183.0
2025-06-20 04:20:00+00:00,110.890625,110.890625,110.875,110.875,158.0
2025-06-20 04:21:00+00:00,110.875,110.875,110.875,110.875,177.0
2025-06-20 04:22:00+00:00,110.875,110.875,110.875,110.875,86.0
2025-06-20 04:24:00+00:00,110.859375,110.875,110.859375,110.875,75.0
2025-06-20 04:32:00+00:00,110.875,110.875,110.859375,110.875,228.0
2025-06-20 04:33:00+00:00,110.859375,110.859375,110.859375,110.859375,882.0
2025-06-20 04:38:00+00:00,110.859375,110.859375,110.859375,110.859375,280.0
2025-06-20 04:39:00+00:00,110.859375,110.859375,110.859375,110.859375,264.0
2025-06-20 04:42:00+00:00,110.859375,110.859375,110.859375,110.859375,175.0
2025-06-20 04:43:00+00:00,110.859375,110.859375,110.859375,110.859375,174.0
2025-06-20 04:44:00+00:00,110.84375,110.859375,110.84375,110.859375,56.0
2025-06-20 04:45:00+00:00,110.859375,110.859375,110.859375,110.859375,87.0
2025-06-20 04:47:00+00:00,110.859375,110.859375,110.859375,110.859375,24.0
2025-06-20 04:51:00+00:00,110.875,110.875,110.859375,110.859375,126.0
2025-06-20 04:52:00+00:00,110.859375,110.859375,110.859375,110.859375,27.0
2025-06-20 04:53:00+00:00,110.859375,110.859375,110.859375,110.859375,143.0
2025-06-20 04:54:00+00:00,110.859375,110.859375,110.859375,110.859375,153.0
2025-06-20 04:55:00+00:00,110.859375,110.859375,110.859375,110.859375,271.0
2025-06-20 05:00:00+00:00,110.859375,110.859375,110.859375,110.859375,82.0
2025-06-20 05:02:00+00:00,110.859375,110.859375,110.859375,110.859375,67.0
2025-06-20 05:04:00+00:00,110.859375,110.859375,110.859375,110.859375,72.0
2025-06-20 05:05:00+00:00,110.859375,110.859375,110.859375,110.859375,104.0
2025-06-20 05:07:00+00:00,110.859375,110.859375,110.859375,110.859375,92.0
2025-06-20 05:09:00+00:00,110.859375,110.859375,110.859375,110.859375,79.0
2025-06-20 05:10:00+00:00,110.859375,110.859375,110.859375,110.859375,47.0
2025-06-20 05:11:00+00:00,110.859375,110.859375,110.859375,110.859375,52.0
2025-06-20 05:14:00+00:00,110.859375,110.859375,110.84375,110.84375,79.0
2025-06-20 05:15:00+00:00,110.84375,110.84375,110.84375,110.84375,48.0
2025-06-20 05:16:00+00:00,110.828125,110.84375,110.828125,110.84375,1009.0
2025-06-20 05:17:00+00:00,110.828125,110.828125,110.828125,110.828125,179.0
2025-06-20 05:18:00+00:00,110.8125,110.828125,110.8125,110.828125,517.0
2025-06-20 05:19:00+00:00,110.8125,110.8125,110.8125,110.8125,687.0
2025-06-20 05:20:00+00:00,110.796875,110.8125,110.796875,110.8125,279.0
2025-06-20 05:21:00+00:00,110.796875,110.796875,110.796875,110.796875,1416.0
2025-06-20 05:23:00+00:00,110.8125,110.8125,110.8125,110.8125,9.0
2025-06-20 05:26:00+00:00,110.8125,110.8125,110.8125,110.8125,715.0
2025-06-20 05:27:00+00:00,110.8125,110.828125,110.8125,110.8125,74.0
2025-06-20 05:29:00+00:00,110.828125,110.828125,110.828125,110.828125,107.0
2025-06-20 05:31:00+00:00,110.8125,110.8125,110.8125,110.8125,6.0
2025-06-20 05:32:00+00:00,110.8125,110.8125,110.8125,110.8125,15.0
2025-06-20 05:35:00+00:00,110.8125,110.8125,110.796875,110.8125,776.0
2025-06-20 05:36:00+00:00,110.828125,110.828125,110.828125,110.828125,1253.0
2025-06-20 05:37:00+00:00,110.828125,110.828125,110.828125,110.828125,64.0
2025-06-20 05:39:00+00:00,110.84375,110.84375,110.84375,110.84375,284.0
2025-06-20 05:41:00+00:00,110.84375,110.84375,110.84375,110.84375,146.0
2025-06-20 05:42:00+00:00,110.84375,110.84375,110.828125,110.828125,242.0
2025-06-20 05:44:00+00:00,110.84375,110.859375,110.84375,110.859375,209.0
2025-06-20 05:46:00+00:00,110.84375,110.859375,110.84375,110.84375,10.0
2025-06-20 05:48:00+00:00,110.859375,110.859375,110.84375,110.84375,276.0
2025-06-20 05:49:00+00:00,110.859375,110.859375,110.859375,110.859375,59.0
2025-06-20 05:52:00+00:00,110.859375,110.875,110.859375,110.859375,345.0
2025-06-20 05:55:00+00:00,110.859375,110.859375,110.859375,110.859375,406.0
2025-06-20 05:56:00+00:00,110.859375,110.859375,110.859375,110.859375,35.0
2025-06-20 05:58:00+00:00,110.875,110.875,110.875,110.875,50.0
2025-06-20 06:00:00+00:00,110.890625,110.890625,110.859375,110.875,853.0
2025-06-20 06:01:00+00:00,110.875,110.890625,110.875,110.890625,928.0
2025-06-20 06:02:00+00:00,110.875,110.890625,110.875,110.875,322.0
2025-06-20 06:03:00+00:00,110.890625,110.890625,110.875,110.890625,6.0
2025-06-20 06:05:00+00:00,110.90625,110.90625,110.890625,110.890625,1606.0
2025-06-20 06:06:00+00:00,110.890625,110.90625,110.890625,110.90625,625.0
2025-06-20 06:07:00+00:00,110.890625,110.90625,110.890625,110.90625,12.0
2025-06-20 06:08:00+00:00,110.90625,110.90625,110.90625,110.90625,316.0
2025-06-20 06:09:00+00:00,110.921875,110.921875,110.90625,110.90625,580.0
2025-06-20 06:11:00+00:00,110.90625,110.921875,110.90625,110.921875,120.0
2025-06-20 06:12:00+00:00,110.9375,110.9375,110.90625,110.90625,639.0
2025-06-20 06:13:00+00:00,110.953125,110.953125,110.9375,110.9375,1568.0
2025-06-20 06:14:00+00:00,110.953125,110.953125,110.9375,110.953125,1518.0
2025-06-20 06:15:00+00:00,110.96875,110.96875,110.953125,110.953125,759.0
2025-06-20 06:16:00+00:00,110.96875,110.984375,110.96875,110.96875,2449.0
2025-06-20 06:17:00+00:00,110.953125,110.96875,110.953125,110.96875,900.0
2025-06-20 06:18:00+00:00,110.96875,110.96875,110.953125,110.96875,561.0
2025-06-20 06:19:00+00:00,110.984375,110.984375,110.96875,110.96875,298.0
2025-06-20 06:20:00+00:00,110.984375,110.984375,110.96875,110.984375,127.0
2025-06-20 06:21:00+00:00,110.984375,110.984375,110.984375,110.984375,178.0
2025-06-20 06:22:00+00:00,110.984375,110.984375,110.984375,110.984375,103.0
2025-06-20 06:23:00+00:00,110.984375,110.984375,110.984375,110.984375,8.0
2025-06-20 06:24:00+00:00,111.0,111.0,110.984375,110.984375,909.0
2025-06-20 06:25:00+00:00,110.984375,111.0,110.984375,111.0,2516.0
2025-06-20 06:26:00+00:00,111.0,111.0,110.984375,110.984375,740.0
2025-06-20 06:27:00+00:00,110.984375,111.0,110.984375,111.0,1682.0
2025-06-20 06:28:00+00:00,110.984375,110.984375,110.984375,110.984375,1239.0
2025-06-20 06:29:00+00:00,110.984375,110.984375,110.96875,110.984375,241.0
2025-06-20 06:30:00+00:00,111.0,111.0,110.96875,110.96875,1338.0
2025-06-20 06:31:00+00:00,111.0,111.015625,111.0,111.0,1594.0
2025-06-20 06:32:00+00:00,111.0,111.0,111.0,111.0,87.0
2025-06-20 06:33:00+00:00,111.0,111.0,111.0,111.0,33.0
2025-06-20 06:35:00+00:00,111.0,111.0,111.0,111.0,106.0
2025-06-20 06:36:00+00:00,111.0,111.0,110.984375,111.0,20.0
2025-06-20 06:37:00+00:00,110.984375,111.0,110.984375,111.0,47.0
2025-06-20 06:38:00+00:00,110.984375,110.984375,110.984375,110.984375,2621.0
2025-06-20 06:39:00+00:00,110.984375,110.984375,110.984375,110.984375,1064.0
2025-06-20 06:40:00+00:00,110.96875,110.96875,110.96875,110.96875,52.0
2025-06-20 06:41:00+00:00,110.96875,110.984375,110.96875,110.96875,1536.0
2025-06-20 06:42:00+00:00,110.96875,110.96875,110.953125,110.96875,3055.0
2025-06-20 06:43:00+00:00,110.96875,110.96875,110.96875,110.96875,993.0
2025-06-20 06:44:00+00:00,110.96875,110.96875,110.96875,110.96875,492.0
2025-06-20 06:45:00+00:00,110.96875,110.96875,110.953125,110.96875,770.0
2025-06-20 06:46:00+00:00,110.984375,110.984375,110.96875,110.96875,3.0
2025-06-20 06:47:00+00:00,110.984375,110.984375,110.96875,110.984375,1984.0
2025-06-20 06:48:00+00:00,110.984375,110.984375,110.96875,110.984375,984.0
2025-06-20 06:49:00+00:00,110.96875,110.984375,110.953125,110.984375,1599.0
2025-06-20 06:50:00+00:00,110.953125,110.96875,110.953125,110.96875,477.0
2025-06-20 06:51:00+00:00,110.96875,110.96875,110.953125,110.96875,174.0
2025-06-20 06:52:00+00:00,110.96875,110.984375,110.953125,110.96875,915.0
2025-06-20 06:53:00+00:00,110.984375,110.984375,110.96875,110.984375,58.0
2025-06-20 06:54:00+00:00,110.96875,110.984375,110.96875,110.984375,595.0
2025-06-20 06:55:00+00:00,110.96875,110.96875,110.96875,110.96875,10.0
2025-06-20 06:56:00+00:00,110.96875,110.984375,110.96875,110.984375,10.0
2025-06-20 06:57:00+00:00,110.953125,110.96875,110.953125,110.96875,726.0
2025-06-20 06:59:00+00:00,110.96875,110.96875,110.96875,110.96875,11.0
2025-06-20 07:00:00+00:00,110.96875,110.984375,110.953125,110.96875,2310.0
2025-06-20 07:01:00+00:00,110.96875,110.96875,110.96875,110.96875,122.0
2025-06-20 07:02:00+00:00,110.96875,110.984375,110.96875,110.984375,905.0
2025-06-20 07:03:00+00:00,110.96875,110.984375,110.96875,110.984375,101.0
2025-06-20 07:04:00+00:00,110.96875,110.984375,110.96875,110.984375,79.0
2025-06-20 07:05:00+00:00,110.96875,111.0,110.96875,110.984375,685.0
2025-06-20 07:06:00+00:00,110.96875,110.984375,110.953125,110.984375,649.0
2025-06-20 07:07:00+00:00,110.984375,110.984375,110.96875,110.96875,1501.0
2025-06-20 07:08:00+00:00,110.96875,110.96875,110.96875,110.96875,557.0
2025-06-20 07:09:00+00:00,110.984375,110.984375,110.96875,110.984375,263.0
2025-06-20 07:10:00+00:00,110.984375,110.984375,110.953125,110.96875,253.0
2025-06-20 07:11:00+00:00,110.96875,110.984375,110.953125,110.984375,676.0
2025-06-20 07:12:00+00:00,110.96875,110.984375,110.953125,110.96875,537.0
2025-06-20 07:13:00+00:00,110.984375,110.984375,110.953125,110.96875,271.0
2025-06-20 07:14:00+00:00,110.984375,110.984375,110.96875,110.984375,17.0
2025-06-20 07:15:00+00:00,110.984375,110.984375,110.96875,110.984375,617.0
2025-06-20 07:16:00+00:00,110.984375,110.984375,110.96875,110.984375,1069.0
2025-06-20 07:17:00+00:00,110.984375,110.984375,110.96875,110.984375,113.0
2025-06-20 07:18:00+00:00,110.984375,111.0,110.96875,110.984375,405.0
2025-06-20 07:19:00+00:00,110.984375,110.984375,110.953125,110.96875,279.0
2025-06-20 07:20:00+00:00,110.984375,110.984375,110.96875,110.984375,260.0
2025-06-20 07:21:00+00:00,110.953125,110.96875,110.953125,110.96875,197.0
2025-06-20 07:22:00+00:00,110.96875,110.96875,110.953125,110.96875,74.0
2025-06-20 07:23:00+00:00,110.953125,110.96875,110.953125,110.96875,580.0
2025-06-20 07:24:00+00:00,110.96875,110.96875,110.953125,110.96875,365.0
2025-06-20 07:25:00+00:00,110.9375,110.953125,110.9375,110.953125,858.0
2025-06-20 07:26:00+00:00,110.9375,110.9375,110.921875,110.9375,514.0
2025-06-20 07:27:00+00:00,110.9375,110.9375,110.921875,110.9375,34.0
2025-06-20 07:28:00+00:00,110.921875,110.9375,110.921875,110.921875,133.0
2025-06-20 07:29:00+00:00,110.9375,110.9375,110.921875,110.9375,1018.0
2025-06-20 07:30:00+00:00,110.9375,110.9375,110.921875,110.921875,872.0
2025-06-20 07:31:00+00:00,110.921875,110.9375,110.90625,110.921875,339.0
2025-06-20 07:32:00+00:00,110.921875,110.921875,110.90625,110.921875,15.0
2025-06-20 07:33:00+00:00,110.921875,110.9375,110.921875,110.921875,304.0
2025-06-20 07:34:00+00:00,110.921875,110.921875,110.90625,110.921875,232.0
2025-06-20 07:35:00+00:00,110.890625,110.921875,110.890625,110.921875,963.0
2025-06-20 07:36:00+00:00,110.890625,110.90625,110.875,110.890625,3441.0
2025-06-20 07:37:00+00:00,110.875,110.890625,110.875,110.875,68.0
2025-06-20 07:38:00+00:00,110.875,110.890625,110.875,110.890625,430.0
2025-06-20 07:39:00+00:00,110.875,110.890625,110.875,110.890625,1467.0
2025-06-20 07:40:00+00:00,110.875,110.890625,110.875,110.875,339.0
2025-06-20 07:41:00+00:00,110.859375,110.890625,110.859375,110.890625,66.0
2025-06-20 07:42:00+00:00,110.890625,110.890625,110.859375,110.875,669.0
2025-06-20 07:43:00+00:00,110.890625,110.890625,110.875,110.875,39.0
2025-06-20 07:44:00+00:00,110.859375,110.890625,110.859375,110.890625,882.0
2025-06-20 07:45:00+00:00,110.875,110.875,110.859375,110.875,8.0
2025-06-20 07:46:00+00:00,110.875,110.875,110.859375,110.875,14.0
2025-06-20 07:47:00+00:00,110.859375,110.875,110.859375,110.875,1987.0
2025-06-20 07:48:00+00:00,110.859375,110.859375,110.84375,110.84375,283.0
2025-06-20 07:49:00+00:00,110.828125,110.859375,110.828125,110.859375,2349.0
2025-06-20 07:50:00+00:00,110.859375,110.859375,110.828125,110.828125,1348.0
2025-06-20 07:51:00+00:00,110.859375,110.859375,110.84375,110.859375,76.0
2025-06-20 07:52:00+00:00,110.859375,110.859375,110.859375,110.859375,11.0
2025-06-20 07:53:00+00:00,110.84375,110.859375,110.84375,110.84375,206.0
2025-06-20 07:54:00+00:00,110.84375,110.859375,110.84375,110.859375,1230.0
2025-06-20 07:55:00+00:00,110.859375,110.859375,110.828125,110.84375,514.0
2025-06-20 07:56:00+00:00,110.859375,110.859375,110.84375,110.859375,23.0
2025-06-20 07:57:00+00:00,110.859375,110.859375,110.84375,110.84375,158.0
2025-06-20 07:58:00+00:00,110.828125,110.859375,110.828125,110.859375,987.0
2025-06-20 07:59:00+00:00,110.84375,110.859375,110.828125,110.84375,1259.0
2025-06-20 08:00:00+00:00,110.875,110.875,110.84375,110.84375,3588.0
2025-06-20 08:01:00+00:00,110.875,110.890625,110.859375,110.875,1617.0
2025-06-20 08:02:00+00:00,110.875,110.875,110.859375,110.859375,696.0
2025-06-20 08:03:00+00:00,110.84375,110.859375,110.84375,110.859375,2704.0
2025-06-20 08:04:00+00:00,110.859375,110.859375,110.84375,110.859375,17.0
2025-06-20 08:05:00+00:00,110.859375,110.859375,110.84375,110.84375,565.0
2025-06-20 08:06:00+00:00,110.84375,110.859375,110.84375,110.859375,48.0
2025-06-20 08:07:00+00:00,110.84375,110.859375,110.84375,110.859375,542.0
2025-06-20 08:08:00+00:00,110.859375,110.859375,110.84375,110.84375,23.0
2025-06-20 08:09:00+00:00,110.859375,110.859375,110.84375,110.859375,234.0
2025-06-20 08:10:00+00:00,110.859375,110.859375,110.84375,110.84375,365.0
2025-06-20 08:11:00+00:00,110.859375,110.859375,110.828125,110.84375,3009.0
2025-06-20 08:14:00+00:00,110.859375,110.859375,110.828125,110.84375,1007.0
2025-06-20 08:16:00+00:00,110.859375,110.859375,110.84375,110.859375,7.0
2025-06-20 08:26:00+00:00,110.796875,110.828125,110.78125,110.81199645996094,10431.0
2025-06-20 08:27:00+00:00,110.78125,110.8125,110.78125,110.78125,3094.0
2025-06-20 08:28:00+00:00,110.8125,110.8125,110.796875,110.796875,179.0
2025-06-20 08:29:00+00:00,110.8125,110.8125,110.796875,110.8125,200.0
2025-06-20 08:30:00+00:00,110.78125,110.8125,110.78125,110.8125,1772.0
2025-06-20 08:31:00+00:00,110.78125,110.796875,110.78125,110.78125,1193.0
2025-06-20 08:32:00+00:00,110.78125,110.796875,110.78125,110.796875,126.0
2025-06-20 08:33:00+00:00,110.78125,110.796875,110.765625,110.78125,453.0
2025-06-20 08:34:00+00:00,110.765625,110.78125,110.75,110.78125,4731.0
2025-06-20 08:35:00+00:00,110.765625,110.765625,110.75,110.75,43.0
2025-06-20 08:36:00+00:00,110.765625,110.765625,110.75,110.765625,955.0
2025-06-20 08:37:00+00:00,110.78125,110.796875,110.765625,110.765625,1417.0
2025-06-20 08:38:00+00:00,110.765625,110.796875,110.765625,110.796875,2374.0
2025-06-20 08:39:00+00:00,110.765625,110.765625,110.75,110.765625,2807.0
2025-06-20 08:40:00+00:00,110.765625,110.765625,110.765625,110.765625,404.0
2025-06-20 08:41:00+00:00,110.765625,110.78125,110.765625,110.765625,4.0
2025-06-20 08:42:00+00:00,110.765625,110.78125,110.765625,110.765625,159.0
2025-06-20 08:43:00+00:00,110.78125,110.78125,110.765625,110.765625,1227.0
2025-06-20 08:44:00+00:00,110.78125,110.78125,110.765625,110.765625,524.0
2025-06-20 08:45:00+00:00,110.765625,110.78125,110.765625,110.765625,1797.0
2025-06-20 08:46:00+00:00,110.765625,110.765625,110.765625,110.765625,801.0
2025-06-20 08:47:00+00:00,110.765625,110.765625,110.765625,110.765625,24.0
2025-06-20 08:48:00+00:00,110.78125,110.78125,110.765625,110.765625,39.0
2025-06-20 08:49:00+00:00,110.765625,110.78125,110.765625,110.765625,1458.0
2025-06-20 08:50:00+00:00,110.765625,110.765625,110.765625,110.765625,19.0
2025-06-20 08:51:00+00:00,110.765625,110.78125,110.765625,110.78125,20.0
2025-06-20 08:52:00+00:00,110.765625,110.78125,110.765625,110.78125,164.0
2025-06-20 08:53:00+00:00,110.765625,110.78125,110.765625,110.765625,170.0
2025-06-20 08:54:00+00:00,110.765625,110.78125,110.75,110.78125,895.0
2025-06-20 08:55:00+00:00,110.765625,110.765625,110.765625,110.765625,98.0
2025-06-20 08:56:00+00:00,110.765625,110.78125,110.765625,110.78125,63.0
2025-06-20 08:58:00+00:00,110.765625,110.78125,110.765625,110.765625,182.0
2025-06-20 08:59:00+00:00,110.78125,110.78125,110.765625,110.78125,2494.0
2025-06-20 09:00:00+00:00,110.78125,110.796875,110.765625,110.796875,224.0
2025-06-20 09:01:00+00:00,110.78125,110.78125,110.765625,110.765625,20.0
2025-06-20 09:02:00+00:00,110.765625,110.765625,110.765625,110.765625,873.0
2025-06-20 09:03:00+00:00,110.78125,110.78125,110.765625,110.765625,24.0
2025-06-20 09:04:00+00:00,110.75,110.78125,110.75,110.78125,815.0
2025-06-20 09:05:00+00:00,110.765625,110.765625,110.75,110.75,310.0
2025-06-20 09:07:00+00:00,110.765625,110.78125,110.765625,110.765625,34.0
2025-06-20 09:08:00+00:00,110.75,110.765625,110.75,110.765625,346.0
2025-06-20 09:09:00+00:00,110.75,110.765625,110.75,110.75,4.0
2025-06-20 09:10:00+00:00,110.765625,110.765625,110.75,110.75,560.0
2025-06-20 09:11:00+00:00,110.765625,110.78125,110.765625,110.765625,1285.0
2025-06-20 09:12:00+00:00,110.765625,110.78125,110.765625,110.78125,35.0
2025-06-20 09:13:00+00:00,110.765625,110.78125,110.765625,110.765625,15.0
2025-06-20 09:14:00+00:00,110.75,110.765625,110.734375,110.765625,2810.0
2025-06-20 09:15:00+00:00,110.734375,110.75,110.734375,110.734375,193.0
2025-06-20 09:16:00+00:00,110.734375,110.75,110.734375,110.734375,64.0
2025-06-20 09:17:00+00:00,110.75,110.75,110.734375,110.75,597.0
2025-06-20 09:18:00+00:00,110.75,110.75,110.75,110.75,41.0
2025-06-20 09:19:00+00:00,110.75,110.765625,110.75,110.75,71.0
2025-06-20 09:20:00+00:00,110.75,110.765625,110.75,110.765625,29.0
2025-06-20 09:22:00+00:00,110.765625,110.765625,110.75,110.75,65.0
2025-06-20 09:23:00+00:00,110.75,110.765625,110.75,110.765625,12.0
2025-06-20 09:24:00+00:00,110.765625,110.765625,110.75,110.75,12.0
2025-06-20 09:25:00+00:00,110.75,110.765625,110.75,110.75,5.0
2025-06-20 09:26:00+00:00,110.765625,110.78125,110.75,110.765625,1520.0
2025-06-20 09:27:00+00:00,110.78125,110.796875,110.765625,110.78125,1208.0
2025-06-20 09:28:00+00:00,110.796875,110.796875,110.78125,110.796875,169.0
2025-06-20 09:29:00+00:00,110.78125,110.796875,110.78125,110.796875,1217.0
2025-06-20 09:30:00+00:00,110.78125,110.796875,110.78125,110.796875,21.0
2025-06-20 09:31:00+00:00,110.78125,110.796875,110.78125,110.796875,67.0
2025-06-20 09:32:00+00:00,110.796875,110.796875,110.78125,110.796875,9.0
2025-06-20 09:33:00+00:00,110.796875,110.796875,110.78125,110.78125,59.0
2025-06-20 09:34:00+00:00,110.78125,110.796875,110.78125,110.796875,253.0
2025-06-20 09:35:00+00:00,110.796875,110.796875,110.78125,110.796875,239.0
2025-06-20 09:36:00+00:00,110.796875,110.796875,110.78125,110.78125,11.0
2025-06-20 09:37:00+00:00,110.78125,110.796875,110.78125,110.796875,558.0
2025-06-20 09:38:00+00:00,110.78125,110.796875,110.78125,110.796875,12.0
2025-06-20 09:39:00+00:00,110.78125,110.796875,110.78125,110.796875,168.0
2025-06-20 09:40:00+00:00,110.796875,110.796875,110.78125,110.78125,1123.0
2025-06-20 09:41:00+00:00,110.78125,110.78125,110.765625,110.78125,988.0
2025-06-20 09:42:00+00:00,110.765625,110.78125,110.765625,110.78125,27.0
2025-06-20 09:43:00+00:00,110.75,110.78125,110.75,110.78125,1914.0
2025-06-20 09:45:00+00:00,110.765625,110.78125,110.765625,110.765625,374.0
2025-06-20 09:46:00+00:00,110.765625,110.78125,110.765625,110.78125,696.0
2025-06-20 09:47:00+00:00,110.765625,110.78125,110.75,110.78125,172.0
2025-06-20 09:48:00+00:00,110.75,110.765625,110.734375,110.765625,1212.0
2025-06-20 09:49:00+00:00,110.765625,110.78125,110.765625,110.765625,1453.0
2025-06-20 09:50:00+00:00,110.78125,110.78125,110.75,110.765625,924.0
2025-06-20 09:51:00+00:00,110.75,110.78125,110.75,110.78125,624.0
2025-06-20 09:52:00+00:00,110.75,110.765625,110.75,110.75,140.0
2025-06-20 09:53:00+00:00,110.765625,110.765625,110.75,110.765625,13.0
2025-06-20 09:54:00+00:00,110.75,110.765625,110.75,110.75,20.0
2025-06-20 09:55:00+00:00,110.75,110.765625,110.75,110.765625,87.0
2025-06-20 09:56:00+00:00,110.75,110.765625,110.75,110.765625,17.0
2025-06-20 09:57:00+00:00,110.75,110.75,110.75,110.75,9.0
2025-06-20 09:58:00+00:00,110.75,110.765625,110.75,110.75,1697.0
2025-06-20 09:59:00+00:00,110.765625,110.765625,110.75,110.765625,260.0
2025-06-20 10:00:00+00:00,110.765625,110.78125,110.765625,110.765625,117.0
2025-06-20 10:01:00+00:00,110.78125,110.78125,110.765625,110.765625,984.0
2025-06-20 10:02:00+00:00,110.765625,110.78125,110.765625,110.765625,121.0
2025-06-20 10:03:00+00:00,110.75,110.78125,110.75,110.765625,318.0
2025-06-20 10:04:00+00:00,110.734375,110.765625,110.734375,110.75,2074.0
2025-06-20 10:05:00+00:00,110.734375,110.75,110.734375,110.734375,40.0
2025-06-20 10:06:00+00:00,110.75,110.75,110.734375,110.734375,13.0
2025-06-20 10:07:00+00:00,110.734375,110.75,110.734375,110.75,1167.0
2025-06-20 10:08:00+00:00,110.71875,110.734375,110.71875,110.734375,539.0
2025-06-20 10:09:00+00:00,110.703125,110.734375,110.703125,110.71875,2032.0
2025-06-20 10:10:00+00:00,110.703125,110.71875,110.703125,110.703125,2097.0
2025-06-20 10:11:00+00:00,110.6875,110.703125,110.6875,110.703125,672.0
2025-06-20 10:12:00+00:00,110.6875,110.703125,110.6875,110.6875,93.0
2025-06-20 10:13:00+00:00,110.6875,110.703125,110.6875,110.6875,113.0
2025-06-20 10:14:00+00:00,110.68800354003906,110.703125,110.6875,110.6875,32.0
2025-06-20 10:15:00+00:00,110.671875,110.703125,110.671875,110.6875,3037.0
2025-06-20 10:16:00+00:00,110.6875,110.703125,110.671875,110.671875,2854.0
2025-06-20 10:17:00+00:00,110.703125,110.703125,110.6875,110.6875,5278.0
2025-06-20 10:18:00+00:00,110.703125,110.703125,110.6875,110.6875,61.0
2025-06-20 10:19:00+00:00,110.6875,110.703125,110.6875,110.6875,18.0
2025-06-20 10:20:00+00:00,110.703125,110.703125,110.6875,110.6875,457.0
2025-06-20 10:21:00+00:00,110.6875,110.703125,110.671875,110.6875,2382.0
2025-06-20 10:22:00+00:00,110.6875,110.703125,110.6875,110.6875,132.0
2025-06-20 10:23:00+00:00,110.703125,110.71875,110.6875,110.6875,1833.0
2025-06-20 10:24:00+00:00,110.703125,110.703125,110.6875,110.6875,27.0
2025-06-20 10:25:00+00:00,110.703125,110.71875,110.6875,110.703125,1931.0
2025-06-20 10:26:00+00:00,110.6875,110.71875,110.6875,110.703125,1126.0
2025-06-20 10:27:00+00:00,110.703125,110.703125,110.6875,110.703125,242.0
2025-06-20 10:28:00+00:00,110.703125,110.71875,110.6875,110.703125,974.0
2025-06-20 10:29:00+00:00,110.703125,110.71875,110.703125,110.703125,166.0
2025-06-20 10:30:00+00:00,110.71875,110.71875,110.703125,110.703125,18.0
2025-06-20 10:31:00+00:00,110.703125,110.71875,110.703125,110.703125,616.0
2025-06-20 10:32:00+00:00,110.703125,110.71875,110.6875,110.703125,1481.0
2025-06-20 10:33:00+00:00,110.6875,110.703125,110.6875,110.6875,119.0
2025-06-20 10:34:00+00:00,110.671875,110.703125,110.671875,110.6875,903.0
2025-06-20 10:35:00+00:00,110.671875,110.703125,110.671875,110.6875,731.0
2025-06-20 10:36:00+00:00,110.6875,110.6875,110.671875,110.671875,52.0
2025-06-20 10:37:00+00:00,110.671875,110.6875,110.671875,110.671875,339.0
2025-06-20 10:38:00+00:00,110.703125,110.703125,110.671875,110.671875,3814.0
2025-06-20 10:39:00+00:00,110.6875,110.703125,110.6875,110.6875,42.0
2025-06-20 10:40:00+00:00,110.703125,110.703125,110.6875,110.703125,50.0
2025-06-20 10:41:00+00:00,110.6875,110.703125,110.6875,110.6875,429.0
2025-06-20 10:42:00+00:00,110.671875,110.703125,110.671875,110.703125,1124.0
2025-06-20 10:43:00+00:00,110.6875,110.6875,110.671875,110.6875,28.0
2025-06-20 10:44:00+00:00,110.703125,110.703125,110.671875,110.671875,649.0
2025-06-20 10:45:00+00:00,110.6875,110.703125,110.6875,110.6875,14.0
2025-06-20 10:46:00+00:00,110.703125,110.703125,110.6875,110.703125,45.0
2025-06-20 10:47:00+00:00,110.703125,110.703125,110.6875,110.6875,53.0
2025-06-20 10:48:00+00:00,110.6875,110.703125,110.6875,110.6875,1269.0
2025-06-20 10:49:00+00:00,110.6875,110.703125,110.671875,110.6875,481.0
2025-06-20 10:50:00+00:00,110.6875,110.6875,110.671875,110.6875,621.0
2025-06-20 10:51:00+00:00,110.671875,110.703125,110.671875,110.6875,986.0
2025-06-20 10:52:00+00:00,110.671875,110.6875,110.671875,110.671875,107.0
2025-06-20 10:53:00+00:00,110.671875,110.6875,110.671875,110.671875,1509.0
2025-06-20 10:54:00+00:00,110.65625,110.6875,110.65625,110.671875,579.0
2025-06-20 10:55:00+00:00,110.65625,110.671875,110.65625,110.65625,57.0
2025-06-20 10:56:00+00:00,110.6875,110.6875,110.65625,110.65625,931.0
2025-06-20 10:57:00+00:00,110.6875,110.6875,110.671875,110.671875,100.0
2025-06-20 10:58:00+00:00,110.671875,110.671875,110.671875,110.671875,16.0
2025-06-20 10:59:00+00:00,110.671875,110.6875,110.671875,110.6875,939.0
2025-06-20 11:00:00+00:00,110.65625,110.671875,110.640625,110.65625,3421.0
2025-06-20 11:01:00+00:00,110.671875,110.671875,110.65625,110.65625,525.0
2025-06-20 11:02:00+00:00,110.671875,110.671875,110.65625,110.65625,80.0
2025-06-20 11:03:00+00:00,110.65625,110.671875,110.65625,110.65625,163.0
2025-06-20 11:04:00+00:00,110.671875,110.6875,110.65625,110.65625,1677.0
2025-06-20 11:06:00+00:00,110.671875,110.671875,110.65625,110.671875,400.0
2025-06-20 11:07:00+00:00,110.65625,110.671875,110.65625,110.65625,96.0
2025-06-20 11:08:00+00:00,110.671875,110.671875,110.65625,110.65625,1380.0
2025-06-20 11:09:00+00:00,110.671875,110.6875,110.671875,110.671875,531.0
2025-06-20 11:10:00+00:00,110.671875,110.6875,110.65625,110.65625,474.0
2025-06-20 11:11:00+00:00,110.671875,110.6875,110.65625,110.671875,545.0
2025-06-20 11:12:00+00:00,110.671875,110.6875,110.65625,110.671875,975.0
2025-06-20 11:13:00+00:00,110.671875,110.6875,110.671875,110.6875,25.0
2025-06-20 11:14:00+00:00,110.671875,110.6875,110.671875,110.671875,126.0
2025-06-20 11:15:00+00:00,110.65625,110.671875,110.65625,110.671875,1276.0
2025-06-20 11:16:00+00:00,110.65625,110.671875,110.65625,110.671875,42.0
2025-06-20 11:17:00+00:00,110.640625,110.65625,110.640625,110.65625,2243.0
2025-06-20 11:18:00+00:00,110.625,110.65625,110.609375,110.640625,6435.0
2025-06-20 11:19:00+00:00,110.640625,110.640625,110.609375,110.625,2920.0
2025-06-20 11:20:00+00:00,110.640625,110.640625,110.625,110.640625,1674.0
2025-06-20 11:21:00+00:00,110.640625,110.640625,110.625,110.625,1317.0
2025-06-20 11:22:00+00:00,110.625,110.640625,110.625,110.640625,253.0
2025-06-20 11:23:00+00:00,110.625,110.640625,110.625,110.640625,273.0
2025-06-20 11:24:00+00:00,110.625,110.640625,110.625,110.625,153.0
2025-06-20 11:25:00+00:00,110.609375,110.640625,110.609375,110.625,2665.0
2025-06-20 11:26:00+00:00,110.609375,110.625,110.609375,110.609375,792.0
2025-06-20 11:27:00+00:00,110.625,110.640625,110.609375,110.609375,2705.0
2025-06-20 11:28:00+00:00,110.625,110.640625,110.625,110.625,322.0
2025-06-20 11:29:00+00:00,110.625,110.625,110.625,110.625,1095.0
2025-06-20 11:30:00+00:00,110.625,110.640625,110.609375,110.625,1328.0
2025-06-20 11:31:00+00:00,110.609375,110.625,110.609375,110.625,547.0
2025-06-20 11:32:00+00:00,110.609375,110.609375,110.609375,110.609375,1194.0
2025-06-20 11:33:00+00:00,110.625,110.625,110.609375,110.625,3023.0
2025-06-20 11:34:00+00:00,110.609375,110.625,110.609375,110.609375,454.0
2025-06-20 11:35:00+00:00,110.609375,110.625,110.59375,110.609375,4196.0
2025-06-20 11:37:00+00:00,110.609375,110.625,110.609375,110.625,1107.0
2025-06-20 11:38:00+00:00,110.625,110.625,110.609375,110.609375,2086.0
2025-06-20 11:39:00+00:00,110.609375,110.625,110.609375,110.609375,424.0
2025-06-20 11:40:00+00:00,110.609375,110.609375,110.609375,110.609375,1795.0
2025-06-20 11:41:00+00:00,110.609375,110.625,110.59375,110.609375,318.0
2025-06-20 11:42:00+00:00,110.609375,110.625,110.59375,110.59375,370.0
2025-06-20 11:43:00+00:00,110.640625,110.640625,110.609375,110.609375,1292.0
2025-06-20 11:44:00+00:00,110.625,110.640625,110.609375,110.625,832.0
2025-06-20 11:45:00+00:00,110.609375,110.625,110.59375,110.625,4026.0
2025-06-20 11:46:00+00:00,110.625,110.625,110.59375,110.625,3103.0
2025-06-20 11:47:00+00:00,110.625,110.640625,110.625,110.640625,2749.0
2025-06-20 11:48:00+00:00,110.59375,110.625,110.59375,110.625,2486.0
2025-06-20 11:49:00+00:00,110.578125,110.59375,110.578125,110.59375,4093.0
2025-06-20 11:50:00+00:00,110.578125,110.59375,110.5625,110.578125,3272.0
2025-06-20 11:51:00+00:00,110.546875,110.578125,110.546875,110.578125,1836.0
2025-06-20 11:52:00+00:00,110.546875,110.5625,110.546875,110.546875,3364.0
2025-06-20 11:53:00+00:00,110.5625,110.5625,110.546875,110.5625,764.0
2025-06-20 11:54:00+00:00,110.546875,110.546875,110.546875,110.546875,2586.0
2025-06-20 11:55:00+00:00,110.546875,110.5625,110.546875,110.546875,1204.0
2025-06-20 11:56:00+00:00,110.5625,110.5625,110.546875,110.546875,4663.0
2025-06-20 11:57:00+00:00,110.5625,110.578125,110.5625,110.5625,291.0
2025-06-20 11:58:00+00:00,110.546875,110.546875,110.546875,110.546875,4336.0
2025-06-20 11:59:00+00:00,110.546875,110.546875,110.546875,110.546875,245.0
2025-06-20 12:00:00+00:00,110.5625,110.5625,110.546875,110.5625,2454.0
2025-06-20 12:01:00+00:00,110.53125,110.5625,110.53125,110.5625,1153.0
2025-06-20 12:02:00+00:00,110.5625,110.5625,110.53125,110.546875,3268.0
2025-06-20 12:03:00+00:00,110.5625,110.5625,110.546875,110.5625,3425.0
2025-06-20 12:04:00+00:00,110.5625,110.578125,110.546875,110.5625,1743.0
2025-06-20 12:05:00+00:00,110.5625,110.5625,110.5625,110.5625,962.0
2025-06-20 12:06:00+00:00,110.5625,110.5625,110.546875,110.5625,3741.0
2025-06-20 12:07:00+00:00,110.5625,110.5625,110.546875,110.5625,3079.0
2025-06-20 12:08:00+00:00,110.546875,110.5625,110.546875,110.546875,3708.0
2025-06-20 12:09:00+00:00,110.546875,110.5625,110.546875,110.546875,1357.0
2025-06-20 12:10:00+00:00,110.546875,110.5625,110.546875,110.546875,2115.0
2025-06-20 12:11:00+00:00,110.546875,110.5625,110.546875,110.546875,2295.0
2025-06-20 12:12:00+00:00,110.5625,110.5625,110.546875,110.546875,3126.0
2025-06-20 12:13:00+00:00,110.546875,110.578125,110.546875,110.5625,2088.0
2025-06-20 12:14:00+00:00,110.5625,110.5625,110.546875,110.546875,237.0
2025-06-20 12:15:00+00:00,110.546875,110.5625,110.546875,110.546875,354.0
2025-06-20 12:16:00+00:00,110.5625,110.5625,110.546875,110.546875,1763.0
2025-06-20 12:17:00+00:00,110.5625,110.5625,110.5625,110.5625,1129.0
2025-06-20 12:18:00+00:00,110.5625,110.578125,110.5625,110.5625,1946.0
2025-06-20 12:19:00+00:00,110.546875,110.578125,110.546875,110.5625,2069.0
2025-06-20 12:20:00+00:00,110.546875,110.5625,110.546875,110.5625,5463.0
2025-06-20 12:21:00+00:00,110.546875,110.5625,110.546875,110.546875,2000.0
2025-06-20 12:22:00+00:00,110.546875,110.5625,110.546875,110.546875,585.0
2025-06-20 12:23:00+00:00,110.5625,110.578125,110.546875,110.546875,6494.0
2025-06-20 12:24:00+00:00,110.546875,110.5625,110.53125,110.5625,4004.0
2025-06-20 12:25:00+00:00,110.53125,110.546875,110.515625,110.53125,4188.0
2025-06-20 12:26:00+00:00,110.515625,110.53125,110.5,110.515625,4967.0
2025-06-20 12:27:00+00:00,110.515625,110.53125,110.5,110.5,832.0
2025-06-20 12:28:00+00:00,110.515625,110.53125,110.515625,110.515625,2356.0
2025-06-20 12:29:00+00:00,110.53125,110.53125,110.515625,110.515625,1479.0
2025-06-20 12:30:00+00:00,110.53125,110.546875,110.515625,110.53125,5298.0
2025-06-20 12:31:00+00:00,110.53125,110.546875,110.515625,110.515625,1025.0
2025-06-20 12:32:00+00:00,110.546875,110.5625,110.53125,110.546875,4284.0
2025-06-20 12:33:00+00:00,110.578125,110.640625,110.546875,110.5625,22197.0
2025-06-20 12:34:00+00:00,110.640625,110.671875,110.5625,110.578125,18208.0
2025-06-20 12:35:00+00:00,110.625,110.65625,110.59375,110.65625,10829.0
2025-06-20 12:38:00+00:00,110.65625,110.671875,110.640625,110.640625,18847.0
2025-06-20 12:39:00+00:00,110.65625,110.671875,110.625,110.671875,3254.0
2025-06-20 12:40:00+00:00,110.671875,110.6875,110.640625,110.640625,5762.0
2025-06-20 12:41:00+00:00,110.640625,110.671875,110.640625,110.671875,4670.0
2025-06-20 12:42:00+00:00,110.609375,110.640625,110.609375,110.625,4013.0
2025-06-20 12:43:00+00:00,110.578125,110.609375,110.578125,110.609375,3790.0
2025-06-20 12:44:00+00:00,110.59375,110.59375,110.578125,110.59375,1741.0
2025-06-20 12:45:00+00:00,110.625,110.625,110.59375,110.609375,1598.0
2025-06-20 12:46:00+00:00,110.609375,110.625,110.59375,110.609375,580.0
2025-06-20 12:47:00+00:00,110.578125,110.59375,110.578125,110.59375,3399.0
2025-06-20 12:48:00+00:00,110.59375,110.59375,110.578125,110.578125,5213.0
2025-06-20 12:49:00+00:00,110.546875,110.59375,110.546875,110.59375,7121.0
2025-06-20 12:50:00+00:00,110.546875,110.5625,110.546875,110.546875,1826.0
2025-06-20 12:51:00+00:00,110.546875,110.5625,110.546875,110.546875,3257.0
2025-06-20 12:52:00+00:00,110.546875,110.5625,110.546875,110.5625,3523.0
2025-06-20 12:53:00+00:00,110.5625,110.5625,110.546875,110.546875,5599.0
2025-06-20 12:54:00+00:00,110.578125,110.578125,110.546875,110.546875,1188.0
2025-06-20 12:55:00+00:00,110.5625,110.578125,110.546875,110.5625,3340.0
2025-06-20 12:56:00+00:00,110.578125,110.578125,110.546875,110.546875,1285.0
2025-06-20 12:57:00+00:00,110.5625,110.578125,110.546875,110.5625,3329.0
2025-06-20 12:58:00+00:00,110.59375,110.59375,110.546875,110.546875,4686.0
2025-06-20 12:59:00+00:00,110.609375,110.609375,110.59375,110.59375,3817.0
2025-06-20 13:00:00+00:00,110.640625,110.65625,110.609375,110.609375,7476.0
2025-06-20 13:01:00+00:00,110.640625,110.65625,110.625,110.640625,1843.0
2025-06-20 13:02:00+00:00,110.65625,110.671875,110.640625,110.640625,1915.0
2025-06-20 13:03:00+00:00,110.640625,110.671875,110.640625,110.671875,2811.0
2025-06-20 13:04:00+00:00,110.671875,110.671875,110.65625,110.65625,2621.0
2025-06-20 13:05:00+00:00,110.671875,110.671875,110.65625,110.65625,2185.0
2025-06-20 13:08:00+00:00,110.671875,110.6875,110.671875,110.671875,6051.0
2025-06-20 13:09:00+00:00,110.65625,110.6875,110.65625,110.6875,1131.0
2025-06-20 13:10:00+00:00,110.65625,110.671875,110.640625,110.65625,1774.0
2025-06-20 13:11:00+00:00,110.671875,110.6875,110.65625,110.671875,2047.0
2025-06-20 13:12:00+00:00,110.65625,110.671875,110.640625,110.671875,1548.0
2025-06-20 13:13:00+00:00,110.65625,110.671875,110.65625,110.671875,351.0
2025-06-20 13:14:00+00:00,110.671875,110.671875,110.65625,110.65625,4228.0
2025-06-20 13:15:00+00:00,110.65625,110.671875,110.65625,110.671875,916.0
2025-06-20 13:16:00+00:00,110.671875,110.671875,110.65625,110.65625,208.0
2025-06-20 13:17:00+00:00,110.65625,110.671875,110.65625,110.671875,3002.0
2025-06-20 13:18:00+00:00,110.671875,110.671875,110.65625,110.671875,1533.0
2025-06-20 13:19:00+00:00,110.65625,110.65625,110.65625,110.65625,1319.0
2025-06-20 13:20:00+00:00,110.640625,110.65625,110.625,110.65625,1274.0
2025-06-20 13:21:00+00:00,110.625,110.640625,110.625,110.640625,2234.0
2025-06-20 13:22:00+00:00,110.625,110.625,110.625,110.625,1831.0
2025-06-20 13:23:00+00:00,110.671875,110.671875,110.625,110.625,2253.0
2025-06-20 13:24:00+00:00,110.671875,110.671875,110.65625,110.65625,436.0
2025-06-20 13:25:00+00:00,110.671875,110.671875,110.65625,110.671875,2253.0
2025-06-20 13:26:00+00:00,110.671875,110.6875,110.65625,110.671875,883.0
2025-06-20 13:27:00+00:00,110.671875,110.6875,110.671875,110.671875,1028.0
2025-06-20 13:28:00+00:00,110.671875,110.6875,110.65625,110.671875,1485.0
2025-06-20 13:29:00+00:00,110.6875,110.6875,110.671875,110.6875,1035.0
2025-06-20 13:30:00+00:00,110.6875,110.703125,110.671875,110.671875,4192.0
2025-06-20 13:31:00+00:00,110.71875,110.734375,110.6875,110.703125,6395.0
2025-06-20 13:34:00+00:00,110.703125,110.703125,110.6875,110.703125,6170.0
2025-06-20 13:35:00+00:00,110.671875,110.703125,110.671875,110.6875,7540.0
2025-06-20 13:36:00+00:00,110.6875,110.6875,110.671875,110.671875,2903.0
2025-06-20 13:37:00+00:00,110.671875,110.703125,110.671875,110.6875,943.0
2025-06-20 13:38:00+00:00,110.671875,110.6875,110.671875,110.671875,145.0
2025-06-20 13:39:00+00:00,110.671875,110.6875,110.671875,110.671875,1551.0
2025-06-20 13:40:00+00:00,110.703125,110.703125,110.671875,110.671875,2790.0
2025-06-20 13:41:00+00:00,110.671875,110.6875,110.671875,110.671875,2731.0
2025-06-20 13:42:00+00:00,110.6875,110.703125,110.671875,110.703125,3126.0
2025-06-20 13:43:00+00:00,110.671875,110.6875,110.671875,110.671875,861.0
2025-06-20 13:44:00+00:00,110.671875,110.6875,110.65625,110.671875,2964.0
2025-06-20 13:45:00+00:00,110.671875,110.671875,110.640625,110.65625,1172.0
2025-06-20 13:46:00+00:00,110.65625,110.671875,110.65625,110.65625,401.0
2025-06-20 13:47:00+00:00,110.671875,110.671875,110.65625,110.65625,399.0
2025-06-20 13:48:00+00:00,110.671875,110.703125,110.65625,110.65625,6083.0
2025-06-20 13:49:00+00:00,110.65625,110.671875,110.65625,110.65625,1158.0
2025-06-20 13:50:00+00:00,110.65625,110.671875,110.640625,110.65625,2336.0
2025-06-20 13:51:00+00:00,110.65625,110.65625,110.65625,110.65625,564.0
2025-06-20 13:52:00+00:00,110.65625,110.65625,110.65625,110.65625,1238.0
2025-06-20 13:54:00+00:00,110.703125,110.703125,110.6875,110.6875,1176.0
2025-06-20 13:55:00+00:00,110.703125,110.703125,110.6875,110.6875,125.0
2025-06-20 13:56:00+00:00,110.703125,110.703125,110.6875,110.6875,379.0
2025-06-20 13:57:00+00:00,110.6875,110.703125,110.6875,110.6875,210.0
2025-06-20 13:58:00+00:00,110.703125,110.703125,110.6875,110.6875,357.0
2025-06-20 13:59:00+00:00,110.671875,110.703125,110.671875,110.6875,4282.0
2025-06-20 14:00:00+00:00,110.6875,110.6875,110.671875,110.671875,508.0
2025-06-20 14:01:00+00:00,110.671875,110.6875,110.65625,110.671875,4410.0
2025-06-20 14:02:00+00:00,110.671875,110.671875,110.65625,110.671875,376.0
2025-06-20 14:03:00+00:00,110.6875,110.6875,110.65625,110.65625,631.0
2025-06-20 14:04:00+00:00,110.6875,110.6875,110.671875,110.671875,128.0
2025-06-20 14:05:00+00:00,110.671875,110.6875,110.65625,110.6875,1802.0
2025-06-20 14:07:00+00:00,110.6875,110.6875,110.6875,110.6875,0.0
2025-06-20 14:08:00+00:00,110.671875,110.703125,110.671875,110.703125,981384.0
2025-06-20 14:09:00+00:00,110.671875,110.6875,110.671875,110.671875,187.0
2025-06-20 14:10:00+00:00,110.671875,110.6875,110.671875,110.6875,670.0
2025-06-20 14:11:00+00:00,110.671875,110.6875,110.65625,110.65625,1175.0
2025-06-20 14:12:00+00:00,110.640625,110.671875,110.640625,110.671875,1003.0
2025-06-20 14:13:00+00:00,110.640625,110.65625,110.640625,110.640625,122.0
2025-06-20 14:14:00+00:00,110.65625,110.65625,110.640625,110.65625,1862.0
2025-06-20 14:15:00+00:00,110.65625,110.671875,110.65625,110.65625,1294.0
2025-06-20 14:16:00+00:00,110.640625,110.65625,110.640625,110.65625,79.0
2025-06-20 14:17:00+00:00,110.65625,110.671875,110.640625,110.640625,1115.0
2025-06-20 14:18:00+00:00,110.671875,110.671875,110.65625,110.671875,2727.0
2025-06-20 14:21:00+00:00,110.671875,110.671875,110.65625,110.65625,3618.0
2025-06-20 14:22:00+00:00,110.640625,110.671875,110.640625,110.671875,1086.0
2025-06-20 14:23:00+00:00,110.65625,110.671875,110.65625,110.65625,1248.0
2025-06-20 14:24:00+00:00,110.65625,110.671875,110.640625,110.671875,3334.0
2025-06-20 14:25:00+00:00,110.6875,110.6875,110.65625,110.65625,2560.0
2025-06-20 14:26:00+00:00,110.6875,110.6875,110.671875,110.671875,441.0
2025-06-20 14:27:00+00:00,110.703125,110.703125,110.6875,110.6875,3539.0
2025-06-20 14:28:00+00:00,110.6875,110.6875,110.671875,110.6875,2249.0
2025-06-20 14:29:00+00:00,110.703125,110.703125,110.671875,110.671875,576.0
2025-06-20 14:30:00+00:00,110.6875,110.703125,110.6875,110.703125,1616.0
2025-06-20 14:31:00+00:00,110.6875,110.703125,110.6875,110.703125,67.0
2025-06-20 14:32:00+00:00,110.671875,110.703125,110.671875,110.6875,657.0
2025-06-20 14:33:00+00:00,110.671875,110.671875,110.65625,110.671875,3143.0
2025-06-20 14:35:00+00:00,110.671875,110.671875,110.65625,110.65625,1237.0
2025-06-20 14:36:00+00:00,110.65625,110.671875,110.65625,110.671875,257.0
2025-06-20 14:37:00+00:00,110.65625,110.671875,110.65625,110.671875,881.0
2025-06-20 14:38:00+00:00,110.671875,110.671875,110.65625,110.671875,21.0
2025-06-20 14:39:00+00:00,110.671875,110.671875,110.65625,110.671875,137.0
2025-06-20 14:40:00+00:00,110.6875,110.6875,110.640625,110.671875,5034.0
2025-06-20 14:41:00+00:00,110.6875,110.6875,110.671875,110.6875,3956.0
2025-06-20 14:42:00+00:00,110.6875,110.6875,110.671875,110.6875,18.0
2025-06-20 14:43:00+00:00,110.6875,110.6875,110.671875,110.671875,2180.0
2025-06-20 14:44:00+00:00,110.671875,110.6875,110.671875,110.671875,1702.0
2025-06-20 14:45:00+00:00,110.65625,110.6875,110.65625,110.671875,1096.0
2025-06-20 14:46:00+00:00,110.640625,110.65625,110.640625,110.65625,3390.0
2025-06-20 14:47:00+00:00,110.640625,110.65625,110.640625,110.640625,382.0
2025-06-20 14:48:00+00:00,110.640625,110.65625,110.640625,110.640625,1482.0
2025-06-20 14:49:00+00:00,110.625,110.65625,110.625,110.640625,2055.0
2025-06-20 14:50:00+00:00,110.65625,110.65625,110.625,110.625,908.0
2025-06-20 14:53:00+00:00,110.71875,110.71875,110.6875,110.703125,11182.0
2025-06-20 14:54:00+00:00,110.71875,110.71875,110.703125,110.703125,3809.0
2025-06-20 14:55:00+00:00,110.703125,110.71875,110.703125,110.703125,1837.0
2025-06-20 14:56:00+00:00,110.71875,110.71875,110.703125,110.703125,878.0
2025-06-20 14:57:00+00:00,110.734375,110.734375,110.703125,110.703125,1677.0
2025-06-20 14:58:00+00:00,110.71875,110.71875,110.703125,110.71875,2354.0
2025-06-20 14:59:00+00:00,110.71875,110.734375,110.71875,110.71875,1559.0
2025-06-20 15:00:00+00:00,110.75,110.75,110.71875,110.734375,3613.0
2025-06-20 15:01:00+00:00,110.796875,110.796875,110.734375,110.75,12685.0
2025-06-20 15:02:00+00:00,110.796875,110.796875,110.78125,110.78125,7806.0
2025-06-20 15:03:00+00:00,110.796875,110.8125,110.78125,110.78125,8709.0
2025-06-20 15:04:00+00:00,110.796875,110.8125,110.796875,110.796875,335.0
2025-06-20 15:05:00+00:00,110.796875,110.8125,110.78125,110.796875,2811.0
2025-06-20 15:06:00+00:00,110.78125,110.796875,110.78125,110.796875,94.0
2025-06-20 15:08:00+00:00,110.8125,110.8125,110.796875,110.8125,5324.0
2025-06-20 15:12:00+00:00,110.8125,110.828125,110.8125,110.828125,10500.0
2025-06-20 15:13:00+00:00,110.8125,110.8125,110.796875,110.8125,100.0
2025-06-20 15:14:00+00:00,110.8125,110.828125,110.8125,110.828125,1754.0
2025-06-20 15:15:00+00:00,110.828125,110.84375,110.828125,110.828125,4860.0
2025-06-20 15:17:00+00:00,110.84375,110.859375,110.84375,110.84375,5109.0
2025-06-20 15:18:00+00:00,110.84375,110.84375,110.828125,110.84375,218.0
2025-06-20 15:19:00+00:00,110.84375,110.84375,110.84375,110.84375,947.0
2025-06-20 15:20:00+00:00,110.84375,110.859375,110.828125,110.859375,1424.0
2025-06-20 15:23:00+00:00,110.84375,110.84375,110.828125,110.84375,3451.0
2025-06-20 15:24:00+00:00,110.859375,110.859375,110.84375,110.859375,633.0
2025-06-20 15:25:00+00:00,110.875,110.875,110.84375,110.859375,3738.0
2025-06-20 15:26:00+00:00,110.875,110.875,110.875,110.875,6270.0
2025-06-20 15:27:00+00:00,110.875,110.875,110.859375,110.875,850.0
2025-06-20 15:28:00+00:00,110.890625,110.890625,110.859375,110.875,4488.0
2025-06-20 15:29:00+00:00,110.890625,110.890625,110.875,110.890625,2910.0
2025-06-20 15:30:00+00:00,110.890625,110.90625,110.890625,110.890625,5199.0
2025-06-20 15:31:00+00:00,110.890625,110.890625,110.890625,110.890625,1312.0
2025-06-20 15:32:00+00:00,110.90625,110.90625,110.875,110.890625,2039.0
2025-06-20 15:33:00+00:00,110.890625,110.90625,110.875,110.890625,2451.0
2025-06-20 15:34:00+00:00,110.890625,110.890625,110.875,110.890625,139.0
2025-06-20 15:36:00+00:00,110.890625,110.890625,110.890625,110.890625,2850.0
2025-06-20 15:37:00+00:00,110.90625,110.90625,110.890625,110.890625,3605.0
2025-06-20 15:38:00+00:00,110.90625,110.90625,110.890625,110.90625,149.0
2025-06-20 15:40:00+00:00,110.90625,110.921875,110.90625,110.90625,3307.0
2025-06-20 15:41:00+00:00,110.90625,110.921875,110.90625,110.921875,3441.0
2025-06-20 15:42:00+00:00,110.90625,110.921875,110.890625,110.921875,1727.0
2025-06-20 15:43:00+00:00,110.90625,110.90625,110.890625,110.90625,1289.0
2025-06-20 15:44:00+00:00,110.90625,110.90625,110.890625,110.90625,676.0
2025-06-20 15:45:00+00:00,110.90625,110.90625,110.890625,110.90625,1444.0
2025-06-20 15:46:00+00:00,110.90625,110.90625,110.890625,110.90625,231.0
2025-06-20 15:48:00+00:00,110.890625,110.90625,110.890625,110.90625,5322.0
2025-06-20 15:49:00+00:00,110.875,110.90625,110.875,110.90625,853.0
2025-06-20 15:50:00+00:00,110.890625,110.890625,110.875,110.890625,1215.0
2025-06-20 15:51:00+00:00,110.875,110.890625,110.875,110.890625,178.0
2025-06-20 15:52:00+00:00,110.890625,110.890625,110.875,110.890625,138.0
2025-06-20 15:53:00+00:00,110.875,110.890625,110.875,110.890625,261.0
2025-06-20 15:54:00+00:00,110.890625,110.890625,110.875,110.890625,3831.0
2025-06-20 15:55:00+00:00,110.890625,110.890625,110.875,110.890625,563.0
2025-06-20 15:56:00+00:00,110.875,110.890625,110.875,110.890625,499.0
2025-06-20 15:57:00+00:00,110.890625,110.890625,110.875,110.890625,211.0
2025-06-20 15:59:00+00:00,110.875,110.875,110.875,110.875,1305.0
2025-06-20 16:00:00+00:00,110.890625,110.890625,110.859375,110.875,3025.0
2025-06-20 16:01:00+00:00,110.90625,110.921875,110.875,110.890625,5577.0
2025-06-20 16:02:00+00:00,110.90625,110.921875,110.890625,110.921875,2767.0
2025-06-20 16:03:00+00:00,110.90625,110.90625,110.890625,110.90625,392.0
2025-06-20 16:04:00+00:00,110.921875,110.921875,110.890625,110.90625,4653.0
2025-06-20 16:05:00+00:00,110.921875,110.921875,110.90625,110.90625,779.0
2025-06-20 16:06:00+00:00,110.90625,110.921875,110.90625,110.921875,1935.0
2025-06-20 16:07:00+00:00,110.90625,110.921875,110.90625,110.921875,289.0
2025-06-20 16:08:00+00:00,110.9375,110.9375,110.921875,110.921875,1063.0
2025-06-20 16:09:00+00:00,110.921875,110.9375,110.921875,110.9375,232.0
2025-06-20 16:10:00+00:00,110.921875,110.9375,110.921875,110.9375,746.0
2025-06-20 16:11:00+00:00,110.921875,110.9375,110.921875,110.921875,3687.0
2025-06-20 16:12:00+00:00,110.921875,110.9375,110.921875,110.9375,36.0
2025-06-20 16:13:00+00:00,110.9375,110.953125,110.921875,110.9375,5859.0
2025-06-20 16:14:00+00:00,110.921875,110.953125,110.921875,110.9375,1898.0
2025-06-20 16:15:00+00:00,110.953125,110.953125,110.921875,110.9375,1811.0
2025-06-20 16:16:00+00:00,110.953125,110.953125,110.9375,110.953125,675.0
2025-06-20 16:17:00+00:00,110.9375,110.953125,110.9375,110.953125,483.0
2025-06-20 16:18:00+00:00,110.953125,110.953125,110.9375,110.953125,974.0
2025-06-20 16:19:00+00:00,110.953125,110.953125,110.9375,110.953125,6410.0
2025-06-20 16:20:00+00:00,110.96875,110.96875,110.9375,110.953125,2098.0
2025-06-20 16:21:00+00:00,110.96875,110.984375,110.953125,110.96875,5621.0
2025-06-20 16:22:00+00:00,110.953125,110.984375,110.9375,110.96875,11893.0
2025-06-20 16:23:00+00:00,111.0,111.0,110.953125,110.96875,8142.0
2025-06-20 16:24:00+00:00,110.984375,111.0,110.984375,111.0,2032.0
2025-06-20 16:25:00+00:00,111.015625,111.03125,110.984375,111.0,8692.0
2025-06-20 16:26:00+00:00,111.015625,111.03125,111.0,111.03125,8894.0
2025-06-20 16:27:00+00:00,111.015625,111.03125,111.0,111.015625,5625.0
2025-06-20 16:29:00+00:00,111.015625,111.015625,111.015625,111.015625,2614.0
2025-06-20 16:30:00+00:00,111.015625,111.015625,111.0,111.015625,190.0
2025-06-20 16:31:00+00:00,111.015625,111.015625,111.0,111.0,155.0
2025-06-20 16:32:00+00:00,111.015625,111.015625,111.0,111.015625,563.0
2025-06-20 16:33:00+00:00,111.015625,111.015625,111.0,111.015625,100.0
2025-06-20 16:34:00+00:00,111.015625,111.03125,111.0,111.015625,7906.0
2025-06-20 16:35:00+00:00,111.03125,111.03125,111.015625,111.03125,148.0
2025-06-20 16:36:00+00:00,111.015625,111.03125,111.015625,111.03125,499.0
2025-06-20 16:37:00+00:00,111.03125,111.03125,111.015625,111.03125,1161.0
2025-06-20 16:38:00+00:00,111.015625,111.03125,111.015625,111.03125,470.0
2025-06-20 16:39:00+00:00,111.015625,111.03125,111.0,111.03125,868.0
2025-06-20 16:40:00+00:00,111.015625,111.03125,111.0,111.015625,3248.0
2025-06-20 16:41:00+00:00,111.015625,111.015625,111.0,111.015625,223.0
2025-06-20 16:42:00+00:00,111.0,111.015625,111.0,111.015625,119.0
2025-06-20 16:43:00+00:00,111.015625,111.015625,111.0,111.015625,245.0
2025-06-20 16:44:00+00:00,111.0,111.015625,111.0,111.015625,142.0
2025-06-20 16:45:00+00:00,111.0,111.015625,111.0,111.015625,211.0
2025-06-20 16:46:00+00:00,111.0,111.015625,111.0,111.015625,4755.0
2025-06-20 16:47:00+00:00,111.0,111.015625,111.0,111.015625,373.0
2025-06-20 16:48:00+00:00,111.03125,111.03125,111.015625,111.015625,1627.0
2025-06-20 16:49:00+00:00,111.03125,111.03125,111.015625,111.03125,426.0
2025-06-20 16:50:00+00:00,111.015625,111.03125,111.015625,111.03125,686.0
2025-06-20 16:51:00+00:00,111.03125,111.03125,111.015625,111.03125,233.0
2025-06-20 16:52:00+00:00,111.015625,111.03125,111.015625,111.03125,2695.0
2025-06-20 16:53:00+00:00,111.03125,111.03125,111.015625,111.03125,98.0
2025-06-20 16:54:00+00:00,111.03125,111.046875,111.03125,111.03125,1464.0
2025-06-20 16:55:00+00:00,111.046875,111.046875,111.03125,111.03125,1387.0
2025-06-20 16:56:00+00:00,111.046875,111.046875,111.03125,111.046875,1770.0
2025-06-20 16:57:00+00:00,111.046875,111.046875,111.046875,111.046875,611.0
2025-06-20 16:58:00+00:00,111.046875,111.046875,111.046875,111.046875,649.0
2025-06-20 16:59:00+00:00,111.03125,111.046875,111.015625,111.046875,4625.0
2025-06-20 17:00:00+00:00,111.015625,111.03125,111.0,111.015625,2135.0
2025-06-20 17:01:00+00:00,111.015625,111.03125,111.0,111.015625,1546.0
2025-06-20 17:02:00+00:00,111.015625,111.03125,111.0,111.03125,1522.0
2025-06-20 17:03:00+00:00,111.0,111.015625,111.0,111.015625,183.0
2025-06-20 17:04:00+00:00,111.015625,111.015625,111.0,111.015625,194.0
2025-06-20 17:05:00+00:00,111.015625,111.015625,111.0,111.015625,128.0
2025-06-20 17:06:00+00:00,111.015625,111.015625,111.0,111.015625,206.0
2025-06-20 17:07:00+00:00,111.015625,111.015625,111.0,111.015625,3438.0
2025-06-20 17:08:00+00:00,111.015625,111.015625,111.0,111.0,21.0
2025-06-20 17:09:00+00:00,111.015625,111.03125,111.0,111.0,4033.0
2025-06-20 17:10:00+00:00,111.03125,111.046875,111.03125,111.03125,5736.0
2025-06-20 17:11:00+00:00,111.046875,111.046875,111.03125,111.03125,1771.0
2025-06-20 17:12:00+00:00,111.046875,111.046875,111.03125,111.046875,447.0
2025-06-20 17:13:00+00:00,111.046875,111.046875,111.03125,111.046875,1147.0
2025-06-20 17:14:00+00:00,111.046875,111.046875,111.03125,111.046875,284.0
2025-06-20 17:15:00+00:00,111.03125,111.046875,111.03125,111.03125,3967.0
2025-06-20 17:16:00+00:00,111.046875,111.046875,111.046875,111.046875,284.0
2025-06-20 17:19:00+00:00,111.046875,111.0625,111.03125,111.046875,7068.0
2025-06-20 17:20:00+00:00,111.0625,111.0625,111.03125,111.046875,4083.0
2025-06-20 17:21:00+00:00,111.0625,111.078125,111.0625,111.0625,4038.0
2025-06-20 17:22:00+00:00,111.0625,111.0625,111.046875,111.0625,913.0
2025-06-20 17:23:00+00:00,111.0625,111.0625,111.046875,111.0625,218.0
2025-06-20 17:24:00+00:00,111.0625,111.0625,111.046875,111.0625,306.0
2025-06-20 17:25:00+00:00,111.046875,111.0625,111.046875,111.046875,244.0
2025-06-20 17:26:00+00:00,111.046875,111.0625,111.046875,111.0625,4687.0
2025-06-20 17:27:00+00:00,111.0625,111.0625,111.046875,111.0625,162.0
2025-06-20 17:28:00+00:00,111.0625,111.0625,111.046875,111.0625,1138.0
2025-06-20 17:29:00+00:00,111.0625,111.0625,111.046875,111.0625,514.0
2025-06-20 17:30:00+00:00,111.078125,111.09375,111.0625,111.0625,7272.0
2025-06-20 17:31:00+00:00,111.09375,111.09375,111.078125,111.078125,538.0
2025-06-20 17:32:00+00:00,111.09375,111.09375,111.078125,111.09375,667.0
2025-06-20 17:33:00+00:00,111.09375,111.09375,111.078125,111.09375,4272.0
2025-06-20 17:34:00+00:00,111.09375,111.09375,111.078125,111.09375,224.0
2025-06-20 17:35:00+00:00,111.078125,111.09375,111.0625,111.09375,8005.0
2025-06-20 17:36:00+00:00,111.046875,111.078125,111.046875,111.0625,6805.0
2025-06-20 17:37:00+00:00,111.0625,111.0625,111.046875,111.046875,1671.0
2025-06-20 17:38:00+00:00,111.046875,111.0625,111.046875,111.0625,1175.0
2025-06-20 17:39:00+00:00,111.046875,111.0625,111.046875,111.046875,1131.0
2025-06-20 17:40:00+00:00,111.046875,111.0625,111.046875,111.046875,2646.0
2025-06-20 17:41:00+00:00,111.03125,111.046875,111.03125,111.03125,119.0
2025-06-20 17:42:00+00:00,111.046875,111.046875,111.03125,111.03125,47.0
2025-06-20 17:43:00+00:00,111.046875,111.046875,111.03125,111.046875,375.0
2025-06-20 17:44:00+00:00,111.046875,111.046875,111.03125,111.046875,53.0
2025-06-20 17:45:00+00:00,111.03125,111.046875,111.015625,111.046875,5798.0
2025-06-20 17:46:00+00:00,111.015625,111.03125,111.015625,111.03125,792.0
2025-06-20 17:47:00+00:00,111.015625,111.03125,111.015625,111.03125,4144.0
2025-06-20 17:48:00+00:00,111.015625,111.03125,111.015625,111.03125,373.0
2025-06-20 17:49:00+00:00,111.03125,111.03125,111.015625,111.03125,62.0
2025-06-20 17:50:00+00:00,111.0,111.03125,111.0,111.03125,1715.0
2025-06-20 17:51:00+00:00,111.015625,111.015625,111.0,111.015625,2845.0
2025-06-20 17:52:00+00:00,111.015625,111.015625,111.0,111.015625,1446.0
2025-06-20 17:53:00+00:00,111.015625,111.015625,111.0,111.015625,162.0
2025-06-20 17:54:00+00:00,111.015625,111.015625,111.0,111.015625,1618.0
2025-06-20 17:55:00+00:00,111.0,111.015625,111.0,111.015625,5754.0
2025-06-20 17:57:00+00:00,111.0,111.0,111.0,111.0,292.0
2025-06-20 17:58:00+00:00,111.0,111.0,110.984375,111.0,326.0
2025-06-20 17:59:00+00:00,111.0,111.0,110.984375,111.0,696.0
2025-06-20 18:00:00+00:00,111.015625,111.015625,110.984375,111.0,4592.0
2025-06-20 18:01:00+00:00,111.015625,111.015625,111.0,111.015625,87.0
2025-06-20 18:02:00+00:00,111.015625,111.015625,111.0,111.015625,146.0
2025-06-20 18:03:00+00:00,111.03125,111.03125,111.015625,111.015625,2013.0
2025-06-20 18:04:00+00:00,111.015625,111.03125,111.015625,111.03125,270.0
2025-06-20 18:05:00+00:00,111.015625,111.03125,111.0,111.03125,5035.0
2025-06-20 18:06:00+00:00,111.015625,111.015625,111.015625,111.015625,45.0
2025-06-20 18:07:00+00:00,111.0,111.015625,111.0,111.015625,931.0
2025-06-20 18:08:00+00:00,111.0,111.015625,111.0,111.015625,113.0
2025-06-20 18:09:00+00:00,111.03125,111.03125,111.0,111.015625,1830.0
2025-06-20 18:10:00+00:00,111.03125,111.03125,111.015625,111.03125,372.0
2025-06-20 18:11:00+00:00,111.03125,111.03125,111.015625,111.03125,336.0
2025-06-20 18:12:00+00:00,111.015625,111.03125,111.0,111.03125,2127.0
2025-06-20 18:13:00+00:00,111.015625,111.015625,111.0,111.015625,465.0
2025-06-20 18:15:00+00:00,111.03125,111.03125,111.015625,111.03125,99.0
2025-06-20 18:16:00+00:00,111.03125,111.046875,111.015625,111.03125,2410.0
2025-06-20 18:17:00+00:00,111.03125,111.03125,111.0,111.03125,1962.0
2025-06-20 18:18:00+00:00,111.03125,111.03125,111.015625,111.015625,603.0
2025-06-20 18:19:00+00:00,111.015625,111.03125,111.015625,111.03125,417.0
2025-06-20 18:20:00+00:00,111.03125,111.03125,111.015625,111.03125,171.0
2025-06-20 18:21:00+00:00,111.03125,111.03125,111.015625,111.015625,63.0
2025-06-20 18:22:00+00:00,111.03125,111.03125,111.015625,111.03125,170.0
2025-06-20 18:23:00+00:00,111.03125,111.03125,111.015625,111.015625,85.0
2025-06-20 18:24:00+00:00,111.015625,111.03125,111.015625,111.015625,359.0
2025-06-20 18:25:00+00:00,111.015625,111.03125,111.015625,111.015625,519.0
2025-06-20 18:26:00+00:00,111.03125,111.03125,111.015625,111.03125,72.0
2025-06-20 18:27:00+00:00,111.015625,111.03125,111.015625,111.03125,221.0
2025-06-20 18:28:00+00:00,111.03125,111.03125,111.015625,111.03125,96.0
2025-06-20 18:29:00+00:00,111.03125,111.03125,111.015625,111.015625,657.0
2025-06-20 18:30:00+00:00,111.015625,111.03125,111.0,111.015625,1658.0
2025-06-20 18:31:00+00:00,111.015625,111.015625,111.0,111.015625,64.0
2025-06-20 18:32:00+00:00,111.015625,111.015625,111.0,111.015625,42.0
2025-06-20 18:33:00+00:00,111.015625,111.015625,111.0,111.015625,2419.0
2025-06-20 18:35:00+00:00,111.015625,111.03125,111.015625,111.03125,1949.0
2025-06-20 18:36:00+00:00,111.015625,111.015625,111.0,111.015625,602.0
2025-06-20 18:37:00+00:00,111.015625,111.015625,111.015625,111.015625,547.0
2025-06-20 18:38:00+00:00,111.015625,111.015625,111.0,111.015625,92.0
2025-06-20 18:39:00+00:00,111.015625,111.015625,111.0,111.015625,28.0
2025-06-20 18:40:00+00:00,111.015625,111.015625,111.0,111.015625,135.0
2025-06-20 18:41:00+00:00,111.015625,111.015625,111.0,111.0,10.0
2025-06-20 18:42:00+00:00,110.984375,111.015625,110.984375,111.015625,3156.0
2025-06-20 18:43:00+00:00,110.984375,111.0,110.984375,111.0,528.0
2025-06-20 18:44:00+00:00,110.984375,111.0,110.984375,111.0,91.0
2025-06-20 18:45:00+00:00,110.984375,111.0,110.96875,111.0,1517.0
2025-06-20 18:46:00+00:00,110.96875,110.984375,110.96875,110.984375,362.0
2025-06-20 18:47:00+00:00,110.96875,110.984375,110.96875,110.96875,20.0
2025-06-20 18:48:00+00:00,110.984375,110.984375,110.96875,110.984375,27.0
2025-06-20 18:49:00+00:00,110.984375,111.0,110.96875,110.96875,3321.0
2025-06-20 18:50:00+00:00,110.984375,111.0,110.984375,111.0,1168.0
2025-06-20 18:51:00+00:00,111.0,111.0,110.984375,111.0,25.0
2025-06-20 18:52:00+00:00,110.984375,111.0,110.984375,110.984375,163.0
2025-06-20 18:53:00+00:00,111.0,111.0,110.984375,110.984375,49.0
2025-06-20 18:54:00+00:00,111.0,111.0,110.984375,111.0,62.0
2025-06-20 18:55:00+00:00,111.0,111.0,110.984375,110.984375,706.0
2025-06-20 18:56:00+00:00,110.984375,111.0,110.984375,110.984375,1430.0
2025-06-20 18:57:00+00:00,111.0,111.0,110.984375,110.984375,1704.0
2025-06-20 18:58:00+00:00,110.984375,111.0,110.984375,110.984375,1887.0
2025-06-20 18:59:00+00:00,111.0,111.0,110.984375,111.0,10973.0
2025-06-20 19:00:00+00:00,111.0,111.0,110.984375,110.984375,6907.0
2025-06-20 19:03:00+00:00,111.0,111.0,110.984375,110.984375,1387.0
2025-06-20 19:04:00+00:00,111.0,111.0,110.984375,110.984375,251.0
2025-06-20 19:05:00+00:00,111.0,111.0,110.984375,111.0,45.0
2025-06-20 19:06:00+00:00,111.0,111.0,110.984375,111.0,6714.0
2025-06-20 19:07:00+00:00,111.0,111.0,110.984375,111.0,81.0
2025-06-20 19:08:00+00:00,111.0,111.0,110.984375,111.0,94.0
2025-06-20 19:09:00+00:00,111.0,111.0,110.984375,111.0,328.0
2025-06-20 19:10:00+00:00,110.984375,111.0,110.984375,110.984375,1313.0
2025-06-20 19:11:00+00:00,111.0,111.0,110.984375,110.984375,91.0
2025-06-20 19:12:00+00:00,111.0,111.0,110.984375,111.0,151.0
2025-06-20 19:13:00+00:00,111.015625,111.015625,111.0,111.0,2206.0
2025-06-20 19:14:00+00:00,111.0,111.015625,111.0,111.015625,122.0
2025-06-20 19:15:00+00:00,110.984375,111.015625,110.984375,111.015625,1860.0
2025-06-20 19:16:00+00:00,110.984375,111.0,110.984375,111.0,113.0
2025-06-20 19:17:00+00:00,110.984375,111.0,110.984375,111.0,158.0
2025-06-20 19:18:00+00:00,110.984375,111.0,110.984375,111.0,195.0
2025-06-20 19:19:00+00:00,111.0,111.0,110.984375,111.0,327.0
2025-06-20 19:20:00+00:00,110.984375,111.0,110.984375,111.0,295.0
2025-06-20 19:21:00+00:00,110.984375,111.0,110.984375,111.0,516.0
2025-06-20 19:22:00+00:00,110.984375,111.0,110.984375,111.0,135.0
2025-06-20 19:23:00+00:00,111.0,111.0,110.984375,111.0,189.0
2025-06-20 19:24:00+00:00,110.984375,111.0,110.984375,110.984375,110.0
2025-06-20 19:25:00+00:00,111.0,111.0,110.984375,110.984375,183.0
2025-06-20 19:26:00+00:00,111.015625,111.015625,110.984375,110.984375,4032.0
2025-06-20 19:27:00+00:00,111.015625,111.015625,111.0,111.015625,65.0
2025-06-20 19:28:00+00:00,110.984375,111.015625,110.984375,111.015625,2771.0
2025-06-20 19:29:00+00:00,111.0,111.0,110.984375,110.984375,71.0
2025-06-20 19:30:00+00:00,110.984375,111.0,110.984375,110.984375,674.0
2025-06-20 19:31:00+00:00,111.0,111.0,110.984375,110.984375,657.0
2025-06-20 19:32:00+00:00,111.0,111.0,110.984375,110.984375,775.0
2025-06-20 19:33:00+00:00,111.0,111.0,110.984375,110.984375,823.0
2025-06-20 19:34:00+00:00,110.984375,111.0,110.984375,110.984375,309.0
2025-06-20 19:35:00+00:00,110.984375,111.0,110.984375,111.0,259.0
2025-06-20 19:36:00+00:00,110.984375,111.0,110.984375,110.984375,558.0
2025-06-20 19:37:00+00:00,110.984375,111.0,110.984375,110.984375,359.0
2025-06-20 19:38:00+00:00,110.96875,110.984375,110.96875,110.984375,1317.0
2025-06-20 19:39:00+00:00,110.96875,110.984375,110.96875,110.96875,274.0
2025-06-20 19:40:00+00:00,110.96875,110.984375,110.96875,110.96875,245.0
2025-06-20 19:41:00+00:00,110.96875,110.984375,110.96875,110.96875,223.0
2025-06-20 19:42:00+00:00,110.984375,110.984375,110.96875,110.96875,252.0
2025-06-20 19:43:00+00:00,110.96875,110.984375,110.96875,110.96875,273.0
2025-06-20 19:44:00+00:00,110.984375,110.984375,110.96875,110.96875,211.0
2025-06-20 19:45:00+00:00,110.984375,110.984375,110.96875,110.984375,988.0
2025-06-20 19:46:00+00:00,110.96875,110.96875,110.96875,110.96875,2185.0
2025-06-20 19:47:00+00:00,110.953125,110.96875,110.953125,110.96875,920.0
2025-06-20 19:48:00+00:00,110.953125,110.953125,110.953125,110.953125,476.0
2025-06-20 19:49:00+00:00,110.953125,110.96875,110.953125,110.953125,295.0
2025-06-20 19:50:00+00:00,110.953125,110.96875,110.953125,110.96875,234.0
2025-06-20 19:51:00+00:00,110.953125,110.96875,110.953125,110.96875,481.0
2025-06-20 19:52:00+00:00,110.921875,110.96875,110.921875,110.953125,10844.0
2025-06-20 19:55:00+00:00,110.9375,110.9375,110.9375,110.9375,6562.0
2025-06-20 19:56:00+00:00,110.9375,110.9375,110.921875,110.9375,902.0
2025-06-20 19:57:00+00:00,110.953125,110.953125,110.921875,110.9375,5770.0
2025-06-20 19:58:00+00:00,110.953125,110.953125,110.9375,110.9375,3240.0
2025-06-20 19:59:00+00:00,110.953125,110.96875,110.9375,110.953125,4388.0
2025-06-20 20:00:00+00:00,110.984375,110.984375,110.953125,110.953125,13643.0
2025-06-20 20:01:00+00:00,110.984375,110.984375,110.96875,110.984375,4096.0
2025-06-20 20:02:00+00:00,110.984375,110.984375,110.96875,110.984375,1578.0
2025-06-20 20:03:00+00:00,110.984375,110.984375,110.96875,110.984375,886.0
2025-06-20 20:04:00+00:00,110.984375,110.984375,110.96875,110.984375,1162.0
2025-06-20 20:05:00+00:00,110.96875,110.96875,110.96875,110.96875,97.0
2025-06-20 20:06:00+00:00,110.984375,110.984375,110.96875,110.96875,182.0
2025-06-20 20:07:00+00:00,110.984375,110.984375,110.96875,110.96875,2516.0
2025-06-20 20:08:00+00:00,111.0,111.0,110.984375,110.984375,406.0
2025-06-20 20:09:00+00:00,110.984375,110.984375,110.96875,110.984375,3890.0
2025-06-20 20:10:00+00:00,110.984375,110.984375,110.984375,110.984375,20.0
2025-06-20 20:11:00+00:00,110.96875,110.984375,110.96875,110.984375,48.0
2025-06-20 20:12:00+00:00,110.96875,110.984375,110.96875,110.96875,25.0
2025-06-20 20:13:00+00:00,110.96875,110.984375,110.96875,110.984375,1725.0
2025-06-20 20:14:00+00:00,110.984375,110.984375,110.96875,110.984375,40.0
2025-06-20 20:15:00+00:00,110.96875,110.984375,110.96875,110.96875,176.0
2025-06-20 20:16:00+00:00,110.96875,110.96875,110.96875,110.96875,24.0
2025-06-20 20:18:00+00:00,110.96875,110.984375,110.96875,110.984375,127.0
2025-06-20 20:19:00+00:00,110.96875,110.96875,110.953125,110.96875,2979.0
2025-06-20 20:20:00+00:00,110.953125,110.96875,110.953125,110.96875,3.0
2025-06-20 20:21:00+00:00,110.953125,110.96875,110.953125,110.953125,147.0
2025-06-20 20:22:00+00:00,110.953125,110.96875,110.953125,110.953125,68.0
2025-06-20 20:23:00+00:00,110.953125,110.953125,110.953125,110.953125,55.0
2025-06-20 20:24:00+00:00,110.953125,110.96875,110.953125,110.953125,594.0
2025-06-20 20:25:00+00:00,110.984375,110.984375,110.953125,110.953125,2612.0
2025-06-20 20:26:00+00:00,110.96875,110.96875,110.96875,110.96875,453.0
2025-06-20 20:27:00+00:00,110.96875,110.96875,110.953125,110.953125,1245.0
2025-06-20 20:29:00+00:00,110.953125,110.96875,110.953125,110.96875,643.0
2025-06-20 20:30:00+00:00,110.96875,110.96875,110.96875,110.96875,1181.0
2025-06-20 20:31:00+00:00,110.96875,110.96875,110.96875,110.96875,1060.0
2025-06-20 20:32:00+00:00,110.984375,110.984375,110.984375,110.984375,1.0
2025-06-20 20:33:00+00:00,110.96875,110.96875,110.96875,110.96875,101.0
2025-06-20 20:35:00+00:00,110.96875,110.96875,110.96875,110.96875,1.0
2025-06-20 20:36:00+00:00,110.96875,110.984375,110.96875,110.984375,6.0
2025-06-20 20:37:00+00:00,110.984375,110.984375,110.96875,110.96875,15.0
2025-06-20 20:38:00+00:00,110.96875,110.984375,110.96875,110.984375,197.0
2025-06-20 20:39:00+00:00,110.96875,110.96875,110.96875,110.96875,3.0
2025-06-20 20:40:00+00:00,110.96875,110.984375,110.96875,110.96875,11.0
2025-06-20 20:41:00+00:00,110.984375,110.984375,110.96875,110.96875,244.0
2025-06-20 20:42:00+00:00,110.96875,110.984375,110.96875,110.984375,12.0
2025-06-20 20:43:00+00:00,110.96875,110.96875,110.96875,110.96875,28.0
2025-06-20 20:44:00+00:00,110.96875,110.984375,110.96875,110.984375,382.0
2025-06-20 20:45:00+00:00,110.984375,110.984375,110.984375,110.984375,2.0
2025-06-20 20:46:00+00:00,110.96875,110.984375,110.96875,110.984375,1519.0
2025-06-20 20:47:00+00:00,110.96875,110.96875,110.96875,110.96875,104.0
2025-06-20 20:48:00+00:00,110.96875,110.96875,110.96875,110.96875,16.0
2025-06-20 20:49:00+00:00,110.984375,110.984375,110.96875,110.96875,930.0
2025-06-20 20:50:00+00:00,110.984375,110.984375,110.96875,110.96875,2522.0
2025-06-20 20:51:00+00:00,110.984375,111.0,110.984375,110.984375,508.0
2025-06-20 20:52:00+00:00,111.0,111.0,110.984375,110.984375,7.0
2025-06-20 20:53:00+00:00,111.0,111.0,110.984375,111.0,258.0
2025-06-20 20:54:00+00:00,111.0,111.0,110.984375,111.0,57.0
2025-06-20 20:55:00+00:00,110.984375,111.0,110.984375,110.984375,658.0
2025-06-20 20:56:00+00:00,110.984375,111.0,110.96875,111.0,3717.0
2025-06-20 20:57:00+00:00,110.984375,110.984375,110.96875,110.984375,3267.0
2025-06-20 20:58:00+00:00,110.96875,110.96875,110.96875,110.96875,474.0
2025-06-20 20:59:00+00:00,110.953125,110.984375,110.9530029296875,110.953125,1343.0
2025-06-22 22:00:00+00:00,111.0,111.125,110.984375,111.109375,0.0
2025-06-22 22:01:00+00:00,110.984375,111.015625,110.9375,110.984375,2501.0
2025-06-22 22:02:00+00:00,111.015625,111.03125,110.96875,110.96875,966.0
2025-06-22 22:03:00+00:00,111.0,111.015625,110.984375,111.015625,1080.0
2025-06-22 22:04:00+00:00,111.015625,111.03125,111.0,111.0,755.0
2025-06-22 22:05:00+00:00,111.015625,111.03125,111.015625,111.015625,877.0
2025-06-22 22:06:00+00:00,111.015625,111.03125,111.0,111.0,608.0
2025-06-22 22:07:00+00:00,110.984375,111.015625,110.984375,111.0,750.0
2025-06-22 22:08:00+00:00,110.984375,111.0,110.984375,111.0,623.0
2025-06-22 22:09:00+00:00,110.984375,110.984375,110.984375,110.984375,545.0
2025-06-22 22:10:00+00:00,111.0,111.0,110.984375,110.984375,1377.0
2025-06-22 22:11:00+00:00,111.015625,111.03125,111.0,111.0,875.0
2025-06-22 22:12:00+00:00,111.046875,111.046875,111.015625,111.015625,460.0
2025-06-22 22:13:00+00:00,111.03125,111.0625,111.03125,111.046875,468.0
2025-06-22 22:14:00+00:00,111.015625,111.03125,111.015625,111.03125,110.0
2025-06-22 22:15:00+00:00,111.0,111.015625,111.0,111.015625,762.0
2025-06-22 22:16:00+00:00,111.015625,111.015625,111.0,111.0,353.0
2025-06-22 22:17:00+00:00,111.015625,111.03125,111.015625,111.015625,435.0
2025-06-22 22:18:00+00:00,111.015625,111.015625,111.015625,111.015625,104.0
2025-06-22 22:19:00+00:00,111.015625,111.03125,111.015625,111.015625,513.0
2025-06-22 22:21:00+00:00,111.03125,111.03125,111.015625,111.015625,1066.0
2025-06-22 22:22:00+00:00,111.046875,111.0625,111.03125,111.046875,633.0
2025-06-22 22:23:00+00:00,111.0625,111.0625,111.03125,111.046875,1328.0
2025-06-22 22:24:00+00:00,111.046875,111.0625,111.03125,111.046875,1214.0
2025-06-22 22:25:00+00:00,111.046875,111.046875,111.03125,111.046875,608.0
2025-06-22 22:26:00+00:00,111.03125,111.046875,111.03125,111.046875,405.0
2025-06-22 22:27:00+00:00,111.046875,111.046875,111.046875,111.046875,754.0
2025-06-22 22:28:00+00:00,111.0625,111.0625,111.03125,111.046875,1294.0
2025-06-22 22:29:00+00:00,111.046875,111.046875,111.046875,111.046875,2.0
2025-06-22 22:30:00+00:00,111.0625,111.0625,111.046875,111.0625,149.0
2025-06-22 22:31:00+00:00,111.078125,111.078125,111.046875,111.0625,943.0
2025-06-22 22:32:00+00:00,111.0625,111.078125,111.0625,111.078125,3.0
2025-06-22 22:33:00+00:00,111.046875,111.0625,111.046875,111.0625,1374.0
2025-06-22 22:34:00+00:00,111.0625,111.0625,111.046875,111.046875,237.0
2025-06-22 22:35:00+00:00,111.046875,111.046875,111.046875,111.046875,9.0
2025-06-22 22:36:00+00:00,111.03125,111.046875,111.03125,111.03125,48.0
2025-06-22 22:37:00+00:00,111.015625,111.03125,111.015625,111.03125,173.0
2025-06-22 22:38:00+00:00,111.0,111.015625,111.0,111.015625,51.0
2025-06-22 22:39:00+00:00,111.0,111.0,111.0,111.0,12.0
2025-06-22 22:40:00+00:00,111.0,111.0,111.0,111.0,393.0
2025-06-22 22:41:00+00:00,111.0,111.0,111.0,111.0,314.0
2025-06-22 22:42:00+00:00,111.0,111.0,111.0,111.0,29.0
2025-06-22 22:43:00+00:00,111.015625,111.015625,111.015625,111.015625,409.0
2025-06-22 22:44:00+00:00,111.015625,111.015625,111.015625,111.015625,377.0
2025-06-22 22:45:00+00:00,111.015625,111.015625,111.015625,111.015625,3.0
2025-06-22 22:47:00+00:00,111.015625,111.03125,111.015625,111.03125,603.0
2025-06-22 22:48:00+00:00,111.015625,111.015625,111.015625,111.015625,17.0
2025-06-22 22:49:00+00:00,111.015625,111.03125,111.015625,111.03125,21.0
2025-06-22 22:50:00+00:00,111.015625,111.015625,111.015625,111.015625,32.0
2025-06-22 22:51:00+00:00,111.015625,111.015625,111.015625,111.015625,621.0
2025-06-22 22:52:00+00:00,111.015625,111.03125,111.015625,111.015625,158.0
2025-06-22 22:53:00+00:00,111.015625,111.03125,111.015625,111.03125,2.0
2025-06-22 22:55:00+00:00,111.015625,111.015625,111.015625,111.015625,909.0
2025-06-22 22:56:00+00:00,111.015625,111.015625,111.015625,111.015625,5.0
2025-06-22 22:57:00+00:00,111.015625,111.015625,111.015625,111.015625,483.0
2025-06-22 22:58:00+00:00,111.015625,111.015625,111.0,111.0,270.0
2025-06-22 22:59:00+00:00,111.015625,111.015625,111.015625,111.015625,1.0
2025-06-22 23:00:00+00:00,111.015625,111.015625,111.015625,111.015625,94.0
2025-06-22 23:01:00+00:00,111.015625,111.015625,111.015625,111.015625,39.0
2025-06-22 23:02:00+00:00,111.015625,111.015625,111.015625,111.015625,737.0
2025-06-22 23:03:00+00:00,111.03125,111.03125,111.015625,111.015625,126.0
2025-06-22 23:04:00+00:00,111.015625,111.03125,111.015625,111.03125,237.0
2025-06-22 23:05:00+00:00,111.0,111.015625,111.0,111.015625,49.0
2025-06-22 23:06:00+00:00,111.0,111.015625,111.0,111.015625,9.0
2025-06-22 23:07:00+00:00,111.0,111.0,111.0,111.0,231.0
2025-06-22 23:09:00+00:00,111.015625,111.015625,111.015625,111.015625,57.0
2025-06-22 23:10:00+00:00,111.0,111.0,111.0,111.0,100.0
2025-06-22 23:11:00+00:00,111.015625,111.015625,111.015625,111.015625,926.0
2025-06-22 23:13:00+00:00,111.015625,111.03125,111.015625,111.015625,347.0
2025-06-22 23:14:00+00:00,111.0,111.0,111.0,111.0,96.0
2025-06-22 23:15:00+00:00,111.0,111.0,111.0,111.0,2.0
2025-06-22 23:19:00+00:00,111.0,111.0,111.0,111.0,194.0
2025-06-22 23:21:00+00:00,111.0,111.0,111.0,111.0,230.0
2025-06-22 23:22:00+00:00,111.015625,111.015625,111.0,111.0,323.0
2025-06-22 23:24:00+00:00,111.0,111.0,111.0,111.0,24.0
2025-06-22 23:28:00+00:00,110.984375,110.984375,110.984375,110.984375,29.0
2025-06-22 23:29:00+00:00,110.984375,110.984375,110.984375,110.984375,3.0
2025-06-22 23:30:00+00:00,110.984375,111.0,110.984375,111.0,265.0
2025-06-22 23:32:00+00:00,110.984375,110.984375,110.984375,110.984375,51.0
2025-06-22 23:33:00+00:00,110.96875,110.984375,110.96875,110.984375,376.0
2025-06-22 23:34:00+00:00,110.96875,110.96875,110.953125,110.96875,254.0
2025-06-22 23:35:00+00:00,110.984375,110.984375,110.96875,110.96875,290.0
2025-06-22 23:37:00+00:00,110.96875,110.96875,110.96875,110.96875,14.0
2025-06-22 23:38:00+00:00,110.96875,110.96875,110.96875,110.96875,2.0
2025-06-22 23:39:00+00:00,110.984375,110.984375,110.984375,110.984375,54.0
2025-06-22 23:40:00+00:00,110.984375,110.984375,110.984375,110.984375,5.0
2025-06-22 23:46:00+00:00,110.984375,111.0,110.984375,111.0,148.0
2025-06-22 23:47:00+00:00,110.984375,110.984375,110.984375,110.984375,231.0
2025-06-22 23:49:00+00:00,110.984375,110.984375,110.984375,110.984375,26.0
2025-06-22 23:50:00+00:00,110.96875,110.96875,110.96875,110.96875,180.0
2025-06-22 23:53:00+00:00,110.96875,110.96875,110.96875,110.96875,5.0
2025-06-22 23:54:00+00:00,110.96875,110.96875,110.96875,110.96875,107.0
2025-06-22 23:55:00+00:00,110.96875,110.96875,110.96875,110.96875,84.0
2025-06-22 23:57:00+00:00,110.96875,110.96875,110.953125,110.953125,460.0
2025-06-22 23:58:00+00:00,110.96875,110.96875,110.96875,110.96875,481.0
2025-06-22 23:59:00+00:00,110.96875,110.984375,110.96875,110.984375,212.0
2025-06-23 00:00:00+00:00,110.96875,110.96875,110.96875,110.96875,65.0
2025-06-23 00:01:00+00:00,111.0,111.0,110.984375,110.984375,810.0
2025-06-23 00:02:00+00:00,110.984375,111.015625,110.984375,111.015625,229.0
2025-06-23 00:03:00+00:00,111.0,111.015625,111.0,111.0,389.0
2025-06-23 00:04:00+00:00,111.0,111.0,111.0,111.0,215.0
2025-06-23 00:05:00+00:00,111.0,111.015625,111.0,111.0,149.0
2025-06-23 00:06:00+00:00,110.984375,111.015625,110.984375,111.0,245.0
2025-06-23 00:07:00+00:00,110.984375,111.0,110.96875,111.0,1193.0
2025-06-23 00:08:00+00:00,110.953125,111.0,110.9375,110.984375,1068.0
2025-06-23 00:09:00+00:00,110.9375,110.96875,110.921875,110.953125,630.0
2025-06-23 00:10:00+00:00,110.9375,110.953125,110.921875,110.921875,1495.0
2025-06-23 00:11:00+00:00,110.9375,110.9375,110.921875,110.9375,1141.0
2025-06-23 00:13:00+00:00,110.9375,110.9375,110.921875,110.921875,261.0
2025-06-23 00:14:00+00:00,110.90625,110.9375,110.90625,110.9375,1467.0
2025-06-23 00:15:00+00:00,110.90625,110.90625,110.890625,110.90625,928.0
2025-06-23 00:16:00+00:00,110.890625,110.90625,110.875,110.90625,610.0
2025-06-23 00:17:00+00:00,110.90625,110.90625,110.890625,110.890625,359.0
2025-06-23 00:18:00+00:00,110.890625,110.90625,110.890625,110.90625,112.0
2025-06-23 00:19:00+00:00,110.890625,110.890625,110.890625,110.890625,219.0
2025-06-23 00:20:00+00:00,110.859375,110.890625,110.859375,110.875,3244.0
2025-06-23 00:21:00+00:00,110.859375,110.875,110.859375,110.875,1130.0
2025-06-23 00:22:00+00:00,110.859375,110.859375,110.84375,110.859375,825.0
2025-06-23 00:23:00+00:00,110.875,110.875,110.859375,110.859375,1212.0
2025-06-23 00:24:00+00:00,110.859375,110.875,110.859375,110.875,81.0
2025-06-23 00:25:00+00:00,110.859375,110.859375,110.859375,110.859375,166.0
2025-06-23 00:28:00+00:00,110.875,110.875,110.875,110.875,652.0
2025-06-23 00:30:00+00:00,110.875,110.875,110.875,110.875,33.0
2025-06-23 00:31:00+00:00,110.875,110.875,110.875,110.875,1001.0
2025-06-23 00:32:00+00:00,110.875,110.875,110.875,110.875,74.0
2025-06-23 00:33:00+00:00,110.859375,110.859375,110.859375,110.859375,181.0
2025-06-23 00:35:00+00:00,110.859375,110.859375,110.859375,110.859375,636.0
2025-06-23 00:38:00+00:00,110.875,110.875,110.859375,110.859375,316.0
2025-06-23 00:39:00+00:00,110.859375,110.859375,110.859375,110.859375,213.0
2025-06-23 00:40:00+00:00,110.84375,110.859375,110.84375,110.84375,4.0
2025-06-23 00:42:00+00:00,110.859375,110.859375,110.84375,110.84375,61.0
2025-06-23 00:43:00+00:00,110.859375,110.859375,110.859375,110.859375,662.0
2025-06-23 00:44:00+00:00,110.859375,110.859375,110.859375,110.859375,20.0
2025-06-23 00:46:00+00:00,110.859375,110.875,110.859375,110.859375,282.0
2025-06-23 00:48:00+00:00,110.84375,110.859375,110.84375,110.859375,4.0
2025-06-23 00:50:00+00:00,110.859375,110.859375,110.84375,110.84375,652.0
2025-06-23 00:52:00+00:00,110.859375,110.859375,110.859375,110.859375,345.0
2025-06-23 00:54:00+00:00,110.84375,110.84375,110.84375,110.84375,319.0
2025-06-23 00:56:00+00:00,110.859375,110.859375,110.84375,110.84375,18.0
2025-06-23 00:57:00+00:00,110.828125,110.84375,110.828125,110.84375,908.0
2025-06-23 00:58:00+00:00,110.828125,110.828125,110.828125,110.828125,80.0
2025-06-23 00:59:00+00:00,110.828125,110.828125,110.828125,110.828125,98.0
2025-06-23 01:00:00+00:00,110.8125,110.828125,110.8125,110.828125,1772.0
2025-06-23 01:02:00+00:00,110.8125,110.8125,110.8125,110.8125,59.0
2025-06-23 01:03:00+00:00,110.828125,110.828125,110.8125,110.8125,751.0
2025-06-23 01:04:00+00:00,110.828125,110.828125,110.828125,110.828125,18.0
2025-06-23 01:07:00+00:00,110.828125,110.828125,110.8125,110.828125,1002.0
2025-06-23 01:08:00+00:00,110.828125,110.828125,110.828125,110.828125,67.0
2025-06-23 01:09:00+00:00,110.84375,110.84375,110.84375,110.84375,1517.0
2025-06-23 01:10:00+00:00,110.84375,110.84375,110.84375,110.84375,55.0
2025-06-23 01:11:00+00:00,110.828125,110.828125,110.828125,110.828125,62.0
2025-06-23 01:12:00+00:00,110.828125,110.828125,110.828125,110.828125,242.0
2025-06-23 01:14:00+00:00,110.828125,110.828125,110.828125,110.828125,34.0
2025-06-23 01:16:00+00:00,110.84375,110.84375,110.828125,110.828125,547.0
2025-06-23 01:18:00+00:00,110.859375,110.859375,110.859375,110.859375,49.0
2025-06-23 01:20:00+00:00,110.84375,110.84375,110.84375,110.84375,14.0
2025-06-23 01:21:00+00:00,110.84375,110.84375,110.84375,110.84375,210.0
2025-06-23 01:22:00+00:00,110.84375,110.84375,110.84375,110.84375,423.0
2025-06-23 01:23:00+00:00,110.828125,110.84375,110.828125,110.828125,358.0
2025-06-23 01:24:00+00:00,110.828125,110.828125,110.828125,110.828125,104.0
2025-06-23 01:25:00+00:00,110.828125,110.828125,110.828125,110.828125,302.0
2025-06-23 01:27:00+00:00,110.828125,110.828125,110.828125,110.828125,261.0
2025-06-23 01:28:00+00:00,110.828125,110.828125,110.8125,110.8125,212.0
2025-06-23 01:29:00+00:00,110.828125,110.828125,110.828125,110.828125,124.0
2025-06-23 01:30:00+00:00,110.828125,110.828125,110.8125,110.828125,217.0
2025-06-23 01:31:00+00:00,110.859375,110.859375,110.84375,110.84375,691.0
2025-06-23 01:32:00+00:00,110.84375,110.859375,110.84375,110.84375,155.0
2025-06-23 01:33:00+00:00,110.828125,110.84375,110.828125,110.84375,11.0
2025-06-23 01:34:00+00:00,110.84375,110.84375,110.828125,110.828125,39.0
2025-06-23 01:35:00+00:00,110.828125,110.828125,110.828125,110.828125,1493.0
2025-06-23 01:36:00+00:00,110.84375,110.84375,110.828125,110.828125,105.0
2025-06-23 01:37:00+00:00,110.828125,110.828125,110.828125,110.828125,96.0
2025-06-23 01:38:00+00:00,110.828125,110.828125,110.828125,110.828125,111.0
2025-06-23 01:39:00+00:00,110.828125,110.828125,110.828125,110.828125,141.0
2025-06-23 01:42:00+00:00,110.8125,110.828125,110.8125,110.828125,991.0
2025-06-23 01:43:00+00:00,110.796875,110.796875,110.796875,110.796875,90.0
2025-06-23 01:44:00+00:00,110.796875,110.796875,110.796875,110.796875,1133.0
2025-06-23 01:45:00+00:00,110.796875,110.796875,110.796875,110.796875,240.0
2025-06-23 01:48:00+00:00,110.796875,110.8125,110.796875,110.8125,67.0
2025-06-23 01:49:00+00:00,110.796875,110.8125,110.796875,110.8125,20.0
2025-06-23 01:50:00+00:00,110.8125,110.8125,110.796875,110.796875,1073.0
2025-06-23 01:51:00+00:00,110.8125,110.8125,110.8125,110.8125,264.0
2025-06-23 01:53:00+00:00,110.8125,110.8125,110.8125,110.8125,22.0
2025-06-23 01:55:00+00:00,110.84375,110.84375,110.828125,110.828125,435.0
2025-06-23 01:56:00+00:00,110.84375,110.859375,110.84375,110.84375,100.0
2025-06-23 01:57:00+00:00,110.859375,110.859375,110.859375,110.859375,191.0
2025-06-23 01:58:00+00:00,110.859375,110.859375,110.859375,110.859375,39.0
2025-06-23 02:04:00+00:00,110.859375,110.859375,110.859375,110.859375,216.0
2025-06-23 02:05:00+00:00,110.859375,110.859375,110.859375,110.859375,50.0
2025-06-23 02:06:00+00:00,110.859375,110.859375,110.859375,110.859375,314.0
2025-06-23 02:07:00+00:00,110.859375,110.859375,110.859375,110.859375,84.0
2025-06-23 02:10:00+00:00,110.875,110.890625,110.875,110.875,713.0
2025-06-23 02:11:00+00:00,110.859375,110.875,110.859375,110.859375,4.0
2025-06-23 02:14:00+00:00,110.875,110.875,110.875,110.875,37.0
2025-06-23 02:16:00+00:00,110.875,110.890625,110.875,110.890625,24.0
2025-06-23 02:17:00+00:00,110.890625,110.890625,110.890625,110.890625,3.0
2025-06-23 02:22:00+00:00,110.890625,110.890625,110.890625,110.890625,150.0
2025-06-23 02:23:00+00:00,110.890625,110.890625,110.890625,110.890625,286.0
2025-06-23 02:24:00+00:00,110.890625,110.890625,110.890625,110.890625,7.0
2025-06-23 02:25:00+00:00,110.890625,110.890625,110.890625,110.890625,176.0
2025-06-23 02:30:00+00:00,110.890625,110.890625,110.890625,110.890625,10.0
2025-06-23 02:31:00+00:00,110.890625,110.890625,110.890625,110.890625,5.0
2025-06-23 02:34:00+00:00,110.890625,110.890625,110.875,110.875,3.0
2025-06-23 02:35:00+00:00,110.875,110.875,110.875,110.875,354.0
2025-06-23 02:36:00+00:00,110.875,110.890625,110.875,110.875,310.0
2025-06-23 02:42:00+00:00,110.859375,110.875,110.859375,110.875,539.0
2025-06-23 02:43:00+00:00,110.875,110.875,110.875,110.875,13.0
2025-06-23 02:44:00+00:00,110.875,110.875,110.859375,110.859375,211.0
2025-06-23 02:45:00+00:00,110.875,110.875,110.875,110.875,19.0
2025-06-23 02:46:00+00:00,110.875,110.875,110.875,110.875,365.0
2025-06-23 02:47:00+00:00,110.875,110.875,110.875,110.875,96.0
2025-06-23 02:49:00+00:00,110.875,110.875,110.875,110.875,76.0
2025-06-23 02:52:00+00:00,110.875,110.875,110.875,110.875,56.0
2025-06-23 02:53:00+00:00,110.890625,110.890625,110.875,110.875,6.0
2025-06-23 02:54:00+00:00,110.859375,110.875,110.859375,110.875,71.0
2025-06-23 02:58:00+00:00,110.859375,110.859375,110.859375,110.859375,464.0
2025-06-23 03:01:00+00:00,110.859375,110.859375,110.859375,110.859375,96.0
2025-06-23 03:02:00+00:00,110.859375,110.859375,110.859375,110.859375,353.0
2025-06-23 03:03:00+00:00,110.859375,110.859375,110.859375,110.859375,57.0
2025-06-23 03:04:00+00:00,110.84375,110.859375,110.84375,110.859375,172.0
2025-06-23 03:06:00+00:00,110.859375,110.859375,110.859375,110.859375,36.0
2025-06-23 03:08:00+00:00,110.859375,110.859375,110.859375,110.859375,605.0
2025-06-23 03:14:00+00:00,110.890625,110.890625,110.890625,110.890625,854.0
2025-06-23 03:15:00+00:00,110.875,110.875,110.875,110.875,152.0
2025-06-23 03:16:00+00:00,110.875,110.875,110.875,110.875,16.0
2025-06-23 03:19:00+00:00,110.875,110.875,110.875,110.875,466.0
2025-06-23 03:30:00+00:00,110.875,110.875,110.859375,110.875,61.0
2025-06-23 03:34:00+00:00,110.875,110.875,110.875,110.875,80.0
2025-06-23 03:36:00+00:00,110.859375,110.859375,110.859375,110.859375,300.0
2025-06-23 03:38:00+00:00,110.859375,110.859375,110.859375,110.859375,301.0
2025-06-23 03:48:00+00:00,110.859375,110.859375,110.859375,110.859375,288.0
2025-06-23 03:49:00+00:00,110.859375,110.859375,110.859375,110.859375,23.0
2025-06-23 03:50:00+00:00,110.875,110.875,110.859375,110.859375,3.0
2025-06-23 03:55:00+00:00,110.859375,110.859375,110.859375,110.859375,510.0
2025-06-23 03:56:00+00:00,110.859375,110.859375,110.859375,110.859375,160.0
2025-06-23 04:00:00+00:00,110.84375,110.859375,110.84375,110.859375,157.0
2025-06-23 04:02:00+00:00,110.84375,110.84375,110.84375,110.84375,449.0
2025-06-23 04:03:00+00:00,110.84375,110.84375,110.828125,110.828125,51.0
2025-06-23 04:04:00+00:00,110.84375,110.84375,110.84375,110.84375,65.0
2025-06-23 04:10:00+00:00,110.859375,110.859375,110.859375,110.859375,19.0
2025-06-23 04:11:00+00:00,110.859375,110.859375,110.859375,110.859375,113.0
2025-06-23 04:13:00+00:00,110.84375,110.859375,110.84375,110.84375,8.0
2025-06-23 04:29:00+00:00,110.828125,110.84375,110.828125,110.84375,167.0
2025-06-23 04:30:00+00:00,110.84375,110.84375,110.828125,110.828125,436.0
2025-06-23 04:33:00+00:00,110.859375,110.859375,110.859375,110.859375,518.0
2025-06-23 04:34:00+00:00,110.859375,110.859375,110.859375,110.859375,347.0
2025-06-23 04:35:00+00:00,110.859375,110.859375,110.859375,110.859375,128.0
2025-06-23 04:36:00+00:00,110.859375,110.859375,110.859375,110.859375,139.0
2025-06-23 04:38:00+00:00,110.859375,110.875,110.859375,110.859375,33.0
2025-06-23 04:39:00+00:00,110.859375,110.859375,110.859375,110.859375,137.0
2025-06-23 04:48:00+00:00,110.859375,110.859375,110.84375,110.84375,257.0
2025-06-23 04:50:00+00:00,110.859375,110.875,110.859375,110.859375,30.0
2025-06-23 04:52:00+00:00,110.84375,110.84375,110.84375,110.84375,99692.0
2025-06-23 04:58:00+00:00,110.84375,110.84375,110.84375,110.84375,68.0
2025-06-23 04:59:00+00:00,110.84375,110.84375,110.84375,110.84375,281.0
2025-06-23 05:00:00+00:00,110.859375,110.859375,110.84375,110.859375,37.0
2025-06-23 05:02:00+00:00,110.859375,110.859375,110.859375,110.859375,622.0
2025-06-23 05:03:00+00:00,110.875,110.875,110.859375,110.859375,461.0
2025-06-23 05:04:00+00:00,110.875,110.875,110.859375,110.875,503.0
2025-06-23 05:05:00+00:00,110.859375,110.875,110.859375,110.875,109.0
2025-06-23 05:07:00+00:00,110.859375,110.859375,110.859375,110.859375,75.0
2025-06-23 05:17:00+00:00,110.875,110.875,110.875,110.875,141.0
2025-06-23 05:20:00+00:00,110.875,110.875,110.875,110.875,1067.0
2025-06-23 05:21:00+00:00,110.875,110.875,110.875,110.875,22.0
2025-06-23 05:22:00+00:00,110.890625,110.890625,110.890625,110.890625,2.0
2025-06-23 05:23:00+00:00,110.890625,110.890625,110.890625,110.890625,433.0
2025-06-23 05:24:00+00:00,110.875,110.890625,110.875,110.890625,501.0
2025-06-23 05:25:00+00:00,110.890625,110.890625,110.890625,110.890625,162.0
2025-06-23 05:26:00+00:00,110.890625,110.890625,110.890625,110.890625,207.0
2025-06-23 05:27:00+00:00,110.875,110.890625,110.875,110.890625,154.0
2025-06-23 05:28:00+00:00,110.90625,110.921875,110.890625,110.890625,867.0
2025-06-23 05:30:00+00:00,110.90625,110.90625,110.90625,110.90625,391.0
2025-06-23 05:31:00+00:00,110.90625,110.921875,110.90625,110.921875,51.0
2025-06-23 05:32:00+00:00,110.921875,110.921875,110.90625,110.90625,26.0
2025-06-23 05:35:00+00:00,110.90625,110.90625,110.90625,110.90625,456.0
2025-06-23 05:36:00+00:00,110.90625,110.90625,110.90625,110.90625,413.0
2025-06-23 05:38:00+00:00,110.90625,110.90625,110.90625,110.90625,206.0
2025-06-23 05:39:00+00:00,110.90625,110.90625,110.90625,110.90625,342.0
2025-06-23 05:44:00+00:00,110.90625,110.921875,110.90625,110.921875,251.0
2025-06-23 05:46:00+00:00,110.90625,110.921875,110.90625,110.90625,56.0
2025-06-23 05:47:00+00:00,110.921875,110.921875,110.90625,110.921875,603.0
2025-06-23 05:48:00+00:00,110.921875,110.921875,110.921875,110.921875,295.0
2025-06-23 05:49:00+00:00,110.90625,110.90625,110.90625,110.90625,473.0
2025-06-23 05:50:00+00:00,110.90625,110.90625,110.90625,110.90625,225.0
2025-06-23 05:51:00+00:00,110.90625,110.90625,110.90625,110.90625,85.0
2025-06-23 05:53:00+00:00,110.890625,110.890625,110.890625,110.890625,46.0
2025-06-23 05:54:00+00:00,110.890625,110.890625,110.890625,110.890625,41.0
2025-06-23 05:55:00+00:00,110.890625,110.90625,110.890625,110.90625,14.0
2025-06-23 05:56:00+00:00,110.890625,110.890625,110.890625,110.890625,57.0
2025-06-23 05:58:00+00:00,110.90625,110.90625,110.90625,110.90625,9.0
2025-06-23 05:59:00+00:00,110.90625,110.90625,110.890625,110.890625,7.0
2025-06-23 06:00:00+00:00,110.890625,110.90625,110.890625,110.890625,1145.0
2025-06-23 06:01:00+00:00,110.890625,110.890625,110.890625,110.890625,385.0
2025-06-23 06:02:00+00:00,110.890625,110.890625,110.875,110.875,738.0
2025-06-23 06:03:00+00:00,110.875,110.875,110.875,110.875,550.0
2025-06-23 06:04:00+00:00,110.890625,110.890625,110.875,110.875,1652.0
2025-06-23 06:06:00+00:00,110.890625,110.890625,110.875,110.875,89.0
2025-06-23 06:07:00+00:00,110.875,110.890625,110.875,110.890625,579.0
2025-06-23 06:08:00+00:00,110.875,110.875,110.875,110.875,202.0
2025-06-23 06:09:00+00:00,110.859375,110.875,110.859375,110.875,61.0
2025-06-23 06:10:00+00:00,110.875,110.875,110.875,110.875,64.0
2025-06-23 06:11:00+00:00,110.875,110.875,110.875,110.875,275.0
2025-06-23 06:12:00+00:00,110.875,110.875,110.875,110.875,389.0
2025-06-23 06:14:00+00:00,110.859375,110.859375,110.859375,110.859375,257.0
2025-06-23 06:15:00+00:00,110.859375,110.859375,110.859375,110.859375,119.0
2025-06-23 06:16:00+00:00,110.828125,110.859375,110.828125,110.859375,875.0
2025-06-23 06:17:00+00:00,110.84375,110.84375,110.828125,110.828125,498.0
2025-06-23 06:18:00+00:00,110.84375,110.84375,110.84375,110.84375,399.0
2025-06-23 06:19:00+00:00,110.84375,110.84375,110.828125,110.84375,1142.0
2025-06-23 06:20:00+00:00,110.828125,110.84375,110.828125,110.84375,868.0
2025-06-23 06:21:00+00:00,110.828125,110.828125,110.828125,110.828125,1227.0
2025-06-23 06:22:00+00:00,110.828125,110.828125,110.8125,110.8125,634.0
2025-06-23 06:23:00+00:00,110.8125,110.828125,110.8125,110.828125,1283.0
2025-06-23 06:24:00+00:00,110.796875,110.8125,110.78125,110.8125,1977.0
2025-06-23 06:25:00+00:00,110.8125,110.8125,110.796875,110.796875,1787.0
2025-06-23 06:26:00+00:00,110.8125,110.828125,110.8125,110.8125,425.0
2025-06-23 06:27:00+00:00,110.8125,110.828125,110.8125,110.828125,519.0
2025-06-23 06:28:00+00:00,110.8125,110.8125,110.8125,110.8125,30.0
2025-06-23 06:30:00+00:00,110.8125,110.8125,110.796875,110.8125,862.0
2025-06-23 06:31:00+00:00,110.8125,110.828125,110.8125,110.828125,1249.0
2025-06-23 06:32:00+00:00,110.8125,110.8125,110.796875,110.8125,879.0
2025-06-23 06:33:00+00:00,110.8125,110.828125,110.8125,110.8125,435.0
2025-06-23 06:34:00+00:00,110.8125,110.8125,110.8125,110.8125,263.0
2025-06-23 06:35:00+00:00,110.8125,110.828125,110.8125,110.828125,315.0
2025-06-23 06:36:00+00:00,110.828125,110.828125,110.8125,110.8125,12.0
2025-06-23 06:37:00+00:00,110.828125,110.828125,110.8125,110.828125,23.0
2025-06-23 06:38:00+00:00,110.84375,110.84375,110.8125,110.828125,644.0
2025-06-23 06:39:00+00:00,110.828125,110.828125,110.828125,110.828125,626.0
2025-06-23 06:40:00+00:00,110.828125,110.828125,110.828125,110.828125,61.0
2025-06-23 06:41:00+00:00,110.8125,110.828125,110.8125,110.828125,245.0
2025-06-23 06:43:00+00:00,110.828125,110.828125,110.828125,110.828125,342.0
2025-06-23 06:45:00+00:00,110.828125,110.828125,110.8125,110.8125,62.0
2025-06-23 06:46:00+00:00,110.8125,110.8125,110.8125,110.8125,7.0
2025-06-23 06:47:00+00:00,110.8125,110.828125,110.8125,110.828125,204.0
2025-06-23 06:48:00+00:00,110.8125,110.8125,110.8125,110.8125,631.0
2025-06-23 06:49:00+00:00,110.796875,110.796875,110.796875,110.796875,1462.0
2025-06-23 06:52:00+00:00,110.796875,110.796875,110.796875,110.796875,474.0
2025-06-23 06:53:00+00:00,110.796875,110.796875,110.796875,110.796875,141.0
2025-06-23 06:54:00+00:00,110.8125,110.8125,110.8125,110.8125,1005.0
2025-06-23 06:55:00+00:00,110.828125,110.84375,110.828125,110.828125,728.0
2025-06-23 06:56:00+00:00,110.859375,110.859375,110.828125,110.828125,507.0
2025-06-23 06:57:00+00:00,110.859375,110.859375,110.84375,110.859375,56.0
2025-06-23 06:58:00+00:00,110.84375,110.859375,110.84375,110.859375,105.0
2025-06-23 06:59:00+00:00,110.859375,110.859375,110.84375,110.84375,159.0
2025-06-23 07:00:00+00:00,110.84375,110.859375,110.84375,110.84375,1250.0
2025-06-23 07:01:00+00:00,110.84375,110.859375,110.84375,110.84375,595.0
2025-06-23 07:02:00+00:00,110.875,110.890625,110.859375,110.859375,1728.0
2025-06-23 07:03:00+00:00,110.875,110.890625,110.875,110.875,2650.0
2025-06-23 07:04:00+00:00,110.875,110.875,110.859375,110.875,624.0
2025-06-23 07:05:00+00:00,110.875,110.890625,110.875,110.875,567.0
2025-06-23 07:06:00+00:00,110.859375,110.859375,110.859375,110.859375,44.0
2025-06-23 07:07:00+00:00,110.890625,110.890625,110.875,110.875,779.0
2025-06-23 07:08:00+00:00,110.890625,110.890625,110.875,110.890625,288.0
2025-06-23 07:09:00+00:00,110.890625,110.90625,110.890625,110.890625,271.0
2025-06-23 07:10:00+00:00,110.890625,110.890625,110.875,110.890625,336.0
2025-06-23 07:11:00+00:00,110.859375,110.890625,110.859375,110.875,1026.0
2025-06-23 07:12:00+00:00,110.859375,110.875,110.859375,110.875,835.0
2025-06-23 07:13:00+00:00,110.859375,110.859375,110.84375,110.84375,426.0
2025-06-23 07:14:00+00:00,110.875,110.890625,110.859375,110.859375,1449.0
2025-06-23 07:15:00+00:00,110.875,110.90625,110.875,110.890625,5085.0
2025-06-23 07:16:00+00:00,110.859375,110.890625,110.859375,110.890625,1185.0
2025-06-23 07:18:00+00:00,110.859375,110.875,110.84375,110.859375,1379.0
2025-06-23 07:19:00+00:00,110.859375,110.875,110.84375,110.875,1513.0
2025-06-23 07:20:00+00:00,110.84375,110.859375,110.84375,110.859375,1525.0
2025-06-23 07:21:00+00:00,110.84375,110.859375,110.828125,110.84375,659.0
2025-06-23 07:22:00+00:00,110.84375,110.859375,110.84375,110.84375,25.0
2025-06-23 07:23:00+00:00,110.859375,110.859375,110.84375,110.84375,344.0
2025-06-23 07:24:00+00:00,110.859375,110.859375,110.84375,110.859375,44.0
2025-06-23 07:25:00+00:00,110.84375,110.859375,110.84375,110.859375,1568.0
2025-06-23 07:26:00+00:00,110.84375,110.859375,110.828125,110.859375,720.0
2025-06-23 07:27:00+00:00,110.859375,110.859375,110.84375,110.84375,125.0
2025-06-23 07:28:00+00:00,110.84375,110.859375,110.828125,110.84375,510.0
2025-06-23 07:29:00+00:00,110.8125,110.828125,110.8125,110.828125,1506.0
2025-06-23 07:30:00+00:00,110.8125,110.828125,110.796875,110.8125,2284.0
2025-06-23 07:31:00+00:00,110.84375,110.84375,110.796875,110.796875,1753.0
2025-06-23 07:32:00+00:00,110.84375,110.84375,110.828125,110.828125,40.0
2025-06-23 07:33:00+00:00,110.84375,110.84375,110.828125,110.84375,1391.0
2025-06-23 07:34:00+00:00,110.859375,110.859375,110.84375,110.84375,230.0
2025-06-23 07:35:00+00:00,110.84375,110.859375,110.84375,110.859375,368.0
2025-06-23 07:36:00+00:00,110.859375,110.875,110.84375,110.84375,321.0
2025-06-23 07:37:00+00:00,110.84375,110.859375,110.84375,110.859375,1726.0
2025-06-23 07:38:00+00:00,110.859375,110.875,110.84375,110.859375,457.0
2025-06-23 07:39:00+00:00,110.875,110.890625,110.859375,110.859375,1256.0
2025-06-23 07:40:00+00:00,110.875,110.875,110.875,110.875,126.0
2025-06-23 07:41:00+00:00,110.875,110.875,110.859375,110.859375,602.0
2025-06-23 07:42:00+00:00,110.84375,110.875,110.84375,110.859375,623.0
2025-06-23 07:43:00+00:00,110.84375,110.859375,110.84375,110.859375,115.0
2025-06-23 07:44:00+00:00,110.84375,110.859375,110.828125,110.84375,744.0
2025-06-23 07:45:00+00:00,110.859375,110.859375,110.84375,110.859375,1046.0
2025-06-23 07:50:00+00:00,110.859375,110.859375,110.859375,110.859375,394.0
2025-06-23 07:51:00+00:00,110.859375,110.875,110.859375,110.859375,58.0
2025-06-23 07:53:00+00:00,110.859375,110.890625,110.859375,110.859375,1257.0
2025-06-23 07:54:00+00:00,110.84375,110.859375,110.84375,110.859375,1003.0
2025-06-23 07:55:00+00:00,110.859375,110.875,110.859375,110.859375,835.0
2025-06-23 07:56:00+00:00,110.859375,110.875,110.859375,110.859375,78.0
2025-06-23 07:57:00+00:00,110.859375,110.875,110.84375,110.859375,1592.0
2025-06-23 07:58:00+00:00,110.84375,110.859375,110.84375,110.859375,295.0
2025-06-23 07:59:00+00:00,110.84375,110.84375,110.84375,110.84375,672.0
2025-06-23 08:00:00+00:00,110.84375,110.859375,110.84375,110.84375,1085.0
2025-06-23 08:01:00+00:00,110.859375,110.859375,110.84375,110.84375,21.0
2025-06-23 08:02:00+00:00,110.84375,110.859375,110.84375,110.859375,1325.0
2025-06-23 08:03:00+00:00,110.875,110.875,110.84375,110.84375,2021.0
2025-06-23 08:04:00+00:00,110.859375,110.875,110.859375,110.859375,713.0
2025-06-23 08:05:00+00:00,110.859375,110.859375,110.859375,110.859375,777.0
2025-06-23 08:06:00+00:00,110.875,110.875,110.859375,110.859375,381.0
2025-06-23 08:07:00+00:00,110.859375,110.859375,110.859375,110.859375,505.0
2025-06-23 08:08:00+00:00,110.84375,110.84375,110.84375,110.84375,707.0
2025-06-23 08:09:00+00:00,110.859375,110.875,110.859375,110.859375,1134.0
2025-06-23 08:10:00+00:00,110.859375,110.859375,110.84375,110.859375,1473.0
2025-06-23 08:11:00+00:00,110.84375,110.859375,110.84375,110.859375,1584.0
2025-06-23 08:12:00+00:00,110.84375,110.84375,110.84375,110.84375,154.0
2025-06-23 08:13:00+00:00,110.828125,110.84375,110.828125,110.84375,286.0
2025-06-23 08:14:00+00:00,110.8280029296875,110.828125,110.8280029296875,110.828125,473.0
2025-06-23 08:15:00+00:00,110.828125,110.828125,110.828125,110.828125,71.0
2025-06-23 08:16:00+00:00,110.875,110.875,110.828125,110.828125,1652.0
2025-06-23 08:17:00+00:00,110.859375,110.875,110.859375,110.859375,3401.0
2025-06-23 08:18:00+00:00,110.859375,110.875,110.859375,110.875,515.0
2025-06-23 08:19:00+00:00,110.859375,110.875,110.84375,110.859375,923.0
2025-06-23 08:20:00+00:00,110.90625,110.90625,110.875,110.875,5471.0
2025-06-23 08:21:00+00:00,110.875,110.90625,110.875,110.890625,848.0
2025-06-23 08:22:00+00:00,110.859375,110.875,110.859375,110.875,308.0
2025-06-23 08:23:00+00:00,110.859375,110.859375,110.859375,110.859375,2410.0
2025-06-23 08:25:00+00:00,110.875,110.875,110.859375,110.875,509.0
2025-06-23 08:26:00+00:00,110.859375,110.875,110.859375,110.859375,26.0
2025-06-23 08:27:00+00:00,110.875,110.875,110.859375,110.859375,13.0
2025-06-23 08:28:00+00:00,110.859375,110.875,110.84375,110.859375,3249.0
2025-06-23 08:29:00+00:00,110.828125,110.859375,110.828125,110.859375,2713.0
2025-06-23 08:30:00+00:00,110.84375,110.84375,110.828125,110.828125,246.0
2025-06-23 08:31:00+00:00,110.84375,110.859375,110.84375,110.84375,11.0
2025-06-23 08:34:00+00:00,110.828125,110.84375,110.828125,110.84375,157.0
2025-06-23 08:35:00+00:00,110.84375,110.84375,110.828125,110.828125,985.0
2025-06-23 08:36:00+00:00,110.828125,110.84375,110.828125,110.84375,421.0
2025-06-23 08:37:00+00:00,110.84375,110.84375,110.828125,110.828125,190.0
2025-06-23 08:38:00+00:00,110.859375,110.859375,110.84375,110.84375,757.0
2025-06-23 08:43:00+00:00,110.875,110.875,110.859375,110.875,742.0
2025-06-23 08:44:00+00:00,110.875,110.875,110.859375,110.875,1022.0
2025-06-23 08:45:00+00:00,110.875,110.875,110.859375,110.875,284.0
2025-06-23 08:46:00+00:00,110.875,110.875,110.859375,110.875,23.0
2025-06-23 08:47:00+00:00,110.84375,110.859375,110.84375,110.859375,677.0
2025-06-23 08:48:00+00:00,110.859375,110.859375,110.84375,110.84375,1351.0
2025-06-23 08:49:00+00:00,110.859375,110.859375,110.859375,110.859375,467.0
2025-06-23 08:51:00+00:00,110.859375,110.875,110.859375,110.859375,969.0
2025-06-23 08:52:00+00:00,110.859375,110.859375,110.859375,110.859375,361.0
2025-06-23 08:53:00+00:00,110.859375,110.859375,110.859375,110.859375,971.0
2025-06-23 08:54:00+00:00,110.84375,110.859375,110.84375,110.859375,354.0
2025-06-23 08:56:00+00:00,110.84375,110.84375,110.828125,110.828125,463.0
2025-06-23 08:57:00+00:00,110.84375,110.84375,110.84375,110.84375,219.0
2025-06-23 08:58:00+00:00,110.859375,110.859375,110.859375,110.859375,159.0
2025-06-23 08:59:00+00:00,110.875,110.875,110.875,110.875,524.0
2025-06-23 09:00:00+00:00,110.875,110.875,110.859375,110.859375,21.0
2025-06-23 09:02:00+00:00,110.859375,110.859375,110.859375,110.859375,485.0
2025-06-23 09:03:00+00:00,110.859375,110.859375,110.859375,110.859375,12.0
2025-06-23 09:04:00+00:00,110.875,110.875,110.875,110.875,3.0
2025-06-23 09:09:00+00:00,110.875,110.875,110.859375,110.875,3254.0
2025-06-23 09:10:00+00:00,110.859375,110.875,110.859375,110.875,864.0
2025-06-23 09:11:00+00:00,110.84375,110.84375,110.84375,110.84375,1394.0
2025-06-23 09:12:00+00:00,110.859375,110.859375,110.84375,110.84375,482.0
2025-06-23 09:14:00+00:00,110.84375,110.859375,110.84375,110.859375,1078.0
2025-06-23 09:16:00+00:00,110.84375,110.859375,110.828125,110.859375,217.0
2025-06-23 09:18:00+00:00,110.859375,110.859375,110.859375,110.859375,757.0
2025-06-23 09:19:00+00:00,110.859375,110.859375,110.859375,110.859375,664.0
2025-06-23 09:20:00+00:00,110.84375,110.859375,110.84375,110.859375,23.0
2025-06-23 09:21:00+00:00,110.859375,110.859375,110.84375,110.84375,66.0
2025-06-23 09:22:00+00:00,110.875,110.875,110.859375,110.859375,1360.0
2025-06-23 09:23:00+00:00,110.890625,110.90625,110.875,110.875,1004.0
2025-06-23 09:24:00+00:00,110.90625,110.90625,110.890625,110.90625,1082.0
2025-06-23 09:25:00+00:00,110.921875,110.921875,110.90625,110.90625,1261.0
2025-06-23 09:26:00+00:00,110.921875,110.9375,110.921875,110.921875,1442.0
2025-06-23 09:27:00+00:00,110.9375,110.9375,110.921875,110.9375,3372.0
2025-06-23 09:28:00+00:00,110.953125,110.96875,110.953125,110.953125,1963.0
2025-06-23 09:29:00+00:00,110.9375,110.96875,110.9375,110.953125,3106.0
2025-06-23 09:30:00+00:00,110.9375,110.953125,110.921875,110.9375,668.0
2025-06-23 09:31:00+00:00,110.9375,110.953125,110.9375,110.9375,377.0
2025-06-23 09:32:00+00:00,110.953125,110.953125,110.9375,110.953125,136.0
2025-06-23 09:33:00+00:00,110.953125,110.953125,110.953125,110.953125,2.0
2025-06-23 09:34:00+00:00,110.953125,110.953125,110.953125,110.953125,1859.0
2025-06-23 09:35:00+00:00,110.9375,110.953125,110.9375,110.953125,656.0
2025-06-23 09:36:00+00:00,110.921875,110.9375,110.921875,110.9375,40.0
2025-06-23 09:37:00+00:00,110.921875,110.9375,110.921875,110.921875,665.0
2025-06-23 09:38:00+00:00,110.921875,110.9375,110.921875,110.921875,1074.0
2025-06-23 09:39:00+00:00,110.9375,110.9375,110.921875,110.921875,579.0
2025-06-23 09:40:00+00:00,110.921875,110.9375,110.921875,110.9375,270.0
2025-06-23 09:41:00+00:00,110.921875,110.921875,110.921875,110.921875,58.0
2025-06-23 09:42:00+00:00,110.953125,110.953125,110.9375,110.9375,952.0
2025-06-23 09:43:00+00:00,110.953125,110.953125,110.953125,110.953125,270.0
2025-06-23 09:44:00+00:00,110.9375,110.953125,110.9375,110.953125,89.0
2025-06-23 09:45:00+00:00,110.9375,110.9375,110.9375,110.9375,39.0
2025-06-23 09:46:00+00:00,110.921875,110.953125,110.921875,110.9375,223.0
2025-06-23 09:47:00+00:00,110.9375,110.9375,110.9375,110.9375,225.0
2025-06-23 09:48:00+00:00,110.9375,110.953125,110.9375,110.953125,407.0
2025-06-23 09:49:00+00:00,110.953125,110.953125,110.921875,110.921875,226.0
2025-06-23 09:50:00+00:00,110.9375,110.953125,110.9375,110.953125,950.0
2025-06-23 09:51:00+00:00,110.9375,110.9375,110.921875,110.9375,289.0
2025-06-23 09:52:00+00:00,110.9375,110.953125,110.921875,110.9375,1022.0
2025-06-23 09:53:00+00:00,110.953125,110.953125,110.9375,110.953125,9.0
2025-06-23 09:54:00+00:00,110.9375,110.953125,110.9375,110.9375,82.0
2025-06-23 09:55:00+00:00,110.953125,110.953125,110.9375,110.9375,339.0
2025-06-23 09:56:00+00:00,110.921875,110.953125,110.921875,110.9375,2323.0
2025-06-23 09:57:00+00:00,110.921875,110.9375,110.921875,110.921875,939.0
2025-06-23 09:58:00+00:00,110.921875,110.9375,110.921875,110.921875,37.0
2025-06-23 09:59:00+00:00,110.921875,110.9375,110.921875,110.9375,313.0
2025-06-23 10:00:00+00:00,110.921875,110.921875,110.921875,110.921875,79.0
2025-06-23 10:01:00+00:00,110.9375,110.953125,110.921875,110.921875,3444.0
2025-06-23 10:02:00+00:00,110.9375,110.953125,110.9375,110.953125,1043.0
2025-06-23 10:03:00+00:00,110.921875,110.921875,110.90625,110.921875,1485.0
2025-06-23 10:04:00+00:00,110.9375,110.9375,110.921875,110.921875,9.0
2025-06-23 10:05:00+00:00,110.921875,110.9375,110.921875,110.921875,544.0
2025-06-23 10:06:00+00:00,110.90625,110.921875,110.90625,110.921875,238.0
2025-06-23 10:07:00+00:00,110.921875,110.9375,110.90625,110.921875,735.0
2025-06-23 10:08:00+00:00,110.90625,110.9375,110.890625,110.921875,4780.0
2025-06-23 10:09:00+00:00,110.90625,110.921875,110.90625,110.90625,54.0
2025-06-23 10:10:00+00:00,110.90625,110.921875,110.90625,110.90625,103.0
2025-06-23 10:11:00+00:00,110.90625,110.921875,110.90625,110.90625,3.0
2025-06-23 10:12:00+00:00,110.890625,110.90625,110.890625,110.90625,584.0
2025-06-23 10:13:00+00:00,110.90625,110.90625,110.90625,110.90625,1148.0
2025-06-23 10:23:00+00:00,110.875,110.890625,110.875,110.875,7362.0
2025-06-23 10:24:00+00:00,110.859375,110.875,110.859375,110.875,62.0
2025-06-23 10:26:00+00:00,110.859375,110.859375,110.859375,110.859375,1466.0
2025-06-23 10:28:00+00:00,110.875,110.875,110.859375,110.875,16.0
2025-06-23 10:30:00+00:00,110.875,110.875,110.875,110.875,866.0
2025-06-23 10:31:00+00:00,110.90625,110.90625,110.890625,110.890625,397.0
2025-06-23 10:32:00+00:00,110.890625,110.890625,110.890625,110.890625,609.0
2025-06-23 10:33:00+00:00,110.890625,110.890625,110.890625,110.890625,160.0
2025-06-23 10:35:00+00:00,110.90625,110.90625,110.90625,110.90625,1554.0
2025-06-23 10:36:00+00:00,110.90625,110.90625,110.890625,110.90625,74.0
2025-06-23 10:37:00+00:00,110.90625,110.90625,110.90625,110.90625,951.0
2025-06-23 10:38:00+00:00,110.90625,110.921875,110.90625,110.921875,573.0
2025-06-23 10:39:00+00:00,110.90625,110.90625,110.890625,110.890625,376.0
2025-06-23 10:40:00+00:00,110.890625,110.890625,110.890625,110.890625,459.0
2025-06-23 10:41:00+00:00,110.90625,110.90625,110.890625,110.890625,374.0
2025-06-23 10:42:00+00:00,110.890625,110.90625,110.890625,110.90625,1107.0
2025-06-23 10:43:00+00:00,110.890625,110.890625,110.890625,110.890625,797.0
2025-06-23 10:45:00+00:00,110.890625,110.890625,110.890625,110.890625,121.0
2025-06-23 10:46:00+00:00,110.890625,110.90625,110.875,110.90625,225.0
2025-06-23 10:47:00+00:00,110.890625,110.890625,110.890625,110.890625,12.0
2025-06-23 10:48:00+00:00,110.890625,110.90625,110.890625,110.90625,175.0
2025-06-23 10:49:00+00:00,110.890625,110.890625,110.875,110.890625,119.0
2025-06-23 10:50:00+00:00,110.890625,110.890625,110.890625,110.890625,14.0
2025-06-23 10:51:00+00:00,110.890625,110.90625,110.890625,110.890625,98.0
2025-06-23 10:52:00+00:00,110.890625,110.890625,110.890625,110.890625,677.0
2025-06-23 10:55:00+00:00,110.90625,110.90625,110.90625,110.90625,988.0
2025-06-23 10:56:00+00:00,110.90625,110.90625,110.90625,110.90625,3.0
2025-06-23 10:57:00+00:00,110.90625,110.90625,110.90625,110.90625,317.0
2025-06-23 11:00:00+00:00,110.921875,110.921875,110.90625,110.90625,124.0
2025-06-23 11:01:00+00:00,110.921875,110.921875,110.90625,110.921875,35.0
2025-06-23 11:03:00+00:00,110.921875,110.9375,110.921875,110.921875,378.0
2025-06-23 11:05:00+00:00,110.921875,110.921875,110.90625,110.90625,662.0
2025-06-23 11:07:00+00:00,110.890625,110.90625,110.890625,110.90625,172.0
2025-06-23 11:08:00+00:00,110.90625,110.90625,110.90625,110.90625,100.0
2025-06-23 11:09:00+00:00,110.890625,110.90625,110.890625,110.890625,104.0
2025-06-23 11:10:00+00:00,110.90625,110.90625,110.890625,110.90625,41.0
2025-06-23 11:11:00+00:00,110.90625,110.921875,110.890625,110.890625,274.0
2025-06-23 11:12:00+00:00,110.921875,110.921875,110.921875,110.921875,913.0
2025-06-23 11:13:00+00:00,110.90625,110.921875,110.90625,110.921875,2850.0
2025-06-23 11:14:00+00:00,110.90625,110.90625,110.90625,110.90625,31.0
2025-06-23 11:15:00+00:00,110.875,110.890625,110.875,110.890625,1142.0
2025-06-23 11:16:00+00:00,110.875,110.890625,110.875,110.875,54.0
2025-06-23 11:17:00+00:00,110.890625,110.890625,110.890625,110.890625,667.0
2025-06-23 11:18:00+00:00,110.875,110.890625,110.875,110.890625,14.0
2025-06-23 11:19:00+00:00,110.890625,110.890625,110.875,110.890625,4.0
2025-06-23 11:20:00+00:00,110.875,110.890625,110.875,110.875,12.0
2025-06-23 11:21:00+00:00,110.890625,110.890625,110.875,110.890625,16.0
2025-06-23 11:22:00+00:00,110.875,110.890625,110.875,110.890625,526.0
2025-06-23 11:24:00+00:00,110.875,110.875,110.859375,110.875,4.0
2025-06-23 11:25:00+00:00,110.84375,110.875,110.84375,110.859375,606.0
2025-06-23 11:26:00+00:00,110.84375,110.84375,110.84375,110.84375,84.0
2025-06-23 11:27:00+00:00,110.84375,110.859375,110.84375,110.84375,558.0
2025-06-23 11:28:00+00:00,110.84375,110.859375,110.84375,110.84375,54.0
2025-06-23 11:29:00+00:00,110.828125,110.84375,110.828125,110.84375,2351.0
2025-06-23 11:30:00+00:00,110.84375,110.84375,110.828125,110.84375,1071.0
2025-06-23 11:31:00+00:00,110.875,110.875,110.859375,110.859375,481.0
2025-06-23 11:32:00+00:00,110.875,110.875,110.84375,110.875,2451.0
2025-06-23 11:33:00+00:00,110.875,110.875,110.875,110.875,342.0
2025-06-23 11:35:00+00:00,110.890625,110.90625,110.875,110.875,298.0
2025-06-23 11:36:00+00:00,110.90625,110.90625,110.890625,110.890625,286.0
2025-06-23 11:37:00+00:00,110.90625,110.921875,110.890625,110.890625,1740.0
2025-06-23 11:38:00+00:00,110.921875,110.921875,110.90625,110.921875,436.0
2025-06-23 11:39:00+00:00,110.9375,110.9375,110.921875,110.921875,1546.0
2025-06-23 11:40:00+00:00,110.953125,110.953125,110.921875,110.9375,540.0
2025-06-23 11:41:00+00:00,110.953125,110.953125,110.9375,110.9375,906.0
2025-06-23 11:42:00+00:00,110.953125,110.953125,110.9375,110.9375,190.0
2025-06-23 11:43:00+00:00,110.9375,110.953125,110.9375,110.9375,118.0
2025-06-23 11:44:00+00:00,110.953125,110.953125,110.9375,110.953125,155.0
2025-06-23 11:45:00+00:00,110.984375,111.0,110.9375,110.953125,2651.0
2025-06-23 11:46:00+00:00,111.0,111.015625,110.984375,111.0,1782.0
2025-06-23 11:47:00+00:00,111.0,111.015625,111.0,111.015625,251.0
2025-06-23 11:48:00+00:00,111.046875,111.046875,111.0,111.0,2508.0
2025-06-23 11:49:00+00:00,111.03125,111.046875,111.03125,111.03125,1752.0
2025-06-23 11:50:00+00:00,111.0625,111.0625,111.03125,111.03125,4211.0
2025-06-23 11:51:00+00:00,111.0625,111.0625,111.046875,111.0625,1419.0
2025-06-23 11:52:00+00:00,111.078125,111.09375,111.0625,111.0625,4827.0
2025-06-23 11:53:00+00:00,111.078125,111.09375,111.078125,111.078125,2865.0
2025-06-23 11:54:00+00:00,111.078125,111.09375,111.078125,111.078125,1573.0
2025-06-23 11:55:00+00:00,111.09375,111.09375,111.078125,111.09375,2593.0
2025-06-23 11:56:00+00:00,111.109375,111.109375,111.078125,111.09375,1606.0
2025-06-23 11:57:00+00:00,111.09375,111.125,111.09375,111.109375,4945.0
2025-06-23 11:58:00+00:00,111.09375,111.109375,111.09375,111.109375,3047.0
2025-06-23 12:00:00+00:00,111.125,111.125,111.109375,111.109375,6777.0
2025-06-23 12:01:00+00:00,111.125,111.125,111.09375,111.109375,2516.0
2025-06-23 12:02:00+00:00,111.109375,111.125,111.109375,111.109375,2401.0
2025-06-23 12:03:00+00:00,111.109375,111.125,111.09375,111.109375,2092.0
2025-06-23 12:04:00+00:00,111.109375,111.109375,111.09375,111.109375,282.0
2025-06-23 12:05:00+00:00,111.109375,111.109375,111.09375,111.109375,246.0
2025-06-23 12:06:00+00:00,111.109375,111.109375,111.09375,111.09375,1729.0
2025-06-23 12:07:00+00:00,111.09375,111.109375,111.09375,111.109375,537.0
2025-06-23 12:08:00+00:00,111.09375,111.109375,111.09375,111.109375,381.0
2025-06-23 12:09:00+00:00,111.109375,111.125,111.09375,111.109375,5610.0
2025-06-23 12:10:00+00:00,111.109375,111.109375,111.09375,111.109375,2410.0
2025-06-23 12:11:00+00:00,111.109375,111.109375,111.09375,111.109375,68.0
2025-06-23 12:12:00+00:00,111.109375,111.125,111.109375,111.109375,2636.0
2025-06-23 12:13:00+00:00,111.125,111.125,111.109375,111.125,2128.0
2025-06-23 12:14:00+00:00,111.109375,111.125,111.109375,111.125,1273.0
2025-06-23 12:15:00+00:00,111.09375,111.109375,111.078125,111.09375,3926.0
2025-06-23 12:16:00+00:00,111.09375,111.109375,111.09375,111.109375,1166.0
2025-06-23 12:17:00+00:00,111.078125,111.09375,111.0625,111.078125,1982.0
2025-06-23 12:18:00+00:00,111.109375,111.125,111.078125,111.09375,2862.0
2025-06-23 12:19:00+00:00,111.109375,111.125,111.109375,111.109375,289.0
2025-06-23 12:20:00+00:00,111.125,111.125,111.109375,111.125,5092.0
2025-06-23 12:21:00+00:00,111.140625,111.140625,111.109375,111.125,1677.0
2025-06-23 12:22:00+00:00,111.140625,111.140625,111.125,111.140625,930.0
2025-06-23 12:23:00+00:00,111.125,111.140625,111.125,111.140625,303.0
2025-06-23 12:24:00+00:00,111.171875,111.171875,111.125,111.140625,3567.0
2025-06-23 12:25:00+00:00,111.15625,111.171875,111.140625,111.171875,3367.0
2025-06-23 12:26:00+00:00,111.15625,111.171875,111.15625,111.15625,2031.0
2025-06-23 12:27:00+00:00,111.171875,111.171875,111.15625,111.171875,2305.0
2025-06-23 12:28:00+00:00,111.15625,111.171875,111.15625,111.171875,4350.0
2025-06-23 12:29:00+00:00,111.1875,111.1875,111.171875,111.171875,5811.0
2025-06-23 12:30:00+00:00,111.21875,111.21875,111.1875,111.1875,2991.0
2025-06-23 12:31:00+00:00,111.203125,111.21875,111.1875,111.21875,2831.0
2025-06-23 12:32:00+00:00,111.203125,111.21875,111.1875,111.203125,8056.0
2025-06-23 12:33:00+00:00,111.1875,111.21875,111.1875,111.203125,3633.0
2025-06-23 12:34:00+00:00,111.203125,111.203125,111.1875,111.203125,6390.0
2025-06-23 12:35:00+00:00,111.203125,111.203125,111.1875,111.203125,2617.0
2025-06-23 12:36:00+00:00,111.21875,111.234375,111.1875,111.203125,11697.0
2025-06-23 12:37:00+00:00,111.203125,111.234375,111.1875,111.21875,5096.0
2025-06-23 12:38:00+00:00,111.203125,111.21875,111.203125,111.203125,1904.0
2025-06-23 12:39:00+00:00,111.203125,111.21875,111.203125,111.203125,913.0
2025-06-23 12:40:00+00:00,111.234375,111.234375,111.203125,111.203125,1640.0
2025-06-23 12:41:00+00:00,111.21875,111.234375,111.21875,111.234375,127.0
2025-06-23 12:42:00+00:00,111.25,111.25,111.21875,111.234375,2528.0
2025-06-23 12:43:00+00:00,111.234375,111.25,111.21875,111.25,3773.0
2025-06-23 12:44:00+00:00,111.234375,111.234375,111.21875,111.234375,405.0
2025-06-23 12:45:00+00:00,111.21875,111.25,111.21875,111.234375,6251.0
2025-06-23 12:46:00+00:00,111.234375,111.234375,111.21875,111.21875,72.0
2025-06-23 12:47:00+00:00,111.21875,111.234375,111.21875,111.21875,326.0
2025-06-23 12:48:00+00:00,111.1875,111.234375,111.1875,111.234375,2034.0
2025-06-23 12:49:00+00:00,111.1875,111.21875,111.171875,111.203125,3211.0
2025-06-23 12:50:00+00:00,111.21875,111.21875,111.171875,111.1875,3925.0
2025-06-23 12:51:00+00:00,111.1875,111.21875,111.1875,111.21875,2685.0
2025-06-23 12:52:00+00:00,111.203125,111.203125,111.1875,111.1875,1874.0
2025-06-23 12:53:00+00:00,111.21875,111.21875,111.203125,111.21875,523.0
2025-06-23 12:54:00+00:00,111.203125,111.21875,111.203125,111.21875,4153.0
2025-06-23 12:55:00+00:00,111.203125,111.21875,111.203125,111.203125,3567.0
2025-06-23 12:56:00+00:00,111.203125,111.21875,111.203125,111.21875,823.0
2025-06-23 12:57:00+00:00,111.21875,111.21875,111.203125,111.21875,3394.0
2025-06-23 12:58:00+00:00,111.21875,111.21875,111.203125,111.21875,1497.0
2025-06-23 12:59:00+00:00,111.21875,111.21875,111.203125,111.21875,438.0
2025-06-23 13:02:00+00:00,111.203125,111.203125,111.203125,111.203125,8563.0
2025-06-23 13:03:00+00:00,111.203125,111.21875,111.1875,111.1875,6001.0
2025-06-23 13:04:00+00:00,111.203125,111.203125,111.1875,111.203125,136.0
2025-06-23 13:05:00+00:00,111.1875,111.203125,111.171875,111.203125,2263.0
2025-06-23 13:06:00+00:00,111.171875,111.1875,111.171875,111.1875,4.0
2025-06-23 13:07:00+00:00,111.203125,111.203125,111.1875,111.1875,2797.0
2025-06-23 13:08:00+00:00,111.1875,111.203125,111.1875,111.203125,2524.0
2025-06-23 13:09:00+00:00,111.203125,111.203125,111.1875,111.1875,41.0
2025-06-23 13:10:00+00:00,111.1875,111.203125,111.1875,111.203125,3076.0
2025-06-23 13:11:00+00:00,111.203125,111.203125,111.1875,111.1875,12.0
2025-06-23 13:12:00+00:00,111.203125,111.203125,111.1875,111.1875,116.0
2025-06-23 13:13:00+00:00,111.21875,111.21875,111.203125,111.203125,2319.0
2025-06-23 13:14:00+00:00,111.21875,111.21875,111.203125,111.21875,679.0
2025-06-23 13:15:00+00:00,111.1875,111.21875,111.1875,111.21875,4321.0
2025-06-23 13:16:00+00:00,111.1875,111.203125,111.171875,111.1875,2112.0
2025-06-23 13:17:00+00:00,111.203125,111.21875,111.1875,111.1875,1094.0
2025-06-23 13:18:00+00:00,111.21875,111.234375,111.21875,111.21875,2228.0
2025-06-23 13:19:00+00:00,111.21875,111.234375,111.21875,111.21875,1009.0
2025-06-23 13:20:00+00:00,111.234375,111.25,111.21875,111.234375,2400.0
2025-06-23 13:21:00+00:00,111.21875,111.25,111.21875,111.234375,793.0
2025-06-23 13:22:00+00:00,111.21875,111.234375,111.21875,111.234375,4113.0
2025-06-23 13:23:00+00:00,111.234375,111.234375,111.21875,111.21875,1132.0
2025-06-23 13:24:00+00:00,111.234375,111.25,111.234375,111.234375,1872.0
2025-06-23 13:25:00+00:00,111.21875,111.234375,111.203125,111.234375,3016.0
2025-06-23 13:26:00+00:00,111.234375,111.234375,111.21875,111.21875,1320.0
2025-06-23 13:27:00+00:00,111.21875,111.234375,111.203125,111.234375,1121.0
2025-06-23 13:28:00+00:00,111.234375,111.234375,111.21875,111.21875,560.0
2025-06-23 13:29:00+00:00,111.21875,111.234375,111.21875,111.234375,1790.0
2025-06-23 13:30:00+00:00,111.203125,111.21875,111.203125,111.21875,2582.0
2025-06-23 13:31:00+00:00,111.203125,111.21875,111.203125,111.21875,1367.0
2025-06-23 13:32:00+00:00,111.1875,111.21875,111.1875,111.203125,1854.0
2025-06-23 13:33:00+00:00,111.203125,111.21875,111.1875,111.203125,1502.0
2025-06-23 13:34:00+00:00,111.21875,111.234375,111.203125,111.21875,5041.0
2025-06-23 13:35:00+00:00,111.203125,111.234375,111.1875,111.234375,12037.0
2025-06-23 13:36:00+00:00,111.234375,111.234375,111.234375,111.234375,754.0
2025-06-23 13:37:00+00:00,111.234375,111.25,111.203125,111.21875,4784.0
2025-06-23 13:38:00+00:00,111.234375,111.25,111.21875,111.25,3620.0
2025-06-23 13:39:00+00:00,111.234375,111.25,111.234375,111.25,2185.0
2025-06-23 13:40:00+00:00,111.25,111.25,111.234375,111.25,1327.0
2025-06-23 13:41:00+00:00,111.21875,111.25,111.21875,111.25,2703.0
2025-06-23 13:42:00+00:00,111.21875,111.25,111.21875,111.234375,626.0
2025-06-23 13:43:00+00:00,111.21875,111.234375,111.21875,111.234375,463.0
2025-06-23 13:44:00+00:00,111.25,111.25,111.21875,111.234375,2402.0
2025-06-23 13:45:00+00:00,111.15625,111.234375,111.15625,111.234375,13821.0
2025-06-23 13:47:00+00:00,111.171875,111.171875,111.15625,111.171875,7715.0
2025-06-23 13:48:00+00:00,111.171875,111.1875,111.15625,111.1875,1508.0
2025-06-23 13:49:00+00:00,111.203125,111.203125,111.171875,111.1875,3527.0
2025-06-23 13:50:00+00:00,111.234375,111.234375,111.203125,111.203125,3532.0
2025-06-23 13:51:00+00:00,111.203125,111.25,111.203125,111.234375,4302.0
2025-06-23 13:52:00+00:00,111.21875,111.234375,111.203125,111.21875,3349.0
2025-06-23 13:53:00+00:00,111.25,111.25,111.21875,111.234375,1946.0
2025-06-23 13:54:00+00:00,111.25,111.265625,111.234375,111.25,2192.0
2025-06-23 13:55:00+00:00,111.234375,111.265625,111.234375,111.265625,4259.0
2025-06-23 13:56:00+00:00,111.265625,111.265625,111.25,111.25,651.0
2025-06-23 13:57:00+00:00,111.25,111.265625,111.25,111.265625,3175.0
2025-06-23 13:58:00+00:00,111.25,111.265625,111.25,111.265625,1252.0
2025-06-23 13:59:00+00:00,111.234375,111.25,111.21875,111.25,4620.0
2025-06-23 14:00:00+00:00,111.296875,111.328125,111.21875,111.21875,21649.0
2025-06-23 14:01:00+00:00,111.359375,111.390625,111.296875,111.296875,21060.0
2025-06-23 14:02:00+00:00,111.359375,111.390625,111.34375,111.375,9067.0
2025-06-23 14:03:00+00:00,111.40625,111.40625,111.328125,111.359375,15251.0
2025-06-23 14:04:00+00:00,111.390625,111.40625,111.375,111.390625,7086.0
2025-06-23 14:05:00+00:00,111.375,111.40625,111.359375,111.390625,5445.0
2025-06-23 14:06:00+00:00,111.375,111.390625,111.359375,111.375,5666.0
2025-06-23 14:07:00+00:00,111.375,111.390625,111.359375,111.375,4460.0
2025-06-23 14:08:00+00:00,111.40625,111.40625,111.375,111.375,5288.0
2025-06-23 14:09:00+00:00,111.390625,111.390625,111.359375,111.390625,4304.0
2025-06-23 14:10:00+00:00,111.421875,111.421875,111.390625,111.390625,4911.0
2025-06-23 14:11:00+00:00,111.40625,111.421875,111.390625,111.421875,4722.0
2025-06-23 14:12:00+00:00,111.421875,111.421875,111.40625,111.421875,3400.0
2025-06-23 14:13:00+00:00,111.421875,111.421875,111.40625,111.421875,1016.0
2025-06-23 14:14:00+00:00,111.421875,111.4375,111.40625,111.421875,5030.0
2025-06-23 14:15:00+00:00,111.40625,111.421875,111.40625,111.40625,5697.0
2025-06-23 14:16:00+00:00,111.375,111.40625,111.375,111.390625,5738.0
2025-06-23 14:18:00+00:00,111.421875,111.421875,111.40625,111.421875,5635.0
2025-06-23 14:19:00+00:00,111.421875,111.421875,111.390625,111.40625,3271.0
2025-06-23 14:20:00+00:00,111.421875,111.4375,111.40625,111.421875,811.0
2025-06-23 14:21:00+00:00,111.453125,111.453125,111.40625,111.421875,10844.0
2025-06-23 14:22:00+00:00,111.4375,111.453125,111.390625,111.4375,13861.0
2025-06-23 14:23:00+00:00,111.421875,111.453125,111.421875,111.4375,4861.0
2025-06-23 14:24:00+00:00,111.4375,111.4375,111.40625,111.421875,3484.0
2025-06-23 14:25:00+00:00,111.40625,111.4375,111.390625,111.4375,2495.0
2025-06-23 14:26:00+00:00,111.40625,111.40625,111.390625,111.40625,545.0
2025-06-23 14:27:00+00:00,111.375,111.40625,111.375,111.40625,7928.0
2025-06-23 14:28:00+00:00,111.390625,111.390625,111.375,111.390625,3906.0
2025-06-23 14:29:00+00:00,111.390625,111.40625,111.375,111.390625,3123.0
2025-06-23 14:30:00+00:00,111.375,111.390625,111.359375,111.390625,4267.0
2025-06-23 14:31:00+00:00,111.375,111.390625,111.359375,111.390625,4721.0
2025-06-23 14:32:00+00:00,111.390625,111.390625,111.375,111.390625,183.0
2025-06-23 14:33:00+00:00,111.390625,111.40625,111.375,111.390625,3948.0
2025-06-23 14:34:00+00:00,111.390625,111.390625,111.375,111.390625,1440.0
2025-06-23 14:35:00+00:00,111.40625,111.421875,111.390625,111.40625,5702.0
2025-06-23 14:36:00+00:00,111.390625,111.40625,111.375,111.40625,2993.0
2025-06-23 14:37:00+00:00,111.390625,111.40625,111.375,111.390625,5418.0
2025-06-23 14:38:00+00:00,111.359375,111.390625,111.359375,111.390625,1745.0
2025-06-23 14:39:00+00:00,111.375,111.390625,111.359375,111.375,3856.0
2025-06-23 14:40:00+00:00,111.359375,111.375,111.34375,111.375,11584.0
2025-06-23 14:41:00+00:00,111.34375,111.375,111.34375,111.375,3369.0
2025-06-23 14:42:00+00:00,111.359375,111.375,111.34375,111.359375,2453.0
2025-06-23 14:43:00+00:00,111.375,111.375,111.34375,111.375,2282.0
2025-06-23 14:44:00+00:00,111.359375,111.375,111.359375,111.375,1198.0
2025-06-23 14:47:00+00:00,111.390625,111.40625,111.390625,111.390625,8166.0
2025-06-23 14:48:00+00:00,111.390625,111.40625,111.390625,111.40625,723.0
2025-06-23 14:49:00+00:00,111.40625,111.421875,111.40625,111.40625,3030.0
2025-06-23 14:50:00+00:00,111.390625,111.421875,111.390625,111.421875,2172.0
2025-06-23 14:51:00+00:00,111.40625,111.40625,111.390625,111.40625,1217.0
2025-06-23 14:52:00+00:00,111.40625,111.421875,111.390625,111.40625,2364.0
2025-06-23 14:53:00+00:00,111.40625,111.421875,111.390625,111.421875,524.0
2025-06-23 14:54:00+00:00,111.421875,111.4375,111.40625,111.40625,3563.0
2025-06-23 14:55:00+00:00,111.4375,111.453125,111.421875,111.4375,4559.0
2025-06-23 14:56:00+00:00,111.421875,111.453125,111.40625,111.453125,5674.0
2025-06-23 14:57:00+00:00,111.421875,111.4375,111.40625,111.4375,3022.0
2025-06-23 14:59:00+00:00,111.4375,111.4375,111.421875,111.421875,5138.0
2025-06-23 15:03:00+00:00,111.4375,111.4375,111.4375,111.4375,9827.0
2025-06-23 15:04:00+00:00,111.453125,111.453125,111.421875,111.4375,1831.0
2025-06-23 15:06:00+00:00,111.453125,111.453125,111.421875,111.4375,4892.0
2025-06-23 15:09:00+00:00,111.40625,111.421875,111.40625,111.421875,5094.0
2025-06-23 15:12:00+00:00,111.4375,111.453125,111.4375,111.453125,7829.0
2025-06-23 15:15:00+00:00,111.46875,111.46875,111.46875,111.46875,8430.0
2025-06-23 15:16:00+00:00,111.453125,111.46875,111.4375,111.46875,3043.0
2025-06-23 15:17:00+00:00,111.46875,111.46875,111.453125,111.453125,9886.0
2025-06-23 15:18:00+00:00,111.453125,111.46875,111.4375,111.46875,4064.0
2025-06-23 15:19:00+00:00,111.4375,111.453125,111.4375,111.4375,393.0
2025-06-23 15:20:00+00:00,111.46875,111.46875,111.453125,111.453125,3051.0
2025-06-23 15:21:00+00:00,111.453125,111.453125,111.4375,111.453125,1268.0
2025-06-23 15:22:00+00:00,111.4375,111.453125,111.4375,111.453125,1556.0
2025-06-23 15:24:00+00:00,111.453125,111.453125,111.453125,111.453125,1421.0
2025-06-23 15:25:00+00:00,111.484375,111.484375,111.4375,111.4375,4718.0
2025-06-23 15:26:00+00:00,111.484375,111.484375,111.46875,111.484375,3313.0
2025-06-23 15:29:00+00:00,111.484375,111.484375,111.484375,111.484375,9034.0
2025-06-23 15:30:00+00:00,111.484375,111.484375,111.46875,111.484375,216.0
2025-06-23 15:31:00+00:00,111.5,111.5,111.484375,111.484375,2728.0
2025-06-23 15:32:00+00:00,111.46875,111.5,111.46875,111.5,737.0
2025-06-23 15:33:00+00:00,111.484375,111.484375,111.46875,111.46875,56.0
2025-06-23 15:34:00+00:00,111.5,111.5,111.484375,111.5,4091.0
2025-06-23 15:35:00+00:00,111.484375,111.5,111.484375,111.5,2470.0
2025-06-23 15:38:00+00:00,111.5,111.5,111.46875,111.46875,4894.0
2025-06-23 15:39:00+00:00,111.484375,111.5,111.484375,111.5,2141.0
2025-06-23 15:40:00+00:00,111.484375,111.5,111.484375,111.484375,1555.0
2025-06-23 15:41:00+00:00,111.5,111.5,111.484375,111.5,159.0
2025-06-23 15:42:00+00:00,111.5,111.515625,111.484375,111.5,4601.0
2025-06-23 15:43:00+00:00,111.515625,111.515625,111.5,111.515625,920.0
2025-06-23 15:44:00+00:00,111.515625,111.515625,111.5,111.5,282.0
2025-06-23 15:45:00+00:00,111.53125,111.546875,111.515625,111.515625,13490.0
2025-06-23 15:46:00+00:00,111.53125,111.53125,111.515625,111.53125,728.0
2025-06-23 15:47:00+00:00,111.53125,111.546875,111.515625,111.53125,3963.0
2025-06-23 15:48:00+00:00,111.515625,111.546875,111.515625,111.53125,2863.0
2025-06-23 15:49:00+00:00,111.515625,111.53125,111.515625,111.53125,649.0
2025-06-23 15:50:00+00:00,111.515625,111.546875,111.515625,111.53125,3941.0
2025-06-23 15:51:00+00:00,111.53125,111.546875,111.515625,111.53125,1629.0
2025-06-23 15:52:00+00:00,111.515625,111.546875,111.515625,111.546875,1577.0
2025-06-23 15:53:00+00:00,111.515625,111.53125,111.5,111.53125,5521.0
2025-06-23 15:54:00+00:00,111.53125,111.53125,111.515625,111.53125,144.0
2025-06-23 15:55:00+00:00,111.53125,111.546875,111.515625,111.53125,3147.0
2025-06-23 15:56:00+00:00,111.546875,111.5625,111.53125,111.53125,2779.0
2025-06-23 15:57:00+00:00,111.546875,111.5625,111.53125,111.546875,3066.0
2025-06-23 15:58:00+00:00,111.546875,111.546875,111.53125,111.546875,273.0
2025-06-23 15:59:00+00:00,111.546875,111.546875,111.53125,111.546875,790.0
2025-06-23 16:00:00+00:00,111.546875,111.546875,111.53125,111.53125,220.0
2025-06-23 16:01:00+00:00,111.5625,111.5625,111.546875,111.546875,4461.0
2025-06-23 16:02:00+00:00,111.546875,111.5625,111.546875,111.5625,697.0
2025-06-23 16:03:00+00:00,111.546875,111.5625,111.546875,111.5625,1493.0
2025-06-23 16:04:00+00:00,111.546875,111.5625,111.546875,111.5625,414.0
2025-06-23 16:05:00+00:00,111.53125,111.5625,111.53125,111.5625,3119.0
2025-06-23 16:06:00+00:00,111.546875,111.5625,111.546875,111.546875,2376.0
2025-06-23 16:07:00+00:00,111.546875,111.5625,111.53125,111.5625,1124.0
2025-06-23 16:08:00+00:00,111.53125,111.546875,111.53125,111.546875,347.0
2025-06-23 16:09:00+00:00,111.546875,111.546875,111.53125,111.546875,392.0
2025-06-23 16:12:00+00:00,111.546875,111.546875,111.53125,111.546875,5585.0
2025-06-23 16:13:00+00:00,111.53125,111.546875,111.53125,111.546875,225.0
2025-06-23 16:14:00+00:00,111.546875,111.546875,111.53125,111.546875,3647.0
2025-06-23 16:15:00+00:00,111.5625,111.5625,111.53125,111.53125,2979.0
2025-06-23 16:16:00+00:00,111.5625,111.5625,111.546875,111.5625,1944.0
2025-06-23 16:17:00+00:00,111.578125,111.578125,111.546875,111.5625,2628.0
2025-06-23 16:18:00+00:00,111.578125,111.578125,111.5625,111.5625,278.0
2025-06-23 16:19:00+00:00,111.5625,111.578125,111.546875,111.578125,6334.0
2025-06-23 16:20:00+00:00,111.5625,111.578125,111.546875,111.5625,3223.0
2025-06-23 16:21:00+00:00,111.5625,111.5625,111.546875,111.5625,538.0
2025-06-23 16:22:00+00:00,111.5625,111.5625,111.546875,111.5625,221.0
2025-06-23 16:23:00+00:00,111.5625,111.5625,111.546875,111.546875,338.0
2025-06-23 16:24:00+00:00,111.5625,111.5625,111.546875,111.5625,616.0
2025-06-23 16:25:00+00:00,111.5625,111.5625,111.546875,111.5625,376.0
2025-06-23 16:26:00+00:00,111.578125,111.578125,111.5625,111.5625,4670.0
2025-06-23 16:27:00+00:00,111.578125,111.578125,111.5625,111.578125,1684.0
2025-06-23 16:28:00+00:00,111.5625,111.578125,111.546875,111.578125,1661.0
2025-06-23 16:29:00+00:00,111.59375,111.59375,111.578125,111.578125,2132.0
2025-06-23 16:30:00+00:00,111.59375,111.59375,111.578125,111.59375,955.0
2025-06-23 16:31:00+00:00,111.59375,111.609375,111.578125,111.59375,4395.0
2025-06-23 16:32:00+00:00,111.609375,111.609375,111.59375,111.59375,3595.0
2025-06-23 16:33:00+00:00,111.59375,111.59375,111.59375,111.59375,69.0
2025-06-23 16:34:00+00:00,111.625,111.625,111.59375,111.59375,8166.0
2025-06-23 16:35:00+00:00,111.625,111.625,111.609375,111.625,1548.0
2025-06-23 16:36:00+00:00,111.640625,111.640625,111.609375,111.625,2252.0
2025-06-23 16:37:00+00:00,111.578125,111.640625,111.578125,111.640625,6266.0
2025-06-23 16:38:00+00:00,111.59375,111.609375,111.59375,111.59375,8235.0
2025-06-23 16:39:00+00:00,111.546875,111.59375,111.546875,111.59375,7191.0
2025-06-23 16:40:00+00:00,111.5625,111.578125,111.546875,111.5625,8547.0
2025-06-23 16:41:00+00:00,111.53125,111.5625,111.53125,111.5625,8746.0
2025-06-23 16:42:00+00:00,111.5,111.53125,111.484375,111.53125,7953.0
2025-06-23 16:43:00+00:00,111.484375,111.515625,111.484375,111.5,5199.0
2025-06-23 16:44:00+00:00,111.5,111.5,111.46875,111.5,4045.0
2025-06-23 16:46:00+00:00,111.484375,111.5,111.484375,111.5,13765.0
2025-06-23 16:47:00+00:00,111.5,111.53125,111.484375,111.515625,7053.0
2025-06-23 16:48:00+00:00,111.53125,111.53125,111.515625,111.515625,2064.0
2025-06-23 16:49:00+00:00,111.53125,111.53125,111.515625,111.53125,698.0
2025-06-23 16:52:00+00:00,111.53125,111.546875,111.515625,111.515625,9808.0
2025-06-23 16:53:00+00:00,111.5,111.53125,111.5,111.53125,2999.0
2025-06-23 16:54:00+00:00,111.5,111.515625,111.5,111.515625,324.0
2025-06-23 16:55:00+00:00,111.53125,111.53125,111.515625,111.515625,3850.0
2025-06-23 16:56:00+00:00,111.53125,111.546875,111.515625,111.53125,1142.0
2025-06-23 16:57:00+00:00,111.53125,111.546875,111.53125,111.53125,1566.0
2025-06-23 16:58:00+00:00,111.53125,111.546875,111.53125,111.546875,1968.0
2025-06-23 16:59:00+00:00,111.546875,111.546875,111.515625,111.546875,2294.0
2025-06-23 17:00:00+00:00,111.515625,111.546875,111.515625,111.53125,1092.0
2025-06-23 17:01:00+00:00,111.53125,111.53125,111.515625,111.515625,1617.0
2025-06-23 17:02:00+00:00,111.53125,111.53125,111.515625,111.53125,1580.0
2025-06-23 17:03:00+00:00,111.5,111.53125,111.5,111.53125,2549.0
2025-06-23 17:04:00+00:00,111.484375,111.5,111.484375,111.5,2782.0
2025-06-23 17:05:00+00:00,111.484375,111.484375,111.46875,111.484375,4030.0
2025-06-23 17:06:00+00:00,111.484375,111.5,111.46875,111.484375,2806.0
2025-06-23 17:07:00+00:00,111.46875,111.484375,111.46875,111.484375,3523.0
2025-06-23 17:08:00+00:00,111.453125,111.46875,111.453125,111.46875,2067.0
2025-06-23 17:09:00+00:00,111.453125,111.46875,111.453125,111.453125,3940.0
2025-06-23 17:10:00+00:00,111.4375,111.453125,111.4375,111.4375,1768.0
2025-06-23 17:11:00+00:00,111.4375,111.453125,111.4375,111.453125,8672.0
2025-06-23 17:12:00+00:00,111.4375,111.453125,111.4375,111.4375,2449.0
2025-06-23 17:13:00+00:00,111.4375,111.453125,111.4375,111.4375,765.0
2025-06-23 17:14:00+00:00,111.421875,111.453125,111.421875,111.4375,1704.0
2025-06-23 17:15:00+00:00,111.40625,111.4375,111.390625,111.421875,6818.0
2025-06-23 17:16:00+00:00,111.375,111.40625,111.375,111.40625,7659.0
2025-06-23 17:17:00+00:00,111.390625,111.40625,111.375,111.390625,1191.0
2025-06-23 17:18:00+00:00,111.40625,111.40625,111.390625,111.390625,703.0
2025-06-23 17:19:00+00:00,111.4375,111.4375,111.40625,111.421875,2540.0
2025-06-23 17:20:00+00:00,111.4375,111.453125,111.421875,111.4375,1266.0
2025-06-23 17:21:00+00:00,111.4375,111.453125,111.4375,111.4375,1959.0
2025-06-23 17:22:00+00:00,111.4375,111.4375,111.421875,111.4375,398.0
2025-06-23 17:23:00+00:00,111.421875,111.453125,111.421875,111.4375,1779.0
2025-06-23 17:24:00+00:00,111.421875,111.4375,111.421875,111.421875,1097.0
2025-06-23 17:25:00+00:00,111.453125,111.453125,111.40625,111.40625,3608.0
2025-06-23 17:26:00+00:00,111.453125,111.46875,111.4375,111.453125,1366.0
2025-06-23 17:27:00+00:00,111.453125,111.46875,111.453125,111.453125,313.0
2025-06-23 17:28:00+00:00,111.4375,111.46875,111.4375,111.453125,3941.0
2025-06-23 17:29:00+00:00,111.4375,111.453125,111.421875,111.4375,2799.0
2025-06-23 17:30:00+00:00,111.453125,111.453125,111.421875,111.4375,3723.0
2025-06-23 17:31:00+00:00,111.4375,111.453125,111.421875,111.453125,1532.0
2025-06-23 17:32:00+00:00,111.453125,111.453125,111.4375,111.453125,2531.0
2025-06-23 17:35:00+00:00,111.453125,111.453125,111.421875,111.421875,1422.0
2025-06-23 17:36:00+00:00,111.421875,111.453125,111.421875,111.453125,978.0
2025-06-23 17:37:00+00:00,111.4375,111.4375,111.421875,111.421875,53.0
2025-06-23 17:38:00+00:00,111.453125,111.453125,111.421875,111.421875,737.0
2025-06-23 17:39:00+00:00,111.421875,111.453125,111.421875,111.453125,630.0
2025-06-23 17:40:00+00:00,111.453125,111.453125,111.4375,111.4375,1127.0
2025-06-23 17:41:00+00:00,111.484375,111.484375,111.453125,111.46875,1074.0
2025-06-23 17:42:00+00:00,111.46875,111.484375,111.453125,111.484375,1423.0
2025-06-23 17:43:00+00:00,111.484375,111.484375,111.453125,111.46875,559.0
2025-06-23 17:44:00+00:00,111.484375,111.484375,111.46875,111.484375,50.0
2025-06-23 17:45:00+00:00,111.484375,111.484375,111.46875,111.484375,94.0
2025-06-23 17:46:00+00:00,111.484375,111.484375,111.46875,111.484375,39.0
2025-06-23 17:47:00+00:00,111.484375,111.5,111.484375,111.484375,3215.0
2025-06-23 17:48:00+00:00,111.484375,111.484375,111.484375,111.484375,1395.0
2025-06-23 17:49:00+00:00,111.484375,111.5,111.484375,111.484375,1592.0
2025-06-23 17:50:00+00:00,111.484375,111.484375,111.46875,111.484375,353.0
2025-06-23 17:51:00+00:00,111.484375,111.5,111.484375,111.484375,1585.0
2025-06-23 17:52:00+00:00,111.5,111.5,111.484375,111.5,2773.0
2025-06-23 17:53:00+00:00,111.5,111.515625,111.5,111.515625,784.0
2025-06-23 17:54:00+00:00,111.5,111.5,111.5,111.5,783.0
2025-06-23 17:55:00+00:00,111.5,111.5,111.484375,111.5,2192.0
2025-06-23 17:56:00+00:00,111.5,111.515625,111.5,111.5,753.0
2025-06-23 17:57:00+00:00,111.5,111.5,111.484375,111.5,127.0
2025-06-23 17:58:00+00:00,111.5,111.5,111.5,111.5,20.0
2025-06-23 17:59:00+00:00,111.5,111.5,111.484375,111.5,1023.0
2025-06-23 18:00:00+00:00,111.484375,111.5,111.484375,111.484375,1535.0
2025-06-23 18:01:00+00:00,111.5,111.5,111.484375,111.484375,3947.0
2025-06-23 18:02:00+00:00,111.484375,111.5,111.484375,111.5,1822.0
2025-06-23 18:03:00+00:00,111.484375,111.484375,111.46875,111.46875,461.0
2025-06-23 18:04:00+00:00,111.5,111.515625,111.5,111.5,1741.0
2025-06-23 18:05:00+00:00,111.5,111.515625,111.484375,111.484375,153.0
2025-06-23 18:06:00+00:00,111.484375,111.515625,111.484375,111.5,2430.0
2025-06-23 18:07:00+00:00,111.5,111.515625,111.484375,111.484375,998.0
2025-06-23 18:09:00+00:00,111.5,111.515625,111.5,111.515625,1051.0
2025-06-23 18:10:00+00:00,111.5,111.5,111.5,111.5,1188.0
2025-06-23 18:11:00+00:00,111.515625,111.53125,111.484375,111.5,3393.0
2025-06-23 18:12:00+00:00,111.515625,111.515625,111.515625,111.515625,64.0
2025-06-23 18:13:00+00:00,111.53125,111.53125,111.5,111.515625,2575.0
2025-06-23 18:14:00+00:00,111.5,111.53125,111.5,111.515625,1173.0
2025-06-23 18:15:00+00:00,111.5,111.515625,111.5,111.515625,3742.0
2025-06-23 18:16:00+00:00,111.5,111.515625,111.46875,111.5,3784.0
2025-06-23 18:17:00+00:00,111.484375,111.484375,111.46875,111.484375,2049.0
2025-06-23 18:18:00+00:00,111.484375,111.484375,111.46875,111.484375,2529.0
2025-06-23 18:19:00+00:00,111.46875,111.484375,111.46875,111.484375,7747.0
2025-06-23 18:20:00+00:00,111.453125,111.46875,111.4375,111.46875,783.0
2025-06-23 18:21:00+00:00,111.484375,111.484375,111.453125,111.46875,2780.0
2025-06-23 18:22:00+00:00,111.484375,111.5,111.46875,111.484375,2688.0
2025-06-23 18:23:00+00:00,111.484375,111.484375,111.46875,111.484375,1123.0
2025-06-23 18:24:00+00:00,111.484375,111.484375,111.453125,111.484375,3740.0
2025-06-23 18:25:00+00:00,111.484375,111.484375,111.46875,111.46875,13.0
2025-06-23 18:26:00+00:00,111.46875,111.484375,111.46875,111.484375,1278.0
2025-06-23 18:27:00+00:00,111.453125,111.46875,111.453125,111.46875,1004.0
2025-06-23 18:28:00+00:00,111.453125,111.46875,111.453125,111.46875,82.0
2025-06-23 18:29:00+00:00,111.484375,111.484375,111.453125,111.46875,611.0
2025-06-23 18:30:00+00:00,111.46875,111.484375,111.46875,111.484375,8.0
2025-06-23 18:31:00+00:00,111.46875,111.46875,111.46875,111.46875,3091.0
2025-06-23 18:32:00+00:00,111.4375,111.46875,111.421875,111.46875,2991.0
2025-06-23 18:33:00+00:00,111.4375,111.453125,111.4375,111.4375,7103.0
2025-06-23 18:34:00+00:00,111.4375,111.4375,111.421875,111.4375,2284.0
2025-06-23 18:35:00+00:00,111.453125,111.453125,111.421875,111.421875,1381.0
2025-06-23 18:40:00+00:00,111.40625,111.4375,111.40625,111.421875,11397.0
2025-06-23 18:41:00+00:00,111.421875,111.421875,111.40625,111.421875,1282.0
2025-06-23 18:42:00+00:00,111.421875,111.421875,111.40625,111.421875,1309.0
2025-06-23 18:43:00+00:00,111.4375,111.4375,111.421875,111.421875,82.0
2025-06-23 18:44:00+00:00,111.421875,111.4375,111.421875,111.4375,858.0
2025-06-23 18:45:00+00:00,111.453125,111.453125,111.421875,111.4375,1752.0
2025-06-23 18:46:00+00:00,111.4375,111.453125,111.4375,111.4375,219.0
2025-06-23 18:47:00+00:00,111.4375,111.453125,111.4375,111.453125,1961.0
2025-06-23 18:48:00+00:00,111.4375,111.46875,111.4375,111.453125,1098.0
2025-06-23 18:49:00+00:00,111.453125,111.453125,111.4375,111.4375,4.0
2025-06-23 18:50:00+00:00,111.4375,111.453125,111.4375,111.453125,1463.0
2025-06-23 18:51:00+00:00,111.421875,111.421875,111.421875,111.421875,44.0
2025-06-23 18:52:00+00:00,111.4375,111.453125,111.421875,111.4375,2058.0
2025-06-23 18:53:00+00:00,111.4375,111.4375,111.4375,111.4375,972.0
2025-06-23 18:54:00+00:00,111.421875,111.4375,111.421875,111.4375,1285.0
2025-06-23 18:55:00+00:00,111.46875,111.46875,111.421875,111.4375,6905.0
2025-06-23 18:56:00+00:00,111.46875,111.46875,111.453125,111.46875,4153.0
2025-06-23 18:57:00+00:00,111.46875,111.46875,111.453125,111.46875,1282.0
2025-06-23 18:58:00+00:00,111.4375,111.46875,111.421875,111.46875,7492.0
2025-06-23 18:59:00+00:00,111.453125,111.46875,111.421875,111.4375,55240.0
2025-06-23 19:00:00+00:00,111.421875,111.453125,111.421875,111.453125,10172.0
2025-06-23 19:01:00+00:00,111.421875,111.4375,111.40625,111.4375,9035.0
2025-06-23 19:02:00+00:00,111.421875,111.421875,111.40625,111.421875,2422.0
2025-06-23 19:03:00+00:00,111.421875,111.421875,111.40625,111.421875,1084.0
2025-06-23 19:04:00+00:00,111.40625,111.421875,111.40625,111.421875,334.0
2025-06-23 19:05:00+00:00,111.40625,111.421875,111.40625,111.421875,108.0
2025-06-23 19:06:00+00:00,111.421875,111.421875,111.40625,111.421875,625.0
2025-06-23 19:07:00+00:00,111.40625,111.421875,111.40625,111.40625,657.0
2025-06-23 19:08:00+00:00,111.40625,111.421875,111.40625,111.421875,3554.0
2025-06-23 19:09:00+00:00,111.390625,111.40625,111.375,111.40625,4052.0
2025-06-23 19:10:00+00:00,111.390625,111.390625,111.375,111.390625,2574.0
2025-06-23 19:11:00+00:00,111.390625,111.40625,111.390625,111.390625,3360.0
2025-06-23 19:12:00+00:00,111.375,111.390625,111.375,111.375,352.0
2025-06-23 19:13:00+00:00,111.375,111.390625,111.359375,111.390625,1992.0
2025-06-23 19:14:00+00:00,111.375,111.390625,111.359375,111.375,5696.0
2025-06-23 19:15:00+00:00,111.359375,111.375,111.359375,111.359375,101.0
2025-06-23 19:16:00+00:00,111.359375,111.375,111.359375,111.375,77.0
2025-06-23 19:17:00+00:00,111.359375,111.375,111.359375,111.375,125.0
2025-06-23 19:18:00+00:00,111.359375,111.375,111.359375,111.359375,5496.0
2025-06-23 19:19:00+00:00,111.375,111.375,111.359375,111.359375,99.0
2025-06-23 19:20:00+00:00,111.375,111.375,111.359375,111.359375,81.0
2025-06-23 19:21:00+00:00,111.359375,111.375,111.359375,111.359375,55.0
2025-06-23 19:22:00+00:00,111.359375,111.359375,111.34375,111.359375,8145.0
2025-06-23 19:23:00+00:00,111.34375,111.375,111.34375,111.359375,1028.0
2025-06-23 19:24:00+00:00,111.34375,111.359375,111.34375,111.34375,54.0
2025-06-23 19:25:00+00:00,111.359375,111.359375,111.34375,111.359375,152.0
2025-06-23 19:26:00+00:00,111.359375,111.375,111.34375,111.34375,3670.0
2025-06-23 19:27:00+00:00,111.34375,111.359375,111.34375,111.34375,1335.0
2025-06-23 19:28:00+00:00,111.34375,111.359375,111.34375,111.34375,695.0
2025-06-23 19:29:00+00:00,111.34375,111.359375,111.34375,111.359375,463.0
2025-06-23 19:30:00+00:00,111.359375,111.375,111.34375,111.34375,1461.0
2025-06-23 19:31:00+00:00,111.375,111.375,111.359375,111.359375,131.0
2025-06-23 19:32:00+00:00,111.375,111.375,111.359375,111.375,1197.0
2025-06-23 19:34:00+00:00,111.375,111.375,111.359375,111.359375,780.0
2025-06-23 19:35:00+00:00,111.359375,111.359375,111.34375,111.359375,2529.0
2025-06-23 19:36:00+00:00,111.34375,111.359375,111.34375,111.359375,13.0
2025-06-23 19:37:00+00:00,111.34375,111.359375,111.34375,111.34375,1832.0
2025-06-23 19:38:00+00:00,111.34375,111.359375,111.34375,111.34375,2248.0
2025-06-23 19:39:00+00:00,111.34375,111.359375,111.34375,111.34375,89.0
2025-06-23 19:40:00+00:00,111.359375,111.359375,111.34375,111.34375,265.0
2025-06-23 19:41:00+00:00,111.34375,111.359375,111.34375,111.34375,322.0
2025-06-23 19:42:00+00:00,111.34375,111.359375,111.34375,111.359375,299.0
2025-06-23 19:43:00+00:00,111.34375,111.34375,111.34375,111.34375,911.0
2025-06-23 19:44:00+00:00,111.328125,111.34375,111.328125,111.34375,850.0
2025-06-23 19:46:00+00:00,111.328125,111.328125,111.328125,111.328125,561.0
2025-06-23 19:47:00+00:00,111.34375,111.34375,111.328125,111.34375,123.0
2025-06-23 19:48:00+00:00,111.3125,111.34375,111.3125,111.34375,1843.0
2025-06-23 19:49:00+00:00,111.328125,111.34375,111.328125,111.328125,2760.0
2025-06-23 19:50:00+00:00,111.328125,111.34375,111.3125,111.34375,4152.0
2025-06-23 19:51:00+00:00,111.328125,111.328125,111.3125,111.328125,5546.0
2025-06-23 19:52:00+00:00,111.3125,111.328125,111.3125,111.328125,66.0
2025-06-23 19:53:00+00:00,111.3125,111.34375,111.3125,111.328125,6729.0
2025-06-23 19:54:00+00:00,111.34375,111.34375,111.3125,111.3125,1259.0
2025-06-23 19:55:00+00:00,111.328125,111.34375,111.3125,111.34375,2805.0
2025-06-23 19:56:00+00:00,111.3125,111.328125,111.3125,111.328125,210.0
2025-06-23 19:57:00+00:00,111.3125,111.328125,111.3125,111.328125,887.0
2025-06-23 19:58:00+00:00,111.3125,111.328125,111.3125,111.3125,497.0
2025-06-23 19:59:00+00:00,111.3125,111.328125,111.3125,111.3125,6437.0
2025-06-23 20:00:00+00:00,111.328125,111.359375,111.3125,111.3125,7173.0
2025-06-23 20:01:00+00:00,111.359375,111.359375,111.328125,111.34375,1668.0
2025-06-23 20:02:00+00:00,111.34375,111.359375,111.328125,111.359375,1162.0
2025-06-23 20:03:00+00:00,111.34375,111.34375,111.328125,111.34375,564.0
2025-06-23 20:04:00+00:00,111.34375,111.34375,111.328125,111.34375,958.0
2025-06-23 20:05:00+00:00,111.328125,111.34375,111.328125,111.34375,1760.0
2025-06-23 20:06:00+00:00,111.328125,111.328125,111.3125,111.328125,1995.0
2025-06-23 20:07:00+00:00,111.328125,111.328125,111.328125,111.328125,13.0
2025-06-23 20:08:00+00:00,111.328125,111.328125,111.3125,111.328125,79.0
2025-06-23 20:09:00+00:00,111.328125,111.328125,111.328125,111.328125,519.0
2025-06-23 20:10:00+00:00,111.3125,111.328125,111.296875,111.328125,1744.0
2025-06-23 20:11:00+00:00,111.3125,111.3125,111.296875,111.3125,155.0
2025-06-23 20:12:00+00:00,111.3125,111.3125,111.296875,111.3125,171.0
2025-06-23 20:13:00+00:00,111.3125,111.3125,111.296875,111.3125,180.0
2025-06-23 20:14:00+00:00,111.296875,111.3125,111.296875,111.3125,461.0
2025-06-23 20:15:00+00:00,111.3125,111.3125,111.296875,111.296875,2969.0
2025-06-23 20:16:00+00:00,111.3125,111.3125,111.3125,111.3125,40.0
2025-06-23 20:17:00+00:00,111.3125,111.3125,111.3125,111.3125,1117.0
2025-06-23 20:18:00+00:00,111.328125,111.328125,111.3125,111.3125,98.0
2025-06-23 20:19:00+00:00,111.328125,111.328125,111.328125,111.328125,84.0
2025-06-23 20:20:00+00:00,111.328125,111.328125,111.328125,111.328125,31.0
2025-06-23 20:21:00+00:00,111.3125,111.328125,111.3125,111.328125,132.0
2025-06-23 20:22:00+00:00,111.3125,111.328125,111.3125,111.328125,154.0
2025-06-23 20:25:00+00:00,111.328125,111.328125,111.296875,111.3125,7500.0
2025-06-23 20:26:00+00:00,111.3125,111.328125,111.3125,111.3125,55.0
2025-06-23 20:27:00+00:00,111.3125,111.3125,111.3125,111.3125,3004.0
2025-06-23 20:28:00+00:00,111.3125,111.3125,111.296875,111.3125,1993.0
2025-06-23 20:29:00+00:00,111.296875,111.328125,111.296875,111.3125,778.0
2025-06-23 20:30:00+00:00,111.3125,111.3125,111.3125,111.3125,4.0
2025-06-23 20:31:00+00:00,111.296875,111.296875,111.296875,111.296875,32.0
2025-06-23 20:32:00+00:00,111.296875,111.296875,111.296875,111.296875,765.0
2025-06-23 20:33:00+00:00,111.296875,111.3125,111.296875,111.3125,7.0
2025-06-23 20:34:00+00:00,111.28125,111.296875,111.28125,111.296875,949.0
2025-06-23 20:35:00+00:00,111.296875,111.296875,111.28125,111.296875,1620.0
2025-06-23 20:36:00+00:00,111.296875,111.296875,111.28125,111.296875,354.0
2025-06-23 20:37:00+00:00,111.296875,111.296875,111.28125,111.296875,336.0
2025-06-23 20:38:00+00:00,111.296875,111.296875,111.296875,111.296875,1.0
2025-06-23 20:39:00+00:00,111.296875,111.296875,111.28125,111.28125,449.0
2025-06-23 20:40:00+00:00,111.296875,111.296875,111.28125,111.28125,229.0
2025-06-23 20:41:00+00:00,111.28125,111.28125,111.28125,111.28125,404.0
2025-06-23 20:42:00+00:00,111.28125,111.28125,111.28125,111.28125,2947.0
2025-06-23 20:43:00+00:00,111.28125,111.28125,111.28125,111.28125,2.0
2025-06-23 20:44:00+00:00,111.28125,111.296875,111.28125,111.296875,579.0
2025-06-23 20:45:00+00:00,111.296875,111.296875,111.28125,111.296875,193.0
2025-06-23 20:46:00+00:00,111.296875,111.296875,111.28125,111.296875,343.0
2025-06-23 20:47:00+00:00,111.28125,111.296875,111.265625,111.296875,2040.0
2025-06-23 20:48:00+00:00,111.265625,111.28125,111.265625,111.28125,94.0
2025-06-23 20:49:00+00:00,111.265625,111.265625,111.25,111.265625,4435.0
2025-06-23 20:50:00+00:00,111.265625,111.265625,111.25,111.265625,212.0
2025-06-23 20:51:00+00:00,111.265625,111.28125,111.25,111.25,1641.0
2025-06-23 20:52:00+00:00,111.28125,111.28125,111.265625,111.265625,361.0
2025-06-23 20:53:00+00:00,111.265625,111.265625,111.265625,111.265625,1568.0
2025-06-23 20:54:00+00:00,111.265625,111.28125,111.265625,111.28125,1374.0
2025-06-23 20:55:00+00:00,111.265625,111.265625,111.25,111.265625,235.0
2025-06-23 20:56:00+00:00,111.265625,111.265625,111.25,111.265625,472.0
2025-06-23 20:57:00+00:00,111.25,111.265625,111.25,111.25,1070.0
2025-06-23 20:58:00+00:00,111.265625,111.265625,111.25,111.25,399.0
2025-06-23 20:59:00+00:00,111.234375,111.265625,111.234375,111.265625,0.0
2025-06-23 22:00:00+00:00,111.234375,111.25,111.21875,111.25,891.0
2025-06-23 22:01:00+00:00,111.21875,111.234375,111.21875,111.21875,82.0
2025-06-23 22:02:00+00:00,111.234375,111.234375,111.21875,111.21875,21.0
2025-06-23 22:03:00+00:00,111.203125,111.21875,111.203125,111.21875,672.0
2025-06-23 22:04:00+00:00,111.203125,111.203125,111.1875,111.203125,150.0
2025-06-23 22:05:00+00:00,111.21875,111.21875,111.1875,111.203125,763.0
2025-06-23 22:06:00+00:00,111.234375,111.25,111.203125,111.21875,1404.0
2025-06-23 22:07:00+00:00,111.265625,111.28125,111.234375,111.234375,1490.0
2025-06-23 22:08:00+00:00,111.28125,111.28125,111.25,111.25,948.0
2025-06-23 22:09:00+00:00,111.28125,111.296875,111.28125,111.28125,215.0
2025-06-23 22:10:00+00:00,111.28125,111.28125,111.28125,111.28125,501.0
2025-06-23 22:11:00+00:00,111.25,111.265625,111.25,111.25,1087.0
2025-06-23 22:12:00+00:00,111.25,111.25,111.25,111.25,1.0
2025-06-23 22:15:00+00:00,111.265625,111.265625,111.265625,111.265625,939.0
2025-06-23 22:16:00+00:00,111.265625,111.265625,111.265625,111.265625,15.0
2025-06-23 22:17:00+00:00,111.265625,111.265625,111.25,111.265625,324.0
2025-06-23 22:18:00+00:00,111.28125,111.296875,111.265625,111.265625,2182.0
2025-06-23 22:19:00+00:00,111.28125,111.28125,111.265625,111.265625,674.0
2025-06-23 22:20:00+00:00,111.296875,111.296875,111.28125,111.28125,727.0
2025-06-23 22:21:00+00:00,111.28125,111.28125,111.28125,111.28125,350.0
2025-06-23 22:22:00+00:00,111.265625,111.265625,111.25,111.265625,1213.0
2025-06-23 22:23:00+00:00,111.25,111.25,111.25,111.25,391.0
2025-06-23 22:24:00+00:00,111.25,111.265625,111.25,111.25,765.0
2025-06-23 22:25:00+00:00,111.25,111.25,111.25,111.25,10.0
2025-06-23 22:26:00+00:00,111.21875,111.234375,111.21875,111.234375,1251.0
2025-06-23 22:27:00+00:00,111.21875,111.234375,111.203125,111.21875,2680.0
2025-06-23 22:28:00+00:00,111.234375,111.234375,111.21875,111.21875,245.0
2025-06-23 22:29:00+00:00,111.21875,111.21875,111.21875,111.21875,92.0
2025-06-23 22:30:00+00:00,111.234375,111.234375,111.21875,111.21875,30.0
2025-06-23 22:31:00+00:00,111.25,111.25,111.21875,111.234375,163.0
2025-06-23 22:32:00+00:00,111.25,111.25,111.25,111.25,219.0
2025-06-23 22:33:00+00:00,111.234375,111.25,111.234375,111.25,1144.0
2025-06-23 22:34:00+00:00,111.25,111.25,111.234375,111.234375,3.0
2025-06-23 22:35:00+00:00,111.234375,111.234375,111.234375,111.234375,251.0
2025-06-23 22:36:00+00:00,111.25,111.25,111.25,111.25,22.0
2025-06-23 22:37:00+00:00,111.234375,111.25,111.234375,111.25,233.0
2025-06-23 22:38:00+00:00,111.234375,111.234375,111.234375,111.234375,127.0
2025-06-23 22:39:00+00:00,111.25,111.25,111.234375,111.234375,11.0
2025-06-23 22:40:00+00:00,111.25,111.25,111.234375,111.234375,8.0
2025-06-23 22:41:00+00:00,111.25,111.25,111.25,111.25,69.0
2025-06-23 22:42:00+00:00,111.25,111.25,111.25,111.25,137.0
2025-06-23 22:43:00+00:00,111.25,111.265625,111.25,111.25,412.0
2025-06-23 22:45:00+00:00,111.25,111.265625,111.25,111.265625,104.0
2025-06-23 22:46:00+00:00,111.265625,111.265625,111.265625,111.265625,197.0
2025-06-23 22:47:00+00:00,111.265625,111.265625,111.265625,111.265625,27.0
2025-06-23 22:48:00+00:00,111.25,111.25,111.25,111.25,477.0
2025-06-23 22:49:00+00:00,111.265625,111.265625,111.25,111.25,341.0
2025-06-23 22:51:00+00:00,111.25,111.25,111.25,111.25,395.0
2025-06-23 22:52:00+00:00,111.234375,111.234375,111.234375,111.234375,3.0
2025-06-23 22:53:00+00:00,111.234375,111.25,111.234375,111.234375,12.0
2025-06-23 22:55:00+00:00,111.25,111.25,111.25,111.25,2.0
2025-06-23 22:56:00+00:00,111.25,111.25,111.234375,111.25,515.0
2025-06-23 22:57:00+00:00,111.25,111.25,111.234375,111.234375,6.0
2025-06-23 22:58:00+00:00,111.25,111.25,111.25,111.25,38.0
2025-06-23 22:59:00+00:00,111.25,111.25,111.25,111.25,196.0
2025-06-23 23:00:00+00:00,111.234375,111.234375,111.234375,111.234375,923.0
2025-06-23 23:01:00+00:00,111.21875,111.234375,111.21875,111.234375,63.0
2025-06-23 23:02:00+00:00,111.21875,111.21875,111.21875,111.21875,4.0
2025-06-23 23:03:00+00:00,111.21875,111.21875,111.21875,111.21875,359.0
2025-06-23 23:05:00+00:00,111.21875,111.21875,111.21875,111.21875,1.0
2025-06-23 23:07:00+00:00,111.21875,111.234375,111.21875,111.234375,1014.0
2025-06-23 23:08:00+00:00,111.234375,111.234375,111.21875,111.21875,27.0
2025-06-23 23:09:00+00:00,111.21875,111.234375,111.21875,111.234375,373.0
2025-06-23 23:10:00+00:00,111.21875,111.234375,111.21875,111.234375,82.0
2025-06-23 23:11:00+00:00,111.234375,111.234375,111.234375,111.234375,167.0
2025-06-23 23:12:00+00:00,111.234375,111.234375,111.234375,111.234375,1.0
2025-06-23 23:14:00+00:00,111.21875,111.21875,111.21875,111.21875,20.0
2025-06-23 23:15:00+00:00,111.234375,111.234375,111.21875,111.234375,36.0
2025-06-23 23:16:00+00:00,111.234375,111.234375,111.234375,111.234375,15.0
2025-06-23 23:17:00+00:00,111.234375,111.234375,111.234375,111.234375,22.0
2025-06-23 23:18:00+00:00,111.234375,111.234375,111.234375,111.234375,17.0
2025-06-23 23:19:00+00:00,111.25,111.25,111.234375,111.234375,53.0
2025-06-23 23:20:00+00:00,111.234375,111.25,111.234375,111.25,15.0
2025-06-23 23:21:00+00:00,111.234375,111.234375,111.234375,111.234375,200.0
2025-06-23 23:22:00+00:00,111.234375,111.234375,111.234375,111.234375,108.0
2025-06-23 23:23:00+00:00,111.21875,111.234375,111.21875,111.234375,260.0
2025-06-23 23:24:00+00:00,111.234375,111.234375,111.234375,111.234375,401.0
2025-06-23 23:26:00+00:00,111.234375,111.234375,111.21875,111.234375,241.0
2025-06-23 23:27:00+00:00,111.234375,111.234375,111.234375,111.234375,9.0
2025-06-23 23:28:00+00:00,111.234375,111.234375,111.234375,111.234375,13.0
2025-06-23 23:29:00+00:00,111.25,111.25,111.234375,111.234375,1107.0
2025-06-23 23:30:00+00:00,111.25,111.25,111.234375,111.25,103.0
2025-06-23 23:31:00+00:00,111.25,111.25,111.234375,111.234375,793.0
2025-06-23 23:33:00+00:00,111.234375,111.25,111.234375,111.25,8.0
2025-06-23 23:35:00+00:00,111.21875,111.234375,111.21875,111.234375,3025.0
2025-06-23 23:36:00+00:00,111.21875,111.21875,111.203125,111.21875,1089.0
2025-06-23 23:39:00+00:00,111.21875,111.21875,111.21875,111.21875,54.0
2025-06-23 23:40:00+00:00,111.21875,111.234375,111.21875,111.21875,17.0
2025-06-23 23:41:00+00:00,111.21875,111.21875,111.21875,111.21875,15.0
2025-06-23 23:43:00+00:00,111.21875,111.21875,111.203125,111.21875,169.0
2025-06-23 23:44:00+00:00,111.21875,111.21875,111.21875,111.21875,810.0
2025-06-23 23:45:00+00:00,111.234375,111.234375,111.21875,111.234375,5.0
2025-06-23 23:46:00+00:00,111.21875,111.21875,111.21875,111.21875,371.0
2025-06-23 23:47:00+00:00,111.203125,111.21875,111.203125,111.21875,299.0
2025-06-23 23:48:00+00:00,111.21875,111.21875,111.21875,111.21875,154.0
2025-06-23 23:49:00+00:00,111.21875,111.21875,111.21875,111.21875,210.0
2025-06-23 23:50:00+00:00,111.234375,111.234375,111.234375,111.234375,19.0
2025-06-23 23:51:00+00:00,111.234375,111.234375,111.21875,111.234375,30.0
2025-06-23 23:52:00+00:00,111.234375,111.234375,111.21875,111.234375,72.0
2025-06-23 23:53:00+00:00,111.21875,111.234375,111.21875,111.234375,410.0
2025-06-23 23:54:00+00:00,111.21875,111.21875,111.21875,111.21875,253.0
2025-06-23 23:55:00+00:00,111.21875,111.234375,111.21875,111.234375,62.0
2025-06-23 23:56:00+00:00,111.21875,111.234375,111.203125,111.234375,275.0
2025-06-23 23:57:00+00:00,111.21875,111.21875,111.203125,111.203125,96.0
2025-06-23 23:58:00+00:00,111.234375,111.234375,111.21875,111.234375,27.0
2025-06-23 23:59:00+00:00,111.234375,111.234375,111.234375,111.234375,302.0
2025-06-24 00:00:00+00:00,111.234375,111.234375,111.234375,111.234375,142.0
2025-06-24 00:01:00+00:00,111.25,111.25,111.25,111.25,9.0
2025-06-24 00:02:00+00:00,111.25,111.25,111.25,111.25,298.0
2025-06-24 00:03:00+00:00,111.25,111.25,111.234375,111.25,140.0
2025-06-24 00:04:00+00:00,111.25,111.265625,111.25,111.25,1267.0
2025-06-24 00:05:00+00:00,111.234375,111.234375,111.234375,111.234375,1034.0
2025-06-24 00:06:00+00:00,111.234375,111.234375,111.234375,111.234375,2.0
2025-06-24 00:07:00+00:00,111.21875,111.21875,111.21875,111.21875,185.0
2025-06-24 00:08:00+00:00,111.203125,111.21875,111.203125,111.21875,120.0
2025-06-24 00:09:00+00:00,111.21875,111.21875,111.21875,111.21875,3.0
2025-06-24 00:10:00+00:00,111.203125,111.203125,111.203125,111.203125,47.0
2025-06-24 00:11:00+00:00,111.203125,111.21875,111.203125,111.203125,23.0
2025-06-24 00:12:00+00:00,111.1875,111.203125,111.1875,111.203125,384.0
2025-06-24 00:13:00+00:00,111.203125,111.203125,111.203125,111.203125,160.0
2025-06-24 00:14:00+00:00,111.21875,111.21875,111.203125,111.203125,520.0
2025-06-24 00:15:00+00:00,111.234375,111.234375,111.21875,111.21875,483.0
2025-06-24 00:16:00+00:00,111.25,111.25,111.234375,111.234375,443.0
2025-06-24 00:17:00+00:00,111.234375,111.25,111.234375,111.25,214.0
2025-06-24 00:19:00+00:00,111.234375,111.234375,111.234375,111.234375,331.0
2025-06-24 00:20:00+00:00,111.21875,111.234375,111.21875,111.234375,1181.0
2025-06-24 00:21:00+00:00,111.21875,111.234375,111.21875,111.21875,240.0
2025-06-24 00:22:00+00:00,111.21875,111.21875,111.21875,111.21875,297.0
2025-06-24 00:23:00+00:00,111.21875,111.21875,111.21875,111.21875,33.0
2025-06-24 00:24:00+00:00,111.203125,111.203125,111.203125,111.203125,1.0
2025-06-24 00:25:00+00:00,111.203125,111.21875,111.203125,111.21875,16.0
2025-06-24 00:26:00+00:00,111.21875,111.21875,111.203125,111.203125,453.0
2025-06-24 00:27:00+00:00,111.234375,111.234375,111.21875,111.234375,200.0
2025-06-24 00:28:00+00:00,111.21875,111.21875,111.21875,111.21875,387.0
2025-06-24 00:29:00+00:00,111.234375,111.234375,111.234375,111.234375,7.0
2025-06-24 00:30:00+00:00,111.234375,111.234375,111.234375,111.234375,158.0
2025-06-24 00:31:00+00:00,111.234375,111.234375,111.234375,111.234375,25.0
2025-06-24 00:32:00+00:00,111.234375,111.234375,111.234375,111.234375,500.0
2025-06-24 00:33:00+00:00,111.25,111.25,111.25,111.25,605.0
2025-06-24 00:34:00+00:00,111.25,111.25,111.25,111.25,376.0
2025-06-24 00:35:00+00:00,111.25,111.25,111.25,111.25,13.0
2025-06-24 00:36:00+00:00,111.25,111.25,111.234375,111.234375,283.0
2025-06-24 00:37:00+00:00,111.25,111.25,111.25,111.25,1616.0
2025-06-24 00:38:00+00:00,111.25,111.265625,111.25,111.265625,210.0
2025-06-24 00:39:00+00:00,111.28125,111.28125,111.265625,111.265625,1386.0
2025-06-24 00:40:00+00:00,111.28125,111.28125,111.28125,111.28125,22.0
2025-06-24 00:41:00+00:00,111.265625,111.265625,111.265625,111.265625,6.0
2025-06-24 00:42:00+00:00,111.28125,111.28125,111.28125,111.28125,149.0
2025-06-24 00:43:00+00:00,111.28125,111.28125,111.265625,111.265625,286.0
2025-06-24 00:44:00+00:00,111.296875,111.296875,111.28125,111.28125,1209.0
2025-06-24 00:45:00+00:00,111.296875,111.296875,111.28125,111.28125,192.0
2025-06-24 00:46:00+00:00,111.296875,111.3125,111.28125,111.296875,1759.0
2025-06-24 00:47:00+00:00,111.3125,111.3125,111.296875,111.296875,846.0
2025-06-24 00:48:00+00:00,111.296875,111.3125,111.296875,111.296875,1882.0
2025-06-24 00:49:00+00:00,111.296875,111.3125,111.296875,111.296875,364.0
2025-06-24 00:50:00+00:00,111.296875,111.3125,111.28125,111.296875,1532.0
2025-06-24 00:51:00+00:00,111.28125,111.296875,111.28125,111.296875,747.0
2025-06-24 00:52:00+00:00,111.296875,111.296875,111.28125,111.296875,2221.0
2025-06-24 00:53:00+00:00,111.296875,111.296875,111.296875,111.296875,457.0
2025-06-24 00:54:00+00:00,111.3125,111.3125,111.296875,111.296875,238.0
2025-06-24 00:55:00+00:00,111.3125,111.3125,111.296875,111.296875,50.0
2025-06-24 00:56:00+00:00,111.296875,111.3125,111.296875,111.296875,370.0
2025-06-24 00:57:00+00:00,111.296875,111.3125,111.296875,111.3125,98.0
2025-06-24 00:58:00+00:00,111.3125,111.3125,111.3125,111.3125,65.0
2025-06-24 00:59:00+00:00,111.296875,111.3125,111.296875,111.3125,16.0
2025-06-24 01:00:00+00:00,111.296875,111.3125,111.296875,111.296875,196.0
2025-06-24 01:01:00+00:00,111.3125,111.3125,111.296875,111.296875,88.0
2025-06-24 01:02:00+00:00,111.296875,111.3125,111.296875,111.296875,287.0
2025-06-24 01:03:00+00:00,111.3125,111.3125,111.296875,111.296875,18.0
2025-06-24 01:04:00+00:00,111.296875,111.3125,111.296875,111.3125,19.0
2025-06-24 01:05:00+00:00,111.296875,111.3125,111.296875,111.3125,52.0
2025-06-24 01:07:00+00:00,111.28125,111.28125,111.28125,111.28125,793.0
2025-06-24 01:08:00+00:00,111.28125,111.296875,111.28125,111.28125,62.0
2025-06-24 01:09:00+00:00,111.28125,111.296875,111.28125,111.28125,68.0
2025-06-24 01:10:00+00:00,111.28125,111.296875,111.28125,111.28125,652.0
2025-06-24 01:11:00+00:00,111.28125,111.28125,111.28125,111.28125,28.0
2025-06-24 01:12:00+00:00,111.28125,111.28125,111.28125,111.28125,3.0
2025-06-24 01:14:00+00:00,111.28125,111.28125,111.28125,111.28125,858.0
2025-06-24 01:15:00+00:00,111.296875,111.296875,111.28125,111.28125,563.0
2025-06-24 01:16:00+00:00,111.28125,111.296875,111.28125,111.28125,9.0
2025-06-24 01:17:00+00:00,111.296875,111.296875,111.28125,111.28125,401.0
2025-06-24 01:18:00+00:00,111.28125,111.296875,111.265625,111.28125,1210.0
2025-06-24 01:19:00+00:00,111.265625,111.265625,111.265625,111.265625,162.0
2025-06-24 01:20:00+00:00,111.265625,111.28125,111.265625,111.265625,53.0
2025-06-24 01:21:00+00:00,111.265625,111.28125,111.265625,111.28125,1111.0
2025-06-24 01:22:00+00:00,111.265625,111.28125,111.265625,111.265625,87.0
2025-06-24 01:23:00+00:00,111.265625,111.28125,111.265625,111.28125,134.0
2025-06-24 01:24:00+00:00,111.25,111.265625,111.25,111.265625,1203.0
2025-06-24 01:26:00+00:00,111.25,111.265625,111.25,111.265625,44.0
2025-06-24 01:27:00+00:00,111.234375,111.25,111.234375,111.25,325.0
2025-06-24 01:28:00+00:00,111.25,111.25,111.234375,111.234375,307.0
2025-06-24 01:29:00+00:00,111.25,111.25,111.25,111.25,364.0
2025-06-24 01:30:00+00:00,111.25,111.265625,111.25,111.25,6.0
2025-06-24 01:31:00+00:00,111.25,111.265625,111.25,111.25,110.0
2025-06-24 01:32:00+00:00,111.25,111.265625,111.25,111.25,285.0
2025-06-24 01:33:00+00:00,111.25,111.265625,111.25,111.25,83.0
2025-06-24 01:34:00+00:00,111.25,111.265625,111.25,111.25,165.0
2025-06-24 01:36:00+00:00,111.265625,111.265625,111.25,111.25,71.0
2025-06-24 01:37:00+00:00,111.25,111.265625,111.25,111.25,4.0
2025-06-24 01:38:00+00:00,111.265625,111.265625,111.265625,111.265625,272.0
2025-06-24 01:39:00+00:00,111.265625,111.265625,111.265625,111.265625,335.0
2025-06-24 01:40:00+00:00,111.265625,111.265625,111.25,111.25,2.0
2025-06-24 01:41:00+00:00,111.25,111.265625,111.25,111.265625,22.0
2025-06-24 01:42:00+00:00,111.25,111.265625,111.25,111.25,13.0
2025-06-24 01:43:00+00:00,111.265625,111.265625,111.25,111.25,62.0
2025-06-24 01:46:00+00:00,111.25,111.265625,111.25,111.265625,31.0
2025-06-24 01:47:00+00:00,111.234375,111.265625,111.234375,111.265625,1250.0
2025-06-24 01:49:00+00:00,111.25,111.25,111.25,111.25,426.0
2025-06-24 01:50:00+00:00,111.25,111.265625,111.25,111.25,75.0
2025-06-24 01:52:00+00:00,111.265625,111.265625,111.25,111.25,8.0
2025-06-24 01:53:00+00:00,111.25,111.265625,111.25,111.265625,21.0
2025-06-24 01:54:00+00:00,111.25,111.265625,111.25,111.265625,6.0
2025-06-24 01:55:00+00:00,111.25,111.265625,111.25,111.25,173.0
2025-06-24 01:56:00+00:00,111.25,111.25,111.25,111.25,3.0
2025-06-24 01:57:00+00:00,111.25,111.265625,111.25,111.265625,149.0
2025-06-24 02:00:00+00:00,111.234375,111.25,111.234375,111.25,27.0
2025-06-24 02:01:00+00:00,111.25,111.25,111.25,111.25,4.0
2025-06-24 02:02:00+00:00,111.234375,111.25,111.234375,111.25,1013.0
2025-06-24 02:03:00+00:00,111.234375,111.234375,111.234375,111.234375,858.0
2025-06-24 02:04:00+00:00,111.234375,111.234375,111.234375,111.234375,11.0
2025-06-24 02:05:00+00:00,111.234375,111.234375,111.234375,111.234375,854.0
2025-06-24 02:06:00+00:00,111.234375,111.25,111.234375,111.234375,334.0
2025-06-24 02:07:00+00:00,111.25,111.25,111.234375,111.25,60.0
2025-06-24 02:09:00+00:00,111.25,111.25,111.234375,111.25,16.0
2025-06-24 02:11:00+00:00,111.234375,111.25,111.234375,111.25,101.0
2025-06-24 02:12:00+00:00,111.234375,111.234375,111.234375,111.234375,51.0
2025-06-24 02:14:00+00:00,111.25,111.25,111.25,111.25,96.0
2025-06-24 02:17:00+00:00,111.25,111.25,111.25,111.25,997.0
2025-06-24 02:18:00+00:00,111.234375,111.25,111.234375,111.25,149.0
2025-06-24 02:21:00+00:00,111.25,111.25,111.234375,111.25,6.0
2025-06-24 02:22:00+00:00,111.234375,111.25,111.234375,111.25,7.0
2025-06-24 02:23:00+00:00,111.234375,111.25,111.234375,111.25,275.0
2025-06-24 02:24:00+00:00,111.234375,111.234375,111.234375,111.234375,32.0
2025-06-24 02:25:00+00:00,111.234375,111.234375,111.234375,111.234375,574.0
2025-06-24 02:26:00+00:00,111.234375,111.25,111.234375,111.234375,208.0
2025-06-24 02:27:00+00:00,111.234375,111.234375,111.21875,111.234375,147.0
2025-06-24 02:29:00+00:00,111.234375,111.25,111.234375,111.234375,495.0
2025-06-24 02:30:00+00:00,111.234375,111.25,111.234375,111.234375,29.0
2025-06-24 02:31:00+00:00,111.234375,111.25,111.234375,111.25,50.0
2025-06-24 02:33:00+00:00,111.234375,111.234375,111.234375,111.234375,90.0
2025-06-24 02:37:00+00:00,111.234375,111.234375,111.234375,111.234375,91.0
2025-06-24 02:38:00+00:00,111.234375,111.234375,111.21875,111.234375,547.0
2025-06-24 02:39:00+00:00,111.234375,111.234375,111.234375,111.234375,26.0
2025-06-24 02:41:00+00:00,111.25,111.25,111.234375,111.25,12.0
2025-06-24 02:42:00+00:00,111.234375,111.25,111.234375,111.25,103.0
2025-06-24 02:46:00+00:00,111.25,111.25,111.234375,111.234375,10.0
2025-06-24 02:50:00+00:00,111.25,111.265625,111.25,111.25,1136.0
2025-06-24 02:51:00+00:00,111.25,111.25,111.25,111.25,110.0
2025-06-24 02:55:00+00:00,111.265625,111.265625,111.25,111.265625,1299.0
2025-06-24 02:56:00+00:00,111.265625,111.265625,111.265625,111.265625,4.0
2025-06-24 02:57:00+00:00,111.28125,111.28125,111.28125,111.28125,1.0
2025-06-24 02:59:00+00:00,111.28125,111.28125,111.265625,111.28125,214.0
2025-06-24 03:00:00+00:00,111.28125,111.296875,111.265625,111.265625,423.0
2025-06-24 03:01:00+00:00,111.28125,111.296875,111.265625,111.296875,698.0
2025-06-24 03:02:00+00:00,111.28125,111.28125,111.265625,111.28125,264.0
2025-06-24 03:03:00+00:00,111.296875,111.296875,111.265625,111.28125,588.0
2025-06-24 03:04:00+00:00,111.28125,111.296875,111.28125,111.28125,149.0
2025-06-24 03:05:00+00:00,111.296875,111.296875,111.28125,111.28125,20.0
2025-06-24 03:06:00+00:00,111.296875,111.296875,111.28125,111.296875,10.0
2025-06-24 03:07:00+00:00,111.296875,111.296875,111.296875,111.296875,8.0
2025-06-24 03:08:00+00:00,111.296875,111.296875,111.296875,111.296875,1294.0
2025-06-24 03:09:00+00:00,111.28125,111.296875,111.28125,111.28125,1390.0
2025-06-24 03:10:00+00:00,111.296875,111.296875,111.28125,111.28125,1161.0
2025-06-24 03:11:00+00:00,111.296875,111.296875,111.28125,111.296875,125.0
2025-06-24 03:12:00+00:00,111.28125,111.296875,111.28125,111.28125,459.0
2025-06-24 03:13:00+00:00,111.296875,111.296875,111.28125,111.296875,21.0
2025-06-24 03:14:00+00:00,111.296875,111.296875,111.296875,111.296875,339.0
2025-06-24 03:16:00+00:00,111.296875,111.3125,111.28125,111.296875,1286.0
2025-06-24 03:17:00+00:00,111.296875,111.3125,111.296875,111.296875,1230.0
2025-06-24 03:18:00+00:00,111.328125,111.328125,111.296875,111.3125,2128.0
2025-06-24 03:19:00+00:00,111.3125,111.3125,111.3125,111.3125,3.0
2025-06-24 03:20:00+00:00,111.3125,111.328125,111.3125,111.328125,917.0
2025-06-24 03:21:00+00:00,111.328125,111.328125,111.3125,111.328125,249.0
2025-06-24 03:22:00+00:00,111.328125,111.328125,111.328125,111.328125,165.0
2025-06-24 03:23:00+00:00,111.3125,111.328125,111.3125,111.328125,9.0
2025-06-24 03:24:00+00:00,111.3125,111.328125,111.3125,111.328125,502.0
2025-06-24 03:27:00+00:00,111.328125,111.328125,111.328125,111.328125,425.0
2025-06-24 03:28:00+00:00,111.328125,111.328125,111.3125,111.328125,287.0
2025-06-24 03:29:00+00:00,111.328125,111.328125,111.328125,111.328125,444.0
2025-06-24 03:30:00+00:00,111.328125,111.328125,111.3125,111.3125,11.0
2025-06-24 03:31:00+00:00,111.328125,111.328125,111.328125,111.328125,3.0
2025-06-24 03:32:00+00:00,111.3125,111.328125,111.3125,111.328125,2.0
2025-06-24 03:35:00+00:00,111.3125,111.328125,111.3125,111.3125,792.0
2025-06-24 03:36:00+00:00,111.3125,111.3125,111.3125,111.3125,8.0
2025-06-24 03:37:00+00:00,111.328125,111.328125,111.328125,111.328125,1.0
2025-06-24 03:38:00+00:00,111.3125,111.3125,111.3125,111.3125,10.0
2025-06-24 03:39:00+00:00,111.3125,111.328125,111.3125,111.328125,8.0
2025-06-24 03:40:00+00:00,111.3125,111.328125,111.3125,111.328125,173.0
2025-06-24 03:41:00+00:00,111.328125,111.328125,111.3125,111.3125,513.0
2025-06-24 03:42:00+00:00,111.328125,111.328125,111.328125,111.328125,767.0
2025-06-24 03:43:00+00:00,111.328125,111.328125,111.328125,111.328125,339.0
2025-06-24 03:44:00+00:00,111.328125,111.328125,111.328125,111.328125,282.0
2025-06-24 03:45:00+00:00,111.3125,111.3125,111.3125,111.3125,6.0
2025-06-24 03:46:00+00:00,111.3125,111.328125,111.3125,111.328125,406.0
2025-06-24 03:47:00+00:00,111.296875,111.296875,111.296875,111.296875,166.0
2025-06-24 03:49:00+00:00,111.3125,111.3125,111.296875,111.296875,5.0
2025-06-24 03:50:00+00:00,111.3125,111.3125,111.296875,111.3125,545.0
2025-06-24 03:51:00+00:00,111.328125,111.328125,111.3125,111.3125,219.0
2025-06-24 03:52:00+00:00,111.3125,111.328125,111.3125,111.3125,84.0
2025-06-24 03:54:00+00:00,111.3125,111.3125,111.3125,111.3125,86.0
2025-06-24 03:55:00+00:00,111.3125,111.3125,111.3125,111.3125,2.0
2025-06-24 03:56:00+00:00,111.3125,111.3125,111.3125,111.3125,458.0
2025-06-24 03:57:00+00:00,111.328125,111.328125,111.3125,111.3125,156.0
2025-06-24 03:58:00+00:00,111.3125,111.328125,111.3125,111.328125,526.0
2025-06-24 04:00:00+00:00,111.296875,111.296875,111.28125,111.28125,49.0
2025-06-24 04:01:00+00:00,111.28125,111.296875,111.28125,111.296875,26.0
2025-06-24 04:02:00+00:00,111.28125,111.296875,111.28125,111.296875,574.0
2025-06-24 04:03:00+00:00,111.28125,111.296875,111.28125,111.296875,21.0
2025-06-24 04:06:00+00:00,111.296875,111.296875,111.296875,111.296875,5.0
2025-06-24 04:07:00+00:00,111.296875,111.296875,111.296875,111.296875,315.0
2025-06-24 04:08:00+00:00,111.296875,111.296875,111.296875,111.296875,102.0
2025-06-24 04:09:00+00:00,111.296875,111.296875,111.28125,111.28125,214.0
2025-06-24 04:10:00+00:00,111.296875,111.296875,111.296875,111.296875,4.0
2025-06-24 04:15:00+00:00,111.296875,111.296875,111.296875,111.296875,16.0
2025-06-24 04:16:00+00:00,111.296875,111.296875,111.296875,111.296875,14.0
2025-06-24 04:21:00+00:00,111.3125,111.3125,111.296875,111.3125,546.0
2025-06-24 04:22:00+00:00,111.296875,111.3125,111.296875,111.3125,24.0
2025-06-24 04:23:00+00:00,111.296875,111.3125,111.296875,111.3125,135.0
2025-06-24 04:24:00+00:00,111.3125,111.3125,111.3125,111.3125,33.0
2025-06-24 04:25:00+00:00,111.3125,111.3125,111.3125,111.3125,90.0
2025-06-24 04:26:00+00:00,111.3125,111.3125,111.296875,111.296875,55.0
2025-06-24 04:27:00+00:00,111.296875,111.3125,111.296875,111.3125,2.0
2025-06-24 04:28:00+00:00,111.3125,111.3125,111.296875,111.296875,14.0
2025-06-24 04:31:00+00:00,111.3125,111.3125,111.3125,111.3125,13.0
2025-06-24 04:32:00+00:00,111.3125,111.3125,111.3125,111.3125,306.0
2025-06-24 04:33:00+00:00,111.328125,111.328125,111.3125,111.3125,216.0
2025-06-24 04:34:00+00:00,111.3125,111.3125,111.3125,111.3125,21.0
2025-06-24 04:35:00+00:00,111.328125,111.328125,111.328125,111.328125,11.0
2025-06-24 04:36:00+00:00,111.328125,111.328125,111.3125,111.3125,21.0
2025-06-24 04:37:00+00:00,111.3125,111.3125,111.3125,111.3125,11.0
2025-06-24 04:39:00+00:00,111.328125,111.328125,111.3125,111.3125,49.0
2025-06-24 04:40:00+00:00,111.328125,111.328125,111.328125,111.328125,22.0
2025-06-24 04:41:00+00:00,111.3125,111.3125,111.3125,111.3125,1.0
2025-06-24 04:43:00+00:00,111.3125,111.328125,111.3125,111.328125,363.0
2025-06-24 04:46:00+00:00,111.328125,111.328125,111.328125,111.328125,10.0
2025-06-24 04:48:00+00:00,111.3125,111.3125,111.3125,111.3125,245.0
2025-06-24 04:50:00+00:00,111.3125,111.328125,111.3125,111.328125,192.0
2025-06-24 04:51:00+00:00,111.3125,111.3125,111.3125,111.3125,9.0
2025-06-24 04:53:00+00:00,111.3125,111.3125,111.3125,111.3125,635.0
2025-06-24 04:54:00+00:00,111.3125,111.3125,111.296875,111.3125,243.0
2025-06-24 04:55:00+00:00,111.3125,111.3125,111.296875,111.296875,154.0
2025-06-24 04:57:00+00:00,111.328125,111.328125,111.328125,111.328125,2.0
2025-06-24 05:00:00+00:00,111.3125,111.328125,111.3125,111.328125,696.0
2025-06-24 05:01:00+00:00,111.3125,111.3125,111.3125,111.3125,12.0
2025-06-24 05:03:00+00:00,111.328125,111.34375,111.328125,111.328125,306.0
2025-06-24 05:04:00+00:00,111.328125,111.34375,111.328125,111.34375,1122.0
2025-06-24 05:06:00+00:00,111.34375,111.34375,111.34375,111.34375,113.0
2025-06-24 05:07:00+00:00,111.34375,111.34375,111.34375,111.34375,256.0
2025-06-24 05:08:00+00:00,111.34375,111.34375,111.34375,111.34375,225.0
2025-06-24 05:10:00+00:00,111.34375,111.34375,111.34375,111.34375,7.0
2025-06-24 05:11:00+00:00,111.34375,111.34375,111.328125,111.328125,101.0
2025-06-24 05:12:00+00:00,111.34375,111.34375,111.328125,111.328125,17.0
2025-06-24 05:13:00+00:00,111.34375,111.34375,111.34375,111.34375,3.0
2025-06-24 05:15:00+00:00,111.34375,111.34375,111.328125,111.328125,5.0
2025-06-24 05:16:00+00:00,111.328125,111.34375,111.328125,111.34375,55.0
2025-06-24 05:18:00+00:00,111.34375,111.34375,111.34375,111.34375,62.0
2025-06-24 05:19:00+00:00,111.34375,111.34375,111.34375,111.34375,313.0
2025-06-24 05:20:00+00:00,111.34375,111.34375,111.34375,111.34375,23.0
2025-06-24 05:21:00+00:00,111.34375,111.34375,111.34375,111.34375,9.0
2025-06-24 05:22:00+00:00,111.34375,111.34375,111.34375,111.34375,26.0
2025-06-24 05:23:00+00:00,111.34375,111.34375,111.34375,111.34375,5.0
2025-06-24 05:24:00+00:00,111.328125,111.34375,111.328125,111.34375,4.0
2025-06-24 05:26:00+00:00,111.34375,111.34375,111.328125,111.328125,3.0
2025-06-24 05:28:00+00:00,111.34375,111.34375,111.34375,111.34375,12.0
2025-06-24 05:29:00+00:00,111.34375,111.34375,111.34375,111.34375,2.0
2025-06-24 05:31:00+00:00,111.34375,111.34375,111.34375,111.34375,605.0
2025-06-24 05:32:00+00:00,111.34375,111.34375,111.34375,111.34375,154.0
2025-06-24 05:33:00+00:00,111.359375,111.359375,111.34375,111.34375,496.0
2025-06-24 05:34:00+00:00,111.34375,111.359375,111.328125,111.359375,840.0
2025-06-24 05:35:00+00:00,111.34375,111.34375,111.34375,111.34375,48.0
2025-06-24 05:36:00+00:00,111.34375,111.359375,111.34375,111.359375,31.0
2025-06-24 05:37:00+00:00,111.328125,111.34375,111.328125,111.34375,250.0
2025-06-24 05:38:00+00:00,111.328125,111.328125,111.328125,111.328125,318.0
2025-06-24 05:40:00+00:00,111.34375,111.34375,111.34375,111.34375,424.0
2025-06-24 05:41:00+00:00,111.34375,111.34375,111.34375,111.34375,1.0
2025-06-24 05:43:00+00:00,111.34375,111.34375,111.34375,111.34375,63.0
2025-06-24 05:44:00+00:00,111.34375,111.34375,111.34375,111.34375,28.0
2025-06-24 05:45:00+00:00,111.328125,111.328125,111.328125,111.328125,369.0
2025-06-24 05:46:00+00:00,111.34375,111.34375,111.328125,111.328125,35.0
2025-06-24 05:47:00+00:00,111.34375,111.34375,111.34375,111.34375,11.0
2025-06-24 05:48:00+00:00,111.328125,111.34375,111.328125,111.34375,36.0
2025-06-24 05:49:00+00:00,111.34375,111.34375,111.34375,111.34375,1254.0
2025-06-24 05:51:00+00:00,111.34375,111.34375,111.34375,111.34375,13.0
2025-06-24 05:52:00+00:00,111.34375,111.34375,111.34375,111.34375,8.0
2025-06-24 05:54:00+00:00,111.34375,111.34375,111.328125,111.34375,33.0
2025-06-24 05:56:00+00:00,111.34375,111.34375,111.328125,111.34375,1789.0
2025-06-24 05:57:00+00:00,111.34375,111.34375,111.34375,111.34375,812.0
2025-06-24 05:58:00+00:00,111.359375,111.359375,111.34375,111.359375,33.0
2025-06-24 05:59:00+00:00,111.359375,111.359375,111.34375,111.359375,1133.0
2025-06-24 06:00:00+00:00,111.375,111.375,111.359375,111.359375,17.0
2025-06-24 06:01:00+00:00,111.359375,111.359375,111.34375,111.359375,2419.0
2025-06-24 06:02:00+00:00,111.359375,111.359375,111.34375,111.359375,624.0
2025-06-24 06:03:00+00:00,111.375,111.375,111.375,111.375,8.0
2025-06-24 06:04:00+00:00,111.375,111.375,111.359375,111.375,483.0
2025-06-24 06:05:00+00:00,111.375,111.375,111.359375,111.375,237.0
2025-06-24 06:06:00+00:00,111.375,111.390625,111.359375,111.375,1942.0
2025-06-24 06:07:00+00:00,111.375,111.375,111.375,111.375,161.0
2025-06-24 06:08:00+00:00,111.375,111.390625,111.359375,111.375,1046.0
2025-06-24 06:09:00+00:00,111.375,111.390625,111.359375,111.390625,947.0
2025-06-24 06:10:00+00:00,111.375,111.390625,111.375,111.375,424.0
2025-06-24 06:11:00+00:00,111.390625,111.390625,111.390625,111.390625,3.0
2025-06-24 06:12:00+00:00,111.390625,111.40625,111.375,111.375,2145.0
2025-06-24 06:13:00+00:00,111.390625,111.390625,111.375,111.375,729.0
2025-06-24 06:14:00+00:00,111.375,111.390625,111.375,111.390625,1832.0
2025-06-24 06:15:00+00:00,111.359375,111.390625,111.359375,111.390625,1907.0
2025-06-24 06:16:00+00:00,111.34375,111.359375,111.34375,111.359375,1040.0
2025-06-24 06:17:00+00:00,111.328125,111.359375,111.328125,111.34375,974.0
2025-06-24 06:18:00+00:00,111.34375,111.34375,111.328125,111.34375,13.0
2025-06-24 06:19:00+00:00,111.34375,111.34375,111.34375,111.34375,1365.0
2025-06-24 06:20:00+00:00,111.34375,111.34375,111.34375,111.34375,1261.0
2025-06-24 06:21:00+00:00,111.34375,111.359375,111.34375,111.359375,360.0
2025-06-24 06:22:00+00:00,111.34375,111.34375,111.34375,111.34375,240.0
2025-06-24 06:24:00+00:00,111.359375,111.359375,111.34375,111.34375,28.0
2025-06-24 06:25:00+00:00,111.359375,111.359375,111.34375,111.34375,572.0
2025-06-24 06:26:00+00:00,111.359375,111.359375,111.359375,111.359375,6.0
2025-06-24 06:27:00+00:00,111.375,111.375,111.375,111.375,81.0
2025-06-24 06:28:00+00:00,111.390625,111.390625,111.375,111.375,1435.0
2025-06-24 06:29:00+00:00,111.390625,111.390625,111.375,111.375,784.0
2025-06-24 06:30:00+00:00,111.375,111.390625,111.375,111.390625,1106.0
2025-06-24 06:31:00+00:00,111.359375,111.375,111.359375,111.375,1361.0
2025-06-24 06:32:00+00:00,111.359375,111.359375,111.359375,111.359375,207.0
2025-06-24 06:33:00+00:00,111.375,111.375,111.359375,111.359375,198.0
2025-06-24 06:34:00+00:00,111.375,111.375,111.359375,111.375,106.0
2025-06-24 06:35:00+00:00,111.375,111.375,111.359375,111.359375,665.0
2025-06-24 06:36:00+00:00,111.375,111.375,111.359375,111.375,11.0
2025-06-24 06:37:00+00:00,111.359375,111.375,111.359375,111.359375,19.0
2025-06-24 06:38:00+00:00,111.375,111.390625,111.375,111.375,1088.0
2025-06-24 06:39:00+00:00,111.40625,111.40625,111.390625,111.390625,651.0
2025-06-24 06:40:00+00:00,111.421875,111.421875,111.390625,111.40625,1617.0
2025-06-24 06:41:00+00:00,111.40625,111.421875,111.40625,111.421875,2277.0
2025-06-24 06:42:00+00:00,111.421875,111.421875,111.40625,111.421875,768.0
2025-06-24 06:43:00+00:00,111.421875,111.4375,111.421875,111.421875,2729.0
2025-06-24 06:44:00+00:00,111.4375,111.4375,111.40625,111.40625,1236.0
2025-06-24 06:45:00+00:00,111.421875,111.421875,111.40625,111.421875,1713.0
2025-06-24 06:46:00+00:00,111.40625,111.421875,111.40625,111.421875,1706.0
2025-06-24 06:47:00+00:00,111.40625,111.40625,111.40625,111.40625,560.0
2025-06-24 06:48:00+00:00,111.40625,111.40625,111.40625,111.40625,1083.0
2025-06-24 06:49:00+00:00,111.40625,111.40625,111.390625,111.390625,146.0
2025-06-24 06:50:00+00:00,111.421875,111.421875,111.40625,111.40625,546.0
2025-06-24 06:53:00+00:00,111.421875,111.421875,111.40625,111.40625,1398.0
2025-06-24 06:54:00+00:00,111.421875,111.4375,111.40625,111.40625,4029.0
2025-06-24 06:55:00+00:00,111.421875,111.4375,111.421875,111.421875,627.0
2025-06-24 06:56:00+00:00,111.421875,111.421875,111.421875,111.421875,168.0
2025-06-24 06:57:00+00:00,111.421875,111.421875,111.40625,111.421875,1138.0
2025-06-24 06:58:00+00:00,111.40625,111.40625,111.40625,111.40625,1167.0
2025-06-24 06:59:00+00:00,111.40625,111.40625,111.40625,111.40625,2237.0
2025-06-24 07:00:00+00:00,111.421875,111.421875,111.421875,111.421875,0.0
2025-06-24 07:01:00+00:00,111.4375,111.4375,111.421875,111.421875,182410.0
2025-06-24 07:02:00+00:00,111.421875,111.4375,111.421875,111.421875,422.0
2025-06-24 07:03:00+00:00,111.421875,111.421875,111.421875,111.421875,2144.0
2025-06-24 07:04:00+00:00,111.40625,111.421875,111.40625,111.421875,777.0
2025-06-24 07:05:00+00:00,111.390625,111.40625,111.390625,111.40625,1738.0
2025-06-24 07:06:00+00:00,111.390625,111.390625,111.375,111.390625,714.0
2025-06-24 07:08:00+00:00,111.375,111.390625,111.375,111.390625,2014.0
2025-06-24 07:09:00+00:00,111.375,111.375,111.375,111.375,1.0
2025-06-24 07:11:00+00:00,111.390625,111.390625,111.375,111.375,2137.0
2025-06-24 07:12:00+00:00,111.390625,111.390625,111.375,111.375,125.0
2025-06-24 07:13:00+00:00,111.375,111.390625,111.375,111.390625,982.0
2025-06-24 07:14:00+00:00,111.375,111.390625,111.375,111.375,2009.0
2025-06-24 07:15:00+00:00,111.390625,111.390625,111.375,111.375,793.0
2025-06-24 07:16:00+00:00,111.375,111.390625,111.375,111.390625,334.0
2025-06-24 07:17:00+00:00,111.359375,111.390625,111.359375,111.375,1655.0
2025-06-24 07:18:00+00:00,111.375,111.375,111.359375,111.359375,830.0
2025-06-24 07:19:00+00:00,111.375,111.390625,111.375,111.390625,175.0
2025-06-24 07:20:00+00:00,111.375,111.390625,111.359375,111.390625,2616.0
2025-06-24 07:21:00+00:00,111.375,111.375,111.375,111.375,20.0
2025-06-24 07:22:00+00:00,111.375,111.375,111.359375,111.375,100.0
2025-06-24 07:23:00+00:00,111.375,111.390625,111.375,111.375,1081.0
2025-06-24 07:24:00+00:00,111.375,111.375,111.359375,111.375,804.0
2025-06-24 07:25:00+00:00,111.359375,111.390625,111.359375,111.375,842.0
2025-06-24 07:26:00+00:00,111.375,111.390625,111.359375,111.359375,1372.0
2025-06-24 07:27:00+00:00,111.390625,111.390625,111.375,111.375,414.0
2025-06-24 07:28:00+00:00,111.390625,111.390625,111.375,111.390625,136.0
2025-06-24 07:29:00+00:00,111.390625,111.390625,111.375,111.390625,120.0
2025-06-24 07:30:00+00:00,111.375,111.390625,111.375,111.390625,1249.0
2025-06-24 07:31:00+00:00,111.40625,111.40625,111.359375,111.375,2500.0
2025-06-24 07:32:00+00:00,111.40625,111.40625,111.390625,111.40625,1820.0
2025-06-24 07:33:00+00:00,111.40625,111.421875,111.390625,111.40625,1217.0
2025-06-24 07:34:00+00:00,111.40625,111.421875,111.40625,111.40625,1413.0
2025-06-24 07:35:00+00:00,111.421875,111.421875,111.40625,111.421875,1066.0
2025-06-24 07:36:00+00:00,111.421875,111.421875,111.40625,111.421875,528.0
2025-06-24 07:37:00+00:00,111.421875,111.421875,111.40625,111.40625,1810.0
2025-06-24 07:38:00+00:00,111.421875,111.421875,111.390625,111.40625,2733.0
2025-06-24 07:39:00+00:00,111.40625,111.421875,111.40625,111.40625,81.0
2025-06-24 07:40:00+00:00,111.40625,111.421875,111.40625,111.40625,90.0
2025-06-24 07:41:00+00:00,111.40625,111.421875,111.40625,111.421875,56.0
2025-06-24 07:42:00+00:00,111.390625,111.421875,111.390625,111.421875,443.0
2025-06-24 07:43:00+00:00,111.390625,111.40625,111.390625,111.390625,43.0
2025-06-24 07:44:00+00:00,111.40625,111.421875,111.40625,111.40625,1733.0
2025-06-24 07:45:00+00:00,111.40625,111.40625,111.40625,111.40625,837.0
2025-06-24 07:46:00+00:00,111.40625,111.421875,111.40625,111.40625,1525.0
2025-06-24 07:47:00+00:00,111.421875,111.421875,111.40625,111.40625,36.0
2025-06-24 07:48:00+00:00,111.390625,111.421875,111.390625,111.421875,490.0
2025-06-24 07:49:00+00:00,111.40625,111.40625,111.40625,111.40625,13.0
2025-06-24 07:50:00+00:00,111.390625,111.40625,111.390625,111.390625,8.0
2025-06-24 07:51:00+00:00,111.40625,111.40625,111.375,111.390625,1580.0
2025-06-24 07:52:00+00:00,111.390625,111.40625,111.390625,111.390625,2671.0
2025-06-24 07:53:00+00:00,111.40625,111.40625,111.390625,111.390625,1797.0
2025-06-24 07:54:00+00:00,111.390625,111.40625,111.390625,111.40625,59.0
2025-06-24 07:55:00+00:00,111.375,111.390625,111.375,111.390625,972.0
2025-06-24 07:56:00+00:00,111.390625,111.390625,111.390625,111.390625,450.0
2025-06-24 07:57:00+00:00,111.390625,111.390625,111.375,111.375,43.0
2025-06-24 07:58:00+00:00,111.390625,111.40625,111.375,111.390625,1480.0
2025-06-24 07:59:00+00:00,111.390625,111.40625,111.390625,111.40625,11.0
2025-06-24 08:00:00+00:00,111.390625,111.390625,111.375,111.390625,2888.0
2025-06-24 08:01:00+00:00,111.40625,111.40625,111.390625,111.40625,541.0
2025-06-24 08:02:00+00:00,111.390625,111.40625,111.390625,111.40625,718.0
2025-06-24 08:03:00+00:00,111.390625,111.40625,111.390625,111.390625,1145.0
2025-06-24 08:04:00+00:00,111.40625,111.40625,111.390625,111.390625,5.0
2025-06-24 08:05:00+00:00,111.40625,111.40625,111.390625,111.390625,701.0
2025-06-24 08:06:00+00:00,111.390625,111.40625,111.390625,111.390625,109.0
2025-06-24 08:07:00+00:00,111.390625,111.40625,111.390625,111.40625,527.0
2025-06-24 08:08:00+00:00,111.390625,111.390625,111.390625,111.390625,332.0
2025-06-24 08:09:00+00:00,111.40625,111.40625,111.40625,111.40625,1819.0
2025-06-24 08:10:00+00:00,111.40625,111.40625,111.40625,111.40625,610.0
2025-06-24 08:11:00+00:00,111.390625,111.40625,111.390625,111.390625,260.0
2025-06-24 08:12:00+00:00,111.390625,111.390625,111.390625,111.390625,23.0
2025-06-24 08:13:00+00:00,111.40625,111.40625,111.390625,111.390625,412.0
2025-06-24 08:14:00+00:00,111.40625,111.40625,111.40625,111.40625,244.0
2025-06-24 08:15:00+00:00,111.421875,111.421875,111.421875,111.421875,387.0
2025-06-24 08:16:00+00:00,111.421875,111.421875,111.40625,111.40625,129.0
2025-06-24 08:18:00+00:00,111.40625,111.421875,111.40625,111.40625,484.0
2025-06-24 08:19:00+00:00,111.390625,111.40625,111.390625,111.40625,1330.0
2025-06-24 08:20:00+00:00,111.390625,111.390625,111.390625,111.390625,488.0
2025-06-24 08:21:00+00:00,111.390625,111.390625,111.390625,111.390625,215.0
2025-06-24 08:22:00+00:00,111.390625,111.40625,111.375,111.390625,884.0
2025-06-24 08:23:00+00:00,111.40625,111.40625,111.390625,111.390625,306.0
2025-06-24 08:24:00+00:00,111.390625,111.40625,111.390625,111.40625,61.0
2025-06-24 08:25:00+00:00,111.421875,111.421875,111.390625,111.390625,311.0
2025-06-24 08:26:00+00:00,111.421875,111.421875,111.40625,111.421875,793.0
2025-06-24 08:27:00+00:00,111.40625,111.421875,111.40625,111.421875,92.0
2025-06-24 08:28:00+00:00,111.40625,111.421875,111.40625,111.421875,413.0
2025-06-24 08:29:00+00:00,111.40625,111.421875,111.40625,111.40625,10.0
2025-06-24 08:30:00+00:00,111.40625,111.421875,111.390625,111.40625,4152.0
2025-06-24 08:31:00+00:00,111.40625,111.421875,111.40625,111.421875,2199.0
2025-06-24 08:32:00+00:00,111.453125,111.453125,111.40625,111.40625,5029.0
2025-06-24 08:33:00+00:00,111.421875,111.453125,111.421875,111.4375,1379.0
2025-06-24 08:34:00+00:00,111.421875,111.421875,111.421875,111.421875,2340.0
2025-06-24 08:35:00+00:00,111.421875,111.4375,111.421875,111.421875,1278.0
2025-06-24 08:37:00+00:00,111.421875,111.421875,111.421875,111.421875,776.0
2025-06-24 08:38:00+00:00,111.4375,111.4375,111.4375,111.4375,546.0
2025-06-24 08:39:00+00:00,111.4375,111.4375,111.421875,111.4375,999.0
2025-06-24 08:40:00+00:00,111.4375,111.453125,111.4375,111.4375,824.0
2025-06-24 08:41:00+00:00,111.421875,111.4375,111.421875,111.4375,1532.0
2025-06-24 08:42:00+00:00,111.421875,111.4375,111.421875,111.421875,230.0
2025-06-24 08:43:00+00:00,111.4375,111.4375,111.421875,111.421875,244.0
2025-06-24 08:44:00+00:00,111.4375,111.4375,111.4375,111.4375,33.0
2025-06-24 08:45:00+00:00,111.421875,111.4375,111.421875,111.421875,3655.0
2025-06-24 08:46:00+00:00,111.4375,111.4375,111.4375,111.4375,203.0
2025-06-24 08:47:00+00:00,111.40625,111.421875,111.40625,111.421875,968.0
2025-06-24 08:48:00+00:00,111.40625,111.421875,111.40625,111.40625,6.0
2025-06-24 08:49:00+00:00,111.421875,111.421875,111.421875,111.421875,1478.0
2025-06-24 08:50:00+00:00,111.421875,111.421875,111.421875,111.421875,753.0
2025-06-24 08:51:00+00:00,111.40625,111.421875,111.40625,111.421875,2338.0
2025-06-24 08:52:00+00:00,111.40625,111.421875,111.40625,111.421875,15.0
2025-06-24 08:53:00+00:00,111.40625,111.40625,111.390625,111.40625,1208.0
2025-06-24 08:54:00+00:00,111.40625,111.40625,111.40625,111.40625,346.0
2025-06-24 08:55:00+00:00,111.390625,111.40625,111.390625,111.40625,28.0
2025-06-24 08:56:00+00:00,111.40625,111.40625,111.390625,111.40625,42.0
2025-06-24 08:57:00+00:00,111.390625,111.40625,111.390625,111.40625,255.0
2025-06-24 08:58:00+00:00,111.375,111.390625,111.375,111.390625,1490.0
2025-06-24 08:59:00+00:00,111.390625,111.390625,111.375,111.375,142.0
2025-06-24 09:00:00+00:00,111.359375,111.375,111.359375,111.375,2433.0
2025-06-24 09:01:00+00:00,111.359375,111.359375,111.359375,111.359375,493.0
2025-06-24 09:02:00+00:00,111.359375,111.359375,111.359375,111.359375,592.0
2025-06-24 09:03:00+00:00,111.359375,111.359375,111.359375,111.359375,997.0
2025-06-24 09:04:00+00:00,111.359375,111.359375,111.34375,111.359375,99.0
2025-06-24 09:06:00+00:00,111.328125,111.328125,111.3125,111.328125,2091.0
2025-06-24 09:07:00+00:00,111.328125,111.328125,111.3125,111.3125,355.0
2025-06-24 09:08:00+00:00,111.3125,111.328125,111.3125,111.328125,339.0
2025-06-24 09:09:00+00:00,111.296875,111.328125,111.296875,111.3125,1890.0
2025-06-24 09:10:00+00:00,111.296875,111.3125,111.296875,111.3125,2644.0
2025-06-24 09:11:00+00:00,111.296875,111.3125,111.296875,111.3125,1108.0
2025-06-24 09:12:00+00:00,111.28125,111.3125,111.28125,111.3125,1962.0
2025-06-24 09:13:00+00:00,111.296875,111.296875,111.28125,111.28125,625.0
2025-06-24 09:14:00+00:00,111.296875,111.296875,111.28125,111.28125,1849.0
2025-06-24 09:15:00+00:00,111.296875,111.296875,111.28125,111.28125,1139.0
2025-06-24 09:16:00+00:00,111.296875,111.296875,111.28125,111.28125,108.0
2025-06-24 09:17:00+00:00,111.265625,111.296875,111.265625,111.28125,1525.0
2025-06-24 09:18:00+00:00,111.234375,111.265625,111.234375,111.25,3529.0
2025-06-24 09:19:00+00:00,111.234375,111.25,111.234375,111.25,3976.0
2025-06-24 09:20:00+00:00,111.234375,111.25,111.234375,111.234375,1661.0
2025-06-24 09:21:00+00:00,111.25,111.25,111.234375,111.25,891.0
2025-06-24 09:22:00+00:00,111.25,111.25,111.234375,111.234375,1477.0
2025-06-24 09:23:00+00:00,111.234375,111.25,111.234375,111.234375,1543.0
2025-06-24 09:24:00+00:00,111.21875,111.234375,111.21875,111.234375,472.0
2025-06-24 09:25:00+00:00,111.234375,111.25,111.21875,111.234375,2997.0
2025-06-24 09:26:00+00:00,111.25,111.25,111.21875,111.234375,1750.0
2025-06-24 09:27:00+00:00,111.25,111.265625,111.234375,111.234375,2429.0
2025-06-24 09:28:00+00:00,111.265625,111.265625,111.25,111.265625,1439.0
2025-06-24 09:29:00+00:00,111.25,111.265625,111.25,111.265625,101.0
2025-06-24 09:30:00+00:00,111.265625,111.265625,111.25,111.265625,703.0
2025-06-24 09:31:00+00:00,111.265625,111.265625,111.25,111.25,55.0
2025-06-24 09:32:00+00:00,111.25,111.265625,111.25,111.265625,806.0
2025-06-24 09:33:00+00:00,111.25,111.265625,111.25,111.25,882.0
2025-06-24 09:34:00+00:00,111.265625,111.265625,111.25,111.25,413.0
2025-06-24 09:35:00+00:00,111.25,111.28125,111.25,111.265625,2120.0
2025-06-24 09:36:00+00:00,111.25,111.265625,111.25,111.265625,36.0
2025-06-24 09:37:00+00:00,111.28125,111.28125,111.265625,111.265625,1539.0
2025-06-24 09:38:00+00:00,111.296875,111.296875,111.265625,111.28125,2812.0
2025-06-24 09:39:00+00:00,111.265625,111.28125,111.265625,111.28125,3669.0
2025-06-24 09:40:00+00:00,111.265625,111.28125,111.25,111.265625,2048.0
2025-06-24 09:41:00+00:00,111.265625,111.28125,111.25,111.265625,2225.0
2025-06-24 09:42:00+00:00,111.28125,111.28125,111.265625,111.265625,1908.0
2025-06-24 09:43:00+00:00,111.28125,111.296875,111.265625,111.265625,620.0
2025-06-24 09:44:00+00:00,111.296875,111.3125,111.28125,111.296875,1321.0
2025-06-24 09:45:00+00:00,111.28125,111.3125,111.28125,111.3125,1223.0
2025-06-24 09:46:00+00:00,111.265625,111.296875,111.265625,111.28125,678.0
2025-06-24 09:47:00+00:00,111.296875,111.296875,111.265625,111.28125,349.0
2025-06-24 09:48:00+00:00,111.28125,111.296875,111.28125,111.28125,59.0
2025-06-24 09:49:00+00:00,111.296875,111.3125,111.28125,111.28125,606.0
2025-06-24 09:50:00+00:00,111.296875,111.3125,111.296875,111.296875,20.0
2025-06-24 09:51:00+00:00,111.3125,111.3125,111.296875,111.296875,669.0
2025-06-24 09:52:00+00:00,111.296875,111.296875,111.296875,111.296875,9.0
2025-06-24 09:53:00+00:00,111.3125,111.3125,111.296875,111.3125,16.0
2025-06-24 09:54:00+00:00,111.328125,111.328125,111.296875,111.296875,1642.0
2025-06-24 09:55:00+00:00,111.328125,111.328125,111.3125,111.328125,1072.0
2025-06-24 09:56:00+00:00,111.34375,111.34375,111.328125,111.328125,407.0
2025-06-24 09:57:00+00:00,111.328125,111.34375,111.328125,111.328125,635.0
2025-06-24 09:58:00+00:00,111.34375,111.34375,111.328125,111.328125,1527.0
2025-06-24 09:59:00+00:00,111.34375,111.359375,111.328125,111.34375,461.0
2025-06-24 10:00:00+00:00,111.34375,111.359375,111.34375,111.34375,409.0
2025-06-24 10:01:00+00:00,111.328125,111.359375,111.328125,111.359375,566.0
2025-06-24 10:02:00+00:00,111.328125,111.34375,111.328125,111.328125,165.0
2025-06-24 10:03:00+00:00,111.328125,111.328125,111.328125,111.328125,872.0
2025-06-24 10:04:00+00:00,111.3125,111.328125,111.3125,111.328125,451.0
2025-06-24 10:05:00+00:00,111.3125,111.328125,111.3125,111.3125,132.0
2025-06-24 10:06:00+00:00,111.328125,111.328125,111.3125,111.3125,586.0
2025-06-24 10:07:00+00:00,111.34375,111.34375,111.328125,111.328125,513.0
2025-06-24 10:08:00+00:00,111.328125,111.328125,111.328125,111.328125,132.0
2025-06-24 10:09:00+00:00,111.328125,111.328125,111.328125,111.328125,629.0
2025-06-24 10:10:00+00:00,111.359375,111.359375,111.328125,111.328125,1097.0
2025-06-24 10:11:00+00:00,111.34375,111.34375,111.34375,111.34375,549.0
2025-06-24 10:12:00+00:00,111.34375,111.34375,111.34375,111.34375,106.0
2025-06-24 10:13:00+00:00,111.359375,111.359375,111.359375,111.359375,1251.0
2025-06-24 10:14:00+00:00,111.34400177001953,111.359375,111.34375,111.359375,58.0
2025-06-24 10:16:00+00:00,111.328125,111.359375,111.328125,111.359375,465.0
2025-06-24 10:17:00+00:00,111.34375,111.34375,111.328125,111.328125,584.0
2025-06-24 10:18:00+00:00,111.34375,111.34375,111.34375,111.34375,310.0
2025-06-24 10:19:00+00:00,111.34375,111.34375,111.34375,111.34375,382.0
2025-06-24 10:20:00+00:00,111.34375,111.34375,111.328125,111.34375,625.0
2025-06-24 10:21:00+00:00,111.34375,111.34375,111.34375,111.34375,16.0
2025-06-24 10:22:00+00:00,111.328125,111.359375,111.328125,111.359375,1643.0
2025-06-24 10:23:00+00:00,111.328125,111.328125,111.3125,111.328125,819.0
2025-06-24 10:24:00+00:00,111.3125,111.328125,111.3125,111.328125,1057.0
2025-06-24 10:25:00+00:00,111.3125,111.3125,111.3125,111.3125,112.0
2025-06-24 10:26:00+00:00,111.3125,111.3125,111.3125,111.3125,658.0
2025-06-24 10:27:00+00:00,111.296875,111.3125,111.296875,111.3125,265.0
2025-06-24 10:28:00+00:00,111.296875,111.3125,111.296875,111.3125,557.0
2025-06-24 10:29:00+00:00,111.296875,111.3125,111.296875,111.296875,1481.0
2025-06-24 10:30:00+00:00,111.296875,111.3125,111.296875,111.3125,31.0
2025-06-24 10:31:00+00:00,111.3125,111.3125,111.296875,111.3125,54.0
2025-06-24 10:33:00+00:00,111.3125,111.3125,111.296875,111.3125,758.0
2025-06-24 10:34:00+00:00,111.3125,111.3125,111.296875,111.3125,604.0
2025-06-24 10:35:00+00:00,111.328125,111.328125,111.3125,111.328125,212.0
2025-06-24 10:36:00+00:00,111.3125,111.328125,111.3125,111.3125,271.0
2025-06-24 10:37:00+00:00,111.328125,111.328125,111.3125,111.3125,717.0
2025-06-24 10:38:00+00:00,111.34375,111.34375,111.328125,111.328125,823.0
2025-06-24 10:39:00+00:00,111.328125,111.328125,111.3125,111.328125,651.0
2025-06-24 10:40:00+00:00,111.328125,111.328125,111.3125,111.3125,90.0
2025-06-24 10:41:00+00:00,111.34375,111.34375,111.328125,111.328125,516.0
2025-06-24 10:45:00+00:00,111.328125,111.328125,111.328125,111.328125,1906.0
2025-06-24 10:46:00+00:00,111.3125,111.3125,111.3125,111.3125,5.0
2025-06-24 10:47:00+00:00,111.328125,111.34375,111.328125,111.328125,1396.0
2025-06-24 10:48:00+00:00,111.3125,111.328125,111.3125,111.328125,3.0
2025-06-24 10:50:00+00:00,111.3125,111.328125,111.296875,111.3125,551.0
2025-06-24 10:51:00+00:00,111.3125,111.328125,111.3125,111.328125,68.0
2025-06-24 10:52:00+00:00,111.3125,111.3125,111.3125,111.3125,290.0
2025-06-24 10:53:00+00:00,111.296875,111.3125,111.296875,111.3125,107.0
2025-06-24 10:54:00+00:00,111.296875,111.296875,111.296875,111.296875,2.0
2025-06-24 10:55:00+00:00,111.296875,111.296875,111.296875,111.296875,17.0
2025-06-24 10:56:00+00:00,111.296875,111.296875,111.28125,111.296875,817.0
2025-06-24 10:57:00+00:00,111.28125,111.296875,111.28125,111.296875,50.0
2025-06-24 10:58:00+00:00,111.28125,111.296875,111.28125,111.28125,79.0
2025-06-24 10:59:00+00:00,111.28125,111.296875,111.28125,111.296875,894.0
2025-06-24 11:00:00+00:00,111.296875,111.296875,111.28125,111.28125,53.0
2025-06-24 11:01:00+00:00,111.28125,111.296875,111.28125,111.296875,1907.0
2025-06-24 11:02:00+00:00,111.28125,111.296875,111.265625,111.28125,1393.0
2025-06-24 11:03:00+00:00,111.28125,111.28125,111.28125,111.28125,86.0
2025-06-24 11:04:00+00:00,111.265625,111.28125,111.265625,111.28125,238.0
2025-06-24 11:05:00+00:00,111.28125,111.28125,111.28125,111.28125,661.0
2025-06-24 11:06:00+00:00,111.28125,111.296875,111.28125,111.28125,48.0
2025-06-24 11:07:00+00:00,111.296875,111.296875,111.296875,111.296875,446.0
2025-06-24 11:08:00+00:00,111.296875,111.3125,111.296875,111.3125,463.0
2025-06-24 11:10:00+00:00,111.28125,111.28125,111.265625,111.28125,1507.0
2025-06-24 11:11:00+00:00,111.28125,111.296875,111.28125,111.28125,39.0
2025-06-24 11:12:00+00:00,111.296875,111.296875,111.28125,111.28125,505.0
2025-06-24 11:13:00+00:00,111.3125,111.3125,111.296875,111.296875,706.0
2025-06-24 11:14:00+00:00,111.296875,111.3125,111.296875,111.3125,300.0
2025-06-24 11:15:00+00:00,111.328125,111.328125,111.3125,111.3125,2843.0
2025-06-24 11:16:00+00:00,111.359375,111.359375,111.34375,111.34375,1029.0
2025-06-24 11:17:00+00:00,111.390625,111.390625,111.359375,111.359375,2068.0
2025-06-24 11:18:00+00:00,111.390625,111.390625,111.390625,111.390625,213.0
2025-06-24 11:19:00+00:00,111.390625,111.390625,111.375,111.375,1534.0
2025-06-24 11:21:00+00:00,111.40625,111.40625,111.40625,111.40625,2460.0
2025-06-24 11:22:00+00:00,111.40625,111.40625,111.40625,111.40625,52.0
2025-06-24 11:23:00+00:00,111.375,111.40625,111.375,111.40625,1239.0
2025-06-24 11:24:00+00:00,111.375,111.390625,111.375,111.375,1612.0
2025-06-24 11:25:00+00:00,111.390625,111.390625,111.375,111.375,952.0
2025-06-24 11:26:00+00:00,111.375,111.40625,111.375,111.390625,760.0
2025-06-24 11:27:00+00:00,111.375,111.390625,111.375,111.375,783.0
2025-06-24 11:28:00+00:00,111.375,111.390625,111.375,111.375,110.0
2025-06-24 11:29:00+00:00,111.390625,111.40625,111.375,111.375,686.0
2025-06-24 11:30:00+00:00,111.421875,111.4375,111.390625,111.390625,1845.0
2025-06-24 11:31:00+00:00,111.421875,111.421875,111.40625,111.421875,1696.0
2025-06-24 11:32:00+00:00,111.421875,111.4375,111.421875,111.4375,1064.0
2025-06-24 11:33:00+00:00,111.421875,111.4375,111.421875,111.421875,569.0
2025-06-24 11:34:00+00:00,111.421875,111.421875,111.421875,111.421875,1030.0
2025-06-24 11:35:00+00:00,111.421875,111.4375,111.421875,111.421875,365.0
2025-06-24 11:36:00+00:00,111.421875,111.4375,111.421875,111.421875,868.0
2025-06-24 11:37:00+00:00,111.40625,111.421875,111.40625,111.421875,1206.0
2025-06-24 11:38:00+00:00,111.390625,111.390625,111.390625,111.390625,812.0
2025-06-24 11:39:00+00:00,111.375,111.390625,111.375,111.390625,280.0
2025-06-24 11:40:00+00:00,111.375,111.390625,111.375,111.375,409.0
2025-06-24 11:41:00+00:00,111.375,111.390625,111.375,111.375,1971.0
2025-06-24 11:42:00+00:00,111.375,111.390625,111.375,111.375,689.0
2025-06-24 11:43:00+00:00,111.375,111.375,111.359375,111.375,1273.0
2025-06-24 11:44:00+00:00,111.359375,111.375,111.359375,111.375,230.0
2025-06-24 11:45:00+00:00,111.34375,111.359375,111.34375,111.359375,1108.0
2025-06-24 11:46:00+00:00,111.34375,111.359375,111.34375,111.34375,116.0
2025-06-24 11:47:00+00:00,111.359375,111.359375,111.34375,111.34375,1806.0
2025-06-24 11:48:00+00:00,111.359375,111.375,111.34375,111.359375,1379.0
2025-06-24 11:49:00+00:00,111.34375,111.359375,111.34375,111.359375,2367.0
2025-06-24 11:50:00+00:00,111.328125,111.328125,111.328125,111.328125,198.0
2025-06-24 11:51:00+00:00,111.34375,111.34375,111.328125,111.328125,2940.0
2025-06-24 11:52:00+00:00,111.34375,111.34375,111.328125,111.34375,1990.0
2025-06-24 11:53:00+00:00,111.328125,111.34375,111.328125,111.328125,184.0
2025-06-24 11:54:00+00:00,111.28125,111.328125,111.28125,111.328125,2314.0
2025-06-24 11:55:00+00:00,111.296875,111.296875,111.28125,111.28125,1868.0
2025-06-24 11:56:00+00:00,111.328125,111.328125,111.296875,111.296875,3806.0
2025-06-24 11:57:00+00:00,111.3125,111.328125,111.3125,111.3125,1562.0
2025-06-24 11:58:00+00:00,111.34375,111.34375,111.3125,111.3125,2747.0
2025-06-24 11:59:00+00:00,111.34375,111.359375,111.328125,111.328125,2958.0
2025-06-24 12:00:00+00:00,111.3125,111.359375,111.3125,111.359375,2553.0
2025-06-24 12:01:00+00:00,111.328125,111.34375,111.3125,111.328125,7854.0
2025-06-24 12:02:00+00:00,111.328125,111.34375,111.3125,111.34375,1197.0
2025-06-24 12:03:00+00:00,111.328125,111.328125,111.3125,111.328125,3635.0
2025-06-24 12:04:00+00:00,111.296875,111.328125,111.296875,111.3125,2531.0
2025-06-24 12:05:00+00:00,111.296875,111.296875,111.28125,111.296875,2050.0
2025-06-24 12:06:00+00:00,111.25,111.296875,111.25,111.28125,1916.0
2025-06-24 12:07:00+00:00,111.265625,111.265625,111.25,111.25,4036.0
2025-06-24 12:08:00+00:00,111.28125,111.28125,111.265625,111.265625,3097.0
2025-06-24 12:09:00+00:00,111.28125,111.28125,111.265625,111.265625,746.0
2025-06-24 12:10:00+00:00,111.28125,111.28125,111.265625,111.265625,159.0
2025-06-24 12:11:00+00:00,111.296875,111.296875,111.265625,111.28125,1049.0
2025-06-24 12:12:00+00:00,111.296875,111.296875,111.28125,111.28125,36.0
2025-06-24 12:13:00+00:00,111.28125,111.296875,111.28125,111.296875,2861.0
2025-06-24 12:14:00+00:00,111.28125,111.296875,111.28125,111.296875,147.0
2025-06-24 12:17:00+00:00,111.28125,111.296875,111.28125,111.28125,3354.0
2025-06-24 12:18:00+00:00,111.296875,111.296875,111.28125,111.28125,617.0
2025-06-24 12:19:00+00:00,111.28125,111.296875,111.265625,111.296875,1679.0
2025-06-24 12:20:00+00:00,111.296875,111.3125,111.265625,111.265625,3931.0
2025-06-24 12:21:00+00:00,111.296875,111.3125,111.296875,111.296875,3412.0
2025-06-24 12:22:00+00:00,111.3125,111.3125,111.296875,111.296875,2877.0
2025-06-24 12:23:00+00:00,111.328125,111.34375,111.296875,111.3125,5271.0
2025-06-24 12:24:00+00:00,111.328125,111.34375,111.3125,111.3125,2984.0
2025-06-24 12:25:00+00:00,111.328125,111.328125,111.3125,111.328125,642.0
2025-06-24 12:26:00+00:00,111.3125,111.328125,111.296875,111.3125,3062.0
2025-06-24 12:27:00+00:00,111.328125,111.328125,111.296875,111.296875,2739.0
2025-06-24 12:28:00+00:00,111.296875,111.3125,111.28125,111.3125,3462.0
2025-06-24 12:29:00+00:00,111.296875,111.3125,111.296875,111.296875,2369.0
2025-06-24 12:30:00+00:00,111.25,111.3125,111.21875,111.3125,16239.0
2025-06-24 12:31:00+00:00,111.3125,111.3125,111.234375,111.234375,6337.0
2025-06-24 12:32:00+00:00,111.28125,111.296875,111.265625,111.296875,2784.0
2025-06-24 12:33:00+00:00,111.265625,111.296875,111.265625,111.28125,3933.0
2025-06-24 12:34:00+00:00,111.296875,111.3125,111.28125,111.28125,3486.0
2025-06-24 12:35:00+00:00,111.3125,111.3125,111.28125,111.296875,4186.0
2025-06-24 12:36:00+00:00,111.3125,111.3125,111.296875,111.3125,2362.0
2025-06-24 12:37:00+00:00,111.328125,111.328125,111.3125,111.328125,3155.0
2025-06-24 12:38:00+00:00,111.34375,111.34375,111.296875,111.3125,5318.0
2025-06-24 12:39:00+00:00,111.34375,111.359375,111.328125,111.328125,5130.0
2025-06-24 12:40:00+00:00,111.3125,111.34375,111.296875,111.34375,3501.0
2025-06-24 12:41:00+00:00,111.28125,111.3125,111.28125,111.3125,3194.0
2025-06-24 12:42:00+00:00,111.265625,111.28125,111.265625,111.28125,5895.0
2025-06-24 12:43:00+00:00,111.25,111.28125,111.234375,111.265625,4505.0
2025-06-24 12:44:00+00:00,111.265625,111.265625,111.25,111.25,4215.0
2025-06-24 12:45:00+00:00,111.234375,111.265625,111.234375,111.265625,2135.0
2025-06-24 12:46:00+00:00,111.21875,111.234375,111.21875,111.234375,1744.0
2025-06-24 12:47:00+00:00,111.265625,111.265625,111.234375,111.234375,3019.0
2025-06-24 12:48:00+00:00,111.25,111.265625,111.25,111.265625,1467.0
2025-06-24 12:49:00+00:00,111.265625,111.265625,111.25,111.25,3303.0
2025-06-24 12:50:00+00:00,111.25,111.28125,111.25,111.28125,1300.0
2025-06-24 12:51:00+00:00,111.234375,111.25,111.21875,111.25,1838.0
2025-06-24 12:52:00+00:00,111.25,111.265625,111.21875,111.234375,1580.0
2025-06-24 12:53:00+00:00,111.25,111.25,111.234375,111.25,1356.0
2025-06-24 12:54:00+00:00,111.234375,111.25,111.234375,111.234375,2418.0
2025-06-24 12:55:00+00:00,111.25,111.265625,111.234375,111.234375,2958.0
2025-06-24 12:56:00+00:00,111.25,111.28125,111.25,111.25,3225.0
2025-06-24 12:57:00+00:00,111.28125,111.28125,111.25,111.25,3393.0
2025-06-24 12:58:00+00:00,111.265625,111.28125,111.265625,111.265625,1033.0
2025-06-24 12:59:00+00:00,111.28125,111.28125,111.265625,111.265625,225.0
2025-06-24 13:00:00+00:00,111.3125,111.3125,111.265625,111.28125,3088.0
2025-06-24 13:01:00+00:00,111.296875,111.328125,111.28125,111.3125,3299.0
2025-06-24 13:02:00+00:00,111.296875,111.296875,111.28125,111.296875,2101.0
2025-06-24 13:03:00+00:00,111.25,111.28125,111.234375,111.28125,2287.0
2025-06-24 13:04:00+00:00,111.25,111.25,111.21875,111.25,1222.0
2025-06-24 13:05:00+00:00,111.234375,111.234375,111.234375,111.234375,1771.0
2025-06-24 13:06:00+00:00,111.25,111.25,111.21875,111.234375,2950.0
2025-06-24 13:08:00+00:00,111.234375,111.265625,111.234375,111.265625,2838.0
2025-06-24 13:09:00+00:00,111.234375,111.25,111.234375,111.234375,1538.0
2025-06-24 13:10:00+00:00,111.234375,111.234375,111.234375,111.234375,1919.0
2025-06-24 13:11:00+00:00,111.265625,111.265625,111.21875,111.21875,1946.0
2025-06-24 13:12:00+00:00,111.25,111.265625,111.234375,111.25,2422.0
2025-06-24 13:13:00+00:00,111.25,111.25,111.25,111.25,28.0
2025-06-24 13:14:00+00:00,111.234375,111.265625,111.234375,111.25,1258.0
2025-06-24 13:15:00+00:00,111.234375,111.25,111.203125,111.25,8477.0
2025-06-24 13:16:00+00:00,111.203125,111.234375,111.203125,111.21875,3154.0
2025-06-24 13:17:00+00:00,111.1875,111.21875,111.1875,111.203125,5597.0
2025-06-24 13:18:00+00:00,111.1875,111.21875,111.1875,111.1875,6669.0
2025-06-24 13:19:00+00:00,111.1875,111.203125,111.1875,111.203125,1504.0
2025-06-24 13:21:00+00:00,111.171875,111.171875,111.171875,111.171875,10615.0
2025-06-24 13:22:00+00:00,111.171875,111.1875,111.171875,111.171875,844.0
2025-06-24 13:23:00+00:00,111.15625,111.1875,111.15625,111.171875,3039.0
2025-06-24 13:24:00+00:00,111.15625,111.171875,111.15625,111.15625,881.0
2025-06-24 13:25:00+00:00,111.171875,111.1875,111.15625,111.15625,4387.0
2025-06-24 13:26:00+00:00,111.1875,111.203125,111.171875,111.171875,1344.0
2025-06-24 13:27:00+00:00,111.203125,111.21875,111.1875,111.1875,2239.0
2025-06-24 13:28:00+00:00,111.21875,111.21875,111.203125,111.203125,1677.0
2025-06-24 13:29:00+00:00,111.25,111.25,111.203125,111.203125,3414.0
2025-06-24 13:30:00+00:00,111.25,111.265625,111.21875,111.234375,19517.0
2025-06-24 13:31:00+00:00,111.25,111.265625,111.234375,111.25,4932.0
2025-06-24 13:32:00+00:00,111.265625,111.265625,111.234375,111.234375,830.0
2025-06-24 13:33:00+00:00,111.28125,111.296875,111.25,111.25,6310.0
2025-06-24 13:34:00+00:00,111.265625,111.296875,111.25,111.28125,3222.0
2025-06-24 13:35:00+00:00,111.296875,111.296875,111.265625,111.265625,2024.0
2025-06-24 13:37:00+00:00,111.234375,111.265625,111.21875,111.265625,10234.0
2025-06-24 13:38:00+00:00,111.21875,111.234375,111.21875,111.234375,3138.0
2025-06-24 13:39:00+00:00,111.25,111.25,111.21875,111.234375,7825.0
2025-06-24 13:40:00+00:00,111.28125,111.28125,111.234375,111.25,2475.0
2025-06-24 13:41:00+00:00,111.265625,111.265625,111.25,111.265625,1857.0
2025-06-24 13:42:00+00:00,111.265625,111.265625,111.234375,111.25,2626.0
2025-06-24 13:44:00+00:00,111.25,111.28125,111.25,111.265625,7155.0
2025-06-24 13:45:00+00:00,111.21875,111.25,111.203125,111.25,9353.0
2025-06-24 13:46:00+00:00,111.203125,111.21875,111.1875,111.203125,2157.0
2025-06-24 13:47:00+00:00,111.1875,111.203125,111.1875,111.1875,5985.0
2025-06-24 13:48:00+00:00,111.203125,111.203125,111.1875,111.1875,447.0
2025-06-24 13:49:00+00:00,111.21875,111.21875,111.1875,111.1875,2108.0
2025-06-24 13:50:00+00:00,111.203125,111.21875,111.203125,111.203125,3440.0
2025-06-24 13:51:00+00:00,111.203125,111.21875,111.1875,111.1875,1349.0
2025-06-24 13:52:00+00:00,111.21875,111.21875,111.1875,111.1875,1373.0
2025-06-24 13:53:00+00:00,111.21875,111.234375,111.203125,111.203125,4058.0
2025-06-24 13:54:00+00:00,111.203125,111.21875,111.1875,111.203125,2084.0
2025-06-24 13:55:00+00:00,111.21875,111.21875,111.203125,111.203125,2500.0
2025-06-24 13:56:00+00:00,111.234375,111.25,111.21875,111.21875,1598.0
2025-06-24 13:57:00+00:00,111.25,111.25,111.234375,111.234375,1190.0
2025-06-24 13:58:00+00:00,111.21875,111.234375,111.203125,111.234375,1790.0
2025-06-24 13:59:00+00:00,111.21875,111.234375,111.203125,111.203125,844.0
2025-06-24 14:00:00+00:00,111.28125,111.28125,111.234375,111.234375,8644.0
2025-06-24 14:01:00+00:00,111.28125,111.3125,111.265625,111.265625,4273.0
2025-06-24 14:02:00+00:00,111.296875,111.296875,111.265625,111.265625,3074.0
2025-06-24 14:03:00+00:00,111.296875,111.296875,111.28125,111.296875,1513.0
2025-06-24 14:04:00+00:00,111.296875,111.3125,111.28125,111.28125,4880.0
2025-06-24 14:05:00+00:00,111.328125,111.328125,111.28125,111.28125,3416.0
2025-06-24 14:06:00+00:00,111.359375,111.359375,111.328125,111.328125,2905.0
2025-06-24 14:09:00+00:00,111.375,111.375,111.359375,111.359375,9510.0
2025-06-24 14:10:00+00:00,111.375,111.390625,111.359375,111.359375,4499.0
2025-06-24 14:11:00+00:00,111.390625,111.390625,111.375,111.375,3612.0
2025-06-24 14:12:00+00:00,111.421875,111.421875,111.390625,111.390625,5252.0
2025-06-24 14:13:00+00:00,111.421875,111.4375,111.40625,111.40625,7898.0
2025-06-24 14:14:00+00:00,111.421875,111.4375,111.40625,111.421875,2396.0
2025-06-24 14:15:00+00:00,111.390625,111.421875,111.390625,111.421875,3892.0
2025-06-24 14:16:00+00:00,111.421875,111.421875,111.390625,111.40625,295.0
2025-06-24 14:17:00+00:00,111.40625,111.421875,111.40625,111.421875,2332.0
2025-06-24 14:18:00+00:00,111.453125,111.5,111.421875,111.421875,14025.0
2025-06-24 14:19:00+00:00,111.453125,111.46875,111.421875,111.46875,4147.0
2025-06-24 14:20:00+00:00,111.453125,111.46875,111.4375,111.453125,3114.0
2025-06-24 14:21:00+00:00,111.46875,111.484375,111.4375,111.453125,3801.0
2025-06-24 14:22:00+00:00,111.5,111.5,111.46875,111.484375,3729.0
2025-06-24 14:23:00+00:00,111.484375,111.5,111.484375,111.484375,5698.0
2025-06-24 14:24:00+00:00,111.5,111.515625,111.484375,111.484375,9280.0
2025-06-24 14:25:00+00:00,111.515625,111.53125,111.5,111.5,7292.0
2025-06-24 14:26:00+00:00,111.546875,111.546875,111.515625,111.53125,5215.0
2025-06-24 14:27:00+00:00,111.546875,111.546875,111.53125,111.546875,6860.0
2025-06-24 14:28:00+00:00,111.546875,111.5625,111.53125,111.546875,8505.0
2025-06-24 14:29:00+00:00,111.53125,111.546875,111.53125,111.546875,3150.0
2025-06-24 14:30:00+00:00,111.5625,111.5625,111.53125,111.53125,8521.0
2025-06-24 14:31:00+00:00,111.546875,111.5625,111.53125,111.546875,4372.0
2025-06-24 14:32:00+00:00,111.5625,111.578125,111.546875,111.546875,6644.0
2025-06-24 14:33:00+00:00,111.578125,111.578125,111.5625,111.578125,3831.0
2025-06-24 14:34:00+00:00,111.5625,111.578125,111.5625,111.578125,3147.0
2025-06-24 14:35:00+00:00,111.578125,111.59375,111.5625,111.5625,4729.0
2025-06-24 14:36:00+00:00,111.546875,111.59375,111.546875,111.578125,1099.0
2025-06-24 14:39:00+00:00,111.5,111.515625,111.5,111.5,17735.0
2025-06-24 14:40:00+00:00,111.5,111.515625,111.484375,111.5,6434.0
2025-06-24 14:41:00+00:00,111.515625,111.515625,111.5,111.5,1111.0
2025-06-24 14:42:00+00:00,111.53125,111.53125,111.5,111.515625,4071.0
2025-06-24 14:43:00+00:00,111.53125,111.53125,111.515625,111.53125,765.0
2025-06-24 14:44:00+00:00,111.515625,111.53125,111.5,111.53125,5083.0
2025-06-24 14:45:00+00:00,111.53125,111.546875,111.5,111.53125,3480.0
2025-06-24 14:46:00+00:00,111.53125,111.546875,111.515625,111.546875,1210.0
2025-06-24 14:47:00+00:00,111.546875,111.546875,111.53125,111.53125,1055.0
2025-06-24 14:48:00+00:00,111.546875,111.5625,111.53125,111.546875,1749.0
2025-06-24 14:49:00+00:00,111.546875,111.5625,111.53125,111.546875,2542.0
2025-06-24 14:50:00+00:00,111.5625,111.5625,111.53125,111.546875,1220.0
2025-06-24 14:51:00+00:00,111.578125,111.578125,111.5625,111.5625,2380.0
2025-06-24 14:52:00+00:00,111.5625,111.578125,111.5625,111.578125,3703.0
2025-06-24 14:53:00+00:00,111.546875,111.5625,111.546875,111.5625,1391.0
2025-06-24 14:54:00+00:00,111.5625,111.5625,111.546875,111.5625,332.0
2025-06-24 14:55:00+00:00,111.546875,111.5625,111.53125,111.5625,2141.0
2025-06-24 14:57:00+00:00,111.546875,111.5625,111.53125,111.546875,11121.0
2025-06-24 14:58:00+00:00,111.546875,111.5625,111.546875,111.546875,2435.0
2025-06-24 14:59:00+00:00,111.546875,111.5625,111.546875,111.5625,2763.0
2025-06-24 15:03:00+00:00,111.578125,111.59375,111.578125,111.578125,9977.0
2025-06-24 15:04:00+00:00,111.578125,111.578125,111.578125,111.578125,1521.0
2025-06-24 15:05:00+00:00,111.609375,111.609375,111.609375,111.609375,5467.0
2025-06-24 15:06:00+00:00,111.609375,111.625,111.609375,111.609375,9760.0
2025-06-24 15:08:00+00:00,111.609375,111.625,111.609375,111.609375,25563.0
2025-06-24 15:09:00+00:00,111.59375,111.625,111.59375,111.625,7231.0
2025-06-24 15:10:00+00:00,111.59375,111.609375,111.59375,111.59375,113.0
2025-06-24 15:12:00+00:00,111.65625,111.65625,111.640625,111.640625,8405.0
2025-06-24 15:13:00+00:00,111.65625,111.65625,111.640625,111.65625,1617.0
2025-06-24 15:14:00+00:00,111.65625,111.671875,111.625,111.65625,5464.0
2025-06-24 15:15:00+00:00,111.65625,111.6875,111.640625,111.65625,5293.0
2025-06-24 15:16:00+00:00,111.640625,111.671875,111.640625,111.65625,1189.0
2025-06-24 15:17:00+00:00,111.640625,111.65625,111.625,111.65625,3479.0
2025-06-24 15:18:00+00:00,111.65625,111.65625,111.640625,111.640625,184.0
2025-06-24 15:19:00+00:00,111.65625,111.65625,111.65625,111.65625,666.0
2025-06-24 15:20:00+00:00,111.625,111.65625,111.625,111.65625,2283.0
2025-06-24 15:21:00+00:00,111.65625,111.65625,111.65625,111.65625,766.0
2025-06-24 15:22:00+00:00,111.65625,111.65625,111.640625,111.640625,2980.0
2025-06-24 15:24:00+00:00,111.65625,111.65625,111.65625,111.65625,2587.0
2025-06-24 15:25:00+00:00,111.65625,111.65625,111.640625,111.640625,5692.0
2025-06-24 15:26:00+00:00,111.65625,111.65625,111.65625,111.65625,1.0
2025-06-24 15:28:00+00:00,111.671875,111.671875,111.671875,111.671875,4380.0
2025-06-24 15:29:00+00:00,111.65625,111.65625,111.640625,111.65625,3541.0
2025-06-24 15:30:00+00:00,111.640625,111.65625,111.640625,111.640625,80.0
2025-06-24 15:33:00+00:00,111.59375,111.59375,111.59375,111.59375,9956.0
2025-06-24 15:34:00+00:00,111.5625,111.59375,111.5625,111.59375,6412.0
2025-06-24 15:35:00+00:00,111.5625,111.578125,111.5625,111.578125,447.0
2025-06-24 15:36:00+00:00,111.5625,111.578125,111.546875,111.5625,5933.0
2025-06-24 15:37:00+00:00,111.578125,111.578125,111.5625,111.5625,326.0
2025-06-24 15:38:00+00:00,111.5625,111.578125,111.546875,111.578125,2720.0
2025-06-24 15:39:00+00:00,111.546875,111.5625,111.546875,111.5625,2322.0
2025-06-24 15:40:00+00:00,111.53125,111.5625,111.53125,111.546875,3038.0
2025-06-24 15:41:00+00:00,111.53125,111.546875,111.515625,111.546875,4404.0
2025-06-24 15:42:00+00:00,111.53125,111.53125,111.515625,111.515625,2621.0
2025-06-24 15:43:00+00:00,111.546875,111.546875,111.53125,111.53125,1735.0
2025-06-24 15:44:00+00:00,111.546875,111.546875,111.53125,111.546875,604.0
2025-06-24 15:45:00+00:00,111.546875,111.546875,111.53125,111.546875,622.0
2025-06-24 15:46:00+00:00,111.546875,111.546875,111.53125,111.546875,195.0
2025-06-24 15:47:00+00:00,111.515625,111.546875,111.515625,111.546875,3824.0
2025-06-24 15:48:00+00:00,111.546875,111.5625,111.515625,111.53125,2286.0
2025-06-24 15:49:00+00:00,111.5625,111.5625,111.53125,111.5625,2375.0
2025-06-24 15:51:00+00:00,111.578125,111.578125,111.5625,111.578125,2865.0
2025-06-24 15:52:00+00:00,111.5625,111.578125,111.546875,111.578125,2769.0
2025-06-24 15:53:00+00:00,111.578125,111.578125,111.5625,111.578125,2089.0
2025-06-24 15:54:00+00:00,111.578125,111.59375,111.5625,111.578125,4615.0
2025-06-24 15:55:00+00:00,111.578125,111.578125,111.5625,111.5625,844.0
2025-06-24 15:56:00+00:00,111.5625,111.578125,111.5625,111.5625,459.0
2025-06-24 15:57:00+00:00,111.5625,111.578125,111.5625,111.5625,186.0
2025-06-24 15:58:00+00:00,111.5625,111.578125,111.5625,111.5625,1812.0
2025-06-24 15:59:00+00:00,111.59375,111.59375,111.5625,111.5625,2058.0
2025-06-24 16:00:00+00:00,111.5625,111.59375,111.546875,111.59375,2130.0
2025-06-24 16:01:00+00:00,111.578125,111.578125,111.5625,111.578125,2793.0
2025-06-24 16:02:00+00:00,111.5625,111.59375,111.5625,111.59375,1559.0
2025-06-24 16:03:00+00:00,111.546875,111.578125,111.546875,111.578125,844.0
2025-06-24 16:04:00+00:00,111.5625,111.578125,111.546875,111.5625,2530.0
2025-06-24 16:05:00+00:00,111.546875,111.578125,111.546875,111.578125,395.0
2025-06-24 16:06:00+00:00,111.546875,111.5625,111.546875,111.5625,4018.0
2025-06-24 16:07:00+00:00,111.546875,111.5625,111.53125,111.53125,694.0
2025-06-24 16:08:00+00:00,111.546875,111.5625,111.53125,111.5625,1277.0
2025-06-24 16:09:00+00:00,111.5625,111.5625,111.53125,111.5625,1409.0
2025-06-24 16:10:00+00:00,111.5625,111.5625,111.546875,111.546875,188.0
2025-06-24 16:11:00+00:00,111.5625,111.578125,111.546875,111.546875,2196.0
2025-06-24 16:12:00+00:00,111.5625,111.578125,111.5625,111.578125,33.0
2025-06-24 16:13:00+00:00,111.578125,111.59375,111.5625,111.578125,950.0
2025-06-24 16:14:00+00:00,111.5625,111.59375,111.5625,111.578125,533.0
2025-06-24 16:15:00+00:00,111.578125,111.578125,111.5625,111.578125,779.0
2025-06-24 16:16:00+00:00,111.578125,111.59375,111.578125,111.578125,1201.0
2025-06-24 16:17:00+00:00,111.5625,111.578125,111.5625,111.578125,1871.0
2025-06-24 16:18:00+00:00,111.578125,111.578125,111.5625,111.5625,165.0
2025-06-24 16:19:00+00:00,111.5625,111.578125,111.5625,111.578125,117.0
2025-06-24 16:20:00+00:00,111.578125,111.578125,111.5625,111.5625,26.0
2025-06-24 16:21:00+00:00,111.578125,111.578125,111.5625,111.578125,1044.0
2025-06-24 16:22:00+00:00,111.609375,111.609375,111.5625,111.578125,3096.0
2025-06-24 16:23:00+00:00,111.609375,111.609375,111.59375,111.609375,35.0
2025-06-24 16:24:00+00:00,111.59375,111.609375,111.59375,111.609375,3086.0
2025-06-24 16:25:00+00:00,111.59375,111.609375,111.59375,111.59375,380.0
2025-06-24 16:26:00+00:00,111.578125,111.609375,111.578125,111.59375,3311.0
2025-06-24 16:27:00+00:00,111.59375,111.59375,111.578125,111.59375,662.0
2025-06-24 16:28:00+00:00,111.609375,111.609375,111.578125,111.59375,1061.0
2025-06-24 16:29:00+00:00,111.609375,111.609375,111.59375,111.59375,95.0
2025-06-24 16:30:00+00:00,111.578125,111.609375,111.578125,111.59375,2042.0
2025-06-24 16:31:00+00:00,111.59375,111.609375,111.578125,111.578125,2693.0
2025-06-24 16:33:00+00:00,111.609375,111.609375,111.609375,111.609375,3945.0
2025-06-24 16:34:00+00:00,111.609375,111.609375,111.59375,111.609375,1341.0
2025-06-24 16:35:00+00:00,111.609375,111.625,111.609375,111.609375,2144.0
2025-06-24 16:36:00+00:00,111.609375,111.625,111.609375,111.625,1358.0
2025-06-24 16:37:00+00:00,111.609375,111.625,111.609375,111.609375,4504.0
2025-06-24 16:38:00+00:00,111.609375,111.625,111.609375,111.609375,1228.0
2025-06-24 16:39:00+00:00,111.625,111.625,111.625,111.625,2409.0
2025-06-24 16:40:00+00:00,111.625,111.640625,111.625,111.625,1353.0
2025-06-24 16:41:00+00:00,111.671875,111.671875,111.625,111.640625,12040.0
2025-06-24 16:42:00+00:00,111.65625,111.671875,111.65625,111.65625,1956.0
2025-06-24 16:43:00+00:00,111.640625,111.671875,111.640625,111.671875,1218.0
2025-06-24 16:44:00+00:00,111.65625,111.671875,111.640625,111.65625,2647.0
2025-06-24 16:45:00+00:00,111.65625,111.671875,111.65625,111.671875,1730.0
2025-06-24 16:46:00+00:00,111.640625,111.671875,111.640625,111.671875,1740.0
2025-06-24 16:47:00+00:00,111.640625,111.65625,111.640625,111.65625,1493.0
2025-06-24 16:48:00+00:00,111.65625,111.65625,111.65625,111.65625,249.0
2025-06-24 16:49:00+00:00,111.65625,111.65625,111.640625,111.65625,2444.0
2025-06-24 16:50:00+00:00,111.65625,111.65625,111.640625,111.65625,492.0
2025-06-24 16:51:00+00:00,111.640625,111.65625,111.625,111.65625,4520.0
2025-06-24 16:52:00+00:00,111.65625,111.671875,111.640625,111.640625,4537.0
2025-06-24 16:53:00+00:00,111.640625,111.65625,111.640625,111.65625,147.0
2025-06-24 16:54:00+00:00,111.65625,111.671875,111.65625,111.65625,1647.0
2025-06-24 16:55:00+00:00,111.640625,111.65625,111.640625,111.65625,1481.0
2025-06-24 16:56:00+00:00,111.65625,111.671875,111.65625,111.65625,2228.0
2025-06-24 16:57:00+00:00,111.65625,111.671875,111.640625,111.65625,3196.0
2025-06-24 16:58:00+00:00,111.640625,111.65625,111.625,111.65625,1800.0
2025-06-24 16:59:00+00:00,111.625,111.640625,111.625,111.640625,1794.0
2025-06-24 17:00:00+00:00,111.625,111.640625,111.625,111.640625,644.0
2025-06-24 17:01:00+00:00,111.640625,111.640625,111.625,111.625,291.0
2025-06-24 17:02:00+00:00,111.625,111.65625,111.625,111.640625,3393.0
2025-06-24 17:03:00+00:00,111.609375,111.640625,111.609375,111.640625,6136.0
2025-06-24 17:04:00+00:00,111.59375,111.625,111.59375,111.625,5666.0
2025-06-24 17:05:00+00:00,111.578125,111.609375,111.578125,111.609375,1746.0
2025-06-24 17:06:00+00:00,111.578125,111.59375,111.578125,111.59375,95.0
2025-06-24 17:07:00+00:00,111.609375,111.609375,111.59375,111.59375,4024.0
2025-06-24 17:08:00+00:00,111.609375,111.609375,111.59375,111.609375,1332.0
2025-06-24 17:09:00+00:00,111.609375,111.609375,111.59375,111.609375,1013.0
2025-06-24 17:10:00+00:00,111.59375,111.609375,111.59375,111.59375,2775.0
2025-06-24 17:11:00+00:00,111.59375,111.59375,111.578125,111.59375,1572.0
2025-06-24 17:12:00+00:00,111.578125,111.59375,111.578125,111.578125,833.0
2025-06-24 17:13:00+00:00,111.59375,111.59375,111.578125,111.59375,922.0
2025-06-24 17:14:00+00:00,111.59375,111.59375,111.578125,111.59375,47.0
2025-06-24 17:15:00+00:00,111.609375,111.625,111.578125,111.59375,3573.0
2025-06-24 17:16:00+00:00,111.609375,111.625,111.609375,111.609375,416.0
2025-06-24 17:17:00+00:00,111.625,111.625,111.609375,111.625,289.0
2025-06-24 17:18:00+00:00,111.625,111.625,111.609375,111.625,439.0
2025-06-24 17:19:00+00:00,111.625,111.625,111.609375,111.625,140.0
2025-06-24 17:20:00+00:00,111.625,111.625,111.609375,111.609375,1031.0
2025-06-24 17:21:00+00:00,111.625,111.640625,111.625,111.640625,2530.0
2025-06-24 17:22:00+00:00,111.625,111.625,111.609375,111.625,836.0
2025-06-24 17:23:00+00:00,111.640625,111.65625,111.625,111.625,2437.0
2025-06-24 17:24:00+00:00,111.640625,111.640625,111.625,111.625,900.0
2025-06-24 17:25:00+00:00,111.640625,111.65625,111.640625,111.640625,163.0
2025-06-24 17:26:00+00:00,111.640625,111.640625,111.625,111.640625,816.0
2025-06-24 17:27:00+00:00,111.625,111.640625,111.625,111.625,1047.0
2025-06-24 17:28:00+00:00,111.625,111.625,111.625,111.625,1120.0
2025-06-24 17:29:00+00:00,111.625,111.640625,111.625,111.625,2018.0
2025-06-24 17:30:00+00:00,111.640625,111.640625,111.625,111.625,1172.0
2025-06-24 17:31:00+00:00,111.640625,111.65625,111.640625,111.640625,1510.0
2025-06-24 17:32:00+00:00,111.65625,111.65625,111.640625,111.640625,999.0
2025-06-24 17:33:00+00:00,111.640625,111.65625,111.625,111.65625,1004.0
2025-06-24 17:34:00+00:00,111.640625,111.640625,111.640625,111.640625,1090.0
2025-06-24 17:35:00+00:00,111.671875,111.671875,111.640625,111.65625,5242.0
2025-06-24 17:36:00+00:00,111.6875,111.6875,111.671875,111.671875,1167.0
2025-06-24 17:37:00+00:00,111.671875,111.6875,111.65625,111.671875,3150.0
2025-06-24 17:38:00+00:00,111.671875,111.6875,111.65625,111.6875,568.0
2025-06-24 17:39:00+00:00,111.671875,111.671875,111.65625,111.671875,129.0
2025-06-24 17:40:00+00:00,111.671875,111.671875,111.65625,111.671875,3289.0
2025-06-24 17:41:00+00:00,111.671875,111.671875,111.65625,111.671875,2110.0
2025-06-24 17:42:00+00:00,111.671875,111.671875,111.671875,111.671875,290.0
2025-06-24 17:43:00+00:00,111.671875,111.671875,111.65625,111.65625,1459.0
2025-06-24 17:44:00+00:00,111.671875,111.671875,111.65625,111.65625,1396.0
2025-06-24 17:45:00+00:00,111.65625,111.671875,111.65625,111.671875,763.0
2025-06-24 17:46:00+00:00,111.65625,111.65625,111.640625,111.65625,36.0
2025-06-24 17:47:00+00:00,111.65625,111.671875,111.640625,111.65625,2621.0
2025-06-24 17:48:00+00:00,111.640625,111.671875,111.640625,111.671875,1045.0
2025-06-24 17:49:00+00:00,111.65625,111.65625,111.65625,111.65625,336.0
2025-06-24 17:50:00+00:00,111.640625,111.65625,111.640625,111.65625,283.0
2025-06-24 17:51:00+00:00,111.640625,111.65625,111.625,111.65625,1784.0
2025-06-24 17:52:00+00:00,111.609375,111.640625,111.609375,111.640625,1737.0
2025-06-24 17:53:00+00:00,111.625,111.625,111.609375,111.625,37.0
2025-06-24 17:54:00+00:00,111.625,111.640625,111.625,111.625,1437.0
2025-06-24 17:55:00+00:00,111.609375,111.640625,111.609375,111.640625,2644.0
2025-06-24 17:58:00+00:00,111.625,111.625,111.609375,111.625,2700.0
2025-06-24 17:59:00+00:00,111.625,111.625,111.609375,111.625,187.0
2025-06-24 18:00:00+00:00,111.609375,111.625,111.609375,111.625,261.0
2025-06-24 18:01:00+00:00,111.609375,111.625,111.609375,111.625,71.0
2025-06-24 18:02:00+00:00,111.59375,111.625,111.59375,111.625,1910.0
2025-06-24 18:03:00+00:00,111.59375,111.609375,111.578125,111.609375,4636.0
2025-06-24 18:04:00+00:00,111.625,111.625,111.59375,111.609375,2464.0
2025-06-24 18:05:00+00:00,111.625,111.640625,111.609375,111.625,3781.0
2025-06-24 18:06:00+00:00,111.640625,111.640625,111.625,111.640625,30.0
2025-06-24 18:07:00+00:00,111.640625,111.65625,111.625,111.640625,3232.0
2025-06-24 18:08:00+00:00,111.640625,111.65625,111.625,111.65625,1453.0
2025-06-24 18:09:00+00:00,111.640625,111.65625,111.625,111.65625,2595.0
2025-06-24 18:10:00+00:00,111.640625,111.65625,111.640625,111.65625,1455.0
2025-06-24 18:11:00+00:00,111.65625,111.65625,111.640625,111.65625,2209.0
2025-06-24 18:12:00+00:00,111.640625,111.65625,111.640625,111.640625,1524.0
2025-06-24 18:13:00+00:00,111.65625,111.671875,111.640625,111.65625,1441.0
2025-06-24 18:14:00+00:00,111.640625,111.671875,111.640625,111.65625,754.0
2025-06-24 18:15:00+00:00,111.671875,111.671875,111.640625,111.65625,474.0
2025-06-24 18:16:00+00:00,111.671875,111.671875,111.65625,111.671875,749.0
2025-06-24 18:17:00+00:00,111.671875,111.671875,111.65625,111.671875,148.0
2025-06-24 18:18:00+00:00,111.65625,111.671875,111.65625,111.65625,1411.0
2025-06-24 18:19:00+00:00,111.65625,111.65625,111.640625,111.65625,1166.0
2025-06-24 18:20:00+00:00,111.640625,111.65625,111.640625,111.65625,1061.0
2025-06-24 18:21:00+00:00,111.640625,111.65625,111.640625,111.640625,131.0
2025-06-24 18:22:00+00:00,111.625,111.640625,111.609375,111.640625,4210.0
2025-06-24 18:23:00+00:00,111.625,111.640625,111.609375,111.625,2099.0
2025-06-24 18:24:00+00:00,111.625,111.625,111.609375,111.609375,1611.0
2025-06-24 18:25:00+00:00,111.640625,111.640625,111.609375,111.609375,1905.0
2025-06-24 18:26:00+00:00,111.625,111.640625,111.625,111.625,1031.0
2025-06-24 18:27:00+00:00,111.625,111.640625,111.609375,111.625,1668.0
2025-06-24 18:28:00+00:00,111.640625,111.640625,111.609375,111.609375,1036.0
2025-06-24 18:29:00+00:00,111.625,111.625,111.609375,111.625,2289.0
2025-06-24 18:30:00+00:00,111.625,111.640625,111.609375,111.625,1501.0
2025-06-24 18:31:00+00:00,111.625,111.640625,111.609375,111.640625,703.0
2025-06-24 18:32:00+00:00,111.625,111.625,111.625,111.625,5.0
2025-06-24 18:33:00+00:00,111.640625,111.640625,111.625,111.625,1799.0
2025-06-24 18:34:00+00:00,111.625,111.640625,111.625,111.625,1392.0
2025-06-24 18:35:00+00:00,111.640625,111.640625,111.625,111.640625,2249.0
2025-06-24 18:36:00+00:00,111.65625,111.65625,111.640625,111.640625,405.0
2025-06-24 18:37:00+00:00,111.65625,111.671875,111.640625,111.640625,1448.0
2025-06-24 18:38:00+00:00,111.65625,111.671875,111.65625,111.65625,142.0
2025-06-24 18:39:00+00:00,111.65625,111.671875,111.65625,111.671875,451.0
2025-06-24 18:40:00+00:00,111.65625,111.671875,111.65625,111.65625,4027.0
2025-06-24 18:41:00+00:00,111.65625,111.671875,111.65625,111.65625,425.0
2025-06-24 18:42:00+00:00,111.671875,111.6875,111.65625,111.65625,4206.0
2025-06-24 18:43:00+00:00,111.671875,111.6875,111.671875,111.671875,1271.0
2025-06-24 18:44:00+00:00,111.671875,111.6875,111.671875,111.671875,917.0
2025-06-24 18:45:00+00:00,111.671875,111.6875,111.65625,111.671875,8553.0
2025-06-24 18:46:00+00:00,111.671875,111.671875,111.65625,111.671875,2541.0
2025-06-24 18:47:00+00:00,111.6875,111.6875,111.65625,111.671875,2207.0
2025-06-24 18:48:00+00:00,111.671875,111.6875,111.671875,111.671875,226.0
2025-06-24 18:52:00+00:00,111.671875,111.671875,111.65625,111.671875,6267.0
2025-06-24 18:53:00+00:00,111.65625,111.671875,111.65625,111.65625,7706.0
2025-06-24 18:54:00+00:00,111.65625,111.65625,111.640625,111.65625,2596.0
2025-06-24 18:55:00+00:00,111.640625,111.65625,111.625,111.65625,1312.0
2025-06-24 18:56:00+00:00,111.640625,111.65625,111.625,111.640625,2477.0
2025-06-24 18:57:00+00:00,111.640625,111.640625,111.625,111.640625,727.0
2025-06-24 18:58:00+00:00,111.65625,111.65625,111.625,111.640625,11630.0
2025-06-24 18:59:00+00:00,111.65625,111.671875,111.625,111.65625,28842.0
2025-06-24 19:00:00+00:00,111.640625,111.65625,111.640625,111.65625,3401.0
2025-06-24 19:01:00+00:00,111.65625,111.65625,111.640625,111.65625,3070.0
2025-06-24 19:02:00+00:00,111.671875,111.671875,111.640625,111.65625,3206.0
2025-06-24 19:03:00+00:00,111.671875,111.671875,111.65625,111.671875,727.0
2025-06-24 19:04:00+00:00,111.671875,111.6875,111.65625,111.671875,2720.0
2025-06-24 19:05:00+00:00,111.65625,111.671875,111.65625,111.671875,2803.0
2025-06-24 19:06:00+00:00,111.640625,111.65625,111.640625,111.640625,2670.0
2025-06-24 19:07:00+00:00,111.625,111.640625,111.625,111.640625,281.0
2025-06-24 19:08:00+00:00,111.640625,111.640625,111.625,111.640625,72.0
2025-06-24 19:09:00+00:00,111.625,111.640625,111.609375,111.640625,2399.0
2025-06-24 19:10:00+00:00,111.625,111.625,111.625,111.625,158.0
2025-06-24 19:11:00+00:00,111.625,111.625,111.609375,111.625,8.0
2025-06-24 19:12:00+00:00,111.609375,111.625,111.609375,111.625,272.0
2025-06-24 19:13:00+00:00,111.625,111.625,111.609375,111.625,2341.0
2025-06-24 19:14:00+00:00,111.609375,111.625,111.609375,111.625,1147.0
2025-06-24 19:15:00+00:00,111.609375,111.609375,111.59375,111.609375,361.0
2025-06-24 19:16:00+00:00,111.59375,111.609375,111.59375,111.609375,1857.0
2025-06-24 19:17:00+00:00,111.609375,111.609375,111.59375,111.59375,70.0
2025-06-24 19:18:00+00:00,111.59375,111.609375,111.59375,111.609375,550.0
2025-06-24 19:19:00+00:00,111.59375,111.609375,111.59375,111.59375,317.0
2025-06-24 19:20:00+00:00,111.59375,111.609375,111.59375,111.59375,23.0
2025-06-24 19:21:00+00:00,111.625,111.625,111.609375,111.609375,4810.0
2025-06-24 19:22:00+00:00,111.625,111.625,111.625,111.625,236.0
2025-06-24 19:23:00+00:00,111.609375,111.625,111.609375,111.609375,38.0
2025-06-24 19:24:00+00:00,111.609375,111.625,111.609375,111.625,48.0
2025-06-24 19:25:00+00:00,111.625,111.640625,111.609375,111.625,2275.0
2025-06-24 19:26:00+00:00,111.609375,111.640625,111.609375,111.625,1532.0
2025-06-24 19:27:00+00:00,111.625,111.640625,111.625,111.625,1494.0
2025-06-24 19:28:00+00:00,111.640625,111.640625,111.640625,111.640625,643.0
2025-06-24 19:29:00+00:00,111.671875,111.671875,111.640625,111.640625,3139.0
2025-06-24 19:30:00+00:00,111.65625,111.671875,111.65625,111.65625,28.0
2025-06-24 19:31:00+00:00,111.65625,111.671875,111.65625,111.65625,4115.0
2025-06-24 19:32:00+00:00,111.65625,111.671875,111.65625,111.65625,2423.0
2025-06-24 19:33:00+00:00,111.671875,111.671875,111.65625,111.65625,240.0
2025-06-24 19:34:00+00:00,111.6875,111.6875,111.65625,111.65625,1395.0
2025-06-24 19:35:00+00:00,111.671875,111.6875,111.671875,111.671875,1872.0
2025-06-24 19:36:00+00:00,111.671875,111.6875,111.671875,111.671875,495.0
2025-06-24 19:37:00+00:00,111.671875,111.6875,111.671875,111.671875,270.0
2025-06-24 19:38:00+00:00,111.6875,111.6875,111.671875,111.671875,107.0
2025-06-24 19:44:00+00:00,111.671875,111.6875,111.671875,111.671875,9803.0
2025-06-24 19:45:00+00:00,111.671875,111.6875,111.65625,111.671875,3544.0
2025-06-24 19:46:00+00:00,111.65625,111.671875,111.65625,111.65625,1172.0
2025-06-24 19:47:00+00:00,111.640625,111.65625,111.640625,111.640625,36.0
2025-06-24 19:48:00+00:00,111.640625,111.65625,111.625,111.65625,2556.0
2025-06-24 19:49:00+00:00,111.625,111.65625,111.625,111.65625,596.0
2025-06-24 19:50:00+00:00,111.671875,111.671875,111.640625,111.640625,5551.0
2025-06-24 19:51:00+00:00,111.671875,111.6875,111.65625,111.65625,1456.0
2025-06-24 19:52:00+00:00,111.671875,111.6875,111.671875,111.6875,245.0
2025-06-24 19:53:00+00:00,111.671875,111.6875,111.671875,111.6875,538.0
2025-06-24 19:54:00+00:00,111.671875,111.6875,111.65625,111.671875,2792.0
2025-06-24 19:55:00+00:00,111.671875,111.6875,111.65625,111.65625,1192.0
2025-06-24 19:56:00+00:00,111.65625,111.671875,111.65625,111.65625,2055.0
2025-06-24 19:57:00+00:00,111.625,111.65625,111.625,111.65625,2185.0
2025-06-24 19:58:00+00:00,111.625,111.640625,111.625,111.640625,2099.0
2025-06-24 19:59:00+00:00,111.625,111.65625,111.625,111.640625,7111.0
2025-06-24 20:00:00+00:00,111.609375,111.65625,111.59375,111.640625,10123.0
2025-06-24 20:01:00+00:00,111.625,111.625,111.59375,111.59375,4212.0
2025-06-24 20:02:00+00:00,111.625,111.625,111.609375,111.625,6325.0
2025-06-24 20:03:00+00:00,111.625,111.640625,111.609375,111.625,4172.0
2025-06-24 20:04:00+00:00,111.625,111.640625,111.625,111.625,3192.0
2025-06-24 20:05:00+00:00,111.640625,111.640625,111.640625,111.640625,927.0
2025-06-24 20:06:00+00:00,111.640625,111.65625,111.625,111.640625,1942.0
2025-06-24 20:07:00+00:00,111.640625,111.65625,111.640625,111.640625,1378.0
2025-06-24 20:08:00+00:00,111.625,111.640625,111.625,111.625,630.0
2025-06-24 20:09:00+00:00,111.609375,111.609375,111.59375,111.609375,240.0
2025-06-24 20:10:00+00:00,111.609375,111.609375,111.59375,111.609375,1481.0
2025-06-24 20:11:00+00:00,111.609375,111.625,111.609375,111.609375,151.0
2025-06-24 20:12:00+00:00,111.609375,111.625,111.609375,111.609375,63.0
2025-06-24 20:13:00+00:00,111.609375,111.609375,111.59375,111.609375,1902.0
2025-06-24 20:14:00+00:00,111.609375,111.609375,111.59375,111.59375,149.0
2025-06-24 20:15:00+00:00,111.609375,111.609375,111.609375,111.609375,26.0
2025-06-24 20:18:00+00:00,111.609375,111.625,111.59375,111.609375,4155.0
2025-06-24 20:19:00+00:00,111.609375,111.625,111.609375,111.625,364.0
2025-06-24 20:20:00+00:00,111.609375,111.625,111.609375,111.625,2.0
2025-06-24 20:21:00+00:00,111.625,111.625,111.609375,111.625,1599.0
2025-06-24 20:22:00+00:00,111.640625,111.640625,111.625,111.625,991.0
2025-06-24 20:23:00+00:00,111.640625,111.65625,111.640625,111.640625,901.0
2025-06-24 20:24:00+00:00,111.640625,111.640625,111.625,111.640625,1612.0
2025-06-24 20:25:00+00:00,111.640625,111.65625,111.640625,111.640625,874.0
2025-06-24 20:26:00+00:00,111.640625,111.640625,111.640625,111.640625,69.0
2025-06-24 20:27:00+00:00,111.65625,111.65625,111.625,111.625,815.0
2025-06-24 20:28:00+00:00,111.625,111.640625,111.625,111.640625,1793.0
2025-06-24 20:29:00+00:00,111.640625,111.640625,111.640625,111.640625,24.0
2025-06-24 20:30:00+00:00,111.640625,111.640625,111.625,111.625,1406.0
2025-06-24 20:31:00+00:00,111.625,111.640625,111.625,111.640625,208.0
2025-06-24 20:32:00+00:00,111.640625,111.640625,111.625,111.625,44.0
2025-06-24 20:34:00+00:00,111.625,111.625,111.625,111.625,2574.0
2025-06-24 20:35:00+00:00,111.625,111.640625,111.625,111.640625,604.0
2025-06-24 20:36:00+00:00,111.625,111.625,111.609375,111.609375,991.0
2025-06-24 20:37:00+00:00,111.625,111.640625,111.625,111.640625,1800.0
2025-06-24 20:38:00+00:00,111.625,111.625,111.609375,111.625,1666.0
2025-06-24 20:39:00+00:00,111.609375,111.625,111.609375,111.625,863.0
2025-06-24 20:40:00+00:00,111.625,111.625,111.609375,111.609375,1608.0
2025-06-24 20:41:00+00:00,111.609375,111.625,111.609375,111.625,277.0
2025-06-24 20:42:00+00:00,111.625,111.625,111.625,111.625,4.0
2025-06-24 20:43:00+00:00,111.609375,111.625,111.609375,111.625,57.0
2025-06-24 20:44:00+00:00,111.609375,111.625,111.609375,111.609375,224.0
2025-06-24 20:45:00+00:00,111.609375,111.625,111.609375,111.625,2701.0
2025-06-24 20:46:00+00:00,111.609375,111.609375,111.609375,111.609375,204.0
2025-06-24 20:47:00+00:00,111.609375,111.609375,111.609375,111.609375,1403.0
2025-06-24 20:48:00+00:00,111.625,111.625,111.609375,111.609375,586.0
2025-06-24 20:49:00+00:00,111.59375,111.625,111.59375,111.625,419.0
2025-06-24 20:50:00+00:00,111.609375,111.625,111.59375,111.59375,658.0
2025-06-24 20:51:00+00:00,111.609375,111.609375,111.59375,111.609375,221.0
2025-06-24 20:52:00+00:00,111.59375,111.59375,111.59375,111.59375,425.0
2025-06-24 20:53:00+00:00,111.59375,111.609375,111.59375,111.609375,226.0
2025-06-24 20:54:00+00:00,111.59375,111.609375,111.59375,111.609375,12.0
2025-06-24 20:55:00+00:00,111.609375,111.609375,111.59375,111.59375,473.0
2025-06-24 20:56:00+00:00,111.609375,111.609375,111.59375,111.59375,1645.0
2025-06-24 20:57:00+00:00,111.609375,111.609375,111.59375,111.59375,178.0
2025-06-24 20:58:00+00:00,111.59375,111.609375,111.578125,111.59375,2250.0
2025-06-24 20:59:00+00:00,111.59375,111.609375,111.578125,111.59375,1300.0
2025-06-24 22:00:00+00:00,111.609375,111.609375,111.578125,111.59375,0.0
2025-06-24 22:01:00+00:00,111.59375,111.609375,111.59375,111.59375,109.0
2025-06-24 22:02:00+00:00,111.59375,111.609375,111.59375,111.609375,17.0
2025-06-24 22:03:00+00:00,111.59375,111.59375,111.59375,111.59375,3.0
2025-06-24 22:04:00+00:00,111.59375,111.59375,111.59375,111.59375,64.0
2025-06-24 22:05:00+00:00,111.59375,111.609375,111.59375,111.59375,249.0
2025-06-24 22:08:00+00:00,111.59375,111.59375,111.59375,111.59375,33.0
2025-06-24 22:10:00+00:00,111.609375,111.609375,111.609375,111.609375,1.0
2025-06-24 22:12:00+00:00,111.59375,111.59375,111.59375,111.59375,171.0
2025-06-24 22:16:00+00:00,111.59375,111.59375,111.59375,111.59375,139.0
2025-06-24 22:20:00+00:00,111.609375,111.609375,111.609375,111.609375,235.0
2025-06-24 22:21:00+00:00,111.59375,111.609375,111.59375,111.609375,3.0
2025-06-24 22:22:00+00:00,111.609375,111.609375,111.609375,111.609375,1274.0
2025-06-24 22:23:00+00:00,111.609375,111.609375,111.59375,111.609375,85.0
2025-06-24 22:24:00+00:00,111.609375,111.609375,111.59375,111.59375,39.0
2025-06-24 22:25:00+00:00,111.609375,111.609375,111.609375,111.609375,3.0
2025-06-24 22:26:00+00:00,111.609375,111.609375,111.609375,111.609375,4.0
2025-06-24 22:27:00+00:00,111.609375,111.609375,111.609375,111.609375,11.0
2025-06-24 22:28:00+00:00,111.609375,111.609375,111.609375,111.609375,88.0
2025-06-24 22:29:00+00:00,111.625,111.625,111.625,111.625,2.0
2025-06-24 22:30:00+00:00,111.609375,111.625,111.609375,111.625,18.0
2025-06-24 22:32:00+00:00,111.625,111.625,111.625,111.625,3.0
2025-06-24 22:34:00+00:00,111.609375,111.625,111.609375,111.625,116.0
2025-06-24 22:38:00+00:00,111.609375,111.609375,111.609375,111.609375,100.0
2025-06-24 22:40:00+00:00,111.625,111.625,111.625,111.625,1.0
2025-06-24 22:41:00+00:00,111.609375,111.625,111.609375,111.625,12.0
2025-06-24 22:42:00+00:00,111.609375,111.625,111.609375,111.625,4.0
2025-06-24 22:45:00+00:00,111.609375,111.625,111.609375,111.625,44.0
2025-06-24 22:46:00+00:00,111.609375,111.609375,111.609375,111.609375,12.0
2025-06-24 22:47:00+00:00,111.609375,111.609375,111.609375,111.609375,10.0
2025-06-24 22:48:00+00:00,111.609375,111.625,111.609375,111.609375,5.0
2025-06-24 22:49:00+00:00,111.59375,111.609375,111.59375,111.609375,401.0
2025-06-24 22:55:00+00:00,111.59375,111.609375,111.59375,111.59375,6.0
2025-06-24 22:58:00+00:00,111.609375,111.609375,111.609375,111.609375,29.0
2025-06-24 23:03:00+00:00,111.609375,111.609375,111.609375,111.609375,2.0
2025-06-24 23:12:00+00:00,111.609375,111.609375,111.609375,111.609375,28.0
2025-06-24 23:13:00+00:00,111.609375,111.609375,111.59375,111.59375,3.0
2025-06-24 23:14:00+00:00,111.609375,111.609375,111.609375,111.609375,9.0
2025-06-24 23:15:00+00:00,111.609375,111.609375,111.59375,111.59375,26.0
2025-06-24 23:16:00+00:00,111.609375,111.609375,111.59375,111.59375,11.0
2025-06-24 23:18:00+00:00,111.625,111.625,111.609375,111.609375,412.0
2025-06-24 23:20:00+00:00,111.625,111.625,111.625,111.625,15.0
2025-06-24 23:27:00+00:00,111.625,111.625,111.625,111.625,24.0
2025-06-24 23:30:00+00:00,111.625,111.625,111.625,111.625,19.0
2025-06-24 23:32:00+00:00,111.625,111.625,111.609375,111.609375,353.0
2025-06-24 23:33:00+00:00,111.625,111.625,111.625,111.625,10.0
2025-06-24 23:34:00+00:00,111.609375,111.609375,111.609375,111.609375,791.0
2025-06-24 23:35:00+00:00,111.609375,111.625,111.609375,111.609375,653.0
2025-06-24 23:39:00+00:00,111.625,111.625,111.609375,111.609375,12.0
2025-06-24 23:42:00+00:00,111.609375,111.609375,111.609375,111.609375,327.0
2025-06-24 23:43:00+00:00,111.609375,111.609375,111.609375,111.609375,112.0
2025-06-24 23:46:00+00:00,111.609375,111.609375,111.59375,111.59375,192.0
2025-06-24 23:48:00+00:00,111.609375,111.609375,111.609375,111.609375,16.0
2025-06-24 23:52:00+00:00,111.59375,111.59375,111.59375,111.59375,75.0
2025-06-24 23:53:00+00:00,111.609375,111.609375,111.59375,111.59375,16.0
2025-06-24 23:56:00+00:00,111.609375,111.609375,111.609375,111.609375,48.0
2025-06-24 23:58:00+00:00,111.609375,111.609375,111.609375,111.609375,518.0
2025-06-24 23:59:00+00:00,111.625,111.625,111.625,111.625,22.0
2025-06-25 00:00:00+00:00,111.625,111.625,111.609375,111.609375,9.0
2025-06-25 00:01:00+00:00,111.640625,111.640625,111.625,111.625,360.0
2025-06-25 00:02:00+00:00,111.640625,111.640625,111.625,111.625,153.0
2025-06-25 00:03:00+00:00,111.609375,111.625,111.609375,111.625,638.0
2025-06-25 00:04:00+00:00,111.625,111.625,111.609375,111.625,186.0
2025-06-25 00:05:00+00:00,111.625,111.625,111.625,111.625,198.0
2025-06-25 00:08:00+00:00,111.625,111.625,111.609375,111.609375,5.0
2025-06-25 00:09:00+00:00,111.609375,111.609375,111.609375,111.609375,33.0
2025-06-25 00:11:00+00:00,111.609375,111.625,111.609375,111.609375,343.0
2025-06-25 00:12:00+00:00,111.625,111.625,111.625,111.625,1004.0
2025-06-25 00:13:00+00:00,111.625,111.625,111.609375,111.625,230.0
2025-06-25 00:15:00+00:00,111.640625,111.640625,111.625,111.625,1125.0
2025-06-25 00:16:00+00:00,111.625,111.640625,111.609375,111.640625,631.0
2025-06-25 00:17:00+00:00,111.625,111.625,111.609375,111.609375,25.0
2025-06-25 00:18:00+00:00,111.625,111.625,111.625,111.625,616.0
2025-06-25 00:19:00+00:00,111.625,111.625,111.625,111.625,399.0
2025-06-25 00:20:00+00:00,111.625,111.625,111.625,111.625,290.0
2025-06-25 00:21:00+00:00,111.625,111.625,111.625,111.625,167.0
2025-06-25 00:22:00+00:00,111.640625,111.640625,111.625,111.625,10.0
2025-06-25 00:23:00+00:00,111.640625,111.640625,111.640625,111.640625,11.0
2025-06-25 00:24:00+00:00,111.640625,111.640625,111.625,111.625,93.0
2025-06-25 00:25:00+00:00,111.640625,111.640625,111.640625,111.640625,106.0
2025-06-25 00:26:00+00:00,111.640625,111.640625,111.640625,111.640625,379.0
2025-06-25 00:27:00+00:00,111.65625,111.65625,111.640625,111.640625,138.0
2025-06-25 00:28:00+00:00,111.65625,111.65625,111.65625,111.65625,301.0
2025-06-25 00:29:00+00:00,111.65625,111.65625,111.65625,111.65625,37.0
2025-06-25 00:30:00+00:00,111.65625,111.65625,111.65625,111.65625,12.0
2025-06-25 00:31:00+00:00,111.65625,111.65625,111.65625,111.65625,5.0
2025-06-25 00:32:00+00:00,111.625,111.640625,111.625,111.640625,385.0
2025-06-25 00:33:00+00:00,111.609375,111.625,111.609375,111.625,231.0
2025-06-25 00:34:00+00:00,111.609375,111.625,111.609375,111.609375,16.0
2025-06-25 00:35:00+00:00,111.625,111.625,111.609375,111.609375,226.0
2025-06-25 00:38:00+00:00,111.625,111.625,111.609375,111.625,43.0
2025-06-25 00:39:00+00:00,111.625,111.625,111.625,111.625,239.0
2025-06-25 00:40:00+00:00,111.625,111.625,111.625,111.625,243.0
2025-06-25 00:41:00+00:00,111.609375,111.625,111.609375,111.609375,301.0
2025-06-25 00:42:00+00:00,111.59375,111.609375,111.59375,111.609375,899.0
2025-06-25 00:45:00+00:00,111.609375,111.609375,111.59375,111.59375,25.0
2025-06-25 00:46:00+00:00,111.59375,111.59375,111.59375,111.59375,4.0
2025-06-25 00:47:00+00:00,111.59375,111.609375,111.59375,111.59375,240.0
2025-06-25 00:48:00+00:00,111.609375,111.609375,111.59375,111.59375,158.0
2025-06-25 00:49:00+00:00,111.59375,111.59375,111.59375,111.59375,55.0
2025-06-25 00:51:00+00:00,111.59375,111.609375,111.59375,111.59375,548.0
2025-06-25 00:52:00+00:00,111.578125,111.59375,111.578125,111.59375,62.0
2025-06-25 00:54:00+00:00,111.59375,111.59375,111.578125,111.578125,12.0
2025-06-25 00:55:00+00:00,111.578125,111.578125,111.578125,111.578125,854.0
2025-06-25 00:56:00+00:00,111.578125,111.578125,111.578125,111.578125,858.0
2025-06-25 00:57:00+00:00,111.578125,111.578125,111.578125,111.578125,28.0
2025-06-25 00:58:00+00:00,111.578125,111.578125,111.578125,111.578125,7.0
2025-06-25 00:59:00+00:00,111.5625,111.5625,111.5625,111.5625,1192.0
2025-06-25 01:00:00+00:00,111.5625,111.5625,111.5625,111.5625,1073.0
2025-06-25 01:01:00+00:00,111.5625,111.5625,111.5625,111.5625,342.0
2025-06-25 01:02:00+00:00,111.5625,111.5625,111.5625,111.5625,34.0
2025-06-25 01:03:00+00:00,111.5625,111.578125,111.5625,111.5625,120.0
2025-06-25 01:04:00+00:00,111.578125,111.578125,111.5625,111.5625,100.0
2025-06-25 01:05:00+00:00,111.578125,111.578125,111.578125,111.578125,544.0
2025-06-25 01:07:00+00:00,111.578125,111.578125,111.578125,111.578125,514.0
2025-06-25 01:08:00+00:00,111.578125,111.578125,111.578125,111.578125,268.0
2025-06-25 01:09:00+00:00,111.578125,111.578125,111.578125,111.578125,1.0
2025-06-25 01:10:00+00:00,111.578125,111.578125,111.578125,111.578125,200.0
2025-06-25 01:11:00+00:00,111.578125,111.578125,111.578125,111.578125,655.0
2025-06-25 01:13:00+00:00,111.5625,111.5625,111.5625,111.5625,13.0
2025-06-25 01:14:00+00:00,111.5625,111.578125,111.5625,111.5625,1184.0
2025-06-25 01:15:00+00:00,111.5625,111.5625,111.5625,111.5625,365.0
2025-06-25 01:16:00+00:00,111.5625,111.5625,111.5625,111.5625,15.0
2025-06-25 01:17:00+00:00,111.578125,111.578125,111.578125,111.578125,71.0
2025-06-25 01:18:00+00:00,111.5625,111.578125,111.5625,111.578125,156.0
2025-06-25 01:19:00+00:00,111.578125,111.578125,111.578125,111.578125,158.0
2025-06-25 01:20:00+00:00,111.578125,111.578125,111.578125,111.578125,1792.0
2025-06-25 01:21:00+00:00,111.578125,111.578125,111.578125,111.578125,68.0
2025-06-25 01:24:00+00:00,111.578125,111.578125,111.578125,111.578125,1215.0
2025-06-25 01:25:00+00:00,111.578125,111.578125,111.578125,111.578125,2.0
2025-06-25 01:27:00+00:00,111.578125,111.578125,111.578125,111.578125,100.0
2025-06-25 01:30:00+00:00,111.609375,111.609375,111.59375,111.59375,2446.0
2025-06-25 01:31:00+00:00,111.609375,111.609375,111.609375,111.609375,17.0
2025-06-25 01:33:00+00:00,111.609375,111.609375,111.59375,111.59375,115.0
2025-06-25 01:34:00+00:00,111.609375,111.609375,111.59375,111.59375,56.0
2025-06-25 01:35:00+00:00,111.59375,111.59375,111.59375,111.59375,17.0
2025-06-25 01:36:00+00:00,111.59375,111.609375,111.59375,111.609375,8.0
2025-06-25 01:37:00+00:00,111.609375,111.609375,111.59375,111.609375,162.0
2025-06-25 01:39:00+00:00,111.59375,111.609375,111.59375,111.609375,1035.0
2025-06-25 01:40:00+00:00,111.578125,111.578125,111.578125,111.578125,13.0
2025-06-25 01:41:00+00:00,111.5625,111.59375,111.5625,111.59375,656.0
2025-06-25 01:42:00+00:00,111.578125,111.578125,111.5625,111.578125,86.0
2025-06-25 01:43:00+00:00,111.578125,111.578125,111.578125,111.578125,90.0
2025-06-25 01:44:00+00:00,111.5625,111.5625,111.546875,111.5625,564.0
2025-06-25 01:45:00+00:00,111.546875,111.5625,111.546875,111.5625,294.0
2025-06-25 01:46:00+00:00,111.5625,111.5625,111.5625,111.5625,1035.0
2025-06-25 01:47:00+00:00,111.5625,111.5625,111.5625,111.5625,104.0
2025-06-25 01:48:00+00:00,111.578125,111.578125,111.5625,111.578125,233.0
2025-06-25 01:49:00+00:00,111.578125,111.578125,111.578125,111.578125,20.0
2025-06-25 01:50:00+00:00,111.578125,111.578125,111.578125,111.578125,32.0
2025-06-25 01:51:00+00:00,111.5625,111.578125,111.5625,111.578125,30.0
2025-06-25 01:52:00+00:00,111.578125,111.578125,111.5625,111.5625,58.0
2025-06-25 01:53:00+00:00,111.5625,111.578125,111.5625,111.5625,99.0
2025-06-25 01:54:00+00:00,111.5625,111.5625,111.5625,111.5625,1221.0
2025-06-25 01:55:00+00:00,111.5625,111.5625,111.5625,111.5625,174.0
2025-06-25 01:57:00+00:00,111.5625,111.5625,111.5625,111.5625,1.0
2025-06-25 01:58:00+00:00,111.5625,111.5625,111.5625,111.5625,564.0
2025-06-25 01:59:00+00:00,111.578125,111.578125,111.5625,111.5625,1390.0
2025-06-25 02:02:00+00:00,111.578125,111.578125,111.578125,111.578125,161.0
2025-06-25 02:04:00+00:00,111.5625,111.5625,111.5625,111.5625,29.0
2025-06-25 02:05:00+00:00,111.578125,111.578125,111.5625,111.5625,107.0
2025-06-25 02:06:00+00:00,111.5625,111.578125,111.5625,111.578125,1077.0
2025-06-25 02:08:00+00:00,111.5625,111.5625,111.5625,111.5625,209.0
2025-06-25 02:09:00+00:00,111.5625,111.578125,111.5625,111.5625,213.0
2025-06-25 02:10:00+00:00,111.578125,111.578125,111.578125,111.578125,4.0
2025-06-25 02:11:00+00:00,111.59375,111.59375,111.578125,111.578125,344.0
2025-06-25 02:12:00+00:00,111.578125,111.578125,111.578125,111.578125,177.0
2025-06-25 02:13:00+00:00,111.578125,111.59375,111.578125,111.578125,333.0
2025-06-25 02:14:00+00:00,111.59375,111.59375,111.59375,111.59375,173.0
2025-06-25 02:15:00+00:00,111.578125,111.59375,111.578125,111.578125,25.0
2025-06-25 02:17:00+00:00,111.59375,111.59375,111.578125,111.59375,4.0
2025-06-25 02:18:00+00:00,111.59375,111.59375,111.578125,111.59375,9.0
2025-06-25 02:21:00+00:00,111.59375,111.59375,111.59375,111.59375,40.0
2025-06-25 02:22:00+00:00,111.59375,111.59375,111.59375,111.59375,132.0
2025-06-25 02:26:00+00:00,111.59375,111.59375,111.578125,111.578125,34.0
2025-06-25 02:27:00+00:00,111.578125,111.59375,111.578125,111.59375,553.0
2025-06-25 02:28:00+00:00,111.578125,111.578125,111.578125,111.578125,611.0
2025-06-25 02:30:00+00:00,111.578125,111.578125,111.578125,111.578125,3.0
2025-06-25 02:31:00+00:00,111.5625,111.578125,111.546875,111.578125,727.0
2025-06-25 02:32:00+00:00,111.546875,111.546875,111.546875,111.546875,23.0
2025-06-25 02:33:00+00:00,111.5625,111.5625,111.546875,111.5625,106.0
2025-06-25 02:34:00+00:00,111.5625,111.5625,111.5625,111.5625,20.0
2025-06-25 02:35:00+00:00,111.5625,111.5625,111.5625,111.5625,275.0
2025-06-25 02:36:00+00:00,111.5625,111.5625,111.5625,111.5625,2.0
2025-06-25 02:38:00+00:00,111.5625,111.5625,111.5625,111.5625,3.0
2025-06-25 02:39:00+00:00,111.5625,111.5625,111.546875,111.5625,749.0
2025-06-25 02:40:00+00:00,111.5625,111.5625,111.5625,111.5625,60.0
2025-06-25 02:42:00+00:00,111.578125,111.578125,111.5625,111.5625,228.0
2025-06-25 02:43:00+00:00,111.578125,111.578125,111.578125,111.578125,5.0
2025-06-25 02:44:00+00:00,111.5625,111.578125,111.5625,111.578125,238.0
2025-06-25 02:45:00+00:00,111.578125,111.578125,111.5625,111.5625,4.0
2025-06-25 02:46:00+00:00,111.578125,111.578125,111.5625,111.5625,22.0
2025-06-25 02:48:00+00:00,111.578125,111.578125,111.5625,111.5625,70.0
2025-06-25 02:51:00+00:00,111.578125,111.578125,111.578125,111.578125,16.0
2025-06-25 02:53:00+00:00,111.5625,111.5625,111.5625,111.5625,256.0
2025-06-25 02:54:00+00:00,111.5625,111.578125,111.5625,111.578125,6.0
2025-06-25 02:55:00+00:00,111.578125,111.578125,111.578125,111.578125,19.0
2025-06-25 02:57:00+00:00,111.59375,111.59375,111.578125,111.578125,257.0
2025-06-25 02:58:00+00:00,111.578125,111.59375,111.578125,111.59375,183.0
2025-06-25 02:59:00+00:00,111.578125,111.578125,111.578125,111.578125,8.0
2025-06-25 03:00:00+00:00,111.578125,111.578125,111.578125,111.578125,376.0
2025-06-25 03:01:00+00:00,111.578125,111.578125,111.578125,111.578125,402.0
2025-06-25 03:02:00+00:00,111.578125,111.578125,111.5625,111.5625,507.0
2025-06-25 03:04:00+00:00,111.578125,111.578125,111.578125,111.578125,6.0
2025-06-25 03:07:00+00:00,111.59375,111.59375,111.578125,111.578125,141.0
2025-06-25 03:08:00+00:00,111.578125,111.578125,111.578125,111.578125,42.0
2025-06-25 03:09:00+00:00,111.578125,111.578125,111.578125,111.578125,190.0
2025-06-25 03:10:00+00:00,111.578125,111.578125,111.578125,111.578125,374.0
2025-06-25 03:11:00+00:00,111.59375,111.59375,111.59375,111.59375,1.0
2025-06-25 03:12:00+00:00,111.578125,111.578125,111.578125,111.578125,241.0
2025-06-25 03:13:00+00:00,111.578125,111.578125,111.578125,111.578125,141.0
2025-06-25 03:14:00+00:00,111.578125,111.578125,111.578125,111.578125,211.0
2025-06-25 03:15:00+00:00,111.578125,111.578125,111.578125,111.578125,11.0
2025-06-25 03:16:00+00:00,111.59375,111.59375,111.59375,111.59375,103.0
2025-06-25 03:19:00+00:00,111.578125,111.59375,111.578125,111.59375,19.0
2025-06-25 03:20:00+00:00,111.578125,111.578125,111.578125,111.578125,139.0
2025-06-25 03:21:00+00:00,111.5625,111.5625,111.5625,111.5625,24.0
2025-06-25 03:23:00+00:00,111.578125,111.578125,111.5625,111.5625,28.0
2025-06-25 03:25:00+00:00,111.5625,111.578125,111.5625,111.578125,357.0
2025-06-25 03:26:00+00:00,111.578125,111.578125,111.578125,111.578125,17.0
2025-06-25 03:31:00+00:00,111.578125,111.578125,111.5625,111.5625,339.0
2025-06-25 03:32:00+00:00,111.578125,111.578125,111.578125,111.578125,457.0
2025-06-25 03:33:00+00:00,111.578125,111.59375,111.578125,111.578125,112.0
2025-06-25 03:39:00+00:00,111.578125,111.578125,111.578125,111.578125,178.0
2025-06-25 03:41:00+00:00,111.578125,111.578125,111.578125,111.578125,18.0
2025-06-25 03:43:00+00:00,111.578125,111.578125,111.578125,111.578125,338.0
2025-06-25 03:44:00+00:00,111.59375,111.59375,111.59375,111.59375,16.0
2025-06-25 03:45:00+00:00,111.578125,111.578125,111.578125,111.578125,1261.0
2025-06-25 03:46:00+00:00,111.578125,111.578125,111.578125,111.578125,407.0
2025-06-25 03:48:00+00:00,111.578125,111.578125,111.578125,111.578125,70.0
2025-06-25 03:50:00+00:00,111.5625,111.578125,111.5625,111.578125,17.0
2025-06-25 03:53:00+00:00,111.578125,111.578125,111.578125,111.578125,14.0
2025-06-25 03:55:00+00:00,111.5625,111.578125,111.5625,111.578125,22.0
2025-06-25 03:56:00+00:00,111.5625,111.578125,111.5625,111.578125,15.0
2025-06-25 03:57:00+00:00,111.5625,111.578125,111.5625,111.578125,10.0
2025-06-25 03:58:00+00:00,111.5625,111.578125,111.5625,111.578125,23.0
2025-06-25 04:02:00+00:00,111.578125,111.578125,111.578125,111.578125,1242.0
2025-06-25 04:03:00+00:00,111.59375,111.59375,111.578125,111.578125,25.0
2025-06-25 04:04:00+00:00,111.59375,111.59375,111.578125,111.578125,11.0
2025-06-25 04:05:00+00:00,111.59375,111.59375,111.59375,111.59375,27.0
2025-06-25 04:06:00+00:00,111.578125,111.59375,111.578125,111.578125,127.0
2025-06-25 04:07:00+00:00,111.59375,111.59375,111.578125,111.578125,351.0
2025-06-25 04:08:00+00:00,111.59375,111.59375,111.59375,111.59375,5.0
2025-06-25 04:09:00+00:00,111.578125,111.578125,111.578125,111.578125,301.0
2025-06-25 04:10:00+00:00,111.59375,111.59375,111.578125,111.578125,6.0
2025-06-25 04:11:00+00:00,111.578125,111.59375,111.578125,111.59375,237.0
2025-06-25 04:12:00+00:00,111.578125,111.578125,111.5625,111.5625,208.0
2025-06-25 04:13:00+00:00,111.578125,111.578125,111.578125,111.578125,176.0
2025-06-25 04:14:00+00:00,111.578125,111.578125,111.578125,111.578125,34.0
2025-06-25 04:15:00+00:00,111.578125,111.59375,111.578125,111.578125,441.0
2025-06-25 04:16:00+00:00,111.578125,111.59375,111.578125,111.578125,16.0
2025-06-25 04:17:00+00:00,111.578125,111.59375,111.578125,111.578125,80.0
2025-06-25 04:18:00+00:00,111.59375,111.59375,111.578125,111.578125,14.0
2025-06-25 04:20:00+00:00,111.59375,111.59375,111.59375,111.59375,1186.0
2025-06-25 04:21:00+00:00,111.609375,111.609375,111.59375,111.609375,25.0
2025-06-25 04:22:00+00:00,111.609375,111.609375,111.59375,111.59375,18.0
2025-06-25 04:23:00+00:00,111.609375,111.609375,111.609375,111.609375,5.0
2025-06-25 04:24:00+00:00,111.609375,111.609375,111.59375,111.609375,586.0
2025-06-25 04:25:00+00:00,111.59375,111.609375,111.59375,111.59375,670.0
2025-06-25 04:27:00+00:00,111.59375,111.59375,111.59375,111.59375,303.0
2025-06-25 04:28:00+00:00,111.578125,111.59375,111.578125,111.59375,9.0
2025-06-25 04:29:00+00:00,111.609375,111.609375,111.59375,111.59375,123.0
2025-06-25 04:30:00+00:00,111.609375,111.609375,111.609375,111.609375,692.0
2025-06-25 04:31:00+00:00,111.609375,111.609375,111.609375,111.609375,8.0
2025-06-25 04:33:00+00:00,111.59375,111.609375,111.59375,111.609375,615.0
2025-06-25 04:41:00+00:00,111.609375,111.609375,111.609375,111.609375,22.0
2025-06-25 04:43:00+00:00,111.59375,111.609375,111.59375,111.609375,319.0
2025-06-25 04:44:00+00:00,111.609375,111.609375,111.609375,111.609375,103.0
2025-06-25 04:48:00+00:00,111.59375,111.609375,111.59375,111.609375,15.0
2025-06-25 04:49:00+00:00,111.609375,111.625,111.609375,111.609375,110.0
2025-06-25 04:53:00+00:00,111.59375,111.609375,111.59375,111.609375,997.0
2025-06-25 04:55:00+00:00,111.59375,111.59375,111.59375,111.59375,101.0
2025-06-25 04:59:00+00:00,111.59375,111.59375,111.59375,111.59375,653.0
2025-06-25 05:00:00+00:00,111.578125,111.59375,111.578125,111.59375,139.0
2025-06-25 05:01:00+00:00,111.578125,111.578125,111.578125,111.578125,79.0
2025-06-25 05:02:00+00:00,111.59375,111.59375,111.578125,111.578125,86.0
2025-06-25 05:03:00+00:00,111.59375,111.59375,111.59375,111.59375,542.0
2025-06-25 05:05:00+00:00,111.578125,111.578125,111.578125,111.578125,15.0
2025-06-25 05:06:00+00:00,111.59375,111.59375,111.578125,111.578125,18.0
2025-06-25 05:07:00+00:00,111.578125,111.59375,111.578125,111.59375,240.0
2025-06-25 05:09:00+00:00,111.59375,111.59375,111.578125,111.578125,81.0
2025-06-25 05:12:00+00:00,111.59375,111.59375,111.59375,111.59375,31.0
2025-06-25 05:14:00+00:00,111.59375,111.59375,111.578125,111.578125,9.0
2025-06-25 05:16:00+00:00,111.59375,111.59375,111.578125,111.578125,8.0
2025-06-25 05:17:00+00:00,111.59375,111.59375,111.59375,111.59375,7.0
2025-06-25 05:18:00+00:00,111.59375,111.59375,111.578125,111.578125,7.0
2025-06-25 05:21:00+00:00,111.578125,111.578125,111.578125,111.578125,52.0
2025-06-25 05:23:00+00:00,111.578125,111.59375,111.578125,111.59375,2.0
2025-06-25 05:26:00+00:00,111.578125,111.578125,111.578125,111.578125,10.0
2025-06-25 05:27:00+00:00,111.59375,111.59375,111.59375,111.59375,1533.0
2025-06-25 05:29:00+00:00,111.609375,111.609375,111.609375,111.609375,117.0
2025-06-25 05:31:00+00:00,111.609375,111.609375,111.609375,111.609375,381.0
2025-06-25 05:32:00+00:00,111.609375,111.609375,111.609375,111.609375,21.0
2025-06-25 05:33:00+00:00,111.609375,111.625,111.609375,111.609375,695.0
2025-06-25 05:34:00+00:00,111.625,111.625,111.609375,111.609375,332.0
2025-06-25 05:37:00+00:00,111.609375,111.625,111.609375,111.625,8.0
2025-06-25 05:38:00+00:00,111.625,111.625,111.609375,111.609375,61.0
2025-06-25 05:39:00+00:00,111.625,111.625,111.625,111.625,997.0
2025-06-25 05:40:00+00:00,111.640625,111.640625,111.625,111.625,481.0
2025-06-25 05:41:00+00:00,111.640625,111.640625,111.640625,111.640625,1.0
2025-06-25 05:42:00+00:00,111.640625,111.640625,111.640625,111.640625,10.0
2025-06-25 05:43:00+00:00,111.640625,111.640625,111.640625,111.640625,737.0
2025-06-25 05:44:00+00:00,111.640625,111.640625,111.640625,111.640625,6.0
2025-06-25 05:45:00+00:00,111.625,111.640625,111.625,111.640625,214.0
2025-06-25 05:48:00+00:00,111.625,111.625,111.625,111.625,16.0
2025-06-25 05:50:00+00:00,111.625,111.625,111.609375,111.609375,7.0
2025-06-25 05:53:00+00:00,111.625,111.625,111.625,111.625,56.0
2025-06-25 05:54:00+00:00,111.609375,111.625,111.609375,111.625,875.0
2025-06-25 05:56:00+00:00,111.625,111.625,111.625,111.625,58.0
2025-06-25 06:00:00+00:00,111.640625,111.640625,111.625,111.625,883.0
2025-06-25 06:01:00+00:00,111.640625,111.640625,111.625,111.640625,712.0
2025-06-25 06:02:00+00:00,111.65625,111.65625,111.640625,111.65625,153.0
2025-06-25 06:03:00+00:00,111.65625,111.65625,111.65625,111.65625,132.0
2025-06-25 06:04:00+00:00,111.640625,111.65625,111.640625,111.65625,441.0
2025-06-25 06:05:00+00:00,111.640625,111.640625,111.640625,111.640625,247.0
2025-06-25 06:06:00+00:00,111.640625,111.640625,111.640625,111.640625,34.0
2025-06-25 06:07:00+00:00,111.609375,111.625,111.609375,111.625,298.0
2025-06-25 06:08:00+00:00,111.609375,111.609375,111.609375,111.609375,206.0
2025-06-25 06:09:00+00:00,111.625,111.625,111.625,111.625,7.0
2025-06-25 06:10:00+00:00,111.609375,111.609375,111.609375,111.609375,797.0
2025-06-25 06:11:00+00:00,111.609375,111.609375,111.609375,111.609375,18.0
2025-06-25 06:12:00+00:00,111.609375,111.609375,111.609375,111.609375,520.0
2025-06-25 06:13:00+00:00,111.609375,111.609375,111.609375,111.609375,142.0
2025-06-25 06:14:00+00:00,111.609375,111.609375,111.609375,111.609375,15.0
2025-06-25 06:15:00+00:00,111.609375,111.625,111.609375,111.625,304.0
2025-06-25 06:16:00+00:00,111.625,111.625,111.625,111.625,398.0
2025-06-25 06:17:00+00:00,111.625,111.625,111.625,111.625,110.0
2025-06-25 06:18:00+00:00,111.625,111.625,111.609375,111.609375,163.0
2025-06-25 06:19:00+00:00,111.625,111.625,111.625,111.625,459.0
2025-06-25 06:20:00+00:00,111.625,111.640625,111.625,111.625,229.0
2025-06-25 06:21:00+00:00,111.640625,111.640625,111.640625,111.640625,21.0
2025-06-25 06:23:00+00:00,111.640625,111.65625,111.625,111.640625,581.0
2025-06-25 06:24:00+00:00,111.625,111.640625,111.625,111.640625,375.0
2025-06-25 06:25:00+00:00,111.65625,111.65625,111.640625,111.640625,199.0
2025-06-25 06:26:00+00:00,111.640625,111.65625,111.640625,111.640625,1119.0
2025-06-25 06:27:00+00:00,111.640625,111.65625,111.640625,111.640625,757.0
2025-06-25 06:28:00+00:00,111.640625,111.65625,111.625,111.625,1065.0
2025-06-25 06:29:00+00:00,111.65625,111.65625,111.640625,111.640625,283.0
2025-06-25 06:30:00+00:00,111.65625,111.65625,111.640625,111.65625,927.0
2025-06-25 06:31:00+00:00,111.640625,111.65625,111.640625,111.640625,9.0
2025-06-25 06:32:00+00:00,111.625,111.65625,111.625,111.640625,1217.0
2025-06-25 06:33:00+00:00,111.625,111.640625,111.625,111.640625,243.0
2025-06-25 06:34:00+00:00,111.640625,111.640625,111.625,111.625,377.0
2025-06-25 06:35:00+00:00,111.640625,111.65625,111.640625,111.640625,630.0
2025-06-25 06:36:00+00:00,111.640625,111.65625,111.640625,111.640625,8.0
2025-06-25 06:37:00+00:00,111.625,111.65625,111.625,111.640625,611.0
2025-06-25 06:38:00+00:00,111.625,111.625,111.625,111.625,6.0
2025-06-25 06:42:00+00:00,111.640625,111.640625,111.640625,111.640625,194.0
2025-06-25 06:44:00+00:00,111.640625,111.640625,111.640625,111.640625,580.0
2025-06-25 06:46:00+00:00,111.625,111.625,111.609375,111.625,1026.0
2025-06-25 06:47:00+00:00,111.609375,111.609375,111.609375,111.609375,189.0
2025-06-25 06:48:00+00:00,111.625,111.625,111.609375,111.609375,1136.0
2025-06-25 06:49:00+00:00,111.609375,111.625,111.609375,111.625,1414.0
2025-06-25 06:50:00+00:00,111.625,111.625,111.609375,111.609375,262.0
2025-06-25 06:51:00+00:00,111.625,111.625,111.609375,111.609375,174.0
2025-06-25 06:53:00+00:00,111.609375,111.609375,111.609375,111.609375,167.0
2025-06-25 06:55:00+00:00,111.625,111.625,111.609375,111.609375,17.0
2025-06-25 06:56:00+00:00,111.640625,111.640625,111.609375,111.625,466.0
2025-06-25 06:57:00+00:00,111.625,111.640625,111.625,111.640625,24.0
2025-06-25 06:58:00+00:00,111.625,111.640625,111.625,111.640625,16.0
2025-06-25 06:59:00+00:00,111.640625,111.640625,111.625,111.640625,21.0
2025-06-25 07:00:00+00:00,111.65625,111.65625,111.640625,111.640625,2731.0
2025-06-25 07:01:00+00:00,111.65625,111.671875,111.640625,111.65625,569.0
2025-06-25 07:02:00+00:00,111.671875,111.671875,111.65625,111.671875,328.0
2025-06-25 07:03:00+00:00,111.65625,111.671875,111.65625,111.671875,3703.0
2025-06-25 07:04:00+00:00,111.65625,111.65625,111.640625,111.65625,1904.0
2025-06-25 07:05:00+00:00,111.671875,111.671875,111.640625,111.65625,1008.0
2025-06-25 07:06:00+00:00,111.6875,111.6875,111.65625,111.65625,958.0
2025-06-25 07:07:00+00:00,111.6875,111.6875,111.671875,111.6875,179.0
2025-06-25 07:08:00+00:00,111.71875,111.71875,111.671875,111.6875,6088.0
2025-06-25 07:09:00+00:00,111.703125,111.71875,111.6875,111.71875,4346.0
2025-06-25 07:10:00+00:00,111.6875,111.71875,111.6875,111.703125,1678.0
2025-06-25 07:11:00+00:00,111.6875,111.703125,111.6875,111.6875,227.0
2025-06-25 07:12:00+00:00,111.6875,111.703125,111.671875,111.6875,3075.0
2025-06-25 07:13:00+00:00,111.703125,111.703125,111.6875,111.6875,171.0
2025-06-25 07:14:00+00:00,111.6875,111.703125,111.6875,111.6875,1864.0
2025-06-25 07:15:00+00:00,111.6875,111.703125,111.671875,111.6875,1258.0
2025-06-25 07:16:00+00:00,111.6875,111.703125,111.671875,111.703125,1712.0
2025-06-25 07:17:00+00:00,111.671875,111.703125,111.671875,111.6875,1252.0
2025-06-25 07:18:00+00:00,111.671875,111.6875,111.671875,111.671875,309.0
2025-06-25 07:19:00+00:00,111.671875,111.6875,111.671875,111.671875,143.0
2025-06-25 07:20:00+00:00,111.6875,111.6875,111.671875,111.6875,1055.0
2025-06-25 07:21:00+00:00,111.671875,111.671875,111.671875,111.671875,1252.0
2025-06-25 07:22:00+00:00,111.671875,111.6875,111.671875,111.671875,657.0
2025-06-25 07:23:00+00:00,111.671875,111.703125,111.671875,111.6875,2098.0
2025-06-25 07:24:00+00:00,111.671875,111.6875,111.671875,111.671875,1196.0
2025-06-25 07:25:00+00:00,111.671875,111.6875,111.671875,111.6875,225.0
2025-06-25 07:26:00+00:00,111.671875,111.6875,111.671875,111.671875,592.0
2025-06-25 07:27:00+00:00,111.6875,111.6875,111.671875,111.6875,345.0
2025-06-25 07:28:00+00:00,111.6875,111.6875,111.671875,111.6875,159.0
2025-06-25 07:29:00+00:00,111.6875,111.6875,111.671875,111.671875,561.0
2025-06-25 07:30:00+00:00,111.6875,111.6875,111.671875,111.6875,978.0
2025-06-25 07:31:00+00:00,111.640625,111.6875,111.640625,111.671875,4423.0
2025-06-25 07:32:00+00:00,111.640625,111.65625,111.640625,111.640625,1380.0
2025-06-25 07:33:00+00:00,111.65625,111.65625,111.640625,111.640625,58.0
2025-06-25 07:34:00+00:00,111.640625,111.65625,111.640625,111.640625,179.0
2025-06-25 07:35:00+00:00,111.65625,111.65625,111.640625,111.640625,221.0
2025-06-25 07:36:00+00:00,111.640625,111.65625,111.640625,111.640625,7.0
2025-06-25 07:38:00+00:00,111.671875,111.6875,111.671875,111.6875,2966.0
2025-06-25 07:39:00+00:00,111.671875,111.6875,111.65625,111.6875,1499.0
2025-06-25 07:41:00+00:00,111.671875,111.671875,111.671875,111.671875,1045.0
2025-06-25 07:42:00+00:00,111.671875,111.671875,111.671875,111.671875,420.0
2025-06-25 07:43:00+00:00,111.6875,111.703125,111.671875,111.671875,611.0
2025-06-25 07:44:00+00:00,111.703125,111.703125,111.6875,111.6875,13.0
2025-06-25 07:45:00+00:00,111.6875,111.6875,111.6875,111.6875,55.0
2025-06-25 07:46:00+00:00,111.703125,111.703125,111.6875,111.703125,31.0
2025-06-25 07:47:00+00:00,111.6875,111.703125,111.6875,111.703125,141.0
2025-06-25 07:48:00+00:00,111.703125,111.703125,111.6875,111.6875,1734.0
2025-06-25 07:49:00+00:00,111.703125,111.703125,111.6875,111.703125,300.0
2025-06-25 07:50:00+00:00,111.703125,111.71875,111.703125,111.703125,31.0
2025-06-25 07:51:00+00:00,111.703125,111.703125,111.6875,111.703125,621.0
2025-06-25 07:52:00+00:00,111.703125,111.703125,111.6875,111.703125,412.0
2025-06-25 07:53:00+00:00,111.6875,111.703125,111.6875,111.703125,194.0
2025-06-25 07:54:00+00:00,111.703125,111.703125,111.6875,111.6875,9.0
2025-06-25 07:55:00+00:00,111.71875,111.71875,111.6875,111.703125,2974.0
2025-06-25 07:56:00+00:00,111.71875,111.71875,111.703125,111.703125,851.0
2025-06-25 07:57:00+00:00,111.71875,111.71875,111.703125,111.71875,1460.0
2025-06-25 07:58:00+00:00,111.703125,111.71875,111.703125,111.71875,24.0
2025-06-25 07:59:00+00:00,111.71875,111.734375,111.703125,111.703125,942.0
2025-06-25 08:00:00+00:00,111.734375,111.734375,111.71875,111.734375,662.0
2025-06-25 08:01:00+00:00,111.734375,111.734375,111.71875,111.71875,145.0
2025-06-25 08:02:00+00:00,111.734375,111.734375,111.71875,111.734375,124.0
2025-06-25 08:03:00+00:00,111.734375,111.734375,111.71875,111.734375,3579.0
2025-06-25 08:04:00+00:00,111.71875,111.734375,111.71875,111.71875,1313.0
2025-06-25 08:05:00+00:00,111.71875,111.734375,111.703125,111.71875,1528.0
2025-06-25 08:06:00+00:00,111.734375,111.75,111.71875,111.734375,491.0
2025-06-25 08:07:00+00:00,111.71875,111.734375,111.71875,111.734375,954.0
2025-06-25 08:08:00+00:00,111.734375,111.734375,111.71875,111.71875,106.0
2025-06-25 08:09:00+00:00,111.734375,111.75,111.71875,111.71875,1418.0
2025-06-25 08:10:00+00:00,111.734375,111.75,111.734375,111.734375,242.0
2025-06-25 08:11:00+00:00,111.734375,111.75,111.734375,111.75,96.0
2025-06-25 08:12:00+00:00,111.734375,111.75,111.734375,111.734375,28.0
2025-06-25 08:13:00+00:00,111.71875,111.734375,111.71875,111.734375,5467.0
2025-06-25 08:14:00+00:00,111.71875,111.734375,111.71875,111.71875,782.0
2025-06-25 08:15:00+00:00,111.71875,111.71875,111.71875,111.71875,38.0
2025-06-25 08:25:00+00:00,111.6875,111.6875,111.671875,111.6719970703125,6142.0
2025-06-25 08:26:00+00:00,111.6875,111.703125,111.6875,111.703125,9.0
2025-06-25 08:27:00+00:00,111.6875,111.6875,111.6875,111.6875,619.0
2025-06-25 08:28:00+00:00,111.671875,111.6875,111.671875,111.671875,663.0
2025-06-25 08:29:00+00:00,111.703125,111.703125,111.671875,111.671875,733.0
2025-06-25 08:30:00+00:00,111.6875,111.703125,111.671875,111.6875,340.0
2025-06-25 08:31:00+00:00,111.671875,111.6875,111.671875,111.6875,16.0
2025-06-25 08:32:00+00:00,111.6875,111.6875,111.671875,111.671875,101.0
2025-06-25 08:33:00+00:00,111.671875,111.6875,111.671875,111.6875,487.0
2025-06-25 08:34:00+00:00,111.65625,111.671875,111.65625,111.671875,740.0
2025-06-25 08:35:00+00:00,111.65625,111.671875,111.640625,111.65625,1802.0
2025-06-25 08:36:00+00:00,111.65625,111.65625,111.640625,111.640625,1601.0
2025-06-25 08:37:00+00:00,111.640625,111.65625,111.640625,111.640625,519.0
2025-06-25 08:38:00+00:00,111.625,111.65625,111.625,111.640625,2593.0
2025-06-25 08:39:00+00:00,111.625,111.640625,111.609375,111.625,1130.0
2025-06-25 08:40:00+00:00,111.625,111.640625,111.625,111.625,841.0
2025-06-25 08:41:00+00:00,111.609375,111.640625,111.609375,111.625,1951.0
2025-06-25 08:42:00+00:00,111.625,111.625,111.609375,111.609375,18.0
2025-06-25 08:43:00+00:00,111.609375,111.625,111.609375,111.609375,19.0
2025-06-25 08:44:00+00:00,111.625,111.625,111.609375,111.609375,108.0
2025-06-25 08:45:00+00:00,111.609375,111.625,111.609375,111.609375,54.0
2025-06-25 08:46:00+00:00,111.609375,111.625,111.609375,111.625,312.0
2025-06-25 08:47:00+00:00,111.609375,111.625,111.609375,111.609375,2140.0
2025-06-25 08:48:00+00:00,111.609375,111.625,111.609375,111.625,1880.0
2025-06-25 08:49:00+00:00,111.625,111.625,111.609375,111.609375,465.0
2025-06-25 08:50:00+00:00,111.609375,111.625,111.609375,111.609375,238.0
2025-06-25 08:51:00+00:00,111.609375,111.625,111.609375,111.609375,228.0
2025-06-25 08:52:00+00:00,111.609375,111.625,111.609375,111.609375,22.0
2025-06-25 08:53:00+00:00,111.640625,111.640625,111.609375,111.609375,2801.0
2025-06-25 08:54:00+00:00,111.609375,111.625,111.609375,111.625,788.0
2025-06-25 08:55:00+00:00,111.609375,111.625,111.609375,111.609375,1176.0
2025-06-25 08:56:00+00:00,111.609375,111.625,111.609375,111.625,19.0
2025-06-25 08:57:00+00:00,111.609375,111.625,111.609375,111.609375,1938.0
2025-06-25 08:58:00+00:00,111.625,111.625,111.609375,111.609375,1039.0
2025-06-25 08:59:00+00:00,111.625,111.640625,111.625,111.625,3683.0
2025-06-25 09:00:00+00:00,111.640625,111.640625,111.625,111.640625,652.0
2025-06-25 09:01:00+00:00,111.640625,111.640625,111.640625,111.640625,2274.0
2025-06-25 09:02:00+00:00,111.640625,111.65625,111.640625,111.65625,930.0
2025-06-25 09:03:00+00:00,111.640625,111.65625,111.625,111.640625,2266.0
2025-06-25 09:04:00+00:00,111.640625,111.640625,111.625,111.640625,587.0
2025-06-25 09:05:00+00:00,111.625,111.640625,111.625,111.625,22.0
2025-06-25 09:06:00+00:00,111.625,111.640625,111.625,111.640625,11.0
2025-06-25 09:07:00+00:00,111.640625,111.640625,111.625,111.640625,32.0
2025-06-25 09:08:00+00:00,111.640625,111.640625,111.625,111.625,12.0
2025-06-25 09:09:00+00:00,111.65625,111.65625,111.625,111.640625,1304.0
2025-06-25 09:10:00+00:00,111.65625,111.65625,111.640625,111.640625,45.0
2025-06-25 09:11:00+00:00,111.65625,111.65625,111.65625,111.65625,27.0
2025-06-25 09:13:00+00:00,111.640625,111.65625,111.640625,111.640625,33.0
2025-06-25 09:14:00+00:00,111.640625,111.640625,111.640625,111.640625,1129.0
2025-06-25 09:15:00+00:00,111.640625,111.640625,111.625,111.640625,1693.0
2025-06-25 09:16:00+00:00,111.640625,111.65625,111.640625,111.65625,31.0
2025-06-25 09:17:00+00:00,111.640625,111.65625,111.640625,111.640625,15.0
2025-06-25 09:18:00+00:00,111.65625,111.65625,111.640625,111.640625,1314.0
2025-06-25 09:19:00+00:00,111.671875,111.671875,111.65625,111.671875,12.0
2025-06-25 09:20:00+00:00,111.671875,111.671875,111.65625,111.671875,1921.0
2025-06-25 09:21:00+00:00,111.671875,111.671875,111.65625,111.671875,18.0
2025-06-25 09:22:00+00:00,111.65625,111.671875,111.65625,111.671875,172.0
2025-06-25 09:23:00+00:00,111.671875,111.671875,111.65625,111.671875,565.0
2025-06-25 09:24:00+00:00,111.671875,111.6875,111.671875,111.671875,1085.0
2025-06-25 09:25:00+00:00,111.6875,111.6875,111.65625,111.671875,565.0
2025-06-25 09:26:00+00:00,111.671875,111.6875,111.671875,111.6875,802.0
2025-06-25 09:27:00+00:00,111.671875,111.671875,111.65625,111.65625,10.0
2025-06-25 09:28:00+00:00,111.671875,111.671875,111.65625,111.671875,34.0
2025-06-25 09:29:00+00:00,111.671875,111.671875,111.671875,111.671875,1036.0
2025-06-25 09:30:00+00:00,111.65625,111.671875,111.65625,111.671875,1127.0
2025-06-25 09:31:00+00:00,111.640625,111.65625,111.640625,111.640625,133.0
2025-06-25 09:32:00+00:00,111.65625,111.65625,111.640625,111.640625,28.0
2025-06-25 09:33:00+00:00,111.65625,111.65625,111.640625,111.640625,19.0
2025-06-25 09:34:00+00:00,111.65625,111.65625,111.640625,111.65625,3189.0
2025-06-25 09:35:00+00:00,111.640625,111.65625,111.640625,111.65625,1647.0
2025-06-25 09:36:00+00:00,111.640625,111.640625,111.625,111.625,2123.0
2025-06-25 09:37:00+00:00,111.640625,111.640625,111.625,111.625,1033.0
2025-06-25 09:38:00+00:00,111.625,111.640625,111.625,111.625,669.0
2025-06-25 09:39:00+00:00,111.625,111.625,111.609375,111.625,1798.0
2025-06-25 09:40:00+00:00,111.625,111.625,111.609375,111.625,568.0
2025-06-25 09:41:00+00:00,111.625,111.625,111.609375,111.625,1888.0
2025-06-25 09:42:00+00:00,111.625,111.625,111.609375,111.609375,3.0
2025-06-25 09:43:00+00:00,111.640625,111.640625,111.625,111.625,1556.0
2025-06-25 09:44:00+00:00,111.640625,111.640625,111.625,111.640625,1968.0
2025-06-25 09:45:00+00:00,111.640625,111.640625,111.625,111.640625,68.0
2025-06-25 09:46:00+00:00,111.640625,111.640625,111.640625,111.640625,160.0
2025-06-25 09:47:00+00:00,111.640625,111.640625,111.625,111.625,14.0
2025-06-25 09:48:00+00:00,111.640625,111.640625,111.640625,111.640625,88.0
2025-06-25 09:49:00+00:00,111.640625,111.640625,111.625,111.640625,6.0
2025-06-25 09:50:00+00:00,111.625,111.640625,111.625,111.640625,51.0
2025-06-25 09:51:00+00:00,111.625,111.625,111.609375,111.625,2598.0
2025-06-25 09:52:00+00:00,111.640625,111.640625,111.609375,111.609375,659.0
2025-06-25 09:54:00+00:00,111.625,111.625,111.609375,111.625,554.0
2025-06-25 09:55:00+00:00,111.609375,111.625,111.59375,111.609375,460.0
2025-06-25 09:56:00+00:00,111.59375,111.609375,111.59375,111.609375,157.0
2025-06-25 09:57:00+00:00,111.59375,111.59375,111.59375,111.59375,50.0
2025-06-25 09:59:00+00:00,111.59375,111.59375,111.59375,111.59375,115.0
2025-06-25 10:00:00+00:00,111.59375,111.609375,111.59375,111.609375,20.0
2025-06-25 10:01:00+00:00,111.59375,111.609375,111.59375,111.609375,22.0
2025-06-25 10:02:00+00:00,111.59375,111.609375,111.59375,111.59375,18.0
2025-06-25 10:03:00+00:00,111.609375,111.609375,111.59375,111.59375,4.0
2025-06-25 10:05:00+00:00,111.578125,111.609375,111.578125,111.59375,832.0
2025-06-25 10:06:00+00:00,111.59375,111.59375,111.578125,111.59375,152.0
2025-06-25 10:07:00+00:00,111.609375,111.609375,111.59375,111.59375,2483.0
2025-06-25 10:08:00+00:00,111.640625,111.640625,111.625,111.625,1796.0
2025-06-25 10:09:00+00:00,111.625,111.640625,111.625,111.640625,520.0
2025-06-25 10:10:00+00:00,111.625,111.625,111.625,111.625,477.0
2025-06-25 10:11:00+00:00,111.640625,111.640625,111.625,111.625,669.0
2025-06-25 10:12:00+00:00,111.625,111.640625,111.625,111.640625,1652.0
2025-06-25 10:14:00+00:00,111.64099884033203,111.64099884033203,111.640625,111.640625,2.0
2025-06-25 10:15:00+00:00,111.640625,111.640625,111.625,111.640625,26.0
2025-06-25 10:16:00+00:00,111.625,111.640625,111.625,111.640625,48.0
2025-06-25 10:17:00+00:00,111.625,111.640625,111.625,111.640625,717.0
2025-06-25 10:18:00+00:00,111.640625,111.640625,111.625,111.625,311.0
2025-06-25 10:19:00+00:00,111.65625,111.65625,111.65625,111.65625,9.0
2025-06-25 10:20:00+00:00,111.640625,111.640625,111.640625,111.640625,583.0
2025-06-25 10:21:00+00:00,111.640625,111.640625,111.640625,111.640625,896.0
2025-06-25 10:22:00+00:00,111.625,111.640625,111.625,111.640625,441.0
2025-06-25 10:23:00+00:00,111.625,111.625,111.625,111.625,1932.0
2025-06-25 10:24:00+00:00,111.625,111.625,111.625,111.625,1092.0
2025-06-25 10:25:00+00:00,111.609375,111.609375,111.609375,111.609375,44.0
2025-06-25 10:26:00+00:00,111.59375,111.609375,111.59375,111.609375,577.0
2025-06-25 10:27:00+00:00,111.609375,111.609375,111.59375,111.59375,535.0
2025-06-25 10:28:00+00:00,111.609375,111.625,111.609375,111.609375,2171.0
2025-06-25 10:29:00+00:00,111.59375,111.625,111.59375,111.609375,2472.0
2025-06-25 10:30:00+00:00,111.609375,111.609375,111.609375,111.609375,619.0
2025-06-25 10:34:00+00:00,111.59375,111.609375,111.59375,111.609375,665.0
2025-06-25 10:35:00+00:00,111.59375,111.59375,111.59375,111.59375,732.0
2025-06-25 10:36:00+00:00,111.59375,111.59375,111.59375,111.59375,2199.0
2025-06-25 10:38:00+00:00,111.59375,111.59375,111.59375,111.59375,695.0
2025-06-25 10:39:00+00:00,111.59375,111.609375,111.59375,111.59375,95.0
2025-06-25 10:40:00+00:00,111.59375,111.59375,111.578125,111.578125,1085.0
2025-06-25 10:41:00+00:00,111.578125,111.59375,111.578125,111.59375,244.0
2025-06-25 10:42:00+00:00,111.578125,111.59375,111.578125,111.578125,7.0
2025-06-25 10:43:00+00:00,111.578125,111.578125,111.5625,111.578125,1959.0
2025-06-25 10:44:00+00:00,111.5625,111.578125,111.5625,111.578125,263.0
2025-06-25 10:45:00+00:00,111.5625,111.578125,111.5625,111.578125,38.0
2025-06-25 10:46:00+00:00,111.5625,111.578125,111.546875,111.578125,2587.0
2025-06-25 10:47:00+00:00,111.546875,111.5625,111.546875,111.5625,13.0
2025-06-25 10:48:00+00:00,111.5625,111.5625,111.546875,111.546875,713.0
2025-06-25 10:49:00+00:00,111.5625,111.5625,111.5625,111.5625,284.0
2025-06-25 10:50:00+00:00,111.5625,111.578125,111.5625,111.5625,39.0
2025-06-25 10:52:00+00:00,111.5625,111.5625,111.5625,111.5625,234.0
2025-06-25 10:53:00+00:00,111.5625,111.5625,111.5625,111.5625,1339.0
2025-06-25 10:54:00+00:00,111.5625,111.5625,111.546875,111.5625,365.0
2025-06-25 10:55:00+00:00,111.5625,111.5625,111.546875,111.5625,103.0
2025-06-25 10:56:00+00:00,111.578125,111.578125,111.5625,111.5625,505.0
2025-06-25 10:57:00+00:00,111.5625,111.578125,111.5625,111.578125,504.0
2025-06-25 10:58:00+00:00,111.59375,111.609375,111.5625,111.578125,2144.0
2025-06-25 10:59:00+00:00,111.59375,111.609375,111.578125,111.59375,1032.0
2025-06-25 11:00:00+00:00,111.59375,111.609375,111.59375,111.609375,945.0
2025-06-25 11:01:00+00:00,111.609375,111.625,111.59375,111.609375,1254.0
2025-06-25 11:02:00+00:00,111.640625,111.640625,111.609375,111.609375,2878.0
2025-06-25 11:03:00+00:00,111.640625,111.65625,111.640625,111.65625,554.0
2025-06-25 11:04:00+00:00,111.671875,111.6875,111.65625,111.65625,3385.0
2025-06-25 11:05:00+00:00,111.671875,111.6875,111.671875,111.671875,272.0
2025-06-25 11:06:00+00:00,111.671875,111.671875,111.65625,111.671875,1867.0
2025-06-25 11:07:00+00:00,111.671875,111.671875,111.65625,111.671875,1192.0
2025-06-25 11:08:00+00:00,111.65625,111.65625,111.640625,111.65625,2761.0
2025-06-25 11:09:00+00:00,111.65625,111.65625,111.65625,111.65625,112.0
2025-06-25 11:10:00+00:00,111.640625,111.640625,111.640625,111.640625,1646.0
2025-06-25 11:11:00+00:00,111.640625,111.65625,111.640625,111.640625,0.0
