Datetime,Close,High,Low,Open,Volume
2025-06-15 22:00:00+00:00,21559.0,21586.25,21501.75,21554.0,0.0
2025-06-15 22:01:00+00:00,21551.25,21562.25,21537.5,21562.25,231.0
2025-06-15 22:02:00+00:00,21558.5,21560.0,21550.5,21550.5,102.0
2025-06-15 22:03:00+00:00,21607.0,21615.0,21559.75,21559.75,468.0
2025-06-15 22:04:00+00:00,21598.5,21636.25,21595.0,21600.75,316.0
2025-06-15 22:05:00+00:00,21596.75,21602.5,21583.25,21599.0,155.0
2025-06-15 22:06:00+00:00,21607.5,21619.75,21593.0,21596.5,207.0
2025-06-15 22:07:00+00:00,21589.0,21608.5,21586.5,21608.0,144.0
2025-06-15 22:08:00+00:00,21584.25,21598.0,21576.0,21591.75,130.0
2025-06-15 22:09:00+00:00,21569.5,21583.75,21568.0,21582.25,171.0
2025-06-15 22:10:00+00:00,21557.5,21568.75,21550.0,21568.75,324.0
2025-06-15 22:11:00+00:00,21582.0,21587.5,21555.75,21555.75,176.0
2025-06-15 22:12:00+00:00,21590.0,21590.0,21579.5,21584.0,108.0
2025-06-15 22:13:00+00:00,21594.0,21605.25,21586.5,21588.5,326.0
2025-06-15 22:14:00+00:00,21604.25,21610.0,21594.75,21595.75,79.0
2025-06-15 22:15:00+00:00,21607.5,21619.5,21599.5,21604.5,148.0
2025-06-15 22:16:00+00:00,21603.25,21610.75,21600.75,21607.25,92.0
2025-06-15 22:17:00+00:00,21595.5,21606.0,21593.5,21606.0,78.0
2025-06-15 22:18:00+00:00,21604.0,21604.0,21595.0,21599.25,20.0
2025-06-15 22:19:00+00:00,21610.25,21612.0,21606.0,21606.0,45.0
2025-06-15 22:20:00+00:00,21608.75,21619.5,21606.0,21610.25,65.0
2025-06-15 22:21:00+00:00,21610.25,21613.75,21598.0,21611.0,106.0
2025-06-15 22:22:00+00:00,21612.75,21615.25,21609.25,21609.25,37.0
2025-06-15 22:23:00+00:00,21629.25,21630.75,21615.0,21615.25,261.0
2025-06-15 22:24:00+00:00,21631.5,21640.5,21623.75,21628.5,458.0
2025-06-15 22:25:00+00:00,21625.0,21632.25,21624.5,21631.75,96.0
2025-06-15 22:26:00+00:00,21638.5,21639.0,21623.75,21625.75,112.0
2025-06-15 22:27:00+00:00,21632.75,21646.0,21632.0,21639.0,147.0
2025-06-15 22:28:00+00:00,21637.25,21638.0,21630.75,21631.5,54.0
2025-06-15 22:29:00+00:00,21632.25,21638.25,21632.25,21637.25,26.0
2025-06-15 22:30:00+00:00,21636.25,21639.75,21634.25,21634.25,41.0
2025-06-15 22:31:00+00:00,21645.25,21650.0,21632.5,21635.5,109.0
2025-06-15 22:32:00+00:00,21641.0,21646.25,21636.75,21646.25,62.0
2025-06-15 22:33:00+00:00,21646.5,21646.5,21640.25,21641.0,34.0
2025-06-15 22:34:00+00:00,21650.75,21650.75,21642.0,21646.5,46.0
2025-06-15 22:35:00+00:00,21641.0,21653.0,21636.75,21652.25,118.0
2025-06-15 22:36:00+00:00,21641.75,21643.25,21640.25,21643.0,22.0
2025-06-15 22:37:00+00:00,21647.5,21652.75,21640.0,21641.5,106.0
2025-06-15 22:38:00+00:00,21642.5,21649.25,21642.5,21649.25,35.0
2025-06-15 22:39:00+00:00,21635.0,21644.0,21630.0,21644.0,85.0
2025-06-15 22:40:00+00:00,21639.5,21640.25,21631.0,21635.25,55.0
2025-06-15 22:41:00+00:00,21634.5,21643.0,21632.25,21639.0,41.0
2025-06-15 22:42:00+00:00,21630.75,21632.5,21626.0,21632.0,60.0
2025-06-15 22:43:00+00:00,21637.25,21639.0,21623.0,21632.0,109.0
2025-06-15 22:44:00+00:00,21676.0,21690.0,21637.25,21637.25,506.0
2025-06-15 22:45:00+00:00,21667.25,21675.25,21662.25,21674.75,157.0
2025-06-15 22:46:00+00:00,21671.75,21675.25,21662.75,21667.25,100.0
2025-06-15 22:47:00+00:00,21673.25,21676.5,21670.0,21671.75,50.0
2025-06-15 22:48:00+00:00,21676.25,21678.25,21672.25,21675.0,31.0
2025-06-15 22:49:00+00:00,21669.75,21677.0,21669.75,21676.25,28.0
2025-06-15 22:50:00+00:00,21661.0,21670.0,21661.0,21670.0,67.0
2025-06-15 22:51:00+00:00,21663.0,21666.5,21660.0,21662.75,48.0
2025-06-15 22:52:00+00:00,21654.75,21664.0,21654.5,21663.75,69.0
2025-06-15 22:53:00+00:00,21654.5,21657.25,21645.5,21655.5,110.0
2025-06-15 22:54:00+00:00,21652.5,21656.25,21650.75,21654.5,47.0
2025-06-15 22:55:00+00:00,21654.5,21654.75,21650.0,21651.5,24.0
2025-06-15 22:56:00+00:00,21646.5,21655.5,21646.25,21655.25,30.0
2025-06-15 22:57:00+00:00,21646.5,21649.75,21645.0,21649.75,47.0
2025-06-15 22:58:00+00:00,21647.0,21647.5,21645.0,21645.75,25.0
2025-06-15 22:59:00+00:00,21648.5,21650.25,21647.0,21649.25,25.0
2025-06-15 23:00:00+00:00,21646.0,21653.75,21646.0,21649.75,46.0
2025-06-15 23:01:00+00:00,21644.0,21646.0,21643.0,21645.75,58.0
2025-06-15 23:02:00+00:00,21647.25,21647.25,21640.0,21643.0,47.0
2025-06-15 23:03:00+00:00,21643.25,21648.0,21643.25,21647.25,32.0
2025-06-15 23:04:00+00:00,21631.5,21643.0,21630.25,21643.0,83.0
2025-06-15 23:05:00+00:00,21657.5,21661.0,21631.0,21631.0,123.0
2025-06-15 23:06:00+00:00,21666.25,21674.0,21657.25,21657.25,129.0
2025-06-15 23:07:00+00:00,21668.25,21671.0,21660.5,21665.5,69.0
2025-06-15 23:08:00+00:00,21665.25,21669.25,21665.0,21669.25,14.0
2025-06-15 23:09:00+00:00,21664.0,21670.75,21663.25,21664.0,32.0
2025-06-15 23:10:00+00:00,21657.5,21665.25,21656.0,21665.25,57.0
2025-06-15 23:11:00+00:00,21635.5,21656.0,21631.0,21656.0,178.0
2025-06-15 23:12:00+00:00,21619.75,21634.25,21618.5,21634.25,126.0
2025-06-15 23:13:00+00:00,21625.0,21629.25,21614.5,21618.25,112.0
2025-06-15 23:14:00+00:00,21627.25,21627.5,21624.25,21624.75,28.0
2025-06-15 23:15:00+00:00,21632.75,21637.25,21628.0,21628.0,47.0
2025-06-15 23:16:00+00:00,21621.0,21633.25,21621.0,21632.25,64.0
2025-06-15 23:17:00+00:00,21619.5,21623.75,21612.25,21622.25,86.0
2025-06-15 23:18:00+00:00,21635.75,21637.0,21620.0,21620.0,65.0
2025-06-15 23:19:00+00:00,21655.25,21661.75,21638.0,21638.0,130.0
2025-06-15 23:20:00+00:00,21647.75,21657.5,21642.75,21656.0,73.0
2025-06-15 23:21:00+00:00,21645.0,21653.0,21645.0,21649.0,37.0
2025-06-15 23:22:00+00:00,21628.75,21646.75,21625.0,21646.75,170.0
2025-06-15 23:23:00+00:00,21617.25,21628.75,21614.25,21626.25,110.0
2025-06-15 23:24:00+00:00,21626.25,21626.25,21617.0,21617.0,23.0
2025-06-15 23:25:00+00:00,21637.75,21637.75,21627.0,21627.0,53.0
2025-06-15 23:26:00+00:00,21635.0,21635.5,21627.75,21635.0,33.0
2025-06-15 23:27:00+00:00,21636.75,21639.0,21630.5,21634.0,18.0
2025-06-15 23:28:00+00:00,21630.5,21634.75,21630.5,21634.0,21.0
2025-06-15 23:29:00+00:00,21633.75,21635.75,21632.75,21632.75,6.0
2025-06-15 23:30:00+00:00,21625.0,21630.0,21625.0,21630.0,24.0
2025-06-15 23:31:00+00:00,21639.0,21639.0,21627.0,21630.75,23.0
2025-06-15 23:32:00+00:00,21649.25,21649.75,21639.0,21639.0,43.0
2025-06-15 23:33:00+00:00,21647.5,21648.0,21641.25,21648.0,29.0
2025-06-15 23:34:00+00:00,21655.0,21655.0,21644.25,21644.25,30.0
2025-06-15 23:35:00+00:00,21653.0,21656.5,21653.0,21654.5,44.0
2025-06-15 23:36:00+00:00,21674.0,21688.0,21652.0,21652.0,243.0
2025-06-15 23:37:00+00:00,21674.25,21679.0,21671.75,21672.0,44.0
2025-06-15 23:38:00+00:00,21673.5,21674.25,21663.0,21670.25,45.0
2025-06-15 23:39:00+00:00,21668.25,21677.0,21662.0,21667.0,44.0
2025-06-15 23:40:00+00:00,21678.75,21678.75,21663.5,21665.5,26.0
2025-06-15 23:41:00+00:00,21680.5,21683.0,21675.75,21675.75,43.0
2025-06-15 23:42:00+00:00,21694.25,21710.0,21678.75,21678.75,287.0
2025-06-15 23:43:00+00:00,21695.75,21700.0,21688.75,21690.75,99.0
2025-06-15 23:44:00+00:00,21687.0,21694.5,21685.0,21690.75,47.0
2025-06-15 23:45:00+00:00,21681.25,21687.0,21675.25,21684.75,110.0
2025-06-15 23:46:00+00:00,21684.0,21689.5,21679.0,21679.25,43.0
2025-06-15 23:47:00+00:00,21678.75,21684.75,21678.75,21682.75,40.0
2025-06-15 23:48:00+00:00,21685.0,21686.75,21681.75,21685.25,18.0
2025-06-15 23:49:00+00:00,21686.0,21687.0,21682.25,21682.75,17.0
2025-06-15 23:50:00+00:00,21682.75,21687.5,21682.75,21686.0,19.0
2025-06-15 23:51:00+00:00,21689.0,21689.0,21682.5,21684.25,24.0
2025-06-15 23:52:00+00:00,21692.25,21695.0,21688.0,21688.0,41.0
2025-06-15 23:53:00+00:00,21692.75,21692.75,21688.25,21691.0,14.0
2025-06-15 23:54:00+00:00,21690.0,21697.25,21690.0,21693.0,34.0
2025-06-15 23:55:00+00:00,21692.75,21694.75,21690.5,21690.5,11.0
2025-06-15 23:56:00+00:00,21692.75,21694.25,21691.75,21694.25,7.0
2025-06-15 23:57:00+00:00,21687.0,21692.25,21685.5,21692.25,44.0
2025-06-15 23:58:00+00:00,21686.25,21688.0,21682.25,21684.5,25.0
2025-06-15 23:59:00+00:00,21689.5,21691.25,21688.0,21688.0,12.0
2025-06-16 00:00:00+00:00,21690.25,21693.5,21685.25,21687.25,54.0
2025-06-16 00:01:00+00:00,21689.5,21693.25,21683.5,21688.5,37.0
2025-06-16 00:02:00+00:00,21696.0,21697.5,21691.25,21692.0,67.0
2025-06-16 00:03:00+00:00,21697.25,21700.0,21696.25,21696.25,55.0
2025-06-16 00:04:00+00:00,21698.5,21698.75,21694.25,21697.25,28.0
2025-06-16 00:05:00+00:00,21694.0,21699.75,21692.5,21696.75,46.0
2025-06-16 00:06:00+00:00,21687.0,21693.5,21683.75,21692.25,44.0
2025-06-16 00:07:00+00:00,21695.75,21696.5,21687.25,21687.25,41.0
2025-06-16 00:08:00+00:00,21699.25,21700.25,21693.75,21695.25,71.0
2025-06-16 00:09:00+00:00,21700.25,21702.25,21697.0,21700.25,32.0
2025-06-16 00:10:00+00:00,21703.0,21703.5,21700.0,21701.5,73.0
2025-06-16 00:11:00+00:00,21693.75,21704.5,21692.5,21702.75,87.0
2025-06-16 00:12:00+00:00,21698.0,21699.5,21691.25,21693.25,33.0
2025-06-16 00:13:00+00:00,21704.0,21704.0,21697.25,21698.0,40.0
2025-06-16 00:14:00+00:00,21696.5,21703.25,21696.5,21703.25,35.0
2025-06-16 00:15:00+00:00,21699.25,21701.25,21696.5,21700.75,85.0
2025-06-16 00:16:00+00:00,21694.25,21700.25,21694.25,21696.25,37.0
2025-06-16 00:17:00+00:00,21694.75,21696.0,21690.0,21694.25,37.0
2025-06-16 00:18:00+00:00,21676.0,21691.0,21672.25,21691.0,177.0
2025-06-16 00:19:00+00:00,21667.5,21673.5,21662.0,21672.75,147.0
2025-06-16 00:20:00+00:00,21668.5,21673.25,21667.25,21667.25,54.0
2025-06-16 00:21:00+00:00,21677.75,21678.5,21670.0,21672.0,56.0
2025-06-16 00:22:00+00:00,21675.0,21678.0,21675.0,21676.25,34.0
2025-06-16 00:23:00+00:00,21697.5,21697.5,21677.25,21677.25,102.0
2025-06-16 00:24:00+00:00,21690.0,21697.75,21690.0,21697.25,53.0
2025-06-16 00:25:00+00:00,21692.0,21692.75,21690.25,21690.25,15.0
2025-06-16 00:26:00+00:00,21701.0,21703.0,21693.5,21693.5,204.0
2025-06-16 00:27:00+00:00,21697.0,21702.25,21692.25,21702.25,69.0
2025-06-16 00:28:00+00:00,21692.25,21697.5,21692.25,21697.5,19.0
2025-06-16 00:29:00+00:00,21680.5,21690.5,21678.0,21690.25,75.0
2025-06-16 00:30:00+00:00,21671.5,21677.75,21667.25,21677.75,83.0
2025-06-16 00:31:00+00:00,21670.0,21672.5,21667.75,21669.0,87.0
2025-06-16 00:32:00+00:00,21667.75,21671.5,21660.25,21670.75,132.0
2025-06-16 00:33:00+00:00,21685.0,21693.5,21669.0,21669.0,119.0
2025-06-16 00:34:00+00:00,21695.75,21697.25,21685.0,21685.0,62.0
2025-06-16 00:35:00+00:00,21681.5,21695.0,21681.5,21695.0,53.0
2025-06-16 00:36:00+00:00,21687.0,21687.0,21682.5,21682.5,20.0
2025-06-16 00:37:00+00:00,21685.0,21687.75,21683.5,21685.0,17.0
2025-06-16 00:38:00+00:00,21684.5,21684.5,21681.5,21684.0,22.0
2025-06-16 00:39:00+00:00,21682.25,21683.0,21680.0,21681.25,23.0
2025-06-16 00:40:00+00:00,21691.75,21691.75,21683.75,21683.75,25.0
2025-06-16 00:41:00+00:00,21693.0,21695.5,21691.5,21691.5,42.0
2025-06-16 00:42:00+00:00,21695.5,21698.5,21693.75,21693.75,48.0
2025-06-16 00:43:00+00:00,21693.5,21697.0,21692.25,21696.25,19.0
2025-06-16 00:44:00+00:00,21697.75,21699.25,21696.0,21696.0,22.0
2025-06-16 00:45:00+00:00,21695.75,21697.0,21695.25,21695.5,25.0
2025-06-16 00:46:00+00:00,21697.5,21697.5,21692.75,21693.5,16.0
2025-06-16 00:47:00+00:00,21691.5,21695.5,21690.5,21695.5,14.0
2025-06-16 00:48:00+00:00,21689.0,21689.75,21688.75,21689.75,15.0
2025-06-16 00:49:00+00:00,21685.25,21689.0,21685.0,21689.0,35.0
2025-06-16 00:50:00+00:00,21687.75,21687.75,21682.25,21683.0,28.0
2025-06-16 00:51:00+00:00,21685.5,21697.0,21685.0,21690.5,53.0
2025-06-16 00:52:00+00:00,21680.0,21686.0,21680.0,21686.0,28.0
2025-06-16 00:53:00+00:00,21683.5,21686.75,21683.5,21686.75,13.0
2025-06-16 00:54:00+00:00,21681.75,21683.25,21681.5,21683.25,22.0
2025-06-16 00:55:00+00:00,21686.25,21686.25,21680.75,21680.75,32.0
2025-06-16 00:56:00+00:00,21692.5,21697.25,21686.25,21686.25,92.0
2025-06-16 00:57:00+00:00,21695.25,21695.25,21692.25,21692.5,12.0
2025-06-16 00:58:00+00:00,21694.5,21695.25,21688.5,21695.25,38.0
2025-06-16 00:59:00+00:00,21694.5,21694.75,21691.25,21694.75,8.0
2025-06-16 01:00:00+00:00,21699.5,21699.75,21695.0,21695.25,51.0
2025-06-16 01:01:00+00:00,21697.25,21699.5,21697.0,21699.0,28.0
2025-06-16 01:02:00+00:00,21695.75,21697.75,21695.5,21697.75,32.0
2025-06-16 01:03:00+00:00,21697.25,21699.25,21697.25,21698.0,9.0
2025-06-16 01:04:00+00:00,21697.25,21698.0,21695.5,21695.5,21.0
2025-06-16 01:05:00+00:00,21698.25,21700.0,21695.75,21695.75,25.0
2025-06-16 01:06:00+00:00,21695.0,21699.0,21694.0,21697.25,33.0
2025-06-16 01:07:00+00:00,21689.5,21695.5,21687.75,21692.75,83.0
2025-06-16 01:08:00+00:00,21683.0,21689.75,21680.25,21689.75,67.0
2025-06-16 01:09:00+00:00,21690.0,21693.0,21685.25,21685.5,24.0
2025-06-16 01:10:00+00:00,21693.25,21695.75,21691.25,21692.5,22.0
2025-06-16 01:11:00+00:00,21696.75,21696.75,21692.25,21693.5,17.0
2025-06-16 01:12:00+00:00,21695.25,21697.5,21695.25,21697.5,18.0
2025-06-16 01:13:00+00:00,21692.0,21692.25,21692.0,21692.25,7.0
2025-06-16 01:14:00+00:00,21682.25,21693.0,21682.25,21693.0,55.0
2025-06-16 01:15:00+00:00,21686.0,21686.0,21681.0,21683.0,35.0
2025-06-16 01:16:00+00:00,21686.5,21686.75,21685.25,21685.25,20.0
2025-06-16 01:17:00+00:00,21686.0,21686.0,21685.5,21685.75,11.0
2025-06-16 01:18:00+00:00,21679.0,21685.25,21679.0,21685.25,44.0
2025-06-16 01:19:00+00:00,21678.5,21681.25,21678.25,21680.0,32.0
2025-06-16 01:20:00+00:00,21671.25,21680.0,21671.25,21680.0,76.0
2025-06-16 01:21:00+00:00,21676.75,21676.75,21666.5,21671.25,78.0
2025-06-16 01:22:00+00:00,21686.25,21686.25,21676.75,21676.75,47.0
2025-06-16 01:23:00+00:00,21683.0,21685.5,21681.5,21685.5,23.0
2025-06-16 01:24:00+00:00,21680.0,21683.25,21678.5,21683.25,20.0
2025-06-16 01:25:00+00:00,21678.25,21680.5,21676.0,21676.0,30.0
2025-06-16 01:26:00+00:00,21675.75,21679.5,21674.25,21679.5,30.0
2025-06-16 01:27:00+00:00,21673.5,21676.5,21673.5,21674.5,14.0
2025-06-16 01:28:00+00:00,21680.0,21680.0,21674.75,21674.75,22.0
2025-06-16 01:29:00+00:00,21677.0,21679.0,21676.5,21679.0,13.0
2025-06-16 01:30:00+00:00,21676.25,21676.5,21674.0,21675.0,25.0
2025-06-16 01:31:00+00:00,21682.25,21683.75,21676.5,21677.0,35.0
2025-06-16 01:32:00+00:00,21688.0,21690.75,21682.0,21683.0,66.0
2025-06-16 01:33:00+00:00,21693.25,21695.5,21689.5,21689.5,65.0
2025-06-16 01:34:00+00:00,21690.0,21694.0,21688.0,21692.75,34.0
2025-06-16 01:35:00+00:00,21689.5,21691.25,21689.5,21690.0,11.0
2025-06-16 01:36:00+00:00,21687.75,21689.25,21687.75,21689.25,27.0
2025-06-16 01:37:00+00:00,21688.5,21688.5,21687.25,21687.75,15.0
2025-06-16 01:38:00+00:00,21687.0,21687.5,21686.0,21687.5,17.0
2025-06-16 01:39:00+00:00,21683.75,21688.25,21683.75,21687.5,13.0
2025-06-16 01:40:00+00:00,21686.0,21686.0,21686.0,21686.0,12.0
2025-06-16 01:41:00+00:00,21683.75,21686.75,21683.5,21686.75,30.0
2025-06-16 01:42:00+00:00,21681.75,21684.5,21681.75,21683.75,48.0
2025-06-16 01:43:00+00:00,21685.0,21685.0,21681.5,21681.5,24.0
2025-06-16 01:44:00+00:00,21684.5,21686.75,21684.5,21686.5,45.0
2025-06-16 01:45:00+00:00,21686.25,21686.25,21684.25,21684.25,23.0
2025-06-16 01:46:00+00:00,21686.5,21686.5,21684.0,21685.25,20.0
2025-06-16 01:47:00+00:00,21684.75,21686.5,21684.75,21686.5,22.0
2025-06-16 01:48:00+00:00,21685.0,21685.0,21681.25,21683.0,27.0
2025-06-16 01:49:00+00:00,21684.5,21684.5,21683.0,21683.0,10.0
2025-06-16 01:50:00+00:00,21684.25,21684.25,21684.25,21684.25,19.0
2025-06-16 01:51:00+00:00,21681.5,21682.0,21681.5,21682.0,8.0
2025-06-16 01:52:00+00:00,21684.5,21684.5,21684.5,21684.5,35.0
2025-06-16 01:53:00+00:00,21682.0,21686.0,21682.0,21686.0,29.0
2025-06-16 01:54:00+00:00,21681.5,21683.25,21680.5,21683.25,12.0
2025-06-16 01:55:00+00:00,21689.5,21689.5,21681.75,21681.75,31.0
2025-06-16 01:56:00+00:00,21692.0,21694.0,21692.0,21693.0,20.0
2025-06-16 01:57:00+00:00,21686.25,21691.0,21686.25,21691.0,12.0
2025-06-16 01:58:00+00:00,21689.75,21690.75,21685.75,21685.75,12.0
2025-06-16 01:59:00+00:00,21688.0,21690.5,21688.0,21688.75,13.0
2025-06-16 02:00:00+00:00,21685.25,21688.5,21683.0,21688.5,22.0
2025-06-16 02:01:00+00:00,21687.5,21688.5,21685.25,21685.25,23.0
2025-06-16 02:02:00+00:00,21690.0,21691.0,21688.25,21688.25,29.0
2025-06-16 02:03:00+00:00,21686.75,21691.0,21686.75,21691.0,28.0
2025-06-16 02:04:00+00:00,21686.0,21687.25,21684.75,21687.25,19.0
2025-06-16 02:05:00+00:00,21689.25,21689.25,21685.75,21686.25,11.0
2025-06-16 02:06:00+00:00,21683.0,21690.0,21680.25,21689.25,44.0
2025-06-16 02:07:00+00:00,21684.0,21685.5,21681.75,21681.75,16.0
2025-06-16 02:08:00+00:00,21688.75,21688.75,21685.75,21685.75,21.0
2025-06-16 02:09:00+00:00,21694.0,21695.0,21691.0,21691.0,44.0
2025-06-16 02:10:00+00:00,21690.5,21694.5,21690.5,21693.75,13.0
2025-06-16 02:11:00+00:00,21689.75,21690.0,21687.0,21690.0,43.0
2025-06-16 02:12:00+00:00,21688.0,21688.0,21688.0,21688.0,21.0
2025-06-16 02:13:00+00:00,21693.5,21694.5,21692.25,21692.25,26.0
2025-06-16 02:14:00+00:00,21698.0,21698.0,21693.75,21693.75,42.0
2025-06-16 02:15:00+00:00,21706.75,21708.0,21696.5,21696.5,208.0
2025-06-16 02:16:00+00:00,21709.0,21711.0,21704.25,21704.25,95.0
2025-06-16 02:17:00+00:00,21712.25,21712.25,21708.25,21709.75,31.0
2025-06-16 02:18:00+00:00,21712.75,21727.5,21711.0,21712.25,188.0
2025-06-16 02:19:00+00:00,21711.25,21720.0,21711.25,21712.0,38.0
2025-06-16 02:20:00+00:00,21707.0,21713.0,21707.0,21710.0,36.0
2025-06-16 02:21:00+00:00,21704.25,21709.5,21701.75,21709.5,43.0
2025-06-16 02:22:00+00:00,21708.5,21709.5,21704.75,21704.75,19.0
2025-06-16 02:23:00+00:00,21705.5,21709.5,21705.5,21709.5,18.0
2025-06-16 02:24:00+00:00,21703.5,21705.0,21703.5,21704.25,9.0
2025-06-16 02:25:00+00:00,21705.0,21705.0,21702.5,21705.0,21.0
2025-06-16 02:26:00+00:00,21707.25,21707.25,21704.0,21704.0,10.0
2025-06-16 02:27:00+00:00,21700.5,21703.0,21700.0,21703.0,34.0
2025-06-16 02:28:00+00:00,21701.25,21701.25,21700.5,21700.5,19.0
2025-06-16 02:29:00+00:00,21699.25,21703.0,21699.25,21702.75,14.0
2025-06-16 02:30:00+00:00,21699.75,21701.0,21697.75,21700.25,32.0
2025-06-16 02:31:00+00:00,21703.5,21703.5,21702.0,21702.25,16.0
2025-06-16 02:32:00+00:00,21701.5,21703.0,21701.5,21703.0,11.0
2025-06-16 02:33:00+00:00,21703.25,21703.5,21703.0,21703.5,11.0
2025-06-16 02:34:00+00:00,21703.0,21703.0,21703.0,21703.0,4.0
2025-06-16 02:35:00+00:00,21706.0,21706.0,21703.0,21703.0,14.0
2025-06-16 02:36:00+00:00,21706.75,21707.25,21704.75,21706.5,24.0
2025-06-16 02:37:00+00:00,21705.25,21708.0,21696.0,21707.25,61.0
2025-06-16 02:38:00+00:00,21704.75,21706.5,21703.5,21706.5,27.0
2025-06-16 02:39:00+00:00,21709.0,21709.0,21708.25,21708.25,6.0
2025-06-16 02:40:00+00:00,21707.25,21708.5,21707.25,21708.5,6.0
2025-06-16 02:41:00+00:00,21707.5,21707.5,21707.25,21707.25,6.0
2025-06-16 02:42:00+00:00,21706.5,21707.25,21706.5,21707.25,7.0
2025-06-16 02:43:00+00:00,21707.5,21707.5,21705.75,21706.0,14.0
2025-06-16 02:44:00+00:00,21710.0,21710.0,21708.5,21708.5,21.0
2025-06-16 02:45:00+00:00,21712.75,21712.75,21709.5,21709.5,38.0
2025-06-16 02:46:00+00:00,21710.25,21710.75,21709.25,21710.75,13.0
2025-06-16 02:47:00+00:00,21707.5,21710.0,21707.5,21710.0,30.0
2025-06-16 02:48:00+00:00,21710.0,21710.75,21707.75,21707.75,11.0
2025-06-16 02:49:00+00:00,21709.25,21709.25,21706.5,21708.5,21.0
2025-06-16 02:50:00+00:00,21709.25,21709.25,21708.75,21708.75,6.0
2025-06-16 02:51:00+00:00,21711.0,21711.0,21710.0,21710.0,4.0
2025-06-16 02:52:00+00:00,21706.25,21710.0,21701.75,21709.75,42.0
2025-06-16 02:53:00+00:00,21704.75,21704.75,21701.75,21703.75,22.0
2025-06-16 02:54:00+00:00,21703.5,21703.5,21703.0,21703.0,9.0
2025-06-16 02:55:00+00:00,21703.25,21703.25,21701.5,21701.75,18.0
2025-06-16 02:56:00+00:00,21706.0,21706.0,21706.0,21706.0,2.0
2025-06-16 02:57:00+00:00,21705.5,21706.5,21705.5,21705.75,9.0
2025-06-16 02:58:00+00:00,21704.0,21704.0,21704.0,21704.0,3.0
2025-06-16 02:59:00+00:00,21705.0,21705.0,21705.0,21705.0,2.0
2025-06-16 03:00:00+00:00,21701.75,21702.25,21701.75,21702.25,5.0
2025-06-16 03:01:00+00:00,21701.75,21701.75,21700.75,21701.75,9.0
2025-06-16 03:02:00+00:00,21703.25,21706.75,21702.25,21702.25,20.0
2025-06-16 03:04:00+00:00,21703.25,21706.5,21703.25,21706.5,15.0
2025-06-16 03:05:00+00:00,21703.5,21703.5,21701.25,21701.75,8.0
2025-06-16 03:06:00+00:00,21699.0,21702.0,21699.0,21700.0,38.0
2025-06-16 03:07:00+00:00,21706.0,21706.0,21700.25,21700.25,18.0
2025-06-16 03:08:00+00:00,21703.0,21703.75,21703.0,21703.75,6.0
2025-06-16 03:09:00+00:00,21702.0,21702.0,21702.0,21702.0,3.0
2025-06-16 03:10:00+00:00,21704.5,21704.5,21703.25,21703.25,3.0
2025-06-16 03:11:00+00:00,21702.25,21704.75,21702.25,21704.75,8.0
2025-06-16 03:12:00+00:00,21703.25,21705.0,21703.25,21704.0,8.0
2025-06-16 03:13:00+00:00,21703.25,21704.25,21703.25,21704.25,5.0
2025-06-16 03:14:00+00:00,21705.25,21705.25,21705.25,21705.25,2.0
2025-06-16 03:15:00+00:00,21707.0,21707.0,21703.5,21703.5,13.0
2025-06-16 03:16:00+00:00,21705.75,21706.0,21703.25,21703.25,11.0
2025-06-16 03:17:00+00:00,21700.5,21703.5,21700.5,21703.5,10.0
2025-06-16 03:18:00+00:00,21700.0,21701.0,21700.0,21701.0,4.0
2025-06-16 03:19:00+00:00,21700.0,21700.0,21700.0,21700.0,3.0
2025-06-16 03:20:00+00:00,21701.25,21701.25,21700.25,21701.0,8.0
2025-06-16 03:21:00+00:00,21702.0,21702.0,21702.0,21702.0,2.0
2025-06-16 03:22:00+00:00,21702.75,21702.75,21701.5,21701.5,8.0
2025-06-16 03:23:00+00:00,21701.5,21703.5,21701.5,21703.25,17.0
2025-06-16 03:24:00+00:00,21702.0,21702.25,21702.0,21702.25,5.0
2025-06-16 03:27:00+00:00,21706.25,21707.25,21703.25,21703.25,20.0
2025-06-16 03:28:00+00:00,21696.75,21703.25,21695.0,21703.25,54.0
2025-06-16 03:29:00+00:00,21695.0,21697.25,21694.0,21697.25,27.0
2025-06-16 03:30:00+00:00,21694.25,21696.0,21690.0,21694.75,48.0
2025-06-16 03:31:00+00:00,21690.0,21694.75,21690.0,21694.75,10.0
2025-06-16 03:32:00+00:00,21689.5,21690.75,21686.25,21689.5,37.0
2025-06-16 03:33:00+00:00,21687.25,21689.75,21684.5,21689.75,25.0
2025-06-16 03:34:00+00:00,21689.5,21689.5,21685.25,21685.25,21.0
2025-06-16 03:35:00+00:00,21687.25,21690.0,21685.25,21689.5,30.0
2025-06-16 03:36:00+00:00,21684.0,21686.0,21684.0,21686.0,12.0
2025-06-16 03:37:00+00:00,21688.0,21688.0,21686.75,21686.75,7.0
2025-06-16 03:38:00+00:00,21689.25,21690.5,21687.75,21689.0,18.0
2025-06-16 03:39:00+00:00,21681.75,21690.0,21680.5,21690.0,43.0
2025-06-16 03:40:00+00:00,21682.75,21682.75,21680.0,21680.5,19.0
2025-06-16 03:41:00+00:00,21682.0,21682.0,21680.75,21680.75,11.0
2025-06-16 03:42:00+00:00,21683.0,21683.0,21683.0,21683.0,2.0
2025-06-16 03:43:00+00:00,21682.5,21686.75,21682.5,21686.25,37.0
2025-06-16 03:44:00+00:00,21684.5,21684.5,21682.0,21682.0,15.0
2025-06-16 03:45:00+00:00,21684.0,21685.0,21684.0,21684.25,9.0
2025-06-16 03:46:00+00:00,21685.75,21685.75,21683.25,21683.25,29.0
2025-06-16 03:47:00+00:00,21680.5,21687.25,21680.5,21687.25,41.0
2025-06-16 03:48:00+00:00,21680.0,21681.75,21680.0,21681.75,7.0
2025-06-16 03:49:00+00:00,21684.75,21684.75,21684.75,21684.75,1.0
2025-06-16 03:50:00+00:00,21686.0,21686.0,21684.75,21685.0,8.0
2025-06-16 03:51:00+00:00,21685.0,21686.75,21685.0,21686.75,6.0
2025-06-16 03:52:00+00:00,21691.25,21691.25,21686.0,21686.0,34.0
2025-06-16 03:53:00+00:00,21687.75,21690.75,21687.75,21690.75,16.0
2025-06-16 03:54:00+00:00,21690.5,21691.0,21690.5,21691.0,4.0
2025-06-16 03:55:00+00:00,21690.25,21690.25,21686.75,21686.75,16.0
2025-06-16 03:56:00+00:00,21690.25,21690.25,21690.25,21690.25,2.0
2025-06-16 03:57:00+00:00,21689.0,21689.0,21689.0,21689.0,2.0
2025-06-16 03:58:00+00:00,21691.0,21692.75,21690.0,21690.25,23.0
2025-06-16 04:00:00+00:00,21689.25,21691.25,21689.25,21691.0,16.0
2025-06-16 04:01:00+00:00,21691.0,21691.0,21689.25,21690.0,13.0
2025-06-16 04:02:00+00:00,21691.25,21693.25,21691.25,21692.0,7.0
2025-06-16 04:03:00+00:00,21692.0,21692.5,21690.5,21691.0,8.0
2025-06-16 04:04:00+00:00,21694.25,21695.0,21692.25,21694.0,22.0
2025-06-16 04:05:00+00:00,21694.5,21696.5,21693.5,21693.5,22.0
2025-06-16 04:06:00+00:00,21694.0,21694.0,21694.0,21694.0,3.0
2025-06-16 04:07:00+00:00,21695.0,21696.25,21695.0,21696.25,10.0
2025-06-16 04:08:00+00:00,21696.75,21696.75,21696.75,21696.75,4.0
2025-06-16 04:09:00+00:00,21696.0,21697.0,21695.25,21697.0,14.0
2025-06-16 04:10:00+00:00,21698.0,21699.0,21695.0,21696.5,31.0
2025-06-16 04:11:00+00:00,21702.75,21703.0,21697.0,21697.0,38.0
2025-06-16 04:12:00+00:00,21698.0,21702.25,21698.0,21700.75,17.0
2025-06-16 04:13:00+00:00,21697.75,21699.75,21697.75,21699.75,8.0
2025-06-16 04:14:00+00:00,21696.5,21699.0,21696.25,21698.25,26.0
2025-06-16 04:15:00+00:00,21691.5,21698.5,21691.5,21696.5,36.0
2025-06-16 04:16:00+00:00,21691.5,21693.25,21691.25,21693.0,19.0
2025-06-16 04:17:00+00:00,21691.25,21694.5,21691.0,21692.0,48.0
2025-06-16 04:18:00+00:00,21688.0,21691.25,21688.0,21690.75,43.0
2025-06-16 04:19:00+00:00,21693.0,21693.0,21687.75,21688.0,13.0
2025-06-16 04:20:00+00:00,21698.0,21698.75,21693.25,21693.75,15.0
2025-06-16 04:21:00+00:00,21697.0,21697.0,21696.25,21696.75,7.0
2025-06-16 04:22:00+00:00,21699.0,21699.0,21697.75,21697.75,17.0
2025-06-16 04:23:00+00:00,21688.25,21699.0,21688.25,21699.0,47.0
2025-06-16 04:24:00+00:00,21686.25,21687.25,21683.25,21686.75,25.0
2025-06-16 04:25:00+00:00,21690.0,21690.25,21685.25,21686.0,36.0
2025-06-16 04:26:00+00:00,21689.5,21689.5,21689.5,21689.5,2.0
2025-06-16 04:28:00+00:00,21691.25,21691.25,21689.5,21689.5,5.0
2025-06-16 04:29:00+00:00,21688.0,21690.75,21688.0,21689.5,5.0
2025-06-16 04:30:00+00:00,21683.0,21687.5,21681.75,21687.5,35.0
2025-06-16 04:31:00+00:00,21688.5,21689.5,21683.5,21683.5,17.0
2025-06-16 04:32:00+00:00,21688.0,21688.0,21688.0,21688.0,3.0
2025-06-16 04:33:00+00:00,21685.25,21687.75,21685.25,21686.5,6.0
2025-06-16 04:34:00+00:00,21671.25,21684.5,21670.0,21684.5,217.0
2025-06-16 04:35:00+00:00,21675.5,21677.0,21672.5,21672.5,44.0
2025-06-16 04:36:00+00:00,21675.5,21676.0,21675.0,21675.0,10.0
2025-06-16 04:37:00+00:00,21676.25,21677.25,21676.25,21676.5,11.0
2025-06-16 04:38:00+00:00,21680.0,21681.75,21678.5,21678.5,23.0
2025-06-16 04:39:00+00:00,21679.25,21680.0,21679.25,21680.0,5.0
2025-06-16 04:40:00+00:00,21681.5,21681.5,21681.0,21681.0,4.0
2025-06-16 04:41:00+00:00,21682.0,21682.25,21680.5,21681.75,21.0
2025-06-16 04:42:00+00:00,21680.5,21682.75,21680.5,21682.0,16.0
2025-06-16 04:43:00+00:00,21676.5,21683.0,21674.75,21681.5,52.0
2025-06-16 04:44:00+00:00,21672.25,21675.5,21672.0,21674.75,37.0
2025-06-16 04:45:00+00:00,21677.25,21677.25,21672.25,21673.0,10.0
2025-06-16 04:46:00+00:00,21674.25,21677.0,21674.25,21677.0,7.0
2025-06-16 04:47:00+00:00,21674.25,21674.25,21672.0,21672.0,8.0
2025-06-16 04:48:00+00:00,21676.0,21676.0,21673.75,21674.75,10.0
2025-06-16 04:49:00+00:00,21677.25,21677.25,21675.5,21676.5,7.0
2025-06-16 04:50:00+00:00,21677.0,21677.0,21675.25,21675.5,7.0
2025-06-16 04:51:00+00:00,21676.5,21676.5,21676.5,21676.5,1.0
2025-06-16 04:52:00+00:00,21675.5,21676.0,21675.5,21676.0,4.0
2025-06-16 04:53:00+00:00,21678.25,21678.25,21677.25,21678.0,18.0
2025-06-16 04:54:00+00:00,21677.25,21678.0,21676.0,21676.75,30.0
2025-06-16 04:55:00+00:00,21678.75,21679.75,21677.5,21677.5,12.0
2025-06-16 04:56:00+00:00,21682.5,21682.5,21679.0,21679.0,40.0
2025-06-16 04:57:00+00:00,21680.75,21682.5,21680.5,21682.5,21.0
2025-06-16 04:58:00+00:00,21682.25,21682.25,21681.25,21681.25,3.0
2025-06-16 04:59:00+00:00,21681.25,21683.0,21681.25,21683.0,15.0
2025-06-16 05:00:00+00:00,21681.0,21683.0,21680.5,21683.0,14.0
2025-06-16 05:01:00+00:00,21683.0,21683.0,21683.0,21683.0,1.0
2025-06-16 05:02:00+00:00,21686.0,21686.0,21684.0,21684.75,18.0
2025-06-16 05:03:00+00:00,21690.75,21691.5,21685.75,21686.0,49.0
2025-06-16 05:04:00+00:00,21688.25,21688.25,21688.25,21688.25,1.0
2025-06-16 05:05:00+00:00,21690.0,21690.0,21689.0,21689.0,3.0
2025-06-16 05:06:00+00:00,21686.25,21686.25,21682.0,21686.25,34.0
2025-06-16 05:07:00+00:00,21690.25,21690.25,21688.0,21690.0,18.0
2025-06-16 05:08:00+00:00,21693.0,21694.0,21690.0,21690.75,15.0
2025-06-16 05:09:00+00:00,21693.0,21696.25,21691.0,21693.5,36.0
2025-06-16 05:10:00+00:00,21692.5,21694.75,21692.5,21694.75,11.0
2025-06-16 05:11:00+00:00,21692.0,21692.0,21692.0,21692.0,3.0
2025-06-16 05:12:00+00:00,21691.25,21694.5,21691.25,21693.0,14.0
2025-06-16 05:13:00+00:00,21693.75,21693.75,21691.25,21693.0,11.0
2025-06-16 05:14:00+00:00,21694.0,21696.0,21694.0,21694.5,23.0
2025-06-16 05:15:00+00:00,21697.75,21700.0,21695.5,21695.5,34.0
2025-06-16 05:16:00+00:00,21700.0,21700.0,21693.75,21698.5,29.0
2025-06-16 05:17:00+00:00,21707.25,21708.25,21699.0,21699.0,69.0
2025-06-16 05:18:00+00:00,21707.25,21709.0,21705.25,21706.25,48.0
2025-06-16 05:19:00+00:00,21705.25,21708.0,21704.25,21707.5,24.0
2025-06-16 05:20:00+00:00,21708.0,21709.75,21705.0,21705.0,30.0
2025-06-16 05:21:00+00:00,21708.75,21710.5,21707.75,21707.75,22.0
2025-06-16 05:22:00+00:00,21710.0,21711.25,21708.75,21710.25,14.0
2025-06-16 05:23:00+00:00,21712.75,21714.5,21708.25,21708.25,39.0
2025-06-16 05:24:00+00:00,21717.25,21718.75,21712.5,21712.5,48.0
2025-06-16 05:25:00+00:00,21720.5,21722.25,21716.0,21716.5,50.0
2025-06-16 05:26:00+00:00,21722.25,21723.75,21719.5,21723.25,23.0
2025-06-16 05:27:00+00:00,21720.75,21724.0,21719.5,21719.5,7.0
2025-06-16 05:28:00+00:00,21723.5,21732.75,21719.25,21719.25,118.0
2025-06-16 05:29:00+00:00,21723.75,21730.0,21722.75,21724.0,55.0
2025-06-16 05:30:00+00:00,21729.5,21732.75,21724.75,21724.75,64.0
2025-06-16 05:31:00+00:00,21730.5,21734.25,21729.0,21729.5,44.0
2025-06-16 05:32:00+00:00,21723.0,21730.0,21718.25,21729.75,107.0
2025-06-16 05:33:00+00:00,21721.25,21723.5,21721.0,21723.5,32.0
2025-06-16 05:34:00+00:00,21724.5,21724.75,21720.0,21721.25,31.0
2025-06-16 05:35:00+00:00,21735.25,21740.0,21726.0,21726.25,83.0
2025-06-16 05:36:00+00:00,21732.25,21736.0,21731.25,21735.0,52.0
2025-06-16 05:37:00+00:00,21735.0,21735.5,21731.5,21732.0,43.0
2025-06-16 05:38:00+00:00,21733.75,21734.75,21731.0,21734.0,65.0
2025-06-16 05:39:00+00:00,21733.25,21735.75,21730.5,21734.75,48.0
2025-06-16 05:40:00+00:00,21735.0,21735.25,21731.25,21734.0,48.0
2025-06-16 05:41:00+00:00,21734.25,21738.0,21734.25,21736.0,35.0
2025-06-16 05:42:00+00:00,21730.5,21735.75,21730.0,21734.25,24.0
2025-06-16 05:43:00+00:00,21725.0,21731.25,21722.0,21731.25,51.0
2025-06-16 05:44:00+00:00,21728.5,21728.5,21723.25,21723.25,23.0
2025-06-16 05:45:00+00:00,21722.0,21725.25,21721.25,21725.25,28.0
2025-06-16 05:46:00+00:00,21711.5,21720.5,21711.25,21720.5,79.0
2025-06-16 05:47:00+00:00,21717.25,21717.25,21710.75,21711.0,36.0
2025-06-16 05:48:00+00:00,21721.0,21722.25,21716.0,21717.25,34.0
2025-06-16 05:49:00+00:00,21720.5,21722.25,21720.5,21721.0,9.0
2025-06-16 05:50:00+00:00,21717.5,21722.5,21717.5,21720.0,37.0
2025-06-16 05:51:00+00:00,21715.5,21717.75,21714.25,21717.75,64.0
2025-06-16 05:52:00+00:00,21716.25,21716.5,21713.5,21714.75,18.0
2025-06-16 05:53:00+00:00,21720.75,21720.75,21716.5,21716.75,35.0
2025-06-16 05:54:00+00:00,21720.25,21720.75,21719.25,21720.75,13.0
2025-06-16 05:55:00+00:00,21720.0,21721.75,21720.0,21721.75,7.0
2025-06-16 05:56:00+00:00,21722.25,21722.75,21720.0,21720.0,26.0
2025-06-16 05:57:00+00:00,21720.25,21722.75,21720.25,21722.75,13.0
2025-06-16 05:58:00+00:00,21718.5,21719.5,21716.5,21719.5,12.0
2025-06-16 05:59:00+00:00,21716.75,21716.75,21716.5,21716.5,4.0
2025-06-16 06:00:00+00:00,21720.25,21722.0,21714.25,21715.0,82.0
2025-06-16 06:01:00+00:00,21718.5,21722.0,21718.5,21721.0,23.0
2025-06-16 06:02:00+00:00,21718.75,21721.0,21718.75,21720.75,28.0
2025-06-16 06:03:00+00:00,21712.25,21719.25,21712.25,21719.25,158.0
2025-06-16 06:04:00+00:00,21709.25,21718.0,21707.0,21712.25,75.0
2025-06-16 06:05:00+00:00,21714.25,21714.25,21707.0,21710.75,43.0
2025-06-16 06:06:00+00:00,21722.0,21722.0,21714.0,21715.5,32.0
2025-06-16 06:07:00+00:00,21720.25,21722.5,21717.5,21721.0,32.0
2025-06-16 06:08:00+00:00,21729.0,21729.0,21721.5,21722.0,79.0
2025-06-16 06:09:00+00:00,21732.25,21735.25,21727.5,21727.5,85.0
2025-06-16 06:10:00+00:00,21731.75,21733.75,21730.75,21733.25,37.0
2025-06-16 06:11:00+00:00,21730.0,21730.0,21728.25,21729.0,21.0
2025-06-16 06:12:00+00:00,21731.5,21733.75,21728.25,21728.25,22.0
2025-06-16 06:13:00+00:00,21729.75,21733.5,21729.75,21731.75,27.0
2025-06-16 06:14:00+00:00,21734.5,21742.0,21733.5,21734.0,63.0
2025-06-16 06:15:00+00:00,21730.75,21733.75,21728.0,21733.75,42.0
2025-06-16 06:16:00+00:00,21733.25,21735.75,21732.0,21732.5,75.0
2025-06-16 06:17:00+00:00,21734.75,21734.75,21732.0,21733.25,22.0
2025-06-16 06:18:00+00:00,21731.75,21739.0,21731.75,21734.75,61.0
2025-06-16 06:19:00+00:00,21732.5,21735.25,21732.25,21732.25,23.0
2025-06-16 06:20:00+00:00,21737.25,21737.75,21733.25,21734.75,20.0
2025-06-16 06:21:00+00:00,21736.5,21745.0,21735.75,21738.5,101.0
2025-06-16 06:22:00+00:00,21737.5,21739.25,21736.25,21737.25,50.0
2025-06-16 06:23:00+00:00,21739.5,21742.25,21733.75,21733.75,57.0
2025-06-16 06:24:00+00:00,21732.25,21739.25,21732.25,21738.5,52.0
2025-06-16 06:25:00+00:00,21741.5,21747.25,21733.25,21733.25,107.0
2025-06-16 06:26:00+00:00,21739.75,21740.5,21733.75,21740.5,79.0
2025-06-16 06:27:00+00:00,21741.0,21741.0,21739.0,21739.0,21.0
2025-06-16 06:28:00+00:00,21737.25,21741.0,21737.25,21741.0,28.0
2025-06-16 06:29:00+00:00,21739.25,21739.25,21736.0,21736.0,19.0
2025-06-16 06:30:00+00:00,21740.5,21742.0,21731.0,21738.25,94.0
2025-06-16 06:31:00+00:00,21739.25,21743.0,21736.75,21742.5,37.0
2025-06-16 06:32:00+00:00,21733.25,21738.75,21732.75,21737.25,25.0
2025-06-16 06:33:00+00:00,21732.5,21733.5,21731.5,21733.0,25.0
2025-06-16 06:34:00+00:00,21734.0,21734.0,21728.0,21730.0,64.0
2025-06-16 06:35:00+00:00,21741.5,21741.5,21734.5,21734.5,84.0
2025-06-16 06:36:00+00:00,21739.25,21744.25,21739.0,21740.25,58.0
2025-06-16 06:37:00+00:00,21742.25,21742.25,21740.5,21741.0,13.0
2025-06-16 06:38:00+00:00,21741.0,21743.25,21737.75,21743.25,27.0
2025-06-16 06:39:00+00:00,21743.75,21743.75,21741.0,21741.0,15.0
2025-06-16 06:40:00+00:00,21738.75,21741.75,21738.75,21741.75,13.0
2025-06-16 06:41:00+00:00,21749.75,21757.5,21743.0,21743.0,170.0
2025-06-16 06:42:00+00:00,21740.0,21750.0,21739.0,21750.0,106.0
2025-06-16 06:43:00+00:00,21734.0,21739.75,21732.25,21739.5,78.0
2025-06-16 06:44:00+00:00,21741.25,21741.25,21734.0,21734.0,29.0
2025-06-16 06:45:00+00:00,21743.5,21746.0,21739.25,21741.25,37.0
2025-06-16 06:46:00+00:00,21741.5,21742.25,21738.0,21742.0,14.0
2025-06-16 06:47:00+00:00,21741.0,21744.75,21740.75,21742.25,25.0
2025-06-16 06:48:00+00:00,21739.75,21741.5,21737.0,21741.0,43.0
2025-06-16 06:49:00+00:00,21739.5,21740.25,21738.0,21739.75,20.0
2025-06-16 06:50:00+00:00,21737.25,21742.5,21737.25,21739.25,40.0
2025-06-16 06:51:00+00:00,21741.0,21741.25,21737.5,21737.5,28.0
2025-06-16 06:52:00+00:00,21744.0,21744.0,21741.25,21742.75,19.0
2025-06-16 06:53:00+00:00,21748.25,21750.0,21743.0,21743.0,54.0
2025-06-16 06:54:00+00:00,21750.0,21750.75,21747.5,21748.25,32.0
2025-06-16 06:55:00+00:00,21748.75,21750.75,21748.75,21749.5,23.0
2025-06-16 06:56:00+00:00,21746.75,21749.75,21746.75,21747.25,22.0
2025-06-16 06:57:00+00:00,21745.0,21748.25,21745.0,21747.75,26.0
2025-06-16 06:58:00+00:00,21742.25,21747.0,21741.0,21743.75,51.0
2025-06-16 06:59:00+00:00,21744.5,21745.25,21740.0,21743.0,65.0
2025-06-16 07:00:00+00:00,21744.5,21746.75,21740.75,21745.0,117.0
2025-06-16 07:01:00+00:00,21757.5,21758.25,21744.5,21745.75,221.0
2025-06-16 07:02:00+00:00,21756.25,21757.5,21750.0,21757.25,118.0
2025-06-16 07:03:00+00:00,21761.0,21765.0,21754.5,21756.0,148.0
2025-06-16 07:04:00+00:00,21758.25,21764.0,21758.25,21760.0,41.0
2025-06-16 07:05:00+00:00,21755.0,21759.5,21754.25,21758.25,41.0
2025-06-16 07:06:00+00:00,21758.75,21758.75,21756.0,21756.0,18.0
2025-06-16 07:07:00+00:00,21765.0,21765.0,21758.0,21758.0,68.0
2025-06-16 07:08:00+00:00,21761.0,21768.5,21760.25,21764.25,54.0
2025-06-16 07:09:00+00:00,21758.5,21761.75,21758.0,21761.75,37.0
2025-06-16 07:10:00+00:00,21759.0,21761.5,21754.25,21759.0,49.0
2025-06-16 07:11:00+00:00,21766.0,21768.5,21760.75,21762.75,63.0
2025-06-16 07:12:00+00:00,21768.5,21772.0,21765.0,21765.0,79.0
2025-06-16 07:13:00+00:00,21768.5,21771.5,21767.25,21769.25,60.0
2025-06-16 07:14:00+00:00,21773.25,21774.75,21767.25,21768.0,122.0
2025-06-16 07:15:00+00:00,21776.25,21778.5,21772.25,21772.25,129.0
2025-06-16 07:16:00+00:00,21775.25,21779.75,21773.75,21776.0,191.0
2025-06-16 07:17:00+00:00,21766.75,21774.25,21766.0,21773.75,54.0
2025-06-16 07:18:00+00:00,21763.5,21768.0,21763.5,21766.25,94.0
2025-06-16 07:19:00+00:00,21763.25,21765.5,21763.0,21764.0,53.0
2025-06-16 07:20:00+00:00,21763.25,21764.25,21759.5,21761.5,70.0
2025-06-16 07:21:00+00:00,21761.0,21763.75,21757.25,21763.75,70.0
2025-06-16 07:22:00+00:00,21753.75,21758.75,21752.5,21758.0,69.0
2025-06-16 07:23:00+00:00,21753.0,21756.0,21749.75,21753.25,131.0
2025-06-16 07:24:00+00:00,21760.25,21761.25,21753.5,21754.5,121.0
2025-06-16 07:25:00+00:00,21749.5,21758.0,21748.25,21755.25,86.0
2025-06-16 07:26:00+00:00,21751.25,21751.5,21747.25,21749.75,81.0
2025-06-16 07:27:00+00:00,21758.0,21760.0,21750.5,21750.75,75.0
2025-06-16 07:28:00+00:00,21761.0,21763.0,21754.25,21758.75,104.0
2025-06-16 07:29:00+00:00,21759.75,21763.0,21759.5,21761.0,68.0
2025-06-16 07:30:00+00:00,21770.75,21773.0,21763.0,21763.0,207.0
2025-06-16 07:31:00+00:00,21771.0,21773.0,21768.5,21771.25,67.0
2025-06-16 07:32:00+00:00,21776.75,21777.0,21769.5,21770.75,173.0
2025-06-16 07:33:00+00:00,21775.0,21778.75,21772.25,21777.0,91.0
2025-06-16 07:34:00+00:00,21775.0,21778.0,21771.75,21775.75,52.0
2025-06-16 07:35:00+00:00,21768.75,21773.75,21765.0,21773.75,42.0
2025-06-16 07:36:00+00:00,21767.75,21769.25,21766.5,21768.75,36.0
2025-06-16 07:37:00+00:00,21772.0,21773.75,21765.25,21766.5,44.0
2025-06-16 07:38:00+00:00,21773.75,21774.5,21770.25,21774.25,16.0
2025-06-16 07:39:00+00:00,21774.25,21775.75,21771.75,21775.25,49.0
2025-06-16 07:40:00+00:00,21778.5,21779.5,21773.25,21774.25,101.0
2025-06-16 07:41:00+00:00,21769.75,21781.25,21769.5,21779.5,125.0
2025-06-16 07:42:00+00:00,21768.5,21771.5,21764.75,21770.25,92.0
2025-06-16 07:43:00+00:00,21769.5,21770.0,21766.25,21769.25,92.0
2025-06-16 07:44:00+00:00,21769.75,21773.75,21769.0,21770.0,63.0
2025-06-16 07:45:00+00:00,21767.75,21770.75,21765.0,21770.75,41.0
2025-06-16 07:46:00+00:00,21770.5,21775.25,21766.5,21768.75,64.0
2025-06-16 07:47:00+00:00,21765.5,21769.25,21764.0,21769.0,49.0
2025-06-16 07:48:00+00:00,21769.5,21769.5,21767.0,21768.5,26.0
2025-06-16 07:49:00+00:00,21769.5,21769.5,21768.0,21769.0,68.0
2025-06-16 07:50:00+00:00,21782.75,21787.0,21770.25,21770.75,141.0
2025-06-16 07:51:00+00:00,21777.75,21784.25,21774.75,21782.5,77.0
2025-06-16 07:52:00+00:00,21778.25,21780.0,21777.5,21779.25,17.0
2025-06-16 07:53:00+00:00,21768.5,21778.5,21768.5,21777.5,82.0
2025-06-16 07:54:00+00:00,21776.25,21778.25,21768.5,21769.75,97.0
2025-06-16 07:55:00+00:00,21776.0,21779.0,21774.5,21779.0,45.0
2025-06-16 07:56:00+00:00,21776.0,21777.25,21775.25,21776.75,32.0
2025-06-16 07:57:00+00:00,21778.5,21779.0,21774.25,21775.75,42.0
2025-06-16 07:58:00+00:00,21782.25,21784.25,21778.25,21778.75,61.0
2025-06-16 07:59:00+00:00,21784.75,21787.0,21782.0,21784.25,54.0
2025-06-16 08:00:00+00:00,21761.0,21784.75,21760.0,21783.25,431.0
2025-06-16 08:01:00+00:00,21754.5,21762.75,21751.0,21761.75,188.0
2025-06-16 08:02:00+00:00,21760.5,21761.25,21751.75,21755.0,116.0
2025-06-16 08:03:00+00:00,21758.0,21765.0,21757.75,21759.75,88.0
2025-06-16 08:04:00+00:00,21754.25,21758.5,21752.0,21758.5,55.0
2025-06-16 08:05:00+00:00,21758.25,21760.25,21753.75,21755.75,44.0
2025-06-16 08:06:00+00:00,21770.75,21771.75,21758.0,21759.0,100.0
2025-06-16 08:07:00+00:00,21764.0,21772.0,21763.75,21771.0,57.0
2025-06-16 08:08:00+00:00,21764.5,21765.5,21762.5,21764.0,23.0
2025-06-16 08:09:00+00:00,21776.25,21777.5,21765.75,21765.75,102.0
2025-06-16 08:10:00+00:00,21772.25,21774.75,21770.25,21774.75,25.0
2025-06-16 08:11:00+00:00,21771.25,21773.75,21770.0,21773.5,22.0
2025-06-16 08:12:00+00:00,21774.75,21774.75,21767.0,21770.25,40.0
2025-06-16 08:13:00+00:00,21766.25,21776.75,21766.25,21775.5,52.0
2025-06-16 08:14:00+00:00,21765.0,21770.0,21765.0,21768.5,75.0
2025-06-16 08:15:00+00:00,21764.25,21766.75,21763.5,21765.5,32.0
2025-06-16 08:16:00+00:00,21765.5,21769.5,21765.5,21766.5,29.0
2025-06-16 08:17:00+00:00,21766.5,21766.5,21764.5,21765.0,18.0
2025-06-16 08:18:00+00:00,21764.5,21766.25,21761.75,21765.0,26.0
2025-06-16 08:19:00+00:00,21756.75,21763.25,21756.75,21761.75,50.0
2025-06-16 08:20:00+00:00,21755.75,21757.25,21753.5,21756.5,41.0
2025-06-16 08:21:00+00:00,21764.25,21764.25,21757.75,21758.0,28.0
2025-06-16 08:22:00+00:00,21766.0,21766.0,21763.0,21764.25,16.0
2025-06-16 08:23:00+00:00,21765.25,21767.5,21765.0,21767.5,12.0
2025-06-16 08:24:00+00:00,21767.25,21769.75,21765.5,21765.5,24.0
2025-06-16 08:25:00+00:00,21768.5,21768.5,21764.0,21764.75,15.0
2025-06-16 08:26:00+00:00,21768.0,21768.0,21763.0,21767.0,24.0
2025-06-16 08:27:00+00:00,21773.0,21774.75,21769.5,21769.5,44.0
2025-06-16 08:28:00+00:00,21772.75,21776.25,21772.75,21774.75,49.0
2025-06-16 08:29:00+00:00,21774.75,21777.0,21773.75,21774.25,50.0
2025-06-16 08:30:00+00:00,21782.25,21782.5,21775.75,21777.0,74.0
2025-06-16 08:31:00+00:00,21772.25,21786.0,21771.5,21781.25,119.0
2025-06-16 08:32:00+00:00,21772.0,21773.0,21771.75,21771.75,17.0
2025-06-16 08:33:00+00:00,21774.0,21774.0,21771.5,21774.0,19.0
2025-06-16 08:34:00+00:00,21778.25,21778.5,21773.0,21773.0,67.0
2025-06-16 08:35:00+00:00,21768.5,21778.75,21766.75,21778.25,71.0
2025-06-16 08:36:00+00:00,21778.5,21778.5,21768.0,21769.75,46.0
2025-06-16 08:37:00+00:00,21788.75,21791.5,21778.25,21778.5,116.0
2025-06-16 08:38:00+00:00,21779.25,21786.25,21776.75,21786.25,42.0
2025-06-16 08:39:00+00:00,21776.25,21780.75,21776.25,21780.75,17.0
2025-06-16 08:40:00+00:00,21770.75,21776.25,21770.25,21775.75,45.0
2025-06-16 08:41:00+00:00,21777.75,21777.75,21771.25,21772.0,44.0
2025-06-16 08:42:00+00:00,21781.75,21781.75,21776.5,21776.5,17.0
2025-06-16 08:43:00+00:00,21785.25,21787.25,21782.25,21783.5,57.0
2025-06-16 08:44:00+00:00,21784.0,21785.25,21782.75,21783.5,30.0
2025-06-16 08:45:00+00:00,21782.25,21786.0,21780.75,21785.25,57.0
2025-06-16 08:46:00+00:00,21780.0,21783.0,21780.0,21782.5,46.0
2025-06-16 08:47:00+00:00,21784.25,21784.75,21780.0,21782.0,18.0
2025-06-16 08:48:00+00:00,21784.75,21787.25,21784.0,21784.25,56.0
2025-06-16 08:49:00+00:00,21784.5,21785.25,21784.25,21784.25,44.0
2025-06-16 08:50:00+00:00,21784.75,21786.25,21782.25,21784.5,27.0
2025-06-16 08:51:00+00:00,21783.0,21785.5,21782.0,21783.0,40.0
2025-06-16 08:52:00+00:00,21782.75,21784.5,21781.5,21781.5,48.0
2025-06-16 08:53:00+00:00,21784.25,21785.5,21782.0,21783.25,40.0
2025-06-16 08:54:00+00:00,21783.25,21785.25,21782.75,21783.25,25.0
2025-06-16 08:55:00+00:00,21782.5,21783.75,21782.25,21782.75,22.0
2025-06-16 08:56:00+00:00,21782.5,21785.0,21782.0,21782.5,95.0
2025-06-16 08:57:00+00:00,21783.25,21785.25,21781.75,21783.25,67.0
2025-06-16 08:58:00+00:00,21780.75,21784.0,21780.5,21783.25,52.0
2025-06-16 08:59:00+00:00,21782.0,21783.5,21778.0,21781.25,55.0
2025-06-16 09:00:00+00:00,21782.0,21784.25,21778.0,21784.0,26.0
2025-06-16 09:01:00+00:00,21786.5,21787.25,21782.0,21782.0,68.0
2025-06-16 09:02:00+00:00,21773.75,21784.25,21773.75,21783.5,99.0
2025-06-16 09:03:00+00:00,21770.75,21775.0,21770.75,21774.5,62.0
2025-06-16 09:04:00+00:00,21769.0,21771.75,21765.0,21771.75,56.0
2025-06-16 09:05:00+00:00,21775.5,21777.0,21770.0,21770.0,47.0
2025-06-16 09:06:00+00:00,21771.25,21775.5,21769.75,21775.5,53.0
2025-06-16 09:07:00+00:00,21767.0,21771.75,21764.75,21771.25,72.0
2025-06-16 09:08:00+00:00,21765.0,21769.0,21764.0,21766.75,50.0
2025-06-16 09:09:00+00:00,21763.5,21764.75,21762.0,21764.0,32.0
2025-06-16 09:10:00+00:00,21764.75,21767.25,21764.5,21764.5,22.0
2025-06-16 09:11:00+00:00,21761.25,21764.75,21761.25,21764.75,38.0
2025-06-16 09:12:00+00:00,21755.75,21763.5,21755.75,21762.75,52.0
2025-06-16 09:13:00+00:00,21752.0,21756.5,21752.0,21755.75,133.0
2025-06-16 09:14:00+00:00,21746.25,21750.0,21744.25,21750.0,386.0
2025-06-16 09:15:00+00:00,21746.75,21752.5,21746.75,21748.25,143.0
2025-06-16 09:16:00+00:00,21746.0,21746.5,21738.5,21745.5,131.0
2025-06-16 09:17:00+00:00,21751.0,21751.5,21743.75,21745.25,148.0
2025-06-16 09:18:00+00:00,21755.25,21758.0,21751.0,21751.0,84.0
2025-06-16 09:19:00+00:00,21755.0,21755.25,21751.5,21754.25,48.0
2025-06-16 09:20:00+00:00,21753.5,21755.0,21752.5,21754.75,26.0
2025-06-16 09:21:00+00:00,21757.25,21758.0,21754.25,21754.25,68.0
2025-06-16 09:22:00+00:00,21753.75,21757.0,21753.75,21756.0,15.0
2025-06-16 09:23:00+00:00,21759.25,21759.25,21754.5,21754.5,30.0
2025-06-16 09:24:00+00:00,21759.0,21760.0,21755.25,21758.25,50.0
2025-06-16 09:25:00+00:00,21763.25,21764.25,21753.75,21757.25,55.0
2025-06-16 09:26:00+00:00,21760.5,21765.0,21760.5,21762.75,37.0
2025-06-16 09:27:00+00:00,21756.5,21760.75,21756.5,21760.75,25.0
2025-06-16 09:28:00+00:00,21752.25,21757.75,21750.0,21757.75,35.0
2025-06-16 09:29:00+00:00,21753.0,21753.75,21751.0,21752.75,26.0
2025-06-16 09:39:00+00:00,21740.75,21745.0,21731.5,21740.80078125,670.0
2025-06-16 09:40:00+00:00,21744.5,21744.5,21740.75,21742.25,42.0
2025-06-16 09:41:00+00:00,21741.5,21745.75,21740.0,21743.5,111.0
2025-06-16 09:42:00+00:00,21745.0,21745.25,21742.0,21742.0,17.0
2025-06-16 09:43:00+00:00,21741.75,21747.0,21740.75,21746.25,61.0
2025-06-16 09:44:00+00:00,21741.75,21742.75,21741.5,21742.75,37.0
2025-06-16 09:45:00+00:00,21745.0,21745.5,21741.0,21743.0,35.0
2025-06-16 09:46:00+00:00,21745.0,21749.0,21745.0,21745.5,79.0
2025-06-16 09:47:00+00:00,21746.5,21746.5,21744.0,21745.0,13.0
2025-06-16 09:48:00+00:00,21738.5,21746.0,21737.75,21745.5,57.0
2025-06-16 09:49:00+00:00,21740.25,21740.25,21735.25,21737.0,35.0
2025-06-16 09:50:00+00:00,21748.0,21748.25,21740.75,21740.75,18.0
2025-06-16 09:51:00+00:00,21744.5,21745.75,21744.5,21745.75,4.0
2025-06-16 09:52:00+00:00,21745.25,21745.75,21744.0,21744.0,45.0
2025-06-16 09:53:00+00:00,21747.75,21747.75,21745.5,21746.75,14.0
2025-06-16 09:54:00+00:00,21747.25,21750.0,21747.25,21748.5,46.0
2025-06-16 09:55:00+00:00,21748.0,21749.5,21745.75,21749.0,12.0
2025-06-16 09:56:00+00:00,21748.75,21749.5,21748.0,21748.0,51.0
2025-06-16 09:57:00+00:00,21751.25,21753.75,21748.75,21749.25,34.0
2025-06-16 09:58:00+00:00,21753.0,21755.75,21751.0,21752.25,29.0
2025-06-16 09:59:00+00:00,21748.0,21751.25,21746.5,21751.25,131.0
2025-06-16 10:00:00+00:00,21744.75,21748.25,21742.25,21746.75,72.0
2025-06-16 10:01:00+00:00,21743.0,21748.0,21741.0,21746.25,51.0
2025-06-16 10:02:00+00:00,21745.5,21748.25,21743.25,21743.25,26.0
2025-06-16 10:03:00+00:00,21742.25,21745.5,21742.25,21743.75,17.0
2025-06-16 10:04:00+00:00,21742.75,21743.5,21742.5,21742.5,15.0
2025-06-16 10:05:00+00:00,21751.25,21751.25,21743.25,21744.0,51.0
2025-06-16 10:06:00+00:00,21745.25,21752.5,21744.5,21751.75,36.0
2025-06-16 10:07:00+00:00,21743.5,21747.25,21743.0,21745.5,33.0
2025-06-16 10:08:00+00:00,21747.0,21747.0,21743.5,21743.5,15.0
2025-06-16 10:09:00+00:00,21745.0,21748.0,21743.5,21748.0,19.0
2025-06-16 10:10:00+00:00,21750.5,21756.0,21746.5,21746.5,43.0
2025-06-16 10:11:00+00:00,21753.5,21755.75,21751.25,21751.25,27.0
2025-06-16 10:12:00+00:00,21755.25,21760.0,21754.5,21754.5,51.0
2025-06-16 10:13:00+00:00,21756.75,21756.75,21755.25,21756.25,18.0
2025-06-16 10:14:00+00:00,21756.25,21756.25,21754.5,21755.75,14.0
2025-06-16 10:15:00+00:00,21759.5,21759.5,21754.5,21754.5,22.0
2025-06-16 10:16:00+00:00,21756.0,21763.0,21754.25,21759.75,79.0
2025-06-16 10:17:00+00:00,21758.75,21758.75,21756.0,21756.0,23.0
2025-06-16 10:18:00+00:00,21761.0,21762.25,21758.25,21761.25,67.0
2025-06-16 10:19:00+00:00,21759.25,21761.5,21759.25,21761.5,14.0
2025-06-16 10:20:00+00:00,21761.5,21761.5,21758.0,21761.0,49.0
2025-06-16 10:21:00+00:00,21761.0,21763.0,21760.5,21761.0,93.0
2025-06-16 10:22:00+00:00,21760.25,21761.5,21760.25,21761.5,13.0
2025-06-16 10:23:00+00:00,21759.5,21760.75,21759.5,21760.75,16.0
2025-06-16 10:24:00+00:00,21760.25,21761.0,21757.5,21757.5,74.0
2025-06-16 10:25:00+00:00,21757.5,21761.5,21757.5,21761.5,20.0
2025-06-16 10:26:00+00:00,21758.5,21760.0,21758.5,21759.25,10.0
2025-06-16 10:27:00+00:00,21759.0,21759.0,21755.5,21758.0,33.0
2025-06-16 10:28:00+00:00,21758.5,21758.75,21757.25,21758.75,9.0
2025-06-16 10:29:00+00:00,21757.5,21758.75,21757.5,21758.75,13.0
2025-06-16 10:30:00+00:00,21759.0,21760.5,21758.25,21758.75,29.0
2025-06-16 10:31:00+00:00,21758.75,21759.5,21757.75,21759.25,34.0
2025-06-16 10:32:00+00:00,21757.75,21762.25,21757.75,21759.5,20.0
2025-06-16 10:33:00+00:00,21761.0,21761.5,21757.75,21758.0,27.0
2025-06-16 10:34:00+00:00,21762.75,21764.0,21760.5,21760.5,36.0
2025-06-16 10:35:00+00:00,21761.5,21762.25,21761.25,21761.25,26.0
2025-06-16 10:36:00+00:00,21762.25,21764.0,21761.75,21761.75,34.0
2025-06-16 10:37:00+00:00,21759.0,21763.0,21758.0,21762.75,43.0
2025-06-16 10:38:00+00:00,21761.5,21762.0,21760.0,21760.0,22.0
2025-06-16 10:39:00+00:00,21760.0,21761.0,21758.5,21760.0,27.0
2025-06-16 10:40:00+00:00,21748.75,21760.0,21746.5,21760.0,57.0
2025-06-16 10:41:00+00:00,21746.0,21750.5,21741.75,21750.0,75.0
2025-06-16 10:42:00+00:00,21749.5,21752.0,21746.0,21746.5,56.0
2025-06-16 10:43:00+00:00,21749.25,21750.75,21747.0,21748.75,42.0
2025-06-16 10:44:00+00:00,21747.5,21751.0,21747.5,21749.75,18.0
2025-06-16 10:45:00+00:00,21752.75,21752.75,21749.25,21749.25,27.0
2025-06-16 10:46:00+00:00,21752.0,21755.75,21752.0,21753.5,38.0
2025-06-16 10:47:00+00:00,21750.5,21752.0,21750.25,21751.25,41.0
2025-06-16 10:48:00+00:00,21766.0,21767.0,21750.75,21750.75,104.0
2025-06-16 10:49:00+00:00,21763.25,21767.75,21762.75,21765.75,79.0
2025-06-16 10:50:00+00:00,21768.0,21768.25,21761.5,21761.5,40.0
2025-06-16 10:51:00+00:00,21771.25,21773.0,21766.0,21767.25,82.0
2025-06-16 10:52:00+00:00,21771.25,21772.0,21769.75,21771.25,183.0
2025-06-16 10:53:00+00:00,21769.75,21775.0,21769.75,21771.25,70.0
2025-06-16 10:54:00+00:00,21771.75,21772.5,21770.25,21770.25,46.0
2025-06-16 10:55:00+00:00,21770.25,21771.25,21768.5,21771.25,12.0
2025-06-16 10:56:00+00:00,21774.0,21774.0,21771.0,21771.5,39.0
2025-06-16 10:57:00+00:00,21776.25,21777.75,21774.5,21775.0,69.0
2025-06-16 10:58:00+00:00,21778.75,21780.0,21777.0,21778.0,36.0
2025-06-16 10:59:00+00:00,21781.5,21781.5,21777.75,21779.75,57.0
2025-06-16 11:00:00+00:00,21774.75,21781.5,21770.5,21781.5,116.0
2025-06-16 11:01:00+00:00,21761.75,21777.75,21757.5,21776.0,121.0
2025-06-16 11:02:00+00:00,21767.0,21768.25,21761.75,21762.25,113.0
2025-06-16 11:03:00+00:00,21769.0,21770.0,21764.0,21768.0,63.0
2025-06-16 11:04:00+00:00,21765.5,21766.5,21764.0,21765.5,26.0
2025-06-16 11:05:00+00:00,21766.0,21769.25,21764.25,21765.0,35.0
2025-06-16 11:06:00+00:00,21766.25,21769.25,21763.75,21768.5,31.0
2025-06-16 11:07:00+00:00,21758.75,21768.0,21756.5,21768.0,49.0
2025-06-16 11:08:00+00:00,21758.0,21759.75,21757.0,21758.25,32.0
2025-06-16 11:09:00+00:00,21760.25,21761.0,21758.0,21760.25,27.0
2025-06-16 11:10:00+00:00,21759.0,21760.75,21758.0,21759.75,22.0
2025-06-16 11:11:00+00:00,21759.75,21760.75,21756.75,21757.75,27.0
2025-06-16 11:12:00+00:00,21759.0,21761.25,21757.25,21760.25,35.0
2025-06-16 11:13:00+00:00,21756.25,21762.75,21756.0,21758.75,41.0
2025-06-16 11:14:00+00:00,21756.5,21758.25,21752.0,21757.25,85.0
2025-06-16 11:15:00+00:00,21769.0,21769.75,21757.25,21757.25,86.0
2025-06-16 11:16:00+00:00,21766.5,21769.25,21765.75,21768.25,61.0
2025-06-16 11:17:00+00:00,21766.5,21767.0,21764.0,21766.0,31.0
2025-06-16 11:18:00+00:00,21767.25,21767.25,21765.0,21766.0,16.0
2025-06-16 11:19:00+00:00,21765.5,21767.75,21765.0,21767.25,29.0
2025-06-16 11:20:00+00:00,21766.5,21766.5,21763.5,21763.5,27.0
2025-06-16 11:21:00+00:00,21763.0,21770.5,21761.25,21767.25,30.0
2025-06-16 11:22:00+00:00,21765.0,21766.0,21763.75,21764.5,35.0
2025-06-16 11:23:00+00:00,21769.5,21771.25,21766.5,21766.5,40.0
2025-06-16 11:24:00+00:00,21767.0,21770.75,21763.75,21770.5,43.0
2025-06-16 11:25:00+00:00,21767.25,21768.5,21765.75,21765.75,31.0
2025-06-16 11:26:00+00:00,21770.5,21772.0,21768.0,21768.0,47.0
2025-06-16 11:27:00+00:00,21768.0,21771.25,21766.5,21770.75,39.0
2025-06-16 11:28:00+00:00,21765.0,21769.0,21765.0,21768.5,23.0
2025-06-16 11:29:00+00:00,21768.5,21770.0,21765.75,21765.75,41.0
2025-06-16 11:30:00+00:00,21770.5,21770.5,21768.25,21768.25,32.0
2025-06-16 11:31:00+00:00,21774.5,21775.0,21770.5,21770.5,63.0
2025-06-16 11:32:00+00:00,21777.0,21777.0,21775.0,21775.0,38.0
2025-06-16 11:33:00+00:00,21775.25,21779.25,21775.0,21777.75,67.0
2025-06-16 11:34:00+00:00,21775.25,21775.5,21774.5,21775.5,79.0
2025-06-16 11:35:00+00:00,21785.75,21786.5,21775.25,21775.25,81.0
2025-06-16 11:36:00+00:00,21787.75,21789.5,21783.75,21785.5,95.0
2025-06-16 11:37:00+00:00,21790.0,21790.0,21786.5,21788.0,84.0
2025-06-16 11:38:00+00:00,21793.5,21801.0,21790.0,21790.0,346.0
2025-06-16 11:39:00+00:00,21794.25,21795.25,21788.75,21793.5,96.0
2025-06-16 11:40:00+00:00,21789.0,21793.0,21785.25,21793.0,136.0
2025-06-16 11:41:00+00:00,21789.5,21790.0,21786.5,21788.0,52.0
2025-06-16 11:42:00+00:00,21793.25,21793.75,21789.0,21789.5,70.0
2025-06-16 11:43:00+00:00,21792.75,21794.0,21791.25,21791.75,75.0
2025-06-16 11:44:00+00:00,21792.25,21792.5,21788.5,21792.25,103.0
2025-06-16 11:45:00+00:00,21799.0,21805.75,21794.0,21795.0,319.0
2025-06-16 11:46:00+00:00,21803.75,21806.0,21800.25,21800.75,108.0
2025-06-16 11:47:00+00:00,21799.75,21806.0,21798.5,21804.25,123.0
2025-06-16 11:48:00+00:00,21800.0,21803.0,21796.75,21801.25,55.0
2025-06-16 11:49:00+00:00,21802.0,21802.0,21799.75,21800.0,44.0
2025-06-16 11:50:00+00:00,21800.0,21802.25,21798.25,21802.25,56.0
2025-06-16 11:51:00+00:00,21798.0,21800.75,21797.25,21800.75,71.0
2025-06-16 11:52:00+00:00,21807.0,21808.25,21797.5,21797.75,172.0
2025-06-16 11:53:00+00:00,21807.25,21810.0,21805.75,21808.0,128.0
2025-06-16 11:54:00+00:00,21806.75,21808.5,21805.0,21807.25,58.0
2025-06-16 11:55:00+00:00,21801.0,21807.0,21798.75,21807.0,77.0
2025-06-16 11:56:00+00:00,21804.75,21806.5,21802.0,21802.25,91.0
2025-06-16 11:57:00+00:00,21807.25,21809.0,21803.5,21805.75,58.0
2025-06-16 11:58:00+00:00,21809.25,21809.25,21806.75,21807.25,27.0
2025-06-16 11:59:00+00:00,21809.75,21811.75,21809.0,21809.25,262.0
2025-06-16 12:00:00+00:00,21809.75,21812.75,21808.0,21809.5,123.0
2025-06-16 12:01:00+00:00,21803.5,21813.75,21801.25,21810.75,217.0
2025-06-16 12:02:00+00:00,21803.25,21805.25,21799.75,21803.0,191.0
2025-06-16 12:03:00+00:00,21807.5,21808.75,21801.75,21802.0,306.0
2025-06-16 12:04:00+00:00,21806.0,21807.75,21803.75,21807.75,77.0
2025-06-16 12:05:00+00:00,21805.75,21807.0,21805.75,21805.75,261.0
2025-06-16 12:06:00+00:00,21804.5,21807.75,21802.75,21805.5,87.0
2025-06-16 12:07:00+00:00,21806.75,21808.25,21803.0,21804.5,67.0
2025-06-16 12:08:00+00:00,21808.0,21810.75,21806.25,21806.5,134.0
2025-06-16 12:09:00+00:00,21823.25,21824.25,21809.0,21809.0,294.0
2025-06-16 12:10:00+00:00,21821.5,21824.25,21821.25,21823.75,248.0
2025-06-16 12:11:00+00:00,21822.5,21824.0,21819.25,21822.0,356.0
2025-06-16 12:12:00+00:00,21818.75,21822.75,21818.5,21822.25,157.0
2025-06-16 12:13:00+00:00,21818.25,21821.75,21818.0,21819.25,256.0
2025-06-16 12:14:00+00:00,21817.75,21820.25,21817.25,21819.0,87.0
2025-06-16 12:15:00+00:00,21819.0,21819.5,21818.0,21819.25,53.0
2025-06-16 12:16:00+00:00,21820.5,21821.0,21818.25,21819.25,89.0
2025-06-16 12:17:00+00:00,21821.25,21821.75,21820.25,21821.0,154.0
2025-06-16 12:18:00+00:00,21821.0,21822.25,21819.0,21822.25,257.0
2025-06-16 12:19:00+00:00,21825.0,21826.5,21821.25,21821.25,329.0
2025-06-16 12:20:00+00:00,21820.5,21830.0,21820.5,21825.25,347.0
2025-06-16 12:21:00+00:00,21825.25,21826.5,21821.0,21822.25,153.0
2025-06-16 12:22:00+00:00,21836.75,21840.75,21826.25,21826.25,310.0
2025-06-16 12:23:00+00:00,21839.0,21841.25,21836.5,21837.5,163.0
2025-06-16 12:24:00+00:00,21840.0,21841.25,21837.25,21839.75,135.0
2025-06-16 12:25:00+00:00,21837.75,21841.75,21836.0,21838.5,205.0
2025-06-16 12:26:00+00:00,21833.75,21838.25,21833.0,21837.5,228.0
2025-06-16 12:27:00+00:00,21831.0,21836.0,21828.0,21834.5,324.0
2025-06-16 12:28:00+00:00,21831.5,21832.75,21829.5,21831.0,141.0
2025-06-16 12:29:00+00:00,21831.5,21833.0,21828.0,21831.5,236.0
2025-06-16 12:30:00+00:00,21836.0,21838.25,21828.5,21828.5,263.0
2025-06-16 12:31:00+00:00,21825.5,21838.5,21825.25,21836.0,203.0
2025-06-16 12:32:00+00:00,21822.0,21827.0,21819.5,21826.75,316.0
2025-06-16 12:33:00+00:00,21817.25,21820.75,21815.75,21820.0,233.0
2025-06-16 12:34:00+00:00,21818.0,21818.25,21814.25,21817.0,151.0
2025-06-16 12:35:00+00:00,21814.75,21827.75,21813.75,21819.25,553.0
2025-06-16 12:36:00+00:00,21813.75,21816.5,21812.5,21813.0,107.0
2025-06-16 12:37:00+00:00,21816.5,21818.5,21813.0,21814.25,197.0
2025-06-16 12:38:00+00:00,21821.75,21822.75,21817.0,21817.0,217.0
2025-06-16 12:39:00+00:00,21820.0,21823.25,21819.75,21821.0,213.0
2025-06-16 12:40:00+00:00,21823.5,21825.25,21820.5,21821.0,292.0
2025-06-16 12:41:00+00:00,21817.75,21826.75,21817.25,21823.5,407.0
2025-06-16 12:42:00+00:00,21825.0,21831.0,21817.5,21817.5,285.0
2025-06-16 12:43:00+00:00,21821.0,21824.75,21819.5,21824.25,303.0
2025-06-16 12:44:00+00:00,21822.5,21823.0,21819.25,21820.5,57.0
2025-06-16 12:45:00+00:00,21825.5,21830.5,21820.25,21821.75,149.0
2025-06-16 12:46:00+00:00,21824.75,21825.5,21821.75,21824.0,88.0
2025-06-16 12:47:00+00:00,21824.0,21826.5,21824.0,21825.75,47.0
2025-06-16 12:48:00+00:00,21822.75,21826.5,21821.0,21825.5,61.0
2025-06-16 12:49:00+00:00,21822.75,21824.25,21820.0,21823.5,91.0
2025-06-16 12:50:00+00:00,21819.75,21823.0,21819.75,21822.5,183.0
2025-06-16 12:51:00+00:00,21816.75,21819.75,21815.5,21819.75,145.0
2025-06-16 12:52:00+00:00,21817.0,21818.0,21815.5,21816.5,353.0
2025-06-16 12:53:00+00:00,21816.75,21819.25,21816.75,21818.0,79.0
2025-06-16 12:54:00+00:00,21818.0,21818.25,21815.25,21816.75,195.0
2025-06-16 12:55:00+00:00,21821.0,21821.75,21818.0,21818.75,139.0
2025-06-16 12:56:00+00:00,21820.5,21825.0,21820.5,21822.5,452.0
2025-06-16 12:57:00+00:00,21821.25,21824.0,21819.25,21821.25,150.0
2025-06-16 12:58:00+00:00,21815.25,21822.75,21815.25,21822.0,42.0
2025-06-16 12:59:00+00:00,21816.75,21817.75,21814.5,21815.75,80.0
2025-06-16 13:00:00+00:00,21823.75,21824.5,21815.25,21816.0,158.0
2025-06-16 13:01:00+00:00,21822.5,21826.5,21817.5,21822.5,278.0
2025-06-16 13:02:00+00:00,21823.5,21827.5,21823.5,21823.5,125.0
2025-06-16 13:03:00+00:00,21822.75,21824.25,21821.75,21822.75,109.0
2025-06-16 13:04:00+00:00,21822.75,21823.75,21820.5,21822.25,168.0
2025-06-16 13:05:00+00:00,21821.25,21823.5,21820.25,21821.75,110.0
2025-06-16 13:06:00+00:00,21816.0,21820.75,21811.75,21820.75,210.0
2025-06-16 13:07:00+00:00,21812.25,21816.25,21811.0,21815.75,137.0
2025-06-16 13:08:00+00:00,21815.0,21818.5,21813.0,21813.0,109.0
2025-06-16 13:09:00+00:00,21822.75,21826.0,21816.25,21816.75,258.0
2025-06-16 13:10:00+00:00,21819.25,21824.0,21818.0,21822.0,103.0
2025-06-16 13:11:00+00:00,21819.75,21821.0,21817.5,21819.0,367.0
2025-06-16 13:12:00+00:00,21819.75,21821.0,21817.5,21820.25,230.0
2025-06-16 13:13:00+00:00,21820.75,21823.75,21819.75,21819.75,124.0
2025-06-16 13:14:00+00:00,21821.5,21823.0,21821.25,21821.25,110.0
2025-06-16 13:15:00+00:00,21818.75,21822.25,21814.25,21821.75,127.0
2025-06-16 13:16:00+00:00,21816.75,21818.75,21816.25,21818.0,319.0
2025-06-16 13:17:00+00:00,21811.0,21817.25,21810.75,21817.25,197.0
2025-06-16 13:18:00+00:00,21813.0,21813.25,21810.0,21811.25,189.0
2025-06-16 13:19:00+00:00,21812.75,21813.25,21811.5,21813.0,177.0
2025-06-16 13:20:00+00:00,21819.5,21819.75,21811.25,21812.5,318.0
2025-06-16 13:21:00+00:00,21813.5,21821.25,21810.0,21820.25,151.0
2025-06-16 13:22:00+00:00,21816.75,21818.5,21814.25,21816.0,299.0
2025-06-16 13:23:00+00:00,21816.0,21817.75,21815.25,21815.25,332.0
2025-06-16 13:24:00+00:00,21813.75,21816.5,21811.75,21814.5,239.0
2025-06-16 13:25:00+00:00,21812.0,21813.5,21805.75,21813.0,627.0
2025-06-16 13:26:00+00:00,21810.5,21812.25,21808.5,21810.75,289.0
2025-06-16 13:27:00+00:00,21810.75,21817.25,21808.0,21810.5,396.0
2025-06-16 13:28:00+00:00,21796.5,21810.75,21793.0,21810.75,480.0
2025-06-16 13:29:00+00:00,21794.25,21800.75,21790.0,21795.75,789.0
2025-06-16 13:30:00+00:00,21840.25,21841.5,21792.25,21793.75,2621.0
2025-06-16 13:31:00+00:00,21856.0,21858.0,21839.5,21840.25,2283.0
2025-06-16 13:32:00+00:00,21843.75,21877.5,21842.5,21855.75,2024.0
2025-06-16 13:33:00+00:00,21853.25,21856.25,21837.25,21844.75,1505.0
2025-06-16 13:34:00+00:00,21848.5,21858.0,21842.0,21854.0,1110.0
2025-06-16 13:35:00+00:00,21843.75,21853.25,21827.75,21848.5,1466.0
2025-06-16 13:36:00+00:00,21846.0,21849.75,21836.0,21845.5,1348.0
2025-06-16 13:37:00+00:00,21849.75,21859.75,21843.25,21847.75,1104.0
2025-06-16 13:38:00+00:00,21854.5,21857.0,21843.75,21850.0,1350.0
2025-06-16 13:39:00+00:00,21866.0,21872.5,21846.5,21855.0,1420.0
2025-06-16 13:40:00+00:00,21859.0,21872.5,21855.0,21866.5,1176.0
2025-06-16 13:41:00+00:00,21862.75,21869.0,21850.0,21859.0,1070.0
2025-06-16 13:42:00+00:00,21856.25,21864.5,21852.0,21862.0,1248.0
2025-06-16 13:43:00+00:00,21862.75,21864.0,21846.75,21856.0,1352.0
2025-06-16 13:44:00+00:00,21861.0,21871.5,21858.0,21864.0,1099.0
2025-06-16 13:45:00+00:00,21878.0,21893.5,21862.0,21863.75,2098.0
2025-06-16 13:46:00+00:00,21864.5,21880.0,21861.75,21878.5,1173.0
2025-06-16 13:47:00+00:00,21843.75,21869.75,21839.25,21864.0,2070.0
2025-06-16 13:48:00+00:00,21848.25,21852.75,21841.75,21842.75,995.0
2025-06-16 13:49:00+00:00,21881.25,21889.75,21849.0,21849.25,2033.0
2025-06-16 13:50:00+00:00,21887.5,21887.75,21874.75,21883.0,1238.0
2025-06-16 13:51:00+00:00,21877.0,21891.0,21875.75,21887.75,1372.0
2025-06-16 13:52:00+00:00,21884.25,21888.5,21873.5,21876.75,881.0
2025-06-16 13:53:00+00:00,21910.0,21917.75,21882.25,21884.5,1486.0
2025-06-16 13:54:00+00:00,21905.5,21926.75,21901.0,21911.75,1578.0
2025-06-16 13:55:00+00:00,21926.5,21931.5,21902.25,21907.5,1553.0
2025-06-16 13:56:00+00:00,21938.5,21940.25,21926.75,21928.25,1617.0
2025-06-16 13:57:00+00:00,21933.0,21944.5,21931.5,21938.75,1412.0
2025-06-16 13:58:00+00:00,21925.0,21937.5,21919.75,21933.75,1802.0
2025-06-16 13:59:00+00:00,21928.25,21930.5,21924.5,21925.5,791.0
2025-06-16 14:00:00+00:00,21941.0,21957.0,21927.5,21928.0,1677.0
2025-06-16 14:01:00+00:00,21949.0,21951.5,21938.5,21942.5,945.0
2025-06-16 14:02:00+00:00,21949.25,21952.0,21943.0,21950.0,981.0
2025-06-16 14:03:00+00:00,21941.5,21949.75,21938.5,21949.0,1068.0
2025-06-16 14:04:00+00:00,21946.5,21948.25,21933.25,21942.0,1420.0
2025-06-16 14:05:00+00:00,21947.5,21952.75,21942.5,21947.5,744.0
2025-06-16 14:06:00+00:00,21943.5,21953.0,21929.0,21948.0,979.0
2025-06-16 14:07:00+00:00,21935.5,21946.0,21935.5,21943.5,944.0
2025-06-16 14:08:00+00:00,21929.5,21938.25,21921.75,21935.0,1332.0
2025-06-16 14:09:00+00:00,21924.25,21938.25,21922.25,21929.25,1478.0
2025-06-16 14:10:00+00:00,21936.25,21937.0,21922.0,21922.5,785.0
2025-06-16 14:11:00+00:00,21945.0,21945.0,21932.5,21935.5,686.0
2025-06-16 14:12:00+00:00,21958.5,21961.25,21943.25,21943.75,1392.0
2025-06-16 14:13:00+00:00,21953.25,21962.0,21952.0,21958.5,1065.0
2025-06-16 14:14:00+00:00,21958.25,21963.5,21953.75,21953.75,821.0
2025-06-16 14:15:00+00:00,21956.25,21961.25,21949.25,21958.25,897.0
2025-06-16 14:16:00+00:00,21953.75,21959.5,21950.25,21955.5,738.0
2025-06-16 14:17:00+00:00,21958.0,21960.5,21955.5,21955.75,457.0
2025-06-16 14:18:00+00:00,21964.75,21966.75,21956.25,21958.5,1918.0
2025-06-16 14:19:00+00:00,21964.5,21967.25,21960.5,21964.25,1417.0
2025-06-16 14:20:00+00:00,21963.5,21967.25,21960.0,21965.25,805.0
2025-06-16 14:21:00+00:00,21965.75,21969.0,21962.0,21964.25,1201.0
2025-06-16 14:22:00+00:00,21955.5,21967.0,21953.5,21966.0,1012.0
2025-06-16 14:23:00+00:00,21954.25,21957.75,21951.0,21955.0,686.0
2025-06-16 14:24:00+00:00,21960.0,21966.0,21955.0,21955.0,745.0
2025-06-16 14:25:00+00:00,21959.25,21964.5,21953.5,21960.25,659.0
2025-06-16 14:26:00+00:00,21961.5,21962.5,21953.5,21959.5,612.0
2025-06-16 14:27:00+00:00,21965.0,21965.0,21957.0,21963.0,923.0
2025-06-16 14:28:00+00:00,21973.0,21975.75,21965.5,21965.5,1257.0
2025-06-16 14:29:00+00:00,21973.25,21976.0,21969.5,21973.75,1471.0
2025-06-16 14:30:00+00:00,21974.75,21978.5,21970.75,21972.75,833.0
2025-06-16 14:31:00+00:00,21972.25,21976.25,21970.75,21974.75,666.0
2025-06-16 14:32:00+00:00,21979.25,21980.5,21971.25,21973.5,1100.0
2025-06-16 14:33:00+00:00,21979.0,21980.25,21973.5,21979.0,976.0
2025-06-16 14:34:00+00:00,21978.5,21980.0,21974.5,21979.25,569.0
2025-06-16 14:35:00+00:00,21976.25,21981.5,21973.75,21978.75,678.0
2025-06-16 14:36:00+00:00,21968.75,21979.0,21964.5,21976.25,1326.0
2025-06-16 14:37:00+00:00,21962.5,21974.5,21958.25,21968.25,689.0
2025-06-16 14:38:00+00:00,21963.25,21968.0,21957.75,21963.0,1013.0
2025-06-16 14:39:00+00:00,21970.0,21970.5,21963.25,21963.5,1054.0
2025-06-16 14:40:00+00:00,21958.5,21976.25,21958.25,21970.5,546.0
2025-06-16 14:41:00+00:00,21960.75,21963.0,21955.75,21959.0,463.0
2025-06-16 14:42:00+00:00,21958.0,21961.5,21953.25,21960.5,1007.0
2025-06-16 14:43:00+00:00,21969.75,21969.75,21957.25,21957.75,696.0
2025-06-16 14:44:00+00:00,21972.75,21976.75,21968.0,21970.25,727.0
2025-06-16 14:45:00+00:00,21976.5,21979.0,21970.75,21974.0,885.0
2025-06-16 14:46:00+00:00,21974.25,21981.25,21968.5,21976.75,1100.0
2025-06-16 14:47:00+00:00,21968.0,21972.75,21965.5,21972.0,571.0
2025-06-16 14:48:00+00:00,21966.5,21971.5,21962.75,21968.0,846.0
2025-06-16 14:49:00+00:00,21963.75,21968.5,21961.5,21966.0,460.0
2025-06-16 14:50:00+00:00,21958.0,21964.0,21957.75,21963.75,637.0
2025-06-16 14:51:00+00:00,21962.75,21963.5,21955.0,21957.75,791.0
2025-06-16 14:52:00+00:00,21965.25,21965.25,21958.0,21963.0,433.0
2025-06-16 14:53:00+00:00,21965.75,21970.0,21965.0,21965.25,701.0
2025-06-16 14:54:00+00:00,21958.0,21967.25,21954.75,21966.25,1132.0
2025-06-16 14:55:00+00:00,21955.5,21964.25,21955.5,21957.75,511.0
2025-06-16 14:56:00+00:00,21955.75,21958.75,21950.5,21955.75,635.0
2025-06-16 14:57:00+00:00,21958.0,21958.25,21950.5,21956.5,854.0
2025-06-16 14:58:00+00:00,21954.0,21957.75,21947.0,21957.75,660.0
2025-06-16 14:59:00+00:00,21958.25,21959.0,21949.0,21953.75,790.0
2025-06-16 15:00:00+00:00,21960.5,21963.5,21957.0,21958.75,592.0
2025-06-16 15:01:00+00:00,21969.5,21971.5,21959.5,21961.0,749.0
2025-06-16 15:02:00+00:00,21971.75,21975.5,21961.75,21969.25,581.0
2025-06-16 15:03:00+00:00,21953.75,21972.0,21953.75,21971.25,621.0
2025-06-16 15:04:00+00:00,21965.25,21965.5,21952.75,21953.25,1230.0
2025-06-16 15:05:00+00:00,21957.5,21971.5,21953.25,21965.0,1814.0
2025-06-16 15:06:00+00:00,21966.0,21973.0,21956.75,21957.5,836.0
2025-06-16 15:07:00+00:00,21966.75,21968.75,21963.25,21965.75,299.0
2025-06-16 15:08:00+00:00,21966.75,21969.0,21963.0,21967.5,538.0
2025-06-16 15:09:00+00:00,21968.5,21971.25,21965.5,21966.0,677.0
2025-06-16 15:10:00+00:00,21976.0,21977.5,21968.0,21969.25,554.0
2025-06-16 15:11:00+00:00,21972.5,21978.5,21969.25,21975.5,642.0
2025-06-16 15:12:00+00:00,21971.0,21972.75,21965.0,21972.25,454.0
2025-06-16 15:13:00+00:00,21973.25,21974.0,21968.25,21971.25,357.0
2025-06-16 15:14:00+00:00,21976.5,21976.5,21968.5,21972.25,305.0
2025-06-16 15:15:00+00:00,21978.5,21999.25,21976.5,21976.5,1491.0
2025-06-16 15:16:00+00:00,21978.25,21979.25,21973.0,21978.5,589.0
2025-06-16 15:17:00+00:00,21986.5,21988.0,21975.25,21976.75,620.0
2025-06-16 15:18:00+00:00,21991.5,21994.0,21986.25,21986.75,1052.0
2025-06-16 15:19:00+00:00,21988.75,21994.0,21987.75,21991.5,552.0
2025-06-16 15:20:00+00:00,21986.0,21989.0,21981.25,21988.5,543.0
2025-06-16 15:21:00+00:00,21993.5,21995.0,21985.0,21985.75,685.0
2025-06-16 15:22:00+00:00,21986.0,21995.5,21985.25,21993.0,529.0
2025-06-16 15:23:00+00:00,21984.5,21988.0,21981.25,21986.5,386.0
2025-06-16 15:24:00+00:00,21994.25,21996.0,21983.5,21984.0,594.0
2025-06-16 15:25:00+00:00,21986.5,21996.25,21982.0,21994.75,764.0
2025-06-16 15:26:00+00:00,21967.0,21989.0,21963.5,21987.25,1535.0
2025-06-16 15:27:00+00:00,21959.75,21969.75,21958.25,21967.0,730.0
2025-06-16 15:28:00+00:00,21965.25,21965.75,21960.0,21960.0,452.0
2025-06-16 15:29:00+00:00,21964.0,21966.5,21959.75,21963.25,795.0
2025-06-16 15:30:00+00:00,21971.5,21973.0,21960.5,21963.0,510.0
2025-06-16 15:31:00+00:00,21970.0,21978.5,21965.0,21973.25,727.0
2025-06-16 15:32:00+00:00,21963.0,21969.25,21959.75,21969.25,534.0
2025-06-16 15:33:00+00:00,21966.5,21967.75,21961.0,21963.25,290.0
2025-06-16 15:34:00+00:00,21970.25,21971.25,21966.25,21966.25,271.0
2025-06-16 15:35:00+00:00,21963.0,21969.5,21960.0,21969.5,496.0
2025-06-16 15:36:00+00:00,21970.0,21972.75,21960.5,21962.5,517.0
2025-06-16 15:37:00+00:00,21973.0,21976.75,21962.25,21971.5,635.0
2025-06-16 15:38:00+00:00,21976.0,21978.0,21965.25,21972.5,785.0
2025-06-16 15:39:00+00:00,21969.0,21976.5,21965.0,21975.75,648.0
2025-06-16 15:40:00+00:00,21970.25,21973.5,21963.25,21968.75,988.0
2025-06-16 15:41:00+00:00,21972.5,21975.5,21969.5,21971.25,464.0
2025-06-16 15:42:00+00:00,21971.5,21971.5,21964.75,21971.0,341.0
2025-06-16 15:43:00+00:00,21971.0,21973.75,21968.0,21971.25,240.0
2025-06-16 15:44:00+00:00,21967.25,21972.0,21965.75,21971.25,824.0
2025-06-16 15:45:00+00:00,21968.5,21971.5,21965.5,21967.5,290.0
2025-06-16 15:46:00+00:00,21978.75,21980.25,21969.75,21969.75,540.0
2025-06-16 15:47:00+00:00,21978.25,21978.25,21972.75,21977.75,869.0
2025-06-16 15:48:00+00:00,21974.25,21977.5,21972.5,21977.5,506.0
2025-06-16 15:49:00+00:00,21975.25,21975.5,21971.0,21973.75,676.0
2025-06-16 15:50:00+00:00,21971.5,21975.75,21966.75,21974.75,553.0
2025-06-16 15:51:00+00:00,21962.25,21971.25,21962.25,21971.25,895.0
2025-06-16 15:52:00+00:00,21958.75,21964.5,21955.0,21961.5,865.0
2025-06-16 15:53:00+00:00,21955.5,21960.0,21952.0,21959.25,795.0
2025-06-16 15:54:00+00:00,21950.0,21958.5,21948.5,21955.5,929.0
2025-06-16 15:55:00+00:00,21949.5,21955.25,21947.5,21949.75,569.0
2025-06-16 15:56:00+00:00,21942.5,21955.25,21930.5,21948.5,1403.0
2025-06-16 15:57:00+00:00,21943.0,21946.75,21937.5,21941.5,1258.0
2025-06-16 15:58:00+00:00,21946.75,21948.25,21941.25,21942.5,1451.0
2025-06-16 15:59:00+00:00,21945.75,21952.75,21944.25,21947.75,568.0
2025-06-16 16:00:00+00:00,21958.25,21960.25,21945.25,21946.25,678.0
2025-06-16 16:01:00+00:00,21944.0,21959.25,21943.0,21958.75,408.0
2025-06-16 16:02:00+00:00,21944.0,21945.75,21938.75,21943.75,331.0
2025-06-16 16:03:00+00:00,21938.5,21943.5,21936.25,21943.25,368.0
2025-06-16 16:04:00+00:00,21946.5,21947.75,21935.25,21939.0,513.0
2025-06-16 16:05:00+00:00,21940.5,21947.5,21937.25,21946.25,595.0
2025-06-16 16:06:00+00:00,21943.25,21946.75,21940.0,21941.0,281.0
2025-06-16 16:07:00+00:00,21948.5,21950.25,21932.75,21943.25,1190.0
2025-06-16 16:08:00+00:00,21947.5,21949.75,21945.5,21948.75,359.0
2025-06-16 16:09:00+00:00,21947.5,21948.5,21941.25,21947.75,308.0
2025-06-16 16:10:00+00:00,21949.0,21949.25,21942.0,21947.75,480.0
2025-06-16 16:11:00+00:00,21952.25,21952.25,21948.25,21949.5,446.0
2025-06-16 16:12:00+00:00,21957.75,21958.0,21951.25,21951.75,471.0
2025-06-16 16:13:00+00:00,21960.25,21964.0,21956.75,21956.75,458.0
2025-06-16 16:14:00+00:00,21958.0,21960.5,21956.5,21959.5,455.0
2025-06-16 16:15:00+00:00,21956.75,21960.25,21954.5,21958.75,281.0
2025-06-16 16:16:00+00:00,21961.25,21965.75,21956.75,21956.75,706.0
2025-06-16 16:17:00+00:00,21967.0,21969.75,21959.5,21960.5,372.0
2025-06-16 16:18:00+00:00,21965.75,21969.25,21965.5,21967.0,538.0
2025-06-16 16:19:00+00:00,21960.5,21966.25,21959.75,21965.75,215.0
2025-06-16 16:20:00+00:00,21962.75,21963.75,21957.0,21959.5,339.0
2025-06-16 16:21:00+00:00,21963.0,21963.25,21960.0,21962.75,182.0
2025-06-16 16:22:00+00:00,21959.5,21967.0,21959.0,21964.0,447.0
2025-06-16 16:23:00+00:00,21956.25,21964.5,21956.0,21958.75,406.0
2025-06-16 16:24:00+00:00,21949.25,21956.75,21945.25,21956.25,654.0
2025-06-16 16:25:00+00:00,21945.0,21953.0,21940.75,21949.75,442.0
2025-06-16 16:26:00+00:00,21939.25,21945.0,21938.5,21944.75,660.0
2025-06-16 16:27:00+00:00,21943.0,21948.0,21939.0,21940.5,477.0
2025-06-16 16:28:00+00:00,21946.75,21948.75,21937.25,21941.25,353.0
2025-06-16 16:29:00+00:00,21942.5,21948.0,21942.0,21946.5,331.0
2025-06-16 16:30:00+00:00,21946.0,21948.25,21943.75,21943.75,221.0
2025-06-16 16:31:00+00:00,21943.25,21946.5,21940.75,21945.5,502.0
2025-06-16 16:32:00+00:00,21946.75,21948.5,21941.0,21943.5,365.0
2025-06-16 16:33:00+00:00,21946.75,21948.25,21943.75,21946.25,408.0
2025-06-16 16:34:00+00:00,21941.0,21948.0,21941.0,21946.5,198.0
2025-06-16 16:35:00+00:00,21933.5,21942.0,21931.0,21940.0,603.0
2025-06-16 16:36:00+00:00,21941.25,21942.0,21928.75,21932.75,696.0
2025-06-16 16:37:00+00:00,21943.0,21949.0,21938.5,21941.25,285.0
2025-06-16 16:38:00+00:00,21941.75,21943.0,21937.0,21942.5,281.0
2025-06-16 16:39:00+00:00,21939.75,21942.75,21937.25,21940.25,231.0
2025-06-16 16:40:00+00:00,21931.75,21938.75,21931.25,21938.75,490.0
2025-06-16 16:41:00+00:00,21931.5,21937.25,21928.25,21932.5,546.0
2025-06-16 16:42:00+00:00,21933.5,21933.5,21922.0,21930.25,603.0
2025-06-16 16:43:00+00:00,21932.25,21935.25,21924.25,21933.0,522.0
2025-06-16 16:44:00+00:00,21925.5,21931.5,21920.75,21931.5,883.0
2025-06-16 16:45:00+00:00,21925.25,21925.5,21918.0,21924.75,745.0
2025-06-16 16:46:00+00:00,21928.5,21931.0,21920.5,21925.75,942.0
2025-06-16 16:47:00+00:00,21933.5,21938.5,21928.0,21928.75,1135.0
2025-06-16 16:48:00+00:00,21933.25,21935.0,21930.25,21933.0,486.0
2025-06-16 16:49:00+00:00,21930.5,21934.75,21930.5,21934.0,258.0
2025-06-16 16:50:00+00:00,21934.5,21935.75,21928.5,21931.25,257.0
2025-06-16 16:51:00+00:00,21942.5,21943.5,21932.5,21935.75,363.0
2025-06-16 16:52:00+00:00,21948.5,21949.5,21941.5,21942.0,550.0
2025-06-16 16:53:00+00:00,21952.75,21956.0,21948.25,21948.25,499.0
2025-06-16 16:54:00+00:00,21951.5,21952.75,21946.75,21952.75,571.0
2025-06-16 16:55:00+00:00,21950.75,21952.0,21946.75,21950.25,381.0
2025-06-16 16:56:00+00:00,21949.0,21952.25,21945.5,21949.25,230.0
2025-06-16 16:57:00+00:00,21943.5,21949.5,21942.75,21949.5,295.0
2025-06-16 16:58:00+00:00,21937.0,21946.75,21937.0,21943.75,495.0
2025-06-16 16:59:00+00:00,21938.75,21939.25,21928.75,21937.25,571.0
2025-06-16 17:00:00+00:00,21942.25,21945.5,21935.25,21938.75,312.0
2025-06-16 17:01:00+00:00,21939.75,21944.75,21934.5,21943.0,479.0
2025-06-16 17:02:00+00:00,21934.75,21945.0,21931.0,21941.5,580.0
2025-06-16 17:03:00+00:00,21935.0,21937.25,21932.75,21935.25,320.0
2025-06-16 17:04:00+00:00,21941.25,21941.25,21935.25,21936.5,394.0
2025-06-16 17:05:00+00:00,21934.25,21941.75,21929.0,21941.25,314.0
2025-06-16 17:06:00+00:00,21932.0,21934.75,21929.25,21934.75,426.0
2025-06-16 17:07:00+00:00,21933.0,21936.75,21930.75,21932.25,358.0
2025-06-16 17:08:00+00:00,21934.0,21934.25,21927.25,21932.0,401.0
2025-06-16 17:09:00+00:00,21938.75,21939.25,21931.5,21933.0,309.0
2025-06-16 17:10:00+00:00,21938.5,21940.75,21936.25,21938.5,361.0
2025-06-16 17:11:00+00:00,21935.25,21945.25,21933.75,21938.25,454.0
2025-06-16 17:12:00+00:00,21927.75,21935.5,21926.0,21935.5,440.0
2025-06-16 17:13:00+00:00,21933.0,21934.75,21923.5,21927.5,429.0
2025-06-16 17:14:00+00:00,21930.5,21933.25,21928.25,21932.75,210.0
2025-06-16 17:15:00+00:00,21925.25,21930.25,21923.5,21929.25,361.0
2025-06-16 17:16:00+00:00,21934.5,21935.5,21923.5,21924.75,788.0
2025-06-16 17:17:00+00:00,21937.0,21937.0,21932.0,21935.75,324.0
2025-06-16 17:18:00+00:00,21938.0,21939.75,21928.25,21936.75,415.0
2025-06-16 17:19:00+00:00,21944.5,21944.75,21937.75,21937.75,548.0
2025-06-16 17:20:00+00:00,21948.25,21954.5,21942.75,21943.5,725.0
2025-06-16 17:21:00+00:00,21951.75,21953.0,21947.5,21949.0,361.0
2025-06-16 17:22:00+00:00,21950.25,21952.5,21950.25,21951.75,233.0
2025-06-16 17:23:00+00:00,21954.0,21954.5,21949.0,21949.75,258.0
2025-06-16 17:24:00+00:00,21953.5,21963.5,21949.0,21954.0,624.0
2025-06-16 17:25:00+00:00,21963.25,21967.0,21952.25,21953.25,667.0
2025-06-16 17:26:00+00:00,21960.5,21965.5,21958.0,21963.0,425.0
2025-06-16 17:27:00+00:00,21962.75,21964.5,21953.25,21958.75,688.0
2025-06-16 17:28:00+00:00,21975.5,21979.25,21962.25,21962.25,865.0
2025-06-16 17:29:00+00:00,21969.75,21975.5,21967.75,21975.5,380.0
2025-06-16 17:30:00+00:00,21980.25,21983.0,21969.75,21970.75,584.0
2025-06-16 17:31:00+00:00,21973.5,21981.5,21964.5,21979.5,830.0
2025-06-16 17:32:00+00:00,21968.5,21975.25,21966.25,21973.25,375.0
2025-06-16 17:33:00+00:00,21963.0,21973.0,21963.0,21969.5,544.0
2025-06-16 17:34:00+00:00,21971.0,21971.5,21963.0,21963.5,347.0
2025-06-16 17:35:00+00:00,21963.0,21974.5,21959.5,21971.25,645.0
2025-06-16 17:36:00+00:00,21965.0,21971.0,21962.25,21962.75,488.0
2025-06-16 17:37:00+00:00,21965.75,21969.0,21964.25,21964.75,209.0
2025-06-16 17:38:00+00:00,21966.75,21967.5,21959.75,21967.5,265.0
2025-06-16 17:39:00+00:00,21959.5,21965.5,21959.5,21965.0,295.0
2025-06-16 17:40:00+00:00,21963.5,21964.75,21958.0,21960.0,303.0
2025-06-16 17:41:00+00:00,21967.5,21970.25,21963.5,21963.5,323.0
2025-06-16 17:42:00+00:00,21963.0,21969.75,21962.25,21968.5,230.0
2025-06-16 17:43:00+00:00,21957.5,21965.25,21957.25,21963.0,422.0
2025-06-16 17:44:00+00:00,21955.75,21962.5,21954.75,21959.5,444.0
2025-06-16 17:45:00+00:00,21959.5,21962.5,21955.5,21956.0,215.0
2025-06-16 17:46:00+00:00,21958.5,21959.5,21950.5,21959.5,617.0
2025-06-16 17:47:00+00:00,21957.5,21962.0,21954.0,21958.75,407.0
2025-06-16 17:48:00+00:00,21961.75,21962.0,21953.25,21955.5,334.0
2025-06-16 17:49:00+00:00,21960.5,21965.5,21960.5,21961.5,265.0
2025-06-16 17:50:00+00:00,21963.0,21963.25,21959.25,21960.75,206.0
2025-06-16 17:51:00+00:00,21966.25,21967.5,21960.5,21963.0,592.0
2025-06-16 17:52:00+00:00,21954.75,21966.25,21953.0,21966.25,502.0
2025-06-16 17:53:00+00:00,21958.75,21960.25,21954.75,21954.75,256.0
2025-06-16 17:54:00+00:00,21949.0,21961.75,21949.0,21958.75,330.0
2025-06-16 17:55:00+00:00,21947.0,21949.75,21939.0,21948.25,634.0
2025-06-16 17:56:00+00:00,21946.5,21950.25,21944.75,21947.25,422.0
2025-06-16 17:57:00+00:00,21935.75,21946.0,21935.5,21945.5,480.0
2025-06-16 17:58:00+00:00,21934.5,21939.25,21933.25,21936.0,436.0
2025-06-16 17:59:00+00:00,21938.25,21940.25,21931.5,21934.25,357.0
2025-06-16 18:00:00+00:00,21939.25,21942.0,21935.5,21938.75,474.0
2025-06-16 18:01:00+00:00,21946.5,21949.75,21937.25,21938.5,409.0
2025-06-16 18:02:00+00:00,21944.0,21948.25,21942.25,21946.0,358.0
2025-06-16 18:03:00+00:00,21950.5,21951.25,21944.25,21944.75,486.0
2025-06-16 18:04:00+00:00,21949.25,21951.75,21948.0,21949.75,448.0
2025-06-16 18:05:00+00:00,21951.5,21956.5,21948.75,21949.5,396.0
2025-06-16 18:06:00+00:00,21952.0,21957.0,21950.25,21952.25,321.0
2025-06-16 18:07:00+00:00,21946.0,21952.0,21943.5,21951.75,342.0
2025-06-16 18:08:00+00:00,21944.25,21949.0,21943.5,21944.75,287.0
2025-06-16 18:09:00+00:00,21946.0,21947.25,21940.75,21942.75,393.0
2025-06-16 18:10:00+00:00,21947.75,21950.5,21941.75,21945.0,513.0
2025-06-16 18:11:00+00:00,21939.75,21947.5,21939.25,21947.5,269.0
2025-06-16 18:12:00+00:00,21940.5,21946.25,21938.0,21940.0,412.0
2025-06-16 18:13:00+00:00,21942.75,21946.5,21939.0,21939.5,298.0
2025-06-16 18:14:00+00:00,21948.0,21949.0,21942.75,21942.75,175.0
2025-06-16 18:15:00+00:00,21950.75,21950.75,21944.0,21947.25,366.0
2025-06-16 18:16:00+00:00,21945.0,21951.0,21945.0,21950.75,256.0
2025-06-16 18:17:00+00:00,21944.5,21947.5,21943.75,21945.5,374.0
2025-06-16 18:18:00+00:00,21941.0,21948.0,21941.0,21944.5,274.0
2025-06-16 18:19:00+00:00,21942.75,21944.0,21938.25,21940.75,357.0
2025-06-16 18:20:00+00:00,21933.75,21945.5,21933.5,21942.0,357.0
2025-06-16 18:21:00+00:00,21938.75,21940.0,21932.0,21933.5,328.0
2025-06-16 18:22:00+00:00,21942.75,21943.5,21938.25,21938.75,492.0
2025-06-16 18:23:00+00:00,21949.25,21949.75,21939.75,21943.0,338.0
2025-06-16 18:24:00+00:00,21952.5,21954.5,21949.5,21949.5,405.0
2025-06-16 18:25:00+00:00,21946.75,21955.0,21945.75,21952.75,486.0
2025-06-16 18:26:00+00:00,21945.0,21947.75,21943.5,21946.0,226.0
2025-06-16 18:27:00+00:00,21946.0,21950.25,21944.0,21944.5,464.0
2025-06-16 18:28:00+00:00,21948.0,21950.5,21946.25,21946.25,233.0
2025-06-16 18:29:00+00:00,21946.25,21948.25,21943.0,21948.25,374.0
2025-06-16 18:30:00+00:00,21938.75,21949.5,21938.0,21946.25,317.0
2025-06-16 18:31:00+00:00,21935.0,21941.25,21934.0,21938.75,344.0
2025-06-16 18:32:00+00:00,21936.5,21936.5,21932.0,21934.25,430.0
2025-06-16 18:33:00+00:00,21937.25,21939.5,21934.75,21935.5,243.0
2025-06-16 18:34:00+00:00,21936.75,21940.0,21934.25,21937.0,250.0
2025-06-16 18:35:00+00:00,21928.25,21937.0,21928.0,21937.0,382.0
2025-06-16 18:36:00+00:00,21934.25,21936.0,21926.5,21927.5,423.0
2025-06-16 18:37:00+00:00,21932.75,21934.75,21929.5,21933.75,403.0
2025-06-16 18:38:00+00:00,21931.5,21938.25,21931.5,21932.75,283.0
2025-06-16 18:39:00+00:00,21933.0,21934.0,21931.25,21932.25,253.0
2025-06-16 18:40:00+00:00,21934.25,21934.75,21927.5,21931.75,483.0
2025-06-16 18:41:00+00:00,21935.0,21936.0,21932.25,21933.5,318.0
2025-06-16 18:42:00+00:00,21933.75,21936.5,21932.25,21935.25,273.0
2025-06-16 18:43:00+00:00,21932.0,21935.25,21931.0,21933.25,447.0
2025-06-16 18:44:00+00:00,21932.5,21934.0,21930.75,21931.0,223.0
2025-06-16 18:45:00+00:00,21926.75,21934.0,21921.5,21933.0,777.0
2025-06-16 18:46:00+00:00,21924.5,21929.75,21924.5,21926.75,302.0
2025-06-16 18:47:00+00:00,21924.25,21925.5,21922.25,21925.0,273.0
2025-06-16 18:48:00+00:00,21922.5,21926.0,21920.75,21923.75,304.0
2025-06-16 18:49:00+00:00,21918.75,21923.5,21918.5,21923.25,598.0
2025-06-16 18:50:00+00:00,21917.75,21923.75,21914.0,21918.75,658.0
2025-06-16 18:51:00+00:00,21921.25,21922.0,21910.75,21916.75,542.0
2025-06-16 18:52:00+00:00,21926.5,21929.0,21921.75,21921.75,512.0
2025-06-16 18:53:00+00:00,21932.25,21934.0,21926.5,21926.5,430.0
2025-06-16 18:54:00+00:00,21936.75,21937.75,21930.75,21932.5,459.0
2025-06-16 18:55:00+00:00,21941.25,21943.75,21937.75,21938.0,769.0
2025-06-16 18:56:00+00:00,21944.5,21948.5,21941.0,21941.5,700.0
2025-06-16 18:57:00+00:00,21947.5,21949.25,21945.25,21945.25,487.0
2025-06-16 18:58:00+00:00,21943.25,21951.0,21943.0,21948.0,599.0
2025-06-16 18:59:00+00:00,21940.75,21945.25,21940.25,21943.0,437.0
2025-06-16 19:00:00+00:00,21943.75,21946.75,21938.5,21940.0,486.0
2025-06-16 19:01:00+00:00,21940.75,21945.0,21937.75,21944.0,337.0
2025-06-16 19:02:00+00:00,21940.0,21943.0,21940.0,21942.0,239.0
2025-06-16 19:03:00+00:00,21932.25,21939.75,21932.25,21938.75,336.0
2025-06-16 19:04:00+00:00,21937.0,21938.5,21932.0,21933.5,306.0
2025-06-16 19:05:00+00:00,21934.25,21936.75,21932.25,21936.75,256.0
2025-06-16 19:06:00+00:00,21934.25,21935.5,21929.0,21933.5,323.0
2025-06-16 19:07:00+00:00,21930.25,21934.25,21930.0,21934.0,380.0
2025-06-16 19:08:00+00:00,21928.25,21931.75,21926.75,21930.25,402.0
2025-06-16 19:09:00+00:00,21925.0,21928.0,21922.5,21928.0,301.0
2025-06-16 19:10:00+00:00,21919.75,21924.5,21916.0,21924.0,719.0
2025-06-16 19:11:00+00:00,21921.0,21922.0,21916.25,21920.25,250.0
2025-06-16 19:12:00+00:00,21920.75,21920.75,21917.0,21920.75,191.0
2025-06-16 19:13:00+00:00,21935.25,21935.75,21918.75,21920.25,496.0
2025-06-16 19:14:00+00:00,21926.25,21936.75,21924.25,21935.0,382.0
2025-06-16 19:15:00+00:00,21926.5,21927.5,21922.75,21925.75,411.0
2025-06-16 19:16:00+00:00,21938.75,21939.5,21925.5,21925.75,358.0
2025-06-16 19:17:00+00:00,21928.0,21939.0,21925.75,21938.25,272.0
2025-06-16 19:18:00+00:00,21925.5,21929.25,21923.0,21927.25,489.0
2025-06-16 19:19:00+00:00,21924.5,21928.5,21924.25,21924.25,172.0
2025-06-16 19:20:00+00:00,21920.5,21925.25,21919.25,21924.0,351.0
2025-06-16 19:21:00+00:00,21949.75,21957.0,21916.25,21920.75,1983.0
2025-06-16 19:22:00+00:00,21951.0,21953.25,21942.0,21949.5,673.0
2025-06-16 19:23:00+00:00,21952.0,21955.25,21947.5,21951.75,683.0
2025-06-16 19:24:00+00:00,21944.25,21952.25,21939.75,21952.0,280.0
2025-06-16 19:25:00+00:00,21946.0,21946.0,21940.5,21944.75,463.0
2025-06-16 19:26:00+00:00,21947.75,21951.25,21942.5,21944.0,416.0
2025-06-16 19:27:00+00:00,21944.0,21955.5,21943.25,21948.5,527.0
2025-06-16 19:28:00+00:00,21942.5,21946.25,21940.0,21943.75,292.0
2025-06-16 19:29:00+00:00,21939.25,21944.0,21938.5,21943.0,237.0
2025-06-16 19:30:00+00:00,21939.25,21946.0,21939.25,21940.0,525.0
2025-06-16 19:31:00+00:00,21936.0,21940.0,21933.25,21939.25,309.0
2025-06-16 19:32:00+00:00,21929.75,21936.75,21925.75,21936.75,313.0
2025-06-16 19:33:00+00:00,21930.75,21933.5,21927.0,21929.0,382.0
2025-06-16 19:34:00+00:00,21931.5,21934.75,21928.75,21931.0,241.0
2025-06-16 19:35:00+00:00,21934.25,21939.75,21930.0,21930.75,390.0
2025-06-16 19:36:00+00:00,21938.25,21941.25,21931.25,21933.0,307.0
2025-06-16 19:37:00+00:00,21935.0,21944.0,21933.25,21939.0,370.0
2025-06-16 19:38:00+00:00,21934.75,21937.25,21931.75,21935.25,276.0
2025-06-16 19:39:00+00:00,21930.0,21937.25,21930.0,21934.0,338.0
2025-06-16 19:40:00+00:00,21932.75,21934.25,21930.0,21930.25,478.0
2025-06-16 19:41:00+00:00,21938.0,21938.5,21930.75,21933.0,508.0
2025-06-16 19:42:00+00:00,21934.25,21938.75,21933.5,21938.25,328.0
2025-06-16 19:43:00+00:00,21933.25,21934.0,21928.75,21933.25,395.0
2025-06-16 19:44:00+00:00,21938.0,21938.0,21929.75,21933.25,189.0
2025-06-16 19:45:00+00:00,21945.75,21948.0,21936.0,21937.5,630.0
2025-06-16 19:46:00+00:00,21944.5,21946.5,21941.0,21946.5,441.0
2025-06-16 19:47:00+00:00,21944.0,21944.75,21939.25,21944.25,657.0
2025-06-16 19:48:00+00:00,21947.75,21948.5,21938.75,21943.0,571.0
2025-06-16 19:49:00+00:00,21945.5,21950.5,21944.5,21948.25,442.0
2025-06-16 19:50:00+00:00,21928.5,21945.75,21924.5,21945.75,712.0
2025-06-16 19:51:00+00:00,21928.0,21933.5,21923.25,21927.5,517.0
2025-06-16 19:52:00+00:00,21933.0,21935.25,21925.5,21928.0,849.0
2025-06-16 19:53:00+00:00,21926.0,21934.0,21923.5,21934.0,526.0
2025-06-16 19:54:00+00:00,21939.75,21953.25,21920.0,21925.0,1266.0
2025-06-16 19:55:00+00:00,21947.0,21957.25,21939.25,21939.25,920.0
2025-06-16 19:56:00+00:00,21943.75,21949.0,21942.75,21947.5,663.0
2025-06-16 19:57:00+00:00,21926.25,21944.25,21924.75,21944.25,1265.0
2025-06-16 19:58:00+00:00,21920.75,21928.0,21919.75,21926.75,1234.0
2025-06-16 19:59:00+00:00,21948.5,21948.5,21914.25,21920.75,6409.0
2025-06-16 20:00:00+00:00,21946.0,21955.25,21944.25,21949.0,2423.0
2025-06-16 20:01:00+00:00,21951.5,21953.5,21943.5,21945.75,914.0
2025-06-16 20:02:00+00:00,21955.75,21964.5,21950.0,21951.5,423.0
2025-06-16 20:03:00+00:00,21954.25,21956.75,21949.25,21956.25,374.0
2025-06-16 20:04:00+00:00,21954.5,21958.25,21952.75,21953.75,327.0
2025-06-16 20:05:00+00:00,21950.5,21955.75,21950.5,21955.0,143.0
2025-06-16 20:06:00+00:00,21948.0,21951.25,21947.0,21951.0,166.0
2025-06-16 20:07:00+00:00,21946.25,21948.5,21945.25,21947.75,158.0
2025-06-16 20:08:00+00:00,21946.5,21948.0,21946.0,21946.0,95.0
2025-06-16 20:09:00+00:00,21946.5,21948.25,21946.25,21947.25,65.0
2025-06-16 20:10:00+00:00,21948.25,21948.25,21945.5,21947.0,63.0
2025-06-16 20:11:00+00:00,21947.0,21950.0,21945.75,21948.25,154.0
2025-06-16 20:12:00+00:00,21946.25,21947.75,21943.5,21947.25,146.0
2025-06-16 20:13:00+00:00,21948.5,21948.5,21943.25,21947.25,147.0
2025-06-16 20:14:00+00:00,21946.75,21948.25,21945.5,21947.75,163.0
2025-06-16 20:15:00+00:00,21945.0,21946.75,21945.0,21946.0,210.0
2025-06-16 20:16:00+00:00,21946.5,21946.5,21943.25,21944.75,104.0
2025-06-16 20:17:00+00:00,21944.75,21946.25,21944.25,21945.75,46.0
2025-06-16 20:18:00+00:00,21948.5,21948.5,21944.5,21944.5,42.0
2025-06-16 20:19:00+00:00,21945.75,21948.75,21945.25,21948.5,38.0
2025-06-16 20:20:00+00:00,21941.5,21946.0,21941.5,21945.5,41.0
2025-06-16 20:21:00+00:00,21942.0,21942.75,21941.5,21942.25,56.0
2025-06-16 20:22:00+00:00,21941.5,21942.25,21940.75,21942.25,36.0
2025-06-16 20:23:00+00:00,21939.75,21943.5,21939.75,21941.75,44.0
2025-06-16 20:24:00+00:00,21939.5,21941.0,21939.0,21939.0,55.0
2025-06-16 20:25:00+00:00,21938.75,21940.5,21938.0,21939.75,104.0
2025-06-16 20:26:00+00:00,21934.75,21938.25,21934.25,21938.25,164.0
2025-06-16 20:27:00+00:00,21937.75,21939.0,21935.25,21935.25,57.0
2025-06-16 20:28:00+00:00,21941.75,21942.25,21936.75,21936.75,57.0
2025-06-16 20:29:00+00:00,21943.25,21944.25,21943.0,21943.0,62.0
2025-06-16 20:30:00+00:00,21940.0,21942.25,21939.5,21942.0,120.0
2025-06-16 20:31:00+00:00,21939.75,21939.75,21939.0,21939.5,17.0
2025-06-16 20:32:00+00:00,21940.5,21943.25,21939.25,21939.75,34.0
2025-06-16 20:33:00+00:00,21943.0,21943.0,21940.25,21940.5,23.0
2025-06-16 20:34:00+00:00,21942.0,21942.0,21940.5,21941.25,43.0
2025-06-16 20:35:00+00:00,21943.75,21943.75,21941.0,21941.25,45.0
2025-06-16 20:36:00+00:00,21946.0,21946.0,21944.0,21944.5,123.0
2025-06-16 20:37:00+00:00,21948.5,21949.5,21945.5,21945.75,72.0
2025-06-16 20:38:00+00:00,21947.0,21949.75,21947.0,21949.75,28.0
2025-06-16 20:39:00+00:00,21950.0,21950.0,21946.75,21947.25,47.0
2025-06-16 20:40:00+00:00,21951.75,21957.25,21947.0,21948.0,249.0
2025-06-16 20:41:00+00:00,21945.5,21951.75,21944.25,21951.75,77.0
2025-06-16 20:42:00+00:00,21945.25,21946.5,21944.5,21946.0,38.0
2025-06-16 20:43:00+00:00,21943.75,21946.75,21943.75,21946.5,21.0
2025-06-16 20:44:00+00:00,21945.75,21947.0,21943.25,21943.75,36.0
2025-06-16 20:45:00+00:00,21944.75,21946.0,21943.25,21945.5,182.0
2025-06-16 20:46:00+00:00,21945.0,21946.25,21942.25,21943.0,153.0
2025-06-16 20:47:00+00:00,21945.0,21945.75,21943.75,21944.5,28.0
2025-06-16 20:48:00+00:00,21945.5,21945.75,21944.0,21944.25,30.0
2025-06-16 20:49:00+00:00,21946.75,21947.0,21942.0,21946.25,35.0
2025-06-16 20:50:00+00:00,21947.0,21948.0,21945.25,21946.75,24.0
2025-06-16 20:51:00+00:00,21946.25,21947.75,21945.75,21947.75,40.0
2025-06-16 20:52:00+00:00,21944.0,21946.75,21944.0,21946.75,6.0
2025-06-16 20:53:00+00:00,21942.5,21944.5,21942.5,21944.25,34.0
2025-06-16 20:54:00+00:00,21942.25,21947.25,21929.75,21943.0,170.0
2025-06-16 20:55:00+00:00,21940.5,21943.75,21939.5,21941.5,81.0
2025-06-16 20:56:00+00:00,21939.5,21942.0,21938.5,21939.0,26.0
2025-06-16 20:57:00+00:00,21936.5,21939.5,21936.5,21939.25,27.0
2025-06-16 20:58:00+00:00,21936.5,21941.0,21935.5,21935.5,44.0
2025-06-16 20:59:00+00:00,21936.0,21941.0,21936.0,21938.5,32.0
2025-06-16 22:00:00+00:00,21950.0,21952.0,21938.5,21950.0,0.0
2025-06-16 22:01:00+00:00,21944.0,21948.5,21940.0,21946.5,44.0
2025-06-16 22:02:00+00:00,21934.75,21942.5,21932.75,21942.5,37.0
2025-06-16 22:03:00+00:00,21942.5,21942.5,21935.5,21935.5,33.0
2025-06-16 22:04:00+00:00,21936.75,21940.0,21936.75,21937.0,13.0
2025-06-16 22:05:00+00:00,21931.0,21938.0,21931.0,21938.0,32.0
2025-06-16 22:06:00+00:00,21930.0,21932.75,21930.0,21931.0,30.0
2025-06-16 22:07:00+00:00,21930.5,21931.5,21928.5,21930.25,39.0
2025-06-16 22:08:00+00:00,21932.0,21932.5,21929.25,21930.5,40.0
2025-06-16 22:09:00+00:00,21930.0,21931.25,21928.25,21931.25,9.0
2025-06-16 22:10:00+00:00,21931.0,21931.0,21927.5,21928.0,17.0
2025-06-16 22:11:00+00:00,21925.75,21933.5,21925.75,21928.0,28.0
2025-06-16 22:12:00+00:00,21926.0,21931.25,21925.0,21925.0,8.0
2025-06-16 22:13:00+00:00,21927.5,21929.25,21927.5,21929.25,3.0
2025-06-16 22:14:00+00:00,21932.5,21932.5,21930.75,21931.0,8.0
2025-06-16 22:15:00+00:00,21933.5,21933.5,21929.75,21929.75,34.0
2025-06-16 22:17:00+00:00,21931.0,21932.5,21924.0,21932.25,92.0
2025-06-16 22:18:00+00:00,21929.75,21931.0,21929.75,21931.0,4.0
2025-06-16 22:19:00+00:00,21928.5,21928.75,21925.0,21926.75,15.0
2025-06-16 22:20:00+00:00,21928.75,21928.75,21928.25,21928.5,6.0
2025-06-16 22:21:00+00:00,21928.75,21928.75,21926.5,21927.75,9.0
2025-06-16 22:22:00+00:00,21930.0,21930.75,21930.0,21930.0,3.0
2025-06-16 22:23:00+00:00,21930.25,21930.75,21930.25,21930.75,2.0
2025-06-16 22:25:00+00:00,21927.5,21929.5,21926.0,21929.5,41.0
2025-06-16 22:27:00+00:00,21927.0,21928.25,21926.5,21928.25,11.0
2025-06-16 22:28:00+00:00,21922.75,21926.25,21921.5,21925.5,27.0
2025-06-16 22:29:00+00:00,21923.25,21925.25,21922.75,21922.75,23.0
2025-06-16 22:30:00+00:00,21919.5,21923.0,21918.0,21923.0,45.0
2025-06-16 22:31:00+00:00,21908.0,21917.75,21908.0,21917.75,78.0
2025-06-16 22:32:00+00:00,21898.25,21908.25,21898.25,21908.0,123.0
2025-06-16 22:33:00+00:00,21894.0,21898.75,21892.5,21898.25,106.0
2025-06-16 22:34:00+00:00,21899.75,21902.75,21892.25,21893.75,59.0
2025-06-16 22:35:00+00:00,21901.5,21902.5,21899.5,21901.25,23.0
2025-06-16 22:36:00+00:00,21890.75,21902.75,21890.25,21902.75,57.0
2025-06-16 22:37:00+00:00,21892.0,21895.75,21890.0,21890.75,45.0
2025-06-16 22:38:00+00:00,21889.0,21894.75,21888.5,21894.75,17.0
2025-06-16 22:39:00+00:00,21891.0,21891.5,21887.5,21889.25,42.0
2025-06-16 22:40:00+00:00,21877.25,21891.0,21875.0,21891.0,115.0
2025-06-16 22:41:00+00:00,21872.75,21881.75,21872.5,21875.5,90.0
2025-06-16 22:42:00+00:00,21877.25,21878.75,21870.5,21872.75,35.0
2025-06-16 22:43:00+00:00,21879.75,21881.25,21878.0,21878.0,76.0
2025-06-16 22:44:00+00:00,21877.25,21879.5,21875.75,21879.0,49.0
2025-06-16 22:45:00+00:00,21875.0,21879.5,21872.25,21879.5,62.0
2025-06-16 22:46:00+00:00,21869.25,21876.25,21866.0,21874.25,87.0
2025-06-16 22:47:00+00:00,21850.0,21868.25,21846.0,21866.25,172.0
2025-06-16 22:48:00+00:00,21851.75,21853.75,21843.75,21851.25,88.0
2025-06-16 22:49:00+00:00,21851.5,21854.25,21848.25,21850.5,67.0
2025-06-16 22:50:00+00:00,21847.25,21858.0,21847.25,21852.25,67.0
2025-06-16 22:51:00+00:00,21857.25,21857.25,21840.25,21845.5,141.0
2025-06-16 22:52:00+00:00,21868.5,21869.0,21857.25,21857.25,81.0
2025-06-16 22:53:00+00:00,21867.25,21871.0,21867.25,21868.5,123.0
2025-06-16 22:54:00+00:00,21871.0,21877.75,21866.25,21866.25,97.0
2025-06-16 22:55:00+00:00,21865.75,21872.0,21865.25,21872.0,62.0
2025-06-16 22:56:00+00:00,21866.0,21868.0,21860.0,21867.75,37.0
2025-06-16 22:57:00+00:00,21864.25,21866.0,21857.25,21866.0,49.0
2025-06-16 22:58:00+00:00,21862.25,21865.25,21859.75,21865.0,36.0
2025-06-16 22:59:00+00:00,21859.75,21864.25,21859.75,21863.5,14.0
2025-06-16 23:00:00+00:00,21859.25,21863.0,21854.5,21860.25,112.0
2025-06-16 23:01:00+00:00,21858.5,21858.5,21853.75,21858.5,62.0
2025-06-16 23:02:00+00:00,21858.0,21859.75,21856.25,21856.75,30.0
2025-06-16 23:03:00+00:00,21865.25,21865.25,21857.25,21858.0,39.0
2025-06-16 23:04:00+00:00,21872.25,21875.25,21866.25,21866.25,115.0
2025-06-16 23:05:00+00:00,21863.75,21873.25,21862.0,21872.25,45.0
2025-06-16 23:06:00+00:00,21869.25,21869.25,21866.0,21866.0,19.0
2025-06-16 23:07:00+00:00,21880.25,21881.0,21869.5,21870.0,77.0
2025-06-16 23:08:00+00:00,21885.75,21892.75,21880.75,21880.75,156.0
2025-06-16 23:09:00+00:00,21882.0,21886.25,21881.25,21886.0,30.0
2025-06-16 23:10:00+00:00,21876.75,21880.75,21874.75,21880.25,37.0
2025-06-16 23:11:00+00:00,21871.75,21875.25,21866.0,21875.25,27.0
2025-06-16 23:12:00+00:00,21877.75,21877.75,21868.25,21872.0,33.0
2025-06-16 23:13:00+00:00,21876.0,21877.5,21874.25,21877.5,15.0
2025-06-16 23:14:00+00:00,21871.0,21875.5,21868.25,21875.5,44.0
2025-06-16 23:15:00+00:00,21885.75,21887.0,21872.25,21872.25,65.0
2025-06-16 23:16:00+00:00,21890.25,21891.5,21886.25,21886.25,72.0
2025-06-16 23:17:00+00:00,21883.25,21889.0,21882.0,21889.0,45.0
2025-06-16 23:18:00+00:00,21878.25,21882.75,21877.0,21882.5,24.0
2025-06-16 23:19:00+00:00,21868.25,21877.5,21867.75,21877.5,72.0
2025-06-16 23:20:00+00:00,21870.25,21872.0,21867.0,21867.0,32.0
2025-06-16 23:21:00+00:00,21871.0,21873.0,21870.25,21870.25,6.0
2025-06-16 23:22:00+00:00,21857.0,21871.25,21857.0,21870.5,94.0
2025-06-16 23:23:00+00:00,21861.5,21863.0,21854.0,21855.0,43.0
2025-06-16 23:24:00+00:00,21856.0,21858.5,21856.0,21858.5,11.0
2025-06-16 23:25:00+00:00,21864.25,21864.75,21844.75,21855.5,93.0
2025-06-16 23:26:00+00:00,21870.0,21872.5,21865.0,21865.0,47.0
2025-06-16 23:27:00+00:00,21874.75,21875.75,21870.25,21870.25,47.0
2025-06-16 23:28:00+00:00,21860.25,21876.0,21855.25,21873.75,114.0
2025-06-16 23:29:00+00:00,21857.0,21859.25,21848.75,21853.0,118.0
2025-06-16 23:30:00+00:00,21847.25,21854.75,21847.25,21852.5,66.0
2025-06-16 23:31:00+00:00,21839.5,21845.25,21832.0,21845.25,109.0
2025-06-16 23:32:00+00:00,21831.75,21841.25,21823.5,21841.25,251.0
2025-06-16 23:33:00+00:00,21833.5,21833.5,21829.75,21833.0,66.0
2025-06-16 23:34:00+00:00,21833.75,21835.75,21829.25,21834.75,34.0
2025-06-16 23:35:00+00:00,21832.75,21835.25,21830.5,21834.0,14.0
2025-06-16 23:36:00+00:00,21839.0,21842.0,21833.5,21833.5,43.0
2025-06-16 23:37:00+00:00,21853.25,21859.25,21839.75,21839.75,96.0
2025-06-16 23:38:00+00:00,21855.75,21862.25,21854.25,21856.5,60.0
2025-06-16 23:39:00+00:00,21847.0,21858.0,21847.0,21854.25,47.0
2025-06-16 23:40:00+00:00,21840.75,21848.75,21837.5,21847.25,262.0
2025-06-16 23:41:00+00:00,21836.0,21839.25,21832.75,21837.5,53.0
2025-06-16 23:42:00+00:00,21834.25,21839.25,21834.25,21837.25,15.0
2025-06-16 23:43:00+00:00,21838.25,21841.25,21835.75,21837.25,17.0
2025-06-16 23:44:00+00:00,21841.25,21841.25,21835.25,21835.25,8.0
2025-06-16 23:45:00+00:00,21838.75,21847.0,21838.5,21839.25,38.0
2025-06-16 23:46:00+00:00,21836.5,21841.0,21836.5,21840.75,11.0
2025-06-16 23:47:00+00:00,21829.25,21837.5,21829.0,21837.5,57.0
2025-06-16 23:48:00+00:00,21812.75,21831.5,21795.0,21828.75,459.0
2025-06-16 23:49:00+00:00,21810.5,21816.5,21808.75,21813.25,120.0
2025-06-16 23:50:00+00:00,21799.25,21811.5,21798.25,21811.25,99.0
2025-06-16 23:51:00+00:00,21808.75,21812.25,21796.0,21798.25,104.0
2025-06-16 23:52:00+00:00,21823.25,21825.0,21805.25,21806.25,137.0
2025-06-16 23:53:00+00:00,21814.75,21825.5,21810.25,21824.5,89.0
2025-06-16 23:54:00+00:00,21816.25,21820.0,21813.25,21816.25,74.0
2025-06-16 23:55:00+00:00,21802.75,21816.25,21799.75,21816.25,135.0
2025-06-16 23:56:00+00:00,21798.25,21802.75,21795.0,21802.75,91.0
2025-06-16 23:57:00+00:00,21795.75,21800.25,21792.75,21798.5,41.0
2025-06-16 23:58:00+00:00,21797.25,21802.25,21795.5,21797.25,56.0
2025-06-16 23:59:00+00:00,21790.75,21799.0,21790.25,21795.75,86.0
2025-06-17 00:00:00+00:00,21801.0,21804.25,21788.0,21793.25,166.0
2025-06-17 00:01:00+00:00,21806.25,21809.0,21794.25,21801.0,106.0
2025-06-17 00:02:00+00:00,21800.5,21817.0,21798.5,21806.75,139.0
2025-06-17 00:03:00+00:00,21790.5,21800.0,21782.0,21799.75,134.0
2025-06-17 00:04:00+00:00,21794.25,21798.25,21788.0,21790.0,84.0
2025-06-17 00:05:00+00:00,21803.75,21814.25,21793.0,21793.0,103.0
2025-06-17 00:06:00+00:00,21782.75,21801.75,21782.75,21801.75,203.0
2025-06-17 00:07:00+00:00,21790.5,21792.0,21785.0,21785.0,48.0
2025-06-17 00:08:00+00:00,21806.0,21806.25,21791.25,21791.25,51.0
2025-06-17 00:09:00+00:00,21808.25,21809.75,21805.0,21805.5,61.0
2025-06-17 00:10:00+00:00,21810.25,21816.0,21805.0,21806.75,112.0
2025-06-17 00:11:00+00:00,21813.0,21813.0,21808.0,21809.5,19.0
2025-06-17 00:12:00+00:00,21813.25,21813.25,21809.25,21811.25,12.0
2025-06-17 00:13:00+00:00,21818.5,21819.5,21811.5,21812.5,99.0
2025-06-17 00:14:00+00:00,21818.25,21824.0,21818.0,21819.25,84.0
2025-06-17 00:15:00+00:00,21811.5,21817.0,21809.0,21817.0,49.0
2025-06-17 00:16:00+00:00,21814.5,21820.25,21809.75,21809.75,67.0
2025-06-17 00:17:00+00:00,21824.25,21825.75,21813.75,21813.75,39.0
2025-06-17 00:18:00+00:00,21829.25,21832.0,21823.5,21823.75,68.0
2025-06-17 00:19:00+00:00,21828.25,21832.5,21828.0,21829.75,80.0
2025-06-17 00:20:00+00:00,21833.0,21836.25,21822.25,21826.25,77.0
2025-06-17 00:21:00+00:00,21833.25,21833.75,21829.0,21829.25,43.0
2025-06-17 00:22:00+00:00,21838.75,21841.75,21832.25,21832.75,79.0
2025-06-17 00:23:00+00:00,21838.25,21839.25,21833.5,21839.25,74.0
2025-06-17 00:24:00+00:00,21840.0,21841.25,21834.75,21837.25,97.0
2025-06-17 00:25:00+00:00,21838.25,21845.25,21836.25,21840.5,102.0
2025-06-17 00:26:00+00:00,21838.5,21839.25,21836.25,21838.5,46.0
2025-06-17 00:27:00+00:00,21843.5,21843.5,21838.25,21839.0,38.0
2025-06-17 00:28:00+00:00,21833.25,21848.25,21833.25,21843.5,87.0
2025-06-17 00:29:00+00:00,21840.0,21840.0,21830.75,21834.5,57.0
2025-06-17 00:30:00+00:00,21827.25,21839.0,21822.5,21837.5,64.0
2025-06-17 00:31:00+00:00,21814.75,21823.25,21814.75,21822.75,99.0
2025-06-17 00:32:00+00:00,21841.25,21842.0,21813.0,21814.0,227.0
2025-06-17 00:33:00+00:00,21831.25,21840.25,21830.25,21838.25,45.0
2025-06-17 00:34:00+00:00,21822.0,21836.5,21822.0,21830.5,51.0
2025-06-17 00:35:00+00:00,21814.25,21823.0,21810.0,21822.75,71.0
2025-06-17 00:36:00+00:00,21830.25,21839.25,21815.25,21815.25,78.0
2025-06-17 00:37:00+00:00,21827.5,21836.25,21825.0,21832.5,98.0
2025-06-17 00:38:00+00:00,21819.25,21830.0,21815.75,21829.0,59.0
2025-06-17 00:39:00+00:00,21825.25,21827.5,21818.25,21818.25,29.0
2025-06-17 00:40:00+00:00,21827.5,21830.5,21824.0,21824.0,16.0
2025-06-17 00:41:00+00:00,21830.0,21830.75,21827.5,21827.5,12.0
2025-06-17 00:42:00+00:00,21827.5,21835.25,21825.75,21829.5,50.0
2025-06-17 00:43:00+00:00,21822.5,21825.0,21821.75,21824.75,44.0
2025-06-17 00:44:00+00:00,21820.75,21825.5,21819.0,21822.75,96.0
2025-06-17 00:45:00+00:00,21818.75,21822.25,21818.75,21822.25,36.0
2025-06-17 00:46:00+00:00,21817.75,21821.0,21817.25,21819.25,103.0
2025-06-17 00:47:00+00:00,21819.25,21819.25,21816.5,21816.5,18.0
2025-06-17 00:48:00+00:00,21818.25,21819.0,21817.5,21818.75,7.0
2025-06-17 00:49:00+00:00,21825.25,21827.25,21819.25,21819.25,19.0
2025-06-17 00:50:00+00:00,21839.0,21839.75,21827.0,21828.0,75.0
2025-06-17 00:51:00+00:00,21844.75,21844.75,21836.5,21839.75,89.0
2025-06-17 00:52:00+00:00,21842.75,21842.75,21840.0,21840.75,34.0
2025-06-17 00:53:00+00:00,21844.5,21845.0,21836.75,21843.5,92.0
2025-06-17 00:54:00+00:00,21841.5,21845.25,21838.25,21845.0,36.0
2025-06-17 00:55:00+00:00,21854.75,21857.0,21840.25,21841.25,98.0
2025-06-17 00:56:00+00:00,21861.5,21863.0,21853.25,21853.25,107.0
2025-06-17 00:57:00+00:00,21857.25,21862.5,21857.25,21862.25,85.0
2025-06-17 00:58:00+00:00,21859.25,21861.5,21858.0,21860.25,62.0
2025-06-17 00:59:00+00:00,21859.5,21861.5,21855.0,21859.5,21.0
2025-06-17 01:00:00+00:00,21870.75,21875.75,21861.25,21861.25,108.0
2025-06-17 01:01:00+00:00,21866.25,21870.5,21865.5,21869.25,64.0
2025-06-17 01:02:00+00:00,21866.5,21870.75,21866.0,21866.0,23.0
2025-06-17 01:03:00+00:00,21860.5,21866.25,21860.5,21865.75,75.0
2025-06-17 01:04:00+00:00,21862.25,21864.75,21855.25,21857.0,123.0
2025-06-17 01:05:00+00:00,21863.5,21867.0,21861.0,21865.0,35.0
2025-06-17 01:06:00+00:00,21862.5,21864.0,21860.5,21863.5,29.0
2025-06-17 01:07:00+00:00,21856.25,21862.0,21853.25,21862.0,36.0
2025-06-17 01:08:00+00:00,21849.75,21853.25,21848.25,21853.25,41.0
2025-06-17 01:09:00+00:00,21836.5,21849.0,21835.25,21849.0,51.0
2025-06-17 01:10:00+00:00,21827.25,21836.5,21826.0,21836.5,114.0
2025-06-17 01:11:00+00:00,21824.25,21826.25,21821.25,21826.25,59.0
2025-06-17 01:12:00+00:00,21839.0,21839.0,21823.25,21825.0,115.0
2025-06-17 01:13:00+00:00,21835.0,21841.25,21835.0,21836.25,95.0
2025-06-17 01:14:00+00:00,21838.5,21841.0,21837.0,21837.0,16.0
2025-06-17 01:15:00+00:00,21830.25,21838.25,21828.0,21836.75,44.0
2025-06-17 01:16:00+00:00,21832.25,21833.75,21827.5,21827.5,28.0
2025-06-17 01:17:00+00:00,21831.25,21832.0,21830.0,21830.75,25.0
2025-06-17 01:18:00+00:00,21838.25,21838.75,21834.25,21835.0,15.0
2025-06-17 01:19:00+00:00,21831.25,21836.25,21831.25,21836.25,20.0
2025-06-17 01:20:00+00:00,21825.25,21833.25,21825.0,21833.25,16.0
2025-06-17 01:21:00+00:00,21830.75,21832.25,21825.0,21826.75,22.0
2025-06-17 01:22:00+00:00,21829.75,21833.25,21825.25,21830.75,19.0
2025-06-17 01:23:00+00:00,21830.5,21830.75,21827.25,21830.75,11.0
2025-06-17 01:24:00+00:00,21831.5,21835.0,21830.25,21830.25,68.0
2025-06-17 01:25:00+00:00,21821.0,21835.5,21818.5,21830.25,278.0
2025-06-17 01:26:00+00:00,21827.0,21827.0,21816.5,21819.25,51.0
2025-06-17 01:27:00+00:00,21835.25,21837.25,21826.25,21826.25,27.0
2025-06-17 01:28:00+00:00,21835.5,21835.75,21833.0,21833.5,20.0
2025-06-17 01:29:00+00:00,21842.0,21845.25,21837.75,21838.0,34.0
2025-06-17 01:30:00+00:00,21833.5,21841.75,21832.5,21841.75,19.0
2025-06-17 01:31:00+00:00,21835.0,21842.5,21833.75,21838.25,22.0
2025-06-17 01:32:00+00:00,21845.25,21846.75,21834.0,21836.5,23.0
2025-06-17 01:33:00+00:00,21847.25,21849.5,21845.0,21846.25,93.0
2025-06-17 01:34:00+00:00,21850.75,21854.75,21847.25,21847.25,52.0
2025-06-17 01:35:00+00:00,21840.5,21849.75,21840.25,21849.75,19.0
2025-06-17 01:36:00+00:00,21832.5,21840.0,21831.25,21839.5,46.0
2025-06-17 01:37:00+00:00,21840.25,21840.25,21830.0,21831.25,25.0
2025-06-17 01:38:00+00:00,21841.25,21847.75,21839.75,21842.25,46.0
2025-06-17 01:39:00+00:00,21844.5,21844.5,21842.25,21842.25,21.0
2025-06-17 01:40:00+00:00,21843.25,21846.0,21841.0,21845.5,22.0
2025-06-17 01:41:00+00:00,21843.25,21844.0,21841.25,21842.25,16.0
2025-06-17 01:42:00+00:00,21840.25,21845.75,21838.5,21845.0,44.0
2025-06-17 01:43:00+00:00,21837.25,21838.5,21835.25,21837.25,16.0
2025-06-17 01:44:00+00:00,21842.25,21842.25,21835.75,21836.25,32.0
2025-06-17 01:45:00+00:00,21840.25,21841.5,21840.25,21841.5,6.0
2025-06-17 01:46:00+00:00,21839.25,21841.5,21839.0,21839.5,17.0
2025-06-17 01:47:00+00:00,21841.5,21843.25,21840.25,21841.25,17.0
2025-06-17 01:48:00+00:00,21841.25,21841.25,21840.25,21840.25,7.0
2025-06-17 01:49:00+00:00,21853.0,21854.0,21843.5,21843.5,57.0
2025-06-17 01:50:00+00:00,21854.75,21858.0,21853.5,21855.0,32.0
2025-06-17 01:51:00+00:00,21858.25,21858.75,21856.25,21856.5,39.0
2025-06-17 01:52:00+00:00,21861.25,21866.25,21855.75,21857.25,80.0
2025-06-17 01:53:00+00:00,21859.25,21861.0,21858.0,21861.0,16.0
2025-06-17 01:54:00+00:00,21861.0,21862.75,21859.5,21860.5,24.0
2025-06-17 01:55:00+00:00,21858.0,21861.5,21858.0,21861.5,19.0
2025-06-17 01:56:00+00:00,21856.25,21858.0,21855.75,21857.75,63.0
2025-06-17 01:57:00+00:00,21855.0,21857.0,21853.25,21855.25,17.0
2025-06-17 01:58:00+00:00,21853.25,21858.25,21850.0,21854.25,44.0
2025-06-17 01:59:00+00:00,21853.0,21854.5,21850.25,21852.5,39.0
2025-06-17 02:00:00+00:00,21845.0,21856.25,21845.0,21853.75,77.0
2025-06-17 02:01:00+00:00,21842.25,21846.75,21838.0,21844.75,56.0
2025-06-17 02:02:00+00:00,21830.25,21839.5,21830.25,21839.5,49.0
2025-06-17 02:03:00+00:00,21827.75,21830.25,21823.0,21828.25,59.0
2025-06-17 02:04:00+00:00,21832.75,21832.75,21825.0,21827.75,38.0
2025-06-17 02:05:00+00:00,21838.0,21841.25,21832.75,21833.75,41.0
2025-06-17 02:06:00+00:00,21824.25,21838.25,21820.75,21838.25,32.0
2025-06-17 02:07:00+00:00,21824.25,21825.0,21820.5,21825.0,40.0
2025-06-17 02:08:00+00:00,21821.25,21824.0,21818.5,21823.25,20.0
2025-06-17 02:09:00+00:00,21820.25,21822.0,21816.75,21818.25,48.0
2025-06-17 02:10:00+00:00,21815.25,21819.25,21812.25,21817.75,83.0
2025-06-17 02:11:00+00:00,21817.75,21819.75,21812.0,21814.0,68.0
2025-06-17 02:12:00+00:00,21819.25,21824.0,21816.25,21816.25,43.0
2025-06-17 02:13:00+00:00,21819.0,21821.0,21818.25,21819.25,16.0
2025-06-17 02:14:00+00:00,21817.25,21819.0,21815.5,21819.0,19.0
2025-06-17 02:15:00+00:00,21824.25,21825.5,21815.75,21816.0,81.0
2025-06-17 02:16:00+00:00,21828.5,21830.0,21823.5,21823.5,50.0
2025-06-17 02:17:00+00:00,21820.25,21827.25,21820.0,21827.25,12.0
2025-06-17 02:18:00+00:00,21814.75,21820.25,21814.75,21818.25,38.0
2025-06-17 02:19:00+00:00,21814.5,21815.25,21810.25,21812.0,37.0
2025-06-17 02:20:00+00:00,21812.0,21815.25,21812.0,21814.5,24.0
2025-06-17 02:21:00+00:00,21812.25,21812.25,21806.75,21811.0,39.0
2025-06-17 02:22:00+00:00,21816.5,21816.5,21813.25,21814.75,20.0
2025-06-17 02:23:00+00:00,21812.25,21816.25,21812.25,21816.25,12.0
2025-06-17 02:24:00+00:00,21815.5,21816.25,21811.0,21811.0,17.0
2025-06-17 02:25:00+00:00,21814.75,21814.75,21812.5,21812.5,7.0
2025-06-17 02:26:00+00:00,21806.25,21814.75,21801.25,21813.5,56.0
2025-06-17 02:27:00+00:00,21802.5,21806.75,21802.25,21806.75,21.0
2025-06-17 02:28:00+00:00,21811.0,21813.25,21802.25,21805.25,34.0
2025-06-17 02:29:00+00:00,21810.5,21813.0,21810.0,21810.0,15.0
2025-06-17 02:30:00+00:00,21810.5,21810.5,21808.5,21810.5,9.0
2025-06-17 02:31:00+00:00,21804.75,21810.5,21802.0,21805.25,45.0
2025-06-17 02:32:00+00:00,21804.75,21806.5,21802.0,21802.0,27.0
2025-06-17 02:33:00+00:00,21802.75,21802.75,21800.5,21802.5,16.0
2025-06-17 02:34:00+00:00,21802.0,21803.5,21794.5,21802.0,91.0
2025-06-17 02:35:00+00:00,21810.0,21810.0,21802.75,21802.75,23.0
2025-06-17 02:36:00+00:00,21814.5,21817.0,21812.5,21812.5,35.0
2025-06-17 02:37:00+00:00,21815.0,21815.5,21813.0,21814.0,15.0
2025-06-17 02:38:00+00:00,21815.5,21815.5,21813.5,21815.0,24.0
2025-06-17 02:39:00+00:00,21818.0,21818.0,21813.75,21814.5,17.0
2025-06-17 02:40:00+00:00,21819.25,21819.25,21816.5,21818.25,25.0
2025-06-17 02:41:00+00:00,21815.5,21823.25,21815.25,21819.0,57.0
2025-06-17 02:42:00+00:00,21815.0,21817.0,21813.25,21817.0,18.0
2025-06-17 02:43:00+00:00,21816.0,21816.0,21815.0,21815.5,6.0
2025-06-17 02:44:00+00:00,21821.25,21825.0,21816.0,21817.25,35.0
2025-06-17 02:45:00+00:00,21817.5,21825.25,21817.0,21820.5,59.0
2025-06-17 02:46:00+00:00,21821.0,21821.0,21819.25,21819.75,31.0
2025-06-17 02:47:00+00:00,21821.5,21823.25,21821.0,21821.5,46.0
2025-06-17 02:48:00+00:00,21826.0,21826.0,21821.5,21821.5,22.0
2025-06-17 02:49:00+00:00,21824.5,21826.0,21823.5,21824.75,29.0
2025-06-17 02:50:00+00:00,21826.0,21828.25,21824.25,21824.25,24.0
2025-06-17 02:51:00+00:00,21826.25,21845.0,21824.0,21825.25,248.0
2025-06-17 02:52:00+00:00,21850.0,21850.0,21824.75,21825.25,156.0
2025-06-17 02:53:00+00:00,21872.0,21876.0,21850.0,21850.0,262.0
2025-06-17 02:54:00+00:00,21873.0,21880.75,21870.75,21873.75,130.0
2025-06-17 02:55:00+00:00,21866.0,21877.25,21865.0,21875.25,43.0
2025-06-17 02:56:00+00:00,21869.75,21873.75,21866.75,21866.75,61.0
2025-06-17 02:57:00+00:00,21870.25,21872.0,21868.5,21868.5,15.0
2025-06-17 02:58:00+00:00,21872.0,21872.25,21870.25,21871.5,15.0
2025-06-17 02:59:00+00:00,21884.5,21888.5,21874.75,21874.75,141.0
2025-06-17 03:00:00+00:00,21877.25,21886.0,21876.25,21884.0,65.0
2025-06-17 03:01:00+00:00,21871.25,21878.25,21870.0,21877.25,41.0
2025-06-17 03:02:00+00:00,21857.75,21870.75,21855.0,21870.75,84.0
2025-06-17 03:03:00+00:00,21843.25,21856.75,21842.5,21856.75,86.0
2025-06-17 03:04:00+00:00,21837.0,21841.75,21831.75,21841.5,98.0
2025-06-17 03:05:00+00:00,21835.5,21837.5,21831.75,21835.5,71.0
2025-06-17 03:06:00+00:00,21838.25,21840.5,21833.25,21836.0,61.0
2025-06-17 03:07:00+00:00,21839.0,21840.5,21834.5,21837.25,25.0
2025-06-17 03:08:00+00:00,21854.75,21855.25,21841.25,21841.25,57.0
2025-06-17 03:09:00+00:00,21862.5,21863.5,21855.75,21855.75,46.0
2025-06-17 03:10:00+00:00,21856.75,21862.25,21853.25,21861.5,52.0
2025-06-17 03:11:00+00:00,21870.5,21870.5,21854.25,21854.25,104.0
2025-06-17 03:12:00+00:00,21864.5,21871.5,21863.75,21870.0,150.0
2025-06-17 03:13:00+00:00,21863.75,21866.75,21856.25,21866.25,39.0
2025-06-17 03:14:00+00:00,21862.75,21863.0,21861.0,21861.5,15.0
2025-06-17 03:15:00+00:00,21864.5,21865.25,21862.25,21864.0,23.0
2025-06-17 03:16:00+00:00,21863.0,21865.25,21861.0,21865.25,30.0
2025-06-17 03:17:00+00:00,21860.75,21862.25,21860.75,21862.25,21.0
2025-06-17 03:18:00+00:00,21851.25,21858.0,21849.0,21858.0,69.0
2025-06-17 03:19:00+00:00,21850.75,21851.25,21848.25,21851.25,16.0
2025-06-17 03:20:00+00:00,21849.0,21851.25,21848.0,21850.75,12.0
2025-06-17 03:21:00+00:00,21852.0,21854.0,21847.75,21847.75,47.0
2025-06-17 03:22:00+00:00,21845.25,21851.75,21845.0,21851.75,18.0
2025-06-17 03:23:00+00:00,21840.5,21842.25,21836.5,21842.25,25.0
2025-06-17 03:24:00+00:00,21838.0,21843.75,21835.0,21839.75,54.0
2025-06-17 03:25:00+00:00,21841.5,21843.5,21840.0,21840.0,19.0
2025-06-17 03:26:00+00:00,21848.25,21851.0,21841.75,21842.75,27.0
2025-06-17 03:27:00+00:00,21852.5,21854.0,21848.0,21848.0,58.0
2025-06-17 03:28:00+00:00,21843.5,21848.0,21843.5,21848.0,50.0
2025-06-17 03:29:00+00:00,21842.25,21842.75,21842.25,21842.75,5.0
2025-06-17 03:30:00+00:00,21844.25,21846.0,21843.0,21846.0,7.0
2025-06-17 03:31:00+00:00,21850.0,21850.0,21843.0,21845.25,18.0
2025-06-17 03:32:00+00:00,21857.0,21861.5,21852.5,21852.5,66.0
2025-06-17 03:33:00+00:00,21853.0,21857.75,21853.0,21857.75,15.0
2025-06-17 03:34:00+00:00,21858.75,21859.0,21854.0,21854.25,33.0
2025-06-17 03:35:00+00:00,21859.5,21863.25,21858.25,21860.25,23.0
2025-06-17 03:36:00+00:00,21860.5,21862.0,21857.5,21857.5,12.0
2025-06-17 03:37:00+00:00,21861.0,21863.0,21860.75,21861.5,15.0
2025-06-17 03:38:00+00:00,21859.0,21860.5,21859.0,21859.75,9.0
2025-06-17 03:39:00+00:00,21858.0,21861.75,21858.0,21859.25,17.0
2025-06-17 03:40:00+00:00,21860.25,21862.0,21860.25,21860.25,12.0
2025-06-17 03:41:00+00:00,21858.5,21858.5,21858.5,21858.5,2.0
2025-06-17 03:42:00+00:00,21862.5,21863.0,21860.25,21860.25,6.0
2025-06-17 03:43:00+00:00,21862.25,21866.0,21861.25,21865.0,47.0
2025-06-17 03:44:00+00:00,21862.0,21868.0,21859.5,21868.0,44.0
2025-06-17 03:45:00+00:00,21853.75,21859.0,21851.75,21859.0,39.0
2025-06-17 03:46:00+00:00,21858.0,21858.0,21854.5,21854.5,4.0
2025-06-17 03:47:00+00:00,21860.0,21860.0,21855.75,21856.25,18.0
2025-06-17 03:48:00+00:00,21857.25,21858.25,21857.25,21858.25,3.0
2025-06-17 03:49:00+00:00,21862.0,21862.0,21858.5,21858.75,22.0
2025-06-17 03:50:00+00:00,21859.25,21864.25,21859.25,21862.25,22.0
2025-06-17 03:51:00+00:00,21858.0,21859.25,21858.0,21859.25,8.0
2025-06-17 03:52:00+00:00,21849.5,21859.0,21849.25,21858.5,20.0
2025-06-17 03:53:00+00:00,21855.25,21855.25,21847.75,21848.0,81.0
2025-06-17 03:54:00+00:00,21856.0,21859.25,21853.25,21853.25,17.0
2025-06-17 03:56:00+00:00,21850.5,21855.25,21850.5,21852.25,12.0
2025-06-17 03:57:00+00:00,21852.5,21852.5,21849.0,21850.25,15.0
2025-06-17 03:58:00+00:00,21852.75,21853.0,21850.25,21851.25,21.0
2025-06-17 04:09:00+00:00,21860.75,21864.75,21860.75,21863.5,14.0
2025-06-17 04:10:00+00:00,21852.25,21858.5,21852.25,21858.5,12.0
2025-06-17 04:11:00+00:00,21849.75,21853.25,21848.25,21853.25,22.0
2025-06-17 04:12:00+00:00,21851.25,21851.25,21849.0,21849.25,14.0
2025-06-17 04:13:00+00:00,21852.5,21854.25,21851.0,21851.5,14.0
2025-06-17 04:14:00+00:00,21851.75,21854.5,21851.75,21854.25,13.0
2025-06-17 04:15:00+00:00,21854.0,21854.0,21850.75,21850.75,18.0
2025-06-17 04:16:00+00:00,21853.25,21853.25,21852.0,21852.0,11.0
2025-06-17 04:17:00+00:00,21853.5,21854.25,21851.75,21852.0,5.0
2025-06-17 04:18:00+00:00,21856.75,21856.75,21854.25,21854.25,3.0
2025-06-17 04:19:00+00:00,21860.5,21861.0,21859.0,21859.0,18.0
2025-06-17 04:20:00+00:00,21862.75,21865.0,21859.5,21862.75,32.0
2025-06-17 04:21:00+00:00,21860.5,21864.25,21860.5,21863.5,18.0
2025-06-17 04:22:00+00:00,21857.0,21862.75,21856.25,21859.25,50.0
2025-06-17 04:23:00+00:00,21850.75,21855.25,21849.75,21854.5,11.0
2025-06-17 04:24:00+00:00,21854.0,21854.0,21848.5,21848.5,18.0
2025-06-17 04:25:00+00:00,21849.25,21853.25,21849.25,21853.25,24.0
2025-06-17 04:26:00+00:00,21849.25,21849.25,21843.75,21847.5,53.0
2025-06-17 04:27:00+00:00,21846.75,21850.75,21846.75,21850.5,11.0
2025-06-17 04:28:00+00:00,21848.25,21848.75,21846.75,21846.75,20.0
2025-06-17 04:29:00+00:00,21847.0,21850.25,21847.0,21849.0,13.0
2025-06-17 04:30:00+00:00,21843.75,21844.75,21841.25,21842.5,17.0
2025-06-17 04:31:00+00:00,21845.0,21845.0,21843.25,21843.25,8.0
2025-06-17 04:32:00+00:00,21843.75,21843.75,21842.5,21843.25,13.0
2025-06-17 04:33:00+00:00,21833.25,21839.25,21832.25,21838.5,52.0
2025-06-17 04:34:00+00:00,21835.75,21835.75,21831.75,21831.75,38.0
2025-06-17 04:35:00+00:00,21830.5,21835.0,21830.5,21835.0,20.0
2025-06-17 04:36:00+00:00,21828.5,21831.5,21827.25,21831.5,28.0
2025-06-17 04:37:00+00:00,21827.25,21829.0,21827.25,21827.25,10.0
2025-06-17 04:38:00+00:00,21829.25,21831.25,21829.25,21830.5,56.0
2025-06-17 04:39:00+00:00,21830.25,21832.25,21830.0,21830.25,31.0
2025-06-17 04:40:00+00:00,21830.75,21830.75,21828.25,21828.75,10.0
2025-06-17 04:41:00+00:00,21838.5,21838.5,21832.5,21832.5,10.0
2025-06-17 04:42:00+00:00,21839.75,21840.75,21838.5,21840.0,31.0
2025-06-17 04:43:00+00:00,21839.25,21842.25,21839.25,21842.0,34.0
2025-06-17 04:44:00+00:00,21840.5,21841.25,21839.0,21839.0,15.0
2025-06-17 04:45:00+00:00,21841.0,21842.5,21839.75,21842.5,16.0
2025-06-17 04:46:00+00:00,21844.5,21844.5,21840.75,21841.75,11.0
2025-06-17 04:47:00+00:00,21846.25,21848.75,21843.25,21845.25,59.0
2025-06-17 04:48:00+00:00,21842.0,21846.25,21842.0,21843.25,14.0
2025-06-17 04:49:00+00:00,21839.25,21842.25,21838.5,21842.25,14.0
2025-06-17 04:50:00+00:00,21841.25,21841.25,21839.5,21840.0,44.0
2025-06-17 04:51:00+00:00,21839.25,21842.0,21839.25,21842.0,2.0
2025-06-17 04:52:00+00:00,21841.0,21841.0,21839.75,21839.75,3.0
2025-06-17 04:53:00+00:00,21840.25,21840.75,21838.5,21840.5,14.0
2025-06-17 04:54:00+00:00,21841.25,21841.25,21839.5,21839.5,9.0
2025-06-17 04:55:00+00:00,21850.0,21850.25,21841.25,21842.75,53.0
2025-06-17 04:56:00+00:00,21850.5,21854.25,21846.5,21850.5,39.0
2025-06-17 04:57:00+00:00,21847.25,21851.25,21846.25,21851.25,28.0
2025-06-17 04:58:00+00:00,21846.25,21848.0,21846.25,21848.0,7.0
2025-06-17 04:59:00+00:00,21842.25,21844.0,21842.25,21844.0,5.0
2025-06-17 05:00:00+00:00,21841.75,21843.0,21841.25,21841.5,11.0
2025-06-17 05:01:00+00:00,21840.75,21840.75,21840.5,21840.5,6.0
2025-06-17 05:02:00+00:00,21845.5,21845.5,21843.5,21843.5,4.0
2025-06-17 05:03:00+00:00,21846.75,21850.25,21846.75,21848.25,17.0
2025-06-17 05:04:00+00:00,21841.5,21843.25,21841.25,21842.0,21.0
2025-06-17 05:05:00+00:00,21840.25,21841.25,21839.0,21841.25,8.0
2025-06-17 05:06:00+00:00,21842.0,21842.0,21839.25,21839.25,6.0
2025-06-17 05:07:00+00:00,21845.5,21845.5,21844.25,21844.75,16.0
2025-06-17 05:08:00+00:00,21844.0,21844.0,21844.0,21844.0,5.0
2025-06-17 05:09:00+00:00,21841.5,21842.0,21841.5,21842.0,2.0
2025-06-17 05:10:00+00:00,21847.75,21847.75,21844.5,21844.75,7.0
2025-06-17 05:11:00+00:00,21850.0,21850.0,21845.25,21845.25,9.0
2025-06-17 05:12:00+00:00,21847.25,21847.25,21846.75,21846.75,9.0
2025-06-17 05:13:00+00:00,21854.25,21856.25,21851.5,21851.5,32.0
2025-06-17 05:14:00+00:00,21857.0,21857.5,21853.25,21853.25,26.0
2025-06-17 05:15:00+00:00,21854.5,21857.25,21854.5,21857.0,9.0
2025-06-17 05:16:00+00:00,21831.25,21854.5,21830.25,21854.5,126.0
2025-06-17 05:17:00+00:00,21846.25,21846.25,21834.25,21834.5,36.0
2025-06-17 05:18:00+00:00,21847.25,21849.75,21841.25,21844.75,35.0
2025-06-17 05:19:00+00:00,21846.0,21849.5,21846.0,21846.25,17.0
2025-06-17 05:20:00+00:00,21848.25,21848.25,21847.25,21847.25,6.0
2025-06-17 05:21:00+00:00,21848.0,21850.0,21846.25,21847.5,49.0
2025-06-17 05:22:00+00:00,21843.0,21848.25,21843.0,21848.25,6.0
2025-06-17 05:23:00+00:00,21836.75,21839.25,21836.75,21837.5,13.0
2025-06-17 05:24:00+00:00,21841.75,21841.75,21835.25,21837.0,21.0
2025-06-17 05:25:00+00:00,21842.25,21843.25,21840.25,21843.25,8.0
2025-06-17 05:26:00+00:00,21845.25,21845.25,21843.25,21843.75,5.0
2025-06-17 05:27:00+00:00,21854.25,21855.25,21849.0,21849.0,8.0
2025-06-17 05:28:00+00:00,21853.25,21855.5,21852.0,21855.5,24.0
2025-06-17 05:29:00+00:00,21853.25,21855.75,21852.5,21853.75,41.0
2025-06-17 05:30:00+00:00,21858.0,21858.0,21851.5,21854.25,25.0
2025-06-17 05:31:00+00:00,21865.75,21865.75,21858.75,21858.75,65.0
2025-06-17 05:32:00+00:00,21865.75,21867.5,21863.75,21866.0,65.0
2025-06-17 05:33:00+00:00,21865.5,21868.25,21865.5,21867.25,16.0
2025-06-17 05:34:00+00:00,21864.5,21865.25,21864.5,21865.25,3.0
2025-06-17 05:35:00+00:00,21866.75,21868.0,21864.25,21864.25,15.0
2025-06-17 05:36:00+00:00,21868.0,21868.0,21863.75,21867.0,17.0
2025-06-17 05:37:00+00:00,21860.5,21866.25,21860.5,21866.25,23.0
2025-06-17 05:38:00+00:00,21863.75,21863.75,21859.0,21861.0,19.0
2025-06-17 05:39:00+00:00,21862.5,21864.0,21862.5,21864.0,9.0
2025-06-17 05:40:00+00:00,21860.75,21860.75,21858.25,21858.25,14.0
2025-06-17 05:41:00+00:00,21861.5,21864.75,21861.5,21862.25,7.0
2025-06-17 05:42:00+00:00,21867.5,21867.5,21863.0,21863.0,14.0
2025-06-17 05:43:00+00:00,21869.0,21869.5,21866.25,21868.25,16.0
2025-06-17 05:44:00+00:00,21860.5,21868.75,21860.5,21868.75,19.0
2025-06-17 05:45:00+00:00,21859.0,21862.5,21859.0,21861.5,19.0
2025-06-17 05:46:00+00:00,21858.25,21858.75,21850.5,21858.75,30.0
2025-06-17 05:47:00+00:00,21856.25,21857.25,21853.0,21857.25,25.0
2025-06-17 05:48:00+00:00,21855.25,21856.25,21853.25,21855.0,12.0
2025-06-17 05:50:00+00:00,21845.25,21852.0,21845.25,21852.0,25.0
2025-06-17 05:51:00+00:00,21845.0,21847.25,21845.0,21846.75,41.0
2025-06-17 05:52:00+00:00,21847.0,21847.0,21837.5,21844.0,28.0
2025-06-17 05:53:00+00:00,21849.75,21849.75,21845.75,21846.0,11.0
2025-06-17 05:54:00+00:00,21846.0,21848.5,21845.75,21848.5,10.0
2025-06-17 05:55:00+00:00,21850.0,21850.0,21845.25,21846.75,11.0
2025-06-17 05:56:00+00:00,21858.5,21859.0,21850.5,21852.25,118.0
2025-06-17 05:57:00+00:00,21858.25,21861.25,21854.25,21859.75,34.0
2025-06-17 05:58:00+00:00,21858.25,21858.25,21855.25,21857.0,15.0
2025-06-17 05:59:00+00:00,21857.25,21859.25,21857.25,21858.0,34.0
2025-06-17 06:00:00+00:00,21857.25,21861.5,21856.25,21858.25,75.0
2025-06-17 06:01:00+00:00,21862.5,21863.75,21854.75,21854.75,23.0
2025-06-17 06:02:00+00:00,21860.25,21867.25,21860.0,21864.0,46.0
2025-06-17 06:03:00+00:00,21868.0,21868.0,21858.75,21860.75,19.0
2025-06-17 06:04:00+00:00,21871.0,21871.0,21867.25,21868.0,53.0
2025-06-17 06:05:00+00:00,21868.0,21869.25,21867.25,21869.0,29.0
2025-06-17 06:06:00+00:00,21871.25,21874.0,21866.5,21866.5,41.0
2025-06-17 06:07:00+00:00,21871.0,21871.0,21868.25,21870.0,15.0
2025-06-17 06:08:00+00:00,21875.75,21877.25,21871.5,21871.5,51.0
2025-06-17 06:09:00+00:00,21875.75,21878.75,21875.25,21875.25,34.0
2025-06-17 06:10:00+00:00,21876.25,21879.5,21875.5,21877.25,21.0
2025-06-17 06:11:00+00:00,21878.0,21881.25,21877.5,21880.25,26.0
2025-06-17 06:12:00+00:00,21879.5,21883.0,21878.5,21878.5,39.0
2025-06-17 06:13:00+00:00,21876.5,21879.0,21874.25,21879.0,53.0
2025-06-17 06:14:00+00:00,21876.75,21879.5,21876.75,21878.0,72.0
2025-06-17 06:15:00+00:00,21879.25,21880.25,21876.75,21877.25,41.0
2025-06-17 06:16:00+00:00,21882.5,21883.25,21879.25,21881.0,77.0
2025-06-17 06:17:00+00:00,21895.25,21896.0,21883.0,21883.0,187.0
2025-06-17 06:18:00+00:00,21891.25,21897.5,21891.25,21896.5,37.0
2025-06-17 06:19:00+00:00,21887.25,21890.5,21885.0,21890.5,25.0
2025-06-17 06:20:00+00:00,21888.5,21894.5,21888.25,21888.25,24.0
2025-06-17 06:21:00+00:00,21887.0,21893.0,21887.0,21888.5,27.0
2025-06-17 06:22:00+00:00,21892.25,21892.25,21885.75,21885.75,25.0
2025-06-17 06:23:00+00:00,21890.5,21893.25,21890.5,21893.25,15.0
2025-06-17 06:24:00+00:00,21885.0,21888.5,21885.0,21888.5,10.0
2025-06-17 06:25:00+00:00,21883.0,21887.0,21883.0,21885.75,18.0
2025-06-17 06:26:00+00:00,21883.0,21883.25,21882.0,21883.25,21.0
2025-06-17 06:27:00+00:00,21889.0,21890.5,21887.25,21889.25,22.0
2025-06-17 06:28:00+00:00,21884.75,21889.75,21884.75,21889.5,37.0
2025-06-17 06:29:00+00:00,21886.25,21887.25,21881.0,21883.75,33.0
2025-06-17 06:30:00+00:00,21889.0,21894.75,21883.75,21885.25,139.0
2025-06-17 06:31:00+00:00,21886.5,21891.25,21881.25,21888.75,291.0
2025-06-17 06:32:00+00:00,21889.0,21891.0,21882.5,21887.0,118.0
2025-06-17 06:33:00+00:00,21892.25,21892.75,21890.75,21890.75,91.0
2025-06-17 06:34:00+00:00,21886.25,21893.0,21885.75,21892.0,60.0
2025-06-17 06:35:00+00:00,21884.0,21886.25,21882.0,21886.25,35.0
2025-06-17 06:36:00+00:00,21871.25,21883.75,21871.25,21883.75,112.0
2025-06-17 06:37:00+00:00,21869.25,21873.25,21868.0,21873.0,29.0
2025-06-17 06:38:00+00:00,21878.25,21878.25,21870.25,21870.25,63.0
2025-06-17 06:39:00+00:00,21885.75,21885.75,21878.25,21879.25,31.0
2025-06-17 06:40:00+00:00,21883.25,21888.25,21883.25,21887.25,43.0
2025-06-17 06:41:00+00:00,21889.25,21891.0,21882.25,21883.25,19.0
2025-06-17 06:42:00+00:00,21887.25,21892.0,21882.25,21890.25,88.0
2025-06-17 06:43:00+00:00,21885.75,21892.5,21885.75,21889.25,33.0
2025-06-17 06:44:00+00:00,21875.25,21885.25,21874.75,21885.25,38.0
2025-06-17 06:45:00+00:00,21881.0,21881.0,21875.75,21875.75,21.0
2025-06-17 06:46:00+00:00,21876.25,21880.5,21876.25,21880.25,6.0
2025-06-17 06:47:00+00:00,21875.25,21877.0,21875.25,21876.5,4.0
2025-06-17 06:48:00+00:00,21874.75,21878.25,21872.5,21875.5,49.0
2025-06-17 06:49:00+00:00,21862.75,21873.0,21862.0,21871.5,47.0
2025-06-17 06:50:00+00:00,21859.25,21865.5,21857.5,21862.5,82.0
2025-06-17 06:51:00+00:00,21859.0,21860.0,21855.25,21857.25,27.0
2025-06-17 06:52:00+00:00,21861.25,21863.25,21853.5,21856.25,33.0
2025-06-17 06:53:00+00:00,21860.0,21863.25,21857.75,21858.25,52.0
2025-06-17 06:54:00+00:00,21859.25,21862.75,21858.25,21859.25,10.0
2025-06-17 06:55:00+00:00,21858.25,21858.75,21854.75,21858.0,13.0
2025-06-17 06:56:00+00:00,21853.75,21855.0,21851.0,21853.25,60.0
2025-06-17 06:57:00+00:00,21839.5,21853.5,21836.5,21852.0,161.0
2025-06-17 06:58:00+00:00,21835.5,21840.0,21833.75,21840.0,25.0
2025-06-17 06:59:00+00:00,21841.25,21842.25,21833.25,21834.0,87.0
2025-06-17 07:00:00+00:00,21852.25,21853.75,21838.0,21839.0,113.0
2025-06-17 07:01:00+00:00,21859.0,21859.0,21851.25,21851.75,92.0
2025-06-17 07:02:00+00:00,21857.25,21863.25,21853.5,21862.75,51.0
2025-06-17 07:03:00+00:00,21853.75,21859.75,21853.75,21859.75,9.0
2025-06-17 07:04:00+00:00,21837.0,21851.25,21837.0,21851.25,72.0
2025-06-17 07:05:00+00:00,21833.25,21839.5,21832.75,21837.75,59.0
2025-06-17 07:06:00+00:00,21839.5,21839.5,21832.0,21832.5,28.0
2025-06-17 07:07:00+00:00,21843.5,21848.0,21841.0,21842.5,33.0
2025-06-17 07:08:00+00:00,21840.25,21846.25,21838.25,21846.25,16.0
2025-06-17 07:09:00+00:00,21832.5,21840.5,21832.5,21840.0,54.0
2025-06-17 07:10:00+00:00,21828.25,21836.75,21828.25,21833.25,35.0
2025-06-17 07:11:00+00:00,21825.0,21834.0,21823.5,21833.25,123.0
2025-06-17 07:12:00+00:00,21820.0,21827.25,21820.0,21823.5,69.0
2025-06-17 07:13:00+00:00,21820.25,21821.75,21815.75,21819.0,162.0
2025-06-17 07:14:00+00:00,21823.75,21825.0,21819.5,21819.5,21.0
2025-06-17 07:15:00+00:00,21822.25,21823.0,21818.75,21823.0,46.0
2025-06-17 07:16:00+00:00,21828.5,21832.0,21826.25,21827.0,36.0
2025-06-17 07:17:00+00:00,21829.5,21832.5,21824.75,21830.0,83.0
2025-06-17 07:18:00+00:00,21827.75,21829.25,21824.5,21826.75,21.0
2025-06-17 07:19:00+00:00,21823.25,21823.25,21816.5,21823.25,74.0
2025-06-17 07:20:00+00:00,21805.75,21818.75,21805.75,21815.0,64.0
2025-06-17 07:21:00+00:00,21811.25,21811.25,21795.0,21802.75,272.0
2025-06-17 07:22:00+00:00,21802.5,21811.5,21795.5,21811.5,120.0
2025-06-17 07:23:00+00:00,21809.5,21809.5,21800.75,21801.5,29.0
2025-06-17 07:24:00+00:00,21803.0,21813.0,21803.0,21810.5,47.0
2025-06-17 07:25:00+00:00,21785.0,21800.75,21781.0,21800.5,241.0
2025-06-17 07:26:00+00:00,21800.75,21801.5,21791.0,21792.25,56.0
2025-06-17 07:27:00+00:00,21800.25,21804.25,21798.5,21803.0,35.0
2025-06-17 07:28:00+00:00,21804.25,21804.5,21800.5,21801.25,21.0
2025-06-17 07:29:00+00:00,21803.25,21806.25,21802.0,21803.75,81.0
2025-06-17 07:30:00+00:00,21799.5,21807.75,21797.75,21804.75,30.0
2025-06-17 07:31:00+00:00,21813.75,21814.25,21795.75,21797.0,61.0
2025-06-17 07:32:00+00:00,21815.25,21821.25,21813.75,21813.75,67.0
2025-06-17 07:33:00+00:00,21814.5,21820.5,21813.75,21819.25,36.0
2025-06-17 07:34:00+00:00,21812.5,21813.0,21809.0,21811.25,21.0
2025-06-17 07:35:00+00:00,21812.5,21812.5,21807.5,21810.5,18.0
2025-06-17 07:36:00+00:00,21814.75,21814.75,21810.0,21813.75,41.0
2025-06-17 07:37:00+00:00,21810.75,21816.5,21810.75,21815.0,48.0
2025-06-17 07:38:00+00:00,21813.25,21814.0,21810.0,21813.5,30.0
2025-06-17 07:39:00+00:00,21810.5,21812.75,21806.25,21812.75,78.0
2025-06-17 07:40:00+00:00,21807.25,21812.0,21807.25,21811.0,50.0
2025-06-17 07:41:00+00:00,21808.5,21810.0,21805.25,21810.0,31.0
2025-06-17 07:42:00+00:00,21803.75,21808.75,21801.0,21808.75,28.0
2025-06-17 07:43:00+00:00,21813.5,21813.5,21804.25,21804.25,35.0
2025-06-17 07:44:00+00:00,21811.25,21815.0,21809.0,21809.0,57.0
2025-06-17 07:45:00+00:00,21811.25,21814.5,21810.75,21813.75,28.0
2025-06-17 07:46:00+00:00,21816.25,21820.25,21814.25,21814.75,53.0
2025-06-17 07:47:00+00:00,21817.5,21818.25,21815.25,21815.75,49.0
2025-06-17 07:48:00+00:00,21815.0,21819.0,21815.0,21816.5,17.0
2025-06-17 07:49:00+00:00,21820.25,21825.0,21816.75,21816.75,36.0
2025-06-17 07:50:00+00:00,21807.75,21822.0,21807.25,21822.0,173.0
2025-06-17 07:51:00+00:00,21816.5,21817.75,21806.25,21807.75,500.0
2025-06-17 07:52:00+00:00,21815.0,21818.75,21812.25,21817.5,115.0
2025-06-17 07:53:00+00:00,21822.5,21822.5,21813.5,21814.0,37.0
2025-06-17 07:54:00+00:00,21829.25,21831.0,21822.0,21822.0,124.0
2025-06-17 07:55:00+00:00,21836.75,21836.75,21824.75,21830.5,61.0
2025-06-17 07:56:00+00:00,21824.75,21833.5,21821.0,21831.0,190.0
2025-06-17 07:57:00+00:00,21826.25,21826.25,21822.25,21822.25,14.0
2025-06-17 07:58:00+00:00,21819.25,21827.5,21819.0,21826.5,44.0
2025-06-17 07:59:00+00:00,21815.25,21817.75,21815.25,21817.25,12.0
2025-06-17 08:00:00+00:00,21815.0,21819.0,21798.5,21813.25,193.0
2025-06-17 08:01:00+00:00,21824.75,21826.25,21820.5,21820.5,28.0
2025-06-17 08:02:00+00:00,21827.5,21827.5,21825.0,21827.0,11.0
2025-06-17 08:03:00+00:00,21829.25,21829.25,21824.0,21828.25,29.0
2025-06-17 08:04:00+00:00,21825.25,21829.25,21825.25,21829.25,30.0
2025-06-17 08:05:00+00:00,21825.5,21832.25,21825.5,21829.0,15.0
2025-06-17 08:06:00+00:00,21829.75,21832.5,21829.25,21830.5,35.0
2025-06-17 08:07:00+00:00,21827.75,21834.75,21825.5,21834.75,40.0
2025-06-17 08:09:00+00:00,21831.0,21833.5,21830.25,21833.5,10.0
2025-06-17 08:10:00+00:00,21834.0,21838.0,21833.5,21834.0,54.0
2025-06-17 08:11:00+00:00,21837.25,21839.5,21836.25,21837.5,17.0
2025-06-17 08:12:00+00:00,21834.5,21835.0,21834.5,21835.0,14.0
2025-06-17 08:13:00+00:00,21829.75,21836.0,21829.75,21834.75,25.0
2025-06-17 08:14:00+00:00,21827.0,21832.25,21827.0,21832.25,11.0
2025-06-17 08:15:00+00:00,21822.0,21824.75,21820.0,21824.75,23.0
2025-06-17 08:16:00+00:00,21821.0,21824.25,21813.0,21822.0,115.0
2025-06-17 08:17:00+00:00,21822.25,21822.25,21816.0,21818.0,37.0
2025-06-17 08:18:00+00:00,21820.5,21824.75,21820.5,21824.5,9.0
2025-06-17 08:19:00+00:00,21821.75,21821.75,21821.75,21821.75,19.0
2025-06-17 08:20:00+00:00,21823.0,21823.0,21818.0,21818.0,33.0
2025-06-17 08:21:00+00:00,21819.0,21825.0,21819.0,21823.25,29.0
2025-06-17 08:22:00+00:00,21823.0,21825.0,21819.0,21819.5,22.0
2025-06-17 08:23:00+00:00,21824.75,21824.75,21824.5,21824.5,3.0
2025-06-17 08:24:00+00:00,21825.5,21825.5,21821.0,21824.5,136.0
2025-06-17 08:25:00+00:00,21826.5,21827.25,21822.75,21823.25,78.0
2025-06-17 08:26:00+00:00,21832.5,21832.5,21824.25,21824.25,9.0
2025-06-17 08:27:00+00:00,21836.0,21836.25,21831.0,21831.0,26.0
2025-06-17 08:28:00+00:00,21836.75,21836.75,21833.0,21835.75,26.0
2025-06-17 08:29:00+00:00,21831.0,21832.25,21831.0,21831.0,5.0
2025-06-17 08:30:00+00:00,21828.5,21829.75,21826.5,21829.25,23.0
2025-06-17 08:31:00+00:00,21829.5,21834.5,21827.75,21827.75,38.0
2025-06-17 08:32:00+00:00,21830.75,21831.75,21825.0,21828.5,67.0
2025-06-17 08:33:00+00:00,21829.5,21830.75,21828.25,21830.75,87.0
2025-06-17 08:34:00+00:00,21826.25,21827.25,21824.5,21827.25,27.0
2025-06-17 08:35:00+00:00,21823.25,21824.25,21823.25,21824.25,2.0
2025-06-17 08:36:00+00:00,21829.25,21830.0,21822.5,21822.5,23.0
2025-06-17 08:37:00+00:00,21836.5,21838.25,21830.5,21830.5,25.0
2025-06-17 08:38:00+00:00,21834.5,21841.25,21834.0,21840.0,20.0
2025-06-17 08:39:00+00:00,21825.25,21830.0,21825.0,21830.0,5.0
2025-06-17 08:40:00+00:00,21823.25,21824.0,21818.75,21824.0,17.0
2025-06-17 08:41:00+00:00,21821.75,21823.5,21819.75,21823.5,13.0
2025-06-17 08:42:00+00:00,21824.0,21824.0,21822.5,21822.5,65.0
2025-06-17 08:43:00+00:00,21822.5,21822.5,21818.75,21818.75,57.0
2025-06-17 08:44:00+00:00,21819.5,21821.75,21818.75,21821.75,33.0
2025-06-17 08:45:00+00:00,21827.0,21827.5,21823.0,21823.25,13.0
2025-06-17 08:46:00+00:00,21833.0,21833.0,21826.0,21826.0,16.0
2025-06-17 08:47:00+00:00,21836.0,21836.0,21833.0,21834.25,17.0
2025-06-17 08:48:00+00:00,21837.0,21837.0,21835.5,21836.75,62.0
2025-06-17 08:49:00+00:00,21836.25,21837.5,21834.75,21836.5,50.0
2025-06-17 08:50:00+00:00,21834.25,21838.0,21833.25,21837.25,60.0
2025-06-17 08:51:00+00:00,21828.5,21832.25,21828.5,21831.25,26.0
2025-06-17 08:52:00+00:00,21833.0,21833.0,21828.5,21828.5,39.0
2025-06-17 08:53:00+00:00,21829.75,21833.5,21827.25,21833.5,34.0
2025-06-17 08:54:00+00:00,21820.25,21856.75,21820.25,21833.5,340.0
2025-06-17 08:55:00+00:00,21808.5,21830.75,21805.5,21825.5,158.0
2025-06-17 08:56:00+00:00,21816.75,21825.0,21810.75,21812.25,62.0
2025-06-17 08:57:00+00:00,21826.0,21826.0,21821.25,21821.25,31.0
2025-06-17 08:58:00+00:00,21837.75,21838.0,21820.5,21825.25,91.0
2025-06-17 08:59:00+00:00,21838.0,21838.0,21834.25,21837.5,27.0
2025-06-17 09:00:00+00:00,21841.0,21841.0,21839.25,21839.25,20.0
2025-06-17 09:01:00+00:00,21848.5,21848.5,21845.25,21845.25,31.0
2025-06-17 09:02:00+00:00,21848.25,21848.25,21841.0,21844.25,76.0
2025-06-17 09:03:00+00:00,21852.25,21856.25,21847.0,21847.75,103.0
2025-06-17 09:04:00+00:00,21839.25,21850.25,21839.25,21850.25,63.0
2025-06-17 09:05:00+00:00,21836.25,21839.5,21835.0,21839.5,49.0
2025-06-17 09:06:00+00:00,21831.25,21838.0,21829.75,21835.75,158.0
2025-06-17 09:07:00+00:00,21828.5,21830.25,21828.5,21830.0,18.0
2025-06-17 09:08:00+00:00,21833.25,21835.25,21833.25,21834.25,12.0
2025-06-17 09:09:00+00:00,21831.0,21833.75,21830.75,21832.0,40.0
2025-06-17 09:10:00+00:00,21828.0,21831.25,21828.0,21831.25,13.0
2025-06-17 09:11:00+00:00,21831.0,21832.25,21831.0,21832.0,7.0
2025-06-17 09:12:00+00:00,21818.0,21833.0,21818.0,21833.0,71.0
2025-06-17 09:13:00+00:00,21815.0,21817.5,21813.25,21817.25,51.0
2025-06-17 09:14:00+00:00,21821.25,21822.75,21815.75,21816.75,58.0
2025-06-17 09:15:00+00:00,21824.0,21824.0,21821.25,21821.25,37.0
2025-06-17 09:16:00+00:00,21817.75,21823.25,21816.5,21823.25,56.0
2025-06-17 09:17:00+00:00,21818.75,21821.0,21817.75,21817.75,58.0
2025-06-17 09:18:00+00:00,21820.5,21823.25,21819.75,21820.5,78.0
2025-06-17 09:19:00+00:00,21817.0,21821.0,21817.0,21820.0,195.0
2025-06-17 09:20:00+00:00,21812.0,21821.75,21812.0,21818.0,49.0
2025-06-17 09:21:00+00:00,21815.5,21824.75,21796.0,21811.5,294.0
2025-06-17 09:22:00+00:00,21816.25,21817.0,21810.0,21815.5,45.0
2025-06-17 09:23:00+00:00,21819.0,21825.0,21815.25,21818.25,87.0
2025-06-17 09:24:00+00:00,21812.25,21820.0,21810.5,21820.0,37.0
2025-06-17 09:25:00+00:00,21812.25,21814.75,21810.5,21812.0,82.0
2025-06-17 09:26:00+00:00,21808.5,21811.25,21808.0,21811.25,19.0
2025-06-17 09:27:00+00:00,21808.0,21811.25,21805.75,21806.25,26.0
2025-06-17 09:28:00+00:00,21806.25,21808.0,21803.5,21806.75,71.0
2025-06-17 09:29:00+00:00,21815.5,21817.0,21803.75,21805.25,48.0
2025-06-17 09:30:00+00:00,21812.25,21817.0,21811.25,21815.5,58.0
2025-06-17 09:31:00+00:00,21812.25,21816.25,21811.75,21813.75,38.0
2025-06-17 09:32:00+00:00,21813.25,21813.25,21812.25,21812.25,24.0
2025-06-17 09:33:00+00:00,21803.5,21812.5,21802.25,21812.5,75.0
2025-06-17 09:34:00+00:00,21804.5,21807.25,21803.0,21803.5,40.0
2025-06-17 09:35:00+00:00,21807.0,21807.0,21801.0,21803.25,26.0
2025-06-17 09:36:00+00:00,21809.0,21809.0,21805.75,21805.75,6.0
2025-06-17 09:37:00+00:00,21811.25,21811.75,21805.25,21805.25,41.0
2025-06-17 09:38:00+00:00,21808.5,21810.0,21806.25,21808.25,61.0
2025-06-17 09:39:00+00:00,21808.5,21808.5,21806.25,21806.25,8.0
2025-06-17 09:40:00+00:00,21807.0,21807.25,21804.75,21807.25,28.0
2025-06-17 09:41:00+00:00,21815.0,21816.75,21807.0,21807.0,68.0
2025-06-17 09:42:00+00:00,21814.75,21817.5,21814.75,21816.25,15.0
2025-06-17 09:43:00+00:00,21813.25,21813.5,21810.0,21810.0,14.0
2025-06-17 09:44:00+00:00,21819.25,21821.0,21816.25,21817.75,20.0
2025-06-17 09:45:00+00:00,21818.25,21819.25,21818.25,21819.25,11.0
2025-06-17 09:46:00+00:00,21819.5,21819.5,21816.25,21818.0,12.0
2025-06-17 09:47:00+00:00,21818.0,21821.5,21818.0,21820.75,50.0
2025-06-17 09:48:00+00:00,21822.25,21822.25,21818.75,21819.0,52.0
2025-06-17 09:49:00+00:00,21822.0,21823.75,21818.0,21823.5,28.0
2025-06-17 09:50:00+00:00,21824.0,21824.25,21821.75,21821.75,63.0
2025-06-17 09:51:00+00:00,21817.75,21824.25,21816.25,21824.25,82.0
2025-06-17 09:52:00+00:00,21813.5,21814.75,21812.75,21814.75,13.0
2025-06-17 09:53:00+00:00,21813.0,21813.0,21809.25,21811.5,24.0
2025-06-17 09:54:00+00:00,21802.75,21807.75,21800.5,21807.75,101.0
2025-06-17 09:55:00+00:00,21802.5,21804.5,21802.5,21802.75,10.0
2025-06-17 09:56:00+00:00,21803.0,21803.0,21800.0,21803.0,40.0
2025-06-17 09:57:00+00:00,21806.0,21807.5,21800.0,21803.25,19.0
2025-06-17 09:58:00+00:00,21812.25,21812.75,21805.5,21808.75,74.0
2025-06-17 09:59:00+00:00,21806.75,21808.5,21806.75,21808.5,5.0
2025-06-17 10:00:00+00:00,21803.25,21806.5,21800.0,21806.5,18.0
2025-06-17 10:01:00+00:00,21810.0,21810.0,21802.25,21802.25,30.0
2025-06-17 10:02:00+00:00,21811.5,21811.75,21811.5,21811.75,3.0
2025-06-17 10:03:00+00:00,21813.5,21815.25,21810.5,21810.5,23.0
2025-06-17 10:04:00+00:00,21817.75,21820.0,21813.25,21813.25,52.0
2025-06-17 10:05:00+00:00,21822.5,21822.5,21817.5,21817.5,23.0
2025-06-17 10:06:00+00:00,21821.0,21822.25,21820.75,21820.75,15.0
2025-06-17 10:07:00+00:00,21818.0,21826.75,21818.0,21822.0,74.0
2025-06-17 10:08:00+00:00,21819.5,21821.25,21819.5,21821.25,193.0
2025-06-17 10:09:00+00:00,21817.75,21817.75,21817.75,21817.75,5.0
2025-06-17 10:10:00+00:00,21822.5,21822.5,21820.0,21820.0,76.0
2025-06-17 10:11:00+00:00,21824.5,21824.5,21822.25,21822.75,8.0
2025-06-17 10:12:00+00:00,21825.25,21828.25,21823.0,21825.25,39.0
2025-06-17 10:13:00+00:00,21817.75,21827.5,21817.75,21826.5,40.0
2025-06-17 10:14:00+00:00,21816.25,21820.75,21816.25,21818.0,15.0
2025-06-17 10:15:00+00:00,21817.0,21817.25,21815.0,21817.25,17.0
2025-06-17 10:16:00+00:00,21809.75,21816.75,21808.25,21816.75,41.0
2025-06-17 10:17:00+00:00,21807.0,21812.25,21807.0,21810.25,200.0
2025-06-17 10:18:00+00:00,21811.5,21811.5,21807.25,21807.5,12.0
2025-06-17 10:19:00+00:00,21808.0,21810.75,21808.0,21809.5,36.0
2025-06-17 10:20:00+00:00,21808.5,21812.0,21808.5,21809.75,60.0
2025-06-17 10:21:00+00:00,21808.25,21813.5,21807.75,21810.0,70.0
2025-06-17 10:22:00+00:00,21809.5,21812.75,21809.5,21812.5,8.0
2025-06-17 10:24:00+00:00,21809.75,21810.25,21809.5,21809.5,40.0
2025-06-17 10:25:00+00:00,21804.0,21809.0,21803.75,21808.5,186.0
2025-06-17 10:26:00+00:00,21802.25,21808.0,21798.75,21807.25,75.0
2025-06-17 10:27:00+00:00,21801.25,21802.25,21800.0,21800.25,16.0
2025-06-17 10:28:00+00:00,21799.25,21802.25,21798.75,21802.25,17.0
2025-06-17 10:29:00+00:00,21805.5,21805.5,21799.75,21800.0,18.0
2025-06-17 10:30:00+00:00,21805.25,21805.5,21803.0,21803.0,6.0
2025-06-17 10:31:00+00:00,21803.25,21804.25,21803.25,21804.25,19.0
2025-06-17 10:32:00+00:00,21807.25,21809.0,21806.5,21807.5,30.0
2025-06-17 10:33:00+00:00,21800.75,21805.0,21800.75,21805.0,13.0
2025-06-17 10:34:00+00:00,21800.0,21803.5,21800.0,21802.25,26.0
2025-06-17 10:35:00+00:00,21800.75,21801.75,21800.0,21801.0,28.0
2025-06-17 10:36:00+00:00,21801.75,21801.75,21799.5,21800.75,44.0
2025-06-17 10:37:00+00:00,21795.25,21800.0,21790.25,21800.0,78.0
2025-06-17 10:38:00+00:00,21784.75,21793.25,21782.5,21793.25,153.0
2025-06-17 10:39:00+00:00,21780.75,21785.25,21773.25,21785.25,152.0
2025-06-17 10:40:00+00:00,21778.25,21778.75,21771.5,21778.75,70.0
2025-06-17 10:41:00+00:00,21779.25,21780.0,21775.5,21779.75,42.0
2025-06-17 10:42:00+00:00,21785.0,21785.25,21779.25,21779.25,49.0
2025-06-17 10:43:00+00:00,21777.5,21790.0,21773.25,21785.25,82.0
2025-06-17 10:44:00+00:00,21777.5,21782.0,21777.25,21777.25,17.0
2025-06-17 10:45:00+00:00,21775.75,21784.25,21775.75,21777.5,54.0
2025-06-17 10:46:00+00:00,21790.0,21790.0,21772.25,21776.0,55.0
2025-06-17 10:47:00+00:00,21792.5,21795.0,21790.75,21791.5,26.0
2025-06-17 10:48:00+00:00,21785.75,21793.0,21785.75,21791.75,28.0
2025-06-17 10:49:00+00:00,21792.25,21792.25,21779.25,21786.75,46.0
2025-06-17 10:50:00+00:00,21792.5,21792.5,21788.5,21790.5,13.0
2025-06-17 10:51:00+00:00,21801.25,21801.25,21793.5,21793.5,141.0
2025-06-17 10:52:00+00:00,21802.0,21802.75,21799.25,21801.75,13.0
2025-06-17 10:53:00+00:00,21807.5,21808.25,21802.5,21803.75,40.0
2025-06-17 10:54:00+00:00,21806.25,21807.75,21804.75,21807.25,37.0
2025-06-17 10:55:00+00:00,21806.75,21807.75,21805.0,21806.0,17.0
2025-06-17 10:56:00+00:00,21811.5,21812.0,21806.0,21806.75,43.0
2025-06-17 10:57:00+00:00,21810.5,21812.75,21809.0,21811.25,29.0
2025-06-17 10:58:00+00:00,21809.5,21809.75,21803.75,21809.0,17.0
2025-06-17 10:59:00+00:00,21813.25,21814.75,21811.0,21811.75,25.0
2025-06-17 11:00:00+00:00,21808.5,21814.75,21805.25,21812.5,58.0
2025-06-17 11:01:00+00:00,21810.25,21811.0,21804.0,21807.75,34.0
2025-06-17 11:02:00+00:00,21815.5,21815.5,21807.75,21809.75,81.0
2025-06-17 11:03:00+00:00,21817.5,21819.75,21813.25,21813.25,65.0
2025-06-17 11:04:00+00:00,21818.0,21821.25,21818.0,21818.25,143.0
2025-06-17 11:05:00+00:00,21820.25,21821.0,21817.0,21819.0,190.0
2025-06-17 11:06:00+00:00,21819.25,21821.5,21819.25,21821.25,101.0
2025-06-17 11:07:00+00:00,21818.0,21820.25,21817.0,21819.0,66.0
2025-06-17 11:08:00+00:00,21816.0,21820.25,21815.75,21819.75,26.0
2025-06-17 11:09:00+00:00,21818.75,21818.75,21814.0,21817.0,40.0
2025-06-17 11:10:00+00:00,21816.75,21820.75,21816.75,21818.0,82.0
2025-06-17 11:11:00+00:00,21823.5,21823.5,21816.75,21816.75,267.0
2025-06-17 11:12:00+00:00,21827.75,21830.25,21822.25,21822.25,95.0
2025-06-17 11:13:00+00:00,21823.25,21827.5,21823.25,21827.0,153.0
2025-06-17 11:14:00+00:00,21822.75,21824.5,21822.75,21824.5,105.0
2025-06-17 11:15:00+00:00,21828.5,21830.0,21822.0,21823.0,85.0
2025-06-17 11:16:00+00:00,21827.75,21830.75,21827.0,21829.25,52.0
2025-06-17 11:17:00+00:00,21827.75,21827.75,21825.0,21826.5,77.0
2025-06-17 11:18:00+00:00,21832.5,21833.25,21827.0,21828.5,56.0
2025-06-17 11:19:00+00:00,21831.5,21832.25,21831.25,21831.25,17.0
2025-06-17 11:20:00+00:00,21836.25,21840.0,21830.5,21830.5,99.0
2025-06-17 11:21:00+00:00,21836.75,21840.25,21836.75,21836.75,74.0
2025-06-17 11:22:00+00:00,21836.25,21837.75,21834.0,21836.25,48.0
2025-06-17 11:23:00+00:00,21834.25,21838.0,21834.25,21835.75,36.0
2025-06-17 11:24:00+00:00,21833.25,21835.25,21832.5,21835.25,52.0
2025-06-17 11:25:00+00:00,21835.75,21845.0,21834.25,21836.25,141.0
2025-06-17 11:26:00+00:00,21836.25,21840.25,21835.25,21836.0,104.0
2025-06-17 11:27:00+00:00,21831.75,21835.75,21830.75,21835.5,57.0
2025-06-17 11:28:00+00:00,21832.0,21833.25,21830.25,21833.25,19.0
2025-06-17 11:29:00+00:00,21833.0,21834.75,21829.25,21833.5,95.0
2025-06-17 11:30:00+00:00,21833.25,21836.0,21829.25,21831.5,195.0
2025-06-17 11:31:00+00:00,21832.75,21838.0,21832.0,21834.0,232.0
2025-06-17 11:32:00+00:00,21832.5,21838.75,21832.5,21833.5,54.0
2025-06-17 11:33:00+00:00,21832.25,21834.25,21827.5,21831.25,82.0
2025-06-17 11:34:00+00:00,21829.25,21833.75,21826.75,21833.75,73.0
2025-06-17 11:35:00+00:00,21837.25,21837.5,21828.75,21830.25,28.0
2025-06-17 11:36:00+00:00,21839.0,21839.0,21834.25,21836.25,55.0
2025-06-17 11:37:00+00:00,21839.25,21843.5,21837.25,21838.5,96.0
2025-06-17 11:38:00+00:00,21841.25,21841.75,21838.25,21839.25,121.0
2025-06-17 11:39:00+00:00,21837.75,21841.25,21837.75,21840.75,266.0
2025-06-17 11:40:00+00:00,21828.5,21839.75,21828.25,21839.5,258.0
2025-06-17 11:41:00+00:00,21825.0,21832.5,21824.75,21828.75,81.0
2025-06-17 11:42:00+00:00,21825.25,21831.75,21823.5,21827.75,72.0
2025-06-17 11:43:00+00:00,21827.5,21827.75,21823.5,21825.25,24.0
2025-06-17 11:44:00+00:00,21825.25,21828.0,21824.25,21827.75,36.0
2025-06-17 11:45:00+00:00,21823.25,21830.75,21823.25,21826.25,61.0
2025-06-17 11:46:00+00:00,21826.25,21826.25,21824.5,21824.5,19.0
2025-06-17 11:47:00+00:00,21825.25,21826.5,21825.0,21825.0,23.0
2025-06-17 11:48:00+00:00,21824.0,21827.25,21822.75,21827.25,49.0
2025-06-17 11:49:00+00:00,21821.25,21823.75,21820.25,21823.25,29.0
2025-06-17 11:50:00+00:00,21822.25,21822.25,21820.25,21820.25,51.0
2025-06-17 11:51:00+00:00,21827.0,21827.25,21823.75,21823.75,59.0
2025-06-17 11:52:00+00:00,21826.0,21828.75,21826.0,21827.0,20.0
2025-06-17 11:53:00+00:00,21829.25,21829.25,21824.25,21826.25,40.0
2025-06-17 11:54:00+00:00,21826.5,21827.25,21823.0,21826.25,74.0
2025-06-17 11:55:00+00:00,21832.25,21834.0,21827.5,21827.5,26.0
2025-06-17 11:56:00+00:00,21838.75,21839.5,21833.25,21834.0,128.0
2025-06-17 11:57:00+00:00,21844.0,21849.25,21842.25,21842.5,106.0
2025-06-17 11:58:00+00:00,21845.0,21847.0,21845.0,21847.0,24.0
2025-06-17 11:59:00+00:00,21845.5,21847.25,21845.25,21846.75,17.0
2025-06-17 12:00:00+00:00,21842.0,21847.25,21840.75,21846.75,136.0
2025-06-17 12:01:00+00:00,21852.0,21854.25,21841.25,21846.25,175.0
2025-06-17 12:02:00+00:00,21858.0,21861.25,21851.5,21852.5,210.0
2025-06-17 12:03:00+00:00,21854.75,21860.0,21854.75,21858.5,227.0
2025-06-17 12:04:00+00:00,21857.25,21858.0,21853.25,21855.5,68.0
2025-06-17 12:05:00+00:00,21854.75,21859.75,21854.75,21857.25,67.0
2025-06-17 12:06:00+00:00,21860.25,21860.25,21853.25,21853.75,161.0
2025-06-17 12:07:00+00:00,21855.75,21859.25,21852.25,21857.0,200.0
2025-06-17 12:08:00+00:00,21853.75,21857.0,21851.5,21856.25,77.0
2025-06-17 12:09:00+00:00,21845.0,21851.25,21840.25,21851.0,42.0
2025-06-17 12:10:00+00:00,21842.0,21849.75,21840.75,21843.75,438.0
2025-06-17 12:11:00+00:00,21845.75,21845.75,21841.25,21843.0,44.0
2025-06-17 12:12:00+00:00,21855.0,21855.0,21847.25,21847.25,30.0
2025-06-17 12:13:00+00:00,21857.25,21858.5,21852.5,21853.5,32.0
2025-06-17 12:14:00+00:00,21859.0,21860.25,21856.25,21856.75,23.0
2025-06-17 12:15:00+00:00,21862.5,21862.75,21859.25,21859.25,51.0
2025-06-17 12:16:00+00:00,21860.0,21867.25,21858.75,21862.5,365.0
2025-06-17 12:17:00+00:00,21854.5,21860.0,21853.75,21858.5,159.0
2025-06-17 12:18:00+00:00,21851.75,21856.0,21851.0,21855.0,102.0
2025-06-17 12:19:00+00:00,21851.25,21852.5,21847.75,21852.0,68.0
2025-06-17 12:20:00+00:00,21855.75,21855.75,21850.0,21850.0,178.0
2025-06-17 12:21:00+00:00,21856.0,21858.25,21853.75,21856.5,344.0
2025-06-17 12:22:00+00:00,21860.5,21860.5,21857.75,21858.5,90.0
2025-06-17 12:23:00+00:00,21861.25,21863.25,21858.25,21859.25,79.0
2025-06-17 12:24:00+00:00,21861.5,21863.25,21860.0,21860.25,172.0
2025-06-17 12:25:00+00:00,21863.25,21865.0,21859.75,21862.5,105.0
2025-06-17 12:26:00+00:00,21861.25,21864.25,21859.75,21864.25,133.0
2025-06-17 12:27:00+00:00,21861.5,21863.0,21858.75,21861.25,61.0
2025-06-17 12:28:00+00:00,21860.0,21860.5,21854.75,21860.5,93.0
2025-06-17 12:29:00+00:00,21868.75,21868.75,21838.5,21860.0,198.0
2025-06-17 12:30:00+00:00,21843.25,21870.0,21806.75,21868.75,212.0
2025-06-17 12:31:00+00:00,21846.5,21857.5,21836.5,21845.0,232.0
2025-06-17 12:32:00+00:00,21847.5,21868.75,21845.25,21850.0,320.0
2025-06-17 12:33:00+00:00,21846.25,21848.0,21839.5,21847.0,197.0
2025-06-17 12:34:00+00:00,21849.5,21853.5,21845.0,21847.0,152.0
2025-06-17 12:35:00+00:00,21848.5,21850.75,21846.25,21849.0,353.0
2025-06-17 12:36:00+00:00,21847.0,21850.0,21840.25,21849.5,52.0
2025-06-17 12:37:00+00:00,21841.25,21852.5,21833.0,21850.75,280.0
2025-06-17 12:38:00+00:00,21846.5,21847.75,21840.25,21840.25,160.0
2025-06-17 12:39:00+00:00,21857.5,21860.75,21846.5,21846.5,126.0
2025-06-17 12:40:00+00:00,21869.0,21869.5,21856.5,21859.25,324.0
2025-06-17 12:41:00+00:00,21859.75,21870.25,21859.0,21870.0,53.0
2025-06-17 12:42:00+00:00,21857.25,21867.25,21857.25,21857.5,117.0
2025-06-17 12:43:00+00:00,21854.25,21860.0,21851.0,21859.5,94.0
2025-06-17 12:44:00+00:00,21858.75,21858.75,21855.25,21856.0,26.0
2025-06-17 12:45:00+00:00,21850.5,21859.5,21850.25,21858.75,54.0
2025-06-17 12:46:00+00:00,21849.25,21852.75,21845.5,21849.0,100.0
2025-06-17 12:47:00+00:00,21844.0,21849.25,21841.0,21849.25,142.0
2025-06-17 12:48:00+00:00,21835.75,21841.0,21834.75,21841.0,158.0
2025-06-17 12:49:00+00:00,21836.25,21837.0,21831.25,21837.0,90.0
2025-06-17 12:50:00+00:00,21833.5,21834.25,21825.75,21834.25,194.0
2025-06-17 12:51:00+00:00,21832.25,21833.25,21830.0,21832.25,50.0
2025-06-17 12:52:00+00:00,21831.75,21836.25,21826.5,21831.0,122.0
2025-06-17 12:53:00+00:00,21831.5,21832.25,21826.5,21830.0,124.0
2025-06-17 12:54:00+00:00,21828.75,21831.5,21827.5,21831.5,146.0
2025-06-17 12:55:00+00:00,21825.75,21828.75,21824.75,21828.75,47.0
2025-06-17 12:56:00+00:00,21823.0,21825.75,21815.5,21825.25,97.0
2025-06-17 12:57:00+00:00,21827.75,21830.25,21821.5,21822.5,109.0
2025-06-17 12:58:00+00:00,21827.25,21828.5,21826.0,21827.5,47.0
2025-06-17 12:59:00+00:00,21827.0,21832.75,21827.0,21829.25,191.0
2025-06-17 13:00:00+00:00,21820.5,21830.0,21820.5,21827.0,398.0
2025-06-17 13:01:00+00:00,21832.25,21834.5,21819.0,21819.5,256.0
2025-06-17 13:02:00+00:00,21829.25,21836.5,21828.5,21835.25,59.0
2025-06-17 13:03:00+00:00,21825.5,21830.5,21823.25,21830.5,205.0
2025-06-17 13:04:00+00:00,21827.25,21827.25,21824.5,21825.0,93.0
2025-06-17 13:05:00+00:00,21826.5,21829.25,21822.0,21826.5,154.0
2025-06-17 13:06:00+00:00,21825.0,21828.0,21824.75,21826.75,39.0
2025-06-17 13:07:00+00:00,21819.0,21828.0,21819.0,21826.25,92.0
2025-06-17 13:08:00+00:00,21821.5,21822.75,21817.0,21820.25,161.0
2025-06-17 13:09:00+00:00,21822.5,21823.0,21817.0,21821.5,80.0
2025-06-17 13:10:00+00:00,21818.75,21822.75,21817.0,21822.5,51.0
2025-06-17 13:11:00+00:00,21823.75,21823.75,21818.5,21818.75,246.0
2025-06-17 13:12:00+00:00,21818.5,21825.0,21818.5,21822.5,62.0
2025-06-17 13:13:00+00:00,21821.75,21826.25,21821.75,21822.5,174.0
2025-06-17 13:14:00+00:00,21823.25,21825.0,21820.75,21822.75,93.0
2025-06-17 13:15:00+00:00,21815.5,21824.5,21811.25,21822.0,193.0
2025-06-17 13:16:00+00:00,21814.0,21818.75,21809.5,21812.75,113.0
2025-06-17 13:17:00+00:00,21820.25,21820.25,21816.25,21816.25,80.0
2025-06-17 13:18:00+00:00,21818.75,21822.5,21817.25,21821.75,266.0
2025-06-17 13:19:00+00:00,21828.5,21829.0,21821.75,21821.75,100.0
2025-06-17 13:20:00+00:00,21832.75,21835.75,21827.75,21828.25,248.0
2025-06-17 13:21:00+00:00,21834.75,21837.75,21832.25,21833.5,103.0
2025-06-17 13:22:00+00:00,21828.25,21833.25,21826.25,21832.75,112.0
2025-06-17 13:23:00+00:00,21823.75,21830.5,21821.0,21829.75,194.0
2025-06-17 13:24:00+00:00,21831.0,21833.5,21823.5,21823.5,124.0
2025-06-17 13:25:00+00:00,21833.75,21834.5,21825.0,21831.25,300.0
2025-06-17 13:26:00+00:00,21829.25,21832.75,21827.75,21832.0,399.0
2025-06-17 13:27:00+00:00,21832.0,21832.0,21826.25,21829.75,110.0
2025-06-17 13:28:00+00:00,21836.75,21841.0,21828.25,21831.25,430.0
2025-06-17 13:29:00+00:00,21839.25,21841.75,21834.0,21836.0,313.0
2025-06-17 13:30:00+00:00,21871.75,21879.75,21831.75,21840.0,1895.0
2025-06-17 13:31:00+00:00,21873.25,21885.75,21863.25,21872.5,960.0
2025-06-17 13:32:00+00:00,21860.0,21875.5,21848.25,21874.25,661.0
2025-06-17 13:33:00+00:00,21861.5,21862.5,21852.0,21859.0,477.0
2025-06-17 13:34:00+00:00,21860.0,21865.0,21853.5,21860.0,579.0
2025-06-17 13:35:00+00:00,21858.5,21865.0,21850.0,21860.5,503.0
2025-06-17 13:36:00+00:00,21853.0,21858.75,21851.25,21856.0,526.0
2025-06-17 13:37:00+00:00,21846.75,21856.0,21844.0,21855.25,575.0
2025-06-17 13:38:00+00:00,21851.25,21855.0,21843.25,21847.5,473.0
2025-06-17 13:39:00+00:00,21858.75,21863.25,21851.0,21851.0,539.0
2025-06-17 13:40:00+00:00,21859.5,21866.0,21853.25,21860.25,279.0
2025-06-17 13:41:00+00:00,21847.5,21867.75,21846.75,21860.25,636.0
2025-06-17 13:42:00+00:00,21828.25,21850.75,21818.0,21847.0,1354.0
2025-06-17 13:43:00+00:00,21820.25,21832.25,21815.5,21827.5,512.0
2025-06-17 13:44:00+00:00,21811.25,21820.75,21806.25,21819.75,581.0
2025-06-17 13:45:00+00:00,21819.0,21825.0,21802.5,21811.0,827.0
2025-06-17 13:46:00+00:00,21831.0,21832.5,21816.0,21819.25,594.0
2025-06-17 13:47:00+00:00,21836.0,21843.25,21830.75,21830.75,662.0
2025-06-17 13:48:00+00:00,21835.0,21846.0,21833.25,21836.75,926.0
2025-06-17 13:49:00+00:00,21833.25,21842.5,21828.0,21834.25,766.0
2025-06-17 13:50:00+00:00,21826.0,21836.75,21824.25,21833.0,548.0
2025-06-17 13:51:00+00:00,21846.5,21847.25,21822.0,21825.0,607.0
2025-06-17 13:52:00+00:00,21859.0,21871.25,21846.0,21846.0,816.0
2025-06-17 13:53:00+00:00,21848.75,21861.25,21847.75,21859.5,451.0
2025-06-17 13:54:00+00:00,21853.0,21855.5,21847.75,21849.25,693.0
2025-06-17 13:55:00+00:00,21840.0,21852.75,21840.0,21850.25,361.0
2025-06-17 13:56:00+00:00,21863.5,21870.25,21837.25,21840.0,664.0
2025-06-17 13:57:00+00:00,21868.0,21868.75,21862.25,21866.5,396.0
2025-06-17 13:58:00+00:00,21862.5,21869.25,21862.5,21869.0,342.0
2025-06-17 13:59:00+00:00,21872.75,21872.75,21861.0,21863.5,1159.0
2025-06-17 14:00:00+00:00,21866.25,21892.75,21863.5,21871.25,688.0
2025-06-17 14:01:00+00:00,21854.5,21874.25,21852.75,21866.25,412.0
2025-06-17 14:02:00+00:00,21859.0,21865.0,21851.25,21854.75,292.0
2025-06-17 14:03:00+00:00,21857.25,21863.0,21857.25,21858.75,223.0
2025-06-17 14:04:00+00:00,21852.0,21863.5,21845.0,21857.75,148.0
2025-06-17 14:05:00+00:00,21853.5,21857.0,21847.25,21852.75,231.0
2025-06-17 14:06:00+00:00,21863.75,21863.75,21853.75,21853.75,244.0
2025-06-17 14:07:00+00:00,21866.5,21870.25,21862.5,21862.5,275.0
2025-06-17 14:08:00+00:00,21872.75,21875.5,21866.0,21866.5,263.0
2025-06-17 14:09:00+00:00,21879.25,21881.5,21872.75,21873.5,402.0
2025-06-17 14:10:00+00:00,21881.25,21885.0,21876.75,21881.25,388.0
2025-06-17 14:11:00+00:00,21889.0,21889.75,21882.25,21882.25,746.0
2025-06-17 14:12:00+00:00,21892.75,21896.75,21889.0,21889.0,508.0
2025-06-17 14:13:00+00:00,21891.5,21900.0,21891.0,21896.0,297.0
2025-06-17 14:14:00+00:00,21895.5,21905.0,21891.25,21892.0,489.0
2025-06-17 14:15:00+00:00,21900.0,21901.5,21891.75,21896.5,315.0
2025-06-17 14:16:00+00:00,21899.0,21907.5,21898.0,21900.0,289.0
2025-06-17 14:17:00+00:00,21895.25,21903.5,21895.0,21899.0,268.0
2025-06-17 14:18:00+00:00,21884.5,21896.5,21880.0,21894.5,320.0
2025-06-17 14:19:00+00:00,21885.25,21889.5,21878.5,21883.5,374.0
2025-06-17 14:20:00+00:00,21892.25,21892.5,21885.5,21887.25,195.0
2025-06-17 14:21:00+00:00,21886.25,21892.0,21881.5,21891.0,355.0
2025-06-17 14:22:00+00:00,21881.5,21886.75,21881.5,21886.75,294.0
2025-06-17 14:23:00+00:00,21886.25,21888.75,21882.5,21882.75,119.0
2025-06-17 14:24:00+00:00,21876.0,21887.75,21869.0,21887.75,312.0
2025-06-17 14:25:00+00:00,21876.5,21880.0,21871.0,21875.75,287.0
2025-06-17 14:26:00+00:00,21873.75,21878.5,21868.25,21875.0,189.0
2025-06-17 14:27:00+00:00,21881.0,21881.5,21868.75,21872.75,127.0
2025-06-17 14:28:00+00:00,21879.5,21885.0,21877.25,21881.0,193.0
2025-06-17 14:29:00+00:00,21877.0,21881.75,21875.25,21879.75,769.0
2025-06-17 14:30:00+00:00,21881.5,21881.5,21872.75,21876.75,212.0
2025-06-17 14:31:00+00:00,21878.75,21886.0,21878.0,21881.0,141.0
2025-06-17 14:32:00+00:00,21880.25,21881.25,21876.0,21876.75,206.0
2025-06-17 14:33:00+00:00,21878.25,21884.0,21878.25,21879.5,128.0
2025-06-17 14:34:00+00:00,21876.0,21881.0,21875.75,21881.0,101.0
2025-06-17 14:35:00+00:00,21859.25,21875.0,21856.25,21875.0,707.0
2025-06-17 14:36:00+00:00,21865.5,21869.0,21856.25,21857.75,227.0
2025-06-17 14:37:00+00:00,21861.25,21863.5,21852.0,21862.0,333.0
2025-06-17 14:38:00+00:00,21871.75,21872.75,21862.5,21863.25,240.0
2025-06-17 14:39:00+00:00,21868.25,21873.0,21866.5,21872.0,497.0
2025-06-17 14:40:00+00:00,21860.25,21868.75,21858.75,21868.5,178.0
2025-06-17 14:41:00+00:00,21858.0,21869.5,21855.5,21858.0,284.0
2025-06-17 14:42:00+00:00,21858.75,21860.5,21850.0,21857.25,843.0
2025-06-17 14:43:00+00:00,21864.25,21865.5,21857.5,21859.0,643.0
2025-06-17 14:44:00+00:00,21859.25,21865.0,21858.0,21864.0,275.0
2025-06-17 14:45:00+00:00,21873.0,21876.25,21858.0,21859.75,627.0
2025-06-17 14:46:00+00:00,21871.5,21877.0,21871.0,21872.75,240.0
2025-06-17 14:47:00+00:00,21879.0,21882.0,21872.75,21872.75,427.0
2025-06-17 14:48:00+00:00,21875.75,21882.25,21871.75,21878.25,236.0
2025-06-17 14:49:00+00:00,21878.0,21878.5,21869.25,21874.25,293.0
2025-06-17 14:50:00+00:00,21881.25,21883.75,21870.75,21877.25,606.0
2025-06-17 14:51:00+00:00,21871.75,21882.5,21870.75,21882.0,247.0
2025-06-17 14:52:00+00:00,21866.0,21872.0,21864.5,21872.0,137.0
2025-06-17 14:53:00+00:00,21865.5,21872.0,21865.0,21865.0,110.0
2025-06-17 14:54:00+00:00,21869.0,21870.5,21864.5,21866.5,116.0
2025-06-17 14:55:00+00:00,21866.0,21872.0,21864.75,21870.5,196.0
2025-06-17 14:56:00+00:00,21856.25,21866.5,21856.0,21866.5,448.0
2025-06-17 14:57:00+00:00,21851.25,21858.5,21845.0,21856.5,965.0
2025-06-17 14:58:00+00:00,21854.5,21859.25,21850.75,21850.75,286.0
2025-06-17 14:59:00+00:00,21850.25,21858.75,21848.5,21857.25,173.0
2025-06-17 15:00:00+00:00,21866.5,21867.0,21847.75,21849.0,421.0
2025-06-17 15:01:00+00:00,21861.25,21868.5,21856.0,21865.5,264.0
2025-06-17 15:02:00+00:00,21858.5,21862.25,21858.5,21859.75,167.0
2025-06-17 15:03:00+00:00,21875.25,21875.75,21856.0,21857.25,212.0
2025-06-17 15:04:00+00:00,21877.0,21879.5,21872.75,21874.0,308.0
2025-06-17 15:05:00+00:00,21870.5,21877.5,21870.5,21877.5,181.0
2025-06-17 15:06:00+00:00,21876.5,21877.25,21872.25,21872.25,163.0
2025-06-17 15:07:00+00:00,21883.5,21885.5,21877.25,21877.25,165.0
2025-06-17 15:08:00+00:00,21881.5,21885.25,21878.5,21883.5,158.0
2025-06-17 15:09:00+00:00,21882.75,21886.75,21882.0,21882.5,157.0
2025-06-17 15:10:00+00:00,21889.0,21890.0,21882.25,21883.75,167.0
2025-06-17 15:11:00+00:00,21898.25,21899.75,21887.5,21888.25,238.0
2025-06-17 15:12:00+00:00,21897.75,21901.25,21895.75,21898.75,176.0
2025-06-17 15:13:00+00:00,21897.0,21899.25,21892.5,21898.0,137.0
2025-06-17 15:14:00+00:00,21904.75,21910.0,21897.0,21898.0,385.0
2025-06-17 15:15:00+00:00,21895.25,21906.0,21894.25,21905.0,375.0
2025-06-17 15:16:00+00:00,21877.25,21895.5,21869.25,21895.5,591.0
2025-06-17 15:17:00+00:00,21883.75,21884.75,21875.0,21875.0,126.0
2025-06-17 15:18:00+00:00,21889.0,21890.75,21882.75,21884.25,242.0
2025-06-17 15:19:00+00:00,21888.75,21891.5,21886.0,21889.5,152.0
2025-06-17 15:20:00+00:00,21889.25,21889.25,21879.75,21888.5,143.0
2025-06-17 15:21:00+00:00,21881.5,21890.0,21878.75,21887.75,198.0
2025-06-17 15:22:00+00:00,21875.0,21882.5,21874.25,21882.25,176.0
2025-06-17 15:23:00+00:00,21877.0,21878.75,21872.0,21873.25,211.0
2025-06-17 15:24:00+00:00,21876.25,21878.5,21875.0,21877.0,124.0
2025-06-17 15:25:00+00:00,21867.75,21877.0,21865.0,21875.75,371.0
2025-06-17 15:26:00+00:00,21872.75,21874.25,21866.0,21866.0,197.0
2025-06-17 15:27:00+00:00,21874.5,21875.75,21870.25,21871.25,265.0
2025-06-17 15:28:00+00:00,21867.0,21874.25,21867.0,21874.0,262.0
2025-06-17 15:29:00+00:00,21864.25,21867.75,21860.0,21866.25,182.0
2025-06-17 15:30:00+00:00,21864.0,21871.0,21861.25,21864.25,151.0
2025-06-17 15:31:00+00:00,21861.5,21862.5,21851.25,21862.5,295.0
2025-06-17 15:32:00+00:00,21862.0,21865.25,21860.0,21860.25,251.0
2025-06-17 15:33:00+00:00,21864.0,21864.0,21859.75,21863.75,329.0
2025-06-17 15:34:00+00:00,21863.0,21865.5,21860.75,21861.75,323.0
2025-06-17 15:35:00+00:00,21863.75,21864.5,21855.0,21861.0,139.0
2025-06-17 15:36:00+00:00,21878.5,21881.25,21864.5,21865.25,381.0
2025-06-17 15:37:00+00:00,21877.0,21881.5,21872.75,21878.25,261.0
2025-06-17 15:38:00+00:00,21877.25,21881.25,21874.0,21877.0,369.0
2025-06-17 15:39:00+00:00,21867.5,21877.0,21864.75,21876.75,272.0
2025-06-17 15:40:00+00:00,21881.0,21882.0,21868.0,21868.0,199.0
2025-06-17 15:41:00+00:00,21880.5,21884.5,21879.5,21880.25,238.0
2025-06-17 15:42:00+00:00,21887.75,21889.25,21879.25,21881.0,149.0
2025-06-17 15:43:00+00:00,21887.5,21888.0,21884.0,21886.5,110.0
2025-06-17 15:44:00+00:00,21893.25,21893.75,21887.75,21888.25,159.0
2025-06-17 15:45:00+00:00,21889.5,21897.0,21889.5,21893.25,284.0
2025-06-17 15:46:00+00:00,21890.5,21894.0,21888.75,21890.0,125.0
2025-06-17 15:47:00+00:00,21885.0,21894.25,21884.75,21890.0,178.0
2025-06-17 15:48:00+00:00,21865.75,21886.0,21865.5,21886.0,329.0
2025-06-17 15:49:00+00:00,21875.25,21875.25,21860.75,21866.0,247.0
2025-06-17 15:50:00+00:00,21876.75,21882.5,21875.75,21877.5,253.0
2025-06-17 15:51:00+00:00,21889.75,21890.5,21878.25,21878.25,173.0
2025-06-17 15:52:00+00:00,21893.25,21894.75,21890.0,21890.0,168.0
2025-06-17 15:53:00+00:00,21890.5,21894.0,21889.5,21893.5,143.0
2025-06-17 15:54:00+00:00,21884.0,21890.0,21884.0,21890.0,152.0
2025-06-17 15:55:00+00:00,21874.0,21884.75,21871.5,21884.25,250.0
2025-06-17 15:56:00+00:00,21879.5,21881.0,21870.25,21874.0,145.0
2025-06-17 15:57:00+00:00,21878.0,21880.25,21874.5,21877.0,184.0
2025-06-17 15:58:00+00:00,21879.5,21881.0,21874.0,21878.0,101.0
2025-06-17 15:59:00+00:00,21872.0,21881.5,21872.0,21879.75,133.0
2025-06-17 16:00:00+00:00,21884.0,21885.5,21871.75,21874.75,169.0
2025-06-17 16:01:00+00:00,21888.25,21888.5,21881.5,21884.0,109.0
2025-06-17 16:02:00+00:00,21888.25,21893.0,21886.5,21889.75,153.0
2025-06-17 16:03:00+00:00,21895.0,21895.0,21888.0,21889.25,130.0
2025-06-17 16:04:00+00:00,21895.0,21900.0,21892.25,21895.75,226.0
2025-06-17 16:05:00+00:00,21889.75,21898.5,21887.75,21895.25,149.0
2025-06-17 16:06:00+00:00,21901.5,21902.0,21889.0,21890.5,241.0
2025-06-17 16:07:00+00:00,21899.25,21904.25,21899.0,21902.5,173.0
2025-06-17 16:08:00+00:00,21899.0,21902.25,21898.5,21900.25,155.0
2025-06-17 16:09:00+00:00,21884.75,21900.5,21865.75,21900.0,857.0
2025-06-17 16:10:00+00:00,21894.25,21898.25,21883.25,21884.25,253.0
2025-06-17 16:11:00+00:00,21903.25,21903.25,21892.5,21894.75,150.0
2025-06-17 16:12:00+00:00,21900.0,21904.25,21897.5,21904.0,149.0
2025-06-17 16:13:00+00:00,21897.5,21902.5,21896.25,21902.5,84.0
2025-06-17 16:14:00+00:00,21900.0,21901.75,21896.75,21896.75,73.0
2025-06-17 16:15:00+00:00,21897.75,21904.5,21897.75,21901.0,126.0
2025-06-17 16:16:00+00:00,21897.25,21897.75,21892.25,21897.0,120.0
2025-06-17 16:17:00+00:00,21902.25,21905.5,21898.75,21898.75,275.0
2025-06-17 16:18:00+00:00,21900.25,21904.0,21895.0,21902.75,215.0
2025-06-17 16:19:00+00:00,21897.75,21902.25,21897.25,21901.25,75.0
2025-06-17 16:20:00+00:00,21901.0,21905.75,21898.25,21900.0,183.0
2025-06-17 16:21:00+00:00,21896.5,21902.75,21890.0,21902.0,186.0
2025-06-17 16:22:00+00:00,21892.0,21899.25,21892.0,21896.5,102.0
2025-06-17 16:23:00+00:00,21887.5,21892.5,21887.0,21891.5,108.0
2025-06-17 16:24:00+00:00,21885.0,21891.25,21883.75,21886.75,116.0
2025-06-17 16:25:00+00:00,21888.75,21892.5,21883.5,21886.25,114.0
2025-06-17 16:26:00+00:00,21882.5,21890.75,21882.0,21890.75,93.0
2025-06-17 16:27:00+00:00,21886.0,21886.25,21880.75,21884.0,62.0
2025-06-17 16:28:00+00:00,21890.75,21891.0,21884.5,21886.0,156.0
2025-06-17 16:29:00+00:00,21883.75,21893.0,21883.75,21892.5,104.0
2025-06-17 16:30:00+00:00,21880.25,21887.75,21879.25,21882.0,85.0
2025-06-17 16:31:00+00:00,21886.0,21887.75,21876.0,21880.0,137.0
2025-06-17 16:32:00+00:00,21890.5,21891.5,21884.75,21885.75,124.0
2025-06-17 16:33:00+00:00,21894.5,21896.5,21888.0,21888.0,113.0
2025-06-17 16:34:00+00:00,21895.75,21896.25,21892.5,21893.5,93.0
2025-06-17 16:35:00+00:00,21900.25,21900.25,21893.5,21896.0,214.0
2025-06-17 16:36:00+00:00,21897.25,21900.5,21893.75,21900.0,299.0
2025-06-17 16:37:00+00:00,21890.75,21898.75,21889.75,21898.25,90.0
2025-06-17 16:38:00+00:00,21892.5,21896.0,21890.75,21891.25,105.0
2025-06-17 16:39:00+00:00,21886.0,21894.25,21886.0,21893.0,66.0
2025-06-17 16:40:00+00:00,21879.0,21886.0,21879.0,21885.5,78.0
2025-06-17 16:41:00+00:00,21872.5,21880.5,21871.25,21879.5,129.0
2025-06-17 16:42:00+00:00,21875.0,21876.25,21871.0,21873.0,142.0
2025-06-17 16:43:00+00:00,21878.75,21880.75,21868.75,21875.0,384.0
2025-06-17 16:44:00+00:00,21859.25,21878.5,21847.25,21878.5,503.0
2025-06-17 16:45:00+00:00,21863.0,21869.0,21852.5,21857.25,386.0
2025-06-17 16:46:00+00:00,21869.0,21871.75,21859.75,21862.0,193.0
2025-06-17 16:47:00+00:00,21861.5,21872.0,21859.5,21868.0,182.0
2025-06-17 16:48:00+00:00,21856.5,21861.75,21852.0,21861.5,179.0
2025-06-17 16:49:00+00:00,21845.5,21856.5,21826.75,21854.5,559.0
2025-06-17 16:50:00+00:00,21843.25,21852.5,21830.0,21845.5,540.0
2025-06-17 16:51:00+00:00,21848.0,21853.0,21839.5,21842.5,661.0
2025-06-17 16:52:00+00:00,21833.75,21849.0,21828.0,21847.0,264.0
2025-06-17 16:53:00+00:00,21827.0,21833.5,21824.75,21833.5,554.0
2025-06-17 16:54:00+00:00,21832.5,21838.5,21825.75,21826.0,201.0
2025-06-17 16:55:00+00:00,21821.0,21830.25,21817.25,21829.75,237.0
2025-06-17 16:56:00+00:00,21822.75,21828.25,21816.75,21818.25,184.0
2025-06-17 16:57:00+00:00,21817.0,21819.75,21813.0,21819.5,274.0
2025-06-17 16:58:00+00:00,21815.75,21819.75,21809.25,21815.75,370.0
2025-06-17 16:59:00+00:00,21812.0,21816.0,21801.25,21816.0,572.0
2025-06-17 17:00:00+00:00,21800.0,21809.75,21789.5,21809.5,371.0
2025-06-17 17:01:00+00:00,21795.25,21804.5,21788.0,21800.25,258.0
2025-06-17 17:02:00+00:00,21806.5,21807.25,21791.25,21796.25,147.0
2025-06-17 17:03:00+00:00,21817.0,21819.0,21804.0,21806.25,395.0
2025-06-17 17:04:00+00:00,21816.25,21822.75,21813.0,21818.25,237.0
2025-06-17 17:05:00+00:00,21799.0,21814.75,21797.0,21814.5,370.0
2025-06-17 17:06:00+00:00,21800.5,21803.25,21792.5,21798.5,305.0
2025-06-17 17:07:00+00:00,21809.5,21810.5,21794.75,21800.5,305.0
2025-06-17 17:08:00+00:00,21816.0,21818.0,21809.0,21809.0,247.0
2025-06-17 17:09:00+00:00,21820.75,21822.0,21810.75,21815.75,125.0
2025-06-17 17:10:00+00:00,21825.25,21829.75,21816.5,21820.0,218.0
2025-06-17 17:11:00+00:00,21824.0,21831.0,21819.75,21824.5,468.0
2025-06-17 17:12:00+00:00,21830.5,21831.25,21824.5,21824.5,159.0
2025-06-17 17:13:00+00:00,21823.75,21832.5,21823.5,21828.25,205.0
2025-06-17 17:14:00+00:00,21825.25,21830.25,21822.25,21823.75,268.0
2025-06-17 17:15:00+00:00,21825.5,21829.0,21825.5,21827.0,108.0
2025-06-17 17:16:00+00:00,21824.25,21827.75,21814.5,21825.0,210.0
2025-06-17 17:17:00+00:00,21823.75,21826.25,21819.0,21824.5,102.0
2025-06-17 17:18:00+00:00,21827.5,21829.5,21818.5,21823.5,158.0
2025-06-17 17:19:00+00:00,21819.0,21826.0,21817.75,21826.0,111.0
2025-06-17 17:20:00+00:00,21810.5,21812.25,21804.25,21812.25,211.0
2025-06-17 17:21:00+00:00,21803.75,21810.5,21796.0,21810.5,264.0
2025-06-17 17:22:00+00:00,21812.25,21812.25,21800.0,21802.75,200.0
2025-06-17 17:23:00+00:00,21808.25,21812.5,21805.75,21812.25,177.0
2025-06-17 17:24:00+00:00,21812.0,21821.75,21806.0,21807.25,333.0
2025-06-17 17:25:00+00:00,21805.0,21811.25,21798.5,21811.25,112.0
2025-06-17 17:26:00+00:00,21804.25,21813.0,21800.25,21807.0,90.0
2025-06-17 17:27:00+00:00,21802.5,21807.25,21801.25,21803.25,124.0
2025-06-17 17:28:00+00:00,21797.0,21803.25,21794.0,21802.5,141.0
2025-06-17 17:29:00+00:00,21790.0,21799.0,21790.0,21794.5,156.0
2025-06-17 17:30:00+00:00,21786.75,21793.0,21765.5,21788.75,610.0
2025-06-17 17:31:00+00:00,21800.75,21802.25,21786.0,21788.25,321.0
2025-06-17 17:32:00+00:00,21800.25,21803.0,21792.0,21800.0,159.0
2025-06-17 17:33:00+00:00,21808.5,21810.75,21797.75,21799.5,207.0
2025-06-17 17:34:00+00:00,21810.0,21812.75,21808.0,21810.25,114.0
2025-06-17 17:35:00+00:00,21817.5,21819.0,21809.0,21809.25,146.0
2025-06-17 17:36:00+00:00,21817.25,21818.25,21812.25,21818.25,130.0
2025-06-17 17:37:00+00:00,21820.25,21822.5,21816.75,21816.75,133.0
2025-06-17 17:38:00+00:00,21804.0,21824.25,21803.25,21821.5,359.0
2025-06-17 17:39:00+00:00,21799.5,21808.0,21793.0,21804.5,214.0
2025-06-17 17:40:00+00:00,21800.0,21802.5,21787.0,21797.0,183.0
2025-06-17 17:41:00+00:00,21805.0,21815.0,21799.75,21799.75,157.0
2025-06-17 17:42:00+00:00,21800.75,21807.5,21795.5,21804.5,227.0
2025-06-17 17:43:00+00:00,21792.25,21800.75,21792.25,21799.5,99.0
2025-06-17 17:44:00+00:00,21783.75,21795.75,21778.0,21792.0,233.0
2025-06-17 17:45:00+00:00,21782.75,21788.0,21774.25,21780.5,202.0
2025-06-17 17:46:00+00:00,21770.5,21781.25,21748.0,21781.25,490.0
2025-06-17 17:47:00+00:00,21754.0,21772.0,21750.0,21769.75,266.0
2025-06-17 17:48:00+00:00,21741.0,21755.0,21738.0,21752.25,281.0
2025-06-17 17:49:00+00:00,21741.5,21744.0,21721.5,21740.0,514.0
2025-06-17 17:50:00+00:00,21733.75,21742.5,21726.0,21738.75,208.0
2025-06-17 17:51:00+00:00,21729.0,21741.25,21718.5,21733.25,269.0
2025-06-17 17:52:00+00:00,21734.5,21743.0,21728.5,21728.5,174.0
2025-06-17 17:53:00+00:00,21752.5,21754.25,21734.75,21735.75,270.0
2025-06-17 17:54:00+00:00,21745.0,21750.5,21737.25,21750.5,179.0
2025-06-17 17:55:00+00:00,21751.0,21759.25,21748.25,21748.25,175.0
2025-06-17 17:56:00+00:00,21759.5,21761.25,21749.25,21749.75,151.0
2025-06-17 17:57:00+00:00,21755.0,21762.75,21753.25,21760.5,126.0
2025-06-17 17:58:00+00:00,21746.5,21758.5,21743.25,21756.25,168.0
2025-06-17 17:59:00+00:00,21738.0,21743.5,21736.5,21743.25,201.0
2025-06-17 18:00:00+00:00,21725.0,21736.5,21702.5,21736.5,469.0
2025-06-17 18:01:00+00:00,21723.5,21728.75,21710.0,21723.0,285.0
2025-06-17 18:02:00+00:00,21720.25,21729.0,21703.75,21718.0,278.0
2025-06-17 18:03:00+00:00,21714.0,21728.5,21709.5,21721.5,219.0
2025-06-17 18:04:00+00:00,21715.5,21715.75,21705.0,21713.75,161.0
2025-06-17 18:05:00+00:00,21732.25,21732.25,21717.0,21717.0,270.0
2025-06-17 18:06:00+00:00,21728.75,21737.25,21717.5,21730.75,205.0
2025-06-17 18:07:00+00:00,21743.0,21743.0,21727.0,21727.0,132.0
2025-06-17 18:08:00+00:00,21733.5,21742.5,21730.75,21740.75,123.0
2025-06-17 18:09:00+00:00,21740.0,21741.75,21730.0,21733.0,93.0
2025-06-17 18:10:00+00:00,21746.5,21750.75,21741.75,21743.75,175.0
2025-06-17 18:11:00+00:00,21747.5,21748.0,21741.5,21748.0,114.0
2025-06-17 18:12:00+00:00,21732.5,21748.25,21727.5,21746.75,258.0
2025-06-17 18:13:00+00:00,21744.5,21750.0,21734.75,21734.75,124.0
2025-06-17 18:14:00+00:00,21733.25,21744.75,21733.25,21744.25,79.0
2025-06-17 18:15:00+00:00,21721.75,21739.0,21718.5,21731.5,192.0
2025-06-17 18:16:00+00:00,21720.0,21731.5,21714.5,21722.5,196.0
2025-06-17 18:17:00+00:00,21736.0,21736.75,21716.5,21721.75,104.0
2025-06-17 18:18:00+00:00,21730.0,21733.25,21721.0,21733.25,132.0
2025-06-17 18:19:00+00:00,21727.25,21730.0,21719.0,21730.0,153.0
2025-06-17 18:20:00+00:00,21728.5,21729.75,21722.5,21726.0,103.0
2025-06-17 18:21:00+00:00,21723.75,21731.25,21722.5,21727.25,197.0
2025-06-17 18:22:00+00:00,21725.25,21729.75,21718.25,21722.75,117.0
2025-06-17 18:23:00+00:00,21721.25,21726.25,21718.0,21726.25,120.0
2025-06-17 18:24:00+00:00,21712.0,21723.75,21712.0,21721.25,114.0
2025-06-17 18:25:00+00:00,21711.5,21720.75,21705.0,21714.75,305.0
2025-06-17 18:26:00+00:00,21708.5,21715.5,21698.75,21714.0,405.0
2025-06-17 18:27:00+00:00,21704.5,21710.75,21698.75,21708.75,158.0
2025-06-17 18:28:00+00:00,21703.75,21711.75,21691.75,21706.75,208.0
2025-06-17 18:29:00+00:00,21712.0,21715.5,21700.5,21700.5,178.0
2025-06-17 18:30:00+00:00,21728.5,21731.25,21707.75,21709.5,300.0
2025-06-17 18:31:00+00:00,21728.0,21735.0,21722.75,21727.5,201.0
2025-06-17 18:32:00+00:00,21724.5,21729.75,21719.75,21729.0,124.0
2025-06-17 18:33:00+00:00,21723.25,21725.75,21720.5,21721.75,93.0
2025-06-17 18:34:00+00:00,21734.0,21738.25,21722.0,21722.5,192.0
2025-06-17 18:35:00+00:00,21735.75,21740.25,21732.0,21734.25,194.0
2025-06-17 18:36:00+00:00,21726.75,21736.0,21721.25,21735.5,294.0
2025-06-17 18:37:00+00:00,21724.5,21730.0,21717.25,21727.25,154.0
2025-06-17 18:38:00+00:00,21722.0,21734.25,21721.0,21725.0,213.0
2025-06-17 18:39:00+00:00,21715.75,21722.75,21708.25,21721.75,307.0
2025-06-17 18:40:00+00:00,21708.75,21719.0,21704.0,21715.25,246.0
2025-06-17 18:41:00+00:00,21705.5,21711.5,21701.0,21705.75,277.0
2025-06-17 18:42:00+00:00,21701.5,21706.75,21701.0,21705.25,136.0
2025-06-17 18:43:00+00:00,21702.5,21710.5,21698.0,21700.75,216.0
2025-06-17 18:44:00+00:00,21708.5,21711.5,21685.0,21702.0,496.0
2025-06-17 18:45:00+00:00,21720.0,21720.0,21706.0,21708.5,157.0
2025-06-17 18:46:00+00:00,21725.25,21726.0,21715.0,21717.5,264.0
2025-06-17 18:47:00+00:00,21713.25,21728.5,21711.0,21724.5,280.0
2025-06-17 18:48:00+00:00,21717.0,21717.75,21709.0,21713.25,94.0
2025-06-17 18:49:00+00:00,21716.25,21722.5,21714.75,21714.75,105.0
2025-06-17 18:50:00+00:00,21723.25,21726.75,21715.0,21716.75,119.0
2025-06-17 18:51:00+00:00,21715.5,21725.75,21714.25,21722.25,91.0
2025-06-17 18:52:00+00:00,21713.0,21718.0,21711.25,21716.0,54.0
2025-06-17 18:53:00+00:00,21719.0,21719.0,21710.0,21712.5,111.0
2025-06-17 18:54:00+00:00,21730.0,21731.5,21716.5,21718.5,109.0
2025-06-17 18:55:00+00:00,21736.75,21737.5,21728.25,21730.25,182.0
2025-06-17 18:56:00+00:00,21736.75,21740.25,21734.75,21736.5,485.0
2025-06-17 18:57:00+00:00,21743.5,21744.25,21732.5,21736.75,280.0
2025-06-17 18:58:00+00:00,21749.5,21749.5,21741.5,21743.0,262.0
2025-06-17 18:59:00+00:00,21751.5,21753.5,21746.25,21748.0,156.0
2025-06-17 19:00:00+00:00,21748.0,21756.75,21744.5,21752.25,231.0
2025-06-17 19:01:00+00:00,21741.75,21748.5,21740.5,21747.0,96.0
2025-06-17 19:02:00+00:00,21747.25,21753.0,21739.75,21742.25,109.0
2025-06-17 19:03:00+00:00,21734.75,21749.5,21732.75,21749.0,202.0
2025-06-17 19:04:00+00:00,21731.0,21735.75,21727.5,21733.75,183.0
2025-06-17 19:05:00+00:00,21728.25,21730.75,21720.5,21730.75,188.0
2025-06-17 19:06:00+00:00,21729.25,21731.5,21725.75,21726.25,127.0
2025-06-17 19:07:00+00:00,21734.5,21736.0,21728.0,21730.75,103.0
2025-06-17 19:08:00+00:00,21735.0,21737.0,21730.0,21735.25,123.0
2025-06-17 19:09:00+00:00,21736.0,21737.5,21733.5,21733.75,61.0
2025-06-17 19:10:00+00:00,21730.5,21742.25,21727.75,21738.25,132.0
2025-06-17 19:11:00+00:00,21745.0,21748.75,21732.75,21733.75,213.0
2025-06-17 19:12:00+00:00,21748.25,21752.0,21744.0,21744.0,69.0
2025-06-17 19:13:00+00:00,21742.5,21748.25,21741.5,21748.0,84.0
2025-06-17 19:14:00+00:00,21742.25,21746.25,21741.75,21742.5,80.0
2025-06-17 19:15:00+00:00,21748.75,21749.5,21742.5,21742.5,84.0
2025-06-17 19:16:00+00:00,21748.75,21750.25,21744.75,21750.0,65.0
2025-06-17 19:17:00+00:00,21736.0,21750.0,21734.25,21748.75,175.0
2025-06-17 19:18:00+00:00,21737.5,21741.25,21735.5,21735.75,126.0
2025-06-17 19:19:00+00:00,21738.5,21741.5,21736.5,21736.5,61.0
2025-06-17 19:20:00+00:00,21754.5,21756.5,21739.75,21740.25,162.0
2025-06-17 19:21:00+00:00,21756.25,21760.75,21753.25,21755.0,216.0
2025-06-17 19:22:00+00:00,21761.25,21764.25,21755.0,21755.5,114.0
2025-06-17 19:23:00+00:00,21757.5,21763.0,21757.0,21762.25,208.0
2025-06-17 19:24:00+00:00,21758.0,21761.0,21754.25,21757.5,119.0
2025-06-17 19:25:00+00:00,21760.75,21763.5,21757.5,21758.25,114.0
2025-06-17 19:26:00+00:00,21759.0,21762.25,21753.5,21760.75,151.0
2025-06-17 19:27:00+00:00,21755.75,21760.25,21753.75,21759.75,130.0
2025-06-17 19:28:00+00:00,21757.25,21759.0,21753.0,21759.0,130.0
2025-06-17 19:29:00+00:00,21764.0,21764.0,21757.25,21758.75,223.0
2025-06-17 19:30:00+00:00,21760.75,21768.5,21760.0,21762.0,146.0
2025-06-17 19:31:00+00:00,21751.25,21762.5,21747.0,21761.75,228.0
2025-06-17 19:32:00+00:00,21757.25,21761.5,21751.75,21752.25,109.0
2025-06-17 19:33:00+00:00,21756.5,21760.0,21753.75,21756.5,109.0
2025-06-17 19:34:00+00:00,21758.5,21760.5,21754.0,21758.25,82.0
2025-06-17 19:35:00+00:00,21762.25,21765.0,21760.5,21761.0,88.0
2025-06-17 19:36:00+00:00,21762.25,21765.25,21759.0,21763.5,143.0
2025-06-17 19:37:00+00:00,21765.0,21767.25,21761.75,21762.5,238.0
2025-06-17 19:38:00+00:00,21761.25,21767.5,21757.75,21765.75,86.0
2025-06-17 19:39:00+00:00,21748.5,21762.5,21747.0,21762.5,204.0
2025-06-17 19:40:00+00:00,21748.0,21753.0,21744.5,21748.0,224.0
2025-06-17 19:41:00+00:00,21748.5,21751.5,21736.0,21747.25,191.0
2025-06-17 19:42:00+00:00,21742.5,21749.5,21741.25,21749.5,109.0
2025-06-17 19:43:00+00:00,21748.0,21753.5,21742.25,21743.0,225.0
2025-06-17 19:44:00+00:00,21751.5,21754.5,21744.0,21747.5,105.0
2025-06-17 19:45:00+00:00,21760.25,21763.0,21749.75,21752.0,227.0
2025-06-17 19:46:00+00:00,21753.75,21763.0,21751.75,21758.75,152.0
2025-06-17 19:47:00+00:00,21756.5,21760.75,21750.25,21752.25,121.0
2025-06-17 19:48:00+00:00,21760.0,21760.0,21753.75,21756.0,111.0
2025-06-17 19:49:00+00:00,21764.0,21764.0,21754.75,21759.5,82.0
2025-06-17 19:50:00+00:00,21760.25,21779.5,21749.5,21761.25,297.0
2025-06-17 19:51:00+00:00,21752.75,21758.75,21748.75,21755.5,149.0
2025-06-17 19:52:00+00:00,21746.75,21754.0,21746.5,21750.25,110.0
2025-06-17 19:53:00+00:00,21749.75,21752.75,21742.5,21744.0,128.0
2025-06-17 19:54:00+00:00,21750.0,21750.5,21739.0,21748.0,255.0
2025-06-17 19:55:00+00:00,21742.5,21748.0,21720.75,21748.0,450.0
2025-06-17 19:56:00+00:00,21741.75,21746.75,21738.25,21744.5,231.0
2025-06-17 19:57:00+00:00,21734.75,21746.25,21727.0,21744.0,390.0
2025-06-17 19:58:00+00:00,21729.25,21737.25,21728.25,21734.5,592.0
2025-06-17 19:59:00+00:00,21730.25,21737.0,21721.5,21729.25,2788.0
2025-06-17 20:00:00+00:00,21748.75,21749.25,21723.0,21730.25,1667.0
2025-06-17 20:01:00+00:00,21744.5,21758.0,21737.0,21749.0,578.0
2025-06-17 20:02:00+00:00,21740.25,21751.5,21738.5,21745.0,188.0
2025-06-17 20:03:00+00:00,21737.0,21740.75,21736.5,21740.5,135.0
2025-06-17 20:04:00+00:00,21733.5,21738.0,21730.0,21736.75,93.0
2025-06-17 20:05:00+00:00,21735.75,21738.0,21732.25,21735.25,131.0
2025-06-17 20:06:00+00:00,21734.5,21736.5,21731.75,21735.75,200.0
2025-06-17 20:07:00+00:00,21736.0,21739.75,21734.75,21737.75,149.0
2025-06-17 20:08:00+00:00,21735.0,21736.75,21731.5,21736.25,111.0
2025-06-17 20:09:00+00:00,21736.5,21739.25,21735.25,21735.75,69.0
2025-06-17 20:10:00+00:00,21738.0,21738.25,21736.25,21736.25,88.0
2025-06-17 20:11:00+00:00,21736.0,21739.25,21735.5,21738.25,34.0
2025-06-17 20:12:00+00:00,21722.0,21735.25,21718.0,21735.25,159.0
2025-06-17 20:13:00+00:00,21725.0,21726.75,21720.5,21723.25,83.0
2025-06-17 20:14:00+00:00,21729.0,21730.25,21725.25,21726.0,54.0
2025-06-17 20:15:00+00:00,21726.0,21728.5,21725.75,21728.25,28.0
2025-06-17 20:16:00+00:00,21723.75,21725.75,21722.75,21725.0,29.0
2025-06-17 20:17:00+00:00,21721.75,21724.0,21721.25,21722.0,106.0
2025-06-17 20:18:00+00:00,21713.25,21721.5,21713.25,21721.5,80.0
2025-06-17 20:19:00+00:00,21714.75,21719.0,21712.25,21713.0,57.0
2025-06-17 20:20:00+00:00,21714.25,21714.25,21714.25,21714.25,1.0
2025-06-17 20:21:00+00:00,21722.75,21724.0,21722.75,21723.0,78.0
2025-06-17 20:22:00+00:00,21721.0,21721.0,21720.5,21721.0,17.0
2025-06-17 20:23:00+00:00,21722.75,21724.0,21722.0,21722.25,48.0
2025-06-17 20:24:00+00:00,21726.0,21726.25,21721.75,21723.0,56.0
2025-06-17 20:25:00+00:00,21726.0,21733.0,21725.0,21726.25,91.0
2025-06-17 20:26:00+00:00,21728.75,21730.0,21725.75,21725.75,66.0
2025-06-17 20:27:00+00:00,21727.25,21730.0,21727.25,21729.5,29.0
2025-06-17 20:28:00+00:00,21725.0,21728.0,21725.0,21726.75,34.0
2025-06-17 20:29:00+00:00,21725.25,21725.5,21722.25,21724.75,52.0
2025-06-17 20:30:00+00:00,21733.25,21733.25,21723.5,21725.0,64.0
2025-06-17 20:31:00+00:00,21734.0,21734.0,21732.25,21732.25,4.0
2025-06-17 20:32:00+00:00,21733.5,21733.5,21731.75,21733.0,26.0
2025-06-17 20:33:00+00:00,21734.75,21734.75,21733.25,21733.5,6.0
2025-06-17 20:34:00+00:00,21732.75,21733.75,21732.0,21733.75,7.0
2025-06-17 20:35:00+00:00,21732.75,21733.75,21731.25,21732.5,14.0
2025-06-17 20:36:00+00:00,21730.0,21731.5,21728.25,21731.5,15.0
2025-06-17 20:37:00+00:00,21729.5,21733.5,21729.5,21733.25,11.0
2025-06-17 20:38:00+00:00,21732.0,21733.0,21730.5,21730.75,18.0
2025-06-17 20:40:00+00:00,21732.0,21732.0,21730.0,21730.0,3.0
2025-06-17 20:41:00+00:00,21733.75,21735.0,21732.25,21735.0,30.0
2025-06-17 20:42:00+00:00,21735.0,21735.25,21732.75,21733.0,10.0
2025-06-17 20:43:00+00:00,21737.0,21737.0,21734.75,21734.75,20.0
2025-06-17 20:44:00+00:00,21735.0,21736.0,21734.75,21734.75,8.0
2025-06-17 20:45:00+00:00,21734.25,21741.25,21734.25,21738.0,29.0
2025-06-17 20:46:00+00:00,21731.75,21734.0,21728.5,21732.0,33.0
2025-06-17 20:47:00+00:00,21731.75,21733.75,21731.25,21731.75,9.0
2025-06-17 20:48:00+00:00,21721.5,21732.0,21721.5,21732.0,24.0
2025-06-17 20:49:00+00:00,21720.25,21721.25,21717.75,21721.25,54.0
2025-06-17 20:50:00+00:00,21721.25,21721.25,21719.5,21719.75,15.0
2025-06-17 20:51:00+00:00,21717.5,21718.0,21717.5,21717.5,5.0
2025-06-17 20:52:00+00:00,21714.0,21718.5,21714.0,21718.5,7.0
2025-06-17 20:53:00+00:00,21716.25,21716.25,21714.75,21716.0,4.0
2025-06-17 20:54:00+00:00,21719.25,21719.25,21704.25,21719.0,136.0
2025-06-17 20:55:00+00:00,21721.25,21721.5,21718.25,21718.25,7.0
2025-06-17 20:56:00+00:00,21733.25,21737.5,21720.0,21720.0,122.0
2025-06-17 20:57:00+00:00,21724.0,21732.0,21718.0,21732.0,68.0
2025-06-17 20:58:00+00:00,21730.75,21730.75,21723.75,21726.0,34.0
2025-06-17 20:59:00+00:00,21722.5,21725.0,21722.5,21725.0,26.0
2025-06-17 22:00:00+00:00,21710.0,21712.5,21694.5,21705.0,0.0
2025-06-17 22:01:00+00:00,21698.5,21712.0,21698.5,21712.0,48.0
2025-06-17 22:02:00+00:00,21688.5,21700.25,21688.0,21698.5,38.0
2025-06-17 22:03:00+00:00,21670.5,21689.5,21670.5,21689.25,55.0
2025-06-17 22:04:00+00:00,21680.75,21686.75,21672.5,21674.25,60.0
2025-06-17 22:05:00+00:00,21686.75,21686.75,21684.5,21684.5,9.0
2025-06-17 22:06:00+00:00,21684.25,21689.25,21684.25,21688.5,14.0
2025-06-17 22:07:00+00:00,21689.75,21689.75,21684.75,21684.75,13.0
2025-06-17 22:08:00+00:00,21698.75,21700.0,21683.25,21690.0,65.0
2025-06-17 22:09:00+00:00,21702.5,21704.5,21698.5,21700.25,42.0
2025-06-17 22:10:00+00:00,21694.5,21698.5,21694.5,21698.5,9.0
2025-06-17 22:11:00+00:00,21690.5,21692.5,21690.0,21690.0,8.0
2025-06-17 22:13:00+00:00,21688.5,21690.25,21688.5,21690.25,11.0
2025-06-17 22:14:00+00:00,21696.75,21696.75,21690.5,21690.5,7.0
2025-06-17 22:15:00+00:00,21694.5,21694.5,21690.5,21692.75,4.0
2025-06-17 22:16:00+00:00,21682.25,21690.25,21682.25,21690.25,35.0
2025-06-17 22:17:00+00:00,21684.5,21684.5,21680.25,21680.75,12.0
2025-06-17 22:18:00+00:00,21682.5,21687.75,21682.5,21686.25,3.0
2025-06-17 22:19:00+00:00,21687.25,21687.25,21680.25,21680.25,19.0
2025-06-17 22:20:00+00:00,21685.75,21685.75,21685.75,21685.75,1.0
2025-06-17 22:21:00+00:00,21685.0,21686.5,21685.0,21686.5,3.0
2025-06-17 22:22:00+00:00,21686.0,21687.25,21685.75,21686.5,16.0
2025-06-17 22:23:00+00:00,21684.5,21685.0,21684.0,21685.0,8.0
2025-06-17 22:24:00+00:00,21679.5,21682.5,21675.75,21682.5,27.0
2025-06-17 22:25:00+00:00,21686.0,21686.0,21679.25,21679.5,22.0
2025-06-17 22:26:00+00:00,21687.25,21687.25,21687.25,21687.25,6.0
2025-06-17 22:27:00+00:00,21684.5,21689.25,21684.5,21685.25,24.0
2025-06-17 22:28:00+00:00,21676.75,21682.75,21676.75,21682.75,8.0
2025-06-17 22:30:00+00:00,21669.0,21683.0,21668.75,21680.75,35.0
2025-06-17 22:31:00+00:00,21668.25,21668.25,21661.75,21667.75,50.0
2025-06-17 22:32:00+00:00,21674.0,21674.0,21672.75,21673.25,12.0
2025-06-17 22:33:00+00:00,21675.0,21675.0,21673.0,21673.0,10.0
2025-06-17 22:34:00+00:00,21678.0,21678.5,21677.25,21677.25,5.0
2025-06-17 22:36:00+00:00,21673.5,21675.5,21673.5,21675.5,9.0
2025-06-17 22:37:00+00:00,21672.25,21674.75,21670.0,21674.75,7.0
2025-06-17 22:38:00+00:00,21669.5,21670.0,21669.5,21670.0,2.0
2025-06-17 22:39:00+00:00,21668.75,21669.25,21666.25,21669.25,8.0
2025-06-17 22:40:00+00:00,21665.0,21667.75,21665.0,21667.75,26.0
2025-06-17 22:41:00+00:00,21659.75,21664.25,21659.75,21663.75,20.0
2025-06-17 22:42:00+00:00,21659.75,21662.75,21653.75,21660.75,23.0
2025-06-17 22:43:00+00:00,21666.5,21666.5,21660.25,21660.5,12.0
2025-06-17 22:44:00+00:00,21667.5,21670.75,21657.75,21668.75,61.0
2025-06-17 22:45:00+00:00,21664.0,21664.0,21659.0,21662.0,35.0
2025-06-17 22:46:00+00:00,21663.0,21664.25,21661.75,21661.75,16.0
2025-06-17 22:47:00+00:00,21659.0,21661.25,21659.0,21661.25,6.0
2025-06-17 22:48:00+00:00,21658.0,21658.5,21650.0,21653.0,31.0
2025-06-17 22:49:00+00:00,21661.25,21664.25,21657.75,21657.75,35.0
2025-06-17 22:50:00+00:00,21662.25,21665.0,21662.0,21664.0,18.0
2025-06-17 22:51:00+00:00,21658.25,21661.75,21656.0,21661.75,26.0
2025-06-17 22:52:00+00:00,21658.75,21658.75,21658.5,21658.5,7.0
2025-06-17 22:53:00+00:00,21662.25,21662.75,21659.0,21659.5,21.0
2025-06-17 22:54:00+00:00,21663.75,21664.25,21662.25,21663.0,7.0
2025-06-17 22:55:00+00:00,21662.0,21664.0,21662.0,21664.0,3.0
2025-06-17 22:56:00+00:00,21662.0,21662.75,21660.25,21662.75,9.0
2025-06-17 22:57:00+00:00,21652.75,21661.75,21651.0,21661.75,39.0
2025-06-17 22:58:00+00:00,21647.0,21653.25,21641.0,21653.0,93.0
2025-06-17 22:59:00+00:00,21648.75,21649.25,21643.25,21646.0,23.0
2025-06-17 23:00:00+00:00,21655.25,21656.0,21649.0,21650.0,39.0
2025-06-17 23:01:00+00:00,21646.75,21653.5,21640.5,21653.5,47.0
2025-06-17 23:02:00+00:00,21643.25,21648.0,21641.5,21648.0,14.0
2025-06-17 23:03:00+00:00,21652.75,21653.25,21643.75,21643.75,33.0
2025-06-17 23:04:00+00:00,21657.0,21657.0,21649.25,21651.0,38.0
2025-06-17 23:05:00+00:00,21674.25,21677.5,21656.0,21656.0,96.0
2025-06-17 23:06:00+00:00,21664.25,21674.25,21662.75,21673.25,26.0
2025-06-17 23:07:00+00:00,21662.75,21667.75,21662.75,21665.5,33.0
2025-06-17 23:08:00+00:00,21657.25,21658.0,21657.25,21658.0,2.0
2025-06-17 23:09:00+00:00,21664.5,21664.75,21656.0,21656.75,14.0
2025-06-17 23:10:00+00:00,21653.75,21663.25,21652.25,21663.25,23.0
2025-06-17 23:11:00+00:00,21647.5,21653.25,21645.0,21652.5,57.0
2025-06-17 23:12:00+00:00,21646.0,21650.25,21646.0,21649.75,18.0
2025-06-17 23:13:00+00:00,21649.75,21649.75,21645.25,21645.25,23.0
2025-06-17 23:14:00+00:00,21652.25,21654.25,21648.25,21649.25,13.0
2025-06-17 23:15:00+00:00,21656.75,21658.0,21652.75,21652.75,15.0
2025-06-17 23:16:00+00:00,21657.0,21657.0,21652.25,21655.75,12.0
2025-06-17 23:17:00+00:00,21668.75,21670.0,21657.5,21658.0,43.0
2025-06-17 23:18:00+00:00,21672.0,21672.25,21668.25,21668.25,43.0
2025-06-17 23:19:00+00:00,21669.5,21674.0,21669.5,21672.5,19.0
2025-06-17 23:20:00+00:00,21670.25,21670.5,21670.25,21670.25,3.0
2025-06-17 23:21:00+00:00,21664.25,21669.5,21664.25,21668.5,8.0
2025-06-17 23:22:00+00:00,21661.5,21665.0,21661.5,21664.25,8.0
2025-06-17 23:23:00+00:00,21662.25,21662.25,21662.25,21662.25,1.0
2025-06-17 23:24:00+00:00,21665.75,21666.0,21663.0,21665.25,15.0
2025-06-17 23:25:00+00:00,21673.0,21673.0,21665.5,21665.5,8.0
2025-06-17 23:26:00+00:00,21674.75,21677.25,21671.25,21673.0,12.0
2025-06-17 23:27:00+00:00,21665.5,21675.75,21665.5,21675.75,17.0
2025-06-17 23:29:00+00:00,21671.25,21671.25,21671.25,21671.25,1.0
2025-06-17 23:34:00+00:00,21672.25,21672.25,21672.25,21672.25,0.0
2025-06-17 23:44:00+00:00,21688.0,21688.0,21687.5,21687.5,2235.0
2025-06-17 23:56:00+00:00,21671.75,21671.75,21671.75,21671.75,894.0
2025-06-18 00:00:00+00:00,21686.5,21689.25,21679.25,21683.75,273.0
2025-06-18 00:01:00+00:00,21698.5,21707.0,21684.75,21688.25,76.0
2025-06-18 00:02:00+00:00,21697.0,21702.0,21690.0,21697.0,60.0
2025-06-18 00:03:00+00:00,21704.5,21708.0,21691.0,21696.25,46.0
2025-06-18 00:04:00+00:00,21698.5,21706.0,21695.75,21706.0,7.0
2025-06-18 00:05:00+00:00,21689.75,21691.0,21689.0,21689.75,23.0
2025-06-18 00:07:00+00:00,21714.75,21740.5,21706.0,21706.0,201.0
2025-06-18 00:08:00+00:00,21722.0,21725.0,21709.25,21719.25,129.0
2025-06-18 00:09:00+00:00,21715.75,21719.5,21710.0,21718.0,32.0
2025-06-18 00:10:00+00:00,21709.25,21710.0,21709.25,21710.0,8.0
2025-06-18 00:11:00+00:00,21711.0,21712.5,21709.25,21712.0,37.0
2025-06-18 00:12:00+00:00,21714.75,21714.75,21712.0,21712.0,5.0
2025-06-18 00:13:00+00:00,21727.5,21731.5,21717.0,21717.0,39.0
2025-06-18 00:14:00+00:00,21734.75,21742.0,21730.0,21730.0,48.0
2025-06-18 00:15:00+00:00,21741.75,21746.75,21725.75,21739.0,86.0
2025-06-18 00:16:00+00:00,21735.75,21739.75,21731.5,21739.75,39.0
2025-06-18 00:17:00+00:00,21737.75,21742.0,21731.75,21731.75,35.0
2025-06-18 00:18:00+00:00,21737.25,21737.5,21726.75,21734.5,41.0
2025-06-18 00:19:00+00:00,21733.5,21738.0,21731.25,21738.0,48.0
2025-06-18 00:20:00+00:00,21737.75,21737.75,21735.5,21735.5,8.0
2025-06-18 00:21:00+00:00,21745.5,21748.0,21737.75,21737.75,40.0
2025-06-18 00:22:00+00:00,21746.0,21746.0,21740.5,21744.25,16.0
2025-06-18 00:23:00+00:00,21737.0,21742.0,21737.0,21740.5,21.0
2025-06-18 00:24:00+00:00,21742.75,21742.75,21737.25,21737.25,5.0
2025-06-18 00:25:00+00:00,21745.0,21745.0,21745.0,21745.0,7.0
2025-06-18 00:26:00+00:00,21731.25,21746.25,21731.25,21746.25,39.0
2025-06-18 00:27:00+00:00,21728.0,21732.5,21727.25,21730.25,13.0
2025-06-18 00:28:00+00:00,21732.0,21733.75,21726.5,21726.5,18.0
2025-06-18 00:29:00+00:00,21730.25,21730.25,21728.5,21728.5,7.0
2025-06-18 00:30:00+00:00,21729.0,21732.75,21729.0,21732.75,6.0
2025-06-18 00:31:00+00:00,21733.25,21734.75,21732.5,21732.5,20.0
2025-06-18 00:32:00+00:00,21738.75,21738.75,21734.75,21734.75,28.0
2025-06-18 00:33:00+00:00,21739.25,21739.5,21739.0,21739.25,11.0
2025-06-18 00:34:00+00:00,21735.75,21736.75,21731.25,21733.75,12.0
2025-06-18 00:35:00+00:00,21740.25,21742.0,21735.25,21735.25,51.0
2025-06-18 00:36:00+00:00,21753.5,21754.25,21741.5,21741.5,70.0
2025-06-18 00:37:00+00:00,21758.75,21761.75,21752.75,21753.0,115.0
2025-06-18 00:38:00+00:00,21757.25,21761.0,21755.25,21759.75,40.0
2025-06-18 00:39:00+00:00,21756.75,21760.5,21756.25,21756.25,56.0
2025-06-18 00:40:00+00:00,21759.75,21759.75,21757.0,21758.5,28.0
2025-06-18 00:41:00+00:00,21759.0,21759.75,21756.0,21759.75,21.0
2025-06-18 00:42:00+00:00,21758.75,21758.75,21756.0,21756.25,42.0
2025-06-18 00:43:00+00:00,21753.5,21756.5,21751.75,21756.5,21.0
2025-06-18 00:44:00+00:00,21754.5,21754.5,21750.5,21751.5,24.0
2025-06-18 00:45:00+00:00,21752.75,21754.5,21752.75,21754.5,5.0
2025-06-18 00:46:00+00:00,21737.75,21752.0,21735.25,21752.0,60.0
2025-06-18 00:47:00+00:00,21732.75,21734.75,21731.5,21734.5,33.0
2025-06-18 00:48:00+00:00,21737.25,21745.5,21736.75,21739.5,44.0
2025-06-18 00:49:00+00:00,21741.75,21746.75,21738.5,21738.5,53.0
2025-06-18 00:50:00+00:00,21740.5,21742.5,21739.25,21742.5,37.0
2025-06-18 00:51:00+00:00,21736.25,21738.0,21736.25,21738.0,3.0
2025-06-18 00:52:00+00:00,21750.25,21751.0,21739.0,21739.0,32.0
2025-06-18 00:53:00+00:00,21738.5,21748.75,21738.5,21748.75,39.0
2025-06-18 00:54:00+00:00,21744.75,21747.75,21743.0,21743.0,13.0
2025-06-18 00:55:00+00:00,21745.75,21746.75,21738.25,21745.75,38.0
2025-06-18 00:56:00+00:00,21749.0,21755.25,21747.25,21747.25,36.0
2025-06-18 00:57:00+00:00,21749.0,21751.5,21748.75,21751.5,6.0
2025-06-18 00:58:00+00:00,21751.25,21753.0,21747.5,21749.75,74.0
2025-06-18 00:59:00+00:00,21751.5,21755.75,21751.25,21751.5,81.0
2025-06-18 01:00:00+00:00,21755.5,21756.75,21755.25,21755.25,17.0
2025-06-18 01:01:00+00:00,21763.75,21766.25,21758.0,21758.0,42.0
2025-06-18 01:02:00+00:00,21774.25,21778.0,21761.75,21762.75,374.0
2025-06-18 01:03:00+00:00,21776.75,21779.5,21774.0,21774.5,59.0
2025-06-18 01:04:00+00:00,21781.25,21783.25,21777.25,21778.0,72.0
2025-06-18 01:05:00+00:00,21785.0,21785.25,21779.0,21780.5,48.0
2025-06-18 01:06:00+00:00,21776.25,21783.75,21776.25,21783.75,33.0
2025-06-18 01:07:00+00:00,21777.25,21779.75,21776.5,21778.75,11.0
2025-06-18 01:08:00+00:00,21776.5,21778.5,21776.5,21778.25,16.0
2025-06-18 01:09:00+00:00,21775.0,21776.25,21772.75,21775.5,14.0
2025-06-18 01:10:00+00:00,21775.75,21777.75,21774.25,21776.25,20.0
2025-06-18 01:11:00+00:00,21780.0,21781.75,21774.0,21775.75,52.0
2025-06-18 01:12:00+00:00,21770.75,21782.75,21770.75,21782.75,33.0
2025-06-18 01:13:00+00:00,21766.5,21770.75,21764.25,21770.25,59.0
2025-06-18 01:14:00+00:00,21758.25,21763.75,21756.5,21763.75,47.0
2025-06-18 01:15:00+00:00,21758.25,21758.25,21757.5,21757.75,74.0
2025-06-18 01:16:00+00:00,21758.5,21762.0,21757.5,21757.5,20.0
2025-06-18 01:17:00+00:00,21760.0,21760.5,21759.0,21759.5,11.0
2025-06-18 01:18:00+00:00,21763.5,21763.75,21760.25,21760.25,33.0
2025-06-18 01:19:00+00:00,21759.75,21761.75,21759.75,21760.75,9.0
2025-06-18 01:20:00+00:00,21760.0,21763.0,21759.25,21761.5,29.0
2025-06-18 01:21:00+00:00,21762.75,21762.75,21761.25,21761.25,7.0
2025-06-18 01:22:00+00:00,21763.5,21763.5,21763.5,21763.5,5.0
2025-06-18 01:23:00+00:00,21762.75,21763.5,21762.25,21763.5,7.0
2025-06-18 01:24:00+00:00,21754.0,21761.25,21754.0,21761.25,18.0
2025-06-18 01:25:00+00:00,21754.25,21754.75,21751.0,21752.0,16.0
2025-06-18 01:26:00+00:00,21750.25,21754.25,21749.0,21754.25,16.0
2025-06-18 01:27:00+00:00,21754.25,21754.75,21748.75,21749.0,16.0
2025-06-18 01:28:00+00:00,21751.25,21752.75,21751.25,21752.75,2.0
2025-06-18 01:29:00+00:00,21751.75,21751.75,21751.75,21751.75,2.0
2025-06-18 01:30:00+00:00,21757.5,21758.25,21751.75,21751.75,100.0
2025-06-18 01:31:00+00:00,21760.0,21760.0,21757.75,21757.75,18.0
2025-06-18 01:32:00+00:00,21760.5,21762.0,21760.5,21762.0,8.0
2025-06-18 01:33:00+00:00,21759.25,21759.25,21759.25,21759.25,1.0
2025-06-18 01:34:00+00:00,21761.75,21761.75,21757.25,21757.25,5.0
2025-06-18 01:35:00+00:00,21765.0,21765.0,21763.25,21764.0,7.0
2025-06-18 01:36:00+00:00,21772.25,21775.0,21765.25,21765.25,42.0
2025-06-18 01:37:00+00:00,21766.25,21766.25,21766.25,21766.25,8.0
2025-06-18 01:38:00+00:00,21767.25,21767.25,21766.5,21766.5,5.0
2025-06-18 01:39:00+00:00,21768.25,21768.25,21765.75,21765.75,4.0
2025-06-18 01:40:00+00:00,21767.75,21770.25,21767.75,21769.5,14.0
2025-06-18 01:41:00+00:00,21760.25,21764.25,21758.75,21764.25,32.0
2025-06-18 01:42:00+00:00,21759.75,21763.0,21759.5,21759.5,16.0
2025-06-18 01:43:00+00:00,21759.25,21759.5,21757.25,21758.0,6.0
2025-06-18 01:44:00+00:00,21761.5,21761.5,21757.0,21759.75,31.0
2025-06-18 01:45:00+00:00,21758.75,21761.25,21757.0,21761.0,13.0
2025-06-18 01:46:00+00:00,21757.25,21758.25,21755.0,21755.5,18.0
2025-06-18 01:47:00+00:00,21755.0,21755.75,21754.75,21754.75,13.0
2025-06-18 01:48:00+00:00,21755.75,21756.75,21754.0,21755.25,29.0
2025-06-18 01:49:00+00:00,21750.5,21752.5,21749.25,21751.0,19.0
2025-06-18 01:50:00+00:00,21749.75,21753.25,21749.75,21752.0,24.0
2025-06-18 01:51:00+00:00,21750.5,21751.0,21749.5,21749.5,11.0
2025-06-18 01:52:00+00:00,21740.25,21749.0,21740.25,21749.0,27.0
2025-06-18 01:53:00+00:00,21745.0,21745.25,21738.75,21738.75,11.0
2025-06-18 01:54:00+00:00,21743.25,21744.75,21743.25,21744.25,15.0
2025-06-18 01:55:00+00:00,21747.0,21747.0,21742.5,21742.5,9.0
2025-06-18 01:56:00+00:00,21747.25,21747.25,21746.0,21746.0,4.0
2025-06-18 02:00:00+00:00,21748.25,21748.75,21748.25,21748.25,5.0
2025-06-18 02:01:00+00:00,21747.75,21747.75,21747.75,21747.75,5.0
2025-06-18 02:02:00+00:00,21749.0,21749.0,21749.0,21749.0,4.0
2025-06-18 02:04:00+00:00,21749.75,21749.75,21749.0,21749.0,9.0
2025-06-18 02:05:00+00:00,21741.75,21745.5,21741.75,21745.0,10.0
2025-06-18 02:06:00+00:00,21740.5,21743.75,21740.5,21742.75,14.0
2025-06-18 02:07:00+00:00,21745.25,21745.25,21743.25,21743.25,7.0
2025-06-18 02:08:00+00:00,21749.25,21749.5,21748.0,21748.0,11.0
2025-06-18 02:09:00+00:00,21749.25,21749.25,21747.75,21747.75,8.0
2025-06-18 02:10:00+00:00,21750.0,21750.5,21746.75,21749.5,22.0
2025-06-18 02:11:00+00:00,21748.75,21752.75,21748.25,21751.0,17.0
2025-06-18 02:12:00+00:00,21748.75,21749.25,21746.0,21746.0,19.0
2025-06-18 02:13:00+00:00,21748.5,21749.25,21748.5,21749.0,7.0
2025-06-18 02:14:00+00:00,21748.5,21748.5,21747.25,21747.25,4.0
2025-06-18 02:15:00+00:00,21748.5,21748.5,21747.25,21747.75,5.0
2025-06-18 02:16:00+00:00,21748.0,21749.25,21747.25,21749.25,9.0
2025-06-18 02:17:00+00:00,21752.25,21753.5,21748.5,21748.5,12.0
2025-06-18 02:18:00+00:00,21752.25,21753.25,21752.25,21753.25,8.0
2025-06-18 02:19:00+00:00,21755.75,21755.75,21751.25,21753.0,18.0
2025-06-18 02:20:00+00:00,21754.75,21754.75,21754.75,21754.75,3.0
2025-06-18 02:21:00+00:00,21754.0,21754.5,21754.0,21754.5,4.0
2025-06-18 02:22:00+00:00,21755.0,21756.0,21754.75,21754.75,5.0
2025-06-18 02:23:00+00:00,21760.0,21760.0,21756.0,21756.0,5.0
2025-06-18 02:24:00+00:00,21761.0,21761.0,21759.75,21759.75,3.0
2025-06-18 02:25:00+00:00,21759.75,21761.0,21758.0,21761.0,8.0
2025-06-18 02:26:00+00:00,21762.5,21762.5,21760.25,21760.25,13.0
2025-06-18 02:27:00+00:00,21765.5,21766.0,21760.75,21761.75,27.0
2025-06-18 02:28:00+00:00,21764.75,21769.5,21764.0,21766.75,46.0
2025-06-18 02:29:00+00:00,21765.75,21765.75,21764.75,21764.75,4.0
2025-06-18 02:30:00+00:00,21772.0,21772.0,21763.5,21763.5,38.0
2025-06-18 02:31:00+00:00,21766.0,21776.25,21766.0,21772.25,63.0
2025-06-18 02:32:00+00:00,21763.75,21767.75,21763.75,21767.25,25.0
2025-06-18 02:33:00+00:00,21762.0,21763.25,21761.75,21762.25,15.0
2025-06-18 02:34:00+00:00,21761.0,21761.25,21760.5,21761.25,6.0
2025-06-18 02:35:00+00:00,21762.25,21762.25,21762.25,21762.25,2.0
2025-06-18 02:36:00+00:00,21765.25,21765.25,21765.0,21765.0,3.0
2025-06-18 02:37:00+00:00,21766.0,21767.25,21765.25,21766.5,11.0
2025-06-18 02:38:00+00:00,21763.75,21765.25,21763.75,21765.25,12.0
2025-06-18 02:39:00+00:00,21764.0,21764.0,21762.75,21763.5,13.0
2025-06-18 02:40:00+00:00,21763.0,21763.0,21763.0,21763.0,4.0
2025-06-18 02:41:00+00:00,21766.5,21766.5,21764.0,21764.0,4.0
2025-06-18 02:42:00+00:00,21768.25,21768.25,21767.5,21767.5,5.0
2025-06-18 02:43:00+00:00,21767.75,21768.25,21767.75,21768.25,4.0
2025-06-18 02:44:00+00:00,21768.25,21768.25,21767.5,21767.5,6.0
2025-06-18 02:45:00+00:00,21770.25,21771.25,21768.5,21768.5,8.0
2025-06-18 02:46:00+00:00,21769.0,21769.0,21768.75,21768.75,10.0
2025-06-18 02:47:00+00:00,21772.75,21772.75,21771.25,21771.25,16.0
2025-06-18 02:48:00+00:00,21774.5,21775.0,21771.25,21771.75,26.0
2025-06-18 02:49:00+00:00,21775.25,21777.0,21775.25,21777.0,17.0
2025-06-18 02:50:00+00:00,21774.25,21774.25,21773.0,21773.0,23.0
2025-06-18 02:51:00+00:00,21769.0,21772.0,21768.75,21772.0,25.0
2025-06-18 02:52:00+00:00,21771.0,21771.0,21769.75,21769.75,9.0
2025-06-18 02:53:00+00:00,21771.5,21771.5,21771.25,21771.25,9.0
2025-06-18 02:54:00+00:00,21772.0,21773.75,21770.5,21770.5,8.0
2025-06-18 02:55:00+00:00,21770.0,21770.0,21770.0,21770.0,12.0
2025-06-18 02:56:00+00:00,21768.5,21768.5,21767.5,21767.5,8.0
2025-06-18 02:57:00+00:00,21766.0,21766.5,21766.0,21766.5,3.0
2025-06-18 02:58:00+00:00,21756.75,21765.75,21756.75,21765.75,40.0
2025-06-18 02:59:00+00:00,21753.0,21759.5,21750.75,21756.5,42.0
2025-06-18 03:00:00+00:00,21754.0,21754.0,21751.75,21751.75,7.0
2025-06-18 03:01:00+00:00,21755.0,21756.25,21754.75,21756.25,6.0
2025-06-18 03:02:00+00:00,21750.5,21750.5,21748.0,21749.5,38.0
2025-06-18 03:03:00+00:00,21751.0,21751.0,21750.25,21750.25,5.0
2025-06-18 03:04:00+00:00,21751.75,21751.75,21750.0,21751.5,4.0
2025-06-18 03:05:00+00:00,21753.25,21753.25,21753.25,21753.25,2.0
2025-06-18 03:06:00+00:00,21751.0,21751.5,21749.0,21751.5,12.0
2025-06-18 03:07:00+00:00,21746.0,21748.5,21743.75,21748.5,12.0
2025-06-18 03:08:00+00:00,21750.5,21750.5,21746.75,21746.75,5.0
2025-06-18 03:09:00+00:00,21752.75,21753.75,21748.25,21748.25,8.0
2025-06-18 03:10:00+00:00,21753.75,21756.25,21753.75,21754.25,13.0
2025-06-18 03:11:00+00:00,21751.25,21754.25,21749.75,21754.25,21.0
2025-06-18 03:12:00+00:00,21751.0,21755.25,21750.5,21754.25,33.0
2025-06-18 03:13:00+00:00,21749.75,21749.75,21749.25,21749.25,3.0
2025-06-18 03:14:00+00:00,21748.0,21750.75,21748.0,21750.75,26.0
2025-06-18 03:15:00+00:00,21748.25,21748.25,21748.25,21748.25,2.0
2025-06-18 03:16:00+00:00,21746.75,21750.5,21746.75,21747.75,21.0
2025-06-18 03:17:00+00:00,21752.75,21754.0,21748.0,21748.5,26.0
2025-06-18 03:18:00+00:00,21754.0,21754.0,21752.75,21752.75,3.0
2025-06-18 03:19:00+00:00,21757.25,21758.5,21757.0,21757.0,21.0
2025-06-18 03:20:00+00:00,21753.5,21753.5,21753.5,21753.5,48.0
2025-06-18 03:21:00+00:00,21758.0,21758.0,21753.25,21754.5,51.0
2025-06-18 03:22:00+00:00,21756.75,21757.5,21756.0,21757.0,27.0
2025-06-18 03:23:00+00:00,21758.0,21761.0,21755.25,21756.75,28.0
2025-06-18 03:24:00+00:00,21750.75,21757.75,21750.0,21757.75,41.0
2025-06-18 03:25:00+00:00,21750.25,21752.75,21749.0,21752.75,11.0
2025-06-18 03:26:00+00:00,21748.25,21752.25,21748.25,21748.75,32.0
2025-06-18 03:28:00+00:00,21750.25,21750.25,21746.75,21748.25,38.0
2025-06-18 03:29:00+00:00,21749.0,21750.75,21748.75,21748.75,18.0
2025-06-18 03:30:00+00:00,21748.0,21750.25,21747.5,21748.5,20.0
2025-06-18 03:31:00+00:00,21750.5,21754.25,21750.5,21750.75,46.0
2025-06-18 03:32:00+00:00,21749.75,21751.75,21749.75,21751.75,2.0
2025-06-18 03:33:00+00:00,21748.0,21750.5,21746.75,21749.5,23.0
2025-06-18 03:34:00+00:00,21749.75,21749.75,21745.5,21745.5,22.0
2025-06-18 03:36:00+00:00,21750.25,21750.25,21747.25,21748.25,17.0
2025-06-18 03:37:00+00:00,21750.5,21751.0,21746.75,21746.75,21.0
2025-06-18 03:38:00+00:00,21748.0,21750.5,21748.0,21750.25,21.0
2025-06-18 03:39:00+00:00,21750.0,21750.0,21746.75,21748.75,18.0
2025-06-18 03:40:00+00:00,21747.25,21747.5,21746.0,21747.25,15.0
2025-06-18 03:41:00+00:00,21750.75,21750.75,21747.0,21747.0,10.0
2025-06-18 03:42:00+00:00,21753.25,21753.25,21751.5,21751.5,8.0
2025-06-18 03:43:00+00:00,21755.75,21755.75,21755.0,21755.5,4.0
2025-06-18 03:44:00+00:00,21754.75,21754.75,21754.75,21754.75,1.0
2025-06-18 03:45:00+00:00,21754.25,21754.75,21754.25,21754.75,9.0
2025-06-18 03:46:00+00:00,21754.25,21755.25,21754.25,21755.0,6.0
2025-06-18 03:47:00+00:00,21753.5,21755.25,21753.5,21754.0,5.0
2025-06-18 03:48:00+00:00,21756.25,21758.25,21756.25,21758.25,22.0
2025-06-18 03:49:00+00:00,21756.0,21757.5,21755.75,21757.25,8.0
2025-06-18 03:50:00+00:00,21755.5,21755.5,21755.25,21755.25,2.0
2025-06-18 03:51:00+00:00,21753.25,21756.0,21753.25,21756.0,21.0
2025-06-18 03:52:00+00:00,21753.75,21758.0,21753.75,21756.5,38.0
2025-06-18 03:53:00+00:00,21750.5,21750.5,21750.5,21750.5,3.0
2025-06-18 03:54:00+00:00,21755.5,21755.5,21752.75,21752.75,9.0
2025-06-18 03:55:00+00:00,21753.75,21754.25,21753.75,21754.25,28.0
2025-06-18 03:56:00+00:00,21753.25,21753.75,21753.25,21753.75,5.0
2025-06-18 03:57:00+00:00,21748.0,21750.25,21748.0,21750.25,7.0
2025-06-18 03:58:00+00:00,21749.0,21749.0,21748.5,21748.5,3.0
2025-06-18 04:09:00+00:00,21756.5,21756.5,21756.5,21756.5,6.0
2025-06-18 04:10:00+00:00,21753.25,21754.25,21753.25,21754.25,6.0
2025-06-18 04:11:00+00:00,21753.25,21753.25,21753.25,21753.25,1.0
2025-06-18 04:12:00+00:00,21752.0,21752.0,21752.0,21752.0,1.0
2025-06-18 04:13:00+00:00,21752.75,21752.75,21752.75,21752.75,2.0
2025-06-18 04:14:00+00:00,21756.5,21756.5,21754.0,21754.0,4.0
2025-06-18 04:15:00+00:00,21753.5,21753.5,21753.5,21753.5,1.0
2025-06-18 04:17:00+00:00,21753.0,21753.0,21753.0,21753.0,1.0
2025-06-18 04:18:00+00:00,21752.5,21752.5,21752.5,21752.5,3.0
2025-06-18 04:19:00+00:00,21750.75,21751.75,21750.25,21751.75,10.0
2025-06-18 04:20:00+00:00,21748.75,21748.75,21748.75,21748.75,1.0
2025-06-18 04:21:00+00:00,21747.0,21747.0,21747.0,21747.0,1.0
2025-06-18 04:22:00+00:00,21738.25,21747.5,21736.0,21747.5,33.0
2025-06-18 04:23:00+00:00,21735.75,21740.25,21735.75,21739.0,32.0
2025-06-18 04:24:00+00:00,21730.0,21737.25,21730.0,21736.75,32.0
2025-06-18 04:25:00+00:00,21730.25,21732.25,21727.5,21728.25,17.0
2025-06-18 04:26:00+00:00,21733.0,21733.0,21722.75,21730.0,42.0
2025-06-18 04:27:00+00:00,21733.25,21733.25,21733.0,21733.0,5.0
2025-06-18 04:28:00+00:00,21733.75,21735.25,21733.25,21733.25,19.0
2025-06-18 04:30:00+00:00,21736.25,21740.0,21735.75,21735.75,23.0
2025-06-18 04:31:00+00:00,21733.0,21733.25,21733.0,21733.25,3.0
2025-06-18 04:32:00+00:00,21736.0,21736.0,21736.0,21736.0,2.0
2025-06-18 04:33:00+00:00,21738.5,21738.5,21737.75,21737.75,9.0
2025-06-18 04:36:00+00:00,21737.0,21737.0,21737.0,21737.0,3.0
2025-06-18 04:38:00+00:00,21735.5,21735.5,21734.5,21734.5,4.0
2025-06-18 04:39:00+00:00,21734.75,21734.75,21734.0,21734.0,4.0
2025-06-18 04:40:00+00:00,21733.75,21735.5,21733.75,21734.75,12.0
2025-06-18 04:41:00+00:00,21740.0,21740.0,21736.0,21736.0,11.0
2025-06-18 04:43:00+00:00,21743.0,21743.0,21743.0,21743.0,3.0
2025-06-18 04:44:00+00:00,21748.75,21748.75,21746.75,21747.0,9.0
2025-06-18 04:45:00+00:00,21746.25,21746.25,21746.25,21746.25,2.0
2025-06-18 04:46:00+00:00,21747.5,21748.25,21746.25,21746.25,6.0
2025-06-18 04:47:00+00:00,21758.5,21758.75,21749.0,21749.0,18.0
2025-06-18 04:48:00+00:00,21762.25,21762.25,21758.5,21758.75,14.0
2025-06-18 04:49:00+00:00,21757.75,21760.75,21757.75,21760.75,3.0
2025-06-18 04:50:00+00:00,21753.5,21757.75,21753.5,21757.75,6.0
2025-06-18 04:51:00+00:00,21752.5,21752.75,21752.0,21752.0,14.0
2025-06-18 04:53:00+00:00,21752.25,21752.25,21751.75,21751.75,3.0
2025-06-18 04:54:00+00:00,21755.25,21755.25,21755.25,21755.25,1.0
2025-06-18 04:55:00+00:00,21755.5,21756.0,21755.0,21756.0,5.0
2025-06-18 04:57:00+00:00,21758.75,21759.25,21758.0,21759.25,6.0
2025-06-18 04:58:00+00:00,21757.5,21758.75,21757.5,21758.75,3.0
2025-06-18 04:59:00+00:00,21757.0,21758.0,21756.25,21757.25,8.0
2025-06-18 05:00:00+00:00,21757.0,21757.25,21757.0,21757.0,7.0
2025-06-18 05:01:00+00:00,21761.5,21761.75,21759.5,21759.5,7.0
2025-06-18 05:02:00+00:00,21763.75,21763.75,21760.25,21760.25,18.0
2025-06-18 05:03:00+00:00,21767.25,21770.0,21766.75,21766.75,18.0
2025-06-18 05:04:00+00:00,21764.5,21766.0,21763.75,21765.0,15.0
2025-06-18 05:05:00+00:00,21763.25,21766.25,21763.25,21765.5,24.0
2025-06-18 05:06:00+00:00,21759.0,21761.0,21759.0,21761.0,4.0
2025-06-18 05:07:00+00:00,21766.75,21766.75,21766.75,21766.75,10.0
2025-06-18 05:08:00+00:00,21768.75,21768.75,21767.5,21767.5,5.0
2025-06-18 05:09:00+00:00,21768.25,21768.25,21767.0,21767.25,8.0
2025-06-18 05:10:00+00:00,21767.25,21769.5,21766.5,21768.5,15.0
2025-06-18 05:11:00+00:00,21766.25,21766.25,21766.25,21766.25,1.0
2025-06-18 05:12:00+00:00,21770.0,21770.0,21765.75,21765.75,6.0
2025-06-18 05:13:00+00:00,21770.0,21770.25,21769.25,21770.25,4.0
2025-06-18 05:14:00+00:00,21768.0,21768.0,21768.0,21768.0,2.0
2025-06-18 05:15:00+00:00,21766.25,21766.25,21766.25,21766.25,2.0
2025-06-18 05:17:00+00:00,21767.75,21767.75,21767.75,21767.75,1.0
2025-06-18 05:18:00+00:00,21769.5,21770.25,21767.75,21767.75,4.0
2025-06-18 05:19:00+00:00,21765.25,21767.5,21765.25,21767.5,5.0
2025-06-18 05:20:00+00:00,21768.0,21768.0,21766.0,21766.0,6.0
2025-06-18 05:21:00+00:00,21762.25,21762.25,21762.25,21762.25,4.0
2025-06-18 05:23:00+00:00,21764.0,21764.75,21764.0,21764.75,4.0
2025-06-18 05:24:00+00:00,21763.5,21763.5,21763.5,21763.5,1.0
2025-06-18 05:25:00+00:00,21761.0,21763.5,21761.0,21763.5,7.0
2025-06-18 05:28:00+00:00,21763.5,21763.75,21762.75,21763.0,17.0
2025-06-18 05:29:00+00:00,21762.0,21762.0,21762.0,21762.0,2.0
2025-06-18 05:30:00+00:00,21765.75,21767.0,21763.75,21763.75,16.0
2025-06-18 05:31:00+00:00,21767.0,21767.75,21766.75,21766.75,7.0
2025-06-18 05:32:00+00:00,21772.75,21773.0,21768.0,21768.0,36.0
2025-06-18 05:33:00+00:00,21770.0,21771.5,21769.25,21771.25,18.0
2025-06-18 05:34:00+00:00,21764.0,21767.0,21764.0,21767.0,12.0
2025-06-18 05:35:00+00:00,21758.0,21761.75,21758.0,21761.75,15.0
2025-06-18 05:36:00+00:00,21760.25,21760.25,21759.5,21759.5,3.0
2025-06-18 05:37:00+00:00,21761.5,21761.5,21761.5,21761.5,2.0
2025-06-18 05:38:00+00:00,21758.25,21762.25,21758.25,21762.25,9.0
2025-06-18 05:39:00+00:00,21759.0,21759.0,21759.0,21759.0,1.0
2025-06-18 05:40:00+00:00,21761.25,21761.25,21761.0,21761.0,4.0
2025-06-18 05:42:00+00:00,21762.25,21764.75,21762.25,21764.75,9.0
2025-06-18 05:43:00+00:00,21765.0,21765.0,21761.5,21761.5,4.0
2025-06-18 05:44:00+00:00,21762.0,21765.0,21762.0,21765.0,6.0
2025-06-18 05:45:00+00:00,21760.0,21760.0,21760.0,21760.0,2.0
2025-06-18 05:46:00+00:00,21761.0,21763.0,21761.0,21763.0,4.0
2025-06-18 05:49:00+00:00,21755.75,21758.0,21755.75,21758.0,16.0
2025-06-18 05:50:00+00:00,21757.75,21757.75,21757.0,21757.0,18.0
2025-06-18 05:52:00+00:00,21761.0,21761.0,21761.0,21761.0,2.0
2025-06-18 05:53:00+00:00,21763.0,21763.0,21763.0,21763.0,1.0
2025-06-18 05:54:00+00:00,21766.25,21766.25,21763.75,21763.75,6.0
2025-06-18 05:56:00+00:00,21765.75,21765.75,21765.0,21765.0,5.0
2025-06-18 05:58:00+00:00,21764.0,21766.25,21764.0,21764.5,6.0
2025-06-18 06:00:00+00:00,21766.75,21767.75,21761.75,21763.0,40.0
2025-06-18 06:01:00+00:00,21764.0,21764.0,21760.25,21762.75,15.0
2025-06-18 06:02:00+00:00,21767.25,21767.25,21767.25,21767.25,1.0
2025-06-18 06:03:00+00:00,21767.25,21767.25,21765.25,21765.25,21.0
2025-06-18 06:05:00+00:00,21764.75,21768.25,21763.0,21763.0,7.0
2025-06-18 06:07:00+00:00,21766.25,21766.25,21766.25,21766.25,3.0
2025-06-18 06:08:00+00:00,21772.25,21772.25,21767.25,21767.25,11.0
2025-06-18 06:09:00+00:00,21776.75,21780.5,21773.25,21773.25,55.0
2025-06-18 06:10:00+00:00,21776.5,21777.75,21775.0,21776.25,17.0
2025-06-18 06:11:00+00:00,21786.0,21791.5,21775.0,21775.5,53.0
2025-06-18 06:12:00+00:00,21785.75,21790.0,21785.0,21785.25,33.0
2025-06-18 06:13:00+00:00,21788.5,21790.0,21784.0,21785.25,20.0
2025-06-18 06:14:00+00:00,21786.75,21786.75,21785.5,21785.5,8.0
2025-06-18 06:15:00+00:00,21773.75,21786.0,21773.75,21784.25,19.0
2025-06-18 06:16:00+00:00,21780.5,21780.5,21775.25,21775.25,16.0
2025-06-18 06:17:00+00:00,21778.0,21784.25,21777.25,21782.75,63.0
2025-06-18 06:18:00+00:00,21779.75,21781.75,21779.75,21781.5,20.0
2025-06-18 06:19:00+00:00,21782.0,21782.0,21780.5,21781.5,9.0
2025-06-18 06:20:00+00:00,21780.75,21781.5,21780.25,21781.5,6.0
2025-06-18 06:21:00+00:00,21779.75,21782.25,21779.75,21782.25,17.0
2025-06-18 06:22:00+00:00,21784.0,21784.0,21780.0,21780.0,10.0
2025-06-18 06:23:00+00:00,21784.5,21785.0,21783.75,21783.75,4.0
2025-06-18 06:24:00+00:00,21786.75,21787.5,21785.0,21785.0,23.0
2025-06-18 06:25:00+00:00,21784.5,21786.5,21784.5,21786.0,63.0
2025-06-18 06:26:00+00:00,21789.0,21790.0,21782.0,21782.0,24.0
2025-06-18 06:27:00+00:00,21790.5,21795.25,21788.0,21789.75,33.0
2025-06-18 06:28:00+00:00,21789.75,21793.0,21789.75,21793.0,9.0
2025-06-18 06:29:00+00:00,21795.0,21795.0,21787.0,21787.0,10.0
2025-06-18 06:30:00+00:00,21791.25,21794.75,21791.25,21793.75,54.0
2025-06-18 06:31:00+00:00,21787.75,21788.0,21787.75,21788.0,13.0
2025-06-18 06:32:00+00:00,21801.5,21803.0,21794.75,21794.75,48.0
2025-06-18 06:33:00+00:00,21803.0,21804.5,21800.0,21801.25,22.0
2025-06-18 06:34:00+00:00,21800.75,21806.0,21800.75,21803.75,14.0
2025-06-18 06:35:00+00:00,21793.0,21799.25,21791.75,21798.0,35.0
2025-06-18 06:36:00+00:00,21785.25,21790.75,21784.25,21790.75,22.0
2025-06-18 06:37:00+00:00,21786.25,21789.75,21786.25,21787.25,23.0
2025-06-18 06:38:00+00:00,21791.25,21791.75,21788.0,21788.25,17.0
2025-06-18 06:39:00+00:00,21787.0,21791.0,21787.0,21791.0,14.0
2025-06-18 06:40:00+00:00,21783.0,21787.25,21783.0,21787.25,7.0
2025-06-18 06:41:00+00:00,21782.75,21783.75,21782.5,21782.75,9.0
2025-06-18 06:42:00+00:00,21784.25,21785.75,21783.25,21783.25,27.0
2025-06-18 06:43:00+00:00,21780.25,21784.0,21780.25,21784.0,25.0
2025-06-18 06:44:00+00:00,21780.5,21780.5,21777.5,21779.25,28.0
2025-06-18 06:45:00+00:00,21777.25,21785.75,21777.25,21782.75,31.0
2025-06-18 06:46:00+00:00,21772.5,21777.5,21770.75,21776.25,17.0
2025-06-18 06:47:00+00:00,21778.75,21779.5,21771.5,21771.5,45.0
2025-06-18 06:48:00+00:00,21774.25,21775.25,21773.5,21775.25,22.0
2025-06-18 06:49:00+00:00,21775.25,21776.25,21775.25,21775.25,9.0
2025-06-18 06:50:00+00:00,21776.0,21778.75,21776.0,21777.0,23.0
2025-06-18 06:51:00+00:00,21776.25,21776.25,21774.75,21775.25,9.0
2025-06-18 06:53:00+00:00,21776.0,21776.0,21774.5,21776.0,41.0
2025-06-18 06:54:00+00:00,21776.0,21776.0,21774.25,21775.75,14.0
2025-06-18 06:55:00+00:00,21778.75,21780.75,21778.5,21779.25,18.0
2025-06-18 06:57:00+00:00,21778.75,21778.75,21778.75,21778.75,87.0
2025-06-18 06:58:00+00:00,21778.75,21778.75,21778.75,21778.75,1.0
2025-06-18 06:59:00+00:00,21778.0,21781.25,21778.0,21780.75,27.0
2025-06-18 07:00:00+00:00,21778.0,21780.75,21774.25,21779.75,37.0
2025-06-18 07:01:00+00:00,21784.75,21789.0,21782.0,21782.5,49.0
2025-06-18 07:02:00+00:00,21787.25,21787.5,21781.75,21785.0,40.0
2025-06-18 07:03:00+00:00,21784.25,21789.75,21783.5,21786.0,26.0
2025-06-18 07:04:00+00:00,21779.25,21781.75,21777.75,21781.75,39.0
2025-06-18 07:05:00+00:00,21782.5,21784.0,21780.75,21780.75,19.0
2025-06-18 07:06:00+00:00,21780.5,21780.5,21779.5,21779.5,23.0
2025-06-18 07:07:00+00:00,21785.5,21788.25,21785.5,21787.0,31.0
2025-06-18 07:08:00+00:00,21786.25,21786.5,21784.75,21785.5,14.0
2025-06-18 07:09:00+00:00,21787.0,21787.0,21781.25,21784.75,22.0
2025-06-18 07:10:00+00:00,21786.0,21787.25,21782.5,21787.25,20.0
2025-06-18 07:11:00+00:00,21788.0,21788.0,21784.0,21786.0,12.0
2025-06-18 07:12:00+00:00,21792.25,21792.25,21789.75,21789.75,28.0
2025-06-18 07:13:00+00:00,21789.5,21790.25,21785.5,21788.25,34.0
2025-06-18 07:14:00+00:00,21786.75,21790.75,21785.5,21787.0,66.0
2025-06-18 07:15:00+00:00,21798.75,21798.75,21787.75,21787.75,44.0
2025-06-18 07:16:00+00:00,21794.75,21798.0,21790.25,21798.0,57.0
2025-06-18 07:17:00+00:00,21798.75,21802.5,21798.25,21798.25,20.0
2025-06-18 07:18:00+00:00,21801.75,21801.75,21800.5,21800.5,20.0
2025-06-18 07:19:00+00:00,21801.25,21801.25,21797.5,21799.0,46.0
2025-06-18 07:20:00+00:00,21802.25,21803.25,21799.25,21799.25,21.0
2025-06-18 07:21:00+00:00,21798.0,21799.5,21793.0,21797.5,23.0
2025-06-18 07:22:00+00:00,21796.25,21796.5,21795.0,21796.5,11.0
2025-06-18 07:23:00+00:00,21792.0,21798.0,21792.0,21797.0,41.0
2025-06-18 07:24:00+00:00,21788.5,21793.25,21787.75,21793.25,20.0
2025-06-18 07:25:00+00:00,21790.75,21795.5,21788.25,21788.75,56.0
2025-06-18 07:26:00+00:00,21786.25,21789.25,21785.0,21789.25,30.0
2025-06-18 07:27:00+00:00,21785.25,21786.75,21783.25,21785.5,37.0
2025-06-18 07:28:00+00:00,21790.25,21790.25,21786.25,21786.25,12.0
2025-06-18 07:29:00+00:00,21789.5,21791.0,21789.25,21791.0,13.0
2025-06-18 07:30:00+00:00,21800.5,21800.5,21791.5,21791.5,8.0
2025-06-18 07:31:00+00:00,21801.75,21803.25,21798.75,21800.75,37.0
2025-06-18 07:32:00+00:00,21801.25,21803.5,21801.0,21803.5,36.0
2025-06-18 07:33:00+00:00,21791.0,21798.75,21788.5,21798.75,31.0
2025-06-18 07:34:00+00:00,21790.0,21791.5,21789.0,21791.5,31.0
2025-06-18 07:35:00+00:00,21796.75,21799.25,21794.25,21794.25,24.0
2025-06-18 07:36:00+00:00,21804.0,21806.25,21798.25,21798.25,66.0
2025-06-18 07:37:00+00:00,21800.0,21806.0,21800.0,21804.0,48.0
2025-06-18 07:38:00+00:00,21803.0,21803.75,21801.5,21802.75,21.0
2025-06-18 07:39:00+00:00,21802.5,21804.25,21802.5,21804.25,28.0
2025-06-18 07:40:00+00:00,21800.5,21806.0,21800.5,21805.5,28.0
2025-06-18 07:41:00+00:00,21799.75,21802.0,21798.0,21800.75,15.0
2025-06-18 07:42:00+00:00,21799.75,21803.25,21799.75,21802.5,11.0
2025-06-18 07:43:00+00:00,21799.0,21801.25,21799.0,21801.25,36.0
2025-06-18 07:44:00+00:00,21800.75,21802.5,21800.0,21800.0,12.0
2025-06-18 07:45:00+00:00,21799.25,21801.5,21799.25,21800.25,12.0
2025-06-18 07:46:00+00:00,21797.0,21798.0,21794.5,21796.75,12.0
2025-06-18 07:47:00+00:00,21799.0,21800.0,21797.25,21799.0,17.0
2025-06-18 07:48:00+00:00,21800.0,21801.25,21797.75,21798.75,7.0
2025-06-18 07:49:00+00:00,21798.75,21802.0,21798.75,21800.25,6.0
2025-06-18 07:50:00+00:00,21797.5,21799.0,21797.5,21799.0,8.0
2025-06-18 07:51:00+00:00,21793.75,21795.75,21791.0,21795.75,29.0
2025-06-18 07:52:00+00:00,21787.0,21793.75,21787.0,21793.75,17.0
2025-06-18 07:53:00+00:00,21777.75,21790.25,21777.75,21788.25,33.0
2025-06-18 07:54:00+00:00,21779.5,21780.75,21774.5,21779.25,35.0
2025-06-18 07:55:00+00:00,21786.0,21786.0,21776.25,21778.0,56.0
2025-06-18 07:56:00+00:00,21786.5,21786.75,21784.25,21786.0,19.0
2025-06-18 07:57:00+00:00,21791.0,21791.25,21789.5,21789.5,10.0
2025-06-18 07:58:00+00:00,21788.25,21788.75,21787.5,21788.75,5.0
2025-06-18 07:59:00+00:00,21788.25,21790.25,21785.5,21790.25,14.0
2025-06-18 08:00:00+00:00,21787.0,21789.25,21785.75,21789.25,31.0
2025-06-18 08:01:00+00:00,21791.75,21792.0,21786.75,21787.0,22.0
2025-06-18 08:02:00+00:00,21795.5,21801.75,21795.0,21795.0,47.0
2025-06-18 08:03:00+00:00,21797.75,21798.5,21794.75,21796.25,16.0
2025-06-18 08:04:00+00:00,21801.75,21802.0,21797.25,21797.75,37.0
2025-06-18 08:05:00+00:00,21802.25,21803.75,21800.5,21803.0,10.0
2025-06-18 08:06:00+00:00,21807.0,21807.25,21801.75,21801.75,56.0
2025-06-18 08:07:00+00:00,21803.75,21808.5,21803.75,21807.5,37.0
2025-06-18 08:08:00+00:00,21806.75,21808.0,21803.75,21803.75,32.0
2025-06-18 08:09:00+00:00,21809.0,21809.0,21806.5,21806.5,11.0
2025-06-18 08:10:00+00:00,21807.75,21807.75,21806.0,21807.25,11.0
2025-06-18 08:11:00+00:00,21808.75,21810.5,21807.75,21810.0,25.0
2025-06-18 08:12:00+00:00,21807.25,21809.0,21807.25,21809.0,4.0
2025-06-18 08:13:00+00:00,21803.75,21807.75,21803.75,21807.25,27.0
2025-06-18 08:14:00+00:00,21797.25,21801.25,21796.75,21801.25,17.0
2025-06-18 08:15:00+00:00,21797.25,21797.25,21795.75,21796.25,10.0
2025-06-18 08:16:00+00:00,21798.25,21798.25,21795.0,21796.0,65.0
2025-06-18 08:17:00+00:00,21796.0,21797.75,21795.75,21797.75,31.0
2025-06-18 08:18:00+00:00,21792.0,21794.5,21792.0,21794.0,7.0
2025-06-18 08:19:00+00:00,21793.75,21793.75,21791.75,21792.75,13.0
2025-06-18 08:20:00+00:00,21786.0,21793.0,21783.75,21792.75,98.0
2025-06-18 08:21:00+00:00,21785.0,21786.75,21782.0,21786.75,54.0
2025-06-18 08:22:00+00:00,21789.0,21789.5,21784.75,21785.25,14.0
2025-06-18 08:23:00+00:00,21790.0,21790.0,21790.0,21790.0,22.0
2025-06-18 08:24:00+00:00,21791.75,21793.0,21784.5,21787.75,62.0
2025-06-18 08:25:00+00:00,21793.25,21795.75,21793.25,21794.75,19.0
2025-06-18 08:26:00+00:00,21797.0,21797.75,21794.75,21794.75,9.0
2025-06-18 08:27:00+00:00,21794.5,21795.0,21789.75,21793.75,15.0
2025-06-18 08:28:00+00:00,21793.5,21795.5,21793.5,21795.5,74.0
2025-06-18 08:29:00+00:00,21791.5,21793.25,21790.25,21793.25,33.0
2025-06-18 08:30:00+00:00,21791.25,21792.75,21791.25,21792.75,11.0
2025-06-18 08:31:00+00:00,21791.5,21793.0,21790.5,21791.25,51.0
2025-06-18 08:32:00+00:00,21797.25,21797.25,21792.75,21792.75,21.0
2025-06-18 08:33:00+00:00,21793.5,21797.75,21793.5,21797.75,13.0
2025-06-18 08:34:00+00:00,21795.0,21795.0,21791.5,21793.75,27.0
2025-06-18 08:35:00+00:00,21796.5,21796.5,21795.0,21795.0,27.0
2025-06-18 08:36:00+00:00,21796.0,21797.75,21795.75,21797.5,10.0
2025-06-18 08:37:00+00:00,21792.75,21795.0,21792.75,21795.0,9.0
2025-06-18 08:38:00+00:00,21795.25,21796.75,21791.0,21793.25,16.0
2025-06-18 08:39:00+00:00,21797.75,21797.75,21796.0,21796.0,11.0
2025-06-18 08:40:00+00:00,21797.0,21798.0,21795.75,21797.75,21.0
2025-06-18 08:41:00+00:00,21798.25,21800.0,21798.0,21798.5,18.0
2025-06-18 08:42:00+00:00,21795.0,21796.5,21794.5,21796.0,38.0
2025-06-18 08:43:00+00:00,21794.25,21794.25,21793.0,21793.25,5.0
2025-06-18 08:44:00+00:00,21791.5,21794.75,21789.5,21794.75,20.0
2025-06-18 08:45:00+00:00,21796.25,21796.25,21795.25,21796.0,34.0
2025-06-18 08:46:00+00:00,21798.25,21798.25,21798.25,21798.25,42.0
2025-06-18 08:47:00+00:00,21801.0,21801.0,21799.5,21799.5,11.0
2025-06-18 08:48:00+00:00,21796.75,21802.75,21796.75,21802.5,10.0
2025-06-18 08:49:00+00:00,21795.25,21795.25,21794.25,21794.25,7.0
2025-06-18 08:50:00+00:00,21798.5,21798.5,21797.5,21797.5,9.0
2025-06-18 08:51:00+00:00,21797.25,21798.5,21796.0,21796.75,19.0
2025-06-18 08:52:00+00:00,21801.0,21801.0,21798.5,21798.5,16.0
2025-06-18 08:53:00+00:00,21802.0,21802.5,21801.5,21802.5,9.0
2025-06-18 08:54:00+00:00,21802.0,21802.25,21799.75,21800.75,34.0
2025-06-18 08:55:00+00:00,21808.5,21808.75,21802.0,21802.0,38.0
2025-06-18 08:56:00+00:00,21811.0,21812.0,21811.0,21811.25,14.0
2025-06-18 08:57:00+00:00,21807.5,21812.25,21807.5,21810.25,17.0
2025-06-18 08:58:00+00:00,21805.25,21807.0,21805.25,21807.0,7.0
2025-06-18 08:59:00+00:00,21807.75,21809.0,21807.0,21808.5,12.0
2025-06-18 09:00:00+00:00,21811.0,21812.0,21810.0,21810.0,17.0
2025-06-18 09:01:00+00:00,21816.75,21818.0,21811.75,21812.5,39.0
2025-06-18 09:02:00+00:00,21819.0,21822.75,21816.75,21816.75,68.0
2025-06-18 09:03:00+00:00,21823.0,21824.0,21820.25,21820.25,43.0
2025-06-18 09:04:00+00:00,21830.75,21832.5,21824.75,21825.0,79.0
2025-06-18 09:05:00+00:00,21837.75,21839.25,21831.25,21831.25,49.0
2025-06-18 09:06:00+00:00,21830.75,21837.25,21829.75,21836.75,113.0
2025-06-18 09:07:00+00:00,21831.75,21832.0,21831.75,21832.0,113.0
2025-06-18 09:08:00+00:00,21831.75,21831.75,21829.25,21831.5,71.0
2025-06-18 09:09:00+00:00,21820.75,21831.25,21820.5,21831.25,82.0
2025-06-18 09:10:00+00:00,21817.75,21821.0,21817.75,21820.75,65.0
2025-06-18 09:11:00+00:00,21824.5,21825.75,21818.0,21818.0,42.0
2025-06-18 09:12:00+00:00,21820.0,21825.0,21819.5,21824.75,47.0
2025-06-18 09:13:00+00:00,21821.0,21821.25,21818.25,21818.25,34.0
2025-06-18 09:14:00+00:00,21825.25,21826.0,21821.5,21821.5,76.0
2025-06-18 09:15:00+00:00,21826.0,21826.5,21826.0,21826.25,9.0
2025-06-18 09:16:00+00:00,21826.0,21827.75,21826.0,21827.75,14.0
2025-06-18 09:17:00+00:00,21829.0,21830.5,21829.0,21830.5,76.0
2025-06-18 09:18:00+00:00,21829.0,21829.0,21829.0,21829.0,4.0
2025-06-18 09:19:00+00:00,21830.75,21830.75,21830.75,21830.75,24.0
2025-06-18 09:20:00+00:00,21828.25,21830.25,21828.25,21830.25,38.0
2025-06-18 09:21:00+00:00,21825.5,21827.25,21825.5,21827.0,20.0
2025-06-18 09:22:00+00:00,21820.5,21827.25,21819.25,21824.25,51.0
2025-06-18 09:23:00+00:00,21821.75,21821.75,21820.25,21820.25,10.0
2025-06-18 09:24:00+00:00,21825.25,21825.25,21823.75,21823.75,15.0
2025-06-18 09:25:00+00:00,21825.5,21825.5,21825.5,21825.5,35.0
2025-06-18 09:27:00+00:00,21823.75,21824.5,21823.75,21824.5,66.0
2025-06-18 09:28:00+00:00,21824.75,21827.0,21824.75,21827.0,28.0
2025-06-18 09:29:00+00:00,21822.25,21822.25,21822.25,21822.25,6.0
2025-06-18 09:40:00+00:00,21810.5,21810.75,21809.0,21809.0,334.0
2025-06-18 09:41:00+00:00,21808.75,21810.75,21808.75,21810.75,13.0
2025-06-18 09:42:00+00:00,21810.5,21810.5,21809.0,21809.5,12.0
2025-06-18 09:43:00+00:00,21810.5,21811.5,21810.5,21811.5,4.0
2025-06-18 09:44:00+00:00,21810.25,21810.25,21810.25,21810.25,14.0
2025-06-18 09:45:00+00:00,21813.75,21815.5,21813.25,21813.5,16.0
2025-06-18 09:46:00+00:00,21813.25,21813.25,21813.25,21813.25,72.0
2025-06-18 09:47:00+00:00,21814.25,21814.25,21813.25,21813.5,14.0
2025-06-18 09:48:00+00:00,21812.25,21812.25,21807.75,21808.5,14.0
2025-06-18 09:49:00+00:00,21811.5,21811.75,21811.5,21811.75,7.0
2025-06-18 09:50:00+00:00,21810.5,21817.5,21807.75,21811.25,105.0
2025-06-18 09:51:00+00:00,21810.75,21810.75,21810.0,21810.0,21.0
2025-06-18 09:53:00+00:00,21810.0,21810.0,21810.0,21810.0,28.0
2025-06-18 09:55:00+00:00,21811.0,21812.75,21811.0,21812.75,12.0
2025-06-18 09:56:00+00:00,21807.25,21808.75,21807.25,21808.75,8.0
2025-06-18 09:57:00+00:00,21806.75,21807.25,21806.75,21806.75,14.0
2025-06-18 09:58:00+00:00,21805.75,21807.75,21805.75,21807.75,57.0
2025-06-18 09:59:00+00:00,21806.5,21806.5,21806.5,21806.5,11.0
2025-06-18 10:00:00+00:00,21806.0,21806.5,21805.25,21806.5,30.0
2025-06-18 10:01:00+00:00,21806.25,21807.75,21806.25,21807.75,13.0
2025-06-18 10:02:00+00:00,21801.25,21809.5,21801.0,21809.5,21.0
2025-06-18 10:03:00+00:00,21798.25,21803.75,21798.25,21800.75,106.0
2025-06-18 10:04:00+00:00,21798.5,21800.0,21797.25,21798.75,98.0
2025-06-18 10:05:00+00:00,21793.5,21799.25,21793.5,21799.25,113.0
2025-06-18 10:06:00+00:00,21799.25,21799.5,21793.25,21793.25,46.0
2025-06-18 10:07:00+00:00,21798.75,21799.75,21798.5,21799.25,48.0
2025-06-18 10:08:00+00:00,21798.5,21799.25,21798.5,21798.5,14.0
2025-06-18 10:09:00+00:00,21797.0,21799.25,21797.0,21799.0,14.0
2025-06-18 10:10:00+00:00,21796.75,21798.75,21796.5,21798.0,17.0
2025-06-18 10:11:00+00:00,21792.25,21796.25,21789.75,21796.25,109.0
2025-06-18 10:12:00+00:00,21789.25,21791.75,21787.25,21791.75,39.0
2025-06-18 10:13:00+00:00,21794.5,21795.75,21788.25,21789.0,86.0
2025-06-18 10:14:00+00:00,21799.5,21801.75,21794.5,21794.5,44.0
2025-06-18 10:15:00+00:00,21803.0,21804.75,21800.75,21800.75,20.0
2025-06-18 10:16:00+00:00,21806.25,21806.75,21805.0,21805.25,27.0
2025-06-18 10:17:00+00:00,21804.25,21807.0,21803.75,21807.0,48.0
2025-06-18 10:19:00+00:00,21807.25,21807.25,21806.5,21807.0,13.0
2025-06-18 10:20:00+00:00,21804.25,21804.25,21804.25,21804.25,4.0
2025-06-18 10:21:00+00:00,21789.75,21800.5,21789.75,21800.5,52.0
2025-06-18 10:22:00+00:00,21774.25,21788.25,21773.5,21787.25,66.0
2025-06-18 10:23:00+00:00,21782.0,21784.25,21768.0,21773.0,117.0
2025-06-18 10:24:00+00:00,21788.25,21789.75,21782.25,21782.25,39.0
2025-06-18 10:25:00+00:00,21793.0,21793.75,21786.25,21790.0,18.0
2025-06-18 10:26:00+00:00,21790.5,21793.0,21788.25,21792.25,15.0
2025-06-18 10:27:00+00:00,21790.75,21792.75,21789.5,21792.0,11.0
2025-06-18 10:28:00+00:00,21782.25,21789.5,21781.25,21789.5,18.0
2025-06-18 10:29:00+00:00,21783.75,21785.0,21783.75,21784.25,5.0
2025-06-18 10:30:00+00:00,21786.0,21787.0,21784.0,21784.25,23.0
2025-06-18 10:31:00+00:00,21781.25,21787.5,21781.25,21783.5,11.0
2025-06-18 10:32:00+00:00,21779.75,21785.0,21779.0,21779.75,22.0
2025-06-18 10:33:00+00:00,21775.75,21778.5,21772.5,21778.5,29.0
2025-06-18 10:34:00+00:00,21767.75,21775.0,21767.75,21775.0,21.0
2025-06-18 10:35:00+00:00,21767.5,21770.0,21764.5,21764.75,119.0
2025-06-18 10:36:00+00:00,21766.0,21770.25,21764.25,21765.25,103.0
2025-06-18 10:37:00+00:00,21766.75,21767.75,21765.75,21766.25,17.0
2025-06-18 10:38:00+00:00,21771.0,21771.75,21764.75,21764.75,15.0
2025-06-18 10:39:00+00:00,21771.5,21771.75,21770.0,21770.25,28.0
2025-06-18 10:40:00+00:00,21767.25,21773.0,21766.75,21771.25,17.0
2025-06-18 10:41:00+00:00,21772.0,21772.0,21766.75,21766.75,9.0
2025-06-18 10:42:00+00:00,21775.0,21776.0,21770.5,21770.5,11.0
2025-06-18 10:43:00+00:00,21781.75,21781.75,21775.25,21776.25,31.0
2025-06-18 10:44:00+00:00,21775.75,21781.75,21775.75,21780.0,28.0
2025-06-18 10:45:00+00:00,21779.5,21779.5,21774.25,21774.25,16.0
2025-06-18 10:46:00+00:00,21768.25,21784.25,21768.25,21783.5,56.0
2025-06-18 10:47:00+00:00,21770.5,21770.5,21766.5,21767.25,19.0
2025-06-18 10:48:00+00:00,21771.25,21772.0,21768.25,21768.25,16.0
2025-06-18 10:49:00+00:00,21772.25,21774.0,21770.0,21773.5,15.0
2025-06-18 10:50:00+00:00,21771.0,21775.0,21771.0,21771.25,11.0
2025-06-18 10:51:00+00:00,21766.0,21768.0,21764.5,21768.0,12.0
2025-06-18 10:52:00+00:00,21759.5,21763.5,21759.25,21763.5,18.0
2025-06-18 10:53:00+00:00,21749.25,21759.0,21748.0,21758.5,61.0
2025-06-18 10:54:00+00:00,21745.0,21751.5,21743.0,21751.5,62.0
2025-06-18 10:55:00+00:00,21745.25,21748.0,21740.0,21742.5,50.0
2025-06-18 10:56:00+00:00,21734.75,21742.25,21732.25,21742.25,36.0
2025-06-18 10:57:00+00:00,21731.0,21733.75,21730.0,21731.75,40.0
2025-06-18 10:58:00+00:00,21735.25,21736.75,21730.75,21732.0,58.0
2025-06-18 10:59:00+00:00,21735.75,21738.5,21732.75,21736.5,22.0
2025-06-18 11:00:00+00:00,21737.25,21737.25,21730.0,21732.75,45.0
2025-06-18 11:01:00+00:00,21735.5,21739.0,21733.5,21736.5,27.0
2025-06-18 11:02:00+00:00,21737.0,21739.25,21730.75,21734.0,97.0
2025-06-18 11:03:00+00:00,21739.0,21740.5,21735.5,21736.25,51.0
2025-06-18 11:04:00+00:00,21737.75,21739.25,21736.0,21739.25,10.0
2025-06-18 11:05:00+00:00,21743.5,21743.5,21739.25,21739.25,7.0
2025-06-18 11:06:00+00:00,21746.75,21747.25,21742.25,21742.25,19.0
2025-06-18 11:07:00+00:00,21737.5,21748.25,21736.25,21747.75,28.0
2025-06-18 11:08:00+00:00,21741.25,21741.25,21736.25,21736.5,9.0
2025-06-18 11:09:00+00:00,21740.25,21742.0,21738.75,21742.0,9.0
2025-06-18 11:10:00+00:00,21734.5,21739.0,21734.5,21739.0,25.0
2025-06-18 11:11:00+00:00,21740.25,21740.25,21729.75,21732.5,106.0
2025-06-18 11:12:00+00:00,21741.5,21744.0,21739.0,21741.25,24.0
2025-06-18 11:13:00+00:00,21743.75,21750.0,21742.25,21745.75,20.0
2025-06-18 11:14:00+00:00,21742.25,21745.75,21742.0,21744.25,15.0
2025-06-18 11:15:00+00:00,21745.5,21746.25,21740.75,21741.75,17.0
2025-06-18 11:16:00+00:00,21746.0,21746.75,21744.5,21744.5,6.0
2025-06-18 11:17:00+00:00,21747.5,21747.5,21740.0,21743.0,42.0
2025-06-18 11:18:00+00:00,21746.25,21748.25,21746.25,21746.75,7.0
2025-06-18 11:19:00+00:00,21736.75,21743.0,21736.25,21743.0,16.0
2025-06-18 11:20:00+00:00,21743.0,21743.0,21736.25,21736.25,20.0
2025-06-18 11:21:00+00:00,21744.5,21744.5,21740.5,21743.5,121.0
2025-06-18 11:22:00+00:00,21747.5,21748.25,21743.25,21743.5,13.0
2025-06-18 11:23:00+00:00,21750.25,21750.25,21746.0,21747.5,11.0
2025-06-18 11:24:00+00:00,21752.25,21755.0,21748.0,21750.75,43.0
2025-06-18 11:25:00+00:00,21753.25,21754.75,21749.75,21751.0,49.0
2025-06-18 11:26:00+00:00,21749.75,21752.25,21749.0,21752.25,17.0
2025-06-18 11:27:00+00:00,21763.0,21763.25,21752.25,21752.75,113.0
2025-06-18 11:28:00+00:00,21759.25,21762.0,21757.25,21762.0,31.0
2025-06-18 11:29:00+00:00,21759.75,21760.25,21755.25,21758.0,31.0
2025-06-18 11:30:00+00:00,21759.75,21760.25,21758.25,21760.0,12.0
2025-06-18 11:31:00+00:00,21758.75,21762.25,21756.0,21758.0,20.0
2025-06-18 11:32:00+00:00,21765.0,21765.0,21758.25,21758.25,16.0
2025-06-18 11:33:00+00:00,21765.75,21767.25,21763.25,21765.75,26.0
2025-06-18 11:34:00+00:00,21764.25,21765.5,21764.25,21765.5,5.0
2025-06-18 11:35:00+00:00,21764.5,21764.75,21762.0,21764.75,14.0
2025-06-18 11:36:00+00:00,21760.75,21770.75,21760.75,21766.5,36.0
2025-06-18 11:37:00+00:00,21754.5,21760.5,21753.75,21760.0,19.0
2025-06-18 11:38:00+00:00,21755.75,21757.25,21753.75,21753.75,16.0
2025-06-18 11:39:00+00:00,21760.5,21764.5,21758.0,21758.0,64.0
2025-06-18 11:40:00+00:00,21762.25,21762.25,21761.25,21762.25,4.0
2025-06-18 11:41:00+00:00,21764.25,21764.25,21761.75,21761.75,9.0
2025-06-18 11:42:00+00:00,21767.5,21767.75,21762.5,21762.5,20.0
2025-06-18 11:43:00+00:00,21781.25,21781.25,21768.5,21768.5,80.0
2025-06-18 11:44:00+00:00,21779.25,21782.5,21778.75,21781.75,23.0
2025-06-18 11:45:00+00:00,21790.75,21791.25,21778.75,21778.75,96.0
2025-06-18 11:46:00+00:00,21800.0,21805.0,21790.75,21791.0,116.0
2025-06-18 11:47:00+00:00,21797.5,21803.25,21796.75,21800.0,60.0
2025-06-18 11:48:00+00:00,21803.25,21806.5,21801.25,21801.75,51.0
2025-06-18 11:49:00+00:00,21798.25,21801.75,21798.0,21801.75,63.0
2025-06-18 11:50:00+00:00,21797.5,21800.0,21795.75,21799.75,92.0
2025-06-18 11:51:00+00:00,21794.25,21797.0,21794.25,21795.75,18.0
2025-06-18 11:52:00+00:00,21793.75,21795.25,21792.0,21795.25,21.0
2025-06-18 11:53:00+00:00,21792.25,21793.25,21788.0,21793.25,33.0
2025-06-18 11:54:00+00:00,21789.75,21794.75,21789.75,21793.5,65.0
2025-06-18 11:55:00+00:00,21790.5,21790.5,21789.25,21789.75,6.0
2025-06-18 11:56:00+00:00,21785.5,21789.25,21785.25,21788.75,22.0
2025-06-18 11:57:00+00:00,21782.0,21784.5,21781.25,21783.5,92.0
2025-06-18 11:58:00+00:00,21783.5,21783.75,21778.75,21782.25,27.0
2025-06-18 11:59:00+00:00,21783.25,21783.25,21780.0,21783.25,21.0
2025-06-18 12:00:00+00:00,21778.25,21783.25,21778.25,21782.75,96.0
2025-06-18 12:01:00+00:00,21780.75,21780.75,21779.0,21779.0,94.0
2025-06-18 12:02:00+00:00,21780.0,21785.0,21780.0,21781.75,23.0
2025-06-18 12:03:00+00:00,21773.5,21779.25,21773.25,21779.0,31.0
2025-06-18 12:04:00+00:00,21772.0,21774.25,21772.0,21773.25,24.0
2025-06-18 12:05:00+00:00,21779.0,21779.0,21771.5,21772.25,90.0
2025-06-18 12:06:00+00:00,21775.0,21780.25,21773.25,21778.0,24.0
2025-06-18 12:07:00+00:00,21773.0,21775.5,21772.25,21775.5,12.0
2025-06-18 12:08:00+00:00,21776.75,21776.75,21772.5,21773.0,9.0
2025-06-18 12:09:00+00:00,21777.5,21782.0,21777.5,21780.0,106.0
2025-06-18 12:10:00+00:00,21783.0,21784.75,21776.75,21778.75,56.0
2025-06-18 12:11:00+00:00,21780.75,21784.75,21779.0,21781.75,104.0
2025-06-18 12:12:00+00:00,21780.25,21780.5,21778.75,21780.25,8.0
2025-06-18 12:13:00+00:00,21786.0,21786.0,21779.5,21779.5,33.0
2025-06-18 12:14:00+00:00,21786.0,21786.0,21783.5,21785.25,42.0
2025-06-18 12:15:00+00:00,21793.25,21795.5,21784.75,21785.5,174.0
2025-06-18 12:16:00+00:00,21787.0,21794.0,21787.0,21793.0,19.0
2025-06-18 12:17:00+00:00,21776.5,21788.25,21775.5,21788.25,54.0
2025-06-18 12:18:00+00:00,21782.5,21782.75,21774.25,21776.0,35.0
2025-06-18 12:19:00+00:00,21781.5,21783.0,21779.75,21781.75,12.0
2025-06-18 12:20:00+00:00,21778.5,21781.5,21774.0,21781.25,23.0
2025-06-18 12:21:00+00:00,21786.75,21789.0,21778.75,21780.25,36.0
2025-06-18 12:22:00+00:00,21784.0,21787.0,21784.0,21784.75,11.0
2025-06-18 12:23:00+00:00,21782.5,21783.25,21778.75,21783.25,26.0
2025-06-18 12:24:00+00:00,21786.75,21787.5,21785.0,21785.0,8.0
2025-06-18 12:25:00+00:00,21781.75,21785.25,21781.0,21785.25,8.0
2025-06-18 12:26:00+00:00,21782.5,21782.5,21781.75,21782.0,7.0
2025-06-18 12:27:00+00:00,21776.25,21782.25,21769.5,21782.25,99.0
2025-06-18 12:28:00+00:00,21776.5,21778.0,21776.5,21776.5,12.0
2025-06-18 12:29:00+00:00,21777.0,21778.25,21777.0,21778.25,5.0
2025-06-18 12:30:00+00:00,21774.0,21779.25,21768.0,21779.25,35.0
2025-06-18 12:31:00+00:00,21773.5,21773.75,21771.0,21773.75,57.0
2025-06-18 12:32:00+00:00,21770.75,21777.75,21770.75,21774.0,83.0
2025-06-18 12:33:00+00:00,21775.75,21777.75,21769.25,21770.75,15.0
2025-06-18 12:34:00+00:00,21779.0,21780.0,21776.25,21776.75,9.0
2025-06-18 12:35:00+00:00,21781.75,21781.75,21776.75,21777.75,87.0
2025-06-18 12:36:00+00:00,21782.25,21786.0,21781.0,21781.75,56.0
2025-06-18 12:37:00+00:00,21765.75,21782.5,21764.75,21782.5,110.0
2025-06-18 12:38:00+00:00,21759.0,21765.0,21758.0,21765.0,47.0
2025-06-18 12:39:00+00:00,21764.5,21764.5,21756.75,21759.0,35.0
2025-06-18 12:40:00+00:00,21768.25,21770.0,21763.25,21764.5,76.0
2025-06-18 12:41:00+00:00,21770.0,21771.0,21766.25,21766.25,18.0
2025-06-18 12:42:00+00:00,21764.5,21770.0,21764.5,21769.25,14.0
2025-06-18 12:43:00+00:00,21764.25,21764.25,21764.0,21764.0,4.0
2025-06-18 12:44:00+00:00,21768.0,21768.0,21765.5,21765.5,4.0
2025-06-18 12:45:00+00:00,21766.5,21771.25,21766.5,21769.75,46.0
2025-06-18 12:46:00+00:00,21766.75,21767.75,21766.25,21766.25,8.0
2025-06-18 12:47:00+00:00,21760.5,21768.25,21760.0,21768.25,15.0
2025-06-18 12:48:00+00:00,21762.25,21763.75,21761.25,21761.25,17.0
2025-06-18 12:49:00+00:00,21768.5,21770.0,21763.0,21766.0,9.0
2025-06-18 12:50:00+00:00,21767.25,21770.5,21764.5,21770.0,46.0
2025-06-18 12:51:00+00:00,21772.0,21772.0,21765.75,21769.25,19.0
2025-06-18 12:52:00+00:00,21775.0,21777.25,21771.25,21771.25,74.0
2025-06-18 12:53:00+00:00,21779.0,21779.0,21775.0,21776.5,85.0
2025-06-18 12:54:00+00:00,21769.0,21780.75,21768.5,21779.0,51.0
2025-06-18 12:55:00+00:00,21768.75,21771.0,21766.25,21768.25,49.0
2025-06-18 12:56:00+00:00,21763.0,21770.0,21763.0,21768.0,48.0
2025-06-18 12:57:00+00:00,21769.0,21770.75,21762.0,21763.0,70.0
2025-06-18 12:58:00+00:00,21765.0,21769.0,21765.0,21769.0,76.0
2025-06-18 12:59:00+00:00,21763.0,21765.0,21762.75,21764.5,28.0
2025-06-18 13:00:00+00:00,21760.75,21769.5,21760.5,21763.25,41.0
2025-06-18 13:01:00+00:00,21763.25,21763.5,21760.75,21761.25,29.0
2025-06-18 13:02:00+00:00,21769.0,21769.0,21762.75,21762.75,23.0
2025-06-18 13:03:00+00:00,21772.75,21773.75,21770.5,21770.5,24.0
2025-06-18 13:04:00+00:00,21775.5,21775.5,21768.25,21772.75,42.0
2025-06-18 13:05:00+00:00,21777.75,21779.0,21774.75,21775.0,76.0
2025-06-18 13:06:00+00:00,21774.75,21782.25,21774.0,21779.25,124.0
2025-06-18 13:07:00+00:00,21780.0,21780.75,21773.5,21775.5,237.0
2025-06-18 13:08:00+00:00,21778.75,21780.0,21778.0,21779.5,52.0
2025-06-18 13:09:00+00:00,21782.0,21785.0,21777.25,21778.25,123.0
2025-06-18 13:10:00+00:00,21783.5,21784.75,21779.5,21782.0,44.0
2025-06-18 13:11:00+00:00,21784.0,21786.25,21783.0,21783.25,72.0
2025-06-18 13:12:00+00:00,21777.0,21785.5,21777.0,21784.75,118.0
2025-06-18 13:13:00+00:00,21778.0,21778.5,21773.75,21776.75,96.0
2025-06-18 13:14:00+00:00,21780.0,21781.25,21778.5,21779.0,41.0
2025-06-18 13:15:00+00:00,21776.5,21778.25,21776.5,21778.0,49.0
2025-06-18 13:16:00+00:00,21778.0,21780.0,21775.25,21775.75,56.0
2025-06-18 13:17:00+00:00,21776.5,21777.75,21773.25,21777.5,52.0
2025-06-18 13:18:00+00:00,21781.75,21783.75,21777.0,21777.0,88.0
2025-06-18 13:19:00+00:00,21783.5,21784.0,21779.0,21782.75,477.0
2025-06-18 13:20:00+00:00,21785.75,21788.25,21782.75,21782.75,199.0
2025-06-18 13:21:00+00:00,21789.5,21789.75,21786.0,21786.0,28.0
2025-06-18 13:22:00+00:00,21784.5,21790.5,21784.5,21789.75,101.0
2025-06-18 13:23:00+00:00,21786.5,21787.75,21782.75,21783.75,94.0
2025-06-18 13:24:00+00:00,21783.75,21790.5,21783.75,21786.5,57.0
2025-06-18 13:25:00+00:00,21782.75,21785.0,21777.5,21783.75,92.0
2025-06-18 13:26:00+00:00,21780.0,21784.75,21779.0,21782.75,85.0
2025-06-18 13:27:00+00:00,21780.75,21785.0,21776.75,21779.75,175.0
2025-06-18 13:28:00+00:00,21773.5,21781.25,21772.25,21781.25,58.0
2025-06-18 13:29:00+00:00,21769.5,21775.75,21769.5,21773.0,128.0
2025-06-18 13:30:00+00:00,21758.5,21771.5,21740.0,21770.5,754.0
2025-06-18 13:31:00+00:00,21743.25,21769.5,21741.75,21757.75,357.0
2025-06-18 13:32:00+00:00,21724.25,21745.5,21724.25,21744.0,360.0
2025-06-18 13:33:00+00:00,21717.25,21725.5,21708.75,21725.25,631.0
2025-06-18 13:34:00+00:00,21708.25,21716.5,21704.5,21716.5,614.0
2025-06-18 13:35:00+00:00,21724.75,21725.0,21707.5,21708.0,572.0
2025-06-18 13:36:00+00:00,21711.25,21720.75,21706.0,21720.75,248.0
2025-06-18 13:37:00+00:00,21729.5,21737.5,21714.5,21722.0,548.0
2025-06-18 13:38:00+00:00,21733.5,21740.0,21729.25,21731.25,213.0
2025-06-18 13:39:00+00:00,21738.0,21742.5,21732.5,21733.75,215.0
2025-06-18 13:40:00+00:00,21745.75,21746.25,21735.5,21738.75,241.0
2025-06-18 13:41:00+00:00,21752.75,21756.5,21741.75,21746.5,471.0
2025-06-18 13:42:00+00:00,21744.75,21754.5,21742.25,21752.25,145.0
2025-06-18 13:43:00+00:00,21750.5,21751.25,21742.75,21748.25,108.0
2025-06-18 13:44:00+00:00,21753.25,21763.5,21750.75,21751.5,194.0
2025-06-18 13:45:00+00:00,21753.75,21755.5,21748.0,21754.75,114.0
2025-06-18 13:46:00+00:00,21757.5,21760.25,21748.75,21754.5,132.0
2025-06-18 13:47:00+00:00,21770.75,21771.75,21755.75,21759.5,215.0
2025-06-18 13:48:00+00:00,21770.75,21776.0,21767.5,21772.0,179.0
2025-06-18 13:49:00+00:00,21778.75,21784.0,21770.75,21771.0,593.0
2025-06-18 13:50:00+00:00,21785.0,21785.5,21777.25,21778.75,183.0
2025-06-18 13:51:00+00:00,21781.5,21789.25,21779.5,21785.25,398.0
2025-06-18 13:52:00+00:00,21794.25,21797.5,21779.75,21783.75,434.0
2025-06-18 13:53:00+00:00,21796.5,21800.75,21794.5,21795.25,418.0
2025-06-18 13:54:00+00:00,21778.0,21801.25,21773.75,21797.25,508.0
2025-06-18 13:55:00+00:00,21783.5,21783.5,21775.25,21777.5,364.0
2025-06-18 13:56:00+00:00,21780.0,21790.5,21779.5,21784.0,468.0
2025-06-18 13:57:00+00:00,21782.25,21789.0,21778.25,21778.5,267.0
2025-06-18 13:58:00+00:00,21785.25,21787.0,21782.5,21782.5,146.0
2025-06-18 13:59:00+00:00,21778.75,21787.0,21778.75,21786.0,399.0
2025-06-18 14:00:00+00:00,21765.25,21784.25,21760.75,21780.25,736.0
2025-06-18 14:01:00+00:00,21759.25,21768.75,21758.0,21764.5,326.0
2025-06-18 14:02:00+00:00,21782.0,21783.0,21756.75,21758.5,424.0
2025-06-18 14:03:00+00:00,21801.75,21803.75,21781.25,21784.0,541.0
2025-06-18 14:04:00+00:00,21799.0,21810.5,21798.75,21801.75,514.0
2025-06-18 14:05:00+00:00,21793.75,21801.0,21788.5,21800.75,305.0
2025-06-18 14:06:00+00:00,21793.5,21795.75,21785.0,21795.5,182.0
2025-06-18 14:07:00+00:00,21800.0,21801.75,21788.75,21793.75,163.0
2025-06-18 14:08:00+00:00,21812.0,21813.25,21796.25,21801.25,362.0
2025-06-18 14:09:00+00:00,21799.75,21815.75,21798.25,21813.0,450.0
2025-06-18 14:10:00+00:00,21799.75,21807.75,21795.0,21801.0,231.0
2025-06-18 14:11:00+00:00,21807.25,21808.25,21800.5,21800.5,129.0
2025-06-18 14:12:00+00:00,21817.75,21818.5,21808.0,21808.0,192.0
2025-06-18 14:13:00+00:00,21822.0,21823.0,21814.75,21819.25,281.0
2025-06-18 14:14:00+00:00,21821.5,21833.25,21820.0,21821.75,499.0
2025-06-18 14:15:00+00:00,21821.75,21829.0,21818.75,21822.0,173.0
2025-06-18 14:16:00+00:00,21825.5,21829.5,21818.0,21823.5,477.0
2025-06-18 14:17:00+00:00,21827.5,21829.75,21824.0,21825.25,179.0
2025-06-18 14:18:00+00:00,21833.25,21839.5,21828.0,21828.0,430.0
2025-06-18 14:19:00+00:00,21830.25,21835.0,21830.0,21835.0,183.0
2025-06-18 14:20:00+00:00,21849.75,21851.75,21828.75,21829.25,400.0
2025-06-18 14:21:00+00:00,21838.0,21852.0,21837.25,21851.25,540.0
2025-06-18 14:22:00+00:00,21843.0,21846.25,21836.5,21837.5,202.0
2025-06-18 14:23:00+00:00,21840.25,21843.25,21834.0,21843.0,173.0
2025-06-18 14:24:00+00:00,21843.0,21847.25,21840.5,21840.75,183.0
2025-06-18 14:25:00+00:00,21842.75,21848.75,21841.75,21842.5,139.0
2025-06-18 14:26:00+00:00,21852.75,21854.0,21840.25,21843.25,145.0
2025-06-18 14:27:00+00:00,21850.5,21856.25,21849.75,21853.75,228.0
2025-06-18 14:28:00+00:00,21848.5,21856.0,21848.5,21851.5,148.0
2025-06-18 14:29:00+00:00,21849.25,21857.25,21848.0,21849.75,161.0
2025-06-18 14:30:00+00:00,21845.25,21854.25,21843.0,21848.75,183.0
2025-06-18 14:31:00+00:00,21858.0,21858.0,21845.0,21846.25,213.0
2025-06-18 14:32:00+00:00,21855.5,21858.5,21853.0,21856.25,136.0
2025-06-18 14:33:00+00:00,21854.25,21857.75,21853.0,21856.0,146.0
2025-06-18 14:34:00+00:00,21864.75,21868.5,21856.0,21856.25,234.0
2025-06-18 14:35:00+00:00,21867.5,21871.25,21861.0,21865.25,438.0
2025-06-18 14:36:00+00:00,21860.5,21868.25,21860.0,21866.5,131.0
2025-06-18 14:37:00+00:00,21856.75,21863.0,21853.25,21860.25,154.0
2025-06-18 14:38:00+00:00,21867.25,21869.0,21854.25,21856.0,175.0
2025-06-18 14:39:00+00:00,21865.5,21871.25,21865.25,21867.25,195.0
2025-06-18 14:40:00+00:00,21847.0,21867.25,21847.0,21865.75,325.0
2025-06-18 14:41:00+00:00,21849.75,21853.0,21841.0,21847.25,261.0
2025-06-18 14:42:00+00:00,21868.75,21868.75,21850.5,21850.5,123.0
2025-06-18 14:43:00+00:00,21867.25,21872.25,21867.25,21869.0,191.0
2025-06-18 14:44:00+00:00,21861.25,21867.0,21853.75,21867.0,386.0
2025-06-18 14:45:00+00:00,21864.5,21869.0,21861.0,21862.75,141.0
2025-06-18 14:46:00+00:00,21860.0,21862.75,21858.0,21862.75,145.0
2025-06-18 14:47:00+00:00,21862.25,21862.5,21859.75,21860.25,162.0
2025-06-18 14:48:00+00:00,21848.25,21862.0,21847.0,21861.75,229.0
2025-06-18 14:49:00+00:00,21851.75,21851.75,21842.5,21847.0,105.0
2025-06-18 14:50:00+00:00,21853.75,21858.0,21849.75,21851.75,84.0
2025-06-18 14:51:00+00:00,21847.5,21855.75,21847.5,21855.0,155.0
2025-06-18 14:52:00+00:00,21840.5,21847.5,21838.5,21847.5,309.0
2025-06-18 14:53:00+00:00,21836.0,21844.0,21835.0,21840.25,182.0
2025-06-18 14:54:00+00:00,21840.0,21841.25,21835.5,21836.0,230.0
2025-06-18 14:55:00+00:00,21838.75,21843.5,21838.25,21839.5,441.0
2025-06-18 14:56:00+00:00,21844.5,21845.75,21836.75,21840.5,237.0
2025-06-18 14:57:00+00:00,21845.0,21845.0,21844.25,21844.25,6.0
2025-06-18 14:58:00+00:00,21845.75,21846.5,21845.25,21846.5,114.0
2025-06-18 14:59:00+00:00,21854.0,21854.0,21850.0,21850.0,65.0
2025-06-18 15:00:00+00:00,21856.75,21857.0,21855.75,21855.75,185.0
2025-06-18 15:01:00+00:00,21859.75,21859.75,21857.25,21857.25,70.0
2025-06-18 15:03:00+00:00,21853.5,21854.25,21846.25,21846.5,283.0
2025-06-18 15:05:00+00:00,21853.5,21853.5,21851.0,21851.0,138.0
2025-06-18 15:06:00+00:00,21847.25,21849.25,21846.0,21849.0,54.0
2025-06-18 15:07:00+00:00,21842.75,21843.75,21842.0,21843.75,176.0
2025-06-18 15:08:00+00:00,21839.5,21843.5,21838.5,21842.5,55.0
2025-06-18 15:10:00+00:00,21840.5,21840.5,21838.5,21838.5,303.0
2025-06-18 15:11:00+00:00,21833.75,21833.75,21830.0,21833.25,84.0
2025-06-18 15:12:00+00:00,21836.75,21839.0,21836.75,21838.0,104.0
2025-06-18 15:14:00+00:00,21834.0,21835.25,21834.0,21835.25,114.0
2025-06-18 15:15:00+00:00,21836.25,21837.0,21833.5,21833.75,35.0
2025-06-18 15:17:00+00:00,21834.75,21834.75,21830.0,21833.0,224.0
2025-06-18 15:18:00+00:00,21836.25,21836.25,21830.5,21833.75,158.0
2025-06-18 15:19:00+00:00,21835.5,21835.75,21835.5,21835.75,7.0
2025-06-18 15:21:00+00:00,21827.5,21829.0,21827.25,21827.75,331.0
2025-06-18 15:22:00+00:00,21831.0,21831.75,21823.0,21826.5,365.0
2025-06-18 15:23:00+00:00,21829.75,21831.25,21827.5,21830.0,50.0
2025-06-18 15:26:00+00:00,21828.0,21828.25,21822.25,21822.75,425.0
2025-06-18 15:27:00+00:00,21832.75,21836.25,21825.5,21827.5,172.0
2025-06-18 15:30:00+00:00,21828.0,21828.0,21820.5,21823.75,563.0
2025-06-18 15:31:00+00:00,21839.0,21839.0,21827.5,21828.0,135.0
2025-06-18 15:32:00+00:00,21839.0,21840.0,21838.75,21839.25,8.0
2025-06-18 15:33:00+00:00,21830.5,21831.25,21826.5,21826.5,200.0
2025-06-18 15:34:00+00:00,21832.5,21834.25,21831.0,21831.5,199.0
2025-06-18 15:35:00+00:00,21828.0,21832.25,21827.0,21832.25,54.0
2025-06-18 15:37:00+00:00,21833.75,21833.75,21828.0,21828.0,186.0
2025-06-18 15:38:00+00:00,21829.0,21829.75,21825.0,21826.75,120.0
2025-06-18 15:39:00+00:00,21838.75,21839.5,21829.5,21830.5,89.0
2025-06-18 15:40:00+00:00,21830.0,21842.0,21818.0,21837.75,322.0
2025-06-18 15:41:00+00:00,21838.5,21840.0,21832.0,21832.0,62.0
2025-06-18 15:42:00+00:00,21827.75,21838.5,21825.25,21838.5,155.0
2025-06-18 15:43:00+00:00,21820.0,21827.25,21812.25,21826.75,177.0
2025-06-18 15:44:00+00:00,21826.5,21826.75,21814.0,21816.5,129.0
2025-06-18 15:45:00+00:00,21830.0,21833.0,21826.75,21826.75,80.0
2025-06-18 15:46:00+00:00,21825.75,21829.5,21824.0,21829.5,36.0
2025-06-18 15:47:00+00:00,21835.25,21835.25,21829.0,21829.0,85.0
2025-06-18 15:48:00+00:00,21831.0,21836.5,21829.25,21834.75,100.0
2025-06-18 15:49:00+00:00,21833.25,21835.25,21829.5,21831.0,24.0
2025-06-18 15:50:00+00:00,21838.75,21839.75,21832.5,21833.75,77.0
2025-06-18 15:52:00+00:00,21848.0,21849.5,21843.25,21843.5,135.0
2025-06-18 15:53:00+00:00,21847.75,21849.5,21839.5,21848.5,103.0
2025-06-18 15:54:00+00:00,21851.25,21851.5,21845.75,21846.75,46.0
2025-06-18 15:55:00+00:00,21846.0,21852.5,21844.25,21851.75,104.0
2025-06-18 15:56:00+00:00,21842.0,21846.5,21840.5,21843.75,74.0
2025-06-18 15:57:00+00:00,21827.75,21843.0,21826.5,21841.5,59.0
2025-06-18 15:58:00+00:00,21814.0,21827.75,21812.25,21826.25,91.0
2025-06-18 15:59:00+00:00,21815.0,21818.0,21810.0,21812.5,94.0
2025-06-18 16:00:00+00:00,21805.75,21813.75,21797.75,21813.75,136.0
2025-06-18 16:01:00+00:00,21816.25,21818.5,21802.5,21806.0,129.0
2025-06-18 16:02:00+00:00,21824.0,21825.0,21817.25,21817.25,97.0
2025-06-18 16:03:00+00:00,21830.0,21830.0,21823.0,21825.0,113.0
2025-06-18 16:04:00+00:00,21830.5,21832.75,21825.0,21830.75,117.0
2025-06-18 16:05:00+00:00,21826.25,21831.5,21823.0,21831.5,71.0
2025-06-18 16:06:00+00:00,21820.75,21825.75,21817.0,21825.0,122.0
2025-06-18 16:07:00+00:00,21822.25,21826.25,21821.25,21821.25,68.0
2025-06-18 16:08:00+00:00,21837.0,21840.0,21821.0,21821.0,240.0
2025-06-18 16:09:00+00:00,21835.5,21840.75,21835.0,21838.25,109.0
2025-06-18 16:10:00+00:00,21827.5,21836.5,21827.5,21836.25,117.0
2025-06-18 16:11:00+00:00,21828.5,21835.0,21825.75,21825.75,158.0
2025-06-18 16:12:00+00:00,21833.25,21834.0,21827.75,21828.5,71.0
2025-06-18 16:13:00+00:00,21835.0,21836.75,21831.5,21831.5,87.0
2025-06-18 16:14:00+00:00,21830.75,21834.75,21825.0,21834.0,159.0
2025-06-18 16:15:00+00:00,21831.25,21832.25,21829.25,21830.25,58.0
2025-06-18 16:16:00+00:00,21822.0,21829.25,21818.25,21829.0,107.0
2025-06-18 16:17:00+00:00,21818.5,21820.0,21815.25,21820.0,104.0
2025-06-18 16:18:00+00:00,21822.5,21826.5,21822.25,21822.5,90.0
2025-06-18 16:19:00+00:00,21818.75,21825.0,21817.5,21825.0,76.0
2025-06-18 16:20:00+00:00,21827.25,21827.75,21816.0,21816.0,85.0
2025-06-18 16:21:00+00:00,21824.25,21827.25,21822.5,21823.5,135.0
2025-06-18 16:22:00+00:00,21822.25,21826.0,21822.25,21826.0,108.0
2025-06-18 16:23:00+00:00,21824.5,21824.5,21816.75,21821.0,110.0
2025-06-18 16:24:00+00:00,21821.5,21821.5,21818.25,21821.0,92.0
2025-06-18 16:25:00+00:00,21826.0,21827.25,21820.5,21822.0,147.0
2025-06-18 16:26:00+00:00,21818.25,21825.75,21814.0,21825.75,99.0
2025-06-18 16:27:00+00:00,21816.5,21818.25,21811.5,21817.0,231.0
2025-06-18 16:28:00+00:00,21803.0,21815.75,21802.0,21815.75,122.0
2025-06-18 16:29:00+00:00,21804.25,21806.0,21800.0,21800.75,155.0
2025-06-18 16:30:00+00:00,21809.25,21811.75,21798.5,21804.25,146.0
2025-06-18 16:31:00+00:00,21813.0,21815.25,21808.5,21809.25,63.0
2025-06-18 16:32:00+00:00,21806.75,21814.75,21805.5,21814.75,83.0
2025-06-18 16:33:00+00:00,21809.25,21812.0,21807.5,21807.75,48.0
2025-06-18 16:34:00+00:00,21815.25,21819.5,21809.75,21809.75,87.0
2025-06-18 16:35:00+00:00,21810.0,21815.5,21809.5,21815.0,115.0
2025-06-18 16:36:00+00:00,21813.0,21814.5,21809.25,21809.5,47.0
2025-06-18 16:37:00+00:00,21809.25,21813.25,21804.25,21813.25,98.0
2025-06-18 16:38:00+00:00,21812.75,21812.75,21806.5,21812.5,112.0
2025-06-18 16:39:00+00:00,21815.75,21816.75,21811.25,21812.5,59.0
2025-06-18 16:40:00+00:00,21815.0,21821.5,21812.5,21814.75,92.0
2025-06-18 16:41:00+00:00,21818.0,21821.5,21812.5,21813.75,50.0
2025-06-18 16:42:00+00:00,21815.5,21817.25,21814.5,21816.25,56.0
2025-06-18 16:43:00+00:00,21814.75,21815.0,21810.5,21813.5,54.0
2025-06-18 16:44:00+00:00,21818.25,21818.25,21811.5,21814.75,64.0
2025-06-18 16:45:00+00:00,21818.25,21819.25,21814.75,21818.25,65.0
2025-06-18 16:46:00+00:00,21817.0,21822.0,21817.0,21817.5,65.0
2025-06-18 16:47:00+00:00,21813.0,21819.5,21813.0,21817.5,43.0
2025-06-18 16:48:00+00:00,21805.0,21812.0,21804.75,21812.0,141.0
2025-06-18 16:49:00+00:00,21806.5,21810.25,21805.5,21805.5,134.0
2025-06-18 16:50:00+00:00,21822.5,21823.0,21805.25,21805.75,86.0
2025-06-18 16:51:00+00:00,21822.75,21828.25,21820.5,21822.25,116.0
2025-06-18 16:52:00+00:00,21811.75,21822.75,21811.75,21822.75,124.0
2025-06-18 16:53:00+00:00,21810.5,21814.0,21808.0,21811.75,101.0
2025-06-18 16:54:00+00:00,21806.0,21810.75,21804.0,21809.5,60.0
2025-06-18 16:55:00+00:00,21809.0,21812.0,21803.0,21804.0,100.0
2025-06-18 16:56:00+00:00,21808.0,21813.5,21807.5,21809.25,66.0
2025-06-18 16:57:00+00:00,21809.5,21810.25,21804.75,21806.0,68.0
2025-06-18 16:58:00+00:00,21814.25,21816.0,21807.75,21808.25,42.0
2025-06-18 16:59:00+00:00,21804.5,21814.75,21803.0,21814.5,51.0
2025-06-18 17:00:00+00:00,21794.25,21805.5,21791.25,21801.75,150.0
2025-06-18 17:01:00+00:00,21802.5,21802.5,21793.0,21793.75,65.0
2025-06-18 17:02:00+00:00,21799.5,21803.0,21796.0,21803.0,46.0
2025-06-18 17:03:00+00:00,21801.75,21805.5,21799.25,21800.5,82.0
2025-06-18 17:04:00+00:00,21805.25,21809.75,21801.75,21801.75,72.0
2025-06-18 17:05:00+00:00,21805.25,21805.75,21800.5,21805.5,105.0
2025-06-18 17:06:00+00:00,21805.25,21805.75,21798.75,21805.5,108.0
2025-06-18 17:07:00+00:00,21799.25,21805.75,21798.75,21804.25,51.0
2025-06-18 17:08:00+00:00,21801.25,21802.5,21797.75,21802.5,23.0
2025-06-18 17:09:00+00:00,21807.75,21807.75,21801.25,21802.0,27.0
2025-06-18 17:10:00+00:00,21810.75,21812.75,21807.75,21808.5,81.0
2025-06-18 17:11:00+00:00,21810.5,21813.75,21808.25,21808.25,30.0
2025-06-18 17:12:00+00:00,21808.75,21811.5,21803.5,21809.75,73.0
2025-06-18 17:13:00+00:00,21800.0,21807.5,21797.5,21807.25,39.0
2025-06-18 17:14:00+00:00,21802.5,21805.75,21799.0,21799.25,48.0
2025-06-18 17:15:00+00:00,21808.5,21810.25,21804.25,21804.25,35.0
2025-06-18 17:16:00+00:00,21803.75,21806.5,21800.5,21806.5,48.0
2025-06-18 17:17:00+00:00,21799.25,21805.75,21797.25,21804.0,38.0
2025-06-18 17:18:00+00:00,21799.25,21801.0,21798.0,21799.25,60.0
2025-06-18 17:19:00+00:00,21796.75,21800.5,21795.75,21798.5,36.0
2025-06-18 17:20:00+00:00,21794.0,21795.5,21791.25,21795.0,95.0
2025-06-18 17:21:00+00:00,21777.25,21792.25,21777.0,21791.0,146.0
2025-06-18 17:22:00+00:00,21774.5,21778.5,21773.5,21777.25,132.0
2025-06-18 17:23:00+00:00,21769.5,21774.5,21768.25,21772.25,69.0
2025-06-18 17:24:00+00:00,21772.75,21772.75,21766.0,21768.5,86.0
2025-06-18 17:25:00+00:00,21771.25,21776.5,21768.25,21770.75,81.0
2025-06-18 17:26:00+00:00,21769.5,21772.75,21768.0,21769.25,90.0
2025-06-18 17:27:00+00:00,21763.5,21770.5,21762.0,21769.0,74.0
2025-06-18 17:28:00+00:00,21758.0,21763.5,21753.0,21763.5,237.0
2025-06-18 17:29:00+00:00,21752.5,21756.75,21752.25,21756.0,53.0
2025-06-18 17:30:00+00:00,21752.75,21759.5,21748.0,21753.25,171.0
2025-06-18 17:31:00+00:00,21737.25,21751.5,21729.0,21751.5,322.0
2025-06-18 17:32:00+00:00,21730.25,21734.25,21726.0,21734.25,161.0
2025-06-18 17:33:00+00:00,21724.25,21730.25,21717.75,21729.0,461.0
2025-06-18 17:34:00+00:00,21733.25,21735.0,21719.5,21723.0,170.0
2025-06-18 17:35:00+00:00,21725.0,21733.0,21716.25,21732.5,206.0
2025-06-18 17:36:00+00:00,21737.5,21738.25,21720.5,21722.25,207.0
2025-06-18 17:37:00+00:00,21744.5,21747.25,21735.25,21739.25,210.0
2025-06-18 17:38:00+00:00,21751.25,21751.75,21744.0,21745.5,108.0
2025-06-18 17:39:00+00:00,21753.75,21755.25,21747.0,21752.0,131.0
2025-06-18 17:40:00+00:00,21754.25,21757.25,21750.25,21755.0,66.0
2025-06-18 17:41:00+00:00,21762.75,21764.0,21755.75,21758.0,96.0
2025-06-18 17:42:00+00:00,21773.25,21773.75,21762.5,21762.5,112.0
2025-06-18 17:43:00+00:00,21777.0,21778.25,21772.5,21773.0,136.0
2025-06-18 17:44:00+00:00,21777.5,21779.5,21776.5,21778.75,68.0
2025-06-18 17:45:00+00:00,21781.25,21784.25,21778.25,21778.25,70.0
2025-06-18 17:46:00+00:00,21790.5,21792.0,21780.5,21780.75,107.0
2025-06-18 17:47:00+00:00,21792.25,21795.75,21790.25,21792.0,51.0
2025-06-18 17:48:00+00:00,21799.0,21799.25,21794.0,21794.0,116.0
2025-06-18 17:49:00+00:00,21789.0,21799.25,21788.5,21798.5,114.0
2025-06-18 17:50:00+00:00,21785.0,21794.0,21782.75,21789.5,94.0
2025-06-18 17:51:00+00:00,21800.75,21801.0,21786.0,21786.0,86.0
2025-06-18 17:52:00+00:00,21805.25,21806.0,21800.75,21801.0,115.0
2025-06-18 17:53:00+00:00,21805.0,21809.0,21803.25,21806.25,128.0
2025-06-18 17:54:00+00:00,21807.0,21809.0,21805.0,21807.0,77.0
2025-06-18 17:55:00+00:00,21805.75,21806.5,21801.5,21803.5,41.0
2025-06-18 17:56:00+00:00,21813.75,21815.25,21804.0,21804.0,64.0
2025-06-18 17:57:00+00:00,21808.75,21812.75,21808.0,21812.5,45.0
2025-06-18 17:58:00+00:00,21802.0,21808.5,21797.0,21808.5,44.0
2025-06-18 17:59:00+00:00,21804.25,21807.25,21795.75,21795.75,60.0
2025-06-18 18:00:00+00:00,21835.5,21857.75,21789.25,21807.0,350.0
2025-06-18 18:01:00+00:00,21819.75,21840.75,21816.5,21832.75,147.0
2025-06-18 18:02:00+00:00,21775.75,21815.75,21775.75,21815.75,205.0
2025-06-18 18:03:00+00:00,21785.75,21795.0,21772.75,21773.0,136.0
2025-06-18 18:04:00+00:00,21751.5,21796.0,21750.25,21791.75,571.0
2025-06-18 18:05:00+00:00,21763.0,21771.75,21745.0,21752.25,420.0
2025-06-18 18:06:00+00:00,21777.25,21778.25,21753.75,21762.0,174.0
2025-06-18 18:07:00+00:00,21785.0,21785.25,21764.5,21778.0,133.0
2025-06-18 18:08:00+00:00,21777.25,21796.25,21776.5,21783.25,127.0
2025-06-18 18:09:00+00:00,21772.0,21776.25,21765.5,21775.75,134.0
2025-06-18 18:10:00+00:00,21773.5,21776.5,21760.0,21771.75,206.0
2025-06-18 18:11:00+00:00,21786.0,21786.0,21770.25,21773.5,208.0
2025-06-18 18:12:00+00:00,21776.25,21791.0,21775.0,21785.25,113.0
2025-06-18 18:13:00+00:00,21780.5,21783.5,21766.75,21776.25,135.0
2025-06-18 18:14:00+00:00,21787.25,21792.0,21775.25,21779.5,164.0
2025-06-18 18:15:00+00:00,21787.0,21790.0,21777.75,21788.25,151.0
2025-06-18 18:16:00+00:00,21781.0,21793.75,21781.0,21787.25,122.0
2025-06-18 18:17:00+00:00,21799.25,21801.0,21780.25,21781.25,142.0
2025-06-18 18:18:00+00:00,21785.75,21797.5,21785.75,21797.5,139.0
2025-06-18 18:19:00+00:00,21774.75,21787.25,21774.5,21786.0,189.0
2025-06-18 18:20:00+00:00,21774.25,21779.25,21765.75,21774.25,173.0
2025-06-18 18:21:00+00:00,21770.25,21780.5,21769.25,21774.75,124.0
2025-06-18 18:22:00+00:00,21773.5,21776.75,21764.25,21769.75,120.0
2025-06-18 18:23:00+00:00,21761.75,21774.25,21761.25,21772.0,161.0
2025-06-18 18:24:00+00:00,21767.25,21769.0,21750.75,21761.25,251.0
2025-06-18 18:25:00+00:00,21789.25,21789.5,21765.0,21769.0,104.0
2025-06-18 18:26:00+00:00,21786.25,21794.25,21783.5,21790.0,158.0
2025-06-18 18:27:00+00:00,21792.25,21792.25,21780.0,21788.5,102.0
2025-06-18 18:28:00+00:00,21777.25,21792.5,21773.75,21792.5,194.0
2025-06-18 18:29:00+00:00,21785.75,21793.0,21776.5,21776.5,153.0
2025-06-18 18:30:00+00:00,21774.5,21786.75,21771.0,21786.75,89.0
2025-06-18 18:31:00+00:00,21790.25,21791.75,21771.5,21771.5,79.0
2025-06-18 18:32:00+00:00,21810.75,21813.75,21789.75,21789.75,226.0
2025-06-18 18:33:00+00:00,21822.75,21823.25,21808.5,21812.75,688.0
2025-06-18 18:34:00+00:00,21822.5,21828.0,21821.75,21821.75,215.0
2025-06-18 18:35:00+00:00,21776.0,21823.5,21767.75,21822.75,1004.0
2025-06-18 18:36:00+00:00,21790.25,21799.5,21770.0,21774.0,326.0
2025-06-18 18:37:00+00:00,21782.5,21792.5,21779.75,21792.5,215.0
2025-06-18 18:38:00+00:00,21809.25,21811.75,21779.75,21782.75,321.0
2025-06-18 18:39:00+00:00,21797.5,21810.25,21796.0,21810.0,316.0
2025-06-18 18:40:00+00:00,21812.25,21815.25,21788.0,21798.5,328.0
2025-06-18 18:41:00+00:00,21828.5,21828.5,21809.0,21814.25,390.0
2025-06-18 18:42:00+00:00,21833.25,21839.25,21824.0,21828.25,433.0
2025-06-18 18:43:00+00:00,21828.5,21838.25,21824.0,21832.75,152.0
2025-06-18 18:44:00+00:00,21823.0,21831.5,21820.0,21829.0,142.0
2025-06-18 18:45:00+00:00,21800.25,21822.0,21798.0,21822.0,425.0
2025-06-18 18:46:00+00:00,21805.75,21806.5,21786.0,21800.25,196.0
2025-06-18 18:47:00+00:00,21800.75,21812.0,21797.5,21804.0,204.0
2025-06-18 18:48:00+00:00,21792.25,21803.25,21783.75,21803.25,263.0
2025-06-18 18:49:00+00:00,21792.75,21796.25,21787.75,21791.0,158.0
2025-06-18 18:50:00+00:00,21781.0,21793.25,21773.25,21793.25,617.0
2025-06-18 18:51:00+00:00,21782.25,21782.5,21764.0,21780.25,306.0
2025-06-18 18:52:00+00:00,21768.75,21782.25,21768.5,21782.25,199.0
2025-06-18 18:53:00+00:00,21746.75,21769.0,21741.0,21766.0,723.0
2025-06-18 18:54:00+00:00,21753.25,21754.5,21733.5,21746.0,388.0
2025-06-18 18:55:00+00:00,21731.25,21754.25,21725.5,21753.0,282.0
2025-06-18 18:56:00+00:00,21713.75,21735.5,21704.5,21729.75,369.0
2025-06-18 18:57:00+00:00,21693.25,21713.75,21685.0,21710.75,564.0
2025-06-18 18:58:00+00:00,21689.5,21709.5,21667.75,21692.5,614.0
2025-06-18 18:59:00+00:00,21692.75,21700.25,21674.75,21689.5,337.0
2025-06-18 19:00:00+00:00,21674.5,21692.5,21664.25,21692.5,563.0
2025-06-18 19:01:00+00:00,21687.75,21698.0,21660.0,21671.75,345.0
2025-06-18 19:02:00+00:00,21697.75,21709.25,21681.75,21689.75,236.0
2025-06-18 19:03:00+00:00,21701.5,21713.5,21698.5,21700.25,204.0
2025-06-18 19:04:00+00:00,21731.75,21743.75,21702.25,21703.25,316.0
2025-06-18 19:05:00+00:00,21726.75,21746.0,21726.75,21732.0,261.0
2025-06-18 19:06:00+00:00,21728.0,21741.5,21723.75,21730.0,197.0
2025-06-18 19:07:00+00:00,21718.0,21733.25,21709.5,21728.5,190.0
2025-06-18 19:08:00+00:00,21711.25,21719.75,21707.0,21714.25,74.0
2025-06-18 19:09:00+00:00,21709.75,21712.75,21699.25,21708.25,118.0
2025-06-18 19:10:00+00:00,21714.25,21714.25,21702.0,21708.75,95.0
2025-06-18 19:11:00+00:00,21723.5,21727.0,21714.0,21714.75,154.0
2025-06-18 19:12:00+00:00,21702.25,21724.0,21702.0,21721.0,123.0
2025-06-18 19:13:00+00:00,21754.0,21758.0,21687.75,21700.5,365.0
2025-06-18 19:14:00+00:00,21765.25,21777.75,21751.0,21754.75,330.0
2025-06-18 19:15:00+00:00,21757.0,21765.25,21742.25,21765.25,243.0
2025-06-18 19:16:00+00:00,21750.0,21756.25,21734.5,21754.5,155.0
2025-06-18 19:17:00+00:00,21732.5,21757.5,21732.5,21751.0,123.0
2025-06-18 19:18:00+00:00,21745.25,21747.25,21732.25,21732.25,93.0
2025-06-18 19:19:00+00:00,21756.0,21759.75,21738.75,21749.0,214.0
2025-06-18 19:20:00+00:00,21760.0,21761.75,21749.75,21755.75,199.0
2025-06-18 19:21:00+00:00,21771.75,21773.5,21758.5,21760.25,290.0
2025-06-18 19:22:00+00:00,21779.5,21787.75,21768.0,21771.75,963.0
2025-06-18 19:23:00+00:00,21782.25,21787.25,21778.25,21780.75,186.0
2025-06-18 19:24:00+00:00,21769.75,21786.25,21769.5,21782.75,158.0
2025-06-18 19:25:00+00:00,21766.5,21769.5,21753.5,21766.75,263.0
2025-06-18 19:26:00+00:00,21750.5,21768.0,21749.0,21767.25,202.0
2025-06-18 19:27:00+00:00,21727.0,21752.5,21726.5,21749.25,571.0
2025-06-18 19:28:00+00:00,21703.0,21724.75,21699.75,21724.75,534.0
2025-06-18 19:29:00+00:00,21697.5,21706.0,21694.0,21699.0,245.0
2025-06-18 19:30:00+00:00,21713.0,21718.5,21685.25,21695.25,635.0
2025-06-18 19:31:00+00:00,21729.75,21731.0,21713.0,21714.25,343.0
2025-06-18 19:32:00+00:00,21731.25,21739.0,21722.75,21728.5,329.0
2025-06-18 19:33:00+00:00,21737.25,21739.75,21729.0,21732.5,209.0
2025-06-18 19:34:00+00:00,21735.5,21740.0,21729.75,21736.0,202.0
2025-06-18 19:35:00+00:00,21748.25,21748.25,21728.0,21732.75,278.0
2025-06-18 19:36:00+00:00,21751.25,21759.25,21747.75,21748.75,325.0
2025-06-18 19:37:00+00:00,21758.25,21760.75,21752.5,21752.5,282.0
2025-06-18 19:38:00+00:00,21752.75,21761.75,21745.5,21759.25,246.0
2025-06-18 19:39:00+00:00,21755.25,21759.5,21748.25,21752.5,232.0
2025-06-18 19:40:00+00:00,21758.25,21762.75,21754.5,21755.25,221.0
2025-06-18 19:41:00+00:00,21763.5,21767.0,21756.25,21759.5,212.0
2025-06-18 19:42:00+00:00,21755.25,21765.25,21741.75,21765.25,337.0
2025-06-18 19:43:00+00:00,21772.5,21773.25,21752.5,21754.75,235.0
2025-06-18 19:44:00+00:00,21776.5,21777.25,21768.25,21772.25,242.0
2025-06-18 19:45:00+00:00,21762.75,21777.25,21757.0,21775.0,305.0
2025-06-18 19:46:00+00:00,21753.75,21762.5,21747.75,21762.5,331.0
2025-06-18 19:47:00+00:00,21759.75,21761.75,21750.75,21754.5,241.0
2025-06-18 19:48:00+00:00,21760.0,21760.0,21749.5,21755.5,184.0
2025-06-18 19:49:00+00:00,21753.75,21760.0,21749.0,21759.25,185.0
2025-06-18 19:50:00+00:00,21742.75,21769.75,21742.75,21750.75,462.0
2025-06-18 19:51:00+00:00,21733.25,21741.0,21726.75,21740.5,379.0
2025-06-18 19:52:00+00:00,21732.0,21744.0,21723.5,21733.0,408.0
2025-06-18 19:53:00+00:00,21740.25,21744.5,21731.5,21733.75,349.0
2025-06-18 19:54:00+00:00,21724.5,21740.25,21721.75,21738.25,487.0
2025-06-18 19:55:00+00:00,21724.75,21742.0,21721.75,21726.0,1238.0
2025-06-18 19:56:00+00:00,21732.5,21736.0,21720.0,21724.25,479.0
2025-06-18 19:57:00+00:00,21721.5,21733.25,21718.5,21732.5,617.0
2025-06-18 19:58:00+00:00,21718.75,21726.25,21715.25,21721.5,661.0
2025-06-18 19:59:00+00:00,21723.25,21726.0,21710.0,21718.75,1751.0
2025-06-18 20:00:00+00:00,21743.25,21748.5,21720.25,21722.5,751.0
2025-06-18 20:01:00+00:00,21746.75,21752.5,21737.75,21739.5,236.0
2025-06-18 20:02:00+00:00,21733.75,21745.0,21732.0,21745.0,187.0
2025-06-18 20:03:00+00:00,21736.0,21738.0,21732.25,21733.75,95.0
2025-06-18 20:04:00+00:00,21738.0,21738.0,21733.75,21737.25,97.0
2025-06-18 20:05:00+00:00,21728.5,21738.75,21727.75,21738.0,130.0
2025-06-18 20:06:00+00:00,21724.25,21735.5,21724.25,21729.5,54.0
2025-06-18 20:07:00+00:00,21733.75,21734.5,21728.5,21728.5,50.0
2025-06-18 20:08:00+00:00,21733.5,21734.5,21729.5,21732.5,42.0
2025-06-18 20:09:00+00:00,21734.25,21736.0,21730.75,21733.0,44.0
2025-06-18 20:10:00+00:00,21737.0,21737.0,21730.5,21734.25,88.0
2025-06-18 20:11:00+00:00,21732.25,21735.0,21732.25,21735.0,14.0
2025-06-18 20:12:00+00:00,21736.0,21736.0,21733.25,21733.25,86.0
2025-06-18 20:13:00+00:00,21736.0,21738.5,21736.0,21738.25,95.0
2025-06-18 20:14:00+00:00,21736.25,21737.25,21733.25,21737.25,68.0
2025-06-18 20:15:00+00:00,21738.75,21738.75,21735.75,21736.0,11.0
2025-06-18 20:16:00+00:00,21742.5,21743.0,21738.25,21738.25,25.0
2025-06-18 20:17:00+00:00,21739.5,21743.0,21739.5,21740.75,10.0
2025-06-18 20:18:00+00:00,21741.75,21741.75,21739.75,21739.75,13.0
2025-06-18 20:19:00+00:00,21739.25,21742.0,21739.25,21742.0,87.0
2025-06-18 20:20:00+00:00,21730.5,21739.25,21728.75,21739.25,54.0
2025-06-18 20:21:00+00:00,21735.75,21735.75,21730.75,21731.0,9.0
2025-06-18 20:22:00+00:00,21732.75,21737.75,21731.5,21736.5,21.0
2025-06-18 20:23:00+00:00,21728.0,21730.75,21728.0,21730.75,13.0
2025-06-18 20:24:00+00:00,21726.25,21730.0,21725.25,21728.75,32.0
2025-06-18 20:25:00+00:00,21728.5,21729.25,21725.5,21726.25,32.0
2025-06-18 20:26:00+00:00,21727.75,21729.5,21727.75,21729.25,26.0
2025-06-18 20:27:00+00:00,21724.5,21727.75,21724.0,21727.75,43.0
2025-06-18 20:28:00+00:00,21728.25,21728.5,21723.25,21723.5,46.0
2025-06-18 20:29:00+00:00,21733.25,21733.75,21727.0,21728.0,36.0
2025-06-18 20:30:00+00:00,21732.5,21735.25,21731.5,21735.25,13.0
2025-06-18 20:31:00+00:00,21727.0,21730.5,21727.0,21729.75,20.0
2025-06-18 20:32:00+00:00,21728.25,21729.0,21727.0,21727.0,38.0
2025-06-18 20:33:00+00:00,21728.25,21728.25,21727.5,21728.0,9.0
2025-06-18 20:34:00+00:00,21726.75,21728.5,21725.75,21728.5,101.0
2025-06-18 20:35:00+00:00,21728.5,21730.25,21727.0,21727.0,18.0
2025-06-18 20:36:00+00:00,21728.25,21731.25,21728.25,21729.0,109.0
2025-06-18 20:37:00+00:00,21737.5,21737.5,21730.75,21730.75,10.0
2025-06-18 20:38:00+00:00,21739.75,21740.75,21737.0,21737.0,63.0
2025-06-18 20:39:00+00:00,21741.75,21741.75,21739.0,21740.25,36.0
2025-06-18 20:40:00+00:00,21749.0,21749.0,21742.0,21742.0,95.0
2025-06-18 20:41:00+00:00,21747.25,21750.5,21746.0,21749.25,32.0
2025-06-18 20:42:00+00:00,21742.5,21747.75,21742.25,21746.75,6.0
2025-06-18 20:43:00+00:00,21741.0,21743.5,21739.5,21741.75,142.0
2025-06-18 20:44:00+00:00,21742.25,21742.25,21739.75,21740.75,45.0
2025-06-18 20:45:00+00:00,21736.25,21742.75,21735.75,21742.25,69.0
2025-06-18 20:46:00+00:00,21736.5,21738.25,21735.0,21736.25,91.0
2025-06-18 20:47:00+00:00,21741.75,21741.75,21731.25,21736.25,131.0
2025-06-18 20:48:00+00:00,21739.5,21742.5,21738.0,21742.5,63.0
2025-06-18 20:49:00+00:00,21739.25,21742.0,21738.5,21738.5,13.0
2025-06-18 20:50:00+00:00,21742.75,21743.5,21739.0,21739.75,18.0
2025-06-18 20:51:00+00:00,21745.25,21745.25,21741.0,21741.0,10.0
2025-06-18 20:52:00+00:00,21747.25,21747.75,21745.0,21746.25,18.0
2025-06-18 20:53:00+00:00,21746.5,21747.75,21745.0,21746.5,10.0
2025-06-18 20:54:00+00:00,21747.0,21747.5,21746.25,21746.25,10.0
2025-06-18 20:55:00+00:00,21747.75,21747.75,21747.0,21747.0,2.0
2025-06-18 20:56:00+00:00,21748.5,21750.0,21746.75,21748.5,46.0
2025-06-18 20:57:00+00:00,21744.75,21748.25,21744.75,21748.0,9.0
2025-06-18 20:58:00+00:00,21742.75,21743.5,21742.75,21743.5,5.0
2025-06-18 20:59:00+00:00,21732.0,21742.5,21732.0,21742.5,14.0
2025-06-18 22:00:00+00:00,21726.75,21733.0,21725.25,21731.0,0.0
2025-06-18 22:01:00+00:00,21727.25,21732.25,21727.25,21732.25,11.0
2025-06-18 22:02:00+00:00,21731.75,21731.75,21730.25,21730.25,5.0
2025-06-18 22:05:00+00:00,21716.5,21726.5,21716.5,21726.5,24.0
2025-06-18 22:06:00+00:00,21717.0,21721.0,21717.0,21720.25,19.0
2025-06-18 22:07:00+00:00,21714.0,21714.0,21714.0,21714.0,2.0
2025-06-18 22:08:00+00:00,21727.0,21727.0,21709.75,21712.75,30.0
2025-06-18 22:09:00+00:00,21719.0,21725.75,21719.0,21725.0,20.0
2025-06-18 22:10:00+00:00,21710.25,21719.0,21710.0,21719.0,18.0
2025-06-18 22:11:00+00:00,21704.5,21709.25,21700.75,21709.25,20.0
2025-06-18 22:12:00+00:00,21704.5,21708.0,21704.5,21706.0,16.0
2025-06-18 22:13:00+00:00,21707.25,21707.25,21707.25,21707.25,1.0
2025-06-18 22:16:00+00:00,21701.5,21703.25,21701.5,21703.25,2.0
2025-06-18 22:17:00+00:00,21701.0,21701.0,21700.25,21701.0,12.0
2025-06-18 22:18:00+00:00,21706.25,21709.0,21702.0,21702.0,14.0
2025-06-18 22:19:00+00:00,21706.25,21706.25,21706.25,21706.25,3.0
2025-06-18 22:20:00+00:00,21701.5,21706.0,21701.25,21706.0,4.0
2025-06-18 22:21:00+00:00,21698.0,21700.5,21698.0,21700.5,4.0
2025-06-18 22:22:00+00:00,21699.25,21699.25,21695.75,21697.0,12.0
2025-06-18 22:23:00+00:00,21708.25,21710.5,21703.0,21703.0,19.0
2025-06-18 22:24:00+00:00,21715.25,21715.25,21710.25,21710.25,10.0
2025-06-18 22:26:00+00:00,21710.0,21711.25,21706.5,21711.0,10.0
2025-06-18 22:27:00+00:00,21706.75,21710.25,21706.5,21710.0,17.0
2025-06-18 22:29:00+00:00,21707.5,21708.25,21707.5,21708.25,5.0
2025-06-18 22:30:00+00:00,21702.25,21705.0,21702.0,21705.0,4.0
2025-06-18 22:31:00+00:00,21694.0,21698.0,21694.0,21697.25,6.0
2025-06-18 22:32:00+00:00,21695.0,21696.0,21693.75,21693.75,7.0
2025-06-18 22:33:00+00:00,21693.5,21695.0,21693.25,21693.25,5.0
2025-06-18 22:34:00+00:00,21691.75,21692.75,21691.75,21692.75,5.0
2025-06-18 22:35:00+00:00,21688.25,21691.25,21688.25,21691.25,6.0
2025-06-18 22:36:00+00:00,21686.75,21688.75,21686.75,21688.75,3.0
2025-06-18 22:37:00+00:00,21694.0,21694.0,21690.0,21690.0,11.0
2025-06-18 22:38:00+00:00,21696.5,21696.5,21694.25,21694.25,2.0
2025-06-18 22:39:00+00:00,21695.5,21695.5,21695.5,21695.5,2.0
2025-06-18 22:40:00+00:00,21699.0,21701.5,21696.0,21696.0,12.0
2025-06-18 22:41:00+00:00,21693.5,21693.5,21693.5,21693.5,2.0
2025-06-18 22:42:00+00:00,21689.75,21689.75,21688.25,21688.25,6.0
2025-06-18 22:43:00+00:00,21696.5,21696.5,21696.5,21696.5,2.0
2025-06-18 22:44:00+00:00,21698.0,21698.0,21698.0,21698.0,6.0
2025-06-18 22:45:00+00:00,21696.75,21696.75,21696.75,21696.75,2.0
2025-06-18 22:46:00+00:00,21699.5,21700.0,21698.75,21700.0,9.0
2025-06-18 22:47:00+00:00,21695.25,21698.0,21695.25,21697.0,13.0
2025-06-18 22:48:00+00:00,21694.25,21695.0,21694.25,21695.0,3.0
2025-06-18 22:50:00+00:00,21698.0,21698.0,21697.25,21697.25,2.0
2025-06-18 22:52:00+00:00,21703.25,21703.75,21702.25,21702.25,12.0
2025-06-18 22:53:00+00:00,21705.5,21709.25,21705.5,21708.5,15.0
2025-06-18 22:54:00+00:00,21708.0,21708.0,21706.5,21706.5,4.0
2025-06-18 22:55:00+00:00,21706.25,21709.25,21706.0,21709.25,3.0
2025-06-18 22:56:00+00:00,21708.25,21708.25,21708.25,21708.25,1.0
2025-06-18 22:57:00+00:00,21705.5,21709.0,21705.5,21705.5,14.0
2025-06-18 22:58:00+00:00,21706.25,21707.0,21706.25,21706.75,3.0
2025-06-18 22:59:00+00:00,21713.0,21713.0,21713.0,21713.0,1.0
2025-06-18 23:00:00+00:00,21713.0,21713.0,21710.0,21710.0,4.0
2025-06-18 23:01:00+00:00,21710.25,21710.25,21709.25,21709.5,6.0
2025-06-18 23:02:00+00:00,21718.25,21718.25,21711.0,21711.0,16.0
2025-06-18 23:03:00+00:00,21714.0,21717.25,21714.0,21716.0,9.0
2025-06-18 23:04:00+00:00,21717.5,21717.75,21716.25,21716.25,9.0
2025-06-18 23:05:00+00:00,21717.75,21720.5,21717.75,21719.5,17.0
2025-06-18 23:06:00+00:00,21711.0,21714.5,21711.0,21714.5,2.0
2025-06-18 23:07:00+00:00,21708.75,21710.75,21708.75,21710.75,30.0
2025-06-18 23:08:00+00:00,21711.5,21712.75,21710.75,21710.75,11.0
2025-06-18 23:09:00+00:00,21710.25,21710.75,21710.25,21710.75,5.0
2025-06-18 23:10:00+00:00,21704.0,21705.5,21704.0,21705.5,7.0
2025-06-18 23:12:00+00:00,21709.25,21709.25,21709.25,21709.25,1.0
2025-06-18 23:13:00+00:00,21707.0,21708.75,21707.0,21708.75,3.0
2025-06-18 23:14:00+00:00,21706.25,21706.25,21706.25,21706.25,1.0
2025-06-18 23:15:00+00:00,21707.0,21707.0,21706.25,21706.25,3.0
2025-06-18 23:17:00+00:00,21703.25,21703.25,21703.25,21703.25,1.0
2025-06-18 23:18:00+00:00,21704.0,21704.0,21704.0,21704.0,1.0
2025-06-18 23:19:00+00:00,21710.0,21713.0,21710.0,21710.0,8.0
2025-06-18 23:22:00+00:00,21708.75,21708.75,21708.75,21708.75,1.0
2025-06-18 23:25:00+00:00,21707.0,21707.0,21705.0,21705.0,2.0
2025-06-18 23:28:00+00:00,21708.25,21708.25,21708.0,21708.0,2.0
2025-06-18 23:29:00+00:00,21708.25,21708.25,21708.25,21708.25,4.0
2025-06-18 23:30:00+00:00,21699.5,21705.0,21699.5,21705.0,7.0
2025-06-18 23:31:00+00:00,21699.5,21703.0,21699.5,21702.5,7.0
2025-06-18 23:32:00+00:00,21701.0,21701.0,21701.0,21701.0,2.0
2025-06-18 23:33:00+00:00,21700.25,21702.5,21700.25,21702.5,6.0
2025-06-18 23:34:00+00:00,21703.25,21703.25,21701.75,21701.75,5.0
2025-06-18 23:35:00+00:00,21702.25,21702.25,21702.25,21702.25,1.0
2025-06-18 23:36:00+00:00,21703.25,21703.5,21703.25,21703.5,2.0
2025-06-18 23:39:00+00:00,21700.75,21701.5,21700.75,21701.5,3.0
2025-06-18 23:40:00+00:00,21700.25,21700.25,21698.75,21698.75,3.0
2025-06-18 23:41:00+00:00,21704.75,21704.75,21701.0,21701.0,2.0
2025-06-18 23:42:00+00:00,21708.0,21710.75,21707.5,21708.5,9.0
2025-06-18 23:43:00+00:00,21709.5,21709.5,21707.75,21707.75,2.0
2025-06-18 23:44:00+00:00,21702.5,21702.5,21702.5,21702.5,1.0
2025-06-18 23:45:00+00:00,21708.5,21708.5,21703.0,21703.0,16.0
2025-06-18 23:46:00+00:00,21717.25,21718.25,21710.25,21710.25,18.0
2025-06-18 23:47:00+00:00,21724.0,21724.0,21717.25,21717.5,21.0
2025-06-18 23:48:00+00:00,21721.75,21723.5,21718.75,21723.5,6.0
2025-06-18 23:49:00+00:00,21726.75,21726.75,21721.75,21721.75,13.0
2025-06-18 23:50:00+00:00,21727.0,21729.0,21726.25,21726.75,20.0
2025-06-18 23:51:00+00:00,21727.0,21728.0,21726.75,21727.75,7.0
2025-06-18 23:52:00+00:00,21725.25,21728.75,21725.0,21727.5,18.0
2025-06-18 23:53:00+00:00,21718.25,21723.75,21717.75,21723.75,15.0
2025-06-18 23:54:00+00:00,21722.0,21722.0,21719.25,21719.25,2.0
2025-06-18 23:55:00+00:00,21717.75,21719.75,21717.75,21719.75,6.0
2025-06-18 23:56:00+00:00,21717.75,21719.75,21717.75,21718.25,10.0
2025-06-18 23:57:00+00:00,21717.75,21719.75,21717.25,21718.75,14.0
2025-06-18 23:58:00+00:00,21721.5,21721.75,21718.0,21718.0,14.0
2025-06-18 23:59:00+00:00,21723.0,21723.25,21721.25,21721.5,8.0
2025-06-19 00:00:00+00:00,21723.75,21727.0,21722.75,21725.0,20.0
2025-06-19 00:01:00+00:00,21719.25,21722.5,21717.25,21722.5,16.0
2025-06-19 00:02:00+00:00,21712.5,21717.5,21712.5,21717.5,11.0
2025-06-19 00:03:00+00:00,21707.25,21711.0,21706.5,21710.0,63.0
2025-06-19 00:04:00+00:00,21706.25,21707.25,21704.0,21707.0,20.0
2025-06-19 00:05:00+00:00,21701.0,21705.5,21700.5,21705.5,10.0
2025-06-19 00:06:00+00:00,21699.75,21700.0,21699.75,21700.0,6.0
2025-06-19 00:07:00+00:00,21703.5,21708.5,21703.5,21708.0,15.0
2025-06-19 00:08:00+00:00,21696.25,21704.25,21695.75,21704.0,28.0
2025-06-19 00:09:00+00:00,21701.25,21705.5,21696.25,21696.25,26.0
2025-06-19 00:10:00+00:00,21693.5,21701.25,21693.25,21700.5,18.0
2025-06-19 00:11:00+00:00,21682.75,21692.25,21681.75,21692.25,34.0
2025-06-19 00:12:00+00:00,21681.75,21682.0,21672.0,21681.75,40.0
2025-06-19 00:13:00+00:00,21673.0,21682.25,21673.0,21680.0,74.0
2025-06-19 00:14:00+00:00,21668.25,21672.0,21662.0,21672.0,64.0
2025-06-19 00:15:00+00:00,21654.5,21672.5,21654.5,21668.0,45.0
2025-06-19 00:16:00+00:00,21636.75,21654.5,21627.75,21653.0,173.0
2025-06-19 00:17:00+00:00,21642.25,21642.75,21632.25,21632.25,33.0
2025-06-19 00:18:00+00:00,21633.5,21642.0,21632.75,21642.0,24.0
2025-06-19 00:19:00+00:00,21633.25,21635.5,21627.25,21633.25,36.0
2025-06-19 00:20:00+00:00,21629.25,21633.25,21629.25,21632.5,12.0
2025-06-19 00:21:00+00:00,21640.5,21641.25,21633.5,21633.5,29.0
2025-06-19 00:22:00+00:00,21648.0,21648.25,21640.0,21640.0,67.0
2025-06-19 00:23:00+00:00,21661.0,21661.5,21648.0,21648.75,44.0
2025-06-19 00:24:00+00:00,21657.75,21662.25,21657.75,21660.5,10.0
2025-06-19 00:25:00+00:00,21653.0,21657.75,21651.75,21652.25,23.0
2025-06-19 00:26:00+00:00,21654.75,21656.0,21652.0,21652.0,21.0
2025-06-19 00:27:00+00:00,21666.75,21668.75,21656.0,21656.0,23.0
2025-06-19 00:28:00+00:00,21670.25,21670.25,21666.25,21667.0,15.0
2025-06-19 00:29:00+00:00,21667.0,21671.5,21665.0,21670.0,35.0
2025-06-19 00:30:00+00:00,21669.0,21669.0,21668.75,21668.75,2.0
2025-06-19 00:31:00+00:00,21675.0,21675.25,21668.75,21668.75,28.0
2025-06-19 00:32:00+00:00,21678.25,21678.25,21675.0,21675.0,18.0
2025-06-19 00:33:00+00:00,21676.5,21681.0,21676.5,21678.5,12.0
2025-06-19 00:34:00+00:00,21669.5,21676.0,21669.5,21675.25,23.0
2025-06-19 00:35:00+00:00,21668.0,21671.5,21668.0,21670.25,8.0
2025-06-19 00:36:00+00:00,21674.0,21674.0,21665.5,21668.0,25.0
2025-06-19 00:37:00+00:00,21671.75,21677.5,21671.75,21675.25,21.0
2025-06-19 00:38:00+00:00,21674.75,21675.5,21673.5,21673.5,10.0
2025-06-19 00:39:00+00:00,21680.0,21680.0,21676.5,21676.5,7.0
2025-06-19 00:40:00+00:00,21683.0,21683.0,21677.0,21678.5,12.0
2025-06-19 00:41:00+00:00,21682.0,21682.75,21681.25,21682.75,12.0
2025-06-19 00:42:00+00:00,21682.75,21684.25,21680.75,21681.25,10.0
2025-06-19 00:43:00+00:00,21680.5,21683.0,21680.5,21682.75,12.0
2025-06-19 00:44:00+00:00,21677.25,21679.5,21676.5,21679.5,11.0
2025-06-19 00:45:00+00:00,21678.0,21678.0,21676.25,21676.25,5.0
2025-06-19 00:46:00+00:00,21676.0,21678.5,21675.75,21678.0,8.0
2025-06-19 00:47:00+00:00,21681.0,21681.25,21681.0,21681.25,7.0
2025-06-19 00:48:00+00:00,21677.0,21680.75,21677.0,21680.75,26.0
2025-06-19 00:50:00+00:00,21675.25,21675.75,21675.25,21675.75,3.0
2025-06-19 00:51:00+00:00,21675.25,21678.75,21675.0,21675.75,12.0
2025-06-19 00:52:00+00:00,21670.5,21674.0,21669.0,21674.0,27.0
2025-06-19 00:53:00+00:00,21671.25,21674.0,21670.5,21672.0,8.0
2025-06-19 00:54:00+00:00,21672.5,21673.75,21671.0,21671.0,4.0
2025-06-19 00:55:00+00:00,21668.0,21672.75,21668.0,21672.75,25.0
2025-06-19 00:56:00+00:00,21670.0,21670.75,21668.5,21668.5,5.0
2025-06-19 00:57:00+00:00,21670.75,21672.0,21670.75,21672.0,3.0
2025-06-19 00:58:00+00:00,21669.0,21676.75,21669.0,21676.25,13.0
2025-06-19 00:59:00+00:00,21666.5,21667.75,21662.25,21667.75,48.0
2025-06-19 01:00:00+00:00,21663.75,21670.0,21662.25,21668.0,26.0
2025-06-19 01:01:00+00:00,21657.75,21663.75,21656.25,21662.0,26.0
2025-06-19 01:02:00+00:00,21661.5,21662.0,21659.5,21659.5,5.0
2025-06-19 01:03:00+00:00,21659.0,21661.75,21657.75,21661.75,8.0
2025-06-19 01:04:00+00:00,21604.5,21660.75,21591.5,21660.75,177.0
2025-06-19 01:05:00+00:00,21648.0,21651.0,21568.0,21593.75,211.0
2025-06-19 01:07:00+00:00,21618.25,21628.75,21617.0,21628.75,222.0
2025-06-19 01:08:00+00:00,21608.75,21616.25,21604.5,21616.25,79.0
2025-06-19 01:10:00+00:00,21621.5,21625.5,21618.75,21625.5,14.0
2025-06-19 01:11:00+00:00,21623.75,21624.5,21623.25,21623.25,12.0
2025-06-19 01:12:00+00:00,21622.25,21624.0,21622.25,21622.5,6.0
2025-06-19 01:13:00+00:00,21629.75,21636.25,21620.75,21620.75,16.0
2025-06-19 01:14:00+00:00,21627.0,21627.0,21627.0,21627.0,3.0
2025-06-19 01:15:00+00:00,21624.5,21629.25,21620.0,21629.25,23.0
2025-06-19 01:16:00+00:00,21622.5,21622.5,21617.25,21619.5,10.0
2025-06-19 01:17:00+00:00,21627.5,21629.75,21624.5,21624.5,11.0
2025-06-19 01:18:00+00:00,21626.75,21626.75,21626.75,21626.75,1.0
2025-06-19 01:19:00+00:00,21623.0,21623.0,21623.0,21623.0,1.0
2025-06-19 01:21:00+00:00,21619.5,21619.5,21619.5,21619.5,9.0
2025-06-19 01:23:00+00:00,21619.5,21619.5,21619.5,21619.5,17.0
2025-06-19 01:25:00+00:00,21631.5,21632.25,21624.0,21624.0,16.0
2025-06-19 01:26:00+00:00,21636.25,21636.25,21636.0,21636.0,19.0
2025-06-19 01:27:00+00:00,21636.5,21636.5,21636.0,21636.0,8.0
2025-06-19 01:29:00+00:00,21629.5,21629.5,21629.5,21629.5,1.0
2025-06-19 01:30:00+00:00,21635.75,21635.75,21635.75,21635.75,6.0
2025-06-19 01:31:00+00:00,21642.25,21642.25,21639.25,21640.0,6.0
2025-06-19 01:32:00+00:00,21642.25,21649.0,21642.25,21648.25,15.0
2025-06-19 01:33:00+00:00,21641.25,21642.25,21641.25,21642.25,4.0
2025-06-19 01:34:00+00:00,21637.0,21640.25,21637.0,21640.0,16.0
2025-06-19 01:35:00+00:00,21633.0,21637.0,21633.0,21637.0,19.0
2025-06-19 01:36:00+00:00,21631.0,21633.0,21631.0,21633.0,4.0
2025-06-19 01:38:00+00:00,21622.75,21637.25,21622.75,21637.25,37.0
2025-06-19 01:39:00+00:00,21620.5,21623.0,21620.5,21623.0,29.0
2025-06-19 01:40:00+00:00,21623.5,21625.0,21618.75,21618.75,10.0
2025-06-19 01:41:00+00:00,21624.25,21628.25,21624.25,21627.0,23.0
2025-06-19 01:42:00+00:00,21627.5,21629.0,21626.0,21628.5,10.0
2025-06-19 01:43:00+00:00,21624.5,21630.75,21624.5,21630.75,8.0
2025-06-19 01:44:00+00:00,21616.0,21618.25,21614.5,21614.5,7.0
2025-06-19 01:45:00+00:00,21621.5,21621.5,21613.5,21613.5,13.0
2025-06-19 01:46:00+00:00,21617.0,21617.0,21617.0,21617.0,2.0
2025-06-19 01:47:00+00:00,21623.0,21627.75,21622.75,21627.75,13.0
2025-06-19 01:48:00+00:00,21617.0,21625.0,21617.0,21625.0,64.0
2025-06-19 01:49:00+00:00,21615.25,21618.25,21614.0,21618.25,10.0
2025-06-19 01:50:00+00:00,21614.75,21615.25,21612.25,21615.25,18.0
2025-06-19 01:52:00+00:00,21610.25,21612.0,21608.25,21610.5,42.0
2025-06-19 01:53:00+00:00,21610.5,21610.5,21610.25,21610.5,28.0
2025-06-19 01:54:00+00:00,21610.5,21610.5,21607.0,21607.0,6.0
2025-06-19 01:55:00+00:00,21611.25,21612.75,21610.5,21610.5,21.0
2025-06-19 01:56:00+00:00,21615.5,21615.5,21615.5,21615.5,1.0
2025-06-19 01:57:00+00:00,21618.5,21618.5,21615.25,21615.25,13.0
2025-06-19 01:59:00+00:00,21617.5,21618.5,21617.5,21618.5,6.0
2025-06-19 02:00:00+00:00,21619.5,21619.5,21619.5,21619.5,1.0
2025-06-19 02:02:00+00:00,21599.75,21609.75,21599.75,21609.75,33.0
2025-06-19 02:04:00+00:00,21612.0,21612.0,21612.0,21612.0,10.0
2025-06-19 02:06:00+00:00,21612.75,21612.75,21612.75,21612.75,4.0
2025-06-19 02:09:00+00:00,21619.25,21619.25,21619.25,21619.25,9.0
2025-06-19 02:10:00+00:00,21621.25,21623.25,21621.25,21623.25,5.0
2025-06-19 02:11:00+00:00,21616.0,21616.0,21616.0,21616.0,9.0
2025-06-19 02:12:00+00:00,21619.5,21619.5,21619.5,21619.5,47.0
2025-06-19 02:15:00+00:00,21624.25,21624.25,21620.75,21621.5,143.0
2025-06-19 02:16:00+00:00,21624.5,21624.5,21624.5,21624.5,24.0
2025-06-19 02:17:00+00:00,21626.0,21628.0,21624.5,21624.5,7.0
2025-06-19 02:18:00+00:00,21634.75,21634.75,21627.5,21627.5,18.0
2025-06-19 02:19:00+00:00,21633.0,21634.25,21633.0,21633.0,7.0
2025-06-19 02:20:00+00:00,21635.75,21635.75,21632.5,21632.5,4.0
2025-06-19 02:21:00+00:00,21631.25,21637.0,21631.25,21637.0,13.0
2025-06-19 02:22:00+00:00,21631.0,21634.0,21631.0,21633.0,15.0
2025-06-19 02:23:00+00:00,21631.5,21632.5,21630.0,21632.5,14.0
2025-06-19 02:25:00+00:00,21634.75,21635.0,21634.75,21635.0,3.0
2025-06-19 02:27:00+00:00,21635.75,21635.75,21635.75,21635.75,1.0
2025-06-19 02:28:00+00:00,21636.75,21636.75,21633.75,21633.75,5.0
2025-06-19 02:29:00+00:00,21635.0,21635.0,21635.0,21635.0,1.0
2025-06-19 02:30:00+00:00,21634.25,21634.25,21632.75,21632.75,4.0
2025-06-19 02:32:00+00:00,21633.75,21636.25,21633.75,21635.25,12.0
2025-06-19 02:33:00+00:00,21628.25,21630.75,21628.25,21630.75,6.0
2025-06-19 02:34:00+00:00,21632.0,21632.0,21632.0,21632.0,17.0
2025-06-19 02:36:00+00:00,21632.25,21633.25,21630.5,21633.25,11.0
2025-06-19 02:38:00+00:00,21631.25,21631.25,21631.25,21631.25,3.0
2025-06-19 02:40:00+00:00,21643.5,21646.0,21638.0,21638.0,27.0
2025-06-19 02:41:00+00:00,21640.75,21645.25,21640.75,21645.25,23.0
2025-06-19 02:42:00+00:00,21640.25,21642.0,21640.0,21642.0,12.0
2025-06-19 02:43:00+00:00,21634.5,21634.5,21634.0,21634.0,9.0
2025-06-19 02:44:00+00:00,21639.5,21639.5,21639.5,21639.5,6.0
2025-06-19 02:45:00+00:00,21640.0,21641.0,21640.0,21641.0,3.0
2025-06-19 02:46:00+00:00,21640.5,21640.5,21640.5,21640.5,8.0
2025-06-19 02:48:00+00:00,21639.0,21639.25,21639.0,21639.25,2.0
2025-06-19 02:49:00+00:00,21636.0,21638.0,21636.0,21638.0,5.0
2025-06-19 02:50:00+00:00,21630.5,21630.5,21630.5,21630.5,2.0
2025-06-19 02:51:00+00:00,21631.75,21631.75,21629.25,21629.25,9.0
2025-06-19 02:52:00+00:00,21630.5,21630.5,21630.5,21630.5,11.0
2025-06-19 02:53:00+00:00,21626.75,21626.75,21626.75,21626.75,3.0
2025-06-19 02:54:00+00:00,21634.5,21634.5,21634.5,21634.5,3.0
2025-06-19 02:55:00+00:00,21632.0,21633.75,21632.0,21633.75,2.0
2025-06-19 02:56:00+00:00,21626.5,21626.5,21626.5,21626.5,7.0
2025-06-19 02:58:00+00:00,21625.5,21625.5,21625.5,21625.5,1.0
2025-06-19 02:59:00+00:00,21620.25,21624.25,21620.25,21624.25,8.0
2025-06-19 03:00:00+00:00,21628.5,21628.5,21628.5,21628.5,6.0
2025-06-19 03:01:00+00:00,21630.5,21630.5,21626.25,21626.25,5.0
2025-06-19 03:02:00+00:00,21635.0,21635.0,21635.0,21635.0,7.0
2025-06-19 03:03:00+00:00,21636.75,21636.75,21636.75,21636.75,2.0
2025-06-19 03:05:00+00:00,21649.75,21649.75,21646.75,21647.0,6.0
2025-06-19 03:06:00+00:00,21649.75,21649.75,21649.75,21649.75,7.0
2025-06-19 03:07:00+00:00,21650.0,21650.0,21650.0,21650.0,5.0
2025-06-19 03:08:00+00:00,21654.25,21654.25,21651.75,21651.75,6.0
2025-06-19 03:09:00+00:00,21653.0,21653.0,21653.0,21653.0,1.0
2025-06-19 03:10:00+00:00,21651.75,21651.75,21649.5,21649.5,10.0
2025-06-19 03:12:00+00:00,21655.5,21657.0,21652.0,21652.0,11.0
2025-06-19 03:13:00+00:00,21655.5,21657.25,21655.5,21657.25,5.0
2025-06-19 03:14:00+00:00,21655.5,21655.5,21655.5,21655.5,5.0
2025-06-19 03:15:00+00:00,21652.0,21652.0,21652.0,21652.0,9.0
2025-06-19 03:17:00+00:00,21652.0,21652.0,21652.0,21652.0,1.0
2025-06-19 03:19:00+00:00,21655.75,21655.75,21655.75,21655.75,2.0
2025-06-19 03:20:00+00:00,21654.5,21654.5,21652.25,21652.25,2.0
2025-06-19 03:21:00+00:00,21656.25,21656.25,21654.5,21654.5,7.0
2025-06-19 03:22:00+00:00,21654.25,21656.5,21654.25,21656.25,14.0
2025-06-19 03:23:00+00:00,21656.5,21656.5,21656.5,21656.5,1.0
2025-06-19 03:24:00+00:00,21653.0,21656.0,21653.0,21656.0,4.0
2025-06-19 03:26:00+00:00,21651.75,21651.75,21651.75,21651.75,6.0
2025-06-19 03:27:00+00:00,21653.75,21653.75,21651.75,21651.75,3.0
2025-06-19 03:28:00+00:00,21658.25,21658.25,21656.5,21656.5,10.0
2025-06-19 03:29:00+00:00,21657.0,21661.25,21657.0,21658.25,9.0
2025-06-19 03:30:00+00:00,21655.75,21656.5,21655.75,21656.5,2.0
2025-06-19 03:31:00+00:00,21652.25,21659.0,21652.25,21659.0,4.0
2025-06-19 03:32:00+00:00,21650.0,21658.0,21650.0,21658.0,10.0
2025-06-19 03:35:00+00:00,21655.0,21655.0,21655.0,21655.0,1.0
2025-06-19 03:36:00+00:00,21645.75,21649.0,21645.75,21649.0,9.0
2025-06-19 03:38:00+00:00,21651.5,21651.5,21651.5,21651.5,1.0
2025-06-19 03:40:00+00:00,21650.5,21650.5,21647.5,21647.5,4.0
2025-06-19 03:41:00+00:00,21645.75,21645.75,21645.75,21645.75,1.0
2025-06-19 03:45:00+00:00,21650.5,21650.5,21648.5,21648.5,6.0
2025-06-19 03:49:00+00:00,21653.0,21653.0,21650.75,21650.75,3.0
2025-06-19 03:50:00+00:00,21647.0,21648.75,21647.0,21648.75,4.0
2025-06-19 03:51:00+00:00,21653.0,21653.0,21645.75,21645.75,3.0
2025-06-19 03:52:00+00:00,21659.75,21659.75,21651.5,21651.5,7.0
2025-06-19 03:53:00+00:00,21659.25,21659.25,21659.0,21659.0,8.0
2025-06-19 03:55:00+00:00,21655.5,21655.5,21655.5,21655.5,4.0
2025-06-19 03:56:00+00:00,21668.0,21668.0,21661.25,21661.25,9.0
2025-06-19 03:57:00+00:00,21667.5,21669.0,21667.5,21668.75,6.0
2025-06-19 03:58:00+00:00,21665.25,21665.25,21665.25,21665.25,40.0
2025-06-19 04:09:00+00:00,21662.25,21663.5,21662.25,21663.5,90.0
2025-06-19 04:11:00+00:00,21667.5,21667.5,21667.5,21667.5,2.0
2025-06-19 04:13:00+00:00,21671.25,21671.25,21668.0,21668.0,7.0
2025-06-19 04:14:00+00:00,21670.25,21670.25,21670.25,21670.25,2.0
2025-06-19 04:15:00+00:00,21673.25,21673.25,21670.0,21672.75,13.0
2025-06-19 04:16:00+00:00,21668.5,21668.5,21668.5,21668.5,2.0
2025-06-19 04:17:00+00:00,21674.75,21674.75,21671.25,21671.25,5.0
2025-06-19 04:18:00+00:00,21670.0,21671.0,21670.0,21671.0,6.0
2025-06-19 04:21:00+00:00,21667.0,21667.0,21667.0,21667.0,1.0
2025-06-19 04:22:00+00:00,21665.5,21670.75,21665.5,21670.75,5.0
2025-06-19 04:25:00+00:00,21664.5,21667.75,21660.0,21667.75,10.0
2025-06-19 04:33:00+00:00,21658.0,21658.0,21658.0,21658.0,1.0
2025-06-19 04:34:00+00:00,21661.0,21661.0,21661.0,21661.0,1.0
2025-06-19 04:35:00+00:00,21661.25,21661.25,21661.25,21661.25,2.0
2025-06-19 04:37:00+00:00,21663.5,21663.5,21663.5,21663.5,6.0
2025-06-19 04:40:00+00:00,21672.0,21672.0,21667.5,21667.5,5.0
2025-06-19 04:41:00+00:00,21671.75,21671.75,21671.75,21671.75,3.0
2025-06-19 04:44:00+00:00,21675.0,21675.0,21673.75,21673.75,3.0
2025-06-19 04:45:00+00:00,21679.0,21679.0,21676.0,21676.0,3.0
2025-06-19 04:46:00+00:00,21679.0,21679.0,21679.0,21679.0,6.0
2025-06-19 04:48:00+00:00,21681.0,21681.5,21681.0,21681.0,7.0
2025-06-19 04:50:00+00:00,21674.25,21677.0,21674.25,21677.0,4.0
2025-06-19 04:52:00+00:00,21672.5,21672.5,21672.5,21672.5,4.0
2025-06-19 04:53:00+00:00,21677.0,21677.0,21677.0,21677.0,4.0
2025-06-19 04:55:00+00:00,21674.0,21674.0,21674.0,21674.0,2.0
2025-06-19 04:57:00+00:00,21679.25,21679.25,21679.25,21679.25,1.0
2025-06-19 04:58:00+00:00,21677.25,21677.25,21677.25,21677.25,1.0
2025-06-19 05:00:00+00:00,21674.75,21680.0,21674.75,21680.0,8.0
2025-06-19 05:01:00+00:00,21672.5,21672.5,21672.5,21672.5,2.0
2025-06-19 05:02:00+00:00,21675.0,21675.0,21675.0,21675.0,2.0
2025-06-19 05:03:00+00:00,21670.5,21670.5,21670.5,21670.5,3.0
2025-06-19 05:06:00+00:00,21672.25,21675.5,21672.25,21675.5,2.0
2025-06-19 05:07:00+00:00,21672.5,21672.5,21672.5,21672.5,1.0
2025-06-19 05:08:00+00:00,21671.5,21672.75,21671.5,21672.75,11.0
2025-06-19 05:10:00+00:00,21666.5,21666.5,21666.5,21666.5,7.0
2025-06-19 05:13:00+00:00,21665.25,21665.25,21662.0,21664.25,6.0
2025-06-19 05:14:00+00:00,21662.0,21663.0,21662.0,21663.0,2.0
2025-06-19 05:15:00+00:00,21663.0,21663.0,21663.0,21663.0,1.0
2025-06-19 05:16:00+00:00,21663.75,21663.75,21662.0,21662.0,6.0
2025-06-19 05:19:00+00:00,21664.75,21664.75,21664.75,21664.75,2.0
2025-06-19 05:20:00+00:00,21664.25,21664.25,21664.25,21664.25,17.0
2025-06-19 05:22:00+00:00,21667.0,21667.5,21667.0,21667.5,3.0
2025-06-19 05:23:00+00:00,21663.0,21666.0,21663.0,21666.0,10.0
2025-06-19 05:25:00+00:00,21666.0,21666.0,21666.0,21666.0,3.0
2025-06-19 05:26:00+00:00,21662.0,21662.0,21662.0,21662.0,1.0
2025-06-19 05:27:00+00:00,21659.0,21661.25,21659.0,21661.25,15.0
2025-06-19 05:28:00+00:00,21658.0,21658.0,21658.0,21658.0,2.0
2025-06-19 05:29:00+00:00,21654.0,21656.0,21654.0,21656.0,2.0
2025-06-19 05:30:00+00:00,21655.75,21655.75,21655.75,21655.75,3.0
2025-06-19 05:31:00+00:00,21657.25,21658.5,21655.75,21658.5,5.0
2025-06-19 05:32:00+00:00,21653.75,21657.25,21653.75,21657.25,7.0
2025-06-19 05:33:00+00:00,21651.25,21652.75,21650.0,21652.75,5.0
2025-06-19 05:34:00+00:00,21653.0,21653.0,21653.0,21653.0,2.0
2025-06-19 05:35:00+00:00,21653.25,21656.25,21653.25,21656.25,4.0
2025-06-19 05:36:00+00:00,21658.5,21658.5,21655.75,21655.75,6.0
2025-06-19 05:37:00+00:00,21654.5,21657.5,21654.5,21657.5,81.0
2025-06-19 05:38:00+00:00,21651.0,21652.75,21651.0,21652.75,12.0
2025-06-19 05:39:00+00:00,21656.5,21656.5,21656.5,21656.5,5.0
2025-06-19 05:40:00+00:00,21657.25,21657.25,21654.75,21654.75,5.0
2025-06-19 05:41:00+00:00,21655.75,21656.5,21655.75,21656.5,3.0
2025-06-19 05:42:00+00:00,21651.75,21655.0,21651.25,21655.0,15.0
2025-06-19 05:43:00+00:00,21652.0,21652.25,21651.5,21652.0,14.0
2025-06-19 05:44:00+00:00,21652.25,21653.75,21652.25,21653.75,2.0
2025-06-19 05:48:00+00:00,21641.75,21650.0,21641.5,21650.0,13.0
2025-06-19 05:51:00+00:00,21645.0,21645.0,21645.0,21645.0,5.0
2025-06-19 05:54:00+00:00,21643.75,21643.75,21642.0,21642.0,4.0
2025-06-19 05:55:00+00:00,21641.25,21641.5,21641.25,21641.5,3.0
2025-06-19 05:56:00+00:00,21635.5,21640.0,21631.0,21640.0,15.0
2025-06-19 05:57:00+00:00,21632.0,21638.75,21632.0,21633.75,22.0
2025-06-19 05:58:00+00:00,21631.0,21631.0,21631.0,21631.0,4.0
2025-06-19 05:59:00+00:00,21632.25,21632.25,21632.25,21632.25,3.0
2025-06-19 06:00:00+00:00,21631.0,21631.0,21631.0,21631.0,5.0
2025-06-19 06:01:00+00:00,21633.75,21639.25,21630.5,21631.75,17.0
2025-06-19 06:02:00+00:00,21641.75,21644.75,21639.5,21639.5,7.0
2025-06-19 06:03:00+00:00,21651.75,21651.75,21645.0,21647.5,7.0
2025-06-19 06:04:00+00:00,21645.75,21655.75,21645.75,21655.75,19.0
2025-06-19 06:05:00+00:00,21651.25,21651.25,21645.25,21650.25,7.0
2025-06-19 06:06:00+00:00,21650.75,21651.5,21650.75,21651.5,39.0
2025-06-19 06:07:00+00:00,21632.0,21645.5,21632.0,21645.5,33.0
2025-06-19 06:08:00+00:00,21631.25,21633.75,21631.25,21633.75,7.0
2025-06-19 06:09:00+00:00,21628.25,21628.25,21627.5,21627.5,18.0
2025-06-19 06:10:00+00:00,21632.0,21632.0,21628.0,21630.5,11.0
2025-06-19 06:11:00+00:00,21632.25,21632.25,21632.0,21632.0,8.0
2025-06-19 06:12:00+00:00,21626.25,21626.25,21626.25,21626.25,3.0
2025-06-19 06:13:00+00:00,21630.0,21630.0,21630.0,21630.0,33.0
2025-06-19 06:14:00+00:00,21625.75,21625.75,21625.75,21625.75,2.0
2025-06-19 06:15:00+00:00,21623.5,21623.5,21623.5,21623.5,1.0
2025-06-19 06:16:00+00:00,21637.25,21637.5,21634.75,21637.5,8.0
2025-06-19 06:17:00+00:00,21636.25,21638.5,21636.25,21638.5,6.0
2025-06-19 06:18:00+00:00,21635.0,21637.0,21635.0,21637.0,5.0
2025-06-19 06:19:00+00:00,21635.0,21635.0,21630.5,21630.75,49.0
2025-06-19 06:20:00+00:00,21631.0,21634.25,21631.0,21634.25,11.0
2025-06-19 06:21:00+00:00,21626.0,21626.0,21626.0,21626.0,7.0
2025-06-19 06:23:00+00:00,21624.25,21624.25,21622.0,21622.75,10.0
2025-06-19 06:25:00+00:00,21624.5,21624.5,21622.0,21622.0,5.0
2025-06-19 06:26:00+00:00,21624.75,21624.75,21624.75,21624.75,7.0
2025-06-19 06:27:00+00:00,21624.0,21624.0,21620.5,21620.5,3.0
2025-06-19 06:28:00+00:00,21627.75,21627.75,21622.75,21622.75,7.0
2025-06-19 06:29:00+00:00,21625.75,21625.75,21625.75,21625.75,1.0
2025-06-19 06:30:00+00:00,21625.25,21627.75,21625.25,21627.75,5.0
2025-06-19 06:31:00+00:00,21624.5,21627.75,21620.75,21625.0,22.0
2025-06-19 06:32:00+00:00,21626.25,21626.25,21626.25,21626.25,11.0
2025-06-19 06:33:00+00:00,21623.5,21623.5,21615.5,21620.5,22.0
2025-06-19 06:34:00+00:00,21624.25,21625.75,21624.25,21625.75,11.0
2025-06-19 06:35:00+00:00,21622.5,21622.5,21618.0,21618.0,11.0
2025-06-19 06:36:00+00:00,21622.0,21623.75,21622.0,21623.75,8.0
2025-06-19 06:37:00+00:00,21627.0,21627.0,21626.25,21626.25,3.0
2025-06-19 06:38:00+00:00,21616.5,21616.5,21615.5,21615.5,11.0
2025-06-19 06:39:00+00:00,21629.75,21639.75,21627.75,21627.75,80.0
2025-06-19 06:40:00+00:00,21619.5,21634.75,21619.5,21634.75,6.0
2025-06-19 06:41:00+00:00,21622.5,21622.5,21622.5,21622.5,2.0
2025-06-19 06:42:00+00:00,21616.25,21619.5,21616.25,21619.5,11.0
2025-06-19 06:45:00+00:00,21622.0,21622.0,21622.0,21622.0,1.0
2025-06-19 06:46:00+00:00,21627.0,21627.25,21627.0,21627.25,10.0
2025-06-19 06:47:00+00:00,21618.0,21625.75,21618.0,21625.5,26.0
2025-06-19 06:48:00+00:00,21614.75,21616.25,21614.75,21616.25,22.0
2025-06-19 06:49:00+00:00,21605.75,21611.5,21605.0,21610.5,19.0
2025-06-19 06:50:00+00:00,21602.25,21605.75,21602.25,21605.75,15.0
2025-06-19 06:52:00+00:00,21604.0,21605.5,21601.0,21601.0,43.0
2025-06-19 06:53:00+00:00,21613.0,21613.0,21604.0,21604.0,16.0
2025-06-19 06:54:00+00:00,21610.75,21610.75,21610.75,21610.75,2.0
2025-06-19 06:55:00+00:00,21620.5,21620.5,21620.5,21620.5,7.0
2025-06-19 06:57:00+00:00,21624.0,21624.0,21624.0,21624.0,3.0
2025-06-19 06:58:00+00:00,21629.0,21629.0,21628.75,21628.75,3.0
2025-06-19 06:59:00+00:00,21629.5,21632.25,21629.5,21631.0,54.0
2025-06-19 07:00:00+00:00,21641.5,21641.5,21639.25,21639.25,18.0
2025-06-19 07:02:00+00:00,21638.25,21640.0,21638.0,21640.0,8.0
2025-06-19 07:03:00+00:00,21646.5,21647.0,21638.0,21638.0,5.0
2025-06-19 07:04:00+00:00,21650.25,21650.25,21647.75,21649.0,7.0
2025-06-19 07:05:00+00:00,21638.0,21649.75,21638.0,21649.75,19.0
2025-06-19 07:06:00+00:00,21634.75,21634.75,21634.75,21634.75,6.0
2025-06-19 07:07:00+00:00,21631.25,21634.75,21631.25,21634.75,40.0
2025-06-19 07:09:00+00:00,21629.0,21629.0,21629.0,21629.0,2.0
2025-06-19 07:10:00+00:00,21630.75,21630.75,21630.75,21630.75,2.0
2025-06-19 07:11:00+00:00,21644.0,21644.0,21644.0,21644.0,1.0
2025-06-19 07:12:00+00:00,21640.0,21640.0,21640.0,21640.0,1.0
2025-06-19 07:14:00+00:00,21630.5,21630.5,21628.0,21629.25,22.0
2025-06-19 07:15:00+00:00,21633.75,21633.75,21630.5,21630.5,5.0
2025-06-19 07:16:00+00:00,21626.5,21633.0,21626.5,21633.0,6.0
2025-06-19 07:17:00+00:00,21620.25,21620.25,21616.5,21616.5,5.0
2025-06-19 07:18:00+00:00,21620.0,21620.0,21620.0,21620.0,1.0
2025-06-19 07:19:00+00:00,21622.0,21623.25,21621.5,21621.5,12.0
2025-06-19 07:20:00+00:00,21616.5,21620.5,21616.5,21620.5,39.0
2025-06-19 07:21:00+00:00,21606.0,21606.0,21605.0,21605.0,8.0
2025-06-19 07:22:00+00:00,21602.25,21602.25,21602.25,21602.25,3.0
2025-06-19 07:23:00+00:00,21600.25,21605.5,21599.0,21605.5,28.0
2025-06-19 07:24:00+00:00,21591.5,21602.0,21590.0,21602.0,25.0
2025-06-19 07:26:00+00:00,21589.25,21590.0,21589.25,21590.0,10.0
2025-06-19 07:27:00+00:00,21603.75,21603.75,21597.75,21597.75,9.0
2025-06-19 07:28:00+00:00,21607.75,21610.25,21605.5,21607.75,25.0
2025-06-19 07:30:00+00:00,21607.75,21607.75,21607.75,21607.75,2.0
2025-06-19 07:40:00+00:00,21604.75,21604.80078125,21604.75,21604.80078125,92.0
2025-06-19 07:42:00+00:00,21602.0,21602.0,21602.0,21602.0,5.0
2025-06-19 07:43:00+00:00,21602.0,21602.0,21596.75,21600.5,72.0
2025-06-19 07:44:00+00:00,21598.75,21600.75,21598.75,21599.0,14.0
2025-06-19 07:46:00+00:00,21590.0,21591.25,21586.0,21591.25,40.0
2025-06-19 07:48:00+00:00,21597.0,21597.0,21595.0,21595.0,51.0
2025-06-19 07:49:00+00:00,21596.0,21598.75,21596.0,21598.75,9.0
2025-06-19 07:50:00+00:00,21597.75,21602.0,21597.75,21600.5,10.0
2025-06-19 07:51:00+00:00,21597.5,21599.25,21595.25,21599.25,9.0
2025-06-19 07:52:00+00:00,21603.25,21603.25,21600.0,21600.0,5.0
2025-06-19 07:53:00+00:00,21601.25,21605.5,21601.25,21602.0,10.0
2025-06-19 07:54:00+00:00,21599.75,21599.75,21599.75,21599.75,3.0
2025-06-19 07:55:00+00:00,21588.25,21595.0,21588.25,21595.0,35.0
2025-06-19 07:56:00+00:00,21572.75,21580.0,21568.5,21580.0,33.0
2025-06-19 07:57:00+00:00,21579.25,21579.25,21567.5,21574.25,32.0
2025-06-19 07:58:00+00:00,21577.75,21579.25,21577.75,21579.0,5.0
2025-06-19 08:00:00+00:00,21595.25,21595.25,21580.5,21580.5,27.0
2025-06-19 08:02:00+00:00,21611.75,21612.25,21607.5,21608.5,43.0
2025-06-19 08:03:00+00:00,21614.0,21614.0,21614.0,21614.0,1.0
2025-06-19 08:04:00+00:00,21616.5,21616.5,21616.25,21616.25,23.0
2025-06-19 08:05:00+00:00,21609.75,21609.75,21609.75,21609.75,25.0
2025-06-19 08:06:00+00:00,21600.25,21605.0,21600.25,21605.0,26.0
2025-06-19 08:07:00+00:00,21596.0,21600.5,21596.0,21600.5,14.0
2025-06-19 08:08:00+00:00,21609.75,21609.75,21600.25,21600.25,27.0
2025-06-19 08:09:00+00:00,21617.5,21617.5,21615.0,21615.0,3.0
2025-06-19 08:11:00+00:00,21621.0,21621.5,21621.0,21621.5,13.0
2025-06-19 08:12:00+00:00,21620.75,21620.75,21620.75,21620.75,59.0
2025-06-19 08:14:00+00:00,21605.5,21605.5,21605.5,21605.5,8.0
2025-06-19 08:15:00+00:00,21600.0,21604.75,21600.0,21604.75,22.0
2025-06-19 08:19:00+00:00,21600.75,21600.75,21600.75,21600.75,7.0
2025-06-19 08:21:00+00:00,21607.5,21607.5,21607.5,21607.5,3.0
2025-06-19 08:22:00+00:00,21610.25,21610.25,21607.5,21607.5,17.0
2025-06-19 08:23:00+00:00,21603.75,21610.0,21603.75,21610.0,12.0
2025-06-19 08:26:00+00:00,21607.0,21607.0,21607.0,21607.0,2.0
2025-06-19 08:27:00+00:00,21604.75,21605.0,21604.75,21605.0,62.0
2025-06-19 08:34:00+00:00,21610.0,21610.0,21606.5,21606.5,3.0
2025-06-19 08:35:00+00:00,21611.0,21611.0,21609.25,21609.25,10.0
2025-06-19 08:37:00+00:00,21608.0,21608.0,21607.0,21608.0,33.0
2025-06-19 08:38:00+00:00,21606.75,21608.0,21606.25,21608.0,21.0
2025-06-19 08:39:00+00:00,21608.0,21608.0,21605.5,21606.0,20.0
2025-06-19 08:40:00+00:00,21600.0,21608.0,21600.0,21608.0,12.0
2025-06-19 08:41:00+00:00,21595.75,21598.25,21594.25,21596.0,65.0
2025-06-19 08:42:00+00:00,21606.0,21606.0,21598.75,21598.75,17.0
2025-06-19 08:43:00+00:00,21612.75,21613.75,21607.5,21607.5,25.0
2025-06-19 08:44:00+00:00,21609.0,21611.5,21609.0,21611.5,9.0
2025-06-19 08:45:00+00:00,21604.0,21604.0,21604.0,21604.0,7.0
2025-06-19 08:46:00+00:00,21610.75,21610.75,21610.25,21610.25,13.0
2025-06-19 08:50:00+00:00,21610.0,21611.0,21610.0,21611.0,6.0
2025-06-19 08:52:00+00:00,21614.5,21619.5,21614.5,21617.25,22.0
2025-06-19 08:53:00+00:00,21615.0,21615.0,21615.0,21615.0,1.0
2025-06-19 08:55:00+00:00,21613.0,21613.0,21613.0,21613.0,1.0
2025-06-19 08:57:00+00:00,21613.75,21616.25,21613.75,21616.25,4.0
2025-06-19 08:58:00+00:00,21614.5,21615.25,21614.5,21615.25,14.0
2025-06-19 09:01:00+00:00,21617.75,21620.0,21617.75,21620.0,3.0
2025-06-19 09:02:00+00:00,21619.5,21619.5,21619.5,21619.5,2.0
2025-06-19 09:04:00+00:00,21620.25,21620.25,21620.0,21620.0,8.0
2025-06-19 09:05:00+00:00,21618.5,21618.5,21618.5,21618.5,3.0
2025-06-19 09:08:00+00:00,21613.0,21613.0,21612.75,21612.75,6.0
2025-06-19 09:09:00+00:00,21618.5,21618.5,21618.25,21618.25,6.0
2025-06-19 09:10:00+00:00,21617.75,21620.25,21617.75,21617.75,22.0
2025-06-19 09:12:00+00:00,21612.25,21612.25,21612.25,21612.25,7.0
2025-06-19 09:17:00+00:00,21616.0,21616.0,21616.0,21616.0,55.0
2025-06-19 09:23:00+00:00,21625.25,21625.25,21623.0,21623.0,15.0
2025-06-19 09:24:00+00:00,21632.0,21632.0,21627.25,21627.25,16.0
2025-06-19 09:25:00+00:00,21629.75,21629.75,21629.75,21629.75,1.0
2025-06-19 09:26:00+00:00,21629.75,21629.75,21628.5,21629.5,19.0
2025-06-19 09:30:00+00:00,21625.25,21625.25,21624.75,21624.75,4.0
2025-06-19 09:40:00+00:00,21620.75,21620.80078125,21620.75,21620.80078125,24.0
2025-06-19 09:41:00+00:00,21624.25,21624.25,21624.25,21624.25,5.0
2025-06-19 09:42:00+00:00,21622.0,21622.0,21622.0,21622.0,15.0
2025-06-19 09:43:00+00:00,21619.25,21620.0,21619.25,21620.0,5.0
2025-06-19 09:44:00+00:00,21625.25,21625.25,21617.75,21619.25,68.0
2025-06-19 09:45:00+00:00,21631.0,21631.0,21624.75,21624.75,8.0
2025-06-19 09:46:00+00:00,21629.75,21629.75,21628.5,21628.5,3.0
2025-06-19 09:47:00+00:00,21628.25,21629.5,21628.25,21628.25,16.0
2025-06-19 09:49:00+00:00,21629.25,21629.25,21629.25,21629.25,6.0
2025-06-19 09:50:00+00:00,21624.75,21624.75,21624.75,21624.75,1.0
2025-06-19 09:51:00+00:00,21619.25,21619.5,21619.25,21619.5,2.0
2025-06-19 09:52:00+00:00,21621.75,21621.75,21621.75,21621.75,3.0
2025-06-19 09:53:00+00:00,21616.25,21618.25,21616.25,21618.25,3.0
2025-06-19 09:54:00+00:00,21613.25,21615.5,21613.25,21615.5,21.0
2025-06-19 09:55:00+00:00,21612.5,21613.25,21612.5,21613.25,7.0
2025-06-19 09:57:00+00:00,21609.5,21609.5,21607.5,21607.5,5.0
2025-06-19 09:58:00+00:00,21612.5,21612.5,21609.75,21609.75,10.0
2025-06-19 10:01:00+00:00,21616.25,21616.25,21616.25,21616.25,8.0
2025-06-19 10:02:00+00:00,21618.5,21618.5,21618.5,21618.5,7.0
2025-06-19 10:03:00+00:00,21620.0,21622.25,21620.0,21622.25,5.0
2025-06-19 10:05:00+00:00,21615.75,21617.0,21615.75,21617.0,9.0
2025-06-19 10:06:00+00:00,21603.5,21609.75,21603.5,21609.75,2.0
2025-06-19 10:07:00+00:00,21607.5,21607.5,21607.5,21607.5,1.0
2025-06-19 10:09:00+00:00,21609.75,21609.75,21608.0,21608.0,12.0
2025-06-19 10:10:00+00:00,21605.75,21605.75,21605.75,21605.75,2.0
2025-06-19 10:11:00+00:00,21605.0,21605.0,21605.0,21605.0,1.0
2025-06-19 10:12:00+00:00,21605.0,21605.0,21605.0,21605.0,7.0
2025-06-19 10:14:00+00:00,21595.75,21600.0,21595.75,21600.0,17.0
2025-06-19 10:16:00+00:00,21600.25,21600.25,21600.0,21600.0,6.0
2025-06-19 10:18:00+00:00,21599.5,21599.5,21599.5,21599.5,3.0
2025-06-19 10:19:00+00:00,21598.0,21599.5,21598.0,21599.5,10.0
2025-06-19 10:20:00+00:00,21606.25,21606.25,21606.0,21606.0,3.0
2025-06-19 10:21:00+00:00,21609.5,21609.5,21609.5,21609.5,1.0
2025-06-19 10:22:00+00:00,21612.5,21612.5,21610.75,21610.75,4.0
2025-06-19 10:23:00+00:00,21616.0,21616.0,21616.0,21616.0,2.0
2025-06-19 10:24:00+00:00,21612.5,21617.0,21612.5,21617.0,9.0
2025-06-19 10:27:00+00:00,21616.5,21616.5,21616.5,21616.5,4.0
2025-06-19 10:28:00+00:00,21615.5,21615.5,21615.5,21615.5,2.0
2025-06-19 10:29:00+00:00,21609.5,21610.75,21609.5,21610.75,7.0
2025-06-19 10:30:00+00:00,21612.0,21613.5,21608.5,21608.5,26.0
2025-06-19 10:32:00+00:00,21612.5,21612.75,21612.5,21612.75,8.0
2025-06-19 10:33:00+00:00,21612.5,21612.5,21612.5,21612.5,20.0
2025-06-19 10:37:00+00:00,21613.25,21613.25,21613.25,21613.25,2.0
2025-06-19 10:38:00+00:00,21615.0,21615.0,21615.0,21615.0,17.0
2025-06-19 10:46:00+00:00,21614.0,21614.75,21614.0,21614.75,3.0
2025-06-19 10:50:00+00:00,21611.75,21611.75,21611.75,21611.75,4.0
2025-06-19 10:52:00+00:00,21623.25,21623.25,21623.25,21623.25,1.0
2025-06-19 10:54:00+00:00,21628.75,21630.0,21628.75,21629.75,3.0
2025-06-19 10:55:00+00:00,21637.75,21637.75,21630.0,21630.0,7.0
2025-06-19 10:56:00+00:00,21631.5,21637.5,21631.5,21637.25,27.0
2025-06-19 10:57:00+00:00,21630.5,21630.5,21630.5,21630.5,3.0
2025-06-19 10:58:00+00:00,21634.25,21634.25,21634.25,21634.25,10.0
2025-06-19 10:59:00+00:00,21629.5,21629.5,21629.0,21629.25,47.0
2025-06-19 11:01:00+00:00,21618.25,21621.25,21616.5,21621.25,18.0
2025-06-19 11:02:00+00:00,21615.25,21616.75,21615.25,21616.75,44.0
2025-06-19 11:04:00+00:00,21620.5,21625.25,21620.5,21625.25,9.0
2025-06-19 11:06:00+00:00,21610.0,21616.75,21610.0,21616.75,8.0
2025-06-19 11:07:00+00:00,21604.75,21610.0,21604.0,21608.75,8.0
2025-06-19 11:08:00+00:00,21601.25,21601.25,21601.25,21601.25,2.0
2025-06-19 11:09:00+00:00,21598.25,21598.25,21598.25,21598.25,1.0
2025-06-19 11:10:00+00:00,21601.5,21601.5,21601.5,21601.5,4.0
2025-06-19 11:11:00+00:00,21594.0,21596.75,21589.5,21596.75,14.0
2025-06-19 11:12:00+00:00,21589.75,21592.5,21589.75,21592.5,12.0
2025-06-19 11:13:00+00:00,21583.75,21589.75,21583.75,21589.75,11.0
2025-06-19 11:14:00+00:00,21580.0,21581.75,21580.0,21580.75,12.0
2025-06-19 11:15:00+00:00,21577.25,21580.25,21577.25,21580.25,7.0
2025-06-19 11:16:00+00:00,21574.25,21574.5,21572.5,21572.5,3.0
2025-06-19 11:18:00+00:00,21588.75,21588.75,21580.0,21580.0,7.0
2025-06-19 11:19:00+00:00,21590.0,21593.75,21590.0,21593.75,4.0
2025-06-19 11:20:00+00:00,21590.5,21590.5,21588.5,21590.25,5.0
2025-06-19 11:21:00+00:00,21595.25,21595.25,21595.0,21595.0,11.0
2025-06-19 11:22:00+00:00,21592.25,21592.25,21592.25,21592.25,1.0
2025-06-19 11:23:00+00:00,21595.25,21595.25,21593.75,21593.75,23.0
2025-06-19 11:24:00+00:00,21589.75,21594.5,21589.5,21594.5,13.0
2025-06-19 11:25:00+00:00,21593.75,21593.75,21590.0,21591.25,7.0
2025-06-19 11:26:00+00:00,21593.5,21594.25,21593.5,21593.75,5.0
2025-06-19 11:27:00+00:00,21594.0,21594.0,21592.5,21592.5,7.0
2025-06-19 11:28:00+00:00,21591.25,21591.25,21591.25,21591.25,1.0
2025-06-19 11:29:00+00:00,21593.25,21593.25,21593.25,21593.25,2.0
2025-06-19 11:30:00+00:00,21592.5,21593.25,21592.5,21593.25,4.0
2025-06-19 11:31:00+00:00,21594.25,21594.25,21594.25,21594.25,2.0
2025-06-19 11:32:00+00:00,21592.25,21592.5,21590.75,21592.5,9.0
2025-06-19 11:33:00+00:00,21587.5,21590.75,21587.5,21590.75,3.0
2025-06-19 11:35:00+00:00,21588.25,21588.25,21588.25,21588.25,2.0
2025-06-19 11:36:00+00:00,21595.5,21595.5,21595.5,21595.5,1.0
2025-06-19 11:37:00+00:00,21590.25,21592.75,21590.25,21592.75,6.0
2025-06-19 11:39:00+00:00,21592.0,21592.0,21592.0,21592.0,2.0
2025-06-19 11:42:00+00:00,21589.75,21590.0,21589.75,21590.0,4.0
2025-06-19 11:43:00+00:00,21591.0,21591.0,21587.25,21587.25,6.0
2025-06-19 11:47:00+00:00,21588.0,21588.0,21588.0,21588.0,3.0
2025-06-19 11:48:00+00:00,21586.75,21586.75,21586.0,21586.0,2.0
2025-06-19 11:49:00+00:00,21590.0,21590.0,21590.0,21590.0,4.0
2025-06-19 11:50:00+00:00,21588.75,21588.75,21588.75,21588.75,1.0
2025-06-19 11:51:00+00:00,21600.0,21600.0,21595.25,21595.25,5.0
2025-06-19 11:52:00+00:00,21602.0,21602.0,21601.75,21601.75,6.0
2025-06-19 11:53:00+00:00,21601.75,21601.75,21601.75,21601.75,2.0
2025-06-19 11:54:00+00:00,21603.5,21603.5,21603.5,21603.5,2.0
2025-06-19 11:55:00+00:00,21598.5,21603.5,21598.5,21603.5,7.0
2025-06-19 11:58:00+00:00,21601.0,21601.0,21601.0,21601.0,10.0
2025-06-19 12:00:00+00:00,21596.25,21596.25,21596.25,21596.25,2.0
2025-06-19 12:01:00+00:00,21590.75,21593.25,21590.75,21593.25,2.0
2025-06-19 12:03:00+00:00,21587.0,21589.0,21584.25,21587.75,26.0
2025-06-19 12:04:00+00:00,21579.25,21584.25,21579.25,21584.25,9.0
2025-06-19 12:05:00+00:00,21575.25,21576.75,21573.75,21576.75,31.0
2025-06-19 12:06:00+00:00,21574.25,21576.75,21574.0,21576.75,16.0
2025-06-19 12:07:00+00:00,21576.25,21576.25,21574.0,21576.25,11.0
2025-06-19 12:08:00+00:00,21581.5,21583.25,21577.25,21577.25,16.0
2025-06-19 12:09:00+00:00,21579.0,21580.0,21579.0,21580.0,5.0
2025-06-19 12:10:00+00:00,21582.75,21582.75,21582.75,21582.75,1.0
2025-06-19 12:12:00+00:00,21585.75,21585.75,21582.0,21582.0,4.0
2025-06-19 12:13:00+00:00,21585.25,21585.25,21580.25,21580.25,2.0
2025-06-19 12:14:00+00:00,21601.0,21601.0,21584.75,21584.75,4.0
2025-06-19 12:15:00+00:00,21592.5,21593.75,21592.25,21593.75,11.0
2025-06-19 12:16:00+00:00,21589.75,21589.75,21589.75,21589.75,1.0
2025-06-19 12:17:00+00:00,21580.0,21589.75,21580.0,21589.75,11.0
2025-06-19 12:18:00+00:00,21584.25,21584.25,21579.0,21579.0,5.0
2025-06-19 12:19:00+00:00,21583.5,21583.5,21583.5,21583.5,3.0
2025-06-19 12:20:00+00:00,21588.0,21588.0,21584.25,21584.25,4.0
2025-06-19 12:21:00+00:00,21590.0,21590.0,21589.0,21589.0,3.0
2025-06-19 12:22:00+00:00,21586.25,21587.75,21586.25,21587.0,16.0
2025-06-19 12:26:00+00:00,21586.75,21587.25,21586.75,21587.25,10.0
2025-06-19 12:28:00+00:00,21588.5,21588.5,21588.5,21588.5,2.0
2025-06-19 12:32:00+00:00,21594.5,21594.5,21594.5,21594.5,1.0
2025-06-19 12:33:00+00:00,21586.75,21586.75,21586.75,21586.75,6.0
2025-06-19 12:34:00+00:00,21575.5,21582.75,21575.25,21582.75,9.0
2025-06-19 12:35:00+00:00,21576.0,21576.0,21572.25,21574.0,26.0
2025-06-19 12:36:00+00:00,21580.25,21580.25,21578.5,21580.25,9.0
2025-06-19 12:38:00+00:00,21579.25,21579.25,21579.0,21579.0,11.0
2025-06-19 12:39:00+00:00,21580.0,21580.0,21580.0,21580.0,21.0
2025-06-19 12:41:00+00:00,21577.0,21577.0,21577.0,21577.0,24.0
2025-06-19 12:42:00+00:00,21572.5,21572.5,21572.5,21572.5,1.0
2025-06-19 12:43:00+00:00,21562.25,21569.25,21559.25,21569.25,36.0
2025-06-19 12:45:00+00:00,21551.5,21559.0,21548.75,21559.0,33.0
2025-06-19 12:46:00+00:00,21551.0,21551.0,21546.75,21551.0,27.0
2025-06-19 12:47:00+00:00,21551.0,21551.0,21546.0,21546.0,24.0
2025-06-19 12:49:00+00:00,21533.5,21553.75,21533.5,21553.0,32.0
2025-06-19 12:50:00+00:00,21540.25,21540.5,21530.0,21533.0,13.0
2025-06-19 12:51:00+00:00,21530.75,21539.25,21530.0,21539.0,11.0
2025-06-19 12:52:00+00:00,21532.75,21536.5,21532.75,21533.0,5.0
2025-06-19 12:53:00+00:00,21543.0,21543.0,21536.5,21536.5,7.0
2025-06-19 12:54:00+00:00,21546.25,21548.75,21545.0,21545.25,11.0
2025-06-19 12:55:00+00:00,21538.75,21541.75,21538.75,21541.75,2.0
2025-06-19 12:56:00+00:00,21545.0,21545.0,21540.5,21540.5,3.0
2025-06-19 12:57:00+00:00,21547.0,21547.0,21547.0,21547.0,1.0
2025-06-19 12:58:00+00:00,21549.0,21549.0,21549.0,21549.0,2.0
2025-06-19 12:59:00+00:00,21547.75,21550.25,21547.75,21550.0,9.0
2025-06-19 13:00:00+00:00,21547.5,21553.0,21543.5,21553.0,17.0
2025-06-19 13:02:00+00:00,21544.0,21544.25,21542.0,21542.0,8.0
2025-06-19 13:03:00+00:00,21538.5,21546.5,21538.5,21544.0,10.0
2025-06-19 13:05:00+00:00,21554.75,21555.0,21522.0,21539.5,91.0
2025-06-19 13:06:00+00:00,21539.25,21547.5,21539.25,21547.5,12.0
2025-06-19 13:07:00+00:00,21544.0,21544.0,21539.75,21539.75,3.0
2025-06-19 13:08:00+00:00,21536.75,21543.0,21536.75,21542.75,13.0
2025-06-19 13:09:00+00:00,21541.5,21541.75,21531.75,21533.75,17.0
2025-06-19 13:10:00+00:00,21547.25,21547.25,21542.25,21542.25,6.0
2025-06-19 13:11:00+00:00,21548.75,21548.75,21548.75,21548.75,1.0
2025-06-19 13:12:00+00:00,21551.75,21551.75,21542.5,21544.0,13.0
2025-06-19 13:13:00+00:00,21549.75,21553.0,21549.75,21553.0,8.0
2025-06-19 13:14:00+00:00,21554.0,21554.0,21553.25,21553.25,8.0
2025-06-19 13:15:00+00:00,21551.0,21554.75,21551.0,21554.5,5.0
2025-06-19 13:16:00+00:00,21551.75,21556.75,21551.75,21555.0,7.0
2025-06-19 13:17:00+00:00,21554.75,21554.75,21551.0,21554.5,99.0
2025-06-19 13:18:00+00:00,21552.75,21552.75,21552.75,21552.75,1.0
2025-06-19 13:20:00+00:00,21555.0,21555.0,21553.5,21554.0,13.0
2025-06-19 13:23:00+00:00,21560.25,21564.75,21560.0,21560.0,18.0
2025-06-19 13:24:00+00:00,21563.0,21564.25,21563.0,21564.25,7.0
2025-06-19 13:27:00+00:00,21563.0,21563.0,21563.0,21563.0,10.0
2025-06-19 13:28:00+00:00,21563.5,21565.5,21563.5,21564.25,15.0
2025-06-19 13:29:00+00:00,21567.5,21567.5,21563.5,21563.5,6.0
2025-06-19 13:30:00+00:00,21556.25,21571.0,21544.5,21567.75,55.0
2025-06-19 13:31:00+00:00,21551.75,21560.25,21551.75,21557.25,23.0
2025-06-19 13:32:00+00:00,21548.5,21557.25,21544.75,21557.0,18.0
2025-06-19 13:33:00+00:00,21539.5,21546.75,21539.5,21545.25,29.0
2025-06-19 13:34:00+00:00,21540.25,21543.0,21537.25,21543.0,14.0
2025-06-19 13:35:00+00:00,21533.0,21537.0,21531.25,21536.0,30.0
2025-06-19 13:36:00+00:00,21530.25,21535.75,21529.25,21529.25,15.0
2025-06-19 13:37:00+00:00,21524.75,21526.25,21520.0,21526.25,16.0
2025-06-19 13:38:00+00:00,21508.0,21519.0,21506.75,21519.0,46.0
2025-06-19 13:39:00+00:00,21514.5,21518.5,21504.25,21506.25,55.0
2025-06-19 13:40:00+00:00,21515.0,21517.75,21515.0,21517.25,22.0
2025-06-19 13:41:00+00:00,21513.25,21513.5,21507.0,21511.0,32.0
2025-06-19 13:42:00+00:00,21506.5,21511.75,21506.5,21511.75,20.0
2025-06-19 13:43:00+00:00,21511.75,21513.0,21500.0,21505.0,91.0
2025-06-19 13:44:00+00:00,21507.5,21512.5,21507.5,21508.5,10.0
2025-06-19 13:45:00+00:00,21502.5,21507.25,21501.5,21504.25,26.0
2025-06-19 13:46:00+00:00,21491.5,21501.25,21480.25,21501.25,267.0
2025-06-19 13:47:00+00:00,21467.75,21491.0,21467.75,21491.0,111.0
2025-06-19 13:48:00+00:00,21435.5,21465.75,21435.5,21465.75,136.0
2025-06-19 13:49:00+00:00,21464.5,21464.5,21436.5,21437.0,115.0
2025-06-19 13:50:00+00:00,21468.0,21474.5,21454.0,21463.0,45.0
2025-06-19 13:51:00+00:00,21454.75,21465.5,21454.75,21463.5,22.0
2025-06-19 13:52:00+00:00,21468.25,21470.25,21449.5,21450.0,54.0
2025-06-19 13:53:00+00:00,21468.0,21470.75,21466.25,21466.25,22.0
2025-06-19 13:54:00+00:00,21466.0,21469.25,21463.5,21463.75,23.0
2025-06-19 13:55:00+00:00,21477.25,21477.25,21464.0,21464.5,22.0
2025-06-19 13:56:00+00:00,21483.5,21483.5,21471.5,21479.25,37.0
2025-06-19 13:57:00+00:00,21477.25,21485.25,21477.25,21480.0,27.0
2025-06-19 13:58:00+00:00,21473.25,21481.75,21468.0,21481.75,18.0
2025-06-19 13:59:00+00:00,21469.5,21477.25,21467.5,21477.25,22.0
2025-06-19 14:00:00+00:00,21474.75,21483.0,21467.25,21467.25,36.0
2025-06-19 14:01:00+00:00,21460.5,21470.25,21457.0,21470.25,46.0
2025-06-19 14:02:00+00:00,21467.75,21470.0,21459.0,21463.0,39.0
2025-06-19 14:03:00+00:00,21468.0,21470.75,21463.25,21464.0,79.0
2025-06-19 14:04:00+00:00,21478.0,21479.5,21467.75,21468.5,45.0
2025-06-19 14:05:00+00:00,21484.5,21488.5,21478.75,21480.0,131.0
2025-06-19 14:06:00+00:00,21479.25,21486.25,21479.25,21486.25,36.0
2025-06-19 14:07:00+00:00,21485.5,21485.5,21482.5,21482.5,12.0
2025-06-19 14:08:00+00:00,21488.5,21492.0,21486.5,21486.5,44.0
2025-06-19 14:09:00+00:00,21487.25,21490.0,21480.0,21487.5,47.0
2025-06-19 14:10:00+00:00,21491.5,21492.25,21486.25,21486.25,29.0
2025-06-19 14:11:00+00:00,21491.0,21492.75,21489.5,21492.75,14.0
2025-06-19 14:12:00+00:00,21492.25,21497.5,21491.5,21491.75,25.0
2025-06-19 14:13:00+00:00,21493.0,21493.25,21490.25,21493.25,47.0
2025-06-19 14:14:00+00:00,21493.75,21493.75,21490.25,21490.5,25.0
2025-06-19 14:15:00+00:00,21497.25,21498.0,21492.25,21492.25,40.0
2025-06-19 14:16:00+00:00,21494.0,21500.0,21492.25,21495.5,38.0
2025-06-19 14:17:00+00:00,21496.75,21498.5,21491.75,21493.75,53.0
2025-06-19 14:18:00+00:00,21494.0,21498.5,21492.75,21498.5,18.0
2025-06-19 14:19:00+00:00,21492.5,21493.5,21489.5,21492.5,18.0
2025-06-19 14:20:00+00:00,21489.5,21491.0,21481.0,21491.0,91.0
2025-06-19 14:21:00+00:00,21491.5,21495.5,21487.0,21490.75,42.0
2025-06-19 14:22:00+00:00,21499.25,21504.0,21493.5,21494.75,45.0
2025-06-19 14:23:00+00:00,21502.0,21503.5,21496.75,21503.5,45.0
2025-06-19 14:24:00+00:00,21501.0,21503.25,21498.5,21502.25,49.0
2025-06-19 14:25:00+00:00,21502.75,21504.5,21499.5,21499.5,72.0
2025-06-19 14:26:00+00:00,21502.75,21505.25,21502.25,21503.25,27.0
2025-06-19 14:27:00+00:00,21503.5,21506.5,21502.5,21505.75,15.0
2025-06-19 14:28:00+00:00,21503.25,21503.75,21499.75,21503.75,65.0
2025-06-19 14:29:00+00:00,21500.25,21511.75,21500.0,21505.0,85.0
2025-06-19 14:30:00+00:00,21495.75,21504.75,21492.75,21501.0,106.0
2025-06-19 14:31:00+00:00,21485.5,21497.25,21484.0,21495.5,84.0
2025-06-19 14:32:00+00:00,21485.75,21488.25,21485.25,21485.25,20.0
2025-06-19 14:33:00+00:00,21480.0,21489.25,21480.0,21483.5,50.0
2025-06-19 14:34:00+00:00,21474.0,21482.25,21474.0,21480.75,43.0
2025-06-19 14:35:00+00:00,21475.25,21477.5,21472.0,21474.5,17.0
2025-06-19 14:36:00+00:00,21470.25,21475.25,21469.0,21475.25,28.0
2025-06-19 14:37:00+00:00,21482.0,21482.0,21467.5,21469.0,39.0
2025-06-19 14:38:00+00:00,21492.75,21500.0,21482.75,21482.75,55.0
2025-06-19 14:39:00+00:00,21495.5,21497.0,21492.75,21494.25,17.0
2025-06-19 14:40:00+00:00,21498.75,21501.25,21493.5,21494.75,18.0
2025-06-19 14:41:00+00:00,21490.75,21497.0,21490.75,21496.25,21.0
2025-06-19 14:42:00+00:00,21481.25,21489.25,21480.25,21489.25,37.0
2025-06-19 14:43:00+00:00,21472.5,21480.0,21469.25,21480.0,29.0
2025-06-19 14:44:00+00:00,21464.25,21472.25,21460.0,21472.0,40.0
2025-06-19 14:46:00+00:00,21484.75,21485.0,21480.75,21483.25,108.0
2025-06-19 14:47:00+00:00,21479.5,21490.75,21478.75,21486.75,28.0
2025-06-19 14:48:00+00:00,21485.5,21487.75,21477.75,21478.5,13.0
2025-06-19 14:49:00+00:00,21482.0,21486.0,21482.0,21486.0,13.0
2025-06-19 14:50:00+00:00,21486.5,21488.25,21478.75,21479.25,27.0
2025-06-19 14:51:00+00:00,21486.75,21488.5,21482.75,21486.0,26.0
2025-06-19 14:52:00+00:00,21491.0,21491.75,21485.5,21485.5,19.0
2025-06-19 14:53:00+00:00,21492.5,21493.75,21486.5,21489.5,52.0
2025-06-19 14:54:00+00:00,21498.5,21505.0,21491.5,21491.5,80.0
2025-06-19 14:55:00+00:00,21511.0,21516.25,21500.75,21500.75,52.0
2025-06-19 14:56:00+00:00,21508.0,21514.5,21507.5,21511.75,38.0
2025-06-19 14:57:00+00:00,21504.25,21509.25,21502.25,21507.5,35.0
2025-06-19 14:58:00+00:00,21505.25,21508.0,21503.0,21504.0,27.0
2025-06-19 14:59:00+00:00,21509.25,21509.25,21506.25,21506.25,6.0
2025-06-19 15:00:00+00:00,21514.5,21520.0,21505.0,21509.5,86.0
2025-06-19 15:01:00+00:00,21511.0,21515.5,21509.0,21515.25,28.0
2025-06-19 15:02:00+00:00,21504.75,21511.25,21503.75,21511.25,30.0
2025-06-19 15:04:00+00:00,21509.25,21509.25,21509.0,21509.0,48.0
2025-06-19 15:06:00+00:00,21510.75,21510.75,21508.5,21508.75,28.0
2025-06-19 15:07:00+00:00,21509.25,21511.0,21509.25,21511.0,8.0
2025-06-19 15:08:00+00:00,21500.5,21500.5,21496.5,21498.75,59.0
2025-06-19 15:09:00+00:00,21492.75,21500.0,21492.0,21500.0,43.0
2025-06-19 15:11:00+00:00,21494.5,21494.5,21494.5,21494.5,34.0
2025-06-19 15:13:00+00:00,21505.25,21505.25,21500.25,21500.25,29.0
2025-06-19 15:14:00+00:00,21521.0,21522.5,21515.75,21520.0,81.0
2025-06-19 15:16:00+00:00,21506.75,21506.75,21505.75,21505.75,113.0
2025-06-19 15:18:00+00:00,21508.0,21508.0,21507.25,21507.5,72.0
2025-06-19 15:19:00+00:00,21506.25,21506.25,21506.25,21506.25,21.0
2025-06-19 15:20:00+00:00,21508.25,21509.25,21506.25,21509.25,112.0
2025-06-19 15:21:00+00:00,21497.75,21505.75,21497.75,21504.5,85.0
2025-06-19 15:22:00+00:00,21496.75,21496.75,21496.75,21496.75,1.0
2025-06-19 15:23:00+00:00,21490.25,21498.25,21489.5,21498.25,185.0
2025-06-19 15:25:00+00:00,21496.25,21497.0,21495.0,21495.0,41.0
2025-06-19 15:26:00+00:00,21494.25,21497.25,21492.5,21496.0,71.0
2025-06-19 15:27:00+00:00,21492.0,21492.0,21490.75,21491.25,46.0
2025-06-19 15:28:00+00:00,21501.5,21502.75,21495.25,21498.25,68.0
2025-06-19 15:29:00+00:00,21501.0,21503.75,21498.25,21502.0,26.0
2025-06-19 15:30:00+00:00,21498.25,21501.75,21495.75,21501.75,98.0
2025-06-19 15:31:00+00:00,21492.25,21501.25,21492.25,21499.0,32.0
2025-06-19 15:32:00+00:00,21497.25,21497.25,21495.25,21495.25,104.0
2025-06-19 15:33:00+00:00,21495.5,21497.75,21495.25,21496.75,63.0
2025-06-19 15:34:00+00:00,21485.5,21495.0,21485.5,21495.0,100.0
2025-06-19 15:35:00+00:00,21477.75,21486.0,21474.0,21486.0,103.0
2025-06-19 15:37:00+00:00,21477.0,21478.75,21473.5,21477.5,99.0
2025-06-19 15:38:00+00:00,21480.5,21483.5,21475.5,21476.0,103.0
2025-06-19 15:39:00+00:00,21484.25,21484.75,21480.25,21480.25,10.0
2025-06-19 15:40:00+00:00,21490.75,21492.0,21489.75,21492.0,27.0
2025-06-19 15:41:00+00:00,21482.75,21491.75,21482.5,21491.75,31.0
2025-06-19 15:42:00+00:00,21483.25,21486.0,21478.5,21483.75,125.0
2025-06-19 15:43:00+00:00,21486.75,21486.75,21481.0,21483.25,37.0
2025-06-19 15:44:00+00:00,21496.25,21496.75,21484.5,21484.75,55.0
2025-06-19 15:45:00+00:00,21500.5,21500.5,21496.5,21496.5,52.0
2025-06-19 15:46:00+00:00,21498.75,21501.0,21498.0,21498.5,9.0
2025-06-19 15:47:00+00:00,21502.5,21504.0,21498.75,21498.75,25.0
2025-06-19 15:48:00+00:00,21498.75,21506.25,21498.25,21503.75,33.0
2025-06-19 15:49:00+00:00,21498.75,21501.0,21498.5,21498.5,13.0
2025-06-19 15:50:00+00:00,21495.75,21498.0,21495.25,21497.5,28.0
2025-06-19 15:51:00+00:00,21483.5,21497.5,21483.5,21496.0,60.0
2025-06-19 15:52:00+00:00,21474.0,21486.25,21473.75,21484.75,107.0
2025-06-19 15:53:00+00:00,21472.5,21474.75,21463.75,21474.75,56.0
2025-06-19 15:54:00+00:00,21479.0,21479.25,21471.5,21473.0,34.0
2025-06-19 15:55:00+00:00,21485.5,21489.5,21476.75,21478.25,86.0
2025-06-19 15:56:00+00:00,21472.25,21484.0,21460.5,21484.0,148.0
2025-06-19 15:57:00+00:00,21481.0,21482.5,21475.25,21476.0,35.0
2025-06-19 15:58:00+00:00,21463.5,21480.25,21463.5,21480.25,28.0
2025-06-19 15:59:00+00:00,21463.75,21468.75,21459.25,21464.0,33.0
2025-06-19 16:00:00+00:00,21469.25,21473.25,21461.75,21461.75,31.0
2025-06-19 16:01:00+00:00,21472.25,21473.0,21470.75,21470.75,4.0
2025-06-19 16:02:00+00:00,21475.0,21475.0,21471.5,21473.5,10.0
2025-06-19 16:03:00+00:00,21482.75,21483.0,21474.0,21474.0,14.0
2025-06-19 16:04:00+00:00,21485.0,21485.0,21479.5,21480.25,10.0
2025-06-19 16:05:00+00:00,21488.25,21490.5,21485.75,21485.75,24.0
2025-06-19 16:06:00+00:00,21493.25,21497.0,21492.5,21495.0,9.0
2025-06-19 16:07:00+00:00,21493.25,21493.25,21493.25,21493.25,4.0
2025-06-19 16:08:00+00:00,21495.5,21498.75,21495.5,21498.25,8.0
2025-06-19 16:09:00+00:00,21494.5,21494.5,21494.5,21494.5,2.0
2025-06-19 16:10:00+00:00,21496.25,21496.25,21494.5,21494.5,4.0
2025-06-19 16:11:00+00:00,21498.0,21498.0,21497.0,21497.0,4.0
2025-06-19 16:12:00+00:00,21497.0,21497.0,21495.0,21495.5,8.0
2025-06-19 16:13:00+00:00,21497.5,21497.5,21496.5,21496.5,3.0
2025-06-19 16:14:00+00:00,21495.5,21498.5,21492.75,21498.5,9.0
2025-06-19 16:15:00+00:00,21498.75,21498.75,21498.75,21498.75,1.0
2025-06-19 16:16:00+00:00,21500.25,21500.25,21498.5,21498.5,3.0
2025-06-19 16:17:00+00:00,21502.75,21503.25,21499.25,21499.5,7.0
2025-06-19 16:18:00+00:00,21501.0,21501.0,21501.0,21501.0,2.0
2025-06-19 16:19:00+00:00,21500.5,21500.5,21498.75,21500.5,8.0
2025-06-19 16:20:00+00:00,21503.5,21503.5,21503.5,21503.5,1.0
2025-06-19 16:21:00+00:00,21509.25,21511.0,21505.25,21506.5,15.0
2025-06-19 16:22:00+00:00,21507.25,21512.25,21506.75,21506.75,10.0
2025-06-19 16:23:00+00:00,21507.0,21510.75,21507.0,21510.25,21.0
2025-06-19 16:24:00+00:00,21513.0,21513.0,21508.25,21508.25,30.0
2025-06-19 16:25:00+00:00,21515.75,21516.5,21514.25,21514.25,23.0
2025-06-19 16:26:00+00:00,21512.25,21515.0,21510.0,21515.0,16.0
2025-06-19 16:27:00+00:00,21514.25,21515.5,21514.25,21514.25,5.0
2025-06-19 16:28:00+00:00,21516.0,21516.0,21516.0,21516.0,1.0
2025-06-19 16:29:00+00:00,21517.25,21517.5,21515.75,21517.0,19.0
2025-06-19 16:30:00+00:00,21518.0,21519.25,21516.25,21517.5,22.0
2025-06-19 16:31:00+00:00,21517.25,21517.25,21514.75,21516.75,16.0
2025-06-19 16:32:00+00:00,21514.75,21517.5,21514.75,21516.75,15.0
2025-06-19 16:33:00+00:00,21511.5,21512.25,21505.5,21512.25,30.0
2025-06-19 16:34:00+00:00,21522.5,21524.75,21512.25,21512.25,155.0
2025-06-19 16:35:00+00:00,21520.25,21523.75,21516.0,21522.0,32.0
2025-06-19 16:36:00+00:00,21512.5,21524.25,21507.75,21524.25,21.0
2025-06-19 16:37:00+00:00,21512.75,21521.75,21512.75,21521.75,6.0
2025-06-19 16:38:00+00:00,21510.25,21519.5,21510.25,21519.5,50.0
2025-06-19 16:39:00+00:00,21508.25,21509.5,21508.25,21509.25,15.0
2025-06-19 16:40:00+00:00,21507.0,21507.0,21507.0,21507.0,5.0
2025-06-19 16:43:00+00:00,21506.0,21506.25,21506.0,21506.25,9.0
2025-06-19 16:44:00+00:00,21510.75,21510.75,21510.75,21510.75,7.0
2025-06-19 16:45:00+00:00,21500.5,21502.25,21500.5,21502.0,15.0
2025-06-19 16:46:00+00:00,21501.5,21501.5,21498.5,21499.25,26.0
2025-06-19 16:47:00+00:00,21501.0,21508.25,21501.0,21503.75,18.0
2025-06-19 16:48:00+00:00,21508.75,21511.25,21508.75,21509.0,7.0
2025-06-19 16:49:00+00:00,21506.5,21517.25,21506.5,21517.25,15.0
2025-06-19 16:50:00+00:00,21514.5,21516.5,21514.5,21516.5,5.0
2025-06-19 16:51:00+00:00,21510.0,21514.5,21504.25,21514.5,16.0
2025-06-19 16:52:00+00:00,21502.5,21503.25,21502.5,21503.25,10.0
2025-06-19 16:54:00+00:00,21503.5,21503.5,21503.25,21503.25,5.0
2025-06-19 16:55:00+00:00,21488.25,21497.75,21488.0,21497.75,41.0
2025-06-19 16:57:00+00:00,21493.75,21498.5,21493.75,21496.25,16.0
2025-06-19 16:58:00+00:00,21486.5,21501.5,21486.5,21500.0,30.0
2025-06-19 16:59:00+00:00,21484.75,21494.75,21475.25,21486.5,58.0
2025-06-19 22:00:00+00:00,21586.75,21595.5,21524.0,21524.0,78.0
2025-06-19 22:01:00+00:00,21601.75,21615.75,21584.0,21584.0,55.0
2025-06-19 22:02:00+00:00,21605.75,21612.25,21600.75,21601.0,18.0
2025-06-19 22:03:00+00:00,21607.5,21607.5,21601.75,21601.75,28.0
2025-06-19 22:04:00+00:00,21616.25,21619.0,21610.0,21610.0,45.0
2025-06-19 22:05:00+00:00,21609.0,21616.5,21608.0,21609.5,22.0
2025-06-19 22:06:00+00:00,21616.0,21616.0,21614.75,21614.75,2.0
2025-06-19 22:07:00+00:00,21608.0,21608.0,21604.25,21604.25,4.0
2025-06-19 22:08:00+00:00,21610.0,21610.0,21603.25,21605.75,31.0
2025-06-19 22:09:00+00:00,21606.5,21606.5,21604.5,21604.5,3.0
2025-06-19 22:10:00+00:00,21607.75,21607.75,21607.75,21607.75,4.0
2025-06-19 22:11:00+00:00,21619.75,21619.75,21608.25,21608.25,15.0
2025-06-19 22:13:00+00:00,21612.25,21612.25,21604.75,21605.0,3.0
2025-06-19 22:14:00+00:00,21612.75,21612.75,21608.5,21609.25,6.0
2025-06-19 22:15:00+00:00,21613.0,21613.25,21612.5,21612.5,15.0
2025-06-19 22:16:00+00:00,21617.5,21617.5,21613.75,21614.25,31.0
2025-06-19 22:17:00+00:00,21617.5,21619.0,21617.5,21619.0,2.0
2025-06-19 22:18:00+00:00,21617.75,21617.75,21617.5,21617.5,2.0
2025-06-19 22:19:00+00:00,21621.0,21621.0,21620.0,21620.0,10.0
2025-06-19 22:20:00+00:00,21621.5,21621.5,21621.5,21621.5,2.0
2025-06-19 22:21:00+00:00,21618.75,21619.75,21618.75,21619.75,4.0
2025-06-19 22:22:00+00:00,21623.25,21623.25,21618.0,21618.0,6.0
2025-06-19 22:23:00+00:00,21623.25,21623.25,21620.0,21620.0,12.0
2025-06-19 22:24:00+00:00,21614.75,21627.0,21614.75,21625.0,12.0
2025-06-19 22:25:00+00:00,21615.5,21616.0,21612.25,21612.25,7.0
2025-06-19 22:26:00+00:00,21615.25,21618.25,21615.25,21618.25,5.0
2025-06-19 22:27:00+00:00,21618.0,21618.0,21618.0,21618.0,1.0
2025-06-19 22:28:00+00:00,21627.0,21627.0,21622.75,21624.0,7.0
2025-06-19 22:30:00+00:00,21625.5,21627.75,21625.0,21626.5,10.0
2025-06-19 22:31:00+00:00,21629.0,21629.0,21627.0,21627.0,10.0
2025-06-19 22:32:00+00:00,21637.5,21640.5,21632.5,21635.0,12.0
2025-06-19 22:33:00+00:00,21650.25,21650.5,21644.25,21644.25,9.0
2025-06-19 22:34:00+00:00,21650.5,21652.0,21649.75,21650.0,16.0
2025-06-19 22:36:00+00:00,21663.25,21664.0,21652.25,21652.25,19.0
2025-06-19 22:37:00+00:00,21663.5,21663.75,21663.25,21663.25,7.0
2025-06-19 22:38:00+00:00,21670.25,21672.25,21663.75,21663.75,16.0
2025-06-19 22:39:00+00:00,21660.75,21661.0,21660.5,21661.0,11.0
2025-06-19 22:40:00+00:00,21669.0,21669.0,21662.75,21662.75,2.0
2025-06-19 22:41:00+00:00,21671.5,21671.5,21669.25,21669.25,3.0
2025-06-19 22:42:00+00:00,21678.5,21678.5,21672.5,21672.5,16.0
2025-06-19 22:43:00+00:00,21685.5,21694.0,21685.5,21689.25,18.0
2025-06-19 22:44:00+00:00,21673.0,21678.25,21669.25,21678.25,82.0
2025-06-19 22:46:00+00:00,21685.0,21685.0,21680.0,21680.0,2.0
2025-06-19 22:47:00+00:00,21702.25,21705.25,21691.0,21691.0,22.0
2025-06-19 22:48:00+00:00,21697.75,21700.0,21696.75,21700.0,10.0
2025-06-19 22:49:00+00:00,21689.25,21691.25,21689.25,21689.25,8.0
2025-06-19 22:50:00+00:00,21686.5,21691.25,21686.5,21691.0,11.0
2025-06-19 22:51:00+00:00,21675.5,21675.5,21675.5,21675.5,2.0
2025-06-19 22:52:00+00:00,21680.0,21680.75,21679.5,21679.5,13.0
2025-06-19 22:53:00+00:00,21673.0,21676.75,21672.0,21676.75,6.0
2025-06-19 22:54:00+00:00,21674.25,21674.25,21672.5,21672.5,23.0
2025-06-19 22:55:00+00:00,21675.75,21675.75,21674.75,21675.5,3.0
2025-06-19 22:57:00+00:00,21676.25,21676.25,21671.5,21675.5,21.0
2025-06-19 22:58:00+00:00,21675.75,21675.75,21675.75,21675.75,1.0
2025-06-19 22:59:00+00:00,21676.0,21676.0,21674.75,21674.75,3.0
2025-06-19 23:00:00+00:00,21675.75,21675.75,21674.75,21674.75,2.0
2025-06-19 23:02:00+00:00,21668.75,21677.25,21668.75,21677.25,3.0
2025-06-19 23:03:00+00:00,21671.25,21671.5,21671.25,21671.5,2.0
2025-06-19 23:04:00+00:00,21660.0,21670.5,21660.0,21670.5,7.0
2025-06-19 23:05:00+00:00,21659.75,21661.5,21657.25,21661.5,5.0
2025-06-19 23:07:00+00:00,21664.0,21665.0,21662.25,21665.0,10.0
2025-06-19 23:08:00+00:00,21665.0,21665.75,21665.0,21665.75,3.0
2025-06-19 23:09:00+00:00,21656.5,21661.75,21656.5,21661.75,4.0
2025-06-19 23:11:00+00:00,21657.5,21657.5,21655.0,21655.0,2.0
2025-06-19 23:13:00+00:00,21660.0,21660.0,21660.0,21660.0,1.0
2025-06-19 23:14:00+00:00,21661.25,21661.25,21660.25,21660.25,2.0
2025-06-19 23:15:00+00:00,21661.5,21662.25,21661.5,21662.25,3.0
2025-06-19 23:16:00+00:00,21667.75,21667.75,21667.75,21667.75,1.0
2025-06-19 23:19:00+00:00,21671.75,21671.75,21668.75,21668.75,5.0
2025-06-19 23:20:00+00:00,21678.75,21678.75,21670.75,21670.75,6.0
2025-06-19 23:21:00+00:00,21680.0,21680.0,21677.25,21677.25,2.0
2025-06-19 23:22:00+00:00,21678.25,21678.25,21678.25,21678.25,1.0
2025-06-19 23:23:00+00:00,21672.25,21674.0,21672.25,21673.0,3.0
2025-06-19 23:24:00+00:00,21665.75,21668.5,21665.75,21668.0,5.0
2025-06-19 23:25:00+00:00,21665.5,21665.5,21665.5,21665.5,1.0
2025-06-19 23:26:00+00:00,21659.5,21660.0,21653.25,21653.25,16.0
2025-06-19 23:29:00+00:00,21655.25,21656.5,21655.25,21656.5,5.0
2025-06-19 23:31:00+00:00,21655.25,21656.25,21651.5,21651.5,3.0
2025-06-19 23:32:00+00:00,21653.25,21653.5,21653.25,21653.5,2.0
2025-06-19 23:33:00+00:00,21657.5,21657.5,21656.75,21656.75,3.0
2025-06-19 23:34:00+00:00,21657.75,21657.75,21657.75,21657.75,4.0
2025-06-19 23:37:00+00:00,21665.0,21665.0,21665.0,21665.0,1.0
2025-06-19 23:39:00+00:00,21668.75,21668.75,21665.0,21666.0,14.0
2025-06-19 23:40:00+00:00,21668.75,21670.5,21668.75,21669.5,7.0
2025-06-19 23:41:00+00:00,21669.25,21669.5,21669.25,21669.5,2.0
2025-06-19 23:44:00+00:00,21680.0,21680.0,21680.0,21680.0,3.0
2025-06-19 23:46:00+00:00,21678.25,21681.25,21678.25,21681.25,2.0
2025-06-19 23:48:00+00:00,21666.75,21669.75,21666.5,21669.75,4.0
2025-06-19 23:49:00+00:00,21663.75,21665.25,21663.75,21665.25,5.0
2025-06-19 23:51:00+00:00,21667.25,21667.25,21666.0,21666.0,6.0
2025-06-19 23:53:00+00:00,21667.25,21670.0,21667.25,21670.0,3.0
2025-06-19 23:56:00+00:00,21669.0,21669.0,21669.0,21669.0,1.0
2025-06-19 23:57:00+00:00,21670.0,21670.0,21670.0,21670.0,1.0
2025-06-19 23:58:00+00:00,21665.0,21668.0,21665.0,21668.0,2.0
2025-06-20 00:00:00+00:00,21671.5,21672.0,21671.5,21672.0,2.0
2025-06-20 00:02:00+00:00,21675.5,21677.0,21675.5,21677.0,2.0
2025-06-20 00:03:00+00:00,21673.25,21674.75,21673.25,21674.0,16.0
2025-06-20 00:04:00+00:00,21673.75,21674.0,21673.0,21673.0,11.0
2025-06-20 00:05:00+00:00,21674.0,21674.75,21672.5,21672.5,4.0
2025-06-20 00:06:00+00:00,21670.0,21670.0,21670.0,21670.0,3.0
2025-06-20 00:11:00+00:00,21690.5,21690.5,21685.0,21686.25,33.0
2025-06-20 00:12:00+00:00,21698.0,21698.0,21693.0,21693.0,3.0
2025-06-20 00:13:00+00:00,21699.5,21705.5,21697.5,21699.0,24.0
2025-06-20 00:14:00+00:00,21699.5,21699.5,21699.5,21699.5,1.0
2025-06-20 00:15:00+00:00,21690.5,21695.75,21690.5,21695.75,5.0
2025-06-20 00:16:00+00:00,21690.0,21690.0,21690.0,21690.0,1.0
2025-06-20 00:17:00+00:00,21685.25,21685.25,21685.25,21685.25,1.0
2025-06-20 00:18:00+00:00,21678.5,21678.5,21678.5,21678.5,4.0
2025-06-20 00:19:00+00:00,21681.75,21685.0,21681.75,21685.0,5.0
2025-06-20 00:20:00+00:00,21688.0,21688.0,21688.0,21688.0,2.0
2025-06-20 00:21:00+00:00,21696.25,21696.25,21696.25,21696.25,7.0
2025-06-20 00:22:00+00:00,21692.25,21692.75,21692.25,21692.75,8.0
2025-06-20 00:23:00+00:00,21702.75,21702.75,21702.0,21702.0,5.0
2025-06-20 00:25:00+00:00,21695.0,21697.0,21695.0,21697.0,3.0
2025-06-20 00:27:00+00:00,21693.0,21693.25,21693.0,21693.25,9.0
2025-06-20 00:28:00+00:00,21695.5,21695.5,21695.5,21695.5,1.0
2025-06-20 00:30:00+00:00,21692.0,21692.0,21692.0,21692.0,1.0
2025-06-20 00:31:00+00:00,21683.25,21684.0,21683.25,21684.0,6.0
2025-06-20 00:32:00+00:00,21688.25,21688.25,21684.5,21684.5,21.0
2025-06-20 00:35:00+00:00,21689.75,21689.75,21689.0,21689.0,21.0
2025-06-20 00:37:00+00:00,21685.75,21685.75,21683.5,21683.5,5.0
2025-06-20 00:38:00+00:00,21683.5,21683.5,21683.5,21683.5,12.0
2025-06-20 00:40:00+00:00,21678.5,21682.0,21678.5,21682.0,18.0
2025-06-20 00:46:00+00:00,21682.5,21682.5,21676.5,21676.5,4.0
2025-06-20 00:47:00+00:00,21686.25,21686.25,21686.25,21686.25,2.0
2025-06-20 00:48:00+00:00,21683.0,21685.25,21683.0,21685.25,17.0
2025-06-20 00:49:00+00:00,21677.0,21677.0,21677.0,21677.0,26.0
2025-06-20 00:51:00+00:00,21667.0,21667.0,21667.0,21667.0,3.0
2025-06-20 00:52:00+00:00,21667.5,21667.5,21667.5,21667.5,1.0
2025-06-20 00:53:00+00:00,21668.0,21669.25,21667.25,21669.25,6.0
2025-06-20 00:55:00+00:00,21676.5,21676.5,21665.0,21665.0,45.0
2025-06-20 00:56:00+00:00,21677.0,21678.0,21676.75,21678.0,26.0
2025-06-20 00:57:00+00:00,21676.5,21677.25,21676.5,21677.25,6.0
2025-06-20 00:58:00+00:00,21669.25,21669.25,21669.25,21669.25,1.0
2025-06-20 00:59:00+00:00,21665.75,21669.25,21665.75,21669.25,3.0
2025-06-20 01:00:00+00:00,21666.5,21666.5,21666.5,21666.5,3.0
2025-06-20 01:02:00+00:00,21667.25,21667.25,21667.25,21667.25,2.0
2025-06-20 01:03:00+00:00,21673.25,21673.25,21673.25,21673.25,9.0
2025-06-20 01:04:00+00:00,21665.75,21665.75,21665.75,21665.75,3.0
2025-06-20 01:05:00+00:00,21662.0,21662.0,21660.0,21660.0,8.0
2025-06-20 01:06:00+00:00,21646.5,21657.25,21643.5,21657.25,7.0
2025-06-20 01:07:00+00:00,21651.0,21651.0,21643.0,21643.0,29.0
2025-06-20 01:09:00+00:00,21648.25,21648.25,21648.25,21648.25,1.0
2025-06-20 01:10:00+00:00,21629.75,21640.0,21629.75,21637.25,14.0
2025-06-20 01:11:00+00:00,21639.5,21641.0,21636.5,21637.5,6.0
2025-06-20 01:12:00+00:00,21641.25,21641.25,21635.5,21635.5,3.0
2025-06-20 01:13:00+00:00,21639.25,21642.25,21639.25,21642.25,15.0
2025-06-20 01:14:00+00:00,21639.25,21639.25,21639.25,21639.25,3.0
2025-06-20 01:16:00+00:00,21651.25,21654.0,21651.25,21654.0,4.0
2025-06-20 01:17:00+00:00,21661.25,21661.75,21656.75,21656.75,6.0
2025-06-20 01:19:00+00:00,21663.0,21663.0,21663.0,21663.0,8.0
2025-06-20 01:20:00+00:00,21660.0,21663.5,21660.0,21663.5,6.0
2025-06-20 01:21:00+00:00,21657.0,21657.0,21657.0,21657.0,1.0
2025-06-20 01:22:00+00:00,21661.0,21661.0,21661.0,21661.0,3.0
2025-06-20 01:25:00+00:00,21651.25,21653.5,21651.25,21653.5,2.0
2025-06-20 01:26:00+00:00,21658.25,21658.25,21658.25,21658.25,2.0
2025-06-20 01:27:00+00:00,21658.25,21660.25,21658.25,21660.25,26.0
2025-06-20 01:29:00+00:00,21654.25,21654.25,21654.0,21654.0,6.0
2025-06-20 01:30:00+00:00,21654.5,21654.5,21654.5,21654.5,4.0
2025-06-20 01:31:00+00:00,21653.5,21653.5,21652.25,21652.25,10.0
2025-06-20 01:32:00+00:00,21653.5,21654.5,21652.75,21652.75,14.0
2025-06-20 01:34:00+00:00,21647.0,21652.0,21647.0,21651.75,15.0
2025-06-20 01:35:00+00:00,21644.0,21644.0,21644.0,21644.0,3.0
2025-06-20 01:36:00+00:00,21639.25,21643.0,21637.5,21637.5,15.0
2025-06-20 01:37:00+00:00,21640.75,21640.75,21640.75,21640.75,9.0
2025-06-20 01:38:00+00:00,21648.5,21649.0,21641.0,21641.0,9.0
2025-06-20 01:42:00+00:00,21651.25,21651.25,21651.25,21651.25,1.0
2025-06-20 01:44:00+00:00,21655.25,21661.0,21655.25,21659.25,4.0
2025-06-20 01:50:00+00:00,21649.25,21649.25,21649.25,21649.25,1.0
2025-06-20 01:51:00+00:00,21649.25,21652.25,21649.25,21652.25,5.0
2025-06-20 01:55:00+00:00,21658.0,21658.0,21654.0,21654.0,10.0
2025-06-20 01:56:00+00:00,21664.0,21664.0,21664.0,21664.0,11.0
2025-06-20 01:57:00+00:00,21659.0,21659.25,21659.0,21659.25,31.0
2025-06-20 02:01:00+00:00,21656.0,21656.0,21653.75,21653.75,35.0
2025-06-20 02:08:00+00:00,21654.0,21654.0,21654.0,21654.0,24.0
2025-06-20 02:10:00+00:00,21659.5,21659.5,21658.0,21658.0,19.0
2025-06-20 02:12:00+00:00,21656.25,21656.25,21656.25,21656.25,30.0
2025-06-20 02:20:00+00:00,21656.0,21656.0,21656.0,21656.0,1.0
2025-06-20 02:22:00+00:00,21662.5,21662.5,21660.5,21660.5,2.0
2025-06-20 02:24:00+00:00,21664.0,21664.0,21664.0,21664.0,1.0
2025-06-20 02:25:00+00:00,21666.0,21666.0,21665.0,21665.0,6.0
2025-06-20 02:27:00+00:00,21664.25,21664.5,21664.25,21664.5,16.0
2025-06-20 02:28:00+00:00,21665.75,21665.75,21665.75,21665.75,17.0
2025-06-20 02:29:00+00:00,21670.0,21670.0,21668.5,21668.5,13.0
2025-06-20 02:31:00+00:00,21672.75,21672.75,21672.75,21672.75,3.0
2025-06-20 02:33:00+00:00,21678.0,21678.0,21678.0,21678.0,2.0
2025-06-20 02:36:00+00:00,21678.5,21678.5,21678.5,21678.5,2.0
2025-06-20 02:38:00+00:00,21679.5,21679.5,21679.5,21679.5,2.0
2025-06-20 02:42:00+00:00,21672.0,21672.75,21672.0,21672.75,2.0
2025-06-20 02:43:00+00:00,21672.5,21672.5,21672.5,21672.5,8.0
2025-06-20 02:46:00+00:00,21672.5,21672.5,21672.5,21672.5,6.0
2025-06-20 03:02:00+00:00,21673.75,21673.75,21670.75,21670.75,7.0
2025-06-20 03:03:00+00:00,21664.0,21664.0,21664.0,21664.0,6.0
2025-06-20 03:12:00+00:00,21671.5,21671.5,21671.5,21671.5,1.0
2025-06-20 03:13:00+00:00,21673.25,21673.25,21670.0,21670.0,40.0
2025-06-20 03:15:00+00:00,21676.5,21677.75,21676.5,21677.5,5.0
2025-06-20 03:19:00+00:00,21680.25,21680.25,21676.0,21676.0,11.0
2025-06-20 03:20:00+00:00,21681.5,21681.5,21681.5,21681.5,12.0
2025-06-20 03:21:00+00:00,21680.5,21686.5,21676.75,21676.75,9.0
2025-06-20 03:22:00+00:00,21677.0,21679.5,21677.0,21678.75,8.0
2025-06-20 03:23:00+00:00,21684.75,21684.75,21680.75,21680.75,6.0
2025-06-20 03:24:00+00:00,21681.75,21688.75,21681.75,21684.5,48.0
2025-06-20 03:25:00+00:00,21687.5,21687.5,21687.5,21687.5,16.0
2025-06-20 03:28:00+00:00,21685.0,21685.0,21685.0,21685.0,1.0
2025-06-20 03:30:00+00:00,21685.5,21685.5,21685.5,21685.5,2.0
2025-06-20 03:38:00+00:00,21692.0,21692.0,21690.0,21690.0,6.0
2025-06-20 03:43:00+00:00,21687.0,21687.0,21687.0,21687.0,1.0
2025-06-20 03:47:00+00:00,21690.0,21690.0,21690.0,21690.0,3.0
2025-06-20 03:51:00+00:00,21684.0,21686.5,21684.0,21686.5,4.0
2025-06-20 03:53:00+00:00,21680.75,21680.75,21680.75,21680.75,2.0
2025-06-20 03:54:00+00:00,21684.25,21684.25,21684.25,21684.25,2.0
2025-06-20 03:58:00+00:00,21680.25,21680.25,21680.25,21680.25,3.0
2025-06-20 04:15:00+00:00,21678.5,21678.5,21678.5,21678.5,1.0
2025-06-20 04:17:00+00:00,21686.25,21686.25,21685.75,21685.75,3.0
2025-06-20 04:19:00+00:00,21682.5,21682.5,21682.5,21682.5,1.0
2025-06-20 04:20:00+00:00,21682.75,21684.0,21682.75,21684.0,3.0
2025-06-20 04:26:00+00:00,21683.5,21683.5,21683.5,21683.5,5.0
2025-06-20 04:34:00+00:00,21686.5,21686.5,21686.5,21686.5,5.0
2025-06-20 04:38:00+00:00,21690.5,21690.5,21690.5,21690.5,4.0
2025-06-20 04:42:00+00:00,21688.25,21688.25,21688.25,21688.25,2.0
2025-06-20 04:50:00+00:00,21693.0,21693.0,21693.0,21693.0,1.0
2025-06-20 04:52:00+00:00,21700.0,21700.0,21700.0,21700.0,11.0
2025-06-20 04:55:00+00:00,21695.0,21695.0,21695.0,21695.0,6.0
2025-06-20 04:59:00+00:00,21687.0,21688.5,21687.0,21688.5,6.0
2025-06-20 05:02:00+00:00,21681.75,21682.0,21679.5,21682.0,9.0
2025-06-20 05:06:00+00:00,21678.75,21678.75,21678.75,21678.75,1.0
2025-06-20 05:07:00+00:00,21680.25,21680.25,21680.0,21680.0,3.0
2025-06-20 05:09:00+00:00,21682.75,21682.75,21682.75,21682.75,4.0
2025-06-20 05:11:00+00:00,21676.75,21678.5,21675.0,21678.5,8.0
2025-06-20 05:13:00+00:00,21676.25,21676.25,21676.25,21676.25,7.0
2025-06-20 05:24:00+00:00,21678.5,21678.5,21676.5,21676.5,9.0
2025-06-20 05:26:00+00:00,21675.5,21675.5,21675.5,21675.5,6.0
2025-06-20 05:28:00+00:00,21668.5,21668.5,21668.5,21668.5,7.0
2025-06-20 05:30:00+00:00,21679.0,21679.0,21679.0,21679.0,9.0
2025-06-20 05:32:00+00:00,21678.25,21678.25,21678.25,21678.25,6.0
2025-06-20 05:33:00+00:00,21675.75,21675.75,21675.75,21675.75,13.0
2025-06-20 05:45:00+00:00,21683.75,21683.75,21683.5,21683.5,9.0
2025-06-20 05:46:00+00:00,21683.75,21683.75,21683.75,21683.75,8.0
2025-06-20 05:47:00+00:00,21683.5,21683.5,21683.5,21683.5,4.0
2025-06-20 05:48:00+00:00,21683.75,21683.75,21683.75,21683.75,9.0
2025-06-20 05:51:00+00:00,21692.0,21692.0,21692.0,21692.0,5.0
2025-06-20 05:52:00+00:00,21694.5,21701.0,21694.5,21699.5,10.0
2025-06-20 05:53:00+00:00,21694.5,21694.5,21690.75,21690.75,5.0
2025-06-20 05:54:00+00:00,21696.0,21696.0,21696.0,21696.0,6.0
2025-06-20 05:56:00+00:00,21699.25,21702.5,21699.25,21702.5,11.0
2025-06-20 05:57:00+00:00,21700.0,21700.0,21700.0,21700.0,10.0
2025-06-20 05:58:00+00:00,21699.25,21699.25,21699.25,21699.25,2.0
2025-06-20 06:00:00+00:00,21708.25,21709.5,21702.75,21702.75,13.0
2025-06-20 06:01:00+00:00,21710.5,21710.5,21710.25,21710.25,6.0
2025-06-20 06:03:00+00:00,21702.25,21702.25,21698.5,21698.5,8.0
2025-06-20 06:05:00+00:00,21713.75,21713.75,21708.0,21709.75,53.0
2025-06-20 06:07:00+00:00,21710.5,21710.5,21710.5,21710.5,6.0
2025-06-20 06:08:00+00:00,21710.5,21714.25,21710.5,21714.25,28.0
2025-06-20 06:09:00+00:00,21715.25,21715.25,21710.75,21710.75,14.0
2025-06-20 06:17:00+00:00,21714.5,21716.25,21714.5,21716.25,13.0
2025-06-20 06:19:00+00:00,21708.5,21714.5,21708.5,21714.5,29.0
2025-06-20 06:21:00+00:00,21716.25,21716.25,21716.25,21716.25,5.0
2025-06-20 06:22:00+00:00,21722.0,21722.0,21722.0,21722.0,4.0
2025-06-20 06:23:00+00:00,21721.75,21721.75,21721.0,21721.0,14.0
2025-06-20 06:24:00+00:00,21721.75,21721.75,21720.5,21720.5,13.0
2025-06-20 06:25:00+00:00,21724.25,21724.25,21721.5,21721.5,9.0
2025-06-20 06:26:00+00:00,21722.25,21722.25,21722.25,21722.25,4.0
2025-06-20 06:27:00+00:00,21724.5,21724.5,21724.5,21724.5,26.0
2025-06-20 06:30:00+00:00,21712.75,21713.0,21712.75,21713.0,4.0
2025-06-20 06:31:00+00:00,21708.5,21712.0,21708.5,21712.0,10.0
2025-06-20 06:32:00+00:00,21713.25,21713.25,21709.0,21709.0,7.0
2025-06-20 06:34:00+00:00,21705.5,21705.5,21705.5,21705.5,2.0
2025-06-20 06:35:00+00:00,21704.0,21704.0,21704.0,21704.0,11.0
2025-06-20 06:36:00+00:00,21704.0,21704.0,21704.0,21704.0,7.0
2025-06-20 06:37:00+00:00,21708.25,21708.25,21708.25,21708.25,3.0
2025-06-20 06:40:00+00:00,21703.75,21706.5,21703.25,21703.25,11.0
2025-06-20 06:41:00+00:00,21701.5,21701.5,21701.5,21701.5,9.0
2025-06-20 06:45:00+00:00,21700.0,21700.0,21700.0,21700.0,81.0
2025-06-20 06:54:00+00:00,21690.75,21690.75,21690.75,21690.75,3.0
2025-06-20 07:00:00+00:00,21687.5,21687.5,21687.5,21687.5,4.0
2025-06-20 07:02:00+00:00,21681.75,21681.75,21681.75,21681.75,1.0
2025-06-20 07:03:00+00:00,21684.5,21684.5,21684.5,21684.5,3.0
2025-06-20 07:04:00+00:00,21680.5,21683.25,21680.5,21683.25,7.0
2025-06-20 07:05:00+00:00,21678.75,21678.75,21678.0,21678.0,6.0
2025-06-20 07:07:00+00:00,21681.25,21681.25,21681.25,21681.25,2.0
2025-06-20 07:09:00+00:00,21684.25,21684.25,21684.25,21684.25,1.0
2025-06-20 07:10:00+00:00,21684.5,21684.5,21683.75,21683.75,4.0
2025-06-20 07:12:00+00:00,21682.75,21682.75,21682.75,21682.75,3.0
2025-06-20 07:14:00+00:00,21684.5,21684.5,21684.5,21684.5,2.0
2025-06-20 07:15:00+00:00,21681.75,21681.75,21681.75,21681.75,4.0
2025-06-20 07:16:00+00:00,21679.0,21687.0,21679.0,21687.0,18.0
2025-06-20 07:18:00+00:00,21690.5,21690.5,21689.75,21689.75,6.0
2025-06-20 07:19:00+00:00,21688.0,21688.0,21687.75,21687.75,6.0
2025-06-20 07:20:00+00:00,21690.5,21690.5,21690.5,21690.5,1.0
2025-06-20 07:21:00+00:00,21692.0,21692.0,21692.0,21692.0,10.0
2025-06-20 07:22:00+00:00,21694.5,21694.5,21693.5,21693.5,10.0
2025-06-20 07:23:00+00:00,21700.5,21700.5,21700.5,21700.5,5.0
2025-06-20 07:24:00+00:00,21697.0,21697.5,21694.5,21697.5,11.0
2025-06-20 07:27:00+00:00,21696.5,21696.75,21696.5,21696.75,6.0
2025-06-20 07:29:00+00:00,21696.80078125,21696.80078125,21696.75,21696.75,10.0
2025-06-20 07:31:00+00:00,21702.25,21702.25,21701.75,21701.75,4.0
2025-06-20 07:32:00+00:00,21705.25,21706.5,21705.25,21705.25,7.0
2025-06-20 07:34:00+00:00,21696.5,21696.75,21689.25,21696.75,22.0
2025-06-20 07:36:00+00:00,21692.5,21692.5,21692.5,21692.5,2.0
2025-06-20 07:39:00+00:00,21694.5,21694.5,21694.5,21694.5,1.0
2025-06-20 07:47:00+00:00,21694.75,21694.75,21694.75,21694.75,3.0
2025-06-20 07:49:00+00:00,21694.5,21694.5,21694.5,21694.5,12.0
2025-06-20 07:54:00+00:00,21706.5,21718.5,21706.5,21709.75,30.0
2025-06-20 07:57:00+00:00,21707.0,21707.0,21707.0,21707.0,1.0
2025-06-20 07:58:00+00:00,21709.25,21710.0,21709.25,21710.0,3.0
2025-06-20 07:59:00+00:00,21710.0,21710.0,21710.0,21710.0,8.0
2025-06-20 08:00:00+00:00,21706.75,21706.75,21706.75,21706.75,2.0
2025-06-20 08:01:00+00:00,21720.5,21720.5,21719.0,21719.0,3.0
2025-06-20 08:02:00+00:00,21709.0,21715.0,21708.0,21715.0,13.0
2025-06-20 08:03:00+00:00,21706.5,21707.75,21706.5,21707.75,3.0
2025-06-20 08:04:00+00:00,21713.0,21713.0,21705.25,21705.25,2.0
2025-06-20 08:05:00+00:00,21716.25,21716.25,21716.25,21716.25,1.0
2025-06-20 08:06:00+00:00,21714.25,21715.0,21714.25,21715.0,13.0
2025-06-20 08:09:00+00:00,21718.0,21718.0,21718.0,21718.0,11.0
2025-06-20 08:10:00+00:00,21728.5,21731.5,21720.5,21722.5,68.0
2025-06-20 08:11:00+00:00,21723.75,21728.5,21722.5,21728.5,13.0
2025-06-20 08:12:00+00:00,21722.75,21723.5,21722.75,21723.5,2.0
2025-06-20 08:13:00+00:00,21727.5,21727.5,21726.5,21726.5,3.0
2025-06-20 08:14:00+00:00,21721.25,21721.75,21721.25,21721.75,4.0
2025-06-20 08:15:00+00:00,21723.75,21723.75,21721.75,21721.75,4.0
2025-06-20 08:16:00+00:00,21720.0,21720.0,21720.0,21720.0,1.0
2025-06-20 08:17:00+00:00,21718.25,21719.5,21718.25,21719.5,5.0
2025-06-20 08:18:00+00:00,21715.0,21715.0,21715.0,21715.0,1.0
2025-06-20 08:19:00+00:00,21709.75,21710.75,21709.75,21710.75,5.0
2025-06-20 08:20:00+00:00,21708.0,21708.0,21708.0,21708.0,3.0
2025-06-20 08:21:00+00:00,21708.5,21708.5,21708.5,21708.5,2.0
2025-06-20 08:22:00+00:00,21704.75,21704.75,21703.5,21703.5,6.0
2025-06-20 08:26:00+00:00,21702.5,21702.5,21700.0,21700.0,13.0
2025-06-20 08:28:00+00:00,21692.0,21693.0,21692.0,21693.0,3.0
2025-06-20 08:29:00+00:00,21694.5,21695.5,21694.5,21694.5,7.0
2025-06-20 08:30:00+00:00,21690.0,21690.0,21690.0,21690.0,2.0
2025-06-20 08:31:00+00:00,21688.5,21688.5,21688.5,21688.5,4.0
2025-06-20 08:32:00+00:00,21687.75,21688.5,21687.75,21688.5,18.0
2025-06-20 08:33:00+00:00,21692.25,21692.25,21690.0,21691.75,8.0
2025-06-20 08:34:00+00:00,21691.5,21691.5,21690.5,21690.5,4.0
2025-06-20 08:35:00+00:00,21692.5,21692.5,21692.5,21692.5,1.0
2025-06-20 08:37:00+00:00,21686.5,21686.5,21686.5,21686.5,15.0
2025-06-20 08:40:00+00:00,21683.75,21683.75,21683.75,21683.75,28.0
2025-06-20 08:41:00+00:00,21674.5,21676.5,21674.5,21676.5,15.0
2025-06-20 08:46:00+00:00,21676.75,21676.75,21676.75,21676.75,1.0
2025-06-20 08:47:00+00:00,21668.0,21670.25,21668.0,21670.25,3.0
2025-06-20 08:48:00+00:00,21674.0,21674.0,21672.0,21672.0,3.0
2025-06-20 08:50:00+00:00,21659.5,21667.0,21659.5,21667.0,21.0
2025-06-20 08:51:00+00:00,21652.0,21652.0,21651.25,21651.25,3.0
2025-06-20 08:52:00+00:00,21651.75,21654.5,21651.75,21654.25,5.0
2025-06-20 08:54:00+00:00,21661.75,21662.5,21661.75,21662.5,13.0
2025-06-20 08:55:00+00:00,21659.0,21659.0,21659.0,21659.0,2.0
2025-06-20 08:56:00+00:00,21650.0,21655.0,21650.0,21655.0,3.0
2025-06-20 08:58:00+00:00,21649.0,21649.0,21649.0,21649.0,2.0
2025-06-20 08:59:00+00:00,21644.5,21647.0,21644.5,21647.0,42.0
2025-06-20 09:00:00+00:00,21652.5,21652.5,21652.5,21652.5,6.0
2025-06-20 09:01:00+00:00,21658.5,21658.5,21658.5,21658.5,1.0
2025-06-20 09:02:00+00:00,21654.75,21658.0,21654.75,21658.0,8.0
2025-06-20 09:05:00+00:00,21656.25,21656.25,21656.25,21656.25,3.0
2025-06-20 09:07:00+00:00,21658.25,21658.25,21658.25,21658.25,41.0
2025-06-20 09:09:00+00:00,21671.75,21671.75,21671.75,21671.75,2.0
2025-06-20 09:11:00+00:00,21669.5,21669.5,21668.25,21668.25,2.0
2025-06-20 09:12:00+00:00,21668.5,21668.5,21668.5,21668.5,5.0
2025-06-20 09:15:00+00:00,21681.5,21681.5,21681.5,21681.5,2.0
2025-06-20 09:16:00+00:00,21681.5,21681.5,21681.5,21681.5,14.0
2025-06-20 09:17:00+00:00,21687.5,21687.5,21685.0,21685.0,7.0
2025-06-20 09:18:00+00:00,21685.0,21685.0,21685.0,21685.0,2.0
2025-06-20 09:20:00+00:00,21678.5,21688.25,21678.5,21681.5,32.0
2025-06-20 09:21:00+00:00,21679.25,21679.25,21679.25,21679.25,4.0
2025-06-20 09:22:00+00:00,21677.5,21677.5,21677.5,21677.5,1.0
2025-06-20 09:23:00+00:00,21677.25,21677.75,21677.25,21677.75,2.0
2025-06-20 09:24:00+00:00,21677.0,21677.0,21677.0,21677.0,1.0
2025-06-20 09:25:00+00:00,21670.25,21676.75,21670.25,21676.75,10.0
2025-06-20 09:29:00+00:00,21670.0,21670.0,21670.0,21670.0,4.0
2025-06-20 09:30:00+00:00,21670.25,21670.25,21669.25,21669.25,4.0
2025-06-20 09:40:00+00:00,21667.75,21667.80078125,21667.75,21667.80078125,215.0
2025-06-20 09:41:00+00:00,21666.75,21666.75,21666.75,21666.75,2.0
2025-06-20 09:43:00+00:00,21664.5,21666.5,21664.5,21666.5,11.0
2025-06-20 09:48:00+00:00,21673.75,21677.5,21672.5,21672.5,7.0
2025-06-20 09:51:00+00:00,21680.75,21680.75,21680.75,21680.75,7.0
2025-06-20 09:52:00+00:00,21688.0,21688.0,21688.0,21688.0,1.0
2025-06-20 09:56:00+00:00,21683.75,21683.75,21683.75,21683.75,3.0
2025-06-20 10:03:00+00:00,21691.75,21691.75,21691.75,21691.75,4.0
2025-06-20 10:04:00+00:00,21680.0,21680.0,21680.0,21680.0,5.0
2025-06-20 10:05:00+00:00,21680.0,21680.0,21680.0,21680.0,8.0
2025-06-20 10:08:00+00:00,21679.0,21679.0,21679.0,21679.0,3.0
2025-06-20 10:10:00+00:00,21682.0,21682.0,21677.0,21677.0,10.0
2025-06-20 10:11:00+00:00,21680.75,21685.0,21680.75,21685.0,11.0
2025-06-20 10:12:00+00:00,21683.5,21683.5,21683.5,21683.5,3.0
2025-06-20 10:13:00+00:00,21681.0,21681.0,21681.0,21681.0,69.0
2025-06-20 10:18:00+00:00,21670.25,21670.25,21670.25,21670.25,3.0
2025-06-20 10:20:00+00:00,21670.25,21670.25,21670.25,21670.25,1.0
2025-06-20 10:23:00+00:00,21669.75,21669.75,21669.75,21669.75,61.0
2025-06-20 10:25:00+00:00,21669.5,21669.5,21669.5,21669.5,13.0
2025-06-20 10:30:00+00:00,21668.0,21668.0,21668.0,21668.0,65.0
2025-06-20 10:35:00+00:00,21682.25,21682.25,21682.25,21682.25,1.0
2025-06-20 10:37:00+00:00,21682.5,21682.5,21682.5,21682.5,148.0
2025-06-20 10:43:00+00:00,21682.5,21682.5,21682.5,21682.5,19.0
2025-06-20 10:46:00+00:00,21682.5,21682.5,21682.5,21682.5,3.0
2025-06-20 10:53:00+00:00,21682.0,21682.0,21678.0,21680.25,15.0
2025-06-20 10:54:00+00:00,21684.5,21684.5,21683.5,21683.5,5.0
2025-06-20 10:55:00+00:00,21687.75,21692.5,21687.75,21689.0,12.0
2025-06-20 10:58:00+00:00,21686.25,21686.25,21686.25,21686.25,3.0
2025-06-20 10:59:00+00:00,21684.5,21684.5,21684.5,21684.5,1.0
2025-06-20 11:00:00+00:00,21680.5,21680.5,21680.5,21680.5,5.0
2025-06-20 11:01:00+00:00,21688.5,21688.5,21688.5,21688.5,2.0
2025-06-20 11:02:00+00:00,21682.75,21686.25,21682.75,21684.5,225.0
2025-06-20 11:06:00+00:00,21691.25,21692.75,21691.25,21692.75,15.0
2025-06-20 11:07:00+00:00,21690.5,21692.0,21690.5,21692.0,7.0
2025-06-20 11:08:00+00:00,21692.75,21694.0,21692.75,21694.0,11.0
2025-06-20 11:10:00+00:00,21697.5,21697.5,21697.5,21697.5,1.0
2025-06-20 11:11:00+00:00,21698.5,21698.5,21696.25,21696.25,13.0
2025-06-20 11:15:00+00:00,21693.0,21693.0,21690.75,21690.75,11.0
2025-06-20 11:18:00+00:00,21698.5,21698.5,21698.5,21698.5,1.0
2025-06-20 11:19:00+00:00,21696.75,21698.75,21696.75,21698.75,5.0
2025-06-20 11:20:00+00:00,21695.25,21699.75,21695.25,21698.25,11.0
2025-06-20 11:21:00+00:00,21700.25,21700.25,21700.25,21700.25,2.0
2025-06-20 11:23:00+00:00,21693.5,21693.5,21693.5,21693.5,4.0
2025-06-20 11:25:00+00:00,21692.0,21692.0,21689.5,21689.5,4.0
2025-06-20 11:26:00+00:00,21693.5,21693.5,21692.25,21692.25,8.0
2025-06-20 11:27:00+00:00,21691.25,21691.25,21690.5,21690.5,3.0
2025-06-20 11:28:00+00:00,21691.0,21691.0,21691.0,21691.0,1.0
2025-06-20 11:30:00+00:00,21687.5,21687.5,21687.5,21687.5,6.0
2025-06-20 11:32:00+00:00,21695.0,21695.0,21695.0,21695.0,10.0
2025-06-20 11:33:00+00:00,21695.0,21695.0,21695.0,21695.0,3.0
2025-06-20 11:34:00+00:00,21697.5,21697.5,21697.25,21697.25,3.0
2025-06-20 11:35:00+00:00,21696.25,21698.5,21696.25,21697.5,25.0
2025-06-20 11:36:00+00:00,21698.75,21700.0,21697.25,21700.0,13.0
2025-06-20 11:37:00+00:00,21707.5,21707.5,21703.25,21703.75,34.0
2025-06-20 11:38:00+00:00,21709.0,21709.0,21709.0,21709.0,1.0
2025-06-20 11:40:00+00:00,21710.0,21710.0,21709.0,21709.0,2.0
2025-06-20 11:41:00+00:00,21711.0,21712.0,21708.75,21709.0,19.0
2025-06-20 11:42:00+00:00,21715.0,21716.5,21714.75,21714.75,30.0
2025-06-20 11:44:00+00:00,21745.25,21750.5,21716.75,21716.75,29.0
2025-06-20 11:45:00+00:00,21744.5,21782.25,21739.5,21750.75,280.0
2025-06-20 11:46:00+00:00,21762.75,21772.25,21762.75,21772.25,11.0
2025-06-20 11:47:00+00:00,21772.25,21774.5,21764.5,21764.5,36.0
2025-06-20 11:48:00+00:00,21774.25,21776.75,21772.25,21776.75,20.0
2025-06-20 11:49:00+00:00,21765.75,21770.0,21765.75,21770.0,18.0
2025-06-20 11:50:00+00:00,21765.5,21770.5,21765.5,21770.5,6.0
2025-06-20 11:52:00+00:00,21769.5,21770.75,21766.75,21766.75,4.0
2025-06-20 11:53:00+00:00,21768.25,21768.25,21768.25,21768.25,1.0
2025-06-20 11:54:00+00:00,21770.25,21772.25,21768.25,21768.25,10.0
2025-06-20 11:55:00+00:00,21763.5,21766.25,21762.75,21766.25,9.0
2025-06-20 11:56:00+00:00,21753.5,21756.75,21753.0,21756.75,14.0
2025-06-20 11:57:00+00:00,21747.5,21752.0,21747.5,21751.75,10.0
2025-06-20 11:58:00+00:00,21747.0,21747.0,21747.0,21747.0,3.0
2025-06-20 11:59:00+00:00,21746.5,21746.5,21745.5,21745.5,35.0
2025-06-20 12:01:00+00:00,21764.25,21764.25,21754.5,21754.5,14.0
2025-06-20 12:02:00+00:00,21764.0,21764.5,21758.5,21762.5,47.0
2025-06-20 12:03:00+00:00,21759.5,21760.75,21759.0,21760.75,18.0
2025-06-20 12:04:00+00:00,21759.5,21761.0,21757.0,21758.5,18.0
2025-06-20 12:05:00+00:00,21769.25,21769.25,21761.5,21765.5,84.0
2025-06-20 12:06:00+00:00,21768.75,21768.75,21757.0,21757.0,135.0
2025-06-20 12:07:00+00:00,21761.75,21769.75,21758.75,21768.75,180.0
2025-06-20 12:08:00+00:00,21757.0,21762.5,21757.0,21758.75,79.0
2025-06-20 12:09:00+00:00,21753.5,21753.5,21753.25,21753.25,5.0
2025-06-20 12:10:00+00:00,21760.5,21766.5,21759.75,21759.75,34.0
2025-06-20 12:11:00+00:00,21760.75,21760.75,21760.75,21760.75,2.0
2025-06-20 12:12:00+00:00,21765.0,21767.0,21762.5,21762.5,4.0
2025-06-20 12:13:00+00:00,21764.75,21770.0,21764.75,21769.75,5.0
2025-06-20 12:15:00+00:00,21767.75,21768.0,21767.75,21767.75,5.0
2025-06-20 12:16:00+00:00,21766.75,21770.0,21766.75,21767.75,8.0
2025-06-20 12:17:00+00:00,21762.75,21762.75,21761.0,21762.75,9.0
2025-06-20 12:18:00+00:00,21761.75,21763.75,21758.75,21763.75,17.0
2025-06-20 12:19:00+00:00,21770.75,21774.0,21770.5,21771.5,10.0
2025-06-20 12:20:00+00:00,21764.5,21768.75,21764.5,21768.75,15.0
2025-06-20 12:21:00+00:00,21772.5,21772.75,21772.5,21772.75,4.0
2025-06-20 12:23:00+00:00,21762.0,21766.5,21762.0,21766.5,9.0
2025-06-20 12:24:00+00:00,21756.5,21772.5,21756.5,21759.75,34.0
2025-06-20 12:25:00+00:00,21754.5,21757.5,21752.5,21756.75,26.0
2025-06-20 12:27:00+00:00,21765.75,21765.75,21752.5,21752.5,8.0
2025-06-20 12:28:00+00:00,21766.25,21766.25,21764.75,21764.75,2.0
2025-06-20 12:29:00+00:00,21748.75,21764.5,21748.75,21764.5,4.0
2025-06-20 12:30:00+00:00,21769.0,21769.0,21769.0,21769.0,8.0
2025-06-20 12:31:00+00:00,21766.5,21766.5,21765.5,21765.5,14.0
2025-06-20 12:32:00+00:00,21764.0,21764.0,21764.0,21764.0,2.0
2025-06-20 12:33:00+00:00,21766.5,21789.75,21764.75,21766.5,53.0
2025-06-20 12:34:00+00:00,21790.0,21790.0,21783.25,21783.25,119.0
2025-06-20 12:35:00+00:00,21779.0,21790.0,21779.0,21786.5,62.0
2025-06-20 12:36:00+00:00,21777.75,21780.75,21774.25,21780.75,27.0
2025-06-20 12:37:00+00:00,21785.75,21785.75,21779.25,21779.25,13.0
2025-06-20 12:38:00+00:00,21782.75,21784.75,21780.75,21784.75,14.0
2025-06-20 12:39:00+00:00,21788.0,21788.0,21784.0,21784.0,10.0
2025-06-20 12:40:00+00:00,21782.5,21787.25,21780.0,21787.25,11.0
2025-06-20 12:41:00+00:00,21781.0,21787.0,21778.25,21781.25,24.0
2025-06-20 12:42:00+00:00,21785.75,21785.75,21785.75,21785.75,3.0
2025-06-20 12:43:00+00:00,21790.0,21790.0,21787.0,21787.0,8.0
2025-06-20 12:44:00+00:00,21790.0,21790.0,21787.0,21790.0,99.0
2025-06-20 12:45:00+00:00,21792.25,21792.25,21790.0,21790.0,18.0
2025-06-20 12:46:00+00:00,21790.0,21790.0,21789.0,21790.0,22.0
2025-06-20 12:47:00+00:00,21794.5,21794.5,21792.5,21792.5,14.0
2025-06-20 12:48:00+00:00,21796.0,21796.0,21796.0,21796.0,2.0
2025-06-20 12:50:00+00:00,21795.25,21797.25,21794.75,21794.75,8.0
2025-06-20 12:51:00+00:00,21801.0,21802.0,21797.25,21797.25,48.0
2025-06-20 12:52:00+00:00,21803.25,21804.0,21800.5,21803.0,17.0
2025-06-20 12:53:00+00:00,21803.25,21803.25,21803.0,21803.0,4.0
2025-06-20 12:54:00+00:00,21801.75,21801.75,21801.75,21801.75,7.0
2025-06-20 12:55:00+00:00,21810.0,21817.0,21801.75,21801.75,59.0
2025-06-20 12:56:00+00:00,21808.0,21808.0,21798.25,21802.25,53.0
2025-06-20 12:58:00+00:00,21811.0,21811.0,21808.0,21808.0,22.0
2025-06-20 12:59:00+00:00,21805.0,21806.0,21805.0,21806.0,25.0
2025-06-20 13:00:00+00:00,21809.5,21812.5,21806.5,21806.5,25.0
2025-06-20 13:01:00+00:00,21813.0,21814.25,21811.0,21811.25,11.0
2025-06-20 13:02:00+00:00,21814.75,21814.75,21814.75,21814.75,3.0
2025-06-20 13:03:00+00:00,21806.75,21809.0,21806.75,21809.0,4.0
2025-06-20 13:04:00+00:00,21806.75,21810.5,21806.75,21810.0,15.0
2025-06-20 13:06:00+00:00,21807.0,21807.0,21803.5,21805.0,9.0
2025-06-20 13:07:00+00:00,21807.0,21807.0,21807.0,21807.0,19.0
2025-06-20 13:08:00+00:00,21811.0,21811.0,21811.0,21811.0,1.0
2025-06-20 13:09:00+00:00,21810.0,21810.0,21810.0,21810.0,3.0
2025-06-20 13:10:00+00:00,21809.5,21816.0,21809.5,21810.0,39.0
2025-06-20 13:11:00+00:00,21809.5,21809.5,21803.5,21803.5,22.0
2025-06-20 13:12:00+00:00,21806.0,21808.0,21806.0,21808.0,7.0
2025-06-20 13:13:00+00:00,21811.0,21811.0,21810.0,21810.0,5.0
2025-06-20 13:14:00+00:00,21813.0,21813.0,21810.0,21810.0,46.0
2025-06-20 13:15:00+00:00,21812.5,21812.5,21812.5,21812.5,4.0
2025-06-20 13:16:00+00:00,21810.25,21811.0,21810.25,21811.0,12.0
2025-06-20 13:17:00+00:00,21806.5,21807.0,21806.5,21806.5,13.0
2025-06-20 13:18:00+00:00,21811.0,21811.0,21809.25,21809.25,13.0
2025-06-20 13:19:00+00:00,21824.75,21829.0,21819.5,21819.5,34.0
2025-06-20 13:20:00+00:00,21829.0,21830.5,21827.5,21830.25,11.0
2025-06-20 13:21:00+00:00,21832.0,21833.0,21828.75,21832.0,16.0
2025-06-20 13:22:00+00:00,21836.5,21837.75,21830.75,21830.75,60.0
2025-06-20 13:23:00+00:00,21835.0,21841.25,21834.75,21837.0,30.0
2025-06-20 13:24:00+00:00,21835.5,21835.5,21825.0,21835.0,63.0
2025-06-20 13:25:00+00:00,21817.25,21834.75,21817.25,21834.75,94.0
2025-06-20 13:26:00+00:00,21824.25,21827.5,21823.25,21823.25,38.0
2025-06-20 13:27:00+00:00,21835.0,21835.0,21811.25,21824.25,113.0
2025-06-20 13:28:00+00:00,21860.25,21888.0,21829.25,21834.75,267.0
2025-06-20 13:29:00+00:00,21865.25,21896.5,21863.25,21863.5,122.0
2025-06-20 20:59:00+00:00,21874.0,21874.0,21844.75,21874.0,613041.0
