Datetime,Close,High,Low,Open,Volume
2025-06-18 10:28:00+00:00,103.64453125,103.64453125,103.64453125,103.64453125,0.0
2025-06-18 10:29:00+00:00,103.6484375,103.6484375,103.64453125,103.64453125,209.0
2025-06-18 10:31:00+00:00,103.6484375,103.6484375,103.6484375,103.6484375,353.0
2025-06-18 10:32:00+00:00,103.6484375,103.6484375,103.6484375,103.6484375,15.0
2025-06-18 10:33:00+00:00,103.6484375,103.6484375,103.64453125,103.6484375,321.0
2025-06-18 10:35:00+00:00,103.6484375,103.6484375,103.6484375,103.6484375,36.0
2025-06-18 10:36:00+00:00,103.65234375,103.65234375,103.6484375,103.6484375,120.0
2025-06-18 10:37:00+00:00,103.65234375,103.65234375,103.65234375,103.65234375,110.0
2025-06-18 10:38:00+00:00,103.65234375,103.65234375,103.65234375,103.65234375,76.0
2025-06-18 10:40:00+00:00,103.6484375,103.65234375,103.6484375,103.65234375,57.0
2025-06-18 10:46:00+00:00,103.6484375,103.6484375,103.6484375,103.6484375,4.0
2025-06-18 10:48:00+00:00,103.65234375,103.65234375,103.65234375,103.65234375,12.0
2025-06-18 10:51:00+00:00,103.65234375,103.65234375,103.65234375,103.65234375,41.0
2025-06-18 10:52:00+00:00,103.65625,103.65625,103.65234375,103.65234375,1339.0
2025-06-18 10:53:00+00:00,103.65625,103.65625,103.65625,103.65625,37.0
2025-06-18 10:54:00+00:00,103.65625,103.65625,103.65234375,103.65234375,6.0
2025-06-18 10:55:00+00:00,103.65625,103.65625,103.65625,103.65625,2821.0
2025-06-18 10:56:00+00:00,103.65234375,103.65625,103.6484375,103.65625,520.0
2025-06-18 11:00:00+00:00,103.64453125,103.65234375,103.64453125,103.65234375,1695.0
2025-06-18 11:01:00+00:00,103.63671875,103.640625,103.63671875,103.640625,3288.0
2025-06-18 11:02:00+00:00,103.640625,103.64453125,103.63671875,103.63671875,574.0
2025-06-18 11:05:00+00:00,103.64453125,103.64453125,103.64453125,103.64453125,205.0
2025-06-18 11:06:00+00:00,103.640625,103.64453125,103.640625,103.64453125,1023.0
2025-06-18 11:07:00+00:00,103.64453125,103.64453125,103.640625,103.640625,113.0
2025-06-18 11:08:00+00:00,103.640625,103.64453125,103.640625,103.64453125,14.0
2025-06-18 11:09:00+00:00,103.640625,103.640625,103.640625,103.640625,2.0
2025-06-18 11:10:00+00:00,103.640625,103.640625,103.640625,103.640625,1.0
2025-06-18 11:11:00+00:00,103.640625,103.640625,103.640625,103.640625,3.0
2025-06-18 11:12:00+00:00,103.640625,103.64453125,103.640625,103.640625,543.0
2025-06-18 11:13:00+00:00,103.640625,103.64453125,103.640625,103.64453125,7.0
2025-06-18 11:14:00+00:00,103.64453125,103.64453125,103.64453125,103.64453125,1.0
2025-06-18 11:15:00+00:00,103.640625,103.64453125,103.640625,103.64453125,167.0
2025-06-18 11:16:00+00:00,103.64453125,103.64453125,103.640625,103.640625,4.0
2025-06-18 11:20:00+00:00,103.640625,103.640625,103.640625,103.640625,371.0
2025-06-18 11:21:00+00:00,103.63671875,103.640625,103.63671875,103.640625,347.0
2025-06-18 11:22:00+00:00,103.640625,103.640625,103.640625,103.640625,268.0
2025-06-18 11:23:00+00:00,103.64453125,103.64453125,103.64453125,103.64453125,300.0
2025-06-18 11:24:00+00:00,103.640625,103.640625,103.640625,103.640625,8.0
2025-06-18 11:25:00+00:00,103.640625,103.640625,103.640625,103.640625,609.0
2025-06-18 11:26:00+00:00,103.640625,103.640625,103.640625,103.640625,252.0
2025-06-18 11:28:00+00:00,103.640625,103.640625,103.640625,103.640625,439.0
2025-06-18 11:29:00+00:00,103.640625,103.64453125,103.640625,103.640625,231.0
2025-06-18 11:30:00+00:00,103.64453125,103.64453125,103.640625,103.640625,267.0
2025-06-18 11:31:00+00:00,103.6328125,103.640625,103.6328125,103.640625,1321.0
2025-06-18 11:32:00+00:00,103.6328125,103.63671875,103.62890625,103.63671875,610.0
2025-06-18 11:33:00+00:00,103.63671875,103.63671875,103.6328125,103.6328125,135.0
2025-06-18 11:34:00+00:00,103.6328125,103.63671875,103.6328125,103.6328125,20.0
2025-06-18 11:35:00+00:00,103.6328125,103.6328125,103.62890625,103.6328125,371.0
2025-06-18 11:36:00+00:00,103.62890625,103.6328125,103.62890625,103.6328125,483.0
2025-06-18 11:37:00+00:00,103.6328125,103.6328125,103.6328125,103.6328125,203.0
2025-06-18 11:38:00+00:00,103.6328125,103.6328125,103.6328125,103.6328125,158.0
2025-06-18 11:39:00+00:00,103.6328125,103.63671875,103.6328125,103.6328125,630.0
2025-06-18 11:40:00+00:00,103.6328125,103.6328125,103.6328125,103.6328125,152.0
2025-06-18 11:43:00+00:00,103.6328125,103.6328125,103.6328125,103.6328125,109.0
2025-06-18 11:44:00+00:00,103.6328125,103.6328125,103.6328125,103.6328125,28.0
2025-06-18 11:45:00+00:00,103.6328125,103.6328125,103.6328125,103.6328125,222.0
2025-06-18 11:46:00+00:00,103.625,103.6328125,103.625,103.6328125,2052.0
2025-06-18 11:47:00+00:00,103.62890625,103.62890625,103.62890625,103.62890625,286.0
2025-06-18 11:48:00+00:00,103.62890625,103.62890625,103.62890625,103.62890625,578.0
2025-06-18 11:49:00+00:00,103.62890625,103.62890625,103.62890625,103.62890625,59.0
2025-06-18 11:50:00+00:00,103.6328125,103.6328125,103.6328125,103.6328125,1.0
2025-06-18 11:51:00+00:00,103.6328125,103.6328125,103.6328125,103.6328125,2.0
2025-06-18 11:52:00+00:00,103.62890625,103.6328125,103.62890625,103.6328125,101.0
2025-06-18 11:53:00+00:00,103.6328125,103.6328125,103.62890625,103.6328125,13.0
2025-06-18 11:54:00+00:00,103.63671875,103.63671875,103.62890625,103.62890625,1179.0
2025-06-18 11:55:00+00:00,103.640625,103.640625,103.63671875,103.640625,426.0
2025-06-18 11:56:00+00:00,103.640625,103.64453125,103.640625,103.640625,83.0
2025-06-18 11:57:00+00:00,103.640625,103.640625,103.63671875,103.640625,655.0
2025-06-18 11:58:00+00:00,103.63671875,103.63671875,103.63671875,103.63671875,499.0
2025-06-18 11:59:00+00:00,103.6328125,103.6328125,103.62890625,103.6328125,1619.0
2025-06-18 12:00:00+00:00,103.62890625,103.6328125,103.62890625,103.6328125,576.0
2025-06-18 12:01:00+00:00,103.62890625,103.63671875,103.62890625,103.6328125,1735.0
2025-06-18 12:02:00+00:00,103.62890625,103.62890625,103.62890625,103.62890625,369.0
2025-06-18 12:03:00+00:00,103.625,103.62890625,103.625,103.62890625,394.0
2025-06-18 12:04:00+00:00,103.6328125,103.6328125,103.62890625,103.62890625,239.0
2025-06-18 12:05:00+00:00,103.62890625,103.62890625,103.625,103.62890625,916.0
2025-06-18 12:06:00+00:00,103.6328125,103.6328125,103.62890625,103.62890625,482.0
2025-06-18 12:07:00+00:00,103.6328125,103.6328125,103.62890625,103.62890625,717.0
2025-06-18 12:08:00+00:00,103.640625,103.640625,103.62890625,103.6328125,1095.0
2025-06-18 12:09:00+00:00,103.640625,103.640625,103.63671875,103.63671875,204.0
2025-06-18 12:10:00+00:00,103.640625,103.640625,103.640625,103.640625,1592.0
2025-06-18 12:11:00+00:00,103.64453125,103.64453125,103.640625,103.640625,699.0
2025-06-18 12:12:00+00:00,103.6484375,103.6484375,103.64453125,103.64453125,169.0
2025-06-18 12:13:00+00:00,103.6484375,103.6484375,103.64453125,103.64453125,297.0
2025-06-18 12:14:00+00:00,103.64453125,103.6484375,103.64453125,103.6484375,328.0
2025-06-18 12:15:00+00:00,103.64453125,103.6484375,103.64453125,103.6484375,87.0
2025-06-18 12:16:00+00:00,103.6484375,103.6484375,103.64453125,103.64453125,24.0
2025-06-18 12:17:00+00:00,103.64453125,103.6484375,103.64453125,103.6484375,2093.0
2025-06-18 12:18:00+00:00,103.6484375,103.6484375,103.6484375,103.6484375,3.0
2025-06-18 12:19:00+00:00,103.6484375,103.6484375,103.64453125,103.64453125,377.0
2025-06-18 12:20:00+00:00,103.65234375,103.65625,103.6484375,103.65234375,1505.0
2025-06-18 12:21:00+00:00,103.65234375,103.65234375,103.6484375,103.65234375,3310.0
2025-06-18 12:22:00+00:00,103.65625,103.65625,103.65234375,103.65234375,398.0
2025-06-18 12:23:00+00:00,103.65234375,103.65234375,103.6484375,103.65234375,1092.0
2025-06-18 12:24:00+00:00,103.65625,103.65625,103.65234375,103.65234375,17.0
2025-06-18 12:25:00+00:00,103.65625,103.65625,103.65234375,103.65234375,18.0
2025-06-18 12:26:00+00:00,103.65625,103.65625,103.65234375,103.65625,1370.0
2025-06-18 12:27:00+00:00,103.6640625,103.6640625,103.65234375,103.65625,3551.0
2025-06-18 12:28:00+00:00,103.66796875,103.671875,103.6640625,103.6640625,3329.0
2025-06-18 12:29:00+00:00,103.66015625,103.671875,103.66015625,103.671875,5556.0
2025-06-18 12:30:00+00:00,103.64453125,103.6640625,103.64453125,103.66015625,5055.0
2025-06-18 12:31:00+00:00,103.65234375,103.65234375,103.6484375,103.6484375,1953.0
2025-06-18 12:32:00+00:00,103.65625,103.65625,103.64453125,103.65234375,4689.0
2025-06-18 12:33:00+00:00,103.65234375,103.65625,103.6484375,103.65625,639.0
2025-06-18 12:34:00+00:00,103.65625,103.65625,103.65234375,103.65234375,1715.0
2025-06-18 12:35:00+00:00,103.66015625,103.66015625,103.66015625,103.66015625,289.0
2025-06-18 12:36:00+00:00,103.66796875,103.66796875,103.65625,103.66015625,1276.0
2025-06-18 12:37:00+00:00,103.66015625,103.66796875,103.65625,103.66796875,1267.0
2025-06-18 12:38:00+00:00,103.65625,103.66796875,103.6484375,103.6640625,6708.0
2025-06-18 12:39:00+00:00,103.65625,103.65625,103.65234375,103.65234375,399.0
2025-06-18 12:40:00+00:00,103.65234375,103.65234375,103.6484375,103.65234375,653.0
2025-06-18 12:41:00+00:00,103.64453125,103.65234375,103.64453125,103.65234375,453.0
2025-06-18 12:42:00+00:00,103.64453125,103.64453125,103.64453125,103.64453125,812.0
2025-06-18 12:43:00+00:00,103.640625,103.64453125,103.640625,103.64453125,1323.0
2025-06-18 12:44:00+00:00,103.64453125,103.64453125,103.640625,103.640625,531.0
2025-06-18 12:45:00+00:00,103.640625,103.640625,103.640625,103.640625,182.0
2025-06-18 12:46:00+00:00,103.6328125,103.640625,103.62890625,103.640625,2012.0
2025-06-18 12:47:00+00:00,103.6328125,103.6328125,103.62890625,103.6328125,1515.0
2025-06-18 12:48:00+00:00,103.6328125,103.63671875,103.6328125,103.6328125,251.0
2025-06-18 12:49:00+00:00,103.6328125,103.63671875,103.6328125,103.63671875,233.0
2025-06-18 12:50:00+00:00,103.62890625,103.6328125,103.62890625,103.6328125,2975.0
2025-06-18 12:51:00+00:00,103.62890625,103.62890625,103.62890625,103.62890625,1904.0
2025-06-18 12:52:00+00:00,103.62890625,103.62890625,103.62890625,103.62890625,139.0
2025-06-18 12:53:00+00:00,103.62890625,103.6328125,103.62890625,103.6328125,785.0
2025-06-18 12:54:00+00:00,103.62890625,103.6328125,103.62890625,103.62890625,167.0
2025-06-18 12:55:00+00:00,103.6328125,103.6328125,103.6328125,103.6328125,2114.0
2025-06-18 12:56:00+00:00,103.63671875,103.63671875,103.6328125,103.6328125,2.0
2025-06-18 12:57:00+00:00,103.6328125,103.63671875,103.6328125,103.63671875,983.0
2025-06-18 12:58:00+00:00,103.6328125,103.6328125,103.62890625,103.6328125,1163.0
2025-06-18 12:59:00+00:00,103.63671875,103.640625,103.63671875,103.63671875,745.0
2025-06-18 13:00:00+00:00,103.640625,103.640625,103.63671875,103.63671875,5224.0
2025-06-18 13:01:00+00:00,103.640625,103.640625,103.640625,103.640625,140.0
2025-06-18 13:02:00+00:00,103.64453125,103.64453125,103.640625,103.640625,1267.0
2025-06-18 13:03:00+00:00,103.6484375,103.6484375,103.6484375,103.6484375,1556.0
2025-06-18 13:04:00+00:00,103.640625,103.6484375,103.640625,103.6484375,725.0
2025-06-18 13:05:00+00:00,103.64453125,103.64453125,103.640625,103.640625,956.0
2025-06-18 13:06:00+00:00,103.6484375,103.6484375,103.64453125,103.64453125,552.0
2025-06-18 13:07:00+00:00,103.64453125,103.64453125,103.63671875,103.64453125,3612.0
2025-06-18 13:08:00+00:00,103.64453125,103.64453125,103.640625,103.640625,536.0
2025-06-18 13:09:00+00:00,103.64453125,103.6484375,103.64453125,103.64453125,1237.0
2025-06-18 13:10:00+00:00,103.64453125,103.64453125,103.64453125,103.64453125,904.0
2025-06-18 13:11:00+00:00,103.64453125,103.64453125,103.64453125,103.64453125,417.0
2025-06-18 13:12:00+00:00,103.64453125,103.64453125,103.640625,103.64453125,708.0
2025-06-18 13:13:00+00:00,103.640625,103.64453125,103.640625,103.64453125,821.0
2025-06-18 13:14:00+00:00,103.640625,103.64453125,103.640625,103.64453125,809.0
2025-06-18 13:15:00+00:00,103.640625,103.64453125,103.640625,103.640625,1269.0
2025-06-18 13:16:00+00:00,103.64453125,103.64453125,103.640625,103.640625,683.0
2025-06-18 13:17:00+00:00,103.64453125,103.6484375,103.640625,103.64453125,274.0
2025-06-18 13:18:00+00:00,103.64453125,103.64453125,103.640625,103.640625,757.0
2025-06-18 13:19:00+00:00,103.64453125,103.64453125,103.64453125,103.64453125,291.0
2025-06-18 13:20:00+00:00,103.640625,103.64453125,103.640625,103.64453125,133.0
2025-06-18 13:21:00+00:00,103.640625,103.64453125,103.640625,103.640625,220.0
2025-06-18 13:22:00+00:00,103.640625,103.64453125,103.640625,103.64453125,17.0
2025-06-18 13:23:00+00:00,103.64453125,103.64453125,103.640625,103.64453125,155.0
2025-06-18 13:24:00+00:00,103.640625,103.64453125,103.640625,103.640625,135.0
2025-06-18 13:25:00+00:00,103.640625,103.64453125,103.640625,103.640625,645.0
2025-06-18 13:26:00+00:00,103.6484375,103.6484375,103.640625,103.640625,1079.0
2025-06-18 13:27:00+00:00,103.64453125,103.6484375,103.64453125,103.6484375,11.0
2025-06-18 13:28:00+00:00,103.65234375,103.65234375,103.6484375,103.6484375,2993.0
2025-06-18 13:29:00+00:00,103.65625,103.66015625,103.65234375,103.65234375,1761.0
2025-06-18 13:30:00+00:00,103.65625,103.66015625,103.65234375,103.65625,2823.0
2025-06-18 13:31:00+00:00,103.65625,103.65625,103.65625,103.65625,304.0
2025-06-18 13:32:00+00:00,103.65234375,103.65234375,103.65234375,103.65234375,51.0
2025-06-18 13:33:00+00:00,103.66015625,103.6640625,103.65625,103.65625,1966.0
2025-06-18 13:34:00+00:00,103.66015625,103.6640625,103.65625,103.66015625,1314.0
2025-06-18 13:35:00+00:00,103.66015625,103.66015625,103.65625,103.65625,73.0
2025-06-18 13:36:00+00:00,103.66015625,103.66015625,103.66015625,103.66015625,37.0
2025-06-18 13:37:00+00:00,103.65625,103.66015625,103.65234375,103.65625,2497.0
2025-06-18 13:38:00+00:00,103.6640625,103.66796875,103.65625,103.66015625,2291.0
2025-06-18 13:39:00+00:00,103.66015625,103.6640625,103.66015625,103.6640625,70.0
2025-06-18 13:40:00+00:00,103.66796875,103.66796875,103.66015625,103.6640625,1483.0
2025-06-18 13:41:00+00:00,103.66796875,103.66796875,103.6640625,103.6640625,2630.0
2025-06-18 13:42:00+00:00,103.66796875,103.66796875,103.6640625,103.66796875,1352.0
2025-06-18 13:43:00+00:00,103.66796875,103.66796875,103.6640625,103.6640625,1351.0
2025-06-18 13:44:00+00:00,103.65625,103.6640625,103.65625,103.6640625,1144.0
2025-06-18 13:45:00+00:00,103.6640625,103.6640625,103.66015625,103.66015625,479.0
2025-06-18 13:46:00+00:00,103.6640625,103.6640625,103.66015625,103.6640625,1215.0
2025-06-18 13:47:00+00:00,103.6640625,103.6640625,103.66015625,103.6640625,1044.0
2025-06-18 13:48:00+00:00,103.66015625,103.66015625,103.66015625,103.66015625,276.0
2025-06-18 13:49:00+00:00,103.65625,103.66015625,103.65625,103.66015625,1160.0
2025-06-18 13:50:00+00:00,103.65625,103.65625,103.65234375,103.65234375,104.0
2025-06-18 13:51:00+00:00,103.65234375,103.65625,103.65234375,103.65234375,554.0
2025-06-18 13:52:00+00:00,103.65625,103.65625,103.65234375,103.65625,368.0
2025-06-18 13:53:00+00:00,103.65234375,103.65625,103.65234375,103.65625,17.0
2025-06-18 13:54:00+00:00,103.65625,103.65625,103.65234375,103.65234375,647.0
2025-06-18 13:55:00+00:00,103.66015625,103.66015625,103.65625,103.65625,1181.0
2025-06-18 13:56:00+00:00,103.65625,103.65625,103.65625,103.65625,599.0
2025-06-18 13:57:00+00:00,103.65625,103.66015625,103.65625,103.66015625,719.0
2025-06-18 13:58:00+00:00,103.66015625,103.66015625,103.66015625,103.66015625,907.0
2025-06-18 13:59:00+00:00,103.66015625,103.6640625,103.65625,103.65625,748.0
2025-06-18 14:00:00+00:00,103.66015625,103.66015625,103.65625,103.65625,648.0
2025-06-18 14:01:00+00:00,103.6640625,103.66796875,103.66015625,103.6640625,908.0
2025-06-18 14:02:00+00:00,103.6640625,103.66796875,103.6640625,103.6640625,818.0
2025-06-18 14:03:00+00:00,103.66796875,103.66796875,103.66015625,103.66796875,1172.0
2025-06-18 14:04:00+00:00,103.66796875,103.66796875,103.6640625,103.66796875,490.0
2025-06-18 14:05:00+00:00,103.66015625,103.6640625,103.65625,103.6640625,573.0
2025-06-18 14:06:00+00:00,103.6640625,103.6640625,103.66015625,103.6640625,23.0
2025-06-18 14:07:00+00:00,103.66015625,103.66015625,103.65625,103.66015625,587.0
2025-06-18 14:08:00+00:00,103.66015625,103.66015625,103.65625,103.66015625,658.0
2025-06-18 14:09:00+00:00,103.65625,103.65625,103.65625,103.65625,541.0
2025-06-18 14:10:00+00:00,103.65625,103.65625,103.65625,103.65625,64.0
2025-06-18 14:11:00+00:00,103.6484375,103.65234375,103.6484375,103.65234375,428.0
2025-06-18 14:12:00+00:00,103.65625,103.65625,103.65234375,103.65234375,1261.0
2025-06-18 14:13:00+00:00,103.6640625,103.6640625,103.65625,103.66015625,190.0
2025-06-18 14:14:00+00:00,103.66015625,103.66015625,103.66015625,103.66015625,142.0
2025-06-18 14:15:00+00:00,103.6640625,103.6640625,103.66015625,103.6640625,113.0
2025-06-18 14:16:00+00:00,103.66015625,103.6640625,103.66015625,103.6640625,947.0
2025-06-18 14:17:00+00:00,103.6640625,103.6640625,103.66015625,103.6640625,1425.0
2025-06-18 14:18:00+00:00,103.6640625,103.6640625,103.6640625,103.6640625,1103.0
2025-06-18 14:19:00+00:00,103.65625,103.6640625,103.65625,103.6640625,1240.0
2025-06-18 14:20:00+00:00,103.65234375,103.66015625,103.65234375,103.66015625,1675.0
2025-06-18 14:21:00+00:00,103.65625,103.65625,103.65625,103.65625,238.0
2025-06-18 14:22:00+00:00,103.6484375,103.65234375,103.6484375,103.65234375,368.0
2025-06-18 14:23:00+00:00,103.6484375,103.65234375,103.64453125,103.6484375,4229.0
2025-06-18 14:24:00+00:00,103.64453125,103.6484375,103.64453125,103.6484375,621.0
2025-06-18 14:25:00+00:00,103.640625,103.64453125,103.640625,103.64453125,878.0
2025-06-18 14:26:00+00:00,103.63671875,103.640625,103.63671875,103.640625,4934.0
2025-06-18 14:27:00+00:00,103.640625,103.64453125,103.640625,103.640625,1186.0
2025-06-18 14:28:00+00:00,103.640625,103.640625,103.63671875,103.640625,45.0
2025-06-18 14:29:00+00:00,103.63671875,103.640625,103.63671875,103.640625,641.0
2025-06-18 14:30:00+00:00,103.63671875,103.640625,103.63671875,103.640625,902.0
2025-06-18 14:31:00+00:00,103.640625,103.640625,103.640625,103.640625,1889.0
2025-06-18 14:32:00+00:00,103.63671875,103.640625,103.63671875,103.640625,1352.0
2025-06-18 14:33:00+00:00,103.640625,103.640625,103.640625,103.640625,554.0
2025-06-18 14:34:00+00:00,103.640625,103.640625,103.640625,103.640625,24.0
2025-06-18 14:35:00+00:00,103.640625,103.640625,103.63671875,103.640625,157.0
2025-06-18 14:36:00+00:00,103.640625,103.640625,103.640625,103.640625,23.0
2025-06-18 14:37:00+00:00,103.640625,103.640625,103.640625,103.640625,9.0
2025-06-18 14:38:00+00:00,103.640625,103.640625,103.63671875,103.640625,1152.0
2025-06-18 14:39:00+00:00,103.64453125,103.64453125,103.640625,103.640625,987.0
2025-06-18 14:40:00+00:00,103.6484375,103.6484375,103.64453125,103.64453125,633.0
2025-06-18 14:41:00+00:00,103.6484375,103.6484375,103.6484375,103.6484375,312.0
2025-06-18 14:42:00+00:00,103.6484375,103.6484375,103.6484375,103.6484375,349.0
2025-06-18 14:43:00+00:00,103.64453125,103.6484375,103.64453125,103.6484375,547.0
2025-06-18 14:44:00+00:00,103.65234375,103.65234375,103.6484375,103.6484375,255.0
2025-06-18 14:45:00+00:00,103.6484375,103.65234375,103.6484375,103.6484375,969.0
2025-06-18 14:46:00+00:00,103.65625,103.65625,103.65234375,103.65234375,349.0
2025-06-18 14:47:00+00:00,103.65625,103.65625,103.65625,103.65625,1388.0
2025-06-18 14:48:00+00:00,103.66015625,103.66015625,103.65625,103.65625,1152.0
2025-06-18 14:49:00+00:00,103.65625,103.6640625,103.65625,103.66015625,327.0
2025-06-18 14:50:00+00:00,103.65625,103.65625,103.65625,103.65625,48.0
2025-06-18 14:51:00+00:00,103.65625,103.66015625,103.65625,103.65625,198.0
2025-06-18 14:52:00+00:00,103.66015625,103.66015625,103.65625,103.66015625,530.0
2025-06-18 14:53:00+00:00,103.66796875,103.66796875,103.66015625,103.66015625,1344.0
2025-06-18 14:54:00+00:00,103.66796875,103.66796875,103.66796875,103.66796875,692.0
2025-06-18 14:55:00+00:00,103.6640625,103.66796875,103.6640625,103.66796875,1220.0
2025-06-18 14:56:00+00:00,103.6640625,103.6640625,103.6640625,103.6640625,430.0
2025-06-18 14:58:00+00:00,103.671875,103.671875,103.671875,103.671875,1111.0
2025-06-18 14:59:00+00:00,103.671875,103.671875,103.66796875,103.671875,178.0
2025-06-18 15:00:00+00:00,103.67578125,103.67578125,103.671875,103.671875,3817.0
2025-06-18 15:01:00+00:00,103.671875,103.671875,103.671875,103.671875,77.0
2025-06-18 15:03:00+00:00,103.67578125,103.67578125,103.67578125,103.67578125,2117.0
2025-06-18 15:05:00+00:00,103.6796875,103.6796875,103.6796875,103.6796875,1828.0
2025-06-18 15:07:00+00:00,103.6796875,103.68359375,103.6796875,103.6796875,589.0
2025-06-18 15:08:00+00:00,103.6796875,103.6796875,103.67578125,103.6796875,2114.0
2025-06-18 15:10:00+00:00,103.6796875,103.6796875,103.6796875,103.6796875,3906.0
2025-06-18 15:11:00+00:00,103.68359375,103.68359375,103.6796875,103.6796875,1597.0
2025-06-18 15:12:00+00:00,103.68359375,103.68359375,103.67578125,103.67578125,1213.0
2025-06-18 15:14:00+00:00,103.68359375,103.68359375,103.68359375,103.68359375,184.0
2025-06-18 15:15:00+00:00,103.69140625,103.69140625,103.68359375,103.68359375,2078.0
2025-06-18 15:17:00+00:00,103.6875,103.6875,103.6875,103.6875,2643.0
2025-06-18 15:18:00+00:00,103.68359375,103.6875,103.68359375,103.6875,828.0
2025-06-18 15:19:00+00:00,103.6875,103.6875,103.6875,103.6875,21.0
2025-06-18 15:21:00+00:00,103.6875,103.6875,103.68359375,103.6875,3140.0
2025-06-18 15:22:00+00:00,103.6875,103.6875,103.68359375,103.6875,1625.0
2025-06-18 15:23:00+00:00,103.6875,103.69140625,103.6875,103.6875,1438.0
2025-06-18 15:26:00+00:00,103.69140625,103.69140625,103.6875,103.69140625,3762.0
2025-06-18 15:27:00+00:00,103.6953125,103.6953125,103.69140625,103.69140625,234.0
2025-06-18 15:31:00+00:00,103.69140625,103.69140625,103.6875,103.6875,1702.0
2025-06-18 15:32:00+00:00,103.69140625,103.69140625,103.69140625,103.69140625,4.0
2025-06-18 15:33:00+00:00,103.68359375,103.68359375,103.6796875,103.6796875,3455.0
2025-06-18 15:34:00+00:00,103.6796875,103.6796875,103.6796875,103.6796875,95.0
2025-06-18 15:35:00+00:00,103.68359375,103.68359375,103.68359375,103.68359375,2.0
2025-06-18 15:37:00+00:00,103.68359375,103.68359375,103.68359375,103.68359375,2018.0
2025-06-18 15:38:00+00:00,103.68359375,103.68359375,103.6796875,103.68359375,382.0
2025-06-18 15:39:00+00:00,103.67578125,103.68359375,103.67578125,103.68359375,1476.0
2025-06-18 15:40:00+00:00,103.68359375,103.68359375,103.67578125,103.67578125,694.0
2025-06-18 15:41:00+00:00,103.6796875,103.68359375,103.6796875,103.68359375,625.0
2025-06-18 15:42:00+00:00,103.6796875,103.68359375,103.6796875,103.6796875,1460.0
2025-06-18 15:43:00+00:00,103.6796875,103.68359375,103.67578125,103.68359375,307.0
2025-06-18 15:44:00+00:00,103.6796875,103.6796875,103.67578125,103.67578125,11.0
2025-06-18 15:45:00+00:00,103.67578125,103.6796875,103.67578125,103.6796875,542.0
2025-06-18 15:46:00+00:00,103.6796875,103.6796875,103.67578125,103.67578125,1521.0
2025-06-18 15:47:00+00:00,103.6796875,103.68359375,103.6796875,103.6796875,265.0
2025-06-18 15:48:00+00:00,103.6875,103.6875,103.68359375,103.68359375,4853.0
2025-06-18 15:49:00+00:00,103.68359375,103.68359375,103.68359375,103.68359375,1524.0
2025-06-18 15:50:00+00:00,103.6953125,103.6953125,103.6875,103.6875,2157.0
2025-06-18 15:52:00+00:00,103.6953125,103.6953125,103.69140625,103.6953125,2882.0
2025-06-18 15:53:00+00:00,103.6953125,103.6953125,103.69140625,103.6953125,699.0
2025-06-18 15:54:00+00:00,103.6953125,103.6953125,103.6953125,103.6953125,457.0
2025-06-18 15:55:00+00:00,103.6953125,103.6953125,103.6953125,103.6953125,538.0
2025-06-18 15:56:00+00:00,103.69921875,103.69921875,103.6953125,103.6953125,1215.0
2025-06-18 15:57:00+00:00,103.69921875,103.69921875,103.6953125,103.69921875,434.0
2025-06-18 15:58:00+00:00,103.69921875,103.69921875,103.6953125,103.69921875,563.0
2025-06-18 15:59:00+00:00,103.69921875,103.69921875,103.6953125,103.69921875,520.0
2025-06-18 16:00:00+00:00,103.69140625,103.69921875,103.69140625,103.6953125,1162.0
2025-06-18 16:01:00+00:00,103.6953125,103.6953125,103.69140625,103.69140625,635.0
2025-06-18 16:02:00+00:00,103.6953125,103.6953125,103.69140625,103.6953125,434.0
2025-06-18 16:03:00+00:00,103.6953125,103.6953125,103.69140625,103.6953125,2562.0
2025-06-18 16:04:00+00:00,103.6953125,103.6953125,103.69140625,103.6953125,441.0
2025-06-18 16:05:00+00:00,103.6953125,103.6953125,103.6953125,103.6953125,508.0
2025-06-18 16:06:00+00:00,103.6953125,103.6953125,103.69140625,103.6953125,398.0
2025-06-18 16:07:00+00:00,103.6953125,103.6953125,103.69140625,103.6953125,487.0
2025-06-18 16:08:00+00:00,103.69140625,103.6953125,103.69140625,103.6953125,831.0
2025-06-18 16:09:00+00:00,103.6953125,103.6953125,103.69140625,103.6953125,667.0
2025-06-18 16:10:00+00:00,103.6953125,103.6953125,103.69140625,103.6953125,1030.0
2025-06-18 16:11:00+00:00,103.6953125,103.6953125,103.69140625,103.6953125,504.0
2025-06-18 16:12:00+00:00,103.6953125,103.6953125,103.6953125,103.6953125,415.0
2025-06-18 16:13:00+00:00,103.6953125,103.6953125,103.6953125,103.6953125,3402.0
2025-06-18 16:14:00+00:00,103.6953125,103.6953125,103.6953125,103.6953125,555.0
2025-06-18 16:15:00+00:00,103.69921875,103.69921875,103.69140625,103.6953125,2000.0
2025-06-18 16:16:00+00:00,103.69921875,103.69921875,103.6953125,103.69921875,2738.0
2025-06-18 16:17:00+00:00,103.69921875,103.69921875,103.6953125,103.69921875,413.0
2025-06-18 16:18:00+00:00,103.69921875,103.69921875,103.69921875,103.69921875,652.0
2025-06-18 16:19:00+00:00,103.6875,103.69921875,103.6875,103.69921875,6265.0
2025-06-18 16:20:00+00:00,103.68359375,103.6875,103.68359375,103.6875,2402.0
2025-06-18 16:21:00+00:00,103.69140625,103.69140625,103.68359375,103.68359375,565.0
2025-06-18 16:22:00+00:00,103.69140625,103.69140625,103.69140625,103.69140625,360.0
2025-06-18 16:23:00+00:00,103.6953125,103.6953125,103.69140625,103.69140625,1860.0
2025-06-18 16:24:00+00:00,103.69140625,103.6953125,103.69140625,103.6953125,735.0
2025-06-18 16:25:00+00:00,103.6953125,103.6953125,103.69140625,103.6953125,308.0
2025-06-18 16:26:00+00:00,103.6953125,103.6953125,103.69140625,103.69140625,389.0
2025-06-18 16:27:00+00:00,103.69921875,103.69921875,103.69140625,103.6953125,1453.0
2025-06-18 16:28:00+00:00,103.69140625,103.69921875,103.69140625,103.69921875,642.0
2025-06-18 16:29:00+00:00,103.6953125,103.6953125,103.69140625,103.6953125,569.0
2025-06-18 16:30:00+00:00,103.69140625,103.6953125,103.69140625,103.6953125,394.0
2025-06-18 16:31:00+00:00,103.69140625,103.69140625,103.69140625,103.69140625,622.0
2025-06-18 16:32:00+00:00,103.6953125,103.6953125,103.69140625,103.69140625,1304.0
2025-06-18 16:33:00+00:00,103.6953125,103.6953125,103.6953125,103.6953125,319.0
2025-06-18 16:34:00+00:00,103.69140625,103.6953125,103.69140625,103.6953125,238.0
2025-06-18 16:35:00+00:00,103.69921875,103.69921875,103.6953125,103.6953125,361.0
2025-06-18 16:36:00+00:00,103.6953125,103.69921875,103.6953125,103.69921875,440.0
2025-06-18 16:37:00+00:00,103.6953125,103.6953125,103.6953125,103.6953125,261.0
2025-06-18 16:38:00+00:00,103.69921875,103.69921875,103.69921875,103.69921875,679.0
2025-06-18 16:39:00+00:00,103.6953125,103.69921875,103.6953125,103.69921875,16.0
2025-06-18 16:40:00+00:00,103.6953125,103.69921875,103.6953125,103.69921875,1044.0
2025-06-18 16:42:00+00:00,103.6953125,103.6953125,103.6953125,103.6953125,16.0
2025-06-18 16:43:00+00:00,103.69140625,103.6953125,103.69140625,103.6953125,568.0
2025-06-18 16:44:00+00:00,103.6953125,103.6953125,103.69140625,103.69140625,2.0
2025-06-18 16:45:00+00:00,103.69140625,103.69140625,103.69140625,103.69140625,133.0
2025-06-18 16:46:00+00:00,103.69140625,103.69140625,103.69140625,103.69140625,2.0
2025-06-18 16:47:00+00:00,103.69140625,103.69140625,103.6875,103.69140625,1171.0
2025-06-18 16:48:00+00:00,103.69140625,103.69140625,103.69140625,103.69140625,301.0
2025-06-18 16:49:00+00:00,103.69140625,103.69140625,103.69140625,103.69140625,25.0
2025-06-18 16:51:00+00:00,103.6875,103.6875,103.68359375,103.6875,1672.0
2025-06-18 16:52:00+00:00,103.6875,103.6875,103.6875,103.6875,543.0
2025-06-18 16:53:00+00:00,103.6875,103.6875,103.6875,103.6875,617.0
2025-06-18 16:54:00+00:00,103.6875,103.6875,103.6875,103.6875,421.0
2025-06-18 16:55:00+00:00,103.6875,103.6875,103.6875,103.6875,213.0
2025-06-18 16:56:00+00:00,103.6875,103.6875,103.6875,103.6875,1.0
2025-06-18 16:57:00+00:00,103.6796875,103.6875,103.6796875,103.68359375,1417.0
2025-06-18 16:58:00+00:00,103.67578125,103.68359375,103.67578125,103.6796875,1236.0
2025-06-18 16:59:00+00:00,103.6796875,103.6796875,103.67578125,103.6796875,28.0
2025-06-18 17:00:00+00:00,103.6796875,103.6796875,103.67578125,103.67578125,96.0
2025-06-18 17:01:00+00:00,103.67578125,103.6796875,103.67578125,103.6796875,61.0
2025-06-18 17:02:00+00:00,103.67578125,103.6796875,103.67578125,103.67578125,238.0
2025-06-18 17:03:00+00:00,103.671875,103.6796875,103.671875,103.6796875,1391.0
2025-06-18 17:04:00+00:00,103.671875,103.671875,103.671875,103.671875,956.0
2025-06-18 17:05:00+00:00,103.671875,103.671875,103.66796875,103.66796875,1722.0
2025-06-18 17:06:00+00:00,103.671875,103.671875,103.66796875,103.671875,98.0
2025-06-18 17:07:00+00:00,103.66796875,103.66796875,103.6640625,103.66796875,770.0
2025-06-18 17:08:00+00:00,103.671875,103.671875,103.66796875,103.66796875,574.0
2025-06-18 17:09:00+00:00,103.66796875,103.671875,103.66796875,103.66796875,9.0
2025-06-18 17:10:00+00:00,103.671875,103.671875,103.671875,103.671875,187.0
2025-06-18 17:11:00+00:00,103.66796875,103.671875,103.66796875,103.671875,1667.0
2025-06-18 17:13:00+00:00,103.66796875,103.671875,103.66796875,103.66796875,27.0
2025-06-18 17:14:00+00:00,103.66796875,103.66796875,103.66796875,103.66796875,41.0
2025-06-18 17:15:00+00:00,103.671875,103.671875,103.66796875,103.66796875,653.0
2025-06-18 17:16:00+00:00,103.66796875,103.671875,103.66796875,103.671875,20.0
2025-06-18 17:17:00+00:00,103.66796875,103.66796875,103.66796875,103.66796875,1.0
2025-06-18 17:18:00+00:00,103.671875,103.671875,103.671875,103.671875,2117.0
2025-06-18 17:19:00+00:00,103.671875,103.671875,103.66796875,103.671875,2433.0
2025-06-18 17:20:00+00:00,103.671875,103.671875,103.671875,103.671875,9.0
2025-06-18 17:21:00+00:00,103.67578125,103.67578125,103.67578125,103.67578125,666.0
2025-06-18 17:22:00+00:00,103.671875,103.67578125,103.671875,103.67578125,65.0
2025-06-18 17:24:00+00:00,103.67578125,103.67578125,103.671875,103.67578125,172.0
2025-06-18 17:25:00+00:00,103.67578125,103.67578125,103.671875,103.67578125,131.0
2025-06-18 17:26:00+00:00,103.66796875,103.67578125,103.66796875,103.671875,1484.0
2025-06-18 17:27:00+00:00,103.671875,103.671875,103.66796875,103.66796875,603.0
2025-06-18 17:29:00+00:00,103.671875,103.67578125,103.671875,103.671875,631.0
2025-06-18 17:30:00+00:00,103.671875,103.671875,103.671875,103.671875,184.0
2025-06-18 17:31:00+00:00,103.671875,103.671875,103.66796875,103.671875,2057.0
2025-06-18 17:32:00+00:00,103.66796875,103.671875,103.66796875,103.671875,452.0
2025-06-18 17:33:00+00:00,103.671875,103.671875,103.671875,103.671875,2.0
2025-06-18 17:34:00+00:00,103.66796875,103.671875,103.66796875,103.66796875,94.0
2025-06-18 17:35:00+00:00,103.66796875,103.66796875,103.66796875,103.66796875,172.0
2025-06-18 17:36:00+00:00,103.66796875,103.671875,103.66796875,103.66796875,704.0
2025-06-18 17:37:00+00:00,103.66796875,103.66796875,103.6640625,103.66796875,329.0
2025-06-18 17:38:00+00:00,103.66796875,103.66796875,103.66796875,103.66796875,18.0
2025-06-18 17:39:00+00:00,103.66796875,103.66796875,103.6640625,103.6640625,346.0
2025-06-18 17:40:00+00:00,103.6640625,103.6640625,103.6640625,103.6640625,1391.0
2025-06-18 17:41:00+00:00,103.6640625,103.66796875,103.6640625,103.66796875,1205.0
2025-06-18 17:42:00+00:00,103.6640625,103.6640625,103.6640625,103.6640625,587.0
2025-06-18 17:43:00+00:00,103.6640625,103.6640625,103.6640625,103.6640625,956.0
2025-06-18 17:44:00+00:00,103.66796875,103.66796875,103.6640625,103.6640625,1046.0
2025-06-18 17:46:00+00:00,103.66796875,103.66796875,103.6640625,103.6640625,634.0
2025-06-18 17:47:00+00:00,103.66015625,103.6640625,103.66015625,103.6640625,817.0
2025-06-18 17:48:00+00:00,103.6640625,103.6640625,103.6640625,103.6640625,709.0
2025-06-18 17:49:00+00:00,103.66015625,103.6640625,103.66015625,103.6640625,317.0
2025-06-18 17:50:00+00:00,103.66015625,103.66015625,103.66015625,103.66015625,1367.0
2025-06-18 17:51:00+00:00,103.6640625,103.6640625,103.65625,103.66015625,372.0
2025-06-18 17:52:00+00:00,103.66015625,103.66015625,103.65625,103.66015625,897.0
2025-06-18 17:53:00+00:00,103.66015625,103.66015625,103.66015625,103.66015625,124.0
2025-06-18 17:54:00+00:00,103.65625,103.66015625,103.65625,103.65625,476.0
2025-06-18 17:56:00+00:00,103.6640625,103.6640625,103.66015625,103.66015625,594.0
2025-06-18 17:57:00+00:00,103.6640625,103.66796875,103.66015625,103.66015625,3046.0
2025-06-18 17:58:00+00:00,103.66015625,103.66796875,103.65234375,103.6640625,2316.0
2025-06-18 17:59:00+00:00,103.66015625,103.66015625,103.65234375,103.65625,1360.0
2025-06-18 18:00:00+00:00,103.703125,103.765625,103.6640625,103.6640625,23788.0
2025-06-18 18:01:00+00:00,103.72265625,103.734375,103.703125,103.70703125,9971.0
2025-06-18 18:02:00+00:00,103.6875,103.71875,103.6875,103.71875,4469.0
2025-06-18 18:03:00+00:00,103.70703125,103.7109375,103.68359375,103.69140625,12232.0
2025-06-18 18:04:00+00:00,103.69921875,103.7109375,103.6953125,103.70703125,9351.0
2025-06-18 18:05:00+00:00,103.703125,103.7109375,103.69921875,103.69921875,10278.0
2025-06-18 18:06:00+00:00,103.71875,103.72265625,103.703125,103.703125,5601.0
2025-06-18 18:07:00+00:00,103.7265625,103.7265625,103.71875,103.72265625,4227.0
2025-06-18 18:08:00+00:00,103.72265625,103.73046875,103.72265625,103.7265625,2885.0
2025-06-18 18:09:00+00:00,103.72265625,103.7265625,103.71875,103.72265625,3710.0
2025-06-18 18:10:00+00:00,103.7109375,103.7265625,103.7109375,103.72265625,3012.0
2025-06-18 18:11:00+00:00,103.7109375,103.7109375,103.703125,103.7109375,1704.0
2025-06-18 18:12:00+00:00,103.69921875,103.7109375,103.69921875,103.7109375,5792.0
2025-06-18 18:13:00+00:00,103.70703125,103.70703125,103.69921875,103.69921875,618.0
2025-06-18 18:14:00+00:00,103.70703125,103.7109375,103.703125,103.703125,1641.0
2025-06-18 18:15:00+00:00,103.70703125,103.7109375,103.703125,103.7109375,1902.0
2025-06-18 18:16:00+00:00,103.70703125,103.7109375,103.70703125,103.70703125,1124.0
2025-06-18 18:17:00+00:00,103.7109375,103.71875,103.7109375,103.7109375,4234.0
2025-06-18 18:18:00+00:00,103.70703125,103.71484375,103.70703125,103.7109375,4471.0
2025-06-18 18:19:00+00:00,103.70703125,103.71484375,103.70703125,103.70703125,3219.0
2025-06-18 18:20:00+00:00,103.7109375,103.7109375,103.703125,103.70703125,1806.0
2025-06-18 18:21:00+00:00,103.7109375,103.71484375,103.7109375,103.7109375,2152.0
2025-06-18 18:22:00+00:00,103.7109375,103.71484375,103.70703125,103.7109375,1687.0
2025-06-18 18:23:00+00:00,103.70703125,103.7109375,103.70703125,103.7109375,3158.0
2025-06-18 18:24:00+00:00,103.69921875,103.70703125,103.6953125,103.70703125,893.0
2025-06-18 18:25:00+00:00,103.69140625,103.69921875,103.69140625,103.69921875,2941.0
2025-06-18 18:26:00+00:00,103.6875,103.69140625,103.6875,103.69140625,2073.0
2025-06-18 18:27:00+00:00,103.6953125,103.6953125,103.6875,103.6875,1810.0
2025-06-18 18:28:00+00:00,103.6953125,103.6953125,103.69140625,103.6953125,546.0
2025-06-18 18:29:00+00:00,103.69140625,103.6953125,103.6875,103.6953125,2071.0
2025-06-18 18:30:00+00:00,103.6953125,103.69921875,103.69140625,103.69140625,693.0
2025-06-18 18:31:00+00:00,103.6953125,103.69921875,103.6953125,103.6953125,2504.0
2025-06-18 18:32:00+00:00,103.6953125,103.6953125,103.69140625,103.6953125,1209.0
2025-06-18 18:33:00+00:00,103.6875,103.69921875,103.6875,103.6953125,428.0
2025-06-18 18:34:00+00:00,103.69921875,103.69921875,103.69140625,103.69140625,964.0
2025-06-18 18:35:00+00:00,103.68359375,103.6953125,103.68359375,103.6953125,1921.0
2025-06-18 18:36:00+00:00,103.6875,103.6875,103.68359375,103.68359375,1300.0
2025-06-18 18:37:00+00:00,103.6875,103.6875,103.6875,103.6875,1252.0
2025-06-18 18:38:00+00:00,103.69140625,103.6953125,103.6875,103.6875,1314.0
2025-06-18 18:39:00+00:00,103.6875,103.6953125,103.6875,103.69140625,2355.0
2025-06-18 18:40:00+00:00,103.66796875,103.68359375,103.6640625,103.68359375,4730.0
2025-06-18 18:41:00+00:00,103.6796875,103.68359375,103.66796875,103.66796875,3193.0
2025-06-18 18:42:00+00:00,103.6796875,103.6875,103.6796875,103.68359375,2093.0
2025-06-18 18:43:00+00:00,103.671875,103.6796875,103.671875,103.6796875,1533.0
2025-06-18 18:44:00+00:00,103.671875,103.67578125,103.671875,103.671875,2374.0
2025-06-18 18:45:00+00:00,103.6640625,103.671875,103.66015625,103.671875,7113.0
2025-06-18 18:46:00+00:00,103.671875,103.671875,103.6640625,103.66796875,1089.0
2025-06-18 18:47:00+00:00,103.66796875,103.66796875,103.6640625,103.66796875,905.0
2025-06-18 18:48:00+00:00,103.66015625,103.66796875,103.66015625,103.6640625,638.0
2025-06-18 18:49:00+00:00,103.66015625,103.66796875,103.66015625,103.6640625,1093.0
2025-06-18 18:50:00+00:00,103.6484375,103.66015625,103.64453125,103.66015625,4634.0
2025-06-18 18:51:00+00:00,103.65234375,103.65234375,103.6484375,103.6484375,2158.0
2025-06-18 18:52:00+00:00,103.65625,103.65625,103.6484375,103.65625,2323.0
2025-06-18 18:53:00+00:00,103.65234375,103.65625,103.6484375,103.65625,1775.0
2025-06-18 18:54:00+00:00,103.6484375,103.65234375,103.6484375,103.65234375,1124.0
2025-06-18 18:55:00+00:00,103.640625,103.65234375,103.640625,103.6484375,2750.0
2025-06-18 18:56:00+00:00,103.63671875,103.64453125,103.63671875,103.64453125,2928.0
2025-06-18 18:57:00+00:00,103.6328125,103.640625,103.6328125,103.63671875,8422.0
2025-06-18 18:58:00+00:00,103.6328125,103.6328125,103.62890625,103.6328125,5038.0
2025-06-18 18:59:00+00:00,103.64453125,103.64453125,103.6328125,103.6328125,7639.0
2025-06-18 19:00:00+00:00,103.62890625,103.64453125,103.62890625,103.64453125,3410.0
2025-06-18 19:01:00+00:00,103.62890625,103.62890625,103.625,103.62890625,1531.0
2025-06-18 19:02:00+00:00,103.6328125,103.63671875,103.625,103.6328125,1317.0
2025-06-18 19:03:00+00:00,103.625,103.6328125,103.625,103.6328125,810.0
2025-06-18 19:04:00+00:00,103.6328125,103.6328125,103.62890625,103.62890625,563.0
2025-06-18 19:05:00+00:00,103.63671875,103.63671875,103.62890625,103.6328125,1779.0
2025-06-18 19:06:00+00:00,103.640625,103.640625,103.63671875,103.63671875,267.0
2025-06-18 19:07:00+00:00,103.6328125,103.640625,103.6328125,103.63671875,2112.0
2025-06-18 19:08:00+00:00,103.6328125,103.6328125,103.6328125,103.6328125,560.0
2025-06-18 19:09:00+00:00,103.6328125,103.6328125,103.6328125,103.6328125,74.0
2025-06-18 19:10:00+00:00,103.6328125,103.6328125,103.62890625,103.62890625,1687.0
2025-06-18 19:11:00+00:00,103.62890625,103.6328125,103.62890625,103.6328125,392.0
2025-06-18 19:12:00+00:00,103.63671875,103.63671875,103.6328125,103.6328125,1310.0
2025-06-18 19:13:00+00:00,103.640625,103.640625,103.62890625,103.6328125,2101.0
2025-06-18 19:14:00+00:00,103.640625,103.64453125,103.640625,103.640625,1456.0
2025-06-18 19:15:00+00:00,103.64453125,103.64453125,103.640625,103.64453125,2414.0
2025-06-18 19:16:00+00:00,103.65234375,103.65234375,103.64453125,103.64453125,1956.0
2025-06-18 19:17:00+00:00,103.6484375,103.65625,103.6484375,103.65625,1493.0
2025-06-18 19:18:00+00:00,103.65234375,103.65234375,103.6484375,103.65234375,441.0
2025-06-18 19:19:00+00:00,103.65234375,103.65625,103.65234375,103.65234375,324.0
2025-06-18 19:20:00+00:00,103.65234375,103.65625,103.65234375,103.65234375,507.0
2025-06-18 19:21:00+00:00,103.65234375,103.65625,103.6484375,103.6484375,769.0
2025-06-18 19:22:00+00:00,103.65625,103.66015625,103.65234375,103.65234375,979.0
2025-06-18 19:23:00+00:00,103.65625,103.66015625,103.65625,103.65625,703.0
2025-06-18 19:24:00+00:00,103.65625,103.65625,103.65234375,103.65625,177.0
2025-06-18 19:25:00+00:00,103.66015625,103.66015625,103.65625,103.66015625,1615.0
2025-06-18 19:26:00+00:00,103.66015625,103.66015625,103.65625,103.66015625,543.0
2025-06-18 19:27:00+00:00,103.66015625,103.66015625,103.65625,103.66015625,498.0
2025-06-18 19:28:00+00:00,103.66015625,103.66015625,103.66015625,103.66015625,36.0
2025-06-18 19:29:00+00:00,103.66015625,103.66015625,103.65625,103.66015625,1441.0
2025-06-18 19:30:00+00:00,103.6640625,103.6640625,103.66015625,103.66015625,320.0
2025-06-18 19:31:00+00:00,103.66015625,103.6640625,103.65625,103.6640625,470.0
2025-06-18 19:32:00+00:00,103.66015625,103.66015625,103.66015625,103.66015625,790.0
2025-06-18 19:33:00+00:00,103.66796875,103.66796875,103.6640625,103.6640625,981.0
2025-06-18 19:34:00+00:00,103.66796875,103.66796875,103.66796875,103.66796875,251.0
2025-06-18 19:35:00+00:00,103.66015625,103.66796875,103.66015625,103.66796875,217.0
2025-06-18 19:36:00+00:00,103.66015625,103.66015625,103.66015625,103.66015625,980.0
2025-06-18 19:37:00+00:00,103.66015625,103.66015625,103.66015625,103.66015625,1565.0
2025-06-18 19:38:00+00:00,103.65625,103.66015625,103.65625,103.66015625,1191.0
2025-06-18 19:39:00+00:00,103.65625,103.65625,103.65625,103.65625,344.0
2025-06-18 19:40:00+00:00,103.65234375,103.65625,103.65234375,103.65625,173.0
2025-06-18 19:41:00+00:00,103.65234375,103.65625,103.65234375,103.65625,623.0
2025-06-18 19:42:00+00:00,103.65234375,103.65625,103.65234375,103.65625,13.0
2025-06-18 19:43:00+00:00,103.65234375,103.65625,103.65234375,103.65234375,287.0
2025-06-18 19:44:00+00:00,103.65234375,103.65625,103.65234375,103.65625,288.0
2025-06-18 19:45:00+00:00,103.65234375,103.65234375,103.6484375,103.6484375,713.0
2025-06-18 19:46:00+00:00,103.65625,103.65625,103.6484375,103.6484375,199.0
2025-06-18 19:47:00+00:00,103.65625,103.65625,103.65234375,103.65625,3.0
2025-06-18 19:48:00+00:00,103.65625,103.65625,103.65625,103.65625,1.0
2025-06-18 19:49:00+00:00,103.65625,103.65625,103.65234375,103.65234375,14.0
2025-06-18 19:51:00+00:00,103.65625,103.66015625,103.65625,103.65625,1024.0
2025-06-18 19:52:00+00:00,103.65625,103.66015625,103.65625,103.65625,161.0
2025-06-18 19:53:00+00:00,103.65234375,103.66015625,103.65234375,103.66015625,199.0
2025-06-18 19:54:00+00:00,103.65234375,103.65625,103.65234375,103.65625,4.0
2025-06-18 19:55:00+00:00,103.65625,103.65625,103.65234375,103.65234375,866.0
2025-06-18 19:56:00+00:00,103.66015625,103.6640625,103.65625,103.65625,1666.0
2025-06-18 19:57:00+00:00,103.66796875,103.66796875,103.6640625,103.6640625,2009.0
2025-06-18 19:58:00+00:00,103.6640625,103.6640625,103.6640625,103.6640625,699.0
2025-06-18 19:59:00+00:00,103.6640625,103.6640625,103.66015625,103.66015625,1150.0
2025-06-18 20:00:00+00:00,103.65625,103.6640625,103.65625,103.66015625,2437.0
2025-06-18 20:01:00+00:00,103.65625,103.65625,103.65234375,103.65625,304.0
2025-06-18 20:02:00+00:00,103.65625,103.65625,103.65234375,103.65234375,34.0
2025-06-18 20:03:00+00:00,103.65234375,103.65625,103.65234375,103.65234375,1162.0
2025-06-18 20:04:00+00:00,103.65234375,103.65625,103.65234375,103.65234375,858.0
2025-06-18 20:05:00+00:00,103.65234375,103.65625,103.65234375,103.65234375,1099.0
2025-06-18 20:06:00+00:00,103.65234375,103.65234375,103.65234375,103.65234375,4.0
2025-06-18 20:07:00+00:00,103.65234375,103.65234375,103.6484375,103.65234375,526.0
2025-06-18 20:08:00+00:00,103.6484375,103.65234375,103.6484375,103.65234375,145.0
2025-06-18 20:09:00+00:00,103.6484375,103.6484375,103.6484375,103.6484375,964.0
2025-06-18 20:10:00+00:00,103.6484375,103.6484375,103.64453125,103.6484375,179.0
2025-06-18 20:11:00+00:00,103.6484375,103.6484375,103.6484375,103.6484375,2.0
2025-06-18 20:12:00+00:00,103.64453125,103.6484375,103.64453125,103.6484375,463.0
2025-06-18 20:13:00+00:00,103.640625,103.640625,103.640625,103.640625,29.0
2025-06-18 20:14:00+00:00,103.64453125,103.64453125,103.640625,103.64453125,2398.0
2025-06-18 20:15:00+00:00,103.64453125,103.6484375,103.64453125,103.64453125,503.0
2025-06-18 20:16:00+00:00,103.6484375,103.6484375,103.6484375,103.6484375,87.0
2025-06-18 20:17:00+00:00,103.64453125,103.6484375,103.64453125,103.6484375,450.0
2025-06-18 20:18:00+00:00,103.64453125,103.64453125,103.64453125,103.64453125,350.0
2025-06-18 20:19:00+00:00,103.64453125,103.64453125,103.64453125,103.64453125,35.0
2025-06-18 20:20:00+00:00,103.64453125,103.64453125,103.64453125,103.64453125,1495.0
2025-06-18 20:21:00+00:00,103.64453125,103.64453125,103.640625,103.640625,101.0
2025-06-18 20:22:00+00:00,103.64453125,103.64453125,103.640625,103.64453125,251.0
2025-06-18 20:24:00+00:00,103.64453125,103.6484375,103.64453125,103.6484375,285.0
2025-06-18 20:25:00+00:00,103.6484375,103.6484375,103.64453125,103.64453125,16.0
2025-06-18 20:26:00+00:00,103.6484375,103.6484375,103.6484375,103.6484375,370.0
2025-06-18 20:29:00+00:00,103.6484375,103.6484375,103.6484375,103.6484375,812.0
2025-06-18 20:30:00+00:00,103.6484375,103.65234375,103.64453125,103.65234375,1284.0
2025-06-18 20:31:00+00:00,103.64453125,103.64453125,103.64453125,103.64453125,47.0
2025-06-18 20:32:00+00:00,103.64453125,103.6484375,103.64453125,103.6484375,19.0
2025-06-18 20:33:00+00:00,103.64453125,103.6484375,103.64453125,103.64453125,544.0
2025-06-18 20:34:00+00:00,103.64453125,103.6484375,103.64453125,103.64453125,48.0
2025-06-18 20:35:00+00:00,103.64453125,103.64453125,103.64453125,103.64453125,11.0
2025-06-18 20:36:00+00:00,103.64453125,103.64453125,103.64453125,103.64453125,10.0
2025-06-18 20:38:00+00:00,103.6484375,103.6484375,103.64453125,103.64453125,620.0
2025-06-18 20:39:00+00:00,103.64453125,103.6484375,103.64453125,103.6484375,313.0
2025-06-18 20:40:00+00:00,103.6484375,103.6484375,103.64453125,103.6484375,163.0
2025-06-18 20:41:00+00:00,103.65234375,103.65234375,103.6484375,103.6484375,718.0
2025-06-18 20:42:00+00:00,103.65234375,103.65234375,103.65234375,103.65234375,1.0
2025-06-18 20:43:00+00:00,103.6484375,103.6484375,103.6484375,103.6484375,220.0
2025-06-18 20:44:00+00:00,103.65234375,103.65234375,103.6484375,103.6484375,532.0
2025-06-18 20:45:00+00:00,103.6484375,103.6484375,103.6484375,103.6484375,155.0
2025-06-18 20:46:00+00:00,103.6484375,103.6484375,103.6484375,103.6484375,25.0
2025-06-18 20:47:00+00:00,103.6484375,103.6484375,103.6484375,103.6484375,16.0
2025-06-18 20:48:00+00:00,103.64453125,103.65234375,103.64453125,103.6484375,623.0
2025-06-18 20:49:00+00:00,103.64453125,103.64453125,103.64453125,103.64453125,457.0
2025-06-18 20:50:00+00:00,103.63671875,103.64453125,103.63671875,103.640625,2294.0
2025-06-18 20:51:00+00:00,103.63671875,103.63671875,103.63671875,103.63671875,438.0
2025-06-18 20:52:00+00:00,103.63671875,103.63671875,103.6328125,103.6328125,267.0
2025-06-18 20:53:00+00:00,103.63671875,103.63671875,103.6328125,103.63671875,124.0
2025-06-18 20:54:00+00:00,103.63671875,103.63671875,103.63671875,103.63671875,347.0
2025-06-18 20:55:00+00:00,103.640625,103.640625,103.6328125,103.6328125,945.0
2025-06-18 20:56:00+00:00,103.640625,103.64453125,103.640625,103.640625,793.0
2025-06-18 20:57:00+00:00,103.640625,103.64453125,103.640625,103.640625,29.0
2025-06-18 20:58:00+00:00,103.640625,103.640625,103.63671875,103.640625,434.0
2025-06-18 20:59:00+00:00,103.640625,103.640625,103.63671875,103.63671875,272.0
2025-06-18 22:00:00+00:00,103.63671875,103.63671875,103.6328125,103.63671875,0.0
2025-06-18 22:01:00+00:00,103.6328125,103.63671875,103.6328125,103.63671875,14.0
2025-06-18 22:02:00+00:00,103.6328125,103.6328125,103.6328125,103.6328125,645.0
2025-06-18 22:05:00+00:00,103.62890625,103.62890625,103.62890625,103.62890625,187.0
2025-06-18 22:07:00+00:00,103.6328125,103.6328125,103.6328125,103.6328125,72.0
2025-06-18 22:11:00+00:00,103.63671875,103.63671875,103.63671875,103.63671875,261.0
2025-06-18 22:12:00+00:00,103.63671875,103.63671875,103.63671875,103.63671875,32.0
2025-06-18 22:18:00+00:00,103.6328125,103.63671875,103.6328125,103.63671875,74.0
2025-06-18 22:19:00+00:00,103.63671875,103.63671875,103.63671875,103.63671875,22.0
2025-06-18 22:22:00+00:00,103.63671875,103.63671875,103.63671875,103.63671875,5.0
2025-06-18 22:23:00+00:00,103.63671875,103.63671875,103.63671875,103.63671875,7.0
2025-06-18 22:25:00+00:00,103.6328125,103.63671875,103.6328125,103.63671875,186.0
2025-06-18 22:29:00+00:00,103.6328125,103.6328125,103.6328125,103.6328125,56.0
2025-06-18 22:33:00+00:00,103.63671875,103.63671875,103.63671875,103.63671875,75.0
2025-06-18 22:35:00+00:00,103.63671875,103.63671875,103.63671875,103.63671875,214.0
2025-06-18 22:36:00+00:00,103.63671875,103.63671875,103.63671875,103.63671875,63.0
2025-06-18 22:41:00+00:00,103.63671875,103.63671875,103.63671875,103.63671875,41.0
2025-06-18 22:43:00+00:00,103.63671875,103.63671875,103.63671875,103.63671875,1.0
2025-06-18 22:44:00+00:00,103.6328125,103.6328125,103.6328125,103.6328125,111.0
2025-06-18 22:45:00+00:00,103.6328125,103.6328125,103.6328125,103.6328125,132.0
2025-06-18 22:46:00+00:00,103.6328125,103.6328125,103.6328125,103.6328125,113.0
2025-06-18 22:48:00+00:00,103.62890625,103.62890625,103.62890625,103.62890625,8.0
2025-06-18 22:49:00+00:00,103.62890625,103.62890625,103.62890625,103.62890625,140.0
2025-06-18 22:51:00+00:00,103.625,103.62890625,103.625,103.62890625,274.0
2025-06-18 22:52:00+00:00,103.62109375,103.62109375,103.62109375,103.62109375,120.0
2025-06-18 22:53:00+00:00,103.62109375,103.62109375,103.62109375,103.62109375,139.0
2025-06-18 22:54:00+00:00,103.62109375,103.62109375,103.62109375,103.62109375,13.0
2025-06-18 22:56:00+00:00,103.62890625,103.62890625,103.625,103.625,27.0
2025-06-18 23:00:00+00:00,103.62890625,103.62890625,103.62890625,103.62890625,3.0
2025-06-18 23:01:00+00:00,103.62890625,103.62890625,103.62890625,103.62890625,44.0
2025-06-18 23:02:00+00:00,103.625,103.625,103.625,103.625,32.0
2025-06-18 23:04:00+00:00,103.625,103.625,103.625,103.625,60.0
2025-06-18 23:08:00+00:00,103.625,103.625,103.625,103.625,285.0
2025-06-18 23:09:00+00:00,103.625,103.625,103.625,103.625,6.0
2025-06-18 23:10:00+00:00,103.625,103.625,103.625,103.625,1.0
2025-06-18 23:14:00+00:00,103.62890625,103.62890625,103.62890625,103.62890625,158.0
2025-06-18 23:15:00+00:00,103.625,103.625,103.625,103.625,33.0
2025-06-18 23:16:00+00:00,103.62890625,103.62890625,103.625,103.625,5.0
2025-06-18 23:17:00+00:00,103.62890625,103.62890625,103.62890625,103.62890625,1.0
2025-06-18 23:18:00+00:00,103.625,103.625,103.625,103.625,84.0
2025-06-18 23:20:00+00:00,103.62890625,103.62890625,103.625,103.625,23.0
2025-06-18 23:22:00+00:00,103.625,103.625,103.625,103.625,68.0
2025-06-18 23:24:00+00:00,103.625,103.625,103.625,103.625,2.0
2025-06-18 23:26:00+00:00,103.625,103.625,103.625,103.625,4.0
2025-06-18 23:27:00+00:00,103.62890625,103.62890625,103.62890625,103.62890625,2.0
2025-06-18 23:34:00+00:00,103.62890625,103.62890625,103.62890625,103.62890625,19.0
2025-06-18 23:35:00+00:00,103.62890625,103.62890625,103.62890625,103.62890625,86.0
2025-06-18 23:37:00+00:00,103.62890625,103.62890625,103.62890625,103.62890625,41.0
2025-06-18 23:39:00+00:00,103.6328125,103.6328125,103.62890625,103.62890625,46.0
2025-06-18 23:46:00+00:00,103.6328125,103.6328125,103.6328125,103.6328125,12.0
2025-06-18 23:47:00+00:00,103.62890625,103.62890625,103.62890625,103.62890625,179.0
2025-06-18 23:48:00+00:00,103.6328125,103.6328125,103.62890625,103.62890625,107.0
2025-06-18 23:52:00+00:00,103.62890625,103.62890625,103.62890625,103.62890625,259.0
2025-06-18 23:53:00+00:00,103.62890625,103.6328125,103.62890625,103.6328125,4.0
2025-06-19 00:00:00+00:00,103.62890625,103.6328125,103.62890625,103.6328125,9.0
2025-06-19 00:04:00+00:00,103.6328125,103.6328125,103.62890625,103.6328125,3.0
2025-06-19 00:05:00+00:00,103.6328125,103.6328125,103.6328125,103.6328125,362.0
2025-06-19 00:06:00+00:00,103.62890625,103.6328125,103.62890625,103.6328125,89.0
2025-06-19 00:07:00+00:00,103.6328125,103.6328125,103.62890625,103.62890625,240.0
2025-06-19 00:08:00+00:00,103.6328125,103.6328125,103.62890625,103.62890625,4.0
2025-06-19 00:09:00+00:00,103.6328125,103.6328125,103.6328125,103.6328125,3.0
2025-06-19 00:11:00+00:00,103.63671875,103.63671875,103.6328125,103.6328125,422.0
2025-06-19 00:12:00+00:00,103.63671875,103.63671875,103.63671875,103.63671875,181.0
2025-06-19 00:15:00+00:00,103.640625,103.640625,103.63671875,103.63671875,58.0
2025-06-19 00:16:00+00:00,103.63671875,103.640625,103.63671875,103.640625,91.0
2025-06-19 00:18:00+00:00,103.640625,103.640625,103.63671875,103.63671875,23.0
2025-06-19 00:20:00+00:00,103.640625,103.640625,103.63671875,103.63671875,11.0
2025-06-19 00:21:00+00:00,103.63671875,103.63671875,103.63671875,103.63671875,57.0
2025-06-19 00:22:00+00:00,103.63671875,103.63671875,103.63671875,103.63671875,156.0
2025-06-19 00:29:00+00:00,103.6328125,103.6328125,103.6328125,103.6328125,6.0
2025-06-19 00:31:00+00:00,103.6328125,103.6328125,103.6328125,103.6328125,121.0
2025-06-19 00:34:00+00:00,103.6328125,103.6328125,103.6328125,103.6328125,162.0
2025-06-19 00:38:00+00:00,103.6328125,103.6328125,103.6328125,103.6328125,137.0
2025-06-19 00:39:00+00:00,103.6328125,103.6328125,103.6328125,103.6328125,18.0
2025-06-19 00:41:00+00:00,103.6328125,103.6328125,103.6328125,103.6328125,66.0
2025-06-19 00:45:00+00:00,103.6328125,103.6328125,103.6328125,103.6328125,80.0
2025-06-19 00:51:00+00:00,103.63671875,103.63671875,103.6328125,103.6328125,144.0
2025-06-19 00:53:00+00:00,103.63671875,103.63671875,103.63671875,103.63671875,8.0
2025-06-19 00:57:00+00:00,103.63671875,103.63671875,103.63671875,103.63671875,100.0
2025-06-19 00:59:00+00:00,103.63671875,103.63671875,103.63671875,103.63671875,23.0
2025-06-19 01:04:00+00:00,103.65625,103.65625,103.640625,103.640625,1151.0
2025-06-19 01:05:00+00:00,103.65234375,103.6640625,103.65234375,103.65234375,1848.0
2025-06-19 01:07:00+00:00,103.6484375,103.6484375,103.6484375,103.6484375,152.0
2025-06-19 01:08:00+00:00,103.6484375,103.6484375,103.6484375,103.6484375,58.0
2025-06-19 01:10:00+00:00,103.6484375,103.6484375,103.6484375,103.6484375,0.0
2025-06-19 01:11:00+00:00,103.64453125,103.6484375,103.64453125,103.64453125,10669.0
2025-06-19 01:12:00+00:00,103.64453125,103.64453125,103.64453125,103.64453125,24.0
2025-06-19 01:13:00+00:00,103.64453125,103.6484375,103.64453125,103.64453125,129.0
2025-06-19 01:14:00+00:00,103.64453125,103.6484375,103.64453125,103.64453125,132.0
2025-06-19 01:15:00+00:00,103.64453125,103.6484375,103.64453125,103.64453125,22.0
2025-06-19 01:16:00+00:00,103.6484375,103.6484375,103.6484375,103.6484375,33.0
2025-06-19 01:17:00+00:00,103.6484375,103.6484375,103.6484375,103.6484375,24.0
2025-06-19 01:24:00+00:00,103.6484375,103.6484375,103.6484375,103.6484375,9.0
2025-06-19 01:26:00+00:00,103.64453125,103.64453125,103.64453125,103.64453125,62.0
2025-06-19 01:28:00+00:00,103.64453125,103.64453125,103.64453125,103.64453125,5.0
2025-06-19 01:29:00+00:00,103.64453125,103.64453125,103.64453125,103.64453125,51.0
2025-06-19 01:30:00+00:00,103.64453125,103.64453125,103.64453125,103.64453125,12.0
2025-06-19 01:34:00+00:00,103.640625,103.640625,103.640625,103.640625,6.0
2025-06-19 01:35:00+00:00,103.64453125,103.64453125,103.64453125,103.64453125,15.0
2025-06-19 01:36:00+00:00,103.64453125,103.64453125,103.64453125,103.64453125,243.0
2025-06-19 01:37:00+00:00,103.64453125,103.64453125,103.64453125,103.64453125,207.0
2025-06-19 01:38:00+00:00,103.64453125,103.64453125,103.64453125,103.64453125,8.0
2025-06-19 01:40:00+00:00,103.6484375,103.6484375,103.6484375,103.6484375,118.0
2025-06-19 01:41:00+00:00,103.6484375,103.6484375,103.6484375,103.6484375,83.0
2025-06-19 01:50:00+00:00,103.6484375,103.6484375,103.6484375,103.6484375,1.0
2025-06-19 02:05:00+00:00,103.64453125,103.64453125,103.64453125,103.64453125,212.0
2025-06-19 02:13:00+00:00,103.640625,103.640625,103.640625,103.640625,206.0
2025-06-19 02:15:00+00:00,103.640625,103.640625,103.640625,103.640625,180.0
2025-06-19 02:16:00+00:00,103.640625,103.640625,103.640625,103.640625,56.0
2025-06-19 02:21:00+00:00,103.63671875,103.63671875,103.63671875,103.63671875,123.0
2025-06-19 02:22:00+00:00,103.640625,103.640625,103.640625,103.640625,5.0
2025-06-19 02:27:00+00:00,103.63671875,103.63671875,103.63671875,103.63671875,14.0
2025-06-19 02:30:00+00:00,103.63671875,103.63671875,103.63671875,103.63671875,3.0
2025-06-19 02:31:00+00:00,103.63671875,103.63671875,103.63671875,103.63671875,24.0
2025-06-19 02:32:00+00:00,103.63671875,103.63671875,103.63671875,103.63671875,59.0
2025-06-19 02:37:00+00:00,103.63671875,103.63671875,103.63671875,103.63671875,76.0
2025-06-19 02:42:00+00:00,103.6328125,103.6328125,103.6328125,103.6328125,59.0
2025-06-19 02:43:00+00:00,103.6328125,103.6328125,103.6328125,103.6328125,10.0
2025-06-19 02:44:00+00:00,103.6328125,103.6328125,103.6328125,103.6328125,4.0
2025-06-19 02:59:00+00:00,103.6328125,103.63671875,103.6328125,103.6328125,243.0
2025-06-19 03:01:00+00:00,103.6328125,103.6328125,103.6328125,103.6328125,35.0
2025-06-19 03:04:00+00:00,103.63671875,103.63671875,103.6328125,103.6328125,146.0
2025-06-19 03:05:00+00:00,103.6328125,103.6328125,103.6328125,103.6328125,55.0
2025-06-19 03:07:00+00:00,103.6328125,103.6328125,103.6328125,103.6328125,318.0
2025-06-19 03:08:00+00:00,103.62890625,103.62890625,103.62890625,103.62890625,6.0
2025-06-19 03:09:00+00:00,103.6328125,103.6328125,103.6328125,103.6328125,323.0
2025-06-19 03:11:00+00:00,103.6328125,103.6328125,103.6328125,103.6328125,110.0
2025-06-19 03:12:00+00:00,103.6328125,103.6328125,103.6328125,103.6328125,22.0
2025-06-19 03:14:00+00:00,103.6328125,103.6328125,103.6328125,103.6328125,317.0
2025-06-19 03:15:00+00:00,103.6328125,103.6328125,103.6328125,103.6328125,44.0
2025-06-19 03:16:00+00:00,103.6328125,103.63671875,103.6328125,103.63671875,99.0
2025-06-19 03:18:00+00:00,103.6328125,103.6328125,103.62890625,103.62890625,2.0
2025-06-19 03:23:00+00:00,103.6328125,103.6328125,103.6328125,103.6328125,37.0
2025-06-19 03:25:00+00:00,103.63671875,103.63671875,103.63671875,103.63671875,12.0
2025-06-19 03:28:00+00:00,103.6328125,103.6328125,103.62890625,103.6328125,338.0
2025-06-19 03:29:00+00:00,103.6328125,103.6328125,103.6328125,103.6328125,133.0
2025-06-19 03:31:00+00:00,103.6328125,103.6328125,103.6328125,103.6328125,159.0
2025-06-19 03:33:00+00:00,103.62890625,103.6328125,103.62890625,103.6328125,135.0
2025-06-19 03:34:00+00:00,103.62890625,103.62890625,103.62890625,103.62890625,10.0
2025-06-19 03:36:00+00:00,103.6328125,103.63671875,103.6328125,103.6328125,279.0
2025-06-19 03:37:00+00:00,103.6328125,103.6328125,103.6328125,103.6328125,16.0
2025-06-19 03:40:00+00:00,103.640625,103.640625,103.63671875,103.63671875,44.0
2025-06-19 03:46:00+00:00,103.640625,103.640625,103.63671875,103.63671875,135.0
2025-06-19 03:51:00+00:00,103.64453125,103.64453125,103.640625,103.640625,121.0
2025-06-19 03:52:00+00:00,103.640625,103.640625,103.640625,103.640625,19.0
2025-06-19 03:55:00+00:00,103.63671875,103.63671875,103.63671875,103.63671875,613.0
2025-06-19 03:57:00+00:00,103.63671875,103.640625,103.63671875,103.63671875,49.0
2025-06-19 03:58:00+00:00,103.63671875,103.63671875,103.63671875,103.63671875,13.0
2025-06-19 04:00:00+00:00,103.63671875,103.63671875,103.63671875,103.63671875,28.0
2025-06-19 04:02:00+00:00,103.6328125,103.6328125,103.6328125,103.6328125,566.0
2025-06-19 04:03:00+00:00,103.6328125,103.6328125,103.6328125,103.6328125,389.0
2025-06-19 04:07:00+00:00,103.63671875,103.63671875,103.63671875,103.63671875,91.0
2025-06-19 04:08:00+00:00,103.640625,103.640625,103.640625,103.640625,300.0
2025-06-19 04:10:00+00:00,103.640625,103.640625,103.640625,103.640625,36.0
2025-06-19 04:17:00+00:00,103.640625,103.640625,103.640625,103.640625,27.0
2025-06-19 04:29:00+00:00,103.640625,103.640625,103.640625,103.640625,66.0
2025-06-19 04:33:00+00:00,103.640625,103.640625,103.640625,103.640625,105.0
2025-06-19 04:39:00+00:00,103.640625,103.640625,103.640625,103.640625,242.0
2025-06-19 04:40:00+00:00,103.640625,103.640625,103.640625,103.640625,43.0
2025-06-19 04:41:00+00:00,103.640625,103.640625,103.640625,103.640625,51.0
2025-06-19 04:46:00+00:00,103.64453125,103.64453125,103.640625,103.640625,19.0
2025-06-19 04:58:00+00:00,103.64453125,103.64453125,103.64453125,103.64453125,196.0
2025-06-19 05:33:00+00:00,103.64453125,103.64453125,103.64453125,103.64453125,57.0
2025-06-19 05:34:00+00:00,103.64453125,103.64453125,103.64453125,103.64453125,4.0
2025-06-19 05:40:00+00:00,103.64453125,103.64453125,103.64453125,103.64453125,228.0
2025-06-19 05:41:00+00:00,103.64453125,103.64453125,103.64453125,103.64453125,26.0
2025-06-19 05:42:00+00:00,103.640625,103.640625,103.640625,103.640625,374.0
2025-06-19 05:50:00+00:00,103.63671875,103.63671875,103.63671875,103.63671875,399.0
2025-06-19 05:53:00+00:00,103.63671875,103.63671875,103.63671875,103.63671875,40.0
2025-06-19 05:55:00+00:00,103.63671875,103.63671875,103.63671875,103.63671875,4.0
2025-06-19 05:56:00+00:00,103.640625,103.640625,103.640625,103.640625,150.0
2025-06-19 06:00:00+00:00,103.640625,103.640625,103.640625,103.640625,106.0
2025-06-19 06:01:00+00:00,103.640625,103.640625,103.640625,103.640625,130.0
2025-06-19 06:02:00+00:00,103.64453125,103.64453125,103.64453125,103.64453125,185.0
2025-06-19 06:03:00+00:00,103.640625,103.64453125,103.640625,103.64453125,114.0
2025-06-19 06:04:00+00:00,103.640625,103.640625,103.640625,103.640625,80.0
2025-06-19 06:08:00+00:00,103.6328125,103.63671875,103.6328125,103.63671875,776.0
2025-06-19 06:09:00+00:00,103.63671875,103.63671875,103.63671875,103.63671875,191.0
2025-06-19 06:10:00+00:00,103.63671875,103.63671875,103.63671875,103.63671875,200.0
2025-06-19 06:11:00+00:00,103.63671875,103.63671875,103.63671875,103.63671875,83.0
2025-06-19 06:28:00+00:00,103.63671875,103.63671875,103.63671875,103.63671875,6.0
2025-06-19 06:29:00+00:00,103.63671875,103.63671875,103.63671875,103.63671875,596.0
2025-06-19 06:30:00+00:00,103.6328125,103.63671875,103.6328125,103.63671875,150.0
2025-06-19 06:32:00+00:00,103.6328125,103.6328125,103.62890625,103.62890625,102.0
2025-06-19 06:33:00+00:00,103.62890625,103.62890625,103.62890625,103.62890625,507.0
2025-06-19 06:35:00+00:00,103.62890625,103.62890625,103.62890625,103.62890625,197.0
2025-06-19 06:38:00+00:00,103.6328125,103.6328125,103.6328125,103.6328125,574.0
2025-06-19 06:41:00+00:00,103.6328125,103.63671875,103.6328125,103.6328125,234.0
2025-06-19 06:43:00+00:00,103.6328125,103.6328125,103.6328125,103.6328125,45.0
2025-06-19 06:44:00+00:00,103.6328125,103.6328125,103.6328125,103.6328125,528.0
2025-06-19 06:45:00+00:00,103.6328125,103.6328125,103.6328125,103.6328125,303.0
2025-06-19 06:50:00+00:00,103.640625,103.640625,103.6328125,103.6328125,1343.0
2025-06-19 06:53:00+00:00,103.63671875,103.640625,103.63671875,103.640625,47.0
2025-06-19 06:55:00+00:00,103.640625,103.640625,103.640625,103.640625,344.0
2025-06-19 06:56:00+00:00,103.63671875,103.63671875,103.63671875,103.63671875,117.0
2025-06-19 06:57:00+00:00,103.63671875,103.63671875,103.63671875,103.63671875,37.0
2025-06-19 07:00:00+00:00,103.6328125,103.6328125,103.6328125,103.6328125,246.0
2025-06-19 07:01:00+00:00,103.6328125,103.6328125,103.6328125,103.6328125,64.0
2025-06-19 07:04:00+00:00,103.6328125,103.6328125,103.6328125,103.6328125,569.0
2025-06-19 07:05:00+00:00,103.6328125,103.6328125,103.6328125,103.6328125,91.0
2025-06-19 07:06:00+00:00,103.6328125,103.6328125,103.6328125,103.6328125,232.0
2025-06-19 07:07:00+00:00,103.6328125,103.6328125,103.6328125,103.6328125,220.0
2025-06-19 07:09:00+00:00,103.6328125,103.6328125,103.6328125,103.6328125,331.0
2025-06-19 07:10:00+00:00,103.6328125,103.6328125,103.6328125,103.6328125,453.0
2025-06-19 07:11:00+00:00,103.6328125,103.6328125,103.62890625,103.6328125,257.0
2025-06-19 07:12:00+00:00,103.6328125,103.6328125,103.6328125,103.6328125,57.0
2025-06-19 07:13:00+00:00,103.6328125,103.6328125,103.6328125,103.6328125,98.0
2025-06-19 07:14:00+00:00,103.6328125,103.6328125,103.6328125,103.6328125,88.0
2025-06-19 07:21:00+00:00,103.63671875,103.63671875,103.6328125,103.6328125,420.0
2025-06-19 07:23:00+00:00,103.62890625,103.6328125,103.62890625,103.6328125,513.0
2025-06-19 07:25:00+00:00,103.62890625,103.6328125,103.62890625,103.62890625,177.0
2025-06-19 07:28:00+00:00,103.62890625,103.62890625,103.62890625,103.62890625,175.0
2025-06-19 07:29:00+00:00,103.625,103.62890625,103.625,103.62890625,482.0
2025-06-19 07:30:00+00:00,103.62890625,103.62890625,103.62890625,103.62890625,319.0
2025-06-19 07:31:00+00:00,103.62890625,103.62890625,103.62890625,103.62890625,67.0
2025-06-19 07:32:00+00:00,103.6328125,103.6328125,103.62890625,103.62890625,24.0
2025-06-19 07:33:00+00:00,103.62890625,103.62890625,103.62890625,103.62890625,653.0
2025-06-19 07:34:00+00:00,103.62890625,103.62890625,103.62890625,103.62890625,52.0
2025-06-19 07:35:00+00:00,103.62890625,103.62890625,103.62890625,103.62890625,4.0
2025-06-19 07:36:00+00:00,103.62890625,103.62890625,103.62890625,103.62890625,26.0
2025-06-19 07:37:00+00:00,103.62890625,103.6328125,103.62890625,103.62890625,180.0
2025-06-19 07:38:00+00:00,103.6328125,103.6328125,103.62890625,103.6328125,11.0
2025-06-19 07:39:00+00:00,103.6328125,103.6328125,103.62890625,103.62890625,32.0
2025-06-19 07:40:00+00:00,103.62890625,103.6328125,103.62890625,103.6328125,49.0
2025-06-19 07:41:00+00:00,103.62890625,103.6328125,103.62890625,103.62890625,128.0
2025-06-19 07:42:00+00:00,103.6328125,103.6328125,103.62890625,103.62890625,2421.0
2025-06-19 07:43:00+00:00,103.6328125,103.6328125,103.62890625,103.62890625,266.0
2025-06-19 07:44:00+00:00,103.6328125,103.6328125,103.6328125,103.6328125,116.0
2025-06-19 07:45:00+00:00,103.6328125,103.63671875,103.6328125,103.6328125,226.0
2025-06-19 07:46:00+00:00,103.63671875,103.63671875,103.6328125,103.63671875,23.0
2025-06-19 07:47:00+00:00,103.63671875,103.63671875,103.63671875,103.63671875,9.0
2025-06-19 07:48:00+00:00,103.63671875,103.63671875,103.63671875,103.63671875,110.0
2025-06-19 07:49:00+00:00,103.63671875,103.63671875,103.63671875,103.63671875,29.0
2025-06-19 07:50:00+00:00,103.640625,103.640625,103.63671875,103.63671875,1225.0
2025-06-19 07:54:00+00:00,103.64453125,103.64453125,103.640625,103.640625,377.0
2025-06-19 07:55:00+00:00,103.640625,103.640625,103.640625,103.640625,44.0
2025-06-19 08:00:00+00:00,103.63671875,103.640625,103.63671875,103.640625,5.0
2025-06-19 08:02:00+00:00,103.640625,103.640625,103.640625,103.640625,86.0
2025-06-19 08:04:00+00:00,103.640625,103.640625,103.63671875,103.640625,3.0
2025-06-19 08:06:00+00:00,103.640625,103.640625,103.640625,103.640625,151.0
2025-06-19 08:07:00+00:00,103.63671875,103.640625,103.6328125,103.640625,802.0
2025-06-19 08:09:00+00:00,103.6328125,103.6328125,103.6328125,103.6328125,502.0
2025-06-19 08:16:00+00:00,103.6328125,103.63300323486328,103.6328125,103.6328125,234.0
2025-06-19 08:18:00+00:00,103.62890625,103.62890625,103.62890625,103.62890625,16.0
2025-06-19 08:19:00+00:00,103.6328125,103.6328125,103.6328125,103.6328125,392.0
2025-06-19 08:20:00+00:00,103.62890625,103.62890625,103.62890625,103.62890625,79.0
2025-06-19 08:22:00+00:00,103.6328125,103.6328125,103.6328125,103.6328125,1177.0
2025-06-19 08:23:00+00:00,103.6328125,103.6328125,103.6328125,103.6328125,106.0
2025-06-19 08:26:00+00:00,103.6328125,103.6328125,103.6328125,103.6328125,461.0
2025-06-19 08:27:00+00:00,103.63671875,103.63671875,103.63671875,103.63671875,127.0
2025-06-19 08:28:00+00:00,103.63671875,103.63671875,103.6328125,103.6328125,1241.0
2025-06-19 08:29:00+00:00,103.63671875,103.63671875,103.63671875,103.63671875,351.0
2025-06-19 08:31:00+00:00,103.63671875,103.63671875,103.63671875,103.63671875,15.0
2025-06-19 08:32:00+00:00,103.63671875,103.640625,103.63671875,103.640625,971.0
2025-06-19 08:41:00+00:00,103.6328125,103.6328125,103.6328125,103.6328125,266.0
2025-06-19 08:42:00+00:00,103.62890625,103.62890625,103.62890625,103.62890625,23.0
2025-06-19 08:45:00+00:00,103.62890625,103.6328125,103.62890625,103.62890625,86.0
2025-06-19 08:47:00+00:00,103.62890625,103.62890625,103.62890625,103.62890625,264.0
2025-06-19 08:48:00+00:00,103.62890625,103.62890625,103.625,103.62890625,25.0
2025-06-19 08:52:00+00:00,103.625,103.625,103.625,103.625,34.0
2025-06-19 08:53:00+00:00,103.62890625,103.62890625,103.62890625,103.62890625,564.0
2025-06-19 08:55:00+00:00,103.62890625,103.62890625,103.62890625,103.62890625,81.0
2025-06-19 08:56:00+00:00,103.62890625,103.62890625,103.62890625,103.62890625,62.0
2025-06-19 09:00:00+00:00,103.63671875,103.63671875,103.6328125,103.6328125,611.0
2025-06-19 09:04:00+00:00,103.6328125,103.63671875,103.6328125,103.6328125,12.0
2025-06-19 09:10:00+00:00,103.62890625,103.62890625,103.62890625,103.62890625,186.0
2025-06-19 09:11:00+00:00,103.62890625,103.6328125,103.62890625,103.62890625,312.0
2025-06-19 09:17:00+00:00,103.62890625,103.62890625,103.62890625,103.62890625,0.0
2025-06-19 09:19:00+00:00,103.62890625,103.62890625,103.62890625,103.62890625,48699.0
2025-06-19 09:24:00+00:00,103.625,103.625,103.625,103.625,3.0
2025-06-19 09:25:00+00:00,103.625,103.625,103.625,103.625,7.0
2025-06-19 09:26:00+00:00,103.625,103.62890625,103.625,103.62890625,5.0
2025-06-19 09:30:00+00:00,103.62890625,103.62890625,103.625,103.625,43.0
2025-06-19 09:32:00+00:00,103.625,103.62890625,103.625,103.625,2237.0
2025-06-19 09:33:00+00:00,103.625,103.625,103.625,103.625,26.0
2025-06-19 09:34:00+00:00,103.625,103.62890625,103.625,103.62890625,175.0
2025-06-19 09:35:00+00:00,103.625,103.625,103.625,103.625,5.0
2025-06-19 09:36:00+00:00,103.62890625,103.62890625,103.625,103.625,2.0
2025-06-19 09:37:00+00:00,103.625,103.62890625,103.625,103.625,86.0
2025-06-19 09:38:00+00:00,103.625,103.625,103.625,103.625,61.0
2025-06-19 09:39:00+00:00,103.625,103.62890625,103.625,103.625,81.0
2025-06-19 09:40:00+00:00,103.62890625,103.62890625,103.625,103.625,13.0
2025-06-19 09:42:00+00:00,103.62890625,103.62890625,103.625,103.62890625,771.0
2025-06-19 09:43:00+00:00,103.62890625,103.6328125,103.62890625,103.62890625,273.0
2025-06-19 09:46:00+00:00,103.625,103.62890625,103.625,103.62890625,25.0
2025-06-19 09:48:00+00:00,103.62890625,103.62890625,103.62890625,103.62890625,212.0
2025-06-19 09:49:00+00:00,103.62890625,103.62890625,103.62890625,103.62890625,137.0
2025-06-19 09:50:00+00:00,103.62890625,103.62890625,103.625,103.62890625,43.0
2025-06-19 09:51:00+00:00,103.62890625,103.62890625,103.625,103.625,63.0
2025-06-19 09:52:00+00:00,103.62890625,103.62890625,103.62890625,103.62890625,171.0
2025-06-19 09:53:00+00:00,103.62890625,103.6328125,103.62890625,103.62890625,456.0
2025-06-19 09:54:00+00:00,103.62890625,103.62890625,103.62890625,103.62890625,22.0
2025-06-19 09:56:00+00:00,103.62890625,103.6328125,103.62890625,103.6328125,3.0
2025-06-19 10:03:00+00:00,103.625,103.62890625,103.625,103.62890625,257.0
2025-06-19 10:08:00+00:00,103.6328125,103.6328125,103.62890625,103.62890625,181.0
2025-06-19 10:09:00+00:00,103.6328125,103.6328125,103.62890625,103.62890625,182.0
2025-06-19 10:10:00+00:00,103.62890625,103.62890625,103.62890625,103.62890625,24.0
2025-06-19 10:11:00+00:00,103.62890625,103.62890625,103.625,103.62890625,35.0
2025-06-19 10:12:00+00:00,103.62890625,103.6328125,103.62890625,103.6328125,8.0
2025-06-19 10:13:00+00:00,103.62890625,103.62899780273438,103.62890625,103.62890625,3.0
2025-06-19 10:14:00+00:00,103.63671875,103.63671875,103.6328125,103.6328125,631.0
2025-06-19 10:15:00+00:00,103.6328125,103.6328125,103.6328125,103.6328125,211.0
2025-06-19 10:16:00+00:00,103.62890625,103.6328125,103.62890625,103.6328125,5.0
2025-06-19 10:19:00+00:00,103.62890625,103.62890625,103.625,103.62890625,53.0
2025-06-19 10:20:00+00:00,103.625,103.62890625,103.625,103.62890625,29.0
2025-06-19 10:21:00+00:00,103.62890625,103.62890625,103.62890625,103.62890625,69.0
2025-06-19 10:22:00+00:00,103.62890625,103.62890625,103.625,103.625,202.0
2025-06-19 10:23:00+00:00,103.62890625,103.62890625,103.62890625,103.62890625,168.0
2025-06-19 10:28:00+00:00,103.6328125,103.6328125,103.62890625,103.6328125,7.0
2025-06-19 10:29:00+00:00,103.62890625,103.6328125,103.62890625,103.6328125,111.0
2025-06-19 10:31:00+00:00,103.625,103.62890625,103.625,103.62890625,757.0
2025-06-19 10:32:00+00:00,103.62890625,103.62890625,103.625,103.62890625,216.0
2025-06-19 10:33:00+00:00,103.62890625,103.62890625,103.62890625,103.62890625,32.0
2025-06-19 10:34:00+00:00,103.6328125,103.6328125,103.6328125,103.6328125,358.0
2025-06-19 10:35:00+00:00,103.62890625,103.62890625,103.62890625,103.62890625,20.0
2025-06-19 10:36:00+00:00,103.62890625,103.6328125,103.62890625,103.62890625,68.0
2025-06-19 10:37:00+00:00,103.62890625,103.62890625,103.62890625,103.62890625,330.0
2025-06-19 10:38:00+00:00,103.625,103.62890625,103.625,103.62890625,8.0
2025-06-19 10:40:00+00:00,103.625,103.625,103.625,103.625,138.0
2025-06-19 10:41:00+00:00,103.625,103.625,103.625,103.625,381.0
2025-06-19 10:43:00+00:00,103.625,103.625,103.625,103.625,62.0
2025-06-19 10:49:00+00:00,103.62890625,103.62890625,103.625,103.625,6.0
2025-06-19 10:50:00+00:00,103.62109375,103.625,103.62109375,103.625,178.0
2025-06-19 10:51:00+00:00,103.62109375,103.625,103.62109375,103.62109375,25.0
2025-06-19 10:55:00+00:00,103.62109375,103.62109375,103.62109375,103.62109375,1.0
2025-06-19 10:56:00+00:00,103.62109375,103.625,103.62109375,103.625,8.0
2025-06-19 10:57:00+00:00,103.62109375,103.625,103.62109375,103.62109375,86.0
2025-06-19 10:58:00+00:00,103.62109375,103.62109375,103.62109375,103.62109375,193.0
2025-06-19 10:59:00+00:00,103.625,103.625,103.62109375,103.62109375,442.0
2025-06-19 11:00:00+00:00,103.625,103.62890625,103.62109375,103.625,93.0
2025-06-19 11:03:00+00:00,103.625,103.62890625,103.625,103.62890625,46.0
2025-06-19 11:06:00+00:00,103.62109375,103.625,103.62109375,103.62109375,4.0
2025-06-19 11:07:00+00:00,103.625,103.625,103.625,103.625,123.0
2025-06-19 11:09:00+00:00,103.625,103.625,103.625,103.625,247.0
2025-06-19 11:12:00+00:00,103.62109375,103.625,103.62109375,103.625,5.0
2025-06-19 11:13:00+00:00,103.625,103.625,103.625,103.625,94.0
2025-06-19 11:15:00+00:00,103.625,103.62890625,103.625,103.62890625,96.0
2025-06-19 11:16:00+00:00,103.625,103.62890625,103.625,103.62890625,117.0
2025-06-19 11:17:00+00:00,103.625,103.62890625,103.625,103.62890625,73.0
2025-06-19 11:18:00+00:00,103.62890625,103.62890625,103.62890625,103.62890625,190.0
2025-06-19 11:22:00+00:00,103.625,103.625,103.625,103.625,102.0
2025-06-19 11:23:00+00:00,103.62890625,103.62890625,103.62890625,103.62890625,245.0
2025-06-19 11:24:00+00:00,103.625,103.62890625,103.625,103.62890625,106.0
2025-06-19 11:25:00+00:00,103.62890625,103.62890625,103.625,103.62890625,87.0
2025-06-19 11:26:00+00:00,103.62890625,103.62890625,103.625,103.62890625,46.0
2025-06-19 11:28:00+00:00,103.62890625,103.62890625,103.62890625,103.62890625,234.0
2025-06-19 11:30:00+00:00,103.62890625,103.62890625,103.62890625,103.62890625,45.0
2025-06-19 11:46:00+00:00,103.62890625,103.6328125,103.62890625,103.6328125,2.0
2025-06-19 11:50:00+00:00,103.62890625,103.6328125,103.62890625,103.6328125,31.0
2025-06-19 11:56:00+00:00,103.62890625,103.6328125,103.62890625,103.6328125,21.0
2025-06-19 12:00:00+00:00,103.6328125,103.6328125,103.6328125,103.6328125,126.0
2025-06-19 12:01:00+00:00,103.62890625,103.62890625,103.62890625,103.62890625,37.0
2025-06-19 12:09:00+00:00,103.625,103.62890625,103.625,103.62890625,809.0
2025-06-19 12:10:00+00:00,103.62109375,103.625,103.62109375,103.625,68.0
2025-06-19 12:11:00+00:00,103.625,103.625,103.62109375,103.62109375,127.0
2025-06-19 12:15:00+00:00,103.625,103.625,103.625,103.625,24.0
2025-06-19 12:16:00+00:00,103.625,103.625,103.625,103.625,331.0
2025-06-19 12:17:00+00:00,103.62890625,103.62890625,103.62890625,103.62890625,229.0
2025-06-19 12:18:00+00:00,103.62890625,103.62890625,103.62890625,103.62890625,71.0
2025-06-19 12:19:00+00:00,103.62890625,103.62890625,103.62890625,103.62890625,172.0
2025-06-19 12:20:00+00:00,103.62890625,103.62890625,103.62890625,103.62890625,100.0
2025-06-19 12:21:00+00:00,103.6328125,103.6328125,103.6328125,103.6328125,728.0
2025-06-19 12:22:00+00:00,103.63671875,103.63671875,103.6328125,103.6328125,65.0
2025-06-19 12:25:00+00:00,103.63671875,103.63671875,103.63671875,103.63671875,2.0
2025-06-19 12:26:00+00:00,103.63671875,103.63671875,103.63671875,103.63671875,457.0
2025-06-19 12:27:00+00:00,103.63671875,103.63671875,103.63671875,103.63671875,401.0
2025-06-19 12:28:00+00:00,103.640625,103.640625,103.640625,103.640625,70.0
2025-06-19 12:30:00+00:00,103.640625,103.640625,103.63671875,103.640625,106.0
2025-06-19 12:33:00+00:00,103.64453125,103.64453125,103.640625,103.640625,624.0
2025-06-19 12:34:00+00:00,103.64453125,103.64453125,103.64453125,103.64453125,2.0
2025-06-19 12:35:00+00:00,103.6484375,103.6484375,103.64453125,103.64453125,334.0
2025-06-19 12:37:00+00:00,103.6484375,103.6484375,103.6484375,103.6484375,487.0
2025-06-19 12:38:00+00:00,103.65234375,103.65234375,103.6484375,103.6484375,712.0
2025-06-19 12:39:00+00:00,103.65625,103.65625,103.65234375,103.65234375,737.0
2025-06-19 12:40:00+00:00,103.66015625,103.66015625,103.65625,103.65625,1022.0
2025-06-19 12:41:00+00:00,103.66015625,103.66015625,103.66015625,103.66015625,178.0
2025-06-19 12:42:00+00:00,103.66015625,103.66015625,103.66015625,103.66015625,455.0
2025-06-19 12:43:00+00:00,103.6640625,103.6640625,103.6640625,103.6640625,195.0
2025-06-19 12:44:00+00:00,103.66796875,103.66796875,103.6640625,103.6640625,69.0
2025-06-19 12:45:00+00:00,103.6640625,103.66796875,103.6640625,103.66796875,621.0
2025-06-19 12:46:00+00:00,103.66796875,103.66796875,103.6640625,103.6640625,73.0
2025-06-19 12:49:00+00:00,103.66796875,103.66796875,103.66796875,103.66796875,326.0
2025-06-19 12:50:00+00:00,103.671875,103.671875,103.66796875,103.66796875,602.0
2025-06-19 12:51:00+00:00,103.671875,103.671875,103.671875,103.671875,3.0
2025-06-19 12:52:00+00:00,103.66796875,103.671875,103.66796875,103.671875,24.0
2025-06-19 12:54:00+00:00,103.67578125,103.67578125,103.66796875,103.66796875,996.0
2025-06-19 12:55:00+00:00,103.671875,103.671875,103.671875,103.671875,142.0
2025-06-19 12:56:00+00:00,103.67578125,103.67578125,103.671875,103.67578125,551.0
2025-06-19 12:57:00+00:00,103.67578125,103.67578125,103.67578125,103.67578125,68.0
2025-06-19 12:59:00+00:00,103.671875,103.67578125,103.671875,103.67578125,56.0
2025-06-19 13:00:00+00:00,103.67578125,103.67578125,103.67578125,103.67578125,33.0
2025-06-19 13:01:00+00:00,103.66796875,103.67578125,103.66796875,103.67578125,2256.0
2025-06-19 13:02:00+00:00,103.66796875,103.671875,103.66796875,103.66796875,186.0
2025-06-19 13:03:00+00:00,103.6640625,103.66796875,103.6640625,103.66796875,207.0
2025-06-19 13:04:00+00:00,103.66796875,103.671875,103.66796875,103.671875,101.0
2025-06-19 13:05:00+00:00,103.671875,103.671875,103.671875,103.671875,512.0
2025-06-19 13:06:00+00:00,103.67578125,103.67578125,103.671875,103.671875,87.0
2025-06-19 13:07:00+00:00,103.671875,103.671875,103.671875,103.671875,78.0
2025-06-19 13:08:00+00:00,103.6796875,103.6796875,103.67578125,103.67578125,451.0
2025-06-19 13:09:00+00:00,103.67578125,103.6796875,103.67578125,103.6796875,224.0
2025-06-19 13:10:00+00:00,103.67578125,103.67578125,103.67578125,103.67578125,3.0
2025-06-19 13:11:00+00:00,103.6796875,103.6796875,103.6796875,103.6796875,1.0
2025-06-19 13:12:00+00:00,103.6796875,103.6796875,103.67578125,103.67578125,177.0
2025-06-19 13:13:00+00:00,103.67578125,103.67578125,103.67578125,103.67578125,124.0
2025-06-19 13:14:00+00:00,103.67578125,103.67578125,103.67578125,103.67578125,1.0
2025-06-19 13:17:00+00:00,103.671875,103.671875,103.671875,103.671875,71.0
2025-06-19 13:18:00+00:00,103.67578125,103.67578125,103.671875,103.671875,12.0
2025-06-19 13:21:00+00:00,103.67578125,103.67578125,103.67578125,103.67578125,85.0
2025-06-19 13:22:00+00:00,103.67578125,103.6796875,103.67578125,103.67578125,337.0
2025-06-19 13:24:00+00:00,103.67578125,103.67578125,103.67578125,103.67578125,4.0
2025-06-19 13:25:00+00:00,103.66796875,103.67578125,103.66796875,103.67578125,615.0
2025-06-19 13:28:00+00:00,103.671875,103.671875,103.671875,103.671875,503.0
2025-06-19 13:30:00+00:00,103.671875,103.671875,103.671875,103.671875,139.0
2025-06-19 13:32:00+00:00,103.671875,103.671875,103.671875,103.671875,99.0
2025-06-19 13:33:00+00:00,103.671875,103.671875,103.671875,103.671875,228.0
2025-06-19 13:38:00+00:00,103.671875,103.67578125,103.671875,103.67578125,648.0
2025-06-19 13:40:00+00:00,103.67578125,103.67578125,103.67578125,103.67578125,25.0
2025-06-19 13:42:00+00:00,103.67578125,103.67578125,103.67578125,103.67578125,221.0
2025-06-19 13:43:00+00:00,103.67578125,103.67578125,103.67578125,103.67578125,6.0
2025-06-19 13:44:00+00:00,103.67578125,103.67578125,103.671875,103.671875,72.0
2025-06-19 13:45:00+00:00,103.67578125,103.67578125,103.67578125,103.67578125,48.0
2025-06-19 13:46:00+00:00,103.6796875,103.6796875,103.6796875,103.6796875,603.0
2025-06-19 13:47:00+00:00,103.68359375,103.68359375,103.68359375,103.68359375,12.0
2025-06-19 13:48:00+00:00,103.6875,103.6875,103.68359375,103.68359375,575.0
2025-06-19 13:50:00+00:00,103.68359375,103.6875,103.68359375,103.68359375,1062.0
2025-06-19 13:51:00+00:00,103.68359375,103.68359375,103.6796875,103.68359375,690.0
2025-06-19 13:55:00+00:00,103.6796875,103.68359375,103.6796875,103.68359375,65.0
2025-06-19 13:57:00+00:00,103.6796875,103.6796875,103.6796875,103.6796875,50.0
2025-06-19 13:58:00+00:00,103.67578125,103.6796875,103.67578125,103.6796875,85.0
2025-06-19 13:59:00+00:00,103.68359375,103.68359375,103.6796875,103.6796875,68.0
2025-06-19 14:00:00+00:00,103.6796875,103.6796875,103.6796875,103.6796875,523.0
2025-06-19 14:01:00+00:00,103.6796875,103.6796875,103.6796875,103.6796875,38.0
2025-06-19 14:03:00+00:00,103.67578125,103.67578125,103.67578125,103.67578125,109.0
2025-06-19 14:04:00+00:00,103.6796875,103.6796875,103.6796875,103.6796875,10.0
2025-06-19 14:05:00+00:00,103.67578125,103.67578125,103.67578125,103.67578125,93.0
2025-06-19 14:07:00+00:00,103.66796875,103.671875,103.66796875,103.671875,93.0
2025-06-19 14:08:00+00:00,103.66796875,103.66796875,103.66796875,103.66796875,3.0
2025-06-19 14:09:00+00:00,103.671875,103.671875,103.671875,103.671875,1.0
2025-06-19 14:14:00+00:00,103.66796875,103.66796875,103.66796875,103.66796875,5.0
2025-06-19 14:16:00+00:00,103.671875,103.671875,103.66796875,103.671875,135.0
2025-06-19 14:18:00+00:00,103.67578125,103.67578125,103.671875,103.671875,461.0
2025-06-19 14:20:00+00:00,103.67578125,103.67578125,103.67578125,103.67578125,526.0
2025-06-19 14:21:00+00:00,103.671875,103.67578125,103.671875,103.67578125,264.0
2025-06-19 14:22:00+00:00,103.67578125,103.6796875,103.671875,103.67578125,162.0
2025-06-19 14:23:00+00:00,103.67578125,103.67578125,103.67578125,103.67578125,242.0
2025-06-19 14:24:00+00:00,103.67578125,103.67578125,103.67578125,103.67578125,521.0
2025-06-19 14:25:00+00:00,103.671875,103.671875,103.671875,103.671875,32.0
2025-06-19 14:26:00+00:00,103.671875,103.671875,103.671875,103.671875,10.0
2025-06-19 14:27:00+00:00,103.671875,103.671875,103.671875,103.671875,256.0
2025-06-19 14:29:00+00:00,103.671875,103.671875,103.671875,103.671875,22.0
2025-06-19 14:30:00+00:00,103.671875,103.671875,103.671875,103.671875,48.0
2025-06-19 14:39:00+00:00,103.671875,103.67578125,103.66796875,103.66796875,477.0
2025-06-19 14:40:00+00:00,103.671875,103.671875,103.671875,103.671875,17.0
2025-06-19 14:42:00+00:00,103.671875,103.671875,103.671875,103.671875,35.0
2025-06-19 14:43:00+00:00,103.67578125,103.67578125,103.67578125,103.67578125,335.0
2025-06-19 14:44:00+00:00,103.67578125,103.67578125,103.67578125,103.67578125,2.0
2025-06-19 14:46:00+00:00,103.671875,103.671875,103.671875,103.671875,141.0
2025-06-19 14:47:00+00:00,103.671875,103.671875,103.671875,103.671875,18.0
2025-06-19 14:48:00+00:00,103.67578125,103.67578125,103.67578125,103.67578125,5.0
2025-06-19 14:50:00+00:00,103.67578125,103.67578125,103.671875,103.671875,308.0
2025-06-19 14:54:00+00:00,103.671875,103.67578125,103.671875,103.67578125,296.0
2025-06-19 15:04:00+00:00,103.671875,103.671875,103.66796875,103.66796875,295.0
2025-06-19 15:07:00+00:00,103.66796875,103.66796875,103.66796875,103.66796875,446.0
2025-06-19 15:13:00+00:00,103.66796875,103.66796875,103.66796875,103.66796875,0.0
2025-06-19 15:22:00+00:00,103.66796875,103.66796875,103.66796875,103.66796875,91374.0
2025-06-19 15:23:00+00:00,103.66796875,103.66796875,103.66796875,103.66796875,6.0
2025-06-19 15:30:00+00:00,103.66796875,103.66796875,103.66796875,103.66796875,714.0
2025-06-19 15:31:00+00:00,103.66796875,103.66796875,103.66796875,103.66796875,747.0
2025-06-19 15:35:00+00:00,103.66796875,103.66796875,103.66796875,103.66796875,796.0
2025-06-19 15:36:00+00:00,103.671875,103.671875,103.671875,103.671875,82.0
2025-06-19 15:39:00+00:00,103.671875,103.671875,103.671875,103.671875,88.0
2025-06-19 15:41:00+00:00,103.671875,103.671875,103.671875,103.671875,538.0
2025-06-19 15:42:00+00:00,103.671875,103.671875,103.671875,103.671875,105.0
2025-06-19 15:51:00+00:00,103.67578125,103.67578125,103.67578125,103.67578125,462.0
2025-06-19 15:53:00+00:00,103.6796875,103.6796875,103.6796875,103.6796875,666.0
2025-06-19 15:54:00+00:00,103.6796875,103.6796875,103.6796875,103.6796875,142.0
2025-06-19 15:56:00+00:00,103.6796875,103.68359375,103.6796875,103.6796875,79.0
2025-06-19 15:57:00+00:00,103.6796875,103.6796875,103.67578125,103.67578125,185.0
2025-06-19 15:58:00+00:00,103.6796875,103.6796875,103.6796875,103.6796875,33.0
2025-06-19 15:59:00+00:00,103.6796875,103.6796875,103.6796875,103.6796875,13.0
2025-06-19 16:00:00+00:00,103.67578125,103.6796875,103.67578125,103.6796875,70.0
2025-06-19 16:04:00+00:00,103.67578125,103.67578125,103.67578125,103.67578125,712.0
2025-06-19 16:05:00+00:00,103.671875,103.671875,103.671875,103.671875,27.0
2025-06-19 16:06:00+00:00,103.671875,103.671875,103.671875,103.671875,431.0
2025-06-19 16:08:00+00:00,103.66796875,103.66796875,103.66796875,103.66796875,217.0
2025-06-19 16:10:00+00:00,103.671875,103.671875,103.671875,103.671875,30.0
2025-06-19 16:13:00+00:00,103.671875,103.671875,103.671875,103.671875,50.0
2025-06-19 16:15:00+00:00,103.66796875,103.66796875,103.66796875,103.66796875,150.0
2025-06-19 16:23:00+00:00,103.66796875,103.66796875,103.66796875,103.66796875,176.0
2025-06-19 16:25:00+00:00,103.671875,103.671875,103.671875,103.671875,236.0
2025-06-19 16:33:00+00:00,103.671875,103.671875,103.671875,103.671875,213.0
2025-06-19 16:34:00+00:00,103.671875,103.671875,103.671875,103.671875,16.0
2025-06-19 16:45:00+00:00,103.671875,103.671875,103.671875,103.671875,12.0
2025-06-19 16:52:00+00:00,103.671875,103.67578125,103.671875,103.671875,19.0
2025-06-19 16:54:00+00:00,103.66796875,103.671875,103.66796875,103.671875,88.0
2025-06-19 16:56:00+00:00,103.671875,103.671875,103.66796875,103.66796875,68.0
2025-06-19 16:59:00+00:00,103.66796875,103.671875,103.66796875,103.671875,267.0
2025-06-19 22:00:00+00:00,103.67578125,103.68359375,103.66796875,103.66796875,270.0
2025-06-19 22:01:00+00:00,103.66796875,103.671875,103.6640625,103.671875,64.0
2025-06-19 22:02:00+00:00,103.671875,103.671875,103.66796875,103.66796875,15.0
2025-06-19 22:09:00+00:00,103.67578125,103.67578125,103.67578125,103.67578125,146.0
2025-06-19 22:10:00+00:00,103.67578125,103.67578125,103.67578125,103.67578125,280.0
2025-06-19 22:11:00+00:00,103.671875,103.671875,103.671875,103.671875,4.0
2025-06-19 22:17:00+00:00,103.66796875,103.671875,103.66796875,103.671875,270.0
2025-06-19 22:27:00+00:00,103.66796875,103.671875,103.66796875,103.671875,244.0
2025-06-19 22:34:00+00:00,103.66796875,103.671875,103.66796875,103.671875,32.0
2025-06-19 22:36:00+00:00,103.66796875,103.66796875,103.66796875,103.66796875,70.0
2025-06-19 22:39:00+00:00,103.671875,103.671875,103.671875,103.671875,25.0
2025-06-19 22:40:00+00:00,103.66796875,103.671875,103.66796875,103.66796875,84.0
2025-06-19 22:42:00+00:00,103.66796875,103.66796875,103.66796875,103.66796875,2.0
2025-06-19 22:43:00+00:00,103.66796875,103.66796875,103.66796875,103.66796875,129.0
2025-06-19 22:44:00+00:00,103.66796875,103.66796875,103.6640625,103.66796875,100.0
2025-06-19 22:45:00+00:00,103.66796875,103.66796875,103.6640625,103.6640625,7.0
2025-06-19 22:46:00+00:00,103.66796875,103.66796875,103.6640625,103.66796875,3.0
2025-06-19 22:50:00+00:00,103.66796875,103.66796875,103.66796875,103.66796875,136.0
2025-06-19 22:51:00+00:00,103.66796875,103.66796875,103.66796875,103.66796875,22.0
2025-06-19 22:54:00+00:00,103.671875,103.671875,103.671875,103.671875,44.0
2025-06-19 22:55:00+00:00,103.671875,103.671875,103.671875,103.671875,5.0
2025-06-19 22:57:00+00:00,103.671875,103.671875,103.671875,103.671875,19.0
2025-06-19 22:58:00+00:00,103.671875,103.671875,103.671875,103.671875,52.0
2025-06-19 22:59:00+00:00,103.671875,103.671875,103.671875,103.671875,8.0
2025-06-19 23:00:00+00:00,103.671875,103.671875,103.66796875,103.671875,17.0
2025-06-19 23:12:00+00:00,103.67578125,103.67578125,103.671875,103.671875,7.0
2025-06-19 23:23:00+00:00,103.67578125,103.67578125,103.67578125,103.67578125,330.0
2025-06-19 23:24:00+00:00,103.6796875,103.6796875,103.6796875,103.6796875,6.0
2025-06-19 23:26:00+00:00,103.6796875,103.6796875,103.6796875,103.6796875,3.0
2025-06-19 23:30:00+00:00,103.67578125,103.6796875,103.67578125,103.6796875,322.0
2025-06-19 23:31:00+00:00,103.6796875,103.6796875,103.6796875,103.6796875,86.0
2025-06-19 23:33:00+00:00,103.6796875,103.6796875,103.6796875,103.6796875,2.0
2025-06-19 23:35:00+00:00,103.67578125,103.6796875,103.67578125,103.6796875,5.0
2025-06-19 23:36:00+00:00,103.67578125,103.6796875,103.67578125,103.6796875,8.0
2025-06-19 23:40:00+00:00,103.67578125,103.67578125,103.67578125,103.67578125,47.0
2025-06-19 23:41:00+00:00,103.6796875,103.6796875,103.67578125,103.67578125,183.0
2025-06-19 23:42:00+00:00,103.6796875,103.6796875,103.6796875,103.6796875,80.0
2025-06-19 23:43:00+00:00,103.6796875,103.6796875,103.6796875,103.6796875,178.0
2025-06-19 23:44:00+00:00,103.6796875,103.6796875,103.6796875,103.6796875,35.0
2025-06-19 23:47:00+00:00,103.6796875,103.6796875,103.6796875,103.6796875,239.0
2025-06-19 23:48:00+00:00,103.6796875,103.6796875,103.67578125,103.6796875,60.0
2025-06-19 23:51:00+00:00,103.67578125,103.6796875,103.671875,103.67578125,107.0
2025-06-19 23:52:00+00:00,103.67578125,103.67578125,103.67578125,103.67578125,34.0
2025-06-19 23:53:00+00:00,103.67578125,103.67578125,103.67578125,103.67578125,61.0
2025-06-19 23:55:00+00:00,103.67578125,103.67578125,103.67578125,103.67578125,40.0
2025-06-20 00:00:00+00:00,103.68359375,103.68359375,103.6796875,103.6796875,95.0
2025-06-20 00:01:00+00:00,103.6796875,103.6796875,103.6796875,103.6796875,101.0
2025-06-20 00:03:00+00:00,103.6796875,103.68359375,103.6796875,103.68359375,288.0
2025-06-20 00:04:00+00:00,103.68359375,103.68359375,103.6796875,103.68359375,6.0
2025-06-20 00:07:00+00:00,103.6796875,103.68359375,103.6796875,103.6796875,179.0
2025-06-20 00:10:00+00:00,103.671875,103.671875,103.671875,103.671875,0.0
2025-06-20 00:12:00+00:00,103.671875,103.671875,103.671875,103.671875,104125.0
2025-06-20 00:13:00+00:00,103.66796875,103.671875,103.66796875,103.66796875,158.0
2025-06-20 00:14:00+00:00,103.671875,103.671875,103.66796875,103.671875,63.0
2025-06-20 00:15:00+00:00,103.66796875,103.67578125,103.66796875,103.671875,186.0
2025-06-20 00:18:00+00:00,103.67578125,103.67578125,103.66796875,103.671875,305.0
2025-06-20 00:19:00+00:00,103.66796875,103.671875,103.66796875,103.671875,45.0
2025-06-20 00:20:00+00:00,103.671875,103.671875,103.671875,103.671875,121.0
2025-06-20 00:28:00+00:00,103.671875,103.671875,103.66796875,103.671875,8.0
2025-06-20 00:33:00+00:00,103.671875,103.671875,103.66796875,103.66796875,38.0
2025-06-20 00:34:00+00:00,103.671875,103.671875,103.66796875,103.671875,6.0
2025-06-20 00:35:00+00:00,103.671875,103.671875,103.671875,103.671875,20.0
2025-06-20 00:38:00+00:00,103.671875,103.671875,103.671875,103.671875,6.0
2025-06-20 00:39:00+00:00,103.671875,103.671875,103.66796875,103.66796875,51.0
2025-06-20 00:40:00+00:00,103.6640625,103.66796875,103.6640625,103.66796875,98.0
2025-06-20 00:41:00+00:00,103.66796875,103.66796875,103.6640625,103.66796875,133.0
2025-06-20 00:42:00+00:00,103.66796875,103.66796875,103.66796875,103.66796875,69.0
2025-06-20 00:44:00+00:00,103.66796875,103.66796875,103.66796875,103.66796875,37.0
2025-06-20 00:46:00+00:00,103.66796875,103.66796875,103.66796875,103.66796875,60.0
2025-06-20 00:47:00+00:00,103.6640625,103.6640625,103.66015625,103.6640625,41.0
2025-06-20 00:48:00+00:00,103.66015625,103.66015625,103.65625,103.66015625,68.0
2025-06-20 00:49:00+00:00,103.65625,103.66015625,103.65625,103.66015625,5.0
2025-06-20 00:50:00+00:00,103.66015625,103.66015625,103.65234375,103.65625,468.0
2025-06-20 00:55:00+00:00,103.66015625,103.66015625,103.66015625,103.66015625,303.0
2025-06-20 00:56:00+00:00,103.66015625,103.6640625,103.66015625,103.66015625,44.0
2025-06-20 00:58:00+00:00,103.6640625,103.6640625,103.66015625,103.6640625,9.0
2025-06-20 00:59:00+00:00,103.6640625,103.6640625,103.6640625,103.6640625,1.0
2025-06-20 01:00:00+00:00,103.6640625,103.6640625,103.66015625,103.6640625,246.0
2025-06-20 01:01:00+00:00,103.66015625,103.6640625,103.66015625,103.6640625,212.0
2025-06-20 01:02:00+00:00,103.6640625,103.6640625,103.66015625,103.6640625,14.0
2025-06-20 01:03:00+00:00,103.6640625,103.6640625,103.6640625,103.6640625,97.0
2025-06-20 01:04:00+00:00,103.6640625,103.6640625,103.66015625,103.6640625,165.0
2025-06-20 01:05:00+00:00,103.6640625,103.6640625,103.6640625,103.6640625,46.0
2025-06-20 01:06:00+00:00,103.671875,103.671875,103.66796875,103.66796875,254.0
2025-06-20 01:07:00+00:00,103.671875,103.67578125,103.671875,103.67578125,440.0
2025-06-20 01:08:00+00:00,103.671875,103.671875,103.671875,103.671875,166.0
2025-06-20 01:09:00+00:00,103.67578125,103.67578125,103.671875,103.671875,48.0
2025-06-20 01:10:00+00:00,103.67578125,103.67578125,103.671875,103.671875,62.0
2025-06-20 01:11:00+00:00,103.671875,103.671875,103.671875,103.671875,34.0
2025-06-20 01:13:00+00:00,103.66796875,103.671875,103.66796875,103.671875,97.0
2025-06-20 01:14:00+00:00,103.6640625,103.671875,103.6640625,103.66796875,10.0
2025-06-20 01:15:00+00:00,103.66796875,103.671875,103.6640625,103.66796875,115.0
2025-06-20 01:17:00+00:00,103.66015625,103.6640625,103.66015625,103.6640625,105.0
2025-06-20 01:18:00+00:00,103.6640625,103.6640625,103.6640625,103.6640625,5.0
2025-06-20 01:19:00+00:00,103.66796875,103.66796875,103.6640625,103.6640625,31.0
2025-06-20 01:20:00+00:00,103.6640625,103.6640625,103.6640625,103.6640625,82.0
2025-06-20 01:21:00+00:00,103.66015625,103.6640625,103.66015625,103.6640625,57.0
2025-06-20 01:22:00+00:00,103.6640625,103.6640625,103.6640625,103.6640625,77.0
2025-06-20 01:23:00+00:00,103.66796875,103.66796875,103.66796875,103.66796875,4.0
2025-06-20 01:24:00+00:00,103.66796875,103.66796875,103.6640625,103.66796875,87.0
2025-06-20 01:27:00+00:00,103.66796875,103.671875,103.66796875,103.66796875,213.0
2025-06-20 01:30:00+00:00,103.66796875,103.671875,103.66796875,103.671875,5.0
2025-06-20 01:31:00+00:00,103.66796875,103.671875,103.66796875,103.671875,130.0
2025-06-20 01:33:00+00:00,103.671875,103.671875,103.671875,103.671875,131.0
2025-06-20 01:34:00+00:00,103.671875,103.671875,103.671875,103.671875,59.0
2025-06-20 01:36:00+00:00,103.67578125,103.67578125,103.671875,103.671875,188.0
2025-06-20 01:37:00+00:00,103.67578125,103.67578125,103.67578125,103.67578125,111.0
2025-06-20 01:38:00+00:00,103.67578125,103.67578125,103.67578125,103.67578125,205.0
2025-06-20 01:39:00+00:00,103.67578125,103.67578125,103.67578125,103.67578125,172.0
2025-06-20 01:40:00+00:00,103.66796875,103.671875,103.66796875,103.671875,325.0
2025-06-20 01:43:00+00:00,103.671875,103.67578125,103.66796875,103.671875,216.0
2025-06-20 01:44:00+00:00,103.671875,103.671875,103.671875,103.671875,111.0
2025-06-20 01:45:00+00:00,103.671875,103.671875,103.671875,103.671875,70.0
2025-06-20 01:55:00+00:00,103.6640625,103.66796875,103.6640625,103.66796875,181.0
2025-06-20 01:57:00+00:00,103.6640625,103.6640625,103.6640625,103.6640625,49.0
2025-06-20 02:02:00+00:00,103.6640625,103.66796875,103.6640625,103.66796875,44.0
2025-06-20 02:03:00+00:00,103.66796875,103.66796875,103.66796875,103.66796875,47.0
2025-06-20 02:04:00+00:00,103.66796875,103.66796875,103.66796875,103.66796875,7.0
2025-06-20 02:09:00+00:00,103.6640625,103.6640625,103.6640625,103.6640625,0.0
2025-06-20 02:10:00+00:00,103.6640625,103.66796875,103.66015625,103.6640625,111517.0
2025-06-20 02:11:00+00:00,103.6640625,103.6640625,103.6640625,103.6640625,6.0
2025-06-20 02:18:00+00:00,103.6640625,103.671875,103.6640625,103.66796875,58.0
2025-06-20 02:19:00+00:00,103.66796875,103.66796875,103.66796875,103.66796875,26.0
2025-06-20 02:24:00+00:00,103.6640625,103.6640625,103.6640625,103.6640625,45.0
2025-06-20 02:27:00+00:00,103.6640625,103.6640625,103.6640625,103.6640625,70.0
2025-06-20 02:28:00+00:00,103.6640625,103.6640625,103.6640625,103.6640625,74.0
2025-06-20 02:29:00+00:00,103.6640625,103.6640625,103.6640625,103.6640625,51.0
2025-06-20 02:33:00+00:00,103.6640625,103.6640625,103.6640625,103.6640625,104.0
2025-06-20 02:37:00+00:00,103.6640625,103.6640625,103.6640625,103.6640625,2.0
2025-06-20 02:43:00+00:00,103.66796875,103.66796875,103.66796875,103.66796875,134.0
2025-06-20 02:47:00+00:00,103.6640625,103.6640625,103.6640625,103.6640625,402.0
2025-06-20 02:48:00+00:00,103.6640625,103.6640625,103.6640625,103.6640625,14.0
2025-06-20 02:52:00+00:00,103.6640625,103.6640625,103.6640625,103.6640625,25.0
2025-06-20 02:57:00+00:00,103.66796875,103.66796875,103.6640625,103.6640625,393.0
2025-06-20 03:00:00+00:00,103.6640625,103.6640625,103.6640625,103.6640625,37.0
2025-06-20 03:02:00+00:00,103.6640625,103.6640625,103.6640625,103.6640625,15.0
2025-06-20 03:09:00+00:00,103.66796875,103.66796875,103.66796875,103.66796875,57.0
2025-06-20 03:10:00+00:00,103.6640625,103.66796875,103.6640625,103.66796875,4.0
2025-06-20 03:14:00+00:00,103.6640625,103.671875,103.6640625,103.66796875,46.0
2025-06-20 03:16:00+00:00,103.66796875,103.671875,103.66796875,103.66796875,169.0
2025-06-20 03:18:00+00:00,103.671875,103.671875,103.6640625,103.66796875,137.0
2025-06-20 03:19:00+00:00,103.6640625,103.66796875,103.6640625,103.66796875,45.0
2025-06-20 03:30:00+00:00,103.6640625,103.6640625,103.6640625,103.6640625,3.0
2025-06-20 03:31:00+00:00,103.66796875,103.66796875,103.66796875,103.66796875,186.0
2025-06-20 03:32:00+00:00,103.66796875,103.66796875,103.66796875,103.66796875,144.0
2025-06-20 03:35:00+00:00,103.67578125,103.67578125,103.671875,103.671875,254.0
2025-06-20 03:36:00+00:00,103.66796875,103.66796875,103.66796875,103.66796875,72.0
2025-06-20 03:48:00+00:00,103.66796875,103.671875,103.66796875,103.671875,51.0
2025-06-20 03:49:00+00:00,103.671875,103.671875,103.671875,103.671875,40.0
2025-06-20 03:53:00+00:00,103.671875,103.671875,103.66796875,103.671875,70.0
2025-06-20 04:00:00+00:00,103.671875,103.671875,103.671875,103.671875,33.0
2025-06-20 04:01:00+00:00,103.671875,103.671875,103.671875,103.671875,24.0
2025-06-20 04:06:00+00:00,103.66796875,103.66796875,103.66796875,103.66796875,51.0
2025-06-20 04:08:00+00:00,103.671875,103.671875,103.671875,103.671875,28.0
2025-06-20 04:12:00+00:00,103.671875,103.671875,103.66796875,103.66796875,16.0
2025-06-20 04:27:00+00:00,103.66796875,103.671875,103.66796875,103.671875,2.0
2025-06-20 04:28:00+00:00,103.6640625,103.66796875,103.6640625,103.66796875,274.0
2025-06-20 04:31:00+00:00,103.671875,103.671875,103.66796875,103.66796875,62.0
2025-06-20 04:33:00+00:00,103.6640625,103.66796875,103.6640625,103.66796875,76.0
2025-06-20 04:34:00+00:00,103.6640625,103.6640625,103.6640625,103.6640625,71.0
2025-06-20 04:45:00+00:00,103.6640625,103.6640625,103.6640625,103.6640625,50.0
2025-06-20 04:46:00+00:00,103.66015625,103.6640625,103.66015625,103.6640625,241.0
2025-06-20 04:47:00+00:00,103.66015625,103.66015625,103.66015625,103.66015625,1.0
2025-06-20 04:54:00+00:00,103.66015625,103.6640625,103.66015625,103.6640625,122.0
2025-06-20 04:55:00+00:00,103.6640625,103.6640625,103.6640625,103.6640625,142.0
2025-06-20 04:57:00+00:00,103.6640625,103.66796875,103.6640625,103.6640625,100.0
2025-06-20 05:00:00+00:00,103.66015625,103.6640625,103.66015625,103.6640625,7.0
2025-06-20 05:14:00+00:00,103.65625,103.66015625,103.65625,103.66015625,68.0
2025-06-20 05:16:00+00:00,103.65625,103.65625,103.65234375,103.65625,72.0
2025-06-20 05:18:00+00:00,103.65234375,103.65234375,103.65234375,103.65234375,94.0
2025-06-20 05:19:00+00:00,103.64453125,103.6484375,103.64453125,103.6484375,378.0
2025-06-20 05:23:00+00:00,103.6484375,103.6484375,103.64453125,103.6484375,185.0
2025-06-20 05:26:00+00:00,103.65234375,103.65234375,103.64453125,103.6484375,297.0
2025-06-20 05:27:00+00:00,103.6484375,103.6484375,103.64453125,103.6484375,43.0
2025-06-20 05:30:00+00:00,103.6484375,103.6484375,103.6484375,103.6484375,150.0
2025-06-20 05:32:00+00:00,103.6484375,103.6484375,103.6484375,103.6484375,224.0
2025-06-20 05:33:00+00:00,103.6484375,103.6484375,103.64453125,103.64453125,7.0
2025-06-20 05:35:00+00:00,103.64453125,103.64453125,103.64453125,103.64453125,164.0
2025-06-20 05:36:00+00:00,103.6484375,103.6484375,103.6484375,103.6484375,412.0
2025-06-20 05:41:00+00:00,103.6484375,103.6484375,103.6484375,103.6484375,50.0
2025-06-20 05:42:00+00:00,103.6484375,103.65234375,103.6484375,103.65234375,28.0
2025-06-20 05:43:00+00:00,103.65234375,103.65234375,103.65234375,103.65234375,72.0
2025-06-20 05:48:00+00:00,103.65625,103.65625,103.65234375,103.65234375,10.0
2025-06-20 05:51:00+00:00,103.65625,103.65625,103.65625,103.65625,128.0
2025-06-20 05:52:00+00:00,103.65234375,103.65625,103.65234375,103.65625,236.0
2025-06-20 05:53:00+00:00,103.65234375,103.65234375,103.65234375,103.65234375,19.0
2025-06-20 05:55:00+00:00,103.65234375,103.65234375,103.65234375,103.65234375,68.0
2025-06-20 05:56:00+00:00,103.65234375,103.65625,103.65234375,103.65234375,240.0
2025-06-20 05:58:00+00:00,103.65625,103.65625,103.65625,103.65625,3.0
2025-06-20 06:00:00+00:00,103.65625,103.65625,103.65625,103.65625,528.0
2025-06-20 06:02:00+00:00,103.65625,103.66015625,103.65234375,103.65625,248.0
2025-06-20 06:04:00+00:00,103.66015625,103.66015625,103.66015625,103.66015625,3.0
2025-06-20 06:05:00+00:00,103.66015625,103.66015625,103.65625,103.66015625,200.0
2025-06-20 06:06:00+00:00,103.66015625,103.66015625,103.66015625,103.66015625,106.0
2025-06-20 06:07:00+00:00,103.66015625,103.66015625,103.66015625,103.66015625,25.0
2025-06-20 06:08:00+00:00,103.66015625,103.66015625,103.66015625,103.66015625,120.0
2025-06-20 06:09:00+00:00,103.66015625,103.66015625,103.66015625,103.66015625,424.0
2025-06-20 06:11:00+00:00,103.6640625,103.6640625,103.6640625,103.6640625,111.0
2025-06-20 06:12:00+00:00,103.6640625,103.6640625,103.6640625,103.6640625,124.0
2025-06-20 06:13:00+00:00,103.66796875,103.66796875,103.66796875,103.66796875,553.0
2025-06-20 06:14:00+00:00,103.66796875,103.671875,103.6640625,103.66796875,369.0
2025-06-20 06:15:00+00:00,103.66796875,103.66796875,103.6640625,103.66796875,395.0
2025-06-20 06:16:00+00:00,103.66796875,103.671875,103.6640625,103.66796875,153.0
2025-06-20 06:17:00+00:00,103.66796875,103.66796875,103.6640625,103.66796875,142.0
2025-06-20 06:18:00+00:00,103.671875,103.671875,103.66796875,103.66796875,89.0
2025-06-20 06:24:00+00:00,103.671875,103.671875,103.66796875,103.671875,816.0
2025-06-20 06:25:00+00:00,103.671875,103.671875,103.671875,103.671875,149.0
2025-06-20 06:26:00+00:00,103.671875,103.671875,103.671875,103.671875,90.0
2025-06-20 06:27:00+00:00,103.671875,103.671875,103.671875,103.671875,122.0
2025-06-20 06:28:00+00:00,103.671875,103.671875,103.671875,103.671875,132.0
2025-06-20 06:29:00+00:00,103.671875,103.671875,103.671875,103.671875,62.0
2025-06-20 06:31:00+00:00,103.67578125,103.67578125,103.67578125,103.67578125,201.0
2025-06-20 06:32:00+00:00,103.67578125,103.67578125,103.67578125,103.67578125,57.0
2025-06-20 06:33:00+00:00,103.67578125,103.67578125,103.671875,103.67578125,29.0
2025-06-20 06:34:00+00:00,103.67578125,103.67578125,103.67578125,103.67578125,12.0
2025-06-20 06:35:00+00:00,103.671875,103.67578125,103.671875,103.67578125,32.0
2025-06-20 06:36:00+00:00,103.67578125,103.67578125,103.67578125,103.67578125,122.0
2025-06-20 06:38:00+00:00,103.6796875,103.6796875,103.67578125,103.67578125,1084.0
2025-06-20 06:39:00+00:00,103.671875,103.67578125,103.671875,103.67578125,168.0
2025-06-20 06:40:00+00:00,103.671875,103.671875,103.66796875,103.66796875,109.0
2025-06-20 06:41:00+00:00,103.671875,103.671875,103.66796875,103.671875,228.0
2025-06-20 06:42:00+00:00,103.6640625,103.66796875,103.6640625,103.66796875,446.0
2025-06-20 06:46:00+00:00,103.671875,103.671875,103.66796875,103.66796875,164.0
2025-06-20 06:47:00+00:00,103.671875,103.671875,103.671875,103.671875,309.0
2025-06-20 06:48:00+00:00,103.671875,103.671875,103.671875,103.671875,66.0
2025-06-20 06:49:00+00:00,103.671875,103.671875,103.66796875,103.671875,180.0
2025-06-20 06:50:00+00:00,103.671875,103.671875,103.66796875,103.671875,160.0
2025-06-20 06:52:00+00:00,103.671875,103.671875,103.671875,103.671875,150.0
2025-06-20 06:55:00+00:00,103.671875,103.67578125,103.66796875,103.671875,121.0
2025-06-20 06:56:00+00:00,103.67578125,103.67578125,103.67578125,103.67578125,52.0
2025-06-20 06:57:00+00:00,103.671875,103.671875,103.671875,103.671875,115.0
2025-06-20 06:59:00+00:00,103.671875,103.671875,103.671875,103.671875,197.0
2025-06-20 07:00:00+00:00,103.671875,103.671875,103.66796875,103.671875,151.0
2025-06-20 07:02:00+00:00,103.67578125,103.67578125,103.67578125,103.67578125,150.0
2025-06-20 07:03:00+00:00,103.67578125,103.67578125,103.671875,103.67578125,3.0
2025-06-20 07:04:00+00:00,103.67578125,103.67578125,103.67578125,103.67578125,226.0
2025-06-20 07:05:00+00:00,103.67578125,103.6796875,103.67578125,103.67578125,127.0
2025-06-20 07:07:00+00:00,103.67578125,103.67578125,103.67578125,103.67578125,118.0
2025-06-20 07:11:00+00:00,103.671875,103.67578125,103.66796875,103.671875,336.0
2025-06-20 07:12:00+00:00,103.671875,103.671875,103.671875,103.671875,69.0
2025-06-20 07:13:00+00:00,103.671875,103.671875,103.671875,103.671875,7.0
2025-06-20 07:14:00+00:00,103.67578125,103.67578125,103.671875,103.671875,2.0
2025-06-20 07:15:00+00:00,103.671875,103.671875,103.671875,103.671875,195.0
2025-06-20 07:17:00+00:00,103.671875,103.671875,103.671875,103.671875,63.0
2025-06-20 07:18:00+00:00,103.66796875,103.66796875,103.66796875,103.66796875,115.0
2025-06-20 07:21:00+00:00,103.6640625,103.6640625,103.6640625,103.6640625,26.0
2025-06-20 07:22:00+00:00,103.66796875,103.66796875,103.66796875,103.66796875,15.0
2025-06-20 07:23:00+00:00,103.671875,103.671875,103.6640625,103.66796875,197.0
2025-06-20 07:24:00+00:00,103.66796875,103.66796875,103.6640625,103.66796875,15.0
2025-06-20 07:25:00+00:00,103.6640625,103.66796875,103.6640625,103.66796875,40.0
2025-06-20 07:26:00+00:00,103.6640625,103.6640625,103.6640625,103.6640625,30.0
2025-06-20 07:27:00+00:00,103.66015625,103.66015625,103.66015625,103.66015625,111.0
2025-06-20 07:28:00+00:00,103.6640625,103.6640625,103.66015625,103.66015625,6.0
2025-06-20 07:29:00+00:00,103.6640625,103.6640625,103.66015625,103.66015625,355.0
2025-06-20 07:30:00+00:00,103.66015625,103.66015625,103.65625,103.66015625,211.0
2025-06-20 07:31:00+00:00,103.65625,103.65625,103.65625,103.65625,274.0
2025-06-20 07:32:00+00:00,103.65625,103.65625,103.65625,103.65625,59.0
2025-06-20 07:33:00+00:00,103.65625,103.65625,103.65234375,103.65625,141.0
2025-06-20 07:34:00+00:00,103.65625,103.66015625,103.65625,103.65625,48.0
2025-06-20 07:35:00+00:00,103.65625,103.65625,103.65625,103.65625,100.0
2025-06-20 07:36:00+00:00,103.65625,103.65625,103.65234375,103.65234375,26.0
2025-06-20 07:37:00+00:00,103.65234375,103.65234375,103.6484375,103.65234375,425.0
2025-06-20 07:38:00+00:00,103.65234375,103.65625,103.6484375,103.65234375,202.0
2025-06-20 07:39:00+00:00,103.65625,103.65625,103.65234375,103.65234375,156.0
2025-06-20 07:40:00+00:00,103.65234375,103.65234375,103.65234375,103.65234375,328.0
2025-06-20 07:41:00+00:00,103.65234375,103.65234375,103.65234375,103.65234375,37.0
2025-06-20 07:42:00+00:00,103.65234375,103.65234375,103.65234375,103.65234375,191.0
2025-06-20 07:43:00+00:00,103.65625,103.65625,103.65234375,103.65625,540.0
2025-06-20 07:44:00+00:00,103.65625,103.65625,103.65234375,103.65234375,82.0
2025-06-20 07:45:00+00:00,103.6484375,103.65234375,103.6484375,103.65234375,65.0
2025-06-20 07:48:00+00:00,103.65234375,103.65234375,103.6484375,103.6484375,123.0
2025-06-20 07:50:00+00:00,103.65234375,103.65234375,103.6484375,103.65234375,116.0
2025-06-20 07:51:00+00:00,103.65234375,103.65234375,103.6484375,103.65234375,11.0
2025-06-20 07:52:00+00:00,103.65234375,103.65625,103.65234375,103.65234375,329.0
2025-06-20 07:53:00+00:00,103.65234375,103.65234375,103.65234375,103.65234375,5.0
2025-06-20 07:54:00+00:00,103.65625,103.65625,103.6484375,103.65234375,178.0
2025-06-20 07:55:00+00:00,103.65234375,103.65625,103.6484375,103.65234375,91.0
2025-06-20 07:56:00+00:00,103.65234375,103.65234375,103.65234375,103.65234375,2.0
2025-06-20 07:58:00+00:00,103.65625,103.65625,103.65234375,103.65234375,165.0
2025-06-20 07:59:00+00:00,103.65625,103.65625,103.65234375,103.65234375,63.0
2025-06-20 08:00:00+00:00,103.65625,103.65625,103.65625,103.65625,258.0
2025-06-20 08:01:00+00:00,103.65625,103.66015625,103.65234375,103.65625,415.0
2025-06-20 08:02:00+00:00,103.65625,103.65625,103.65625,103.65625,315.0
2025-06-20 08:03:00+00:00,103.65234375,103.65234375,103.65234375,103.65234375,403.0
2025-06-20 08:06:00+00:00,103.65234375,103.65625,103.65234375,103.65234375,189.0
2025-06-20 08:09:00+00:00,103.65234375,103.65234375,103.6484375,103.6484375,630.0
2025-06-20 08:11:00+00:00,103.6484375,103.65234375,103.6484375,103.6484375,114.0
2025-06-20 08:12:00+00:00,103.65234375,103.65234375,103.6484375,103.6484375,102.0
2025-06-20 08:13:00+00:00,103.6484375,103.6484375,103.6484375,103.6484375,151.0
2025-06-20 08:14:00+00:00,103.6484375,103.6484375,103.6484375,103.6484375,65.0
2025-06-20 08:15:00+00:00,103.6484375,103.6484375,103.64800262451172,103.6484375,1721.0
2025-06-20 08:18:00+00:00,103.6484375,103.6484375,103.6484375,103.6484375,456.0
2025-06-20 08:20:00+00:00,103.6484375,103.6484375,103.6484375,103.6484375,700.0
2025-06-20 08:21:00+00:00,103.6484375,103.6484375,103.6484375,103.6484375,105.0
2025-06-20 08:22:00+00:00,103.6484375,103.6484375,103.6484375,103.6484375,55.0
2025-06-20 08:26:00+00:00,103.640625,103.6484375,103.640625,103.64453125,344.0
2025-06-20 08:27:00+00:00,103.6484375,103.6484375,103.64453125,103.64453125,190.0
2025-06-20 08:28:00+00:00,103.6484375,103.6484375,103.6484375,103.6484375,29.0
2025-06-20 08:30:00+00:00,103.640625,103.64453125,103.640625,103.64453125,128.0
2025-06-20 08:31:00+00:00,103.64453125,103.64453125,103.640625,103.640625,136.0
2025-06-20 08:33:00+00:00,103.64453125,103.64453125,103.640625,103.640625,238.0
2025-06-20 08:34:00+00:00,103.63671875,103.64453125,103.63671875,103.640625,647.0
2025-06-20 08:35:00+00:00,103.640625,103.640625,103.63671875,103.640625,85.0
2025-06-20 08:37:00+00:00,103.64453125,103.64453125,103.64453125,103.64453125,534.0
2025-06-20 08:38:00+00:00,103.64453125,103.64453125,103.64453125,103.64453125,115.0
2025-06-20 08:39:00+00:00,103.640625,103.640625,103.63671875,103.640625,1796.0
2025-06-20 08:40:00+00:00,103.640625,103.640625,103.640625,103.640625,84.0
2025-06-20 08:41:00+00:00,103.640625,103.640625,103.640625,103.640625,147.0
2025-06-20 08:43:00+00:00,103.640625,103.640625,103.640625,103.640625,258.0
2025-06-20 08:45:00+00:00,103.640625,103.640625,103.640625,103.640625,251.0
2025-06-20 08:54:00+00:00,103.63671875,103.63671875,103.63671875,103.63671875,881.0
2025-06-20 08:57:00+00:00,103.640625,103.640625,103.640625,103.640625,617.0
2025-06-20 09:00:00+00:00,103.640625,103.640625,103.640625,103.640625,134.0
2025-06-20 09:01:00+00:00,103.63671875,103.63671875,103.63671875,103.63671875,45.0
2025-06-20 09:02:00+00:00,103.63671875,103.63671875,103.63671875,103.63671875,58.0
2025-06-20 09:04:00+00:00,103.63671875,103.63671875,103.63671875,103.63671875,66.0
2025-06-20 09:05:00+00:00,103.63671875,103.63671875,103.63671875,103.63671875,105.0
2025-06-20 09:08:00+00:00,103.63671875,103.63671875,103.63671875,103.63671875,328.0
2025-06-20 09:14:00+00:00,103.6328125,103.63671875,103.6328125,103.63671875,589.0
2025-06-20 09:15:00+00:00,103.6328125,103.6328125,103.62890625,103.62890625,918.0
2025-06-20 09:16:00+00:00,103.62890625,103.62890625,103.62890625,103.62890625,361.0
2025-06-20 09:17:00+00:00,103.62890625,103.6328125,103.62890625,103.62890625,23.0
2025-06-20 09:18:00+00:00,103.6328125,103.6328125,103.6328125,103.6328125,687.0
2025-06-20 09:19:00+00:00,103.6328125,103.6328125,103.6328125,103.6328125,26.0
2025-06-20 09:25:00+00:00,103.6328125,103.63671875,103.6328125,103.63671875,8.0
2025-06-20 09:26:00+00:00,103.63671875,103.63671875,103.63671875,103.63671875,793.0
2025-06-20 09:27:00+00:00,103.63671875,103.63671875,103.63671875,103.63671875,54.0
2025-06-20 09:30:00+00:00,103.63671875,103.63671875,103.63671875,103.63671875,82.0
2025-06-20 09:39:00+00:00,103.63671875,103.63671875,103.63671875,103.63671875,19.0
2025-06-20 09:40:00+00:00,103.63671875,103.63671875,103.63671875,103.63671875,134.0
2025-06-20 09:41:00+00:00,103.63671875,103.63671875,103.6328125,103.63671875,111.0
2025-06-20 09:43:00+00:00,103.62890625,103.6328125,103.625,103.6328125,4256.0
2025-06-20 09:44:00+00:00,103.62890625,103.62890625,103.625,103.62890625,240.0
2025-06-20 09:45:00+00:00,103.62890625,103.62890625,103.62890625,103.62890625,530.0
2025-06-20 09:47:00+00:00,103.62890625,103.62890625,103.62890625,103.62890625,510.0
2025-06-20 09:49:00+00:00,103.62890625,103.62890625,103.625,103.625,125.0
2025-06-20 09:52:00+00:00,103.62890625,103.62890625,103.62890625,103.62890625,230.0
2025-06-20 09:53:00+00:00,103.62890625,103.62890625,103.62890625,103.62890625,9.0
2025-06-20 09:54:00+00:00,103.62890625,103.62890625,103.62890625,103.62890625,5.0
2025-06-20 09:58:00+00:00,103.6328125,103.6328125,103.6328125,103.6328125,1102.0
2025-06-20 09:59:00+00:00,103.6328125,103.6328125,103.6328125,103.6328125,73.0
2025-06-20 10:00:00+00:00,103.6328125,103.6328125,103.6328125,103.6328125,27.0
2025-06-20 10:01:00+00:00,103.6328125,103.6328125,103.6328125,103.6328125,52.0
2025-06-20 10:03:00+00:00,103.6328125,103.6328125,103.62890625,103.6328125,63.0
2025-06-20 10:04:00+00:00,103.62890625,103.62890625,103.62890625,103.62890625,387.0
2025-06-20 10:05:00+00:00,103.62890625,103.62890625,103.62890625,103.62890625,7.0
2025-06-20 10:08:00+00:00,103.625,103.625,103.625,103.625,371.0
2025-06-20 10:09:00+00:00,103.62109375,103.625,103.62109375,103.625,440.0
2025-06-20 10:10:00+00:00,103.62109375,103.62109375,103.62109375,103.62109375,29.0
2025-06-20 10:11:00+00:00,103.62109375,103.62109375,103.62109375,103.62109375,3.0
2025-06-20 10:12:00+00:00,103.62109375,103.62109375,103.62109375,103.62109375,152.0
2025-06-20 10:13:00+00:00,103.62100219726562,103.62109375,103.62100219726562,103.62109375,103.0
2025-06-20 10:15:00+00:00,103.62109375,103.625,103.62109375,103.625,72.0
2025-06-20 10:16:00+00:00,103.62109375,103.62109375,103.62109375,103.62109375,6.0
2025-06-20 10:17:00+00:00,103.625,103.625,103.625,103.625,1546.0
2025-06-20 10:18:00+00:00,103.62890625,103.62890625,103.62890625,103.62890625,775.0
2025-06-20 10:20:00+00:00,103.625,103.625,103.625,103.625,73.0
2025-06-20 10:21:00+00:00,103.625,103.625,103.625,103.625,107.0
2025-06-20 10:22:00+00:00,103.62890625,103.62890625,103.62890625,103.62890625,420.0
2025-06-20 10:23:00+00:00,103.62890625,103.62890625,103.62890625,103.62890625,465.0
2025-06-20 10:25:00+00:00,103.6328125,103.63671875,103.6328125,103.6328125,2365.0
2025-06-20 10:26:00+00:00,103.63671875,103.640625,103.6328125,103.6328125,2966.0
2025-06-20 10:27:00+00:00,103.63671875,103.63671875,103.63671875,103.63671875,996.0
2025-06-20 10:30:00+00:00,103.63671875,103.63671875,103.63671875,103.63671875,403.0
2025-06-20 10:31:00+00:00,103.63671875,103.640625,103.63671875,103.640625,3.0
2025-06-20 10:32:00+00:00,103.6328125,103.63671875,103.6328125,103.63671875,325.0
2025-06-20 10:33:00+00:00,103.6328125,103.6328125,103.6328125,103.6328125,5.0
2025-06-20 10:34:00+00:00,103.6328125,103.6328125,103.6328125,103.6328125,123.0
2025-06-20 10:35:00+00:00,103.6328125,103.6328125,103.62890625,103.6328125,80.0
2025-06-20 10:36:00+00:00,103.62890625,103.62890625,103.62890625,103.62890625,94.0
2025-06-20 10:37:00+00:00,103.62890625,103.62890625,103.62890625,103.62890625,323.0
2025-06-20 10:38:00+00:00,103.6328125,103.6328125,103.62890625,103.62890625,710.0
2025-06-20 10:43:00+00:00,103.62890625,103.62890625,103.62890625,103.62890625,80.0
2025-06-20 10:44:00+00:00,103.6328125,103.6328125,103.6328125,103.6328125,501.0
2025-06-20 10:49:00+00:00,103.62890625,103.62890625,103.62890625,103.62890625,274.0
2025-06-20 10:52:00+00:00,103.62890625,103.62890625,103.62890625,103.62890625,48.0
2025-06-20 10:53:00+00:00,103.62890625,103.62890625,103.62890625,103.62890625,298.0
2025-06-20 10:54:00+00:00,103.62890625,103.62890625,103.62890625,103.62890625,756.0
2025-06-20 10:55:00+00:00,103.62890625,103.62890625,103.62890625,103.62890625,412.0
2025-06-20 10:56:00+00:00,103.62890625,103.62890625,103.62890625,103.62890625,148.0
2025-06-20 10:59:00+00:00,103.62890625,103.62890625,103.62890625,103.62890625,695.0
2025-06-20 11:00:00+00:00,103.625,103.6328125,103.625,103.6328125,212.0
2025-06-20 11:01:00+00:00,103.625,103.625,103.625,103.625,13.0
2025-06-20 11:02:00+00:00,103.62890625,103.62890625,103.62890625,103.62890625,351.0
2025-06-20 11:04:00+00:00,103.625,103.625,103.625,103.625,178.0
2025-06-20 11:06:00+00:00,103.625,103.625,103.625,103.625,588.0
2025-06-20 11:08:00+00:00,103.625,103.625,103.625,103.625,440.0
2025-06-20 11:09:00+00:00,103.625,103.625,103.625,103.625,75.0
2025-06-20 11:10:00+00:00,103.625,103.625,103.625,103.625,127.0
2025-06-20 11:12:00+00:00,103.625,103.625,103.625,103.625,66.0
2025-06-20 11:15:00+00:00,103.62109375,103.625,103.62109375,103.625,227.0
2025-06-20 11:16:00+00:00,103.625,103.625,103.625,103.625,49.0
2025-06-20 11:17:00+00:00,103.62109375,103.62109375,103.62109375,103.62109375,431.0
2025-06-20 11:18:00+00:00,103.6171875,103.62109375,103.61328125,103.62109375,871.0
2025-06-20 11:19:00+00:00,103.625,103.625,103.6171875,103.6171875,1340.0
2025-06-20 11:20:00+00:00,103.62109375,103.62109375,103.62109375,103.62109375,368.0
2025-06-20 11:24:00+00:00,103.6171875,103.6171875,103.6171875,103.6171875,255.0
2025-06-20 11:27:00+00:00,103.61328125,103.6171875,103.61328125,103.61328125,11.0
2025-06-20 11:28:00+00:00,103.6171875,103.6171875,103.61328125,103.61328125,29.0
2025-06-20 11:29:00+00:00,103.61328125,103.61328125,103.61328125,103.61328125,4.0
2025-06-20 11:30:00+00:00,103.61328125,103.61328125,103.609375,103.61328125,1031.0
2025-06-20 11:31:00+00:00,103.609375,103.61328125,103.609375,103.61328125,410.0
2025-06-20 11:32:00+00:00,103.60546875,103.609375,103.60546875,103.609375,717.0
2025-06-20 11:33:00+00:00,103.609375,103.609375,103.609375,103.609375,535.0
2025-06-20 11:35:00+00:00,103.60546875,103.609375,103.60546875,103.609375,298.0
2025-06-20 11:36:00+00:00,103.60546875,103.60546875,103.60546875,103.60546875,383.0
2025-06-20 11:37:00+00:00,103.60546875,103.60546875,103.6015625,103.60546875,322.0
2025-06-20 11:38:00+00:00,103.60546875,103.60546875,103.60546875,103.60546875,7.0
2025-06-20 11:39:00+00:00,103.60546875,103.60546875,103.60546875,103.60546875,152.0
2025-06-20 11:40:00+00:00,103.60546875,103.60546875,103.60546875,103.60546875,81.0
2025-06-20 11:41:00+00:00,103.6015625,103.6015625,103.6015625,103.6015625,203.0
2025-06-20 11:42:00+00:00,103.6015625,103.6015625,103.6015625,103.6015625,129.0
2025-06-20 11:43:00+00:00,103.61328125,103.61328125,103.60546875,103.60546875,3896.0
2025-06-20 11:44:00+00:00,103.609375,103.61328125,103.609375,103.61328125,1275.0
2025-06-20 11:45:00+00:00,103.60546875,103.609375,103.60546875,103.60546875,1611.0
2025-06-20 11:46:00+00:00,103.609375,103.609375,103.60546875,103.60546875,1315.0
2025-06-20 11:47:00+00:00,103.609375,103.609375,103.609375,103.609375,945.0
2025-06-20 11:48:00+00:00,103.6015625,103.60546875,103.6015625,103.60546875,473.0
2025-06-20 11:49:00+00:00,103.6015625,103.6015625,103.59765625,103.6015625,925.0
2025-06-20 11:50:00+00:00,103.6015625,103.6015625,103.6015625,103.6015625,612.0
2025-06-20 11:51:00+00:00,103.59765625,103.6015625,103.59765625,103.6015625,964.0
2025-06-20 11:52:00+00:00,103.59765625,103.6015625,103.59765625,103.59765625,140.0
2025-06-20 11:53:00+00:00,103.59765625,103.6015625,103.59765625,103.59765625,395.0
2025-06-20 11:54:00+00:00,103.59765625,103.59765625,103.59765625,103.59765625,1370.0
2025-06-20 11:55:00+00:00,103.59765625,103.59765625,103.59765625,103.59765625,96.0
2025-06-20 11:56:00+00:00,103.60546875,103.60546875,103.59765625,103.59765625,5444.0
2025-06-20 11:57:00+00:00,103.60546875,103.60546875,103.60546875,103.60546875,781.0
2025-06-20 11:58:00+00:00,103.6015625,103.6015625,103.6015625,103.6015625,1067.0
2025-06-20 11:59:00+00:00,103.6015625,103.6015625,103.6015625,103.6015625,220.0
2025-06-20 12:00:00+00:00,103.6015625,103.6015625,103.59765625,103.59765625,1032.0
2025-06-20 12:01:00+00:00,103.59375,103.59765625,103.59375,103.59765625,349.0
2025-06-20 12:02:00+00:00,103.6015625,103.6015625,103.59375,103.59375,353.0
2025-06-20 12:03:00+00:00,103.6015625,103.6015625,103.6015625,103.6015625,21.0
2025-06-20 12:04:00+00:00,103.6015625,103.6015625,103.59765625,103.6015625,936.0
2025-06-20 12:05:00+00:00,103.59765625,103.6015625,103.59765625,103.6015625,2782.0
2025-06-20 12:06:00+00:00,103.6015625,103.6015625,103.59765625,103.59765625,4224.0
2025-06-20 12:07:00+00:00,103.59765625,103.59765625,103.59765625,103.59765625,615.0
2025-06-20 12:08:00+00:00,103.59765625,103.59765625,103.59375,103.59765625,579.0
2025-06-20 12:09:00+00:00,103.59765625,103.59765625,103.59375,103.59765625,224.0
2025-06-20 12:10:00+00:00,103.59765625,103.59765625,103.59375,103.59765625,242.0
2025-06-20 12:11:00+00:00,103.59765625,103.59765625,103.59765625,103.59765625,1706.0
2025-06-20 12:12:00+00:00,103.59765625,103.59765625,103.59375,103.59765625,1468.0
2025-06-20 12:13:00+00:00,103.59375,103.59765625,103.59375,103.59765625,240.0
2025-06-20 12:14:00+00:00,103.59375,103.59765625,103.59375,103.59765625,747.0
2025-06-20 12:16:00+00:00,103.59765625,103.59765625,103.59765625,103.59765625,969.0
2025-06-20 12:17:00+00:00,103.6015625,103.6015625,103.6015625,103.6015625,1201.0
2025-06-20 12:18:00+00:00,103.6015625,103.6015625,103.6015625,103.6015625,26.0
2025-06-20 12:19:00+00:00,103.6015625,103.6015625,103.59765625,103.6015625,3.0
2025-06-20 12:20:00+00:00,103.59375,103.59765625,103.59375,103.59765625,1516.0
2025-06-20 12:21:00+00:00,103.59765625,103.6015625,103.59765625,103.59765625,235.0
2025-06-20 12:22:00+00:00,103.59765625,103.6015625,103.59765625,103.59765625,423.0
2025-06-20 12:23:00+00:00,103.59765625,103.6015625,103.59765625,103.59765625,330.0
2025-06-20 12:24:00+00:00,103.59765625,103.6015625,103.59765625,103.59765625,1228.0
2025-06-20 12:25:00+00:00,103.59765625,103.59765625,103.59375,103.59765625,294.0
2025-06-20 12:26:00+00:00,103.59375,103.59375,103.58984375,103.59375,1425.0
2025-06-20 12:27:00+00:00,103.58984375,103.59375,103.58984375,103.58984375,109.0
2025-06-20 12:28:00+00:00,103.59375,103.59375,103.58984375,103.58984375,654.0
2025-06-20 12:29:00+00:00,103.58984375,103.59375,103.58984375,103.59375,334.0
2025-06-20 12:30:00+00:00,103.59375,103.59765625,103.58984375,103.58984375,1730.0
2025-06-20 12:31:00+00:00,103.59765625,103.59765625,103.59375,103.59375,235.0
2025-06-20 12:32:00+00:00,103.6015625,103.6015625,103.59375,103.59375,3120.0
2025-06-20 12:33:00+00:00,103.609375,103.62109375,103.6015625,103.6015625,12287.0
2025-06-20 12:34:00+00:00,103.640625,103.64453125,103.609375,103.609375,13628.0
2025-06-20 12:35:00+00:00,103.6328125,103.64453125,103.625,103.64453125,4314.0
2025-06-20 12:36:00+00:00,103.62890625,103.63671875,103.62890625,103.63671875,2814.0
2025-06-20 12:37:00+00:00,103.63671875,103.63671875,103.62109375,103.62890625,3719.0
2025-06-20 12:38:00+00:00,103.64453125,103.64453125,103.6328125,103.63671875,2842.0
2025-06-20 12:39:00+00:00,103.6484375,103.6484375,103.640625,103.640625,1542.0
2025-06-20 12:40:00+00:00,103.6484375,103.65234375,103.6484375,103.6484375,2156.0
2025-06-20 12:41:00+00:00,103.6328125,103.6484375,103.6328125,103.6484375,2402.0
2025-06-20 12:42:00+00:00,103.6328125,103.63671875,103.6328125,103.63671875,1677.0
2025-06-20 12:43:00+00:00,103.62109375,103.62890625,103.62109375,103.62890625,1948.0
2025-06-20 12:44:00+00:00,103.625,103.62890625,103.625,103.625,1187.0
2025-06-20 12:45:00+00:00,103.62890625,103.62890625,103.62890625,103.62890625,591.0
2025-06-20 12:46:00+00:00,103.62890625,103.62890625,103.62890625,103.62890625,294.0
2025-06-20 12:47:00+00:00,103.625,103.625,103.62109375,103.625,2119.0
2025-06-20 12:48:00+00:00,103.625,103.625,103.625,103.625,513.0
2025-06-20 12:49:00+00:00,103.6171875,103.625,103.6171875,103.625,957.0
2025-06-20 12:50:00+00:00,103.6171875,103.6171875,103.61328125,103.61328125,873.0
2025-06-20 12:51:00+00:00,103.6171875,103.6171875,103.61328125,103.61328125,666.0
2025-06-20 12:52:00+00:00,103.6171875,103.6171875,103.6171875,103.6171875,655.0
2025-06-20 12:53:00+00:00,103.62109375,103.62109375,103.6171875,103.6171875,545.0
2025-06-20 12:54:00+00:00,103.62109375,103.62109375,103.62109375,103.62109375,678.0
2025-06-20 12:55:00+00:00,103.62109375,103.62890625,103.62109375,103.625,1005.0
2025-06-20 12:56:00+00:00,103.625,103.625,103.62109375,103.62109375,457.0
2025-06-20 12:57:00+00:00,103.625,103.625,103.62109375,103.62109375,232.0
2025-06-20 12:58:00+00:00,103.62890625,103.62890625,103.62109375,103.625,1604.0
2025-06-20 12:59:00+00:00,103.62890625,103.62890625,103.62890625,103.62890625,817.0
2025-06-20 13:00:00+00:00,103.63671875,103.63671875,103.62890625,103.62890625,1062.0
2025-06-20 13:01:00+00:00,103.640625,103.640625,103.6328125,103.63671875,532.0
2025-06-20 13:02:00+00:00,103.640625,103.64453125,103.640625,103.640625,1629.0
2025-06-20 13:03:00+00:00,103.63671875,103.640625,103.63671875,103.640625,291.0
2025-06-20 13:04:00+00:00,103.640625,103.640625,103.63671875,103.640625,74.0
2025-06-20 13:05:00+00:00,103.64453125,103.64453125,103.640625,103.640625,1072.0
2025-06-20 13:06:00+00:00,103.640625,103.64453125,103.63671875,103.64453125,982.0
2025-06-20 13:07:00+00:00,103.64453125,103.64453125,103.640625,103.640625,310.0
2025-06-20 13:08:00+00:00,103.64453125,103.64453125,103.640625,103.640625,308.0
2025-06-20 13:09:00+00:00,103.640625,103.64453125,103.640625,103.64453125,192.0
2025-06-20 13:10:00+00:00,103.640625,103.640625,103.63671875,103.63671875,762.0
2025-06-20 13:11:00+00:00,103.63671875,103.640625,103.63671875,103.640625,865.0
2025-06-20 13:12:00+00:00,103.63671875,103.63671875,103.6328125,103.63671875,361.0
2025-06-20 13:13:00+00:00,103.63671875,103.640625,103.63671875,103.640625,551.0
2025-06-20 13:15:00+00:00,103.63671875,103.63671875,103.63671875,103.63671875,500.0
2025-06-20 13:16:00+00:00,103.63671875,103.640625,103.63671875,103.63671875,441.0
2025-06-20 13:17:00+00:00,103.63671875,103.63671875,103.63671875,103.63671875,630.0
2025-06-20 13:18:00+00:00,103.63671875,103.63671875,103.63671875,103.63671875,1859.0
2025-06-20 13:19:00+00:00,103.6328125,103.63671875,103.6328125,103.63671875,1274.0
2025-06-20 13:20:00+00:00,103.62890625,103.6328125,103.62890625,103.6328125,2483.0
2025-06-20 13:21:00+00:00,103.62890625,103.62890625,103.62890625,103.62890625,232.0
2025-06-20 13:23:00+00:00,103.6328125,103.6328125,103.62890625,103.62890625,572.0
2025-06-20 13:24:00+00:00,103.6328125,103.63671875,103.6328125,103.63671875,11.0
2025-06-20 13:25:00+00:00,103.63671875,103.63671875,103.6328125,103.63671875,408.0
2025-06-20 13:26:00+00:00,103.63671875,103.63671875,103.63671875,103.63671875,177.0
2025-06-20 13:27:00+00:00,103.6328125,103.63671875,103.6328125,103.63671875,90.0
2025-06-20 13:28:00+00:00,103.6328125,103.6328125,103.6328125,103.6328125,1180.0
2025-06-20 13:29:00+00:00,103.63671875,103.63671875,103.6328125,103.6328125,615.0
2025-06-20 13:30:00+00:00,103.640625,103.640625,103.63671875,103.63671875,756.0
2025-06-20 13:31:00+00:00,103.64453125,103.64453125,103.640625,103.640625,247.0
2025-06-20 13:32:00+00:00,103.6484375,103.6484375,103.64453125,103.64453125,282.0
2025-06-20 13:33:00+00:00,103.64453125,103.64453125,103.640625,103.64453125,1123.0
2025-06-20 13:34:00+00:00,103.640625,103.64453125,103.640625,103.64453125,1662.0
2025-06-20 13:35:00+00:00,103.640625,103.640625,103.640625,103.640625,1855.0
2025-06-20 13:36:00+00:00,103.64453125,103.64453125,103.640625,103.640625,214.0
2025-06-20 13:37:00+00:00,103.640625,103.64453125,103.640625,103.64453125,1300.0
2025-06-20 13:39:00+00:00,103.640625,103.640625,103.63671875,103.640625,24.0
2025-06-20 13:40:00+00:00,103.640625,103.640625,103.63671875,103.640625,325.0
2025-06-20 13:41:00+00:00,103.640625,103.640625,103.640625,103.640625,886.0
2025-06-20 13:42:00+00:00,103.640625,103.64453125,103.640625,103.640625,359.0
2025-06-20 13:43:00+00:00,103.63671875,103.640625,103.63671875,103.640625,149.0
2025-06-20 13:45:00+00:00,103.63671875,103.63671875,103.6328125,103.63671875,1149.0
2025-06-20 13:46:00+00:00,103.640625,103.640625,103.640625,103.640625,259.0
2025-06-20 13:47:00+00:00,103.640625,103.640625,103.640625,103.640625,92.0
2025-06-20 13:48:00+00:00,103.640625,103.64453125,103.63671875,103.63671875,1406.0
2025-06-20 13:49:00+00:00,103.640625,103.64453125,103.640625,103.640625,263.0
2025-06-20 13:50:00+00:00,103.640625,103.640625,103.640625,103.640625,544.0
2025-06-20 13:51:00+00:00,103.640625,103.640625,103.640625,103.640625,710.0
2025-06-20 13:52:00+00:00,103.640625,103.640625,103.640625,103.640625,101.0
2025-06-20 13:53:00+00:00,103.6484375,103.6484375,103.64453125,103.64453125,665.0
2025-06-20 13:54:00+00:00,103.64453125,103.6484375,103.64453125,103.6484375,1211.0
2025-06-20 13:55:00+00:00,103.64453125,103.64453125,103.64453125,103.64453125,418.0
2025-06-20 13:56:00+00:00,103.64453125,103.6484375,103.64453125,103.64453125,264.0
2025-06-20 13:57:00+00:00,103.64453125,103.6484375,103.640625,103.64453125,876.0
2025-06-20 13:58:00+00:00,103.64453125,103.64453125,103.64453125,103.64453125,341.0
2025-06-20 13:59:00+00:00,103.640625,103.64453125,103.640625,103.64453125,684.0
2025-06-20 14:00:00+00:00,103.640625,103.64453125,103.640625,103.640625,20.0
2025-06-20 14:01:00+00:00,103.64453125,103.64453125,103.64453125,103.64453125,9.0
2025-06-20 14:02:00+00:00,103.640625,103.640625,103.640625,103.640625,289.0
2025-06-20 14:03:00+00:00,103.64453125,103.64453125,103.63671875,103.640625,407.0
2025-06-20 14:05:00+00:00,103.640625,103.64453125,103.640625,103.64453125,939.0
2025-06-20 14:06:00+00:00,103.64453125,103.64453125,103.64453125,103.64453125,38.0
2025-06-20 14:07:00+00:00,103.64453125,103.64453125,103.64453125,103.64453125,1272.0
2025-06-20 14:08:00+00:00,103.64453125,103.64453125,103.64453125,103.64453125,257.0
2025-06-20 14:10:00+00:00,103.64453125,103.64453125,103.64453125,103.64453125,88.0
2025-06-20 14:11:00+00:00,103.640625,103.64453125,103.640625,103.64453125,11.0
2025-06-20 14:12:00+00:00,103.63671875,103.640625,103.63671875,103.640625,395.0
2025-06-20 14:13:00+00:00,103.640625,103.640625,103.63671875,103.63671875,460.0
2025-06-20 14:14:00+00:00,103.640625,103.640625,103.6328125,103.640625,2198.0
2025-06-20 14:15:00+00:00,103.63671875,103.640625,103.63671875,103.640625,472.0
2025-06-20 14:16:00+00:00,103.63671875,103.640625,103.63671875,103.640625,1037.0
2025-06-20 14:18:00+00:00,103.63671875,103.640625,103.63671875,103.63671875,2112.0
2025-06-20 14:19:00+00:00,103.63671875,103.63671875,103.63671875,103.63671875,143.0
2025-06-20 14:20:00+00:00,103.63671875,103.640625,103.63671875,103.640625,410.0
2025-06-20 14:21:00+00:00,103.63671875,103.63671875,103.63671875,103.63671875,30.0
2025-06-20 14:22:00+00:00,103.63671875,103.63671875,103.6328125,103.63671875,1616.0
2025-06-20 14:23:00+00:00,103.63671875,103.63671875,103.63671875,103.63671875,34.0
2025-06-20 14:24:00+00:00,103.63671875,103.640625,103.63671875,103.63671875,524.0
2025-06-20 14:25:00+00:00,103.64453125,103.64453125,103.63671875,103.63671875,1288.0
2025-06-20 14:26:00+00:00,103.64453125,103.64453125,103.64453125,103.64453125,815.0
2025-06-20 14:27:00+00:00,103.64453125,103.6484375,103.64453125,103.64453125,1174.0
2025-06-20 14:28:00+00:00,103.64453125,103.64453125,103.64453125,103.64453125,985.0
2025-06-20 14:29:00+00:00,103.6484375,103.6484375,103.64453125,103.64453125,389.0
2025-06-20 14:31:00+00:00,103.64453125,103.6484375,103.64453125,103.6484375,2.0
2025-06-20 14:32:00+00:00,103.64453125,103.64453125,103.64453125,103.64453125,1041.0
2025-06-20 14:33:00+00:00,103.640625,103.640625,103.640625,103.640625,4.0
2025-06-20 14:34:00+00:00,103.63671875,103.640625,103.63671875,103.640625,353.0
2025-06-20 14:35:00+00:00,103.63671875,103.640625,103.63671875,103.63671875,9.0
2025-06-20 14:37:00+00:00,103.63671875,103.640625,103.63671875,103.63671875,41.0
2025-06-20 14:39:00+00:00,103.63671875,103.640625,103.63671875,103.640625,9.0
2025-06-20 14:40:00+00:00,103.64453125,103.64453125,103.63671875,103.63671875,1640.0
2025-06-20 14:41:00+00:00,103.64453125,103.64453125,103.64453125,103.64453125,1404.0
2025-06-20 14:42:00+00:00,103.64453125,103.6484375,103.640625,103.64453125,1361.0
2025-06-20 14:43:00+00:00,103.640625,103.6484375,103.640625,103.6484375,772.0
2025-06-20 14:44:00+00:00,103.64453125,103.6484375,103.640625,103.640625,559.0
2025-06-20 14:45:00+00:00,103.64453125,103.64453125,103.64453125,103.64453125,404.0
2025-06-20 14:46:00+00:00,103.640625,103.640625,103.63671875,103.640625,1192.0
2025-06-20 14:47:00+00:00,103.640625,103.640625,103.640625,103.640625,283.0
2025-06-20 14:48:00+00:00,103.640625,103.640625,103.640625,103.640625,291.0
2025-06-20 14:49:00+00:00,103.63671875,103.63671875,103.63671875,103.63671875,503.0
2025-06-20 14:50:00+00:00,103.640625,103.640625,103.63671875,103.63671875,285.0
2025-06-20 14:51:00+00:00,103.6484375,103.6484375,103.640625,103.640625,1346.0
2025-06-20 14:52:00+00:00,103.6484375,103.6484375,103.6484375,103.6484375,1965.0
2025-06-20 14:53:00+00:00,103.65234375,103.65234375,103.65234375,103.65234375,1550.0
2025-06-20 14:54:00+00:00,103.65625,103.65625,103.65234375,103.65234375,824.0
2025-06-20 14:55:00+00:00,103.65234375,103.65625,103.65234375,103.65625,32.0
2025-06-20 14:56:00+00:00,103.65234375,103.65625,103.65234375,103.65625,500.0
2025-06-20 14:57:00+00:00,103.65625,103.65625,103.65234375,103.65234375,517.0
2025-06-20 14:58:00+00:00,103.65234375,103.65234375,103.65234375,103.65234375,568.0
2025-06-20 14:59:00+00:00,103.65625,103.65625,103.65234375,103.65625,436.0
2025-06-20 15:00:00+00:00,103.66015625,103.66015625,103.65625,103.65625,1626.0
2025-06-20 15:01:00+00:00,103.671875,103.671875,103.6640625,103.6640625,1770.0
2025-06-20 15:02:00+00:00,103.671875,103.671875,103.671875,103.671875,2428.0
2025-06-20 15:03:00+00:00,103.67578125,103.67578125,103.671875,103.671875,4183.0
2025-06-20 15:04:00+00:00,103.6796875,103.6796875,103.671875,103.671875,1485.0
2025-06-20 15:05:00+00:00,103.67578125,103.6796875,103.671875,103.6796875,1131.0
2025-06-20 15:06:00+00:00,103.671875,103.67578125,103.671875,103.67578125,271.0
2025-06-20 15:07:00+00:00,103.671875,103.6796875,103.671875,103.67578125,2853.0
2025-06-20 15:08:00+00:00,103.671875,103.67578125,103.671875,103.67578125,617.0
2025-06-20 15:10:00+00:00,103.68359375,103.68359375,103.6796875,103.68359375,1862.0
2025-06-20 15:11:00+00:00,103.68359375,103.68359375,103.68359375,103.68359375,25.0
2025-06-20 15:12:00+00:00,103.68359375,103.68359375,103.6796875,103.68359375,326.0
2025-06-20 15:14:00+00:00,103.6796875,103.6796875,103.6796875,103.6796875,0.0
2025-06-20 15:15:00+00:00,103.6796875,103.6796875,103.6796875,103.6796875,391780.0
2025-06-20 15:17:00+00:00,103.6875,103.6875,103.68359375,103.68359375,1219.0
2025-06-20 15:18:00+00:00,103.6875,103.6875,103.6875,103.6875,2.0
2025-06-20 15:19:00+00:00,103.68359375,103.68359375,103.68359375,103.68359375,734.0
2025-06-20 15:20:00+00:00,103.68359375,103.6875,103.68359375,103.68359375,1295.0
2025-06-20 15:21:00+00:00,103.68359375,103.6875,103.68359375,103.68359375,312.0
2025-06-20 15:23:00+00:00,103.6875,103.6875,103.6875,103.6875,2423.0
2025-06-20 15:24:00+00:00,103.69140625,103.69140625,103.6875,103.6875,2131.0
2025-06-20 15:25:00+00:00,103.6953125,103.6953125,103.6875,103.69140625,732.0
2025-06-20 15:26:00+00:00,103.6953125,103.6953125,103.6953125,103.6953125,728.0
2025-06-20 15:27:00+00:00,103.6953125,103.6953125,103.69140625,103.6953125,936.0
2025-06-20 15:28:00+00:00,103.69921875,103.69921875,103.6953125,103.6953125,2570.0
2025-06-20 15:29:00+00:00,103.69921875,103.69921875,103.6953125,103.69921875,1798.0
2025-06-20 15:30:00+00:00,103.69921875,103.69921875,103.6953125,103.69921875,404.0
2025-06-20 15:31:00+00:00,103.69921875,103.69921875,103.6953125,103.69921875,148.0
2025-06-20 15:32:00+00:00,103.69921875,103.69921875,103.6953125,103.69921875,789.0
2025-06-20 15:33:00+00:00,103.6953125,103.69921875,103.6953125,103.69921875,2147.0
2025-06-20 15:34:00+00:00,103.6953125,103.69921875,103.6953125,103.69921875,51.0
2025-06-20 15:36:00+00:00,103.69921875,103.69921875,103.69921875,103.69921875,1615.0
2025-06-20 15:37:00+00:00,103.69921875,103.69921875,103.6953125,103.6953125,1754.0
2025-06-20 15:38:00+00:00,103.703125,103.703125,103.69921875,103.69921875,1194.0
2025-06-20 15:40:00+00:00,103.703125,103.703125,103.703125,103.703125,1516.0
2025-06-20 15:41:00+00:00,103.703125,103.703125,103.703125,103.703125,1160.0
2025-06-20 15:42:00+00:00,103.703125,103.703125,103.69921875,103.703125,25.0
2025-06-20 15:43:00+00:00,103.703125,103.703125,103.69921875,103.703125,29.0
2025-06-20 15:44:00+00:00,103.703125,103.703125,103.69921875,103.703125,15.0
2025-06-20 15:46:00+00:00,103.69921875,103.69921875,103.6953125,103.69921875,935.0
2025-06-20 15:47:00+00:00,103.69921875,103.69921875,103.69921875,103.69921875,205.0
2025-06-20 15:49:00+00:00,103.6953125,103.6953125,103.6953125,103.6953125,412.0
2025-06-20 15:50:00+00:00,103.69921875,103.69921875,103.6953125,103.6953125,142.0
2025-06-20 15:51:00+00:00,103.6953125,103.69921875,103.6953125,103.6953125,460.0
2025-06-20 15:53:00+00:00,103.69921875,103.69921875,103.6953125,103.6953125,139.0
2025-06-20 15:54:00+00:00,103.6953125,103.69921875,103.6953125,103.69921875,805.0
2025-06-20 15:55:00+00:00,103.69921875,103.69921875,103.69921875,103.69921875,1128.0
2025-06-20 15:56:00+00:00,103.69921875,103.69921875,103.69921875,103.69921875,283.0
2025-06-20 15:57:00+00:00,103.69921875,103.69921875,103.69921875,103.69921875,134.0
2025-06-20 15:58:00+00:00,103.69921875,103.69921875,103.69921875,103.69921875,26.0
2025-06-20 15:59:00+00:00,103.69921875,103.69921875,103.69921875,103.69921875,1462.0
2025-06-20 16:00:00+00:00,103.703125,103.703125,103.69921875,103.69921875,158.0
2025-06-20 16:01:00+00:00,103.70703125,103.70703125,103.69921875,103.703125,1119.0
2025-06-20 16:02:00+00:00,103.69921875,103.70703125,103.69921875,103.70703125,957.0
2025-06-20 16:03:00+00:00,103.703125,103.70703125,103.69921875,103.69921875,768.0
2025-06-20 16:04:00+00:00,103.70703125,103.70703125,103.703125,103.703125,367.0
2025-06-20 16:05:00+00:00,103.70703125,103.7109375,103.70703125,103.70703125,83.0
2025-06-20 16:07:00+00:00,103.7109375,103.7109375,103.70703125,103.70703125,802.0
2025-06-20 16:08:00+00:00,103.70703125,103.7109375,103.70703125,103.70703125,756.0
2025-06-20 16:09:00+00:00,103.70703125,103.70703125,103.70703125,103.70703125,1.0
2025-06-20 16:11:00+00:00,103.7109375,103.7109375,103.70703125,103.70703125,158.0
2025-06-20 16:12:00+00:00,103.7109375,103.7109375,103.70703125,103.7109375,31.0
2025-06-20 16:13:00+00:00,103.71484375,103.71484375,103.70703125,103.7109375,1251.0
2025-06-20 16:14:00+00:00,103.71484375,103.71484375,103.71484375,103.71484375,279.0
2025-06-20 16:15:00+00:00,103.71484375,103.71875,103.71484375,103.71484375,733.0
2025-06-20 16:16:00+00:00,103.71484375,103.71875,103.71484375,103.71875,30.0
2025-06-20 16:17:00+00:00,103.71875,103.71875,103.71484375,103.71875,5.0
2025-06-20 16:18:00+00:00,103.71875,103.71875,103.71484375,103.71875,24.0
2025-06-20 16:19:00+00:00,103.72265625,103.72265625,103.71875,103.71875,1057.0
2025-06-20 16:20:00+00:00,103.72265625,103.72265625,103.72265625,103.72265625,13.0
2025-06-20 16:21:00+00:00,103.72265625,103.7265625,103.72265625,103.72265625,1607.0
2025-06-20 16:22:00+00:00,103.72265625,103.7265625,103.71484375,103.7265625,3020.0
2025-06-20 16:23:00+00:00,103.73046875,103.73046875,103.72265625,103.72265625,1257.0
2025-06-20 16:24:00+00:00,103.7265625,103.73046875,103.7265625,103.7265625,2397.0
2025-06-20 16:25:00+00:00,103.734375,103.734375,103.7265625,103.7265625,1001.0
2025-06-20 16:26:00+00:00,103.7265625,103.73046875,103.72265625,103.73046875,897.0
2025-06-20 16:27:00+00:00,103.73046875,103.73046875,103.7265625,103.7265625,315.0
2025-06-20 16:28:00+00:00,103.73046875,103.73046875,103.73046875,103.73046875,564.0
2025-06-20 16:29:00+00:00,103.7265625,103.73046875,103.7265625,103.73046875,404.0
2025-06-20 16:30:00+00:00,103.7265625,103.7265625,103.7265625,103.7265625,1.0
2025-06-20 16:32:00+00:00,103.7265625,103.7265625,103.7265625,103.7265625,12.0
2025-06-20 16:33:00+00:00,103.7265625,103.73046875,103.7265625,103.7265625,1329.0
2025-06-20 16:34:00+00:00,103.73046875,103.73046875,103.7265625,103.7265625,506.0
2025-06-20 16:35:00+00:00,103.7265625,103.73046875,103.7265625,103.73046875,185.0
2025-06-20 16:36:00+00:00,103.73046875,103.73046875,103.73046875,103.73046875,88.0
2025-06-20 16:37:00+00:00,103.7265625,103.73046875,103.7265625,103.7265625,316.0
2025-06-20 16:38:00+00:00,103.73046875,103.73046875,103.7265625,103.7265625,141.0
2025-06-20 16:39:00+00:00,103.72265625,103.7265625,103.72265625,103.7265625,356.0
2025-06-20 16:40:00+00:00,103.7265625,103.7265625,103.7265625,103.7265625,509.0
2025-06-20 16:41:00+00:00,103.7265625,103.7265625,103.7265625,103.7265625,293.0
2025-06-20 16:42:00+00:00,103.7265625,103.7265625,103.7265625,103.7265625,131.0
2025-06-20 16:43:00+00:00,103.7265625,103.7265625,103.7265625,103.7265625,247.0
2025-06-20 16:44:00+00:00,103.7265625,103.7265625,103.7265625,103.7265625,314.0
2025-06-20 16:45:00+00:00,103.7265625,103.7265625,103.7265625,103.7265625,147.0
2025-06-20 16:46:00+00:00,103.72265625,103.7265625,103.72265625,103.7265625,32.0
2025-06-20 16:47:00+00:00,103.7265625,103.7265625,103.7265625,103.7265625,811.0
2025-06-20 16:48:00+00:00,103.73046875,103.73046875,103.7265625,103.7265625,6.0
2025-06-20 16:49:00+00:00,103.73046875,103.73046875,103.73046875,103.73046875,9.0
2025-06-20 16:50:00+00:00,103.73046875,103.73046875,103.73046875,103.73046875,8.0
2025-06-20 16:51:00+00:00,103.73046875,103.73046875,103.73046875,103.73046875,24.0
2025-06-20 16:52:00+00:00,103.7265625,103.73046875,103.7265625,103.73046875,71.0
2025-06-20 16:53:00+00:00,103.73046875,103.73046875,103.7265625,103.73046875,75.0
2025-06-20 16:54:00+00:00,103.7265625,103.73046875,103.7265625,103.73046875,146.0
2025-06-20 16:55:00+00:00,103.73046875,103.73046875,103.7265625,103.73046875,308.0
2025-06-20 16:56:00+00:00,103.734375,103.734375,103.73046875,103.73046875,851.0
2025-06-20 16:57:00+00:00,103.73046875,103.73046875,103.73046875,103.73046875,501.0
2025-06-20 16:58:00+00:00,103.73046875,103.73046875,103.7265625,103.73046875,171.0
2025-06-20 16:59:00+00:00,103.7265625,103.73046875,103.7265625,103.73046875,56.0
2025-06-20 17:00:00+00:00,103.71875,103.7265625,103.71875,103.7265625,809.0
2025-06-20 17:01:00+00:00,103.7265625,103.7265625,103.72265625,103.72265625,440.0
2025-06-20 17:02:00+00:00,103.72265625,103.7265625,103.72265625,103.72265625,60.0
2025-06-20 17:03:00+00:00,103.72265625,103.7265625,103.72265625,103.7265625,1142.0
2025-06-20 17:04:00+00:00,103.7265625,103.7265625,103.72265625,103.72265625,62.0
2025-06-20 17:05:00+00:00,103.72265625,103.7265625,103.72265625,103.72265625,757.0
2025-06-20 17:06:00+00:00,103.72265625,103.72265625,103.72265625,103.72265625,345.0
2025-06-20 17:07:00+00:00,103.72265625,103.72265625,103.71875,103.72265625,508.0
2025-06-20 17:08:00+00:00,103.7265625,103.7265625,103.72265625,103.72265625,20.0
2025-06-20 17:09:00+00:00,103.72265625,103.7265625,103.72265625,103.7265625,80.0
2025-06-20 17:10:00+00:00,103.7265625,103.73046875,103.7265625,103.7265625,893.0
2025-06-20 17:11:00+00:00,103.7265625,103.7265625,103.7265625,103.7265625,1522.0
2025-06-20 17:12:00+00:00,103.7265625,103.7265625,103.7265625,103.7265625,768.0
2025-06-20 17:13:00+00:00,103.7265625,103.7265625,103.7265625,103.7265625,557.0
2025-06-20 17:14:00+00:00,103.7265625,103.7265625,103.7265625,103.7265625,20.0
2025-06-20 17:15:00+00:00,103.72265625,103.7265625,103.72265625,103.7265625,1490.0
2025-06-20 17:16:00+00:00,103.7265625,103.7265625,103.7265625,103.7265625,7.0
2025-06-20 17:17:00+00:00,103.7265625,103.7265625,103.72265625,103.7265625,575.0
2025-06-20 17:18:00+00:00,103.73046875,103.73046875,103.73046875,103.73046875,70.0
2025-06-20 17:19:00+00:00,103.7265625,103.7265625,103.7265625,103.7265625,606.0
2025-06-20 17:20:00+00:00,103.7265625,103.7265625,103.7265625,103.7265625,43.0
2025-06-20 17:21:00+00:00,103.73046875,103.73046875,103.73046875,103.73046875,675.0
2025-06-20 17:22:00+00:00,103.73046875,103.734375,103.73046875,103.734375,1299.0
2025-06-20 17:23:00+00:00,103.73046875,103.73046875,103.73046875,103.73046875,165.0
2025-06-20 17:24:00+00:00,103.73046875,103.73046875,103.73046875,103.73046875,2.0
2025-06-20 17:25:00+00:00,103.73046875,103.73046875,103.73046875,103.73046875,4.0
2025-06-20 17:26:00+00:00,103.73046875,103.73046875,103.7265625,103.7265625,11.0
2025-06-20 17:27:00+00:00,103.73046875,103.73046875,103.73046875,103.73046875,6.0
2025-06-20 17:28:00+00:00,103.73046875,103.734375,103.73046875,103.73046875,1993.0
2025-06-20 17:29:00+00:00,103.734375,103.734375,103.734375,103.734375,43.0
2025-06-20 17:30:00+00:00,103.73828125,103.73828125,103.734375,103.734375,1061.0
2025-06-20 17:31:00+00:00,103.73828125,103.73828125,103.734375,103.73828125,302.0
2025-06-20 17:32:00+00:00,103.73828125,103.73828125,103.734375,103.734375,163.0
2025-06-20 17:33:00+00:00,103.73828125,103.73828125,103.734375,103.734375,402.0
2025-06-20 17:34:00+00:00,103.73828125,103.73828125,103.73828125,103.73828125,396.0
2025-06-20 17:35:00+00:00,103.73828125,103.73828125,103.734375,103.73828125,332.0
2025-06-20 17:36:00+00:00,103.73046875,103.734375,103.7265625,103.734375,591.0
2025-06-20 17:37:00+00:00,103.73046875,103.73046875,103.73046875,103.73046875,151.0
2025-06-20 17:39:00+00:00,103.7265625,103.73046875,103.7265625,103.73046875,264.0
2025-06-20 17:40:00+00:00,103.73046875,103.73046875,103.73046875,103.73046875,391.0
2025-06-20 17:41:00+00:00,103.7265625,103.7265625,103.7265625,103.7265625,200.0
2025-06-20 17:42:00+00:00,103.72265625,103.7265625,103.72265625,103.7265625,668.0
2025-06-20 17:43:00+00:00,103.7265625,103.7265625,103.7265625,103.7265625,144.0
2025-06-20 17:44:00+00:00,103.7265625,103.7265625,103.7265625,103.7265625,54.0
2025-06-20 17:45:00+00:00,103.72265625,103.72265625,103.72265625,103.72265625,2443.0
2025-06-20 17:46:00+00:00,103.71875,103.71875,103.71875,103.71875,349.0
2025-06-20 17:47:00+00:00,103.71875,103.71875,103.71875,103.71875,876.0
2025-06-20 17:48:00+00:00,103.71875,103.71875,103.71875,103.71875,50.0
2025-06-20 17:50:00+00:00,103.71484375,103.71875,103.71484375,103.71875,6856.0
2025-06-20 17:51:00+00:00,103.71484375,103.71484375,103.71484375,103.71484375,254.0
2025-06-20 17:52:00+00:00,103.71484375,103.71875,103.71484375,103.71484375,53.0
2025-06-20 17:53:00+00:00,103.71484375,103.71875,103.71484375,103.71875,2691.0
2025-06-20 17:54:00+00:00,103.71484375,103.71484375,103.71484375,103.71484375,112.0
2025-06-20 17:55:00+00:00,103.70703125,103.71484375,103.70703125,103.7109375,408.0
2025-06-20 17:56:00+00:00,103.70703125,103.7109375,103.70703125,103.7109375,2892.0
2025-06-20 17:57:00+00:00,103.703125,103.70703125,103.703125,103.70703125,85.0
2025-06-20 17:58:00+00:00,103.70703125,103.70703125,103.70703125,103.70703125,1822.0
2025-06-20 17:59:00+00:00,103.70703125,103.70703125,103.70703125,103.70703125,196.0
2025-06-20 18:00:00+00:00,103.7109375,103.7109375,103.70703125,103.70703125,810.0
2025-06-20 18:01:00+00:00,103.7109375,103.7109375,103.7109375,103.7109375,11.0
2025-06-20 18:03:00+00:00,103.71484375,103.71484375,103.7109375,103.7109375,362.0
2025-06-20 18:04:00+00:00,103.71484375,103.71484375,103.71484375,103.71484375,12.0
2025-06-20 18:05:00+00:00,103.71484375,103.71484375,103.71484375,103.71484375,49.0
2025-06-20 18:06:00+00:00,103.71484375,103.71484375,103.71484375,103.71484375,14.0
2025-06-20 18:07:00+00:00,103.71484375,103.71484375,103.71484375,103.71484375,10.0
2025-06-20 18:08:00+00:00,103.71484375,103.71484375,103.7109375,103.71484375,67.0
2025-06-20 18:09:00+00:00,103.71484375,103.71484375,103.7109375,103.71484375,170.0
2025-06-20 18:10:00+00:00,103.71484375,103.71484375,103.71484375,103.71484375,143.0
2025-06-20 18:12:00+00:00,103.7109375,103.71484375,103.7109375,103.7109375,156.0
2025-06-20 18:13:00+00:00,103.71484375,103.71484375,103.71484375,103.71484375,99.0
2025-06-20 18:14:00+00:00,103.71484375,103.71484375,103.7109375,103.7109375,611.0
2025-06-20 18:15:00+00:00,103.71875,103.71875,103.71875,103.71875,14.0
2025-06-20 18:16:00+00:00,103.71875,103.71875,103.71875,103.71875,1994.0
2025-06-20 18:17:00+00:00,103.71484375,103.71484375,103.71484375,103.71484375,212.0
2025-06-20 18:18:00+00:00,103.71484375,103.71484375,103.71484375,103.71484375,433.0
2025-06-20 18:19:00+00:00,103.71875,103.71875,103.71484375,103.71484375,83.0
2025-06-20 18:20:00+00:00,103.71484375,103.71875,103.71484375,103.71484375,197.0
2025-06-20 18:21:00+00:00,103.71875,103.71875,103.71875,103.71875,10.0
2025-06-20 18:22:00+00:00,103.71875,103.71875,103.71875,103.71875,15.0
2025-06-20 18:23:00+00:00,103.72265625,103.72265625,103.71875,103.71875,485.0
2025-06-20 18:24:00+00:00,103.71875,103.71875,103.71875,103.71875,714.0
2025-06-20 18:26:00+00:00,103.71875,103.71875,103.71875,103.71875,5.0
2025-06-20 18:27:00+00:00,103.71875,103.71875,103.71875,103.71875,16.0
2025-06-20 18:28:00+00:00,103.71875,103.71875,103.71875,103.71875,11.0
2025-06-20 18:29:00+00:00,103.71875,103.71875,103.71875,103.71875,6.0
2025-06-20 18:30:00+00:00,103.71484375,103.71875,103.71484375,103.71875,287.0
2025-06-20 18:31:00+00:00,103.71484375,103.71484375,103.71484375,103.71484375,32.0
2025-06-20 18:32:00+00:00,103.71484375,103.71484375,103.71484375,103.71484375,19.0
2025-06-20 18:33:00+00:00,103.71484375,103.71484375,103.71484375,103.71484375,886.0
2025-06-20 18:34:00+00:00,103.71484375,103.71875,103.71484375,103.71484375,490.0
2025-06-20 18:35:00+00:00,103.71484375,103.71875,103.71484375,103.71875,1136.0
2025-06-20 18:36:00+00:00,103.71484375,103.71484375,103.71484375,103.71484375,114.0
2025-06-20 18:37:00+00:00,103.71484375,103.71484375,103.71484375,103.71484375,21.0
2025-06-20 18:38:00+00:00,103.7109375,103.71484375,103.7109375,103.71484375,697.0
2025-06-20 18:39:00+00:00,103.71484375,103.71484375,103.7109375,103.7109375,240.0
2025-06-20 18:40:00+00:00,103.71484375,103.71484375,103.7109375,103.71484375,23.0
2025-06-20 18:41:00+00:00,103.7109375,103.71484375,103.7109375,103.71484375,115.0
2025-06-20 18:42:00+00:00,103.7109375,103.71484375,103.70703125,103.71484375,296.0
2025-06-20 18:43:00+00:00,103.7109375,103.7109375,103.70703125,103.7109375,77.0
2025-06-20 18:44:00+00:00,103.70703125,103.7109375,103.70703125,103.7109375,663.0
2025-06-20 18:45:00+00:00,103.70703125,103.7109375,103.703125,103.7109375,355.0
2025-06-20 18:46:00+00:00,103.70703125,103.70703125,103.703125,103.70703125,30.0
2025-06-20 18:47:00+00:00,103.70703125,103.70703125,103.703125,103.703125,13.0
2025-06-20 18:48:00+00:00,103.703125,103.70703125,103.703125,103.70703125,991.0
2025-06-20 18:49:00+00:00,103.703125,103.70703125,103.703125,103.70703125,13.0
2025-06-20 18:50:00+00:00,103.70703125,103.7109375,103.70703125,103.70703125,617.0
2025-06-20 18:51:00+00:00,103.7109375,103.7109375,103.70703125,103.70703125,260.0
2025-06-20 18:52:00+00:00,103.7109375,103.7109375,103.70703125,103.70703125,23.0
2025-06-20 18:53:00+00:00,103.70703125,103.7109375,103.70703125,103.7109375,17.0
2025-06-20 18:54:00+00:00,103.7109375,103.7109375,103.70703125,103.7109375,56.0
2025-06-20 18:55:00+00:00,103.7109375,103.7109375,103.70703125,103.70703125,113.0
2025-06-20 18:56:00+00:00,103.7109375,103.7109375,103.70703125,103.70703125,1693.0
2025-06-20 18:57:00+00:00,103.70703125,103.7109375,103.70703125,103.7109375,380.0
2025-06-20 18:58:00+00:00,103.70703125,103.7109375,103.70703125,103.7109375,1051.0
2025-06-20 18:59:00+00:00,103.70703125,103.7109375,103.70703125,103.7109375,2061.0
2025-06-20 19:00:00+00:00,103.70703125,103.7109375,103.703125,103.7109375,2915.0
2025-06-20 19:01:00+00:00,103.70703125,103.70703125,103.703125,103.70703125,16.0
2025-06-20 19:02:00+00:00,103.70703125,103.70703125,103.70703125,103.70703125,1511.0
2025-06-20 19:03:00+00:00,103.70703125,103.7109375,103.70703125,103.70703125,677.0
2025-06-20 19:04:00+00:00,103.70703125,103.7109375,103.70703125,103.7109375,13.0
2025-06-20 19:05:00+00:00,103.7109375,103.7109375,103.70703125,103.7109375,29.0
2025-06-20 19:06:00+00:00,103.70703125,103.70703125,103.703125,103.70703125,197.0
2025-06-20 19:07:00+00:00,103.70703125,103.70703125,103.703125,103.70703125,19.0
2025-06-20 19:08:00+00:00,103.703125,103.70703125,103.703125,103.703125,41.0
2025-06-20 19:09:00+00:00,103.703125,103.70703125,103.703125,103.70703125,18.0
2025-06-20 19:10:00+00:00,103.70703125,103.70703125,103.70703125,103.70703125,13.0
2025-06-20 19:11:00+00:00,103.70703125,103.70703125,103.70703125,103.70703125,15.0
2025-06-20 19:12:00+00:00,103.70703125,103.7109375,103.70703125,103.70703125,1202.0
2025-06-20 19:13:00+00:00,103.7109375,103.7109375,103.7109375,103.7109375,10.0
2025-06-20 19:14:00+00:00,103.7109375,103.7109375,103.7109375,103.7109375,425.0
2025-06-20 19:15:00+00:00,103.7109375,103.7109375,103.7109375,103.7109375,84.0
2025-06-20 19:16:00+00:00,103.70703125,103.7109375,103.70703125,103.70703125,374.0
2025-06-20 19:17:00+00:00,103.70703125,103.7109375,103.70703125,103.70703125,775.0
2025-06-20 19:18:00+00:00,103.7109375,103.7109375,103.70703125,103.7109375,21.0
2025-06-20 19:19:00+00:00,103.7109375,103.7109375,103.70703125,103.7109375,601.0
2025-06-20 19:20:00+00:00,103.7109375,103.7109375,103.70703125,103.7109375,575.0
2025-06-20 19:21:00+00:00,103.7109375,103.7109375,103.7109375,103.7109375,649.0
2025-06-20 19:22:00+00:00,103.7109375,103.7109375,103.70703125,103.7109375,30.0
2025-06-20 19:23:00+00:00,103.7109375,103.7109375,103.70703125,103.7109375,16.0
2025-06-20 19:25:00+00:00,103.7109375,103.7109375,103.7109375,103.7109375,276.0
2025-06-20 19:26:00+00:00,103.7109375,103.71484375,103.7109375,103.7109375,81.0
2025-06-20 19:27:00+00:00,103.71484375,103.71484375,103.71484375,103.71484375,695.0
2025-06-20 19:28:00+00:00,103.71484375,103.71484375,103.7109375,103.71484375,77.0
2025-06-20 19:29:00+00:00,103.71484375,103.71484375,103.7109375,103.71484375,43.0
2025-06-20 19:30:00+00:00,103.7109375,103.71484375,103.7109375,103.71484375,726.0
2025-06-20 19:31:00+00:00,103.71484375,103.71484375,103.7109375,103.71484375,310.0
2025-06-20 19:32:00+00:00,103.7109375,103.71484375,103.7109375,103.7109375,341.0
2025-06-20 19:33:00+00:00,103.71484375,103.71484375,103.7109375,103.7109375,64.0
2025-06-20 19:34:00+00:00,103.71484375,103.71484375,103.7109375,103.7109375,225.0
2025-06-20 19:35:00+00:00,103.7109375,103.71484375,103.7109375,103.71484375,517.0
2025-06-20 19:36:00+00:00,103.7109375,103.71484375,103.7109375,103.71484375,12.0
2025-06-20 19:37:00+00:00,103.7109375,103.71484375,103.7109375,103.71484375,44.0
2025-06-20 19:38:00+00:00,103.70703125,103.7109375,103.70703125,103.7109375,699.0
2025-06-20 19:39:00+00:00,103.7109375,103.7109375,103.7109375,103.7109375,14.0
2025-06-20 19:40:00+00:00,103.70703125,103.7109375,103.70703125,103.7109375,11.0
2025-06-20 19:41:00+00:00,103.70703125,103.7109375,103.70703125,103.70703125,24.0
2025-06-20 19:43:00+00:00,103.7109375,103.7109375,103.70703125,103.7109375,22.0
2025-06-20 19:45:00+00:00,103.70703125,103.7109375,103.70703125,103.7109375,793.0
2025-06-20 19:46:00+00:00,103.70703125,103.70703125,103.70703125,103.70703125,138.0
2025-06-20 19:47:00+00:00,103.70703125,103.70703125,103.70703125,103.70703125,771.0
2025-06-20 19:48:00+00:00,103.70703125,103.70703125,103.70703125,103.70703125,483.0
2025-06-20 19:49:00+00:00,103.70703125,103.70703125,103.70703125,103.70703125,220.0
2025-06-20 19:50:00+00:00,103.70703125,103.70703125,103.70703125,103.70703125,378.0
2025-06-20 19:51:00+00:00,103.70703125,103.70703125,103.70703125,103.70703125,331.0
2025-06-20 19:52:00+00:00,103.69921875,103.703125,103.69921875,103.703125,231.0
2025-06-20 19:53:00+00:00,103.69921875,103.703125,103.69921875,103.69921875,272.0
2025-06-20 19:54:00+00:00,103.69921875,103.69921875,103.69921875,103.69921875,473.0
2025-06-20 19:55:00+00:00,103.69921875,103.69921875,103.69921875,103.69921875,113.0
2025-06-20 19:56:00+00:00,103.6953125,103.69921875,103.6953125,103.69921875,249.0
2025-06-20 19:57:00+00:00,103.69921875,103.69921875,103.6953125,103.6953125,667.0
2025-06-20 19:58:00+00:00,103.69921875,103.703125,103.6953125,103.69921875,282.0
2025-06-20 19:59:00+00:00,103.7109375,103.7109375,103.69921875,103.69921875,1827.0
2025-06-20 20:00:00+00:00,103.7109375,103.71484375,103.703125,103.70703125,3108.0
2025-06-20 20:01:00+00:00,103.7109375,103.7109375,103.70703125,103.70703125,445.0
2025-06-20 20:02:00+00:00,103.70703125,103.70703125,103.70703125,103.70703125,2.0
2025-06-20 20:03:00+00:00,103.70703125,103.70703125,103.70703125,103.70703125,11.0
2025-06-20 20:05:00+00:00,103.7109375,103.7109375,103.7109375,103.7109375,2.0
2025-06-20 20:06:00+00:00,103.70703125,103.70703125,103.70703125,103.70703125,1262.0
2025-06-20 20:07:00+00:00,103.7109375,103.7109375,103.70703125,103.70703125,461.0
2025-06-20 20:08:00+00:00,103.7109375,103.7109375,103.70703125,103.70703125,59.0
2025-06-20 20:10:00+00:00,103.70703125,103.70703125,103.70703125,103.70703125,86.0
2025-06-20 20:14:00+00:00,103.7109375,103.7109375,103.7109375,103.7109375,316.0
2025-06-20 20:15:00+00:00,103.7109375,103.7109375,103.7109375,103.7109375,156.0
2025-06-20 20:16:00+00:00,103.7109375,103.7109375,103.7109375,103.7109375,4.0
2025-06-20 20:18:00+00:00,103.70703125,103.70703125,103.70703125,103.70703125,310.0
2025-06-20 20:19:00+00:00,103.703125,103.70703125,103.703125,103.70703125,577.0
2025-06-20 20:20:00+00:00,103.70703125,103.70703125,103.70703125,103.70703125,4.0
2025-06-20 20:21:00+00:00,103.703125,103.703125,103.703125,103.703125,124.0
2025-06-20 20:23:00+00:00,103.703125,103.703125,103.703125,103.703125,38.0
2025-06-20 20:25:00+00:00,103.70703125,103.70703125,103.70703125,103.70703125,221.0
2025-06-20 20:26:00+00:00,103.70703125,103.70703125,103.70703125,103.70703125,234.0
2025-06-20 20:27:00+00:00,103.70703125,103.70703125,103.70703125,103.70703125,28.0
2025-06-20 20:28:00+00:00,103.70703125,103.70703125,103.70703125,103.70703125,7.0
2025-06-20 20:29:00+00:00,103.70703125,103.70703125,103.70703125,103.70703125,14.0
2025-06-20 20:30:00+00:00,103.70703125,103.70703125,103.703125,103.703125,584.0
2025-06-20 20:31:00+00:00,103.703125,103.703125,103.703125,103.703125,247.0
2025-06-20 20:32:00+00:00,103.703125,103.70703125,103.703125,103.70703125,6.0
2025-06-20 20:33:00+00:00,103.70703125,103.70703125,103.70703125,103.70703125,37.0
2025-06-20 20:35:00+00:00,103.703125,103.703125,103.703125,103.703125,39.0
2025-06-20 20:36:00+00:00,103.70703125,103.70703125,103.70703125,103.70703125,561.0
2025-06-20 20:39:00+00:00,103.70703125,103.70703125,103.70703125,103.70703125,823.0
2025-06-20 20:40:00+00:00,103.70703125,103.7109375,103.70703125,103.70703125,318.0
2025-06-20 20:42:00+00:00,103.7109375,103.7109375,103.70703125,103.70703125,493.0
2025-06-20 20:43:00+00:00,103.70703125,103.70703125,103.70703125,103.70703125,42.0
2025-06-20 20:44:00+00:00,103.7109375,103.7109375,103.70703125,103.7109375,631.0
2025-06-20 20:45:00+00:00,103.7109375,103.7109375,103.7109375,103.7109375,369.0
2025-06-20 20:46:00+00:00,103.7109375,103.71484375,103.7109375,103.7109375,200.0
2025-06-20 20:47:00+00:00,103.7109375,103.7109375,103.7109375,103.7109375,96.0
2025-06-20 20:48:00+00:00,103.70703125,103.70703125,103.70703125,103.70703125,32.0
2025-06-20 20:49:00+00:00,103.7109375,103.7109375,103.70703125,103.70703125,351.0
2025-06-20 20:50:00+00:00,103.7109375,103.71484375,103.7109375,103.7109375,239.0
2025-06-20 20:51:00+00:00,103.7109375,103.7109375,103.7109375,103.7109375,1.0
2025-06-20 20:52:00+00:00,103.7109375,103.7109375,103.7109375,103.7109375,19.0
2025-06-20 20:53:00+00:00,103.7109375,103.71484375,103.7109375,103.71484375,6.0
2025-06-20 20:54:00+00:00,103.71484375,103.71484375,103.7109375,103.71484375,128.0
2025-06-20 20:55:00+00:00,103.7109375,103.71484375,103.7109375,103.7109375,424.0
2025-06-20 20:56:00+00:00,103.7109375,103.71484375,103.7109375,103.71484375,349.0
2025-06-20 20:57:00+00:00,103.7109375,103.71484375,103.70703125,103.71484375,705.0
2025-06-20 20:58:00+00:00,103.7109375,103.7109375,103.70703125,103.7109375,536.0
2025-06-20 20:59:00+00:00,103.70703125,103.7109375,103.703125,103.7109375,1038.0
2025-06-22 22:00:00+00:00,103.6875,103.75,103.6875,103.75,0.0
2025-06-22 22:01:00+00:00,103.6875,103.6953125,103.6796875,103.6875,988.0
2025-06-22 22:02:00+00:00,103.69921875,103.70703125,103.68359375,103.6875,591.0
2025-06-22 22:03:00+00:00,103.6953125,103.69921875,103.69140625,103.69921875,416.0
2025-06-22 22:04:00+00:00,103.69921875,103.703125,103.69140625,103.69140625,465.0
2025-06-22 22:05:00+00:00,103.6953125,103.703125,103.6953125,103.69921875,81.0
2025-06-22 22:06:00+00:00,103.69921875,103.69921875,103.6953125,103.6953125,41.0
2025-06-22 22:07:00+00:00,103.69921875,103.69921875,103.6953125,103.69921875,106.0
2025-06-22 22:08:00+00:00,103.6953125,103.6953125,103.69140625,103.6953125,181.0
2025-06-22 22:09:00+00:00,103.69140625,103.6953125,103.6875,103.6953125,364.0
2025-06-22 22:10:00+00:00,103.69140625,103.6953125,103.69140625,103.6953125,750.0
2025-06-22 22:11:00+00:00,103.69921875,103.69921875,103.69140625,103.6953125,352.0
2025-06-22 22:12:00+00:00,103.703125,103.703125,103.69921875,103.69921875,224.0
2025-06-22 22:13:00+00:00,103.703125,103.70703125,103.703125,103.70703125,176.0
2025-06-22 22:14:00+00:00,103.69921875,103.69921875,103.6953125,103.69921875,302.0
2025-06-22 22:15:00+00:00,103.69921875,103.703125,103.69921875,103.69921875,648.0
2025-06-22 22:16:00+00:00,103.70703125,103.70703125,103.69921875,103.69921875,381.0
2025-06-22 22:17:00+00:00,103.7109375,103.7109375,103.703125,103.7109375,411.0
2025-06-22 22:18:00+00:00,103.7109375,103.7109375,103.70703125,103.70703125,226.0
2025-06-22 22:19:00+00:00,103.7109375,103.71484375,103.7109375,103.7109375,237.0
2025-06-22 22:21:00+00:00,103.71875,103.72265625,103.71484375,103.71484375,912.0
2025-06-22 22:22:00+00:00,103.72265625,103.7265625,103.72265625,103.72265625,1227.0
2025-06-22 22:24:00+00:00,103.71875,103.71875,103.71875,103.71875,176.0
2025-06-22 22:25:00+00:00,103.71484375,103.71875,103.71484375,103.71875,61.0
2025-06-22 22:27:00+00:00,103.71484375,103.71484375,103.71484375,103.71484375,30.0
2025-06-22 22:28:00+00:00,103.71484375,103.71875,103.71484375,103.71875,264.0
2025-06-22 22:29:00+00:00,103.71484375,103.71484375,103.71484375,103.71484375,28.0
2025-06-22 22:31:00+00:00,103.72265625,103.72265625,103.71875,103.71875,298.0
2025-06-22 22:33:00+00:00,103.71484375,103.71484375,103.71484375,103.71484375,281.0
2025-06-22 22:34:00+00:00,103.71484375,103.71484375,103.71484375,103.71484375,4.0
2025-06-22 22:35:00+00:00,103.7109375,103.71484375,103.7109375,103.71484375,35.0
2025-06-22 22:37:00+00:00,103.7109375,103.71484375,103.70703125,103.71484375,207.0
2025-06-22 22:38:00+00:00,103.703125,103.7109375,103.703125,103.7109375,462.0
2025-06-22 22:39:00+00:00,103.703125,103.703125,103.703125,103.703125,40.0
2025-06-22 22:40:00+00:00,103.70703125,103.70703125,103.703125,103.70703125,168.0
2025-06-22 22:41:00+00:00,103.70703125,103.70703125,103.703125,103.703125,49.0
2025-06-22 22:42:00+00:00,103.703125,103.70703125,103.703125,103.703125,38.0
2025-06-22 22:43:00+00:00,103.703125,103.703125,103.703125,103.703125,608.0
2025-06-22 22:44:00+00:00,103.70703125,103.70703125,103.70703125,103.70703125,47.0
2025-06-22 22:45:00+00:00,103.703125,103.70703125,103.703125,103.70703125,30.0
2025-06-22 22:46:00+00:00,103.70703125,103.70703125,103.703125,103.703125,51.0
2025-06-22 22:47:00+00:00,103.703125,103.70703125,103.703125,103.703125,62.0
2025-06-22 22:48:00+00:00,103.703125,103.703125,103.703125,103.703125,65.0
2025-06-22 22:49:00+00:00,103.703125,103.703125,103.703125,103.703125,16.0
2025-06-22 22:50:00+00:00,103.703125,103.703125,103.69921875,103.703125,152.0
2025-06-22 22:51:00+00:00,103.703125,103.703125,103.703125,103.703125,4.0
2025-06-22 22:52:00+00:00,103.703125,103.703125,103.703125,103.703125,7.0
2025-06-22 22:53:00+00:00,103.703125,103.703125,103.703125,103.703125,62.0
2025-06-22 22:54:00+00:00,103.703125,103.703125,103.703125,103.703125,32.0
2025-06-22 22:55:00+00:00,103.703125,103.703125,103.703125,103.703125,41.0
2025-06-22 22:56:00+00:00,103.703125,103.703125,103.703125,103.703125,8.0
2025-06-22 22:57:00+00:00,103.703125,103.70703125,103.703125,103.703125,20.0
2025-06-22 23:01:00+00:00,103.703125,103.703125,103.703125,103.703125,1.0
2025-06-22 23:02:00+00:00,103.703125,103.703125,103.703125,103.703125,19.0
2025-06-22 23:03:00+00:00,103.70703125,103.70703125,103.703125,103.703125,72.0
2025-06-22 23:04:00+00:00,103.703125,103.70703125,103.703125,103.70703125,34.0
2025-06-22 23:05:00+00:00,103.703125,103.70703125,103.703125,103.70703125,285.0
2025-06-22 23:06:00+00:00,103.703125,103.703125,103.69921875,103.703125,82.0
2025-06-22 23:07:00+00:00,103.69921875,103.70703125,103.69921875,103.703125,114.0
2025-06-22 23:08:00+00:00,103.703125,103.703125,103.69921875,103.703125,175.0
2025-06-22 23:09:00+00:00,103.69921875,103.703125,103.69921875,103.703125,14.0
2025-06-22 23:10:00+00:00,103.69921875,103.703125,103.69921875,103.703125,28.0
2025-06-22 23:11:00+00:00,103.69921875,103.703125,103.69921875,103.703125,45.0
2025-06-22 23:12:00+00:00,103.69921875,103.703125,103.69921875,103.703125,60.0
2025-06-22 23:13:00+00:00,103.69921875,103.703125,103.69921875,103.69921875,125.0
2025-06-22 23:14:00+00:00,103.69921875,103.703125,103.6953125,103.69921875,159.0
2025-06-22 23:15:00+00:00,103.69921875,103.69921875,103.69921875,103.69921875,15.0
2025-06-22 23:16:00+00:00,103.69921875,103.703125,103.69921875,103.69921875,14.0
2025-06-22 23:17:00+00:00,103.69921875,103.703125,103.69921875,103.703125,17.0
2025-06-22 23:18:00+00:00,103.69921875,103.703125,103.69921875,103.703125,18.0
2025-06-22 23:19:00+00:00,103.6953125,103.703125,103.6953125,103.703125,77.0
2025-06-22 23:20:00+00:00,103.69921875,103.703125,103.6953125,103.703125,29.0
2025-06-22 23:21:00+00:00,103.6953125,103.69921875,103.6953125,103.69921875,50.0
2025-06-22 23:22:00+00:00,103.6953125,103.69921875,103.6953125,103.69921875,174.0
2025-06-22 23:23:00+00:00,103.6953125,103.69921875,103.6953125,103.6953125,19.0
2025-06-22 23:24:00+00:00,103.69921875,103.69921875,103.6953125,103.6953125,17.0
2025-06-22 23:25:00+00:00,103.6953125,103.69921875,103.6953125,103.6953125,14.0
2025-06-22 23:26:00+00:00,103.69921875,103.69921875,103.6953125,103.69921875,835.0
2025-06-22 23:27:00+00:00,103.6953125,103.69921875,103.6953125,103.69921875,17.0
2025-06-22 23:30:00+00:00,103.69921875,103.69921875,103.6953125,103.69921875,137.0
2025-06-22 23:33:00+00:00,103.69140625,103.69921875,103.6875,103.69921875,230.0
2025-06-22 23:34:00+00:00,103.69140625,103.69140625,103.6875,103.69140625,217.0
2025-06-22 23:35:00+00:00,103.69140625,103.6953125,103.69140625,103.69140625,21.0
2025-06-22 23:36:00+00:00,103.69140625,103.6953125,103.6875,103.69140625,90.0
2025-06-22 23:37:00+00:00,103.6953125,103.6953125,103.69140625,103.6953125,21.0
2025-06-22 23:38:00+00:00,103.69140625,103.6953125,103.69140625,103.6953125,50.0
2025-06-22 23:39:00+00:00,103.6953125,103.6953125,103.69140625,103.6953125,35.0
2025-06-22 23:40:00+00:00,103.6953125,103.6953125,103.6953125,103.6953125,37.0
2025-06-22 23:41:00+00:00,103.6953125,103.6953125,103.6953125,103.6953125,127.0
2025-06-22 23:42:00+00:00,103.6953125,103.6953125,103.6953125,103.6953125,64.0
2025-06-22 23:43:00+00:00,103.69140625,103.6953125,103.69140625,103.6953125,45.0
2025-06-22 23:44:00+00:00,103.69140625,103.6953125,103.69140625,103.6953125,84.0
2025-06-22 23:45:00+00:00,103.69140625,103.6953125,103.69140625,103.69140625,20.0
2025-06-22 23:46:00+00:00,103.69140625,103.6953125,103.69140625,103.6953125,13.0
2025-06-22 23:47:00+00:00,103.69140625,103.6953125,103.6875,103.6953125,192.0
2025-06-22 23:49:00+00:00,103.6875,103.69140625,103.6875,103.69140625,44.0
2025-06-22 23:50:00+00:00,103.6875,103.69140625,103.6875,103.69140625,259.0
2025-06-22 23:51:00+00:00,103.6875,103.6875,103.6875,103.6875,14.0
2025-06-22 23:53:00+00:00,103.6875,103.6875,103.6875,103.6875,13.0
2025-06-22 23:55:00+00:00,103.6875,103.6875,103.6875,103.6875,83.0
2025-06-22 23:58:00+00:00,103.69140625,103.69140625,103.6875,103.6875,197.0
2025-06-22 23:59:00+00:00,103.69140625,103.6953125,103.69140625,103.69140625,23.0
2025-06-23 00:00:00+00:00,103.69140625,103.6953125,103.69140625,103.69140625,125.0
2025-06-23 00:01:00+00:00,103.69921875,103.69921875,103.69140625,103.6953125,402.0
2025-06-23 00:02:00+00:00,103.69921875,103.69921875,103.69921875,103.69921875,81.0
2025-06-23 00:03:00+00:00,103.69921875,103.69921875,103.69921875,103.69921875,136.0
2025-06-23 00:04:00+00:00,103.6953125,103.6953125,103.6953125,103.6953125,9.0
2025-06-23 00:05:00+00:00,103.6953125,103.6953125,103.6953125,103.6953125,202.0
2025-06-23 00:06:00+00:00,103.6953125,103.6953125,103.6953125,103.6953125,234.0
2025-06-23 00:07:00+00:00,103.69140625,103.6953125,103.69140625,103.6953125,74.0
2025-06-23 00:08:00+00:00,103.68359375,103.69140625,103.68359375,103.69140625,901.0
2025-06-23 00:09:00+00:00,103.6796875,103.6875,103.6796875,103.6875,425.0
2025-06-23 00:10:00+00:00,103.68359375,103.6875,103.6796875,103.68359375,113.0
2025-06-23 00:11:00+00:00,103.6796875,103.68359375,103.6796875,103.68359375,224.0
2025-06-23 00:12:00+00:00,103.68359375,103.68359375,103.6796875,103.6796875,34.0
2025-06-23 00:13:00+00:00,103.6875,103.6875,103.6796875,103.6796875,84.0
2025-06-23 00:14:00+00:00,103.68359375,103.6875,103.68359375,103.68359375,498.0
2025-06-23 00:15:00+00:00,103.68359375,103.68359375,103.68359375,103.68359375,300.0
2025-06-23 00:16:00+00:00,103.6796875,103.6796875,103.6796875,103.6796875,149.0
2025-06-23 00:17:00+00:00,103.68359375,103.68359375,103.6796875,103.6796875,26.0
2025-06-23 00:19:00+00:00,103.6796875,103.68359375,103.6796875,103.6796875,112.0
2025-06-23 00:20:00+00:00,103.67578125,103.6796875,103.67578125,103.6796875,159.0
2025-06-23 00:21:00+00:00,103.67578125,103.67578125,103.67578125,103.67578125,73.0
2025-06-23 00:22:00+00:00,103.67578125,103.67578125,103.671875,103.671875,574.0
2025-06-23 00:23:00+00:00,103.6796875,103.6796875,103.67578125,103.67578125,196.0
2025-06-23 00:24:00+00:00,103.6796875,103.68359375,103.6796875,103.6796875,281.0
2025-06-23 00:25:00+00:00,103.6796875,103.6796875,103.6796875,103.6796875,64.0
2025-06-23 00:28:00+00:00,103.68359375,103.68359375,103.68359375,103.68359375,3.0
2025-06-23 00:29:00+00:00,103.6796875,103.6796875,103.6796875,103.6796875,54.0
2025-06-23 00:31:00+00:00,103.68359375,103.68359375,103.68359375,103.68359375,1.0
2025-06-23 00:32:00+00:00,103.6796875,103.6796875,103.6796875,103.6796875,155.0
2025-06-23 00:36:00+00:00,103.67578125,103.67578125,103.67578125,103.67578125,234.0
2025-06-23 00:39:00+00:00,103.67578125,103.67578125,103.67578125,103.67578125,144.0
2025-06-23 00:40:00+00:00,103.671875,103.67578125,103.671875,103.67578125,24.0
2025-06-23 00:41:00+00:00,103.67578125,103.67578125,103.67578125,103.67578125,60.0
2025-06-23 00:42:00+00:00,103.67578125,103.67578125,103.67578125,103.67578125,142.0
2025-06-23 00:43:00+00:00,103.6796875,103.6796875,103.67578125,103.67578125,187.0
2025-06-23 00:44:00+00:00,103.67578125,103.67578125,103.67578125,103.67578125,154.0
2025-06-23 00:45:00+00:00,103.67578125,103.67578125,103.67578125,103.67578125,10.0
2025-06-23 00:46:00+00:00,103.67578125,103.6796875,103.67578125,103.67578125,233.0
2025-06-23 00:47:00+00:00,103.67578125,103.67578125,103.67578125,103.67578125,104.0
2025-06-23 00:50:00+00:00,103.6796875,103.6796875,103.67578125,103.67578125,220.0
2025-06-23 00:51:00+00:00,103.6796875,103.6796875,103.6796875,103.6796875,132.0
2025-06-23 00:52:00+00:00,103.6796875,103.6796875,103.6796875,103.6796875,198.0
2025-06-23 00:55:00+00:00,103.6796875,103.6796875,103.6796875,103.6796875,192.0
2025-06-23 00:57:00+00:00,103.6796875,103.6796875,103.6796875,103.6796875,28.0
2025-06-23 00:58:00+00:00,103.67578125,103.67578125,103.67578125,103.67578125,50.0
2025-06-23 00:59:00+00:00,103.67578125,103.67578125,103.67578125,103.67578125,230.0
2025-06-23 01:00:00+00:00,103.67578125,103.67578125,103.671875,103.67578125,101.0
2025-06-23 01:01:00+00:00,103.671875,103.671875,103.671875,103.671875,109.0
2025-06-23 01:03:00+00:00,103.67578125,103.67578125,103.67578125,103.67578125,96.0
2025-06-23 01:06:00+00:00,103.67578125,103.67578125,103.67578125,103.67578125,9.0
2025-06-23 01:07:00+00:00,103.6796875,103.6796875,103.67578125,103.67578125,264.0
2025-06-23 01:08:00+00:00,103.6796875,103.6796875,103.6796875,103.6796875,111.0
2025-06-23 01:09:00+00:00,103.6796875,103.6796875,103.6796875,103.6796875,20.0
2025-06-23 01:11:00+00:00,103.67578125,103.67578125,103.67578125,103.67578125,224.0
2025-06-23 01:12:00+00:00,103.67578125,103.67578125,103.67578125,103.67578125,71.0
2025-06-23 01:13:00+00:00,103.6796875,103.6796875,103.6796875,103.6796875,8.0
2025-06-23 01:15:00+00:00,103.67578125,103.67578125,103.67578125,103.67578125,8.0
2025-06-23 01:16:00+00:00,103.6796875,103.6796875,103.67578125,103.67578125,12.0
2025-06-23 01:17:00+00:00,103.6796875,103.6796875,103.6796875,103.6796875,29.0
2025-06-23 01:25:00+00:00,103.67578125,103.67578125,103.67578125,103.67578125,138.0
2025-06-23 01:26:00+00:00,103.67578125,103.6796875,103.67578125,103.6796875,3.0
2025-06-23 01:29:00+00:00,103.67578125,103.6796875,103.67578125,103.6796875,225.0
2025-06-23 01:31:00+00:00,103.6796875,103.6796875,103.6796875,103.6796875,597.0
2025-06-23 01:32:00+00:00,103.6796875,103.6796875,103.6796875,103.6796875,60.0
2025-06-23 01:35:00+00:00,103.67578125,103.67578125,103.671875,103.67578125,818.0
2025-06-23 01:36:00+00:00,103.67578125,103.67578125,103.67578125,103.67578125,152.0
2025-06-23 01:39:00+00:00,103.67578125,103.67578125,103.67578125,103.67578125,19.0
2025-06-23 01:42:00+00:00,103.671875,103.671875,103.671875,103.671875,487.0
2025-06-23 01:45:00+00:00,103.66796875,103.66796875,103.66796875,103.66796875,42.0
2025-06-23 01:50:00+00:00,103.671875,103.671875,103.671875,103.671875,585.0
2025-06-23 01:54:00+00:00,103.671875,103.67578125,103.671875,103.67578125,20.0
2025-06-23 01:56:00+00:00,103.6796875,103.6796875,103.6796875,103.6796875,82.0
2025-06-23 01:57:00+00:00,103.6796875,103.6796875,103.6796875,103.6796875,70.0
2025-06-23 01:58:00+00:00,103.6796875,103.6796875,103.6796875,103.6796875,69.0
2025-06-23 02:02:00+00:00,103.68359375,103.68359375,103.68359375,103.68359375,68.0
2025-06-23 02:03:00+00:00,103.68359375,103.68359375,103.68359375,103.68359375,6.0
2025-06-23 02:04:00+00:00,103.68359375,103.68359375,103.68359375,103.68359375,219.0
2025-06-23 02:05:00+00:00,103.6796875,103.68359375,103.6796875,103.68359375,157.0
2025-06-23 02:09:00+00:00,103.68359375,103.68359375,103.68359375,103.68359375,233.0
2025-06-23 02:10:00+00:00,103.68359375,103.68359375,103.68359375,103.68359375,66.0
2025-06-23 02:11:00+00:00,103.68359375,103.68359375,103.68359375,103.68359375,4.0
2025-06-23 02:12:00+00:00,103.68359375,103.68359375,103.68359375,103.68359375,36.0
2025-06-23 02:13:00+00:00,103.68359375,103.68359375,103.68359375,103.68359375,45.0
2025-06-23 02:14:00+00:00,103.68359375,103.68359375,103.68359375,103.68359375,75.0
2025-06-23 02:15:00+00:00,103.6875,103.6875,103.6875,103.6875,3.0
2025-06-23 02:20:00+00:00,103.68359375,103.68359375,103.68359375,103.68359375,5.0
2025-06-23 02:23:00+00:00,103.6875,103.6875,103.6875,103.6875,473.0
2025-06-23 02:26:00+00:00,103.6875,103.6875,103.6875,103.6875,111.0
2025-06-23 02:27:00+00:00,103.6875,103.6875,103.6875,103.6875,4.0
2025-06-23 02:28:00+00:00,103.6875,103.6875,103.6875,103.6875,38.0
2025-06-23 02:31:00+00:00,103.6875,103.6875,103.6875,103.6875,5.0
2025-06-23 02:35:00+00:00,103.6875,103.6875,103.6875,103.6875,11.0
2025-06-23 02:37:00+00:00,103.68359375,103.68359375,103.68359375,103.68359375,23.0
2025-06-23 02:38:00+00:00,103.68359375,103.68359375,103.68359375,103.68359375,24.0
2025-06-23 02:42:00+00:00,103.68359375,103.6875,103.68359375,103.6875,27.0
2025-06-23 02:43:00+00:00,103.6875,103.6875,103.68359375,103.68359375,11.0
2025-06-23 02:49:00+00:00,103.6875,103.6875,103.6875,103.6875,28.0
2025-06-23 02:50:00+00:00,103.6875,103.6875,103.6875,103.6875,22.0
2025-06-23 02:53:00+00:00,103.69140625,103.69140625,103.6875,103.6875,4.0
2025-06-23 02:54:00+00:00,103.6875,103.6875,103.6875,103.6875,23.0
2025-06-23 02:58:00+00:00,103.68359375,103.68359375,103.68359375,103.68359375,193.0
2025-06-23 03:01:00+00:00,103.68359375,103.68359375,103.68359375,103.68359375,72.0
2025-06-23 03:08:00+00:00,103.68359375,103.68359375,103.68359375,103.68359375,54.0
2025-06-23 03:09:00+00:00,103.68359375,103.68359375,103.68359375,103.68359375,55.0
2025-06-23 03:13:00+00:00,103.6875,103.6875,103.6875,103.6875,62.0
2025-06-23 03:15:00+00:00,103.6875,103.6875,103.6875,103.6875,57.0
2025-06-23 03:19:00+00:00,103.68359375,103.68359375,103.68359375,103.68359375,57.0
2025-06-23 03:24:00+00:00,103.68359375,103.68359375,103.68359375,103.68359375,44.0
2025-06-23 03:30:00+00:00,103.6875,103.6875,103.6875,103.6875,75.0
2025-06-23 03:32:00+00:00,103.6875,103.6875,103.6875,103.6875,6.0
2025-06-23 03:36:00+00:00,103.68359375,103.68359375,103.68359375,103.68359375,142.0
2025-06-23 03:37:00+00:00,103.68359375,103.68359375,103.68359375,103.68359375,8.0
2025-06-23 03:38:00+00:00,103.68359375,103.68359375,103.68359375,103.68359375,87.0
2025-06-23 03:51:00+00:00,103.68359375,103.68359375,103.68359375,103.68359375,42.0
2025-06-23 03:52:00+00:00,103.68359375,103.68359375,103.68359375,103.68359375,61.0
2025-06-23 03:53:00+00:00,103.68359375,103.68359375,103.68359375,103.68359375,65.0
2025-06-23 03:54:00+00:00,103.68359375,103.68359375,103.68359375,103.68359375,310.0
2025-06-23 03:55:00+00:00,103.68359375,103.68359375,103.68359375,103.68359375,67.0
2025-06-23 04:00:00+00:00,103.6796875,103.6796875,103.6796875,103.6796875,254.0
2025-06-23 04:01:00+00:00,103.6796875,103.6796875,103.6796875,103.6796875,139.0
2025-06-23 04:02:00+00:00,103.67578125,103.67578125,103.67578125,103.67578125,17.0
2025-06-23 04:07:00+00:00,103.6796875,103.6796875,103.6796875,103.6796875,410.0
2025-06-23 04:09:00+00:00,103.6796875,103.6796875,103.6796875,103.6796875,227.0
2025-06-23 04:10:00+00:00,103.6796875,103.6796875,103.6796875,103.6796875,12.0
2025-06-23 04:14:00+00:00,103.6796875,103.68359375,103.6796875,103.68359375,41.0
2025-06-23 04:24:00+00:00,103.6796875,103.6796875,103.6796875,103.6796875,17.0
2025-06-23 04:27:00+00:00,103.6796875,103.6796875,103.6796875,103.6796875,100.0
2025-06-23 04:29:00+00:00,103.67578125,103.67578125,103.67578125,103.67578125,211.0
2025-06-23 04:33:00+00:00,103.6796875,103.6796875,103.6796875,103.6796875,18.0
2025-06-23 04:34:00+00:00,103.6796875,103.6796875,103.67578125,103.67578125,37.0
2025-06-23 04:38:00+00:00,103.6796875,103.6796875,103.6796875,103.6796875,84.0
2025-06-23 04:48:00+00:00,103.6796875,103.6796875,103.6796875,103.6796875,118.0
2025-06-23 04:49:00+00:00,103.6796875,103.6796875,103.6796875,103.6796875,57.0
2025-06-23 04:50:00+00:00,103.6796875,103.6796875,103.6796875,103.6796875,34.0
2025-06-23 04:53:00+00:00,103.67578125,103.67578125,103.67578125,103.67578125,32.0
2025-06-23 05:00:00+00:00,103.6796875,103.6796875,103.6796875,103.6796875,26.0
2025-06-23 05:01:00+00:00,103.6796875,103.6796875,103.6796875,103.6796875,36.0
2025-06-23 05:02:00+00:00,103.6796875,103.68359375,103.6796875,103.6796875,189.0
2025-06-23 05:04:00+00:00,103.68359375,103.68359375,103.68359375,103.68359375,113.0
2025-06-23 05:07:00+00:00,103.6796875,103.6796875,103.6796875,103.6796875,115.0
2025-06-23 05:10:00+00:00,103.67578125,103.6796875,103.67578125,103.6796875,58.0
2025-06-23 05:11:00+00:00,103.6796875,103.6796875,103.6796875,103.6796875,117.0
2025-06-23 05:13:00+00:00,103.6796875,103.6796875,103.6796875,103.6796875,24.0
2025-06-23 05:14:00+00:00,103.6796875,103.6796875,103.6796875,103.6796875,45.0
2025-06-23 05:15:00+00:00,103.6796875,103.6796875,103.6796875,103.6796875,27.0
2025-06-23 05:17:00+00:00,103.6796875,103.6796875,103.6796875,103.6796875,147.0
2025-06-23 05:22:00+00:00,103.68359375,103.68359375,103.68359375,103.68359375,158.0
2025-06-23 05:23:00+00:00,103.6875,103.6875,103.6875,103.6875,15.0
2025-06-23 05:25:00+00:00,103.6875,103.69140625,103.6875,103.6875,637.0
2025-06-23 05:26:00+00:00,103.68359375,103.68359375,103.68359375,103.68359375,9.0
2025-06-23 05:27:00+00:00,103.6875,103.6875,103.6875,103.6875,72.0
2025-06-23 05:28:00+00:00,103.6953125,103.6953125,103.6875,103.6875,254.0
2025-06-23 05:29:00+00:00,103.6953125,103.6953125,103.6953125,103.6953125,4.0
2025-06-23 05:30:00+00:00,103.69140625,103.6953125,103.69140625,103.69140625,108.0
2025-06-23 05:31:00+00:00,103.6953125,103.6953125,103.6953125,103.6953125,2.0
2025-06-23 05:33:00+00:00,103.6953125,103.6953125,103.6953125,103.6953125,332.0
2025-06-23 05:37:00+00:00,103.69140625,103.69140625,103.69140625,103.69140625,93.0
2025-06-23 05:38:00+00:00,103.69140625,103.69140625,103.69140625,103.69140625,9.0
2025-06-23 05:44:00+00:00,103.6953125,103.6953125,103.6953125,103.6953125,161.0
2025-06-23 05:45:00+00:00,103.6953125,103.6953125,103.6953125,103.6953125,43.0
2025-06-23 05:46:00+00:00,103.69921875,103.69921875,103.6953125,103.6953125,225.0
2025-06-23 05:47:00+00:00,103.69921875,103.69921875,103.69921875,103.69921875,3.0
2025-06-23 05:48:00+00:00,103.69921875,103.69921875,103.69921875,103.69921875,1.0
2025-06-23 05:49:00+00:00,103.6953125,103.6953125,103.6953125,103.6953125,277.0
2025-06-23 05:50:00+00:00,103.6953125,103.6953125,103.6953125,103.6953125,217.0
2025-06-23 05:52:00+00:00,103.69140625,103.69140625,103.69140625,103.69140625,5.0
2025-06-23 05:53:00+00:00,103.69140625,103.69140625,103.69140625,103.69140625,115.0
2025-06-23 05:55:00+00:00,103.69140625,103.69140625,103.69140625,103.69140625,52.0
2025-06-23 05:56:00+00:00,103.69140625,103.69140625,103.69140625,103.69140625,18.0
2025-06-23 05:57:00+00:00,103.69140625,103.69140625,103.69140625,103.69140625,10.0
2025-06-23 06:00:00+00:00,103.69140625,103.69140625,103.69140625,103.69140625,160.0
2025-06-23 06:01:00+00:00,103.69140625,103.69140625,103.69140625,103.69140625,50.0
2025-06-23 06:02:00+00:00,103.6875,103.6875,103.6875,103.6875,201.0
2025-06-23 06:03:00+00:00,103.6875,103.6875,103.6875,103.6875,12.0
2025-06-23 06:04:00+00:00,103.69140625,103.69140625,103.6875,103.6875,25.0
2025-06-23 06:09:00+00:00,103.6875,103.6875,103.6875,103.6875,17.0
2025-06-23 06:10:00+00:00,103.6875,103.6875,103.6875,103.6875,109.0
2025-06-23 06:16:00+00:00,103.6796875,103.68359375,103.6796875,103.68359375,439.0
2025-06-23 06:17:00+00:00,103.6796875,103.6796875,103.6796875,103.6796875,245.0
2025-06-23 06:18:00+00:00,103.6796875,103.6796875,103.6796875,103.6796875,240.0
2025-06-23 06:19:00+00:00,103.67578125,103.67578125,103.67578125,103.67578125,108.0
2025-06-23 06:20:00+00:00,103.67578125,103.67578125,103.67578125,103.67578125,209.0
2025-06-23 06:22:00+00:00,103.671875,103.671875,103.671875,103.671875,262.0
2025-06-23 06:23:00+00:00,103.66796875,103.671875,103.66796875,103.671875,479.0
2025-06-23 06:24:00+00:00,103.66796875,103.66796875,103.66796875,103.66796875,648.0
2025-06-23 06:25:00+00:00,103.66796875,103.66796875,103.6640625,103.66796875,225.0
2025-06-23 06:26:00+00:00,103.671875,103.671875,103.671875,103.671875,154.0
2025-06-23 06:28:00+00:00,103.66796875,103.66796875,103.66796875,103.66796875,93.0
2025-06-23 06:30:00+00:00,103.66796875,103.66796875,103.66796875,103.66796875,92.0
2025-06-23 06:31:00+00:00,103.66796875,103.66796875,103.66796875,103.66796875,66.0
2025-06-23 06:37:00+00:00,103.66796875,103.671875,103.66796875,103.671875,83.0
2025-06-23 06:38:00+00:00,103.671875,103.671875,103.66796875,103.66796875,284.0
2025-06-23 06:39:00+00:00,103.66796875,103.671875,103.66796875,103.671875,1094.0
2025-06-23 06:45:00+00:00,103.66796875,103.66796875,103.66796875,103.66796875,360.0
2025-06-23 06:46:00+00:00,103.66796875,103.66796875,103.66796875,103.66796875,417.0
2025-06-23 06:48:00+00:00,103.6640625,103.6640625,103.6640625,103.6640625,48.0
2025-06-23 06:49:00+00:00,103.6640625,103.6640625,103.6640625,103.6640625,355.0
2025-06-23 06:50:00+00:00,103.6640625,103.6640625,103.6640625,103.6640625,58.0
2025-06-23 06:51:00+00:00,103.6640625,103.6640625,103.6640625,103.6640625,33.0
2025-06-23 06:54:00+00:00,103.66796875,103.66796875,103.66796875,103.66796875,381.0
2025-06-23 06:55:00+00:00,103.67578125,103.67578125,103.66796875,103.66796875,431.0
2025-06-23 06:56:00+00:00,103.67578125,103.67578125,103.671875,103.671875,29.0
2025-06-23 06:58:00+00:00,103.6796875,103.6796875,103.6796875,103.6796875,4.0
2025-06-23 07:00:00+00:00,103.6796875,103.68359375,103.6796875,103.6796875,234.0
2025-06-23 07:02:00+00:00,103.6875,103.6875,103.68359375,103.68359375,583.0
2025-06-23 07:03:00+00:00,103.6875,103.6875,103.6875,103.6875,298.0
2025-06-23 07:04:00+00:00,103.6875,103.69140625,103.6875,103.6875,66.0
2025-06-23 07:05:00+00:00,103.69140625,103.69140625,103.6875,103.6875,50.0
2025-06-23 07:06:00+00:00,103.69140625,103.69140625,103.6875,103.6875,149.0
2025-06-23 07:07:00+00:00,103.6875,103.69140625,103.6875,103.69140625,1025.0
2025-06-23 07:08:00+00:00,103.6875,103.69140625,103.6875,103.6875,161.0
2025-06-23 07:09:00+00:00,103.6875,103.69140625,103.6875,103.6875,32.0
2025-06-23 07:10:00+00:00,103.6875,103.6875,103.68359375,103.6875,435.0
2025-06-23 07:11:00+00:00,103.68359375,103.6875,103.68359375,103.68359375,322.0
2025-06-23 07:12:00+00:00,103.6796875,103.68359375,103.6796875,103.68359375,148.0
2025-06-23 07:13:00+00:00,103.6875,103.6875,103.68359375,103.68359375,86.0
2025-06-23 07:14:00+00:00,103.6875,103.6875,103.6875,103.6875,345.0
2025-06-23 07:15:00+00:00,103.6875,103.69140625,103.6875,103.6875,1622.0
2025-06-23 07:16:00+00:00,103.68359375,103.6875,103.68359375,103.6875,280.0
2025-06-23 07:17:00+00:00,103.68359375,103.68359375,103.68359375,103.68359375,200.0
2025-06-23 07:18:00+00:00,103.68359375,103.68359375,103.68359375,103.68359375,146.0
2025-06-23 07:19:00+00:00,103.68359375,103.68359375,103.68359375,103.68359375,33.0
2025-06-23 07:20:00+00:00,103.6796875,103.6796875,103.6796875,103.6796875,133.0
2025-06-23 07:21:00+00:00,103.6796875,103.68359375,103.6796875,103.6796875,44.0
2025-06-23 07:22:00+00:00,103.6796875,103.6796875,103.6796875,103.6796875,376.0
2025-06-23 07:23:00+00:00,103.6796875,103.6796875,103.6796875,103.6796875,570.0
2025-06-23 07:24:00+00:00,103.6796875,103.6796875,103.6796875,103.6796875,7.0
2025-06-23 07:25:00+00:00,103.6796875,103.6796875,103.67578125,103.67578125,7.0
2025-06-23 07:26:00+00:00,103.67578125,103.67578125,103.67578125,103.67578125,254.0
2025-06-23 07:27:00+00:00,103.6796875,103.6796875,103.6796875,103.6796875,181.0
2025-06-23 07:28:00+00:00,103.67578125,103.6796875,103.67578125,103.6796875,52.0
2025-06-23 07:29:00+00:00,103.67578125,103.67578125,103.67578125,103.67578125,94.0
2025-06-23 07:30:00+00:00,103.66796875,103.671875,103.66796875,103.671875,860.0
2025-06-23 07:31:00+00:00,103.67578125,103.67578125,103.671875,103.671875,325.0
2025-06-23 07:34:00+00:00,103.6796875,103.6796875,103.6796875,103.6796875,517.0
2025-06-23 07:35:00+00:00,103.67578125,103.6796875,103.67578125,103.6796875,89.0
2025-06-23 07:36:00+00:00,103.6796875,103.6796875,103.6796875,103.6796875,320.0
2025-06-23 07:37:00+00:00,103.6796875,103.6796875,103.6796875,103.6796875,167.0
2025-06-23 07:38:00+00:00,103.67578125,103.6796875,103.67578125,103.6796875,78.0
2025-06-23 07:39:00+00:00,103.68359375,103.68359375,103.6796875,103.6796875,330.0
2025-06-23 07:41:00+00:00,103.6796875,103.6796875,103.6796875,103.6796875,204.0
2025-06-23 07:43:00+00:00,103.6796875,103.6796875,103.6796875,103.6796875,137.0
2025-06-23 07:44:00+00:00,103.67578125,103.67578125,103.67578125,103.67578125,21.0
2025-06-23 07:45:00+00:00,103.6796875,103.6796875,103.67578125,103.67578125,564.0
2025-06-23 07:46:00+00:00,103.67578125,103.67578125,103.67578125,103.67578125,400.0
2025-06-23 07:47:00+00:00,103.67578125,103.67578125,103.67578125,103.67578125,69.0
2025-06-23 07:50:00+00:00,103.67578125,103.67578125,103.67578125,103.67578125,51.0
2025-06-23 07:51:00+00:00,103.67578125,103.67578125,103.67578125,103.67578125,245.0
2025-06-23 07:53:00+00:00,103.6796875,103.6796875,103.6796875,103.6796875,152.0
2025-06-23 07:54:00+00:00,103.67578125,103.67578125,103.67578125,103.67578125,99.0
2025-06-23 07:55:00+00:00,103.67578125,103.67578125,103.67578125,103.67578125,89.0
2025-06-23 07:56:00+00:00,103.67578125,103.67578125,103.67578125,103.67578125,39.0
2025-06-23 07:57:00+00:00,103.671875,103.67578125,103.671875,103.67578125,361.0
2025-06-23 07:59:00+00:00,103.671875,103.671875,103.671875,103.671875,57.0
2025-06-23 08:00:00+00:00,103.671875,103.671875,103.66796875,103.66796875,194.0
2025-06-23 08:01:00+00:00,103.671875,103.671875,103.671875,103.671875,173.0
2025-06-23 08:03:00+00:00,103.66796875,103.66796875,103.66796875,103.66796875,403.0
2025-06-23 08:05:00+00:00,103.66796875,103.66796875,103.66796875,103.66796875,110.0
2025-06-23 08:06:00+00:00,103.66796875,103.66796875,103.66796875,103.66796875,100.0
2025-06-23 08:08:00+00:00,103.6640625,103.66796875,103.66015625,103.66796875,1429.0
2025-06-23 08:09:00+00:00,103.66796875,103.66796875,103.66796875,103.66796875,168.0
2025-06-23 08:10:00+00:00,103.6640625,103.6640625,103.66015625,103.6640625,1085.0
2025-06-23 08:11:00+00:00,103.66015625,103.6640625,103.66015625,103.6640625,219.0
2025-06-23 08:13:00+00:00,103.65625,103.66015625,103.65625,103.66015625,586.0
2025-06-23 08:14:00+00:00,103.66015625,103.66015625,103.66000366210938,103.66015625,562.0
2025-06-23 08:15:00+00:00,103.6640625,103.6640625,103.6640625,103.6640625,117.0
2025-06-23 08:16:00+00:00,103.671875,103.671875,103.6640625,103.6640625,521.0
2025-06-23 08:17:00+00:00,103.671875,103.67578125,103.671875,103.67578125,628.0
2025-06-23 08:19:00+00:00,103.671875,103.671875,103.671875,103.671875,221.0
2025-06-23 08:20:00+00:00,103.6796875,103.6796875,103.67578125,103.67578125,454.0
2025-06-23 08:23:00+00:00,103.66796875,103.66796875,103.66796875,103.66796875,24.0
2025-06-23 08:24:00+00:00,103.671875,103.671875,103.671875,103.671875,56.0
2025-06-23 08:25:00+00:00,103.671875,103.671875,103.66796875,103.671875,202.0
2025-06-23 08:27:00+00:00,103.671875,103.671875,103.66796875,103.66796875,34.0
2025-06-23 08:28:00+00:00,103.66796875,103.671875,103.66796875,103.671875,947.0
2025-06-23 08:29:00+00:00,103.66796875,103.66796875,103.66796875,103.66796875,109.0
2025-06-23 08:30:00+00:00,103.66796875,103.66796875,103.66796875,103.66796875,597.0
2025-06-23 08:31:00+00:00,103.671875,103.671875,103.66796875,103.66796875,10.0
2025-06-23 08:34:00+00:00,103.66796875,103.66796875,103.66796875,103.66796875,123.0
2025-06-23 08:35:00+00:00,103.66796875,103.66796875,103.66796875,103.66796875,88.0
2025-06-23 08:36:00+00:00,103.66796875,103.66796875,103.66796875,103.66796875,232.0
2025-06-23 08:37:00+00:00,103.66796875,103.66796875,103.66796875,103.66796875,183.0
2025-06-23 08:39:00+00:00,103.671875,103.671875,103.671875,103.671875,45.0
2025-06-23 08:40:00+00:00,103.671875,103.671875,103.671875,103.671875,43.0
2025-06-23 08:42:00+00:00,103.671875,103.671875,103.671875,103.671875,93.0
2025-06-23 08:43:00+00:00,103.67578125,103.67578125,103.67578125,103.67578125,269.0
2025-06-23 08:44:00+00:00,103.67578125,103.67578125,103.67578125,103.67578125,206.0
2025-06-23 08:46:00+00:00,103.671875,103.671875,103.671875,103.671875,14.0
2025-06-23 08:47:00+00:00,103.671875,103.671875,103.671875,103.671875,329.0
2025-06-23 08:48:00+00:00,103.671875,103.671875,103.671875,103.671875,113.0
2025-06-23 08:54:00+00:00,103.671875,103.671875,103.671875,103.671875,210.0
2025-06-23 08:56:00+00:00,103.671875,103.671875,103.671875,103.671875,91.0
2025-06-23 08:57:00+00:00,103.67578125,103.67578125,103.671875,103.671875,109.0
2025-06-23 08:58:00+00:00,103.67578125,103.67578125,103.67578125,103.67578125,530.0
2025-06-23 09:00:00+00:00,103.67578125,103.67578125,103.67578125,103.67578125,18.0
2025-06-23 09:02:00+00:00,103.67578125,103.67578125,103.67578125,103.67578125,156.0
2025-06-23 09:03:00+00:00,103.67578125,103.67578125,103.67578125,103.67578125,27.0
2025-06-23 09:05:00+00:00,103.67578125,103.67578125,103.67578125,103.67578125,95.0
2025-06-23 09:08:00+00:00,103.67578125,103.67578125,103.67578125,103.67578125,42.0
2025-06-23 09:09:00+00:00,103.6796875,103.6796875,103.6796875,103.6796875,591.0
2025-06-23 09:10:00+00:00,103.671875,103.67578125,103.671875,103.67578125,84.0
2025-06-23 09:11:00+00:00,103.671875,103.671875,103.66796875,103.671875,51.0
2025-06-23 09:12:00+00:00,103.671875,103.671875,103.671875,103.671875,153.0
2025-06-23 09:13:00+00:00,103.671875,103.671875,103.671875,103.671875,51.0
2025-06-23 09:15:00+00:00,103.671875,103.671875,103.671875,103.671875,61.0
2025-06-23 09:20:00+00:00,103.67578125,103.67578125,103.67578125,103.67578125,76737.0
2025-06-23 09:22:00+00:00,103.6796875,103.6796875,103.67578125,103.67578125,472.0
2025-06-23 09:23:00+00:00,103.6796875,103.6796875,103.6796875,103.6796875,335.0
2025-06-23 09:24:00+00:00,103.6796875,103.6796875,103.6796875,103.6796875,11.0
2025-06-23 09:25:00+00:00,103.6875,103.6875,103.68359375,103.68359375,102.0
2025-06-23 09:26:00+00:00,103.6875,103.6875,103.68359375,103.68359375,98.0
2025-06-23 09:27:00+00:00,103.6875,103.6875,103.6875,103.6875,1827.0
2025-06-23 09:28:00+00:00,103.69140625,103.69140625,103.69140625,103.69140625,11.0
2025-06-23 09:29:00+00:00,103.68359375,103.6875,103.68359375,103.6875,52.0
2025-06-23 09:30:00+00:00,103.6875,103.6875,103.6875,103.6875,127.0
2025-06-23 09:31:00+00:00,103.6875,103.6875,103.6875,103.6875,302.0
2025-06-23 09:32:00+00:00,103.6875,103.6875,103.6875,103.6875,85.0
2025-06-23 09:35:00+00:00,103.6875,103.6875,103.6875,103.6875,341.0
2025-06-23 09:37:00+00:00,103.68359375,103.68359375,103.68359375,103.68359375,15.0
2025-06-23 09:38:00+00:00,103.68359375,103.6875,103.68359375,103.68359375,63.0
2025-06-23 09:41:00+00:00,103.6875,103.6875,103.6875,103.6875,275.0
2025-06-23 09:42:00+00:00,103.69140625,103.6953125,103.69140625,103.69140625,233.0
2025-06-23 09:44:00+00:00,103.69140625,103.69140625,103.69140625,103.69140625,84.0
2025-06-23 09:45:00+00:00,103.69140625,103.69140625,103.69140625,103.69140625,75.0
2025-06-23 09:47:00+00:00,103.69140625,103.69140625,103.69140625,103.69140625,206.0
2025-06-23 09:49:00+00:00,103.69140625,103.69140625,103.69140625,103.69140625,210.0
2025-06-23 09:50:00+00:00,103.6953125,103.6953125,103.69140625,103.69140625,10.0
2025-06-23 09:51:00+00:00,103.69140625,103.69140625,103.69140625,103.69140625,23.0
2025-06-23 09:52:00+00:00,103.6953125,103.6953125,103.69140625,103.69140625,166.0
2025-06-23 09:53:00+00:00,103.6953125,103.6953125,103.6953125,103.6953125,73.0
2025-06-23 09:56:00+00:00,103.69140625,103.69140625,103.69140625,103.69140625,91.0
2025-06-23 09:57:00+00:00,103.69140625,103.69140625,103.69140625,103.69140625,168.0
2025-06-23 09:58:00+00:00,103.69140625,103.69140625,103.69140625,103.69140625,454.0
2025-06-23 09:59:00+00:00,103.69140625,103.69140625,103.69140625,103.69140625,42.0
2025-06-23 10:00:00+00:00,103.69140625,103.69140625,103.69140625,103.69140625,44.0
2025-06-23 10:01:00+00:00,103.6953125,103.6953125,103.69140625,103.69140625,377.0
2025-06-23 10:02:00+00:00,103.69140625,103.69140625,103.69140625,103.69140625,51.0
2025-06-23 10:03:00+00:00,103.6875,103.6875,103.6875,103.6875,692.0
2025-06-23 10:04:00+00:00,103.6875,103.6875,103.6875,103.6875,34.0
2025-06-23 10:05:00+00:00,103.6875,103.6875,103.6875,103.6875,141.0
2025-06-23 10:06:00+00:00,103.6875,103.6875,103.6875,103.6875,40.0
2025-06-23 10:08:00+00:00,103.68359375,103.6875,103.6796875,103.6875,1460.0
2025-06-23 10:09:00+00:00,103.68359375,103.6875,103.68359375,103.6875,97.0
2025-06-23 10:10:00+00:00,103.6875,103.6875,103.6875,103.6875,47.0
2025-06-23 10:12:00+00:00,103.68359375,103.68359375,103.68359375,103.68359375,119.0
2025-06-23 10:13:00+00:00,103.68359375,103.68359375,103.68359375,103.68359375,254.0
2025-06-23 10:20:00+00:00,103.6796875,103.6875,103.6796875,103.68000030517578,643.0
2025-06-23 10:24:00+00:00,103.6796875,103.6796875,103.6796875,103.6796875,342.0
2025-06-23 10:29:00+00:00,103.67578125,103.6796875,103.67578125,103.6796875,2.0
2025-06-23 10:30:00+00:00,103.6796875,103.6796875,103.67578125,103.67578125,159.0
2025-06-23 10:31:00+00:00,103.68359375,103.68359375,103.68359375,103.68359375,106.0
2025-06-23 10:32:00+00:00,103.68359375,103.68359375,103.68359375,103.68359375,123.0
2025-06-23 10:33:00+00:00,103.68359375,103.68359375,103.68359375,103.68359375,63.0
2025-06-23 10:36:00+00:00,103.6875,103.6875,103.68359375,103.68359375,116.0
2025-06-23 10:38:00+00:00,103.68359375,103.68359375,103.68359375,103.68359375,90.0
2025-06-23 10:39:00+00:00,103.6796875,103.6796875,103.6796875,103.6796875,87.0
2025-06-23 10:40:00+00:00,103.6796875,103.6796875,103.6796875,103.6796875,241.0
2025-06-23 10:41:00+00:00,103.68359375,103.68359375,103.6796875,103.6796875,279.0
2025-06-23 10:44:00+00:00,103.6796875,103.6796875,103.6796875,103.6796875,184.0
2025-06-23 10:49:00+00:00,103.6796875,103.6796875,103.6796875,103.6796875,71.0
2025-06-23 10:51:00+00:00,103.68359375,103.68359375,103.68359375,103.68359375,100.0
2025-06-23 10:53:00+00:00,103.6796875,103.6796875,103.6796875,103.6796875,21.0
2025-06-23 10:55:00+00:00,103.68359375,103.68359375,103.68359375,103.68359375,188.0
2025-06-23 10:59:00+00:00,103.68359375,103.68359375,103.68359375,103.68359375,32.0
2025-06-23 11:02:00+00:00,103.68359375,103.6875,103.68359375,103.6875,29.0
2025-06-23 11:05:00+00:00,103.68359375,103.68359375,103.68359375,103.68359375,77.0
2025-06-23 11:07:00+00:00,103.68359375,103.68359375,103.6796875,103.68359375,267.0
2025-06-23 11:08:00+00:00,103.68359375,103.68359375,103.68359375,103.68359375,326.0
2025-06-23 11:11:00+00:00,103.68359375,103.68359375,103.68359375,103.68359375,126.0
2025-06-23 11:12:00+00:00,103.6875,103.6875,103.68359375,103.68359375,21.0
2025-06-23 11:13:00+00:00,103.68359375,103.6875,103.68359375,103.6875,293.0
2025-06-23 11:14:00+00:00,103.68359375,103.68359375,103.68359375,103.68359375,56.0
2025-06-23 11:16:00+00:00,103.6796875,103.6796875,103.6796875,103.6796875,329.0
2025-06-23 11:17:00+00:00,103.6796875,103.6796875,103.6796875,103.6796875,170.0
2025-06-23 11:18:00+00:00,103.6796875,103.68359375,103.6796875,103.68359375,121.0
2025-06-23 11:19:00+00:00,103.6796875,103.6796875,103.6796875,103.6796875,188.0
2025-06-23 11:20:00+00:00,103.6796875,103.6796875,103.6796875,103.6796875,383.0
2025-06-23 11:22:00+00:00,103.6796875,103.6796875,103.6796875,103.6796875,107.0
2025-06-23 11:25:00+00:00,103.67578125,103.67578125,103.67578125,103.67578125,101.0
2025-06-23 11:29:00+00:00,103.671875,103.671875,103.671875,103.671875,812.0
2025-06-23 11:30:00+00:00,103.67578125,103.67578125,103.671875,103.671875,102.0
2025-06-23 11:31:00+00:00,103.6796875,103.6796875,103.67578125,103.67578125,422.0
2025-06-23 11:32:00+00:00,103.6796875,103.6796875,103.67578125,103.67578125,413.0
2025-06-23 11:33:00+00:00,103.6796875,103.6796875,103.6796875,103.6796875,78.0
2025-06-23 11:34:00+00:00,103.68359375,103.68359375,103.6796875,103.68359375,174.0
2025-06-23 11:35:00+00:00,103.68359375,103.68359375,103.68359375,103.68359375,683.0
2025-06-23 11:37:00+00:00,103.6875,103.6875,103.6875,103.6875,232.0
2025-06-23 11:38:00+00:00,103.6875,103.6875,103.6875,103.6875,417.0
2025-06-23 11:39:00+00:00,103.6875,103.6875,103.6875,103.6875,37.0
2025-06-23 11:40:00+00:00,103.6953125,103.6953125,103.69140625,103.69140625,1342.0
2025-06-23 11:42:00+00:00,103.6953125,103.6953125,103.6953125,103.6953125,185.0
2025-06-23 11:45:00+00:00,103.703125,103.703125,103.69921875,103.69921875,531.0
2025-06-23 11:46:00+00:00,103.7109375,103.7109375,103.703125,103.70703125,861.0
2025-06-23 11:47:00+00:00,103.7109375,103.7109375,103.7109375,103.7109375,1203.0
2025-06-23 11:48:00+00:00,103.71484375,103.71484375,103.7109375,103.7109375,402.0
2025-06-23 11:49:00+00:00,103.71484375,103.71875,103.71484375,103.71875,1422.0
2025-06-23 11:50:00+00:00,103.71875,103.71875,103.71484375,103.71484375,839.0
2025-06-23 11:51:00+00:00,103.71875,103.72265625,103.71875,103.71875,93.0
2025-06-23 11:52:00+00:00,103.72265625,103.72265625,103.71875,103.71875,2136.0
2025-06-23 11:53:00+00:00,103.72265625,103.72265625,103.72265625,103.72265625,977.0
2025-06-23 11:54:00+00:00,103.72265625,103.72265625,103.72265625,103.72265625,63.0
2025-06-23 11:55:00+00:00,103.7265625,103.7265625,103.7265625,103.7265625,259.0
2025-06-23 11:56:00+00:00,103.7265625,103.7265625,103.72265625,103.72265625,449.0
2025-06-23 11:57:00+00:00,103.73046875,103.73046875,103.72265625,103.73046875,795.0
2025-06-23 11:58:00+00:00,103.73046875,103.734375,103.73046875,103.73046875,1738.0
2025-06-23 11:59:00+00:00,103.73046875,103.73046875,103.7265625,103.73046875,1117.0
2025-06-23 12:00:00+00:00,103.734375,103.73828125,103.73046875,103.73046875,1207.0
2025-06-23 12:01:00+00:00,103.73828125,103.73828125,103.734375,103.73828125,671.0
2025-06-23 12:02:00+00:00,103.73046875,103.73828125,103.73046875,103.734375,2349.0
2025-06-23 12:03:00+00:00,103.73046875,103.734375,103.73046875,103.73046875,353.0
2025-06-23 12:04:00+00:00,103.73046875,103.734375,103.7265625,103.73046875,476.0
2025-06-23 12:05:00+00:00,103.734375,103.734375,103.73046875,103.73046875,803.0
2025-06-23 12:06:00+00:00,103.73046875,103.734375,103.73046875,103.734375,933.0
2025-06-23 12:07:00+00:00,103.73046875,103.73046875,103.7265625,103.73046875,479.0
2025-06-23 12:08:00+00:00,103.7265625,103.73046875,103.7265625,103.73046875,1693.0
2025-06-23 12:09:00+00:00,103.7265625,103.73046875,103.7265625,103.73046875,3838.0
2025-06-23 12:10:00+00:00,103.7265625,103.7265625,103.7265625,103.7265625,1209.0
2025-06-23 12:11:00+00:00,103.7265625,103.7265625,103.7265625,103.7265625,4.0
2025-06-23 12:12:00+00:00,103.73046875,103.73046875,103.7265625,103.7265625,808.0
2025-06-23 12:13:00+00:00,103.73046875,103.734375,103.7265625,103.73046875,1490.0
2025-06-23 12:14:00+00:00,103.7265625,103.73046875,103.7265625,103.73046875,113.0
2025-06-23 12:15:00+00:00,103.7265625,103.73046875,103.7265625,103.7265625,546.0
2025-06-23 12:16:00+00:00,103.7265625,103.7265625,103.7265625,103.7265625,433.0
2025-06-23 12:17:00+00:00,103.72265625,103.72265625,103.71875,103.72265625,1702.0
2025-06-23 12:18:00+00:00,103.734375,103.734375,103.7265625,103.7265625,347.0
2025-06-23 12:19:00+00:00,103.73046875,103.734375,103.73046875,103.734375,395.0
2025-06-23 12:20:00+00:00,103.734375,103.734375,103.73046875,103.734375,790.0
2025-06-23 12:21:00+00:00,103.73828125,103.73828125,103.734375,103.734375,709.0
2025-06-23 12:22:00+00:00,103.734375,103.73828125,103.734375,103.73828125,151.0
2025-06-23 12:23:00+00:00,103.73828125,103.73828125,103.73828125,103.73828125,928.0
2025-06-23 12:24:00+00:00,103.7421875,103.7421875,103.73828125,103.73828125,1538.0
2025-06-23 12:25:00+00:00,103.7421875,103.74609375,103.73828125,103.74609375,1435.0
2025-06-23 12:26:00+00:00,103.7421875,103.7421875,103.73828125,103.7421875,819.0
2025-06-23 12:27:00+00:00,103.74609375,103.74609375,103.7421875,103.7421875,312.0
2025-06-23 12:28:00+00:00,103.74609375,103.74609375,103.73828125,103.7421875,914.0
2025-06-23 12:29:00+00:00,103.74609375,103.74609375,103.7421875,103.7421875,436.0
2025-06-23 12:30:00+00:00,103.74609375,103.74609375,103.7421875,103.74609375,709.0
2025-06-23 12:31:00+00:00,103.74609375,103.75,103.74609375,103.74609375,774.0
2025-06-23 12:32:00+00:00,103.75,103.75,103.74609375,103.74609375,2070.0
2025-06-23 12:33:00+00:00,103.74609375,103.75,103.74609375,103.75,1309.0
2025-06-23 12:34:00+00:00,103.74609375,103.74609375,103.74609375,103.74609375,869.0
2025-06-23 12:35:00+00:00,103.74609375,103.75,103.74609375,103.75,537.0
2025-06-23 12:36:00+00:00,103.75,103.75390625,103.74609375,103.74609375,3292.0
2025-06-23 12:37:00+00:00,103.75,103.75,103.74609375,103.75,142.0
2025-06-23 12:38:00+00:00,103.75,103.75,103.75,103.75,64.0
2025-06-23 12:39:00+00:00,103.75,103.75,103.75,103.75,2.0
2025-06-23 12:40:00+00:00,103.75390625,103.75390625,103.75,103.75,494.0
2025-06-23 12:41:00+00:00,103.75390625,103.75390625,103.75390625,103.75390625,28.0
2025-06-23 12:42:00+00:00,103.7578125,103.7578125,103.75390625,103.75390625,2883.0
2025-06-23 12:43:00+00:00,103.75390625,103.7578125,103.75,103.7578125,315.0
2025-06-23 12:44:00+00:00,103.75,103.75390625,103.75,103.75,579.0
2025-06-23 12:45:00+00:00,103.75,103.75390625,103.75,103.75390625,1269.0
2025-06-23 12:46:00+00:00,103.75,103.75390625,103.75,103.75,440.0
2025-06-23 12:47:00+00:00,103.75,103.75,103.75,103.75,230.0
2025-06-23 12:48:00+00:00,103.74609375,103.75,103.74609375,103.75,172.0
2025-06-23 12:49:00+00:00,103.74609375,103.75,103.73828125,103.74609375,1043.0
2025-06-23 12:50:00+00:00,103.74609375,103.74609375,103.7421875,103.7421875,519.0
2025-06-23 12:51:00+00:00,103.7421875,103.75,103.7421875,103.75,91.0
2025-06-23 12:52:00+00:00,103.75,103.75,103.7421875,103.7421875,799.0
2025-06-23 12:53:00+00:00,103.74609375,103.75,103.74609375,103.74609375,43.0
2025-06-23 12:54:00+00:00,103.74609375,103.75,103.7421875,103.74609375,1417.0
2025-06-23 12:55:00+00:00,103.74609375,103.74609375,103.7421875,103.7421875,201.0
2025-06-23 12:56:00+00:00,103.7421875,103.74609375,103.7421875,103.74609375,127.0
2025-06-23 12:57:00+00:00,103.75,103.75,103.7421875,103.74609375,584.0
2025-06-23 12:58:00+00:00,103.74609375,103.75,103.74609375,103.75,18.0
2025-06-23 12:59:00+00:00,103.74609375,103.75,103.74609375,103.74609375,706.0
2025-06-23 13:00:00+00:00,103.7421875,103.74609375,103.73828125,103.74609375,1998.0
2025-06-23 13:01:00+00:00,103.73828125,103.7421875,103.73828125,103.7421875,440.0
2025-06-23 13:02:00+00:00,103.7421875,103.7421875,103.73828125,103.73828125,22.0
2025-06-23 13:03:00+00:00,103.7421875,103.74609375,103.7421875,103.7421875,535.0
2025-06-23 13:04:00+00:00,103.7421875,103.7421875,103.7421875,103.7421875,387.0
2025-06-23 13:05:00+00:00,103.73828125,103.7421875,103.73828125,103.7421875,254.0
2025-06-23 13:06:00+00:00,103.73828125,103.73828125,103.73828125,103.73828125,155.0
2025-06-23 13:07:00+00:00,103.7421875,103.7421875,103.73828125,103.73828125,2424.0
2025-06-23 13:08:00+00:00,103.73828125,103.7421875,103.734375,103.7421875,1152.0
2025-06-23 13:09:00+00:00,103.7421875,103.7421875,103.73828125,103.73828125,845.0
2025-06-23 13:10:00+00:00,103.7421875,103.7421875,103.73828125,103.7421875,997.0
2025-06-23 13:11:00+00:00,103.7421875,103.7421875,103.7421875,103.7421875,303.0
2025-06-23 13:12:00+00:00,103.7421875,103.7421875,103.7421875,103.7421875,94.0
2025-06-23 13:13:00+00:00,103.74609375,103.74609375,103.73828125,103.7421875,929.0
2025-06-23 13:14:00+00:00,103.74609375,103.74609375,103.74609375,103.74609375,110.0
2025-06-23 13:15:00+00:00,103.7421875,103.74609375,103.7421875,103.74609375,535.0
2025-06-23 13:16:00+00:00,103.7421875,103.7421875,103.73828125,103.7421875,599.0
2025-06-23 13:17:00+00:00,103.7421875,103.7421875,103.73828125,103.73828125,155.0
2025-06-23 13:18:00+00:00,103.7421875,103.74609375,103.7421875,103.74609375,20.0
2025-06-23 13:19:00+00:00,103.74609375,103.74609375,103.7421875,103.74609375,64.0
2025-06-23 13:20:00+00:00,103.74609375,103.74609375,103.7421875,103.7421875,49.0
2025-06-23 13:21:00+00:00,103.74609375,103.74609375,103.7421875,103.74609375,1030.0
2025-06-23 13:22:00+00:00,103.7421875,103.74609375,103.7421875,103.74609375,965.0
2025-06-23 13:23:00+00:00,103.74609375,103.74609375,103.7421875,103.7421875,1685.0
2025-06-23 13:24:00+00:00,103.74609375,103.74609375,103.74609375,103.74609375,359.0
2025-06-23 13:25:00+00:00,103.7421875,103.74609375,103.73828125,103.74609375,324.0
2025-06-23 13:26:00+00:00,103.7421875,103.7421875,103.73828125,103.7421875,467.0
2025-06-23 13:27:00+00:00,103.7421875,103.74609375,103.7421875,103.74609375,587.0
2025-06-23 13:28:00+00:00,103.74609375,103.74609375,103.74609375,103.74609375,255.0
2025-06-23 13:29:00+00:00,103.74609375,103.75,103.74609375,103.74609375,154.0
2025-06-23 13:30:00+00:00,103.7421875,103.74609375,103.73828125,103.7421875,1357.0
2025-06-23 13:31:00+00:00,103.7421875,103.7421875,103.7421875,103.7421875,265.0
2025-06-23 13:32:00+00:00,103.73828125,103.74609375,103.73828125,103.7421875,430.0
2025-06-23 13:33:00+00:00,103.7421875,103.7421875,103.7421875,103.7421875,432.0
2025-06-23 13:34:00+00:00,103.7421875,103.7421875,103.73828125,103.7421875,862.0
2025-06-23 13:35:00+00:00,103.74609375,103.74609375,103.73828125,103.7421875,3566.0
2025-06-23 13:36:00+00:00,103.74609375,103.74609375,103.74609375,103.74609375,2117.0
2025-06-23 13:37:00+00:00,103.75,103.75,103.74609375,103.74609375,812.0
2025-06-23 13:38:00+00:00,103.74609375,103.75,103.74609375,103.75,1201.0
2025-06-23 13:39:00+00:00,103.75,103.75390625,103.75,103.75,716.0
2025-06-23 13:40:00+00:00,103.75,103.75,103.74609375,103.75,85.0
2025-06-23 13:41:00+00:00,103.74609375,103.75,103.74609375,103.75,633.0
2025-06-23 13:42:00+00:00,103.74609375,103.75,103.74609375,103.74609375,458.0
2025-06-23 13:43:00+00:00,103.74609375,103.75,103.74609375,103.75,647.0
2025-06-23 13:44:00+00:00,103.75,103.75,103.74609375,103.74609375,1530.0
2025-06-23 13:45:00+00:00,103.734375,103.74609375,103.71875,103.74609375,4531.0
2025-06-23 13:46:00+00:00,103.734375,103.73828125,103.734375,103.734375,2602.0
2025-06-23 13:47:00+00:00,103.734375,103.73828125,103.734375,103.73828125,1028.0
2025-06-23 13:48:00+00:00,103.734375,103.734375,103.73046875,103.734375,1305.0
2025-06-23 13:49:00+00:00,103.73828125,103.73828125,103.734375,103.734375,1115.0
2025-06-23 13:50:00+00:00,103.75,103.75,103.7421875,103.7421875,1052.0
2025-06-23 13:51:00+00:00,103.73828125,103.74609375,103.73828125,103.74609375,942.0
2025-06-23 13:52:00+00:00,103.7421875,103.7421875,103.73828125,103.73828125,1480.0
2025-06-23 13:53:00+00:00,103.74609375,103.74609375,103.7421875,103.74609375,433.0
2025-06-23 13:54:00+00:00,103.75,103.75,103.74609375,103.74609375,770.0
2025-06-23 13:55:00+00:00,103.75,103.75,103.75,103.75,652.0
2025-06-23 13:56:00+00:00,103.75,103.75,103.74609375,103.74609375,303.0
2025-06-23 13:57:00+00:00,103.74609375,103.75,103.74609375,103.75,543.0
2025-06-23 13:58:00+00:00,103.74609375,103.75,103.74609375,103.74609375,71.0
2025-06-23 13:59:00+00:00,103.7421875,103.74609375,103.7421875,103.74609375,1178.0
2025-06-23 14:00:00+00:00,103.7734375,103.78125,103.73828125,103.73828125,14472.0
2025-06-23 14:01:00+00:00,103.80078125,103.80078125,103.7734375,103.7734375,7556.0
2025-06-23 14:02:00+00:00,103.79296875,103.8046875,103.7890625,103.80078125,3877.0
2025-06-23 14:03:00+00:00,103.80859375,103.8125,103.7890625,103.79296875,7340.0
2025-06-23 14:04:00+00:00,103.80859375,103.8125,103.8046875,103.80859375,4377.0
2025-06-23 14:05:00+00:00,103.80078125,103.80859375,103.796875,103.80859375,2930.0
2025-06-23 14:06:00+00:00,103.796875,103.80078125,103.79296875,103.796875,2184.0
2025-06-23 14:07:00+00:00,103.80078125,103.8046875,103.796875,103.796875,1365.0
2025-06-23 14:08:00+00:00,103.8046875,103.80859375,103.8046875,103.8046875,1553.0
2025-06-23 14:09:00+00:00,103.8046875,103.8046875,103.796875,103.8046875,2289.0
2025-06-23 14:10:00+00:00,103.8125,103.8125,103.8046875,103.8046875,1674.0
2025-06-23 14:11:00+00:00,103.81640625,103.81640625,103.80859375,103.8125,1178.0
2025-06-23 14:12:00+00:00,103.81640625,103.81640625,103.8125,103.81640625,1897.0
2025-06-23 14:13:00+00:00,103.8125,103.81640625,103.8125,103.8125,3240.0
2025-06-23 14:14:00+00:00,103.80859375,103.81640625,103.80859375,103.8125,1516.0
2025-06-23 14:15:00+00:00,103.8125,103.81640625,103.80859375,103.8125,2869.0
2025-06-23 14:16:00+00:00,103.8125,103.8125,103.8046875,103.80859375,1045.0
2025-06-23 14:17:00+00:00,103.80859375,103.80859375,103.8046875,103.80859375,2243.0
2025-06-23 14:18:00+00:00,103.81640625,103.82421875,103.80859375,103.80859375,2238.0
2025-06-23 14:19:00+00:00,103.8203125,103.82421875,103.81640625,103.8203125,1423.0
2025-06-23 14:20:00+00:00,103.82421875,103.828125,103.81640625,103.8203125,1514.0
2025-06-23 14:21:00+00:00,103.828125,103.83203125,103.8203125,103.82421875,6549.0
2025-06-23 14:22:00+00:00,103.828125,103.83203125,103.81640625,103.83203125,7789.0
2025-06-23 14:23:00+00:00,103.828125,103.8359375,103.828125,103.83203125,3123.0
2025-06-23 14:24:00+00:00,103.828125,103.83203125,103.82421875,103.828125,1169.0
2025-06-23 14:25:00+00:00,103.81640625,103.828125,103.81640625,103.828125,6263.0
2025-06-23 14:26:00+00:00,103.8203125,103.8203125,103.81640625,103.8203125,1472.0
2025-06-23 14:27:00+00:00,103.81640625,103.8203125,103.8125,103.8203125,6775.0
2025-06-23 14:28:00+00:00,103.81640625,103.81640625,103.8125,103.8125,685.0
2025-06-23 14:29:00+00:00,103.81640625,103.8203125,103.8125,103.81640625,586.0
2025-06-23 14:30:00+00:00,103.80859375,103.81640625,103.80859375,103.81640625,2744.0
2025-06-23 14:31:00+00:00,103.81640625,103.81640625,103.8046875,103.80859375,2986.0
2025-06-23 14:32:00+00:00,103.8125,103.81640625,103.80859375,103.8125,1049.0
2025-06-23 14:33:00+00:00,103.81640625,103.8203125,103.8125,103.81640625,468.0
2025-06-23 14:34:00+00:00,103.8203125,103.8203125,103.8125,103.81640625,2090.0
2025-06-23 14:35:00+00:00,103.82421875,103.828125,103.81640625,103.81640625,1304.0
2025-06-23 14:36:00+00:00,103.8203125,103.82421875,103.8203125,103.8203125,1568.0
2025-06-23 14:37:00+00:00,103.82421875,103.828125,103.82421875,103.82421875,1297.0
2025-06-23 14:38:00+00:00,103.8203125,103.82421875,103.8203125,103.8203125,1875.0
2025-06-23 14:39:00+00:00,103.8203125,103.828125,103.8203125,103.82421875,1881.0
2025-06-23 14:40:00+00:00,103.81640625,103.8203125,103.81640625,103.81640625,467.0
2025-06-23 14:41:00+00:00,103.81640625,103.8203125,103.8125,103.81640625,880.0
2025-06-23 14:42:00+00:00,103.8203125,103.8203125,103.81640625,103.81640625,226.0
2025-06-23 14:43:00+00:00,103.8203125,103.8203125,103.81640625,103.8203125,519.0
2025-06-23 14:44:00+00:00,103.8203125,103.82421875,103.8203125,103.8203125,652.0
2025-06-23 14:45:00+00:00,103.83203125,103.83203125,103.82421875,103.82421875,3388.0
2025-06-23 14:46:00+00:00,103.83203125,103.83203125,103.828125,103.83203125,551.0
2025-06-23 14:47:00+00:00,103.83203125,103.83203125,103.828125,103.828125,712.0
2025-06-23 14:48:00+00:00,103.83203125,103.83203125,103.828125,103.828125,873.0
2025-06-23 14:49:00+00:00,103.8359375,103.8359375,103.83203125,103.83203125,251.0
2025-06-23 14:50:00+00:00,103.8359375,103.8359375,103.83203125,103.8359375,898.0
2025-06-23 14:51:00+00:00,103.828125,103.8359375,103.828125,103.8359375,2442.0
2025-06-23 14:52:00+00:00,103.83203125,103.8359375,103.83203125,103.83203125,683.0
2025-06-23 14:53:00+00:00,103.83203125,103.8359375,103.83203125,103.8359375,1292.0
2025-06-23 14:54:00+00:00,103.83984375,103.84375,103.83203125,103.83203125,1371.0
2025-06-23 14:55:00+00:00,103.84765625,103.84765625,103.84375,103.84375,504.0
2025-06-23 14:56:00+00:00,103.83984375,103.84765625,103.83984375,103.84765625,1356.0
2025-06-23 14:57:00+00:00,103.84375,103.84375,103.83984375,103.83984375,297.0
2025-06-23 14:58:00+00:00,103.8359375,103.8359375,103.8359375,103.8359375,0.0
2025-06-23 14:59:00+00:00,103.84375,103.84375,103.83984375,103.83984375,349674.0
2025-06-23 15:01:00+00:00,103.83984375,103.84375,103.83984375,103.84375,3002.0
2025-06-23 15:02:00+00:00,103.84375,103.84375,103.84375,103.84375,707.0
2025-06-23 15:03:00+00:00,103.84375,103.84375,103.84375,103.84375,337.0
2025-06-23 15:04:00+00:00,103.84375,103.84375,103.84375,103.84375,705.0
2025-06-23 15:06:00+00:00,103.84375,103.84375,103.84375,103.84375,303.0
2025-06-23 15:07:00+00:00,103.84375,103.84375,103.84375,103.84375,1375.0
2025-06-23 15:08:00+00:00,103.8359375,103.8359375,103.8359375,103.8359375,4064.0
2025-06-23 15:09:00+00:00,103.828125,103.83203125,103.828125,103.83203125,1795.0
2025-06-23 15:11:00+00:00,103.8359375,103.83984375,103.8359375,103.83984375,2680.0
2025-06-23 15:12:00+00:00,103.83984375,103.83984375,103.8359375,103.8359375,760.0
2025-06-23 15:15:00+00:00,103.84375,103.84765625,103.84375,103.84375,1875.0
2025-06-23 15:16:00+00:00,103.84375,103.84375,103.83984375,103.84375,1077.0
2025-06-23 15:17:00+00:00,103.84375,103.84375,103.83984375,103.83984375,1703.0
2025-06-23 15:18:00+00:00,103.83984375,103.84375,103.83984375,103.84375,1194.0
2025-06-23 15:19:00+00:00,103.83984375,103.83984375,103.8359375,103.83984375,225.0
2025-06-23 15:21:00+00:00,103.83984375,103.84375,103.83984375,103.84375,111.0
2025-06-23 15:22:00+00:00,103.83984375,103.84375,103.83984375,103.84375,840.0
2025-06-23 15:25:00+00:00,103.84765625,103.8515625,103.83984375,103.83984375,4339.0
2025-06-23 15:26:00+00:00,103.84765625,103.85546875,103.84765625,103.84765625,205.0
2025-06-23 15:29:00+00:00,103.8515625,103.8515625,103.8515625,103.8515625,1730.0
2025-06-23 15:30:00+00:00,103.8515625,103.8515625,103.8515625,103.8515625,561.0
2025-06-23 15:31:00+00:00,103.8515625,103.85546875,103.84765625,103.8515625,466.0
2025-06-23 15:32:00+00:00,103.8515625,103.85546875,103.84765625,103.85546875,1114.0
2025-06-23 15:33:00+00:00,103.8515625,103.8515625,103.84765625,103.8515625,93.0
2025-06-23 15:34:00+00:00,103.85546875,103.85546875,103.8515625,103.8515625,338.0
2025-06-23 15:35:00+00:00,103.8515625,103.85546875,103.8515625,103.8515625,57.0
2025-06-23 15:36:00+00:00,103.85546875,103.85546875,103.8515625,103.8515625,1217.0
2025-06-23 15:37:00+00:00,103.85546875,103.85546875,103.8515625,103.8515625,420.0
2025-06-23 15:38:00+00:00,103.8515625,103.8515625,103.84765625,103.8515625,783.0
2025-06-23 15:39:00+00:00,103.84765625,103.85546875,103.84765625,103.85546875,1019.0
2025-06-23 15:40:00+00:00,103.8515625,103.8515625,103.8515625,103.8515625,186.0
2025-06-23 15:41:00+00:00,103.84765625,103.8515625,103.84765625,103.8515625,964.0
2025-06-23 15:42:00+00:00,103.85546875,103.859375,103.8515625,103.8515625,912.0
2025-06-23 15:43:00+00:00,103.859375,103.859375,103.85546875,103.85546875,500.0
2025-06-23 15:44:00+00:00,103.85546875,103.859375,103.85546875,103.859375,71.0
2025-06-23 15:45:00+00:00,103.859375,103.8671875,103.859375,103.859375,3364.0
2025-06-23 15:46:00+00:00,103.859375,103.859375,103.85546875,103.859375,865.0
2025-06-23 15:47:00+00:00,103.859375,103.86328125,103.859375,103.859375,392.0
2025-06-23 15:48:00+00:00,103.85546875,103.86328125,103.85546875,103.859375,828.0
2025-06-23 15:49:00+00:00,103.85546875,103.859375,103.85546875,103.859375,337.0
2025-06-23 15:50:00+00:00,103.859375,103.86328125,103.859375,103.859375,410.0
2025-06-23 15:51:00+00:00,103.859375,103.86328125,103.859375,103.859375,179.0
2025-06-23 15:52:00+00:00,103.86328125,103.86328125,103.859375,103.859375,270.0
2025-06-23 15:53:00+00:00,103.85546875,103.859375,103.85546875,103.859375,455.0
2025-06-23 15:54:00+00:00,103.859375,103.86328125,103.859375,103.859375,296.0
2025-06-23 15:55:00+00:00,103.859375,103.86328125,103.859375,103.859375,165.0
2025-06-23 15:56:00+00:00,103.8671875,103.87109375,103.859375,103.86328125,5044.0
2025-06-23 15:57:00+00:00,103.8671875,103.87109375,103.8671875,103.8671875,5199.0
2025-06-23 15:58:00+00:00,103.87109375,103.87109375,103.8671875,103.8671875,900.0
2025-06-23 15:59:00+00:00,103.8671875,103.8671875,103.86328125,103.8671875,3372.0
2025-06-23 16:00:00+00:00,103.8671875,103.87109375,103.86328125,103.8671875,2089.0
2025-06-23 16:01:00+00:00,103.87109375,103.87109375,103.8671875,103.8671875,364.0
2025-06-23 16:02:00+00:00,103.8671875,103.87109375,103.8671875,103.8671875,757.0
2025-06-23 16:03:00+00:00,103.8671875,103.8671875,103.8671875,103.8671875,4.0
2025-06-23 16:04:00+00:00,103.8671875,103.8671875,103.8671875,103.8671875,80.0
2025-06-23 16:05:00+00:00,103.87109375,103.87109375,103.8671875,103.8671875,58.0
2025-06-23 16:06:00+00:00,103.87109375,103.87109375,103.8671875,103.8671875,20.0
2025-06-23 16:07:00+00:00,103.86328125,103.87109375,103.86328125,103.87109375,584.0
2025-06-23 16:08:00+00:00,103.86328125,103.8671875,103.86328125,103.86328125,74.0
2025-06-23 16:09:00+00:00,103.8671875,103.8671875,103.86328125,103.86328125,228.0
2025-06-23 16:10:00+00:00,103.8671875,103.8671875,103.859375,103.86328125,2460.0
2025-06-23 16:11:00+00:00,103.8671875,103.8671875,103.8671875,103.8671875,1002.0
2025-06-23 16:12:00+00:00,103.8671875,103.8671875,103.86328125,103.8671875,403.0
2025-06-23 16:13:00+00:00,103.86328125,103.8671875,103.86328125,103.8671875,18.0
2025-06-23 16:14:00+00:00,103.8671875,103.8671875,103.86328125,103.86328125,1536.0
2025-06-23 16:15:00+00:00,103.87109375,103.875,103.87109375,103.87109375,3160.0
2025-06-23 16:16:00+00:00,103.875,103.875,103.875,103.875,277.0
2025-06-23 16:17:00+00:00,103.87890625,103.87890625,103.87109375,103.87109375,1182.0
2025-06-23 16:18:00+00:00,103.8828125,103.8828125,103.87890625,103.87890625,2284.0
2025-06-23 16:19:00+00:00,103.8828125,103.8828125,103.87890625,103.8828125,508.0
2025-06-23 16:20:00+00:00,103.87890625,103.8828125,103.87890625,103.87890625,419.0
2025-06-23 16:21:00+00:00,103.87890625,103.8828125,103.87890625,103.8828125,196.0
2025-06-23 16:22:00+00:00,103.87890625,103.87890625,103.87890625,103.87890625,574.0
2025-06-23 16:23:00+00:00,103.87890625,103.8828125,103.875,103.8828125,1394.0
2025-06-23 16:24:00+00:00,103.875,103.87890625,103.875,103.87890625,104.0
2025-06-23 16:25:00+00:00,103.87890625,103.8828125,103.875,103.87890625,680.0
2025-06-23 16:26:00+00:00,103.87890625,103.8828125,103.87890625,103.87890625,346.0
2025-06-23 16:27:00+00:00,103.87890625,103.8828125,103.87890625,103.8828125,324.0
2025-06-23 16:28:00+00:00,103.8828125,103.8828125,103.87890625,103.8828125,135.0
2025-06-23 16:29:00+00:00,103.890625,103.890625,103.8828125,103.8828125,562.0
2025-06-23 16:30:00+00:00,103.890625,103.890625,103.88671875,103.890625,259.0
2025-06-23 16:31:00+00:00,103.890625,103.89453125,103.88671875,103.88671875,1774.0
2025-06-23 16:32:00+00:00,103.890625,103.890625,103.88671875,103.890625,284.0
2025-06-23 16:33:00+00:00,103.890625,103.89453125,103.890625,103.890625,448.0
2025-06-23 16:34:00+00:00,103.89453125,103.8984375,103.890625,103.89453125,1513.0
2025-06-23 16:35:00+00:00,103.8984375,103.8984375,103.89453125,103.89453125,1015.0
2025-06-23 16:36:00+00:00,103.8984375,103.8984375,103.89453125,103.89453125,596.0
2025-06-23 16:37:00+00:00,103.88671875,103.8984375,103.8828125,103.8984375,2218.0
2025-06-23 16:38:00+00:00,103.88671875,103.890625,103.88671875,103.88671875,778.0
2025-06-23 16:39:00+00:00,103.87890625,103.88671875,103.87890625,103.88671875,2646.0
2025-06-23 16:40:00+00:00,103.87890625,103.8828125,103.87890625,103.87890625,1492.0
2025-06-23 16:41:00+00:00,103.8671875,103.87890625,103.8671875,103.87890625,3137.0
2025-06-23 16:42:00+00:00,103.86328125,103.87109375,103.859375,103.8671875,1302.0
2025-06-23 16:43:00+00:00,103.859375,103.86328125,103.85546875,103.86328125,1636.0
2025-06-23 16:44:00+00:00,103.859375,103.859375,103.8515625,103.85546875,3473.0
2025-06-23 16:46:00+00:00,103.85546875,103.85546875,103.8515625,103.8515625,3036.0
2025-06-23 16:47:00+00:00,103.859375,103.86328125,103.859375,103.86328125,3552.0
2025-06-23 16:48:00+00:00,103.8671875,103.8671875,103.86328125,103.86328125,1109.0
2025-06-23 16:49:00+00:00,103.8671875,103.8671875,103.8671875,103.8671875,542.0
2025-06-23 16:50:00+00:00,103.8671875,103.8671875,103.8671875,103.8671875,183.0
2025-06-23 16:51:00+00:00,103.86328125,103.87109375,103.86328125,103.87109375,668.0
2025-06-23 16:52:00+00:00,103.8671875,103.87109375,103.8671875,103.8671875,318.0
2025-06-23 16:53:00+00:00,103.8671875,103.87109375,103.8671875,103.8671875,952.0
2025-06-23 16:54:00+00:00,103.8671875,103.87109375,103.86328125,103.86328125,503.0
2025-06-23 16:55:00+00:00,103.8671875,103.87109375,103.8671875,103.8671875,1019.0
2025-06-23 16:56:00+00:00,103.8671875,103.87109375,103.8671875,103.8671875,772.0
2025-06-23 16:57:00+00:00,103.8671875,103.87109375,103.86328125,103.8671875,280.0
2025-06-23 16:58:00+00:00,103.8671875,103.87109375,103.8671875,103.8671875,663.0
2025-06-23 16:59:00+00:00,103.87109375,103.87109375,103.86328125,103.87109375,577.0
2025-06-23 17:00:00+00:00,103.8671875,103.8671875,103.86328125,103.8671875,194.0
2025-06-23 17:01:00+00:00,103.86328125,103.8671875,103.86328125,103.8671875,1032.0
2025-06-23 17:02:00+00:00,103.8671875,103.8671875,103.8671875,103.8671875,1168.0
2025-06-23 17:03:00+00:00,103.859375,103.8671875,103.859375,103.8671875,1405.0
2025-06-23 17:04:00+00:00,103.859375,103.859375,103.85546875,103.859375,1192.0
2025-06-23 17:05:00+00:00,103.85546875,103.85546875,103.85546875,103.85546875,1257.0
2025-06-23 17:06:00+00:00,103.8515625,103.859375,103.8515625,103.859375,883.0
2025-06-23 17:07:00+00:00,103.8515625,103.85546875,103.8515625,103.85546875,901.0
2025-06-23 17:08:00+00:00,103.8515625,103.8515625,103.84765625,103.8515625,1062.0
2025-06-23 17:09:00+00:00,103.8515625,103.8515625,103.84765625,103.8515625,114.0
2025-06-23 17:10:00+00:00,103.84375,103.84765625,103.84375,103.84765625,187.0
2025-06-23 17:11:00+00:00,103.84375,103.84765625,103.84375,103.84375,1626.0
2025-06-23 17:12:00+00:00,103.84375,103.84765625,103.84375,103.84375,906.0
2025-06-23 17:13:00+00:00,103.84765625,103.84765625,103.84375,103.84765625,106.0
2025-06-23 17:14:00+00:00,103.83984375,103.84375,103.83984375,103.84375,542.0
2025-06-23 17:15:00+00:00,103.8359375,103.83984375,103.8359375,103.83984375,1473.0
2025-06-23 17:16:00+00:00,103.8359375,103.83984375,103.83203125,103.8359375,1439.0
2025-06-23 17:17:00+00:00,103.8359375,103.8359375,103.83203125,103.8359375,28.0
2025-06-23 17:18:00+00:00,103.8359375,103.8359375,103.8359375,103.8359375,439.0
2025-06-23 17:19:00+00:00,103.84375,103.84375,103.8359375,103.83984375,951.0
2025-06-23 17:20:00+00:00,103.84375,103.84375,103.84375,103.84375,224.0
2025-06-23 17:21:00+00:00,103.84765625,103.84765625,103.84765625,103.84765625,25.0
2025-06-23 17:22:00+00:00,103.84765625,103.84765625,103.84375,103.84765625,95.0
2025-06-23 17:23:00+00:00,103.84375,103.84765625,103.84375,103.84765625,135.0
2025-06-23 17:24:00+00:00,103.83984375,103.84375,103.83984375,103.84375,204.0
2025-06-23 17:25:00+00:00,103.84765625,103.84765625,103.83984375,103.84375,1110.0
2025-06-23 17:26:00+00:00,103.8515625,103.8515625,103.84765625,103.8515625,274.0
2025-06-23 17:27:00+00:00,103.8515625,103.8515625,103.8515625,103.8515625,46.0
2025-06-23 17:28:00+00:00,103.84765625,103.85546875,103.84765625,103.85546875,773.0
2025-06-23 17:29:00+00:00,103.84765625,103.8515625,103.84765625,103.84765625,625.0
2025-06-23 17:30:00+00:00,103.859375,103.859375,103.84765625,103.84765625,1344.0
2025-06-23 17:31:00+00:00,103.85546875,103.859375,103.85546875,103.859375,2289.0
2025-06-23 17:32:00+00:00,103.859375,103.859375,103.85546875,103.85546875,302.0
2025-06-23 17:33:00+00:00,103.85546875,103.85546875,103.85546875,103.85546875,116.0
2025-06-23 17:34:00+00:00,103.85546875,103.85546875,103.85546875,103.85546875,237.0
2025-06-23 17:35:00+00:00,103.85546875,103.85546875,103.8515625,103.8515625,775.0
2025-06-23 17:36:00+00:00,103.8515625,103.85546875,103.8515625,103.85546875,204.0
2025-06-23 17:37:00+00:00,103.8515625,103.8515625,103.84765625,103.8515625,655.0
2025-06-23 17:38:00+00:00,103.85546875,103.85546875,103.84765625,103.8515625,205.0
2025-06-23 17:39:00+00:00,103.8515625,103.85546875,103.8515625,103.85546875,561.0
2025-06-23 17:40:00+00:00,103.859375,103.859375,103.8515625,103.8515625,273.0
2025-06-23 17:41:00+00:00,103.859375,103.859375,103.859375,103.859375,175.0
2025-06-23 17:42:00+00:00,103.859375,103.86328125,103.859375,103.86328125,1012.0
2025-06-23 17:43:00+00:00,103.859375,103.86328125,103.85546875,103.859375,832.0
2025-06-23 17:44:00+00:00,103.859375,103.859375,103.859375,103.859375,64.0
2025-06-23 17:45:00+00:00,103.85546875,103.859375,103.85546875,103.859375,228.0
2025-06-23 17:46:00+00:00,103.85546875,103.859375,103.85546875,103.859375,101.0
2025-06-23 17:47:00+00:00,103.85546875,103.859375,103.85546875,103.859375,150.0
2025-06-23 17:48:00+00:00,103.859375,103.859375,103.859375,103.859375,505.0
2025-06-23 17:49:00+00:00,103.859375,103.859375,103.859375,103.859375,768.0
2025-06-23 17:50:00+00:00,103.859375,103.86328125,103.859375,103.86328125,165.0
2025-06-23 17:51:00+00:00,103.859375,103.859375,103.859375,103.859375,1176.0
2025-06-23 17:52:00+00:00,103.8671875,103.8671875,103.86328125,103.86328125,980.0
2025-06-23 17:53:00+00:00,103.8671875,103.87109375,103.8671875,103.8671875,657.0
2025-06-23 17:54:00+00:00,103.86328125,103.86328125,103.86328125,103.86328125,363.0
2025-06-23 17:55:00+00:00,103.86328125,103.8671875,103.859375,103.86328125,700.0
2025-06-23 17:56:00+00:00,103.86328125,103.86328125,103.86328125,103.86328125,357.0
2025-06-23 17:57:00+00:00,103.86328125,103.8671875,103.86328125,103.8671875,199.0
2025-06-23 17:58:00+00:00,103.86328125,103.86328125,103.86328125,103.86328125,86.0
2025-06-23 17:59:00+00:00,103.86328125,103.86328125,103.86328125,103.86328125,6.0
2025-06-23 18:00:00+00:00,103.86328125,103.86328125,103.86328125,103.86328125,473.0
2025-06-23 18:01:00+00:00,103.86328125,103.8671875,103.86328125,103.8671875,717.0
2025-06-23 18:02:00+00:00,103.859375,103.8671875,103.859375,103.86328125,522.0
2025-06-23 18:03:00+00:00,103.86328125,103.8671875,103.859375,103.859375,372.0
2025-06-23 18:04:00+00:00,103.8671875,103.8671875,103.86328125,103.86328125,4.0
2025-06-23 18:05:00+00:00,103.8671875,103.8671875,103.8671875,103.8671875,750.0
2025-06-23 18:06:00+00:00,103.8671875,103.8671875,103.8671875,103.8671875,2.0
2025-06-23 18:07:00+00:00,103.86328125,103.8671875,103.86328125,103.8671875,7.0
2025-06-23 18:08:00+00:00,103.8671875,103.87109375,103.8671875,103.8671875,214.0
2025-06-23 18:09:00+00:00,103.86328125,103.8671875,103.86328125,103.8671875,208.0
2025-06-23 18:10:00+00:00,103.86328125,103.86328125,103.86328125,103.86328125,566.0
2025-06-23 18:11:00+00:00,103.87890625,103.87890625,103.8671875,103.8671875,3802.0
2025-06-23 18:12:00+00:00,103.875,103.875,103.87109375,103.875,2857.0
2025-06-23 18:13:00+00:00,103.87109375,103.875,103.87109375,103.875,403.0
2025-06-23 18:14:00+00:00,103.87109375,103.87109375,103.87109375,103.87109375,338.0
2025-06-23 18:15:00+00:00,103.87109375,103.875,103.87109375,103.87109375,193.0
2025-06-23 18:16:00+00:00,103.87109375,103.87109375,103.87109375,103.87109375,1405.0
2025-06-23 18:17:00+00:00,103.87109375,103.87109375,103.87109375,103.87109375,729.0
2025-06-23 18:18:00+00:00,103.8671875,103.875,103.8671875,103.87109375,1369.0
2025-06-23 18:19:00+00:00,103.86328125,103.87109375,103.86328125,103.8671875,1136.0
2025-06-23 18:20:00+00:00,103.8671875,103.8671875,103.859375,103.86328125,273.0
2025-06-23 18:21:00+00:00,103.8671875,103.8671875,103.86328125,103.86328125,507.0
2025-06-23 18:22:00+00:00,103.8671875,103.87109375,103.8671875,103.8671875,287.0
2025-06-23 18:23:00+00:00,103.86328125,103.8671875,103.86328125,103.8671875,205.0
2025-06-23 18:24:00+00:00,103.859375,103.87109375,103.859375,103.8671875,1689.0
2025-06-23 18:25:00+00:00,103.86328125,103.86328125,103.86328125,103.86328125,1.0
2025-06-23 18:26:00+00:00,103.859375,103.86328125,103.859375,103.86328125,314.0
2025-06-23 18:28:00+00:00,103.86328125,103.86328125,103.859375,103.86328125,181.0
2025-06-23 18:29:00+00:00,103.8671875,103.8671875,103.859375,103.86328125,1036.0
2025-06-23 18:30:00+00:00,103.8671875,103.8671875,103.8671875,103.8671875,93.0
2025-06-23 18:31:00+00:00,103.86328125,103.86328125,103.86328125,103.86328125,361.0
2025-06-23 18:32:00+00:00,103.85546875,103.859375,103.85546875,103.859375,1019.0
2025-06-23 18:33:00+00:00,103.85546875,103.85546875,103.85546875,103.85546875,433.0
2025-06-23 18:34:00+00:00,103.8515625,103.8515625,103.8515625,103.8515625,146.0
2025-06-23 18:35:00+00:00,103.85546875,103.85546875,103.85546875,103.85546875,213.0
2025-06-23 18:36:00+00:00,103.859375,103.86328125,103.859375,103.859375,386.0
2025-06-23 18:37:00+00:00,103.85546875,103.859375,103.85546875,103.859375,713.0
2025-06-23 18:38:00+00:00,103.85546875,103.85546875,103.85546875,103.85546875,619.0
2025-06-23 18:39:00+00:00,103.8515625,103.8515625,103.84765625,103.8515625,311.0
2025-06-23 18:40:00+00:00,103.85546875,103.859375,103.8515625,103.8515625,1962.0
2025-06-23 18:41:00+00:00,103.85546875,103.85546875,103.85546875,103.85546875,667.0
2025-06-23 18:43:00+00:00,103.859375,103.859375,103.85546875,103.85546875,774.0
2025-06-23 18:44:00+00:00,103.859375,103.859375,103.859375,103.859375,501.0
2025-06-23 18:45:00+00:00,103.86328125,103.86328125,103.859375,103.86328125,847.0
2025-06-23 18:46:00+00:00,103.8671875,103.8671875,103.859375,103.859375,1087.0
2025-06-23 18:47:00+00:00,103.86328125,103.86328125,103.86328125,103.86328125,150.0
2025-06-23 18:48:00+00:00,103.86328125,103.8671875,103.86328125,103.8671875,148.0
2025-06-23 18:49:00+00:00,103.86328125,103.86328125,103.859375,103.859375,50.0
2025-06-23 18:50:00+00:00,103.859375,103.86328125,103.859375,103.859375,801.0
2025-06-23 18:51:00+00:00,103.859375,103.859375,103.85546875,103.85546875,16.0
2025-06-23 18:52:00+00:00,103.859375,103.86328125,103.859375,103.859375,512.0
2025-06-23 18:53:00+00:00,103.859375,103.859375,103.859375,103.859375,309.0
2025-06-23 18:54:00+00:00,103.85546875,103.86328125,103.85546875,103.859375,441.0
2025-06-23 18:55:00+00:00,103.8671875,103.87109375,103.859375,103.859375,1448.0
2025-06-23 18:56:00+00:00,103.87109375,103.87109375,103.8671875,103.87109375,765.0
2025-06-23 18:57:00+00:00,103.87109375,103.87109375,103.8671875,103.87109375,158.0
2025-06-23 18:58:00+00:00,103.86328125,103.87109375,103.86328125,103.87109375,2055.0
2025-06-23 18:59:00+00:00,103.86328125,103.87109375,103.86328125,103.8671875,7133.0
2025-06-23 19:00:00+00:00,103.86328125,103.8671875,103.859375,103.8671875,1379.0
2025-06-23 19:01:00+00:00,103.859375,103.86328125,103.85546875,103.859375,1168.0
2025-06-23 19:02:00+00:00,103.859375,103.859375,103.859375,103.859375,195.0
2025-06-23 19:03:00+00:00,103.859375,103.859375,103.859375,103.859375,409.0
2025-06-23 19:04:00+00:00,103.85546875,103.859375,103.85546875,103.859375,45.0
2025-06-23 19:05:00+00:00,103.859375,103.859375,103.859375,103.859375,1062.0
2025-06-23 19:06:00+00:00,103.85546875,103.859375,103.85546875,103.859375,602.0
2025-06-23 19:07:00+00:00,103.85546875,103.85546875,103.85546875,103.85546875,1548.0
2025-06-23 19:08:00+00:00,103.84765625,103.859375,103.84765625,103.85546875,931.0
2025-06-23 19:09:00+00:00,103.84375,103.8515625,103.84375,103.8515625,606.0
2025-06-23 19:10:00+00:00,103.8515625,103.8515625,103.84375,103.84375,642.0
2025-06-23 19:11:00+00:00,103.84765625,103.84765625,103.84765625,103.84765625,699.0
2025-06-23 19:12:00+00:00,103.84765625,103.84765625,103.84375,103.84765625,179.0
2025-06-23 19:13:00+00:00,103.84375,103.84765625,103.84375,103.84765625,289.0
2025-06-23 19:14:00+00:00,103.84375,103.84765625,103.84375,103.84375,711.0
2025-06-23 19:15:00+00:00,103.84765625,103.84765625,103.84765625,103.84765625,28.0
2025-06-23 19:16:00+00:00,103.84375,103.84765625,103.84375,103.84765625,1911.0
2025-06-23 19:17:00+00:00,103.84375,103.84765625,103.84375,103.84375,422.0
2025-06-23 19:18:00+00:00,103.84375,103.84375,103.84375,103.84375,42.0
2025-06-23 19:19:00+00:00,103.84375,103.84375,103.84375,103.84375,387.0
2025-06-23 19:20:00+00:00,103.84375,103.84375,103.84375,103.84375,236.0
2025-06-23 19:21:00+00:00,103.84375,103.84765625,103.84375,103.84375,399.0
2025-06-23 19:22:00+00:00,103.84375,103.84375,103.84375,103.84375,201.0
2025-06-23 19:23:00+00:00,103.84375,103.84765625,103.84375,103.84765625,30.0
2025-06-23 19:24:00+00:00,103.84375,103.84375,103.83984375,103.83984375,57.0
2025-06-23 19:25:00+00:00,103.83984375,103.84375,103.83984375,103.84375,2.0
2025-06-23 19:26:00+00:00,103.84375,103.84765625,103.83984375,103.84375,971.0
2025-06-23 19:27:00+00:00,103.83984375,103.84375,103.83984375,103.84375,440.0
2025-06-23 19:28:00+00:00,103.8359375,103.8359375,103.8359375,103.8359375,10.0
2025-06-23 19:29:00+00:00,103.8359375,103.83984375,103.8359375,103.8359375,357.0
2025-06-23 19:30:00+00:00,103.83984375,103.83984375,103.8359375,103.8359375,825.0
2025-06-23 19:31:00+00:00,103.84375,103.84375,103.84375,103.84375,232.0
2025-06-23 19:32:00+00:00,103.84375,103.84765625,103.84375,103.84765625,44.0
2025-06-23 19:33:00+00:00,103.84765625,103.84765625,103.84765625,103.84765625,89.0
2025-06-23 19:34:00+00:00,103.84375,103.84765625,103.84375,103.84765625,126.0
2025-06-23 19:35:00+00:00,103.83984375,103.84375,103.83984375,103.84375,627.0
2025-06-23 19:36:00+00:00,103.83984375,103.84375,103.8359375,103.84375,1114.0
2025-06-23 19:37:00+00:00,103.83203125,103.83984375,103.83203125,103.83984375,648.0
2025-06-23 19:38:00+00:00,103.8359375,103.83984375,103.8359375,103.8359375,1687.0
2025-06-23 19:39:00+00:00,103.8359375,103.8359375,103.8359375,103.8359375,820.0
2025-06-23 19:40:00+00:00,103.8359375,103.8359375,103.83203125,103.8359375,539.0
2025-06-23 19:41:00+00:00,103.83203125,103.8359375,103.83203125,103.8359375,1996.0
2025-06-23 19:42:00+00:00,103.83203125,103.8359375,103.83203125,103.8359375,1742.0
2025-06-23 19:43:00+00:00,103.83203125,103.83203125,103.83203125,103.83203125,154.0
2025-06-23 19:44:00+00:00,103.828125,103.83203125,103.828125,103.83203125,19.0
2025-06-23 19:45:00+00:00,103.828125,103.83203125,103.828125,103.83203125,1830.0
2025-06-23 19:46:00+00:00,103.828125,103.828125,103.828125,103.828125,354.0
2025-06-23 19:47:00+00:00,103.828125,103.83203125,103.82421875,103.83203125,485.0
2025-06-23 19:48:00+00:00,103.828125,103.828125,103.828125,103.828125,522.0
2025-06-23 19:50:00+00:00,103.828125,103.828125,103.828125,103.828125,1.0
2025-06-23 19:51:00+00:00,103.828125,103.828125,103.82421875,103.82421875,31.0
2025-06-23 19:52:00+00:00,103.82421875,103.82421875,103.82421875,103.82421875,958.0
2025-06-23 19:53:00+00:00,103.82421875,103.82421875,103.82421875,103.82421875,878.0
2025-06-23 19:54:00+00:00,103.82421875,103.82421875,103.82421875,103.82421875,850.0
2025-06-23 19:55:00+00:00,103.8203125,103.82421875,103.8203125,103.82421875,1464.0
2025-06-23 19:56:00+00:00,103.82421875,103.82421875,103.8203125,103.82421875,30.0
2025-06-23 19:57:00+00:00,103.8203125,103.8203125,103.8203125,103.8203125,1015.0
2025-06-23 19:58:00+00:00,103.81640625,103.8203125,103.81640625,103.81640625,80.0
2025-06-23 19:59:00+00:00,103.8203125,103.82421875,103.81640625,103.81640625,2482.0
2025-06-23 20:00:00+00:00,103.828125,103.828125,103.81640625,103.81640625,1255.0
2025-06-23 20:01:00+00:00,103.828125,103.828125,103.82421875,103.82421875,360.0
2025-06-23 20:02:00+00:00,103.82421875,103.828125,103.82421875,103.828125,892.0
2025-06-23 20:03:00+00:00,103.828125,103.828125,103.82421875,103.82421875,458.0
2025-06-23 20:04:00+00:00,103.828125,103.828125,103.82421875,103.82421875,1124.0
2025-06-23 20:05:00+00:00,103.82421875,103.828125,103.8203125,103.82421875,1088.0
2025-06-23 20:06:00+00:00,103.8203125,103.8203125,103.8203125,103.8203125,1427.0
2025-06-23 20:07:00+00:00,103.8203125,103.8203125,103.8203125,103.8203125,333.0
2025-06-23 20:08:00+00:00,103.8203125,103.8203125,103.8203125,103.8203125,98.0
2025-06-23 20:09:00+00:00,103.8203125,103.8203125,103.81640625,103.8203125,310.0
2025-06-23 20:10:00+00:00,103.81640625,103.8203125,103.81640625,103.8203125,100.0
2025-06-23 20:12:00+00:00,103.81640625,103.81640625,103.81640625,103.81640625,369.0
2025-06-23 20:13:00+00:00,103.8203125,103.8203125,103.8203125,103.8203125,16.0
2025-06-23 20:14:00+00:00,103.81640625,103.81640625,103.81640625,103.81640625,1191.0
2025-06-23 20:15:00+00:00,103.81640625,103.8203125,103.81640625,103.81640625,529.0
2025-06-23 20:16:00+00:00,103.81640625,103.81640625,103.81640625,103.81640625,67.0
2025-06-23 20:17:00+00:00,103.8203125,103.8203125,103.8203125,103.8203125,806.0
2025-06-23 20:18:00+00:00,103.8203125,103.8203125,103.8203125,103.8203125,337.0
2025-06-23 20:19:00+00:00,103.8203125,103.8203125,103.8203125,103.8203125,626.0
2025-06-23 20:20:00+00:00,103.8203125,103.8203125,103.8203125,103.8203125,621.0
2025-06-23 20:22:00+00:00,103.81640625,103.81640625,103.81640625,103.81640625,5.0
2025-06-23 20:23:00+00:00,103.8203125,103.8203125,103.8203125,103.8203125,10.0
2025-06-23 20:24:00+00:00,103.81640625,103.8203125,103.81640625,103.81640625,418.0
2025-06-23 20:25:00+00:00,103.81640625,103.81640625,103.81640625,103.81640625,463.0
2025-06-23 20:26:00+00:00,103.81640625,103.81640625,103.81640625,103.81640625,213.0
2025-06-23 20:27:00+00:00,103.81640625,103.81640625,103.81640625,103.81640625,8.0
2025-06-23 20:28:00+00:00,103.81640625,103.81640625,103.81640625,103.81640625,46.0
2025-06-23 20:29:00+00:00,103.8125,103.81640625,103.8125,103.81640625,41.0
2025-06-23 20:30:00+00:00,103.80859375,103.8125,103.8046875,103.8125,1775.0
2025-06-23 20:31:00+00:00,103.80859375,103.80859375,103.80859375,103.80859375,54.0
2025-06-23 20:32:00+00:00,103.8046875,103.80859375,103.8046875,103.80859375,929.0
2025-06-23 20:33:00+00:00,103.80859375,103.80859375,103.80859375,103.80859375,27.0
2025-06-23 20:34:00+00:00,103.8046875,103.80859375,103.80078125,103.80859375,571.0
2025-06-23 20:35:00+00:00,103.8046875,103.80859375,103.80078125,103.8046875,1447.0
2025-06-23 20:36:00+00:00,103.8046875,103.8046875,103.8046875,103.8046875,9.0
2025-06-23 20:37:00+00:00,103.796875,103.80078125,103.796875,103.80078125,1398.0
2025-06-23 20:38:00+00:00,103.80078125,103.8046875,103.80078125,103.80078125,529.0
2025-06-23 20:39:00+00:00,103.8046875,103.8046875,103.80078125,103.80078125,658.0
2025-06-23 20:40:00+00:00,103.80078125,103.80078125,103.80078125,103.80078125,156.0
2025-06-23 20:41:00+00:00,103.80078125,103.80078125,103.80078125,103.80078125,246.0
2025-06-23 20:42:00+00:00,103.796875,103.796875,103.796875,103.796875,2.0
2025-06-23 20:43:00+00:00,103.796875,103.80078125,103.796875,103.80078125,32.0
2025-06-23 20:44:00+00:00,103.80078125,103.80078125,103.796875,103.80078125,553.0
2025-06-23 20:45:00+00:00,103.80078125,103.80078125,103.796875,103.80078125,406.0
2025-06-23 20:46:00+00:00,103.80078125,103.80078125,103.80078125,103.80078125,146.0
2025-06-23 20:47:00+00:00,103.80078125,103.80078125,103.80078125,103.80078125,865.0
2025-06-23 20:48:00+00:00,103.80078125,103.80078125,103.80078125,103.80078125,109.0
2025-06-23 20:49:00+00:00,103.796875,103.796875,103.796875,103.796875,1194.0
2025-06-23 20:50:00+00:00,103.796875,103.80078125,103.796875,103.80078125,812.0
2025-06-23 20:51:00+00:00,103.80078125,103.80078125,103.796875,103.796875,334.0
2025-06-23 20:52:00+00:00,103.80078125,103.8046875,103.80078125,103.8046875,54.0
2025-06-23 20:53:00+00:00,103.80078125,103.80078125,103.80078125,103.80078125,300.0
2025-06-23 20:54:00+00:00,103.80078125,103.80078125,103.796875,103.80078125,323.0
2025-06-23 20:55:00+00:00,103.8046875,103.8046875,103.80078125,103.80078125,279.0
2025-06-23 20:56:00+00:00,103.80078125,103.80078125,103.80078125,103.80078125,59.0
2025-06-23 20:57:00+00:00,103.8046875,103.8046875,103.80078125,103.80078125,305.0
2025-06-23 20:58:00+00:00,103.8046875,103.8046875,103.80078125,103.80078125,520.0
2025-06-23 20:59:00+00:00,103.796875,103.80078125,103.79296875,103.80078125,670.0
2025-06-23 22:00:00+00:00,103.79296875,103.796875,103.79296875,103.796875,0.0
2025-06-23 22:01:00+00:00,103.79296875,103.79296875,103.79296875,103.79296875,2.0
2025-06-23 22:02:00+00:00,103.79296875,103.79296875,103.79296875,103.79296875,4.0
2025-06-23 22:03:00+00:00,103.77734375,103.7890625,103.77734375,103.7890625,432.0
2025-06-23 22:04:00+00:00,103.78125,103.78125,103.78125,103.78125,339.0
2025-06-23 22:05:00+00:00,103.78515625,103.78515625,103.78125,103.78125,276.0
2025-06-23 22:06:00+00:00,103.79296875,103.79296875,103.78515625,103.78515625,178.0
2025-06-23 22:07:00+00:00,103.796875,103.80078125,103.7890625,103.79296875,221.0
2025-06-23 22:08:00+00:00,103.8046875,103.80859375,103.796875,103.796875,254.0
2025-06-23 22:09:00+00:00,103.8046875,103.80859375,103.80078125,103.8046875,207.0
2025-06-23 22:10:00+00:00,103.796875,103.80078125,103.796875,103.80078125,126.0
2025-06-23 22:11:00+00:00,103.79296875,103.796875,103.79296875,103.79296875,157.0
2025-06-23 22:15:00+00:00,103.8046875,103.8046875,103.80078125,103.80078125,606.0
2025-06-23 22:16:00+00:00,103.8046875,103.8046875,103.8046875,103.8046875,175.0
2025-06-23 22:18:00+00:00,103.8046875,103.80859375,103.8046875,103.8046875,562.0
2025-06-23 22:19:00+00:00,103.8046875,103.8046875,103.8046875,103.8046875,76.0
2025-06-23 22:20:00+00:00,103.80859375,103.8125,103.8046875,103.8046875,102.0
2025-06-23 22:21:00+00:00,103.8046875,103.8046875,103.8046875,103.8046875,37.0
2025-06-23 22:22:00+00:00,103.80078125,103.8046875,103.80078125,103.8046875,383.0
2025-06-23 22:23:00+00:00,103.80078125,103.80078125,103.80078125,103.80078125,2.0
2025-06-23 22:24:00+00:00,103.796875,103.80078125,103.796875,103.80078125,442.0
2025-06-23 22:26:00+00:00,103.796875,103.796875,103.796875,103.796875,173.0
2025-06-23 22:27:00+00:00,103.79296875,103.79296875,103.79296875,103.79296875,229.0
2025-06-23 22:29:00+00:00,103.796875,103.796875,103.796875,103.796875,103.0
2025-06-23 22:31:00+00:00,103.80078125,103.80078125,103.796875,103.796875,54.0
2025-06-23 22:32:00+00:00,103.80078125,103.80078125,103.80078125,103.80078125,6.0
2025-06-23 22:33:00+00:00,103.80078125,103.80078125,103.80078125,103.80078125,207.0
2025-06-23 22:39:00+00:00,103.796875,103.80078125,103.796875,103.80078125,71.0
2025-06-23 22:42:00+00:00,103.80078125,103.80078125,103.80078125,103.80078125,13.0
2025-06-23 22:43:00+00:00,103.8046875,103.8046875,103.8046875,103.8046875,62.0
2025-06-23 22:44:00+00:00,103.8046875,103.8046875,103.8046875,103.8046875,8.0
2025-06-23 22:45:00+00:00,103.8046875,103.80859375,103.8046875,103.8046875,25.0
2025-06-23 22:46:00+00:00,103.8046875,103.8046875,103.8046875,103.8046875,3.0
2025-06-23 22:47:00+00:00,103.80078125,103.8046875,103.80078125,103.8046875,203.0
2025-06-23 22:49:00+00:00,103.8046875,103.8046875,103.8046875,103.8046875,61.0
2025-06-23 22:50:00+00:00,103.8046875,103.8046875,103.8046875,103.8046875,31.0
2025-06-23 22:51:00+00:00,103.8046875,103.8046875,103.8046875,103.8046875,128.0
2025-06-23 22:56:00+00:00,103.8046875,103.8046875,103.8046875,103.8046875,1.0
2025-06-23 22:59:00+00:00,103.80078125,103.80078125,103.80078125,103.80078125,87.0
2025-06-23 23:00:00+00:00,103.796875,103.80078125,103.796875,103.80078125,166.0
2025-06-23 23:01:00+00:00,103.796875,103.796875,103.796875,103.796875,1.0
2025-06-23 23:04:00+00:00,103.796875,103.80078125,103.796875,103.80078125,144.0
2025-06-23 23:06:00+00:00,103.80078125,103.80078125,103.80078125,103.80078125,236.0
2025-06-23 23:07:00+00:00,103.80078125,103.80078125,103.80078125,103.80078125,279.0
2025-06-23 23:08:00+00:00,103.80078125,103.80078125,103.80078125,103.80078125,34.0
2025-06-23 23:09:00+00:00,103.80078125,103.80078125,103.80078125,103.80078125,93.0
2025-06-23 23:11:00+00:00,103.80078125,103.80078125,103.80078125,103.80078125,1.0
2025-06-23 23:12:00+00:00,103.80078125,103.80078125,103.80078125,103.80078125,7.0
2025-06-23 23:13:00+00:00,103.80078125,103.80078125,103.80078125,103.80078125,3.0
2025-06-23 23:18:00+00:00,103.8046875,103.8046875,103.80078125,103.80078125,32.0
2025-06-23 23:19:00+00:00,103.8046875,103.80859375,103.8046875,103.8046875,323.0
2025-06-23 23:22:00+00:00,103.8046875,103.80859375,103.8046875,103.80859375,62.0
2025-06-23 23:23:00+00:00,103.8046875,103.8046875,103.8046875,103.8046875,13.0
2025-06-23 23:24:00+00:00,103.8046875,103.8046875,103.8046875,103.8046875,47.0
2025-06-23 23:28:00+00:00,103.80859375,103.80859375,103.8046875,103.8046875,2.0
2025-06-23 23:29:00+00:00,103.8046875,103.80859375,103.8046875,103.80859375,67.0
2025-06-23 23:31:00+00:00,103.80859375,103.80859375,103.80859375,103.80859375,7.0
2025-06-23 23:34:00+00:00,103.8046875,103.8046875,103.8046875,103.8046875,4.0
2025-06-23 23:35:00+00:00,103.80078125,103.8046875,103.80078125,103.8046875,313.0
2025-06-23 23:36:00+00:00,103.8046875,103.8046875,103.796875,103.80078125,808.0
2025-06-23 23:37:00+00:00,103.8046875,103.8046875,103.80078125,103.80078125,352.0
2025-06-23 23:40:00+00:00,103.8046875,103.8046875,103.8046875,103.8046875,83.0
2025-06-23 23:42:00+00:00,103.80078125,103.8046875,103.80078125,103.8046875,2.0
2025-06-23 23:43:00+00:00,103.80078125,103.80078125,103.80078125,103.80078125,174.0
2025-06-23 23:44:00+00:00,103.80078125,103.8046875,103.80078125,103.8046875,13.0
2025-06-23 23:47:00+00:00,103.80078125,103.8046875,103.80078125,103.8046875,151.0
2025-06-23 23:49:00+00:00,103.8046875,103.8046875,103.8046875,103.8046875,68.0
2025-06-23 23:51:00+00:00,103.8046875,103.8046875,103.8046875,103.8046875,10.0
2025-06-23 23:52:00+00:00,103.8046875,103.80859375,103.8046875,103.8046875,470.0
2025-06-23 23:53:00+00:00,103.80078125,103.80859375,103.80078125,103.8046875,659.0
2025-06-23 23:54:00+00:00,103.8046875,103.8046875,103.8046875,103.8046875,526.0
2025-06-23 23:55:00+00:00,103.8046875,103.8046875,103.80078125,103.8046875,78.0
2025-06-23 23:56:00+00:00,103.80078125,103.8046875,103.80078125,103.8046875,237.0
2025-06-23 23:57:00+00:00,103.8046875,103.8046875,103.8046875,103.8046875,127.0
2025-06-23 23:58:00+00:00,103.8046875,103.8046875,103.8046875,103.8046875,46.0
2025-06-23 23:59:00+00:00,103.80078125,103.80859375,103.80078125,103.8046875,31.0
2025-06-24 00:00:00+00:00,103.8046875,103.8046875,103.8046875,103.8046875,6.0
2025-06-24 00:01:00+00:00,103.80859375,103.80859375,103.8046875,103.8046875,330.0
2025-06-24 00:02:00+00:00,103.80859375,103.80859375,103.80859375,103.80859375,107.0
2025-06-24 00:04:00+00:00,103.80859375,103.80859375,103.8046875,103.8046875,100.0
2025-06-24 00:05:00+00:00,103.80078125,103.80859375,103.80078125,103.80859375,152.0
2025-06-24 00:06:00+00:00,103.8046875,103.8046875,103.8046875,103.8046875,35.0
2025-06-24 00:08:00+00:00,103.796875,103.80078125,103.796875,103.80078125,90.0
2025-06-24 00:09:00+00:00,103.80078125,103.80078125,103.80078125,103.80078125,56.0
2025-06-24 00:11:00+00:00,103.796875,103.796875,103.796875,103.796875,5.0
2025-06-24 00:12:00+00:00,103.796875,103.796875,103.796875,103.796875,852.0
2025-06-24 00:13:00+00:00,103.80078125,103.80078125,103.80078125,103.80078125,15.0
2025-06-24 00:14:00+00:00,103.80078125,103.80078125,103.80078125,103.80078125,4.0
2025-06-24 00:15:00+00:00,103.8046875,103.8046875,103.80078125,103.80078125,25.0
2025-06-24 00:16:00+00:00,103.8046875,103.80859375,103.8046875,103.8046875,124.0
2025-06-24 00:17:00+00:00,103.8046875,103.80859375,103.8046875,103.8046875,188.0
2025-06-24 00:18:00+00:00,103.8046875,103.80859375,103.8046875,103.8046875,230.0
2025-06-24 00:19:00+00:00,103.80859375,103.80859375,103.80859375,103.80859375,125.0
2025-06-24 00:20:00+00:00,103.8046875,103.80859375,103.80078125,103.80859375,378.0
2025-06-24 00:22:00+00:00,103.8046875,103.8046875,103.8046875,103.8046875,16.0
2025-06-24 00:24:00+00:00,103.8046875,103.8046875,103.8046875,103.8046875,301.0
2025-06-24 00:25:00+00:00,103.80078125,103.80078125,103.80078125,103.80078125,22.0
2025-06-24 00:26:00+00:00,103.8046875,103.8046875,103.80078125,103.80078125,55.0
2025-06-24 00:27:00+00:00,103.8046875,103.80859375,103.80078125,103.80078125,415.0
2025-06-24 00:28:00+00:00,103.8046875,103.8046875,103.8046875,103.8046875,57.0
2025-06-24 00:29:00+00:00,103.80078125,103.8046875,103.80078125,103.8046875,14.0
2025-06-24 00:30:00+00:00,103.8046875,103.80859375,103.80078125,103.80078125,572.0
2025-06-24 00:31:00+00:00,103.80859375,103.80859375,103.8046875,103.8046875,6.0
2025-06-24 00:32:00+00:00,103.80859375,103.80859375,103.80859375,103.80859375,147.0
2025-06-24 00:33:00+00:00,103.8125,103.81640625,103.80859375,103.80859375,458.0
2025-06-24 00:34:00+00:00,103.8125,103.8125,103.80859375,103.8125,520.0
2025-06-24 00:35:00+00:00,103.80859375,103.80859375,103.80859375,103.80859375,5.0
2025-06-24 00:36:00+00:00,103.80859375,103.80859375,103.80859375,103.80859375,118.0
2025-06-24 00:37:00+00:00,103.8125,103.8125,103.80859375,103.80859375,159.0
2025-06-24 00:38:00+00:00,103.8125,103.81640625,103.80859375,103.8125,283.0
2025-06-24 00:39:00+00:00,103.8125,103.81640625,103.8125,103.8125,53.0
2025-06-24 00:40:00+00:00,103.8125,103.8125,103.8125,103.8125,9.0
2025-06-24 00:41:00+00:00,103.8125,103.8125,103.8125,103.8125,5.0
2025-06-24 00:42:00+00:00,103.8125,103.81640625,103.8125,103.81640625,431.0
2025-06-24 00:43:00+00:00,103.81640625,103.81640625,103.81640625,103.81640625,231.0
2025-06-24 00:44:00+00:00,103.8203125,103.8203125,103.8125,103.81640625,107.0
2025-06-24 00:45:00+00:00,103.82421875,103.82421875,103.8203125,103.8203125,314.0
2025-06-24 00:46:00+00:00,103.82421875,103.82421875,103.8203125,103.82421875,703.0
2025-06-24 00:47:00+00:00,103.82421875,103.82421875,103.8203125,103.82421875,143.0
2025-06-24 00:48:00+00:00,103.828125,103.828125,103.8203125,103.82421875,580.0
2025-06-24 00:49:00+00:00,103.828125,103.828125,103.82421875,103.82421875,653.0
2025-06-24 00:50:00+00:00,103.82421875,103.82421875,103.82421875,103.82421875,720.0
2025-06-24 00:51:00+00:00,103.8203125,103.8203125,103.8203125,103.8203125,78.0
2025-06-24 00:52:00+00:00,103.8203125,103.8203125,103.8203125,103.8203125,86.0
2025-06-24 00:55:00+00:00,103.8203125,103.8203125,103.8203125,103.8203125,5.0
2025-06-24 00:56:00+00:00,103.82421875,103.82421875,103.82421875,103.82421875,1.0
2025-06-24 00:57:00+00:00,103.82421875,103.82421875,103.82421875,103.82421875,54.0
2025-06-24 00:58:00+00:00,103.828125,103.828125,103.828125,103.828125,129.0
2025-06-24 00:59:00+00:00,103.8203125,103.828125,103.8203125,103.82421875,337.0
2025-06-24 01:00:00+00:00,103.8203125,103.8203125,103.8203125,103.8203125,26.0
2025-06-24 01:01:00+00:00,103.8203125,103.8203125,103.8203125,103.8203125,9.0
2025-06-24 01:02:00+00:00,103.82421875,103.82421875,103.82421875,103.82421875,375.0
2025-06-24 01:03:00+00:00,103.82421875,103.82421875,103.8203125,103.82421875,141.0
2025-06-24 01:05:00+00:00,103.82421875,103.82421875,103.82421875,103.82421875,13.0
2025-06-24 01:09:00+00:00,103.81640625,103.81640625,103.81640625,103.81640625,144.0
2025-06-24 01:10:00+00:00,103.8203125,103.8203125,103.81640625,103.81640625,434.0
2025-06-24 01:11:00+00:00,103.81640625,103.81640625,103.81640625,103.81640625,2.0
2025-06-24 01:14:00+00:00,103.81640625,103.8203125,103.81640625,103.8203125,29.0
2025-06-24 01:16:00+00:00,103.81640625,103.81640625,103.81640625,103.81640625,6.0
2025-06-24 01:17:00+00:00,103.81640625,103.81640625,103.81640625,103.81640625,23.0
2025-06-24 01:18:00+00:00,103.81640625,103.81640625,103.81640625,103.81640625,191.0
2025-06-24 01:19:00+00:00,103.81640625,103.81640625,103.81640625,103.81640625,63.0
2025-06-24 01:20:00+00:00,103.81640625,103.81640625,103.81640625,103.81640625,9.0
2025-06-24 01:21:00+00:00,103.81640625,103.8203125,103.81640625,103.8203125,47.0
2025-06-24 01:22:00+00:00,103.81640625,103.81640625,103.81640625,103.81640625,82.0
2025-06-24 01:23:00+00:00,103.81640625,103.81640625,103.81640625,103.81640625,437.0
2025-06-24 01:24:00+00:00,103.80859375,103.8125,103.80859375,103.8125,523.0
2025-06-24 01:25:00+00:00,103.80859375,103.80859375,103.80859375,103.80859375,35.0
2025-06-24 01:27:00+00:00,103.80859375,103.80859375,103.80859375,103.80859375,270.0
2025-06-24 01:28:00+00:00,103.80859375,103.80859375,103.80859375,103.80859375,58.0
2025-06-24 01:31:00+00:00,103.80859375,103.80859375,103.80859375,103.80859375,142.0
2025-06-24 01:32:00+00:00,103.80859375,103.80859375,103.8046875,103.80859375,122.0
2025-06-24 01:33:00+00:00,103.80859375,103.80859375,103.80859375,103.80859375,91.0
2025-06-24 01:34:00+00:00,103.80859375,103.80859375,103.80859375,103.80859375,1.0
2025-06-24 01:35:00+00:00,103.80859375,103.80859375,103.80859375,103.80859375,100.0
2025-06-24 01:36:00+00:00,103.8046875,103.8046875,103.8046875,103.8046875,2.0
2025-06-24 01:38:00+00:00,103.8046875,103.80859375,103.8046875,103.80859375,5.0
2025-06-24 01:41:00+00:00,103.8046875,103.8046875,103.8046875,103.8046875,100.0
2025-06-24 01:46:00+00:00,103.8046875,103.8046875,103.8046875,103.8046875,560.0
2025-06-24 01:47:00+00:00,103.8046875,103.8046875,103.80078125,103.8046875,119.0
2025-06-24 01:49:00+00:00,103.8046875,103.8046875,103.8046875,103.8046875,245.0
2025-06-24 01:50:00+00:00,103.8046875,103.8046875,103.8046875,103.8046875,11.0
2025-06-24 01:52:00+00:00,103.8046875,103.8046875,103.8046875,103.8046875,5.0
2025-06-24 01:54:00+00:00,103.80859375,103.80859375,103.8046875,103.8046875,5.0
2025-06-24 01:57:00+00:00,103.8046875,103.8046875,103.8046875,103.8046875,41.0
2025-06-24 01:58:00+00:00,103.8046875,103.8046875,103.80078125,103.80078125,8.0
2025-06-24 02:02:00+00:00,103.80078125,103.8046875,103.80078125,103.8046875,31.0
2025-06-24 02:03:00+00:00,103.80078125,103.80078125,103.80078125,103.80078125,584.0
2025-06-24 02:04:00+00:00,103.80078125,103.80078125,103.80078125,103.80078125,31.0
2025-06-24 02:07:00+00:00,103.8046875,103.8046875,103.80078125,103.8046875,431.0
2025-06-24 02:09:00+00:00,103.80859375,103.80859375,103.8046875,103.8046875,153.0
2025-06-24 02:10:00+00:00,103.8046875,103.8046875,103.8046875,103.8046875,144.0
2025-06-24 02:11:00+00:00,103.80078125,103.8046875,103.80078125,103.8046875,43.0
2025-06-24 02:13:00+00:00,103.8046875,103.8046875,103.8046875,103.8046875,269.0
2025-06-24 02:16:00+00:00,103.8046875,103.8046875,103.8046875,103.8046875,12.0
2025-06-24 02:17:00+00:00,103.8046875,103.8046875,103.8046875,103.8046875,117.0
2025-06-24 02:23:00+00:00,103.8046875,103.8046875,103.8046875,103.8046875,233.0
2025-06-24 02:26:00+00:00,103.80078125,103.8046875,103.80078125,103.80078125,54.0
2025-06-24 02:28:00+00:00,103.8046875,103.8046875,103.8046875,103.8046875,49.0
2025-06-24 02:37:00+00:00,103.80078125,103.80078125,103.80078125,103.80078125,25.0
2025-06-24 02:43:00+00:00,103.8046875,103.8046875,103.8046875,103.8046875,109.0
2025-06-24 02:44:00+00:00,103.8046875,103.8046875,103.8046875,103.8046875,95.0
2025-06-24 02:46:00+00:00,103.8046875,103.8046875,103.8046875,103.8046875,260.0
2025-06-24 02:47:00+00:00,103.8046875,103.8046875,103.8046875,103.8046875,150.0
2025-06-24 02:50:00+00:00,103.80859375,103.80859375,103.8046875,103.8046875,561.0
2025-06-24 02:51:00+00:00,103.8046875,103.80859375,103.8046875,103.8046875,67.0
2025-06-24 02:56:00+00:00,103.80859375,103.80859375,103.80859375,103.80859375,863.0
2025-06-24 02:57:00+00:00,103.80859375,103.80859375,103.80859375,103.80859375,2.0
2025-06-24 02:58:00+00:00,103.8125,103.8125,103.8125,103.8125,2.0
2025-06-24 03:00:00+00:00,103.8125,103.8125,103.80859375,103.80859375,4.0
2025-06-24 03:01:00+00:00,103.80859375,103.80859375,103.80859375,103.80859375,52.0
2025-06-24 03:02:00+00:00,103.8125,103.8125,103.8125,103.8125,1.0
2025-06-24 03:03:00+00:00,103.80859375,103.80859375,103.80859375,103.80859375,6.0
2025-06-24 03:06:00+00:00,103.80859375,103.80859375,103.80859375,103.80859375,3.0
2025-06-24 03:13:00+00:00,103.80859375,103.80859375,103.80859375,103.80859375,423.0
2025-06-24 03:14:00+00:00,103.80859375,103.80859375,103.80859375,103.80859375,202.0
2025-06-24 03:15:00+00:00,103.80859375,103.80859375,103.80859375,103.80859375,50.0
2025-06-24 03:16:00+00:00,103.8125,103.8125,103.8125,103.8125,319.0
2025-06-24 03:17:00+00:00,103.8125,103.8125,103.80859375,103.8125,526.0
2025-06-24 03:18:00+00:00,103.81640625,103.81640625,103.80859375,103.8125,154.0
2025-06-24 03:19:00+00:00,103.81640625,103.81640625,103.81640625,103.81640625,4.0
2025-06-24 03:21:00+00:00,103.8125,103.8125,103.8125,103.8125,41.0
2025-06-24 03:24:00+00:00,103.81640625,103.81640625,103.81640625,103.81640625,50.0
2025-06-24 03:25:00+00:00,103.8125,103.8125,103.8125,103.8125,4.0
2025-06-24 03:31:00+00:00,103.81640625,103.81640625,103.8125,103.8125,54.0
2025-06-24 03:32:00+00:00,103.8125,103.8125,103.8125,103.8125,7.0
2025-06-24 03:35:00+00:00,103.8125,103.8125,103.8125,103.8125,352.0
2025-06-24 03:38:00+00:00,103.8125,103.81640625,103.8125,103.81640625,4.0
2025-06-24 03:41:00+00:00,103.81640625,103.81640625,103.81640625,103.81640625,18.0
2025-06-24 03:42:00+00:00,103.81640625,103.81640625,103.81640625,103.81640625,201.0
2025-06-24 03:44:00+00:00,103.81640625,103.81640625,103.81640625,103.81640625,274.0
2025-06-24 03:46:00+00:00,103.80859375,103.8125,103.80859375,103.8125,1815.0
2025-06-24 03:50:00+00:00,103.8125,103.8125,103.8125,103.8125,28.0
2025-06-24 03:54:00+00:00,103.80859375,103.8125,103.80859375,103.8125,87.0
2025-06-24 03:55:00+00:00,103.8125,103.8125,103.8125,103.8125,35.0
2025-06-24 03:56:00+00:00,103.8125,103.8125,103.8125,103.8125,6.0
2025-06-24 03:57:00+00:00,103.8125,103.8125,103.8125,103.8125,10.0
2025-06-24 03:58:00+00:00,103.8125,103.8125,103.8125,103.8125,36.0
2025-06-24 04:00:00+00:00,103.80859375,103.80859375,103.80859375,103.80859375,113.0
2025-06-24 04:05:00+00:00,103.80859375,103.80859375,103.80859375,103.80859375,4.0
2025-06-24 04:06:00+00:00,103.80859375,103.8125,103.80859375,103.8125,6.0
2025-06-24 04:07:00+00:00,103.8125,103.8125,103.8125,103.8125,39.0
2025-06-24 04:08:00+00:00,103.8125,103.8125,103.8125,103.8125,25.0
2025-06-24 04:09:00+00:00,103.8125,103.8125,103.8125,103.8125,79.0
2025-06-24 04:13:00+00:00,103.81640625,103.81640625,103.81640625,103.81640625,1.0
2025-06-24 04:17:00+00:00,103.8125,103.8125,103.8125,103.8125,58.0
2025-06-24 04:18:00+00:00,103.8125,103.8125,103.8125,103.8125,38.0
2025-06-24 04:20:00+00:00,103.81640625,103.81640625,103.8125,103.8125,2.0
2025-06-24 04:23:00+00:00,103.8125,103.8125,103.8125,103.8125,51.0
2025-06-24 04:26:00+00:00,103.81640625,103.81640625,103.8125,103.8125,493.0
2025-06-24 04:27:00+00:00,103.8125,103.8125,103.80859375,103.8125,21.0
2025-06-24 04:28:00+00:00,103.81640625,103.81640625,103.8125,103.8125,16.0
2025-06-24 04:32:00+00:00,103.8125,103.8125,103.8125,103.8125,1125.0
2025-06-24 04:33:00+00:00,103.8125,103.81640625,103.8125,103.81640625,169.0
2025-06-24 04:34:00+00:00,103.8125,103.8125,103.8125,103.8125,236.0
2025-06-24 04:40:00+00:00,103.8125,103.81640625,103.8125,103.8125,44.0
2025-06-24 04:47:00+00:00,103.8125,103.8125,103.8125,103.8125,8.0
2025-06-24 04:53:00+00:00,103.8125,103.8125,103.8125,103.8125,18.0
2025-06-24 04:54:00+00:00,103.8125,103.8125,103.8125,103.8125,406.0
2025-06-24 04:56:00+00:00,103.8125,103.8125,103.8125,103.8125,3.0
2025-06-24 04:57:00+00:00,103.81640625,103.81640625,103.8125,103.8125,5.0
2025-06-24 05:03:00+00:00,103.8203125,103.8203125,103.81640625,103.81640625,190.0
2025-06-24 05:04:00+00:00,103.8203125,103.8203125,103.8203125,103.8203125,143.0
2025-06-24 05:05:00+00:00,103.8203125,103.8203125,103.8203125,103.8203125,36.0
2025-06-24 05:06:00+00:00,103.8203125,103.8203125,103.8203125,103.8203125,29.0
2025-06-24 05:07:00+00:00,103.8203125,103.8203125,103.8203125,103.8203125,2.0
2025-06-24 05:08:00+00:00,103.8203125,103.8203125,103.8203125,103.8203125,79.0
2025-06-24 05:12:00+00:00,103.8203125,103.8203125,103.8203125,103.8203125,1.0
2025-06-24 05:19:00+00:00,103.8203125,103.8203125,103.8203125,103.8203125,156.0
2025-06-24 05:21:00+00:00,103.8203125,103.8203125,103.8203125,103.8203125,242.0
2025-06-24 05:22:00+00:00,103.8203125,103.8203125,103.8203125,103.8203125,8.0
2025-06-24 05:23:00+00:00,103.8203125,103.8203125,103.8203125,103.8203125,3.0
2025-06-24 05:24:00+00:00,103.8203125,103.8203125,103.8203125,103.8203125,65.0
2025-06-24 05:25:00+00:00,103.8203125,103.8203125,103.81640625,103.81640625,15.0
2025-06-24 05:30:00+00:00,103.8203125,103.8203125,103.8203125,103.8203125,11.0
2025-06-24 05:31:00+00:00,103.81640625,103.8203125,103.81640625,103.8203125,43.0
2025-06-24 05:32:00+00:00,103.8203125,103.8203125,103.8203125,103.8203125,49.0
2025-06-24 05:37:00+00:00,103.8203125,103.8203125,103.8203125,103.8203125,250.0
2025-06-24 05:43:00+00:00,103.8203125,103.8203125,103.8203125,103.8203125,235.0
2025-06-24 05:46:00+00:00,103.8203125,103.8203125,103.8203125,103.8203125,4.0
2025-06-24 05:47:00+00:00,103.8203125,103.8203125,103.8203125,103.8203125,30.0
2025-06-24 05:48:00+00:00,103.82421875,103.82421875,103.8203125,103.82421875,494.0
2025-06-24 05:49:00+00:00,103.82421875,103.82421875,103.82421875,103.82421875,312.0
2025-06-24 05:54:00+00:00,103.8203125,103.8203125,103.8203125,103.8203125,7.0
2025-06-24 05:55:00+00:00,103.8203125,103.8203125,103.8203125,103.8203125,68.0
2025-06-24 05:56:00+00:00,103.82421875,103.828125,103.82421875,103.82421875,1910.0
2025-06-24 05:57:00+00:00,103.82421875,103.82421875,103.82421875,103.82421875,25.0
2025-06-24 05:58:00+00:00,103.828125,103.828125,103.82421875,103.828125,94.0
2025-06-24 05:59:00+00:00,103.83203125,103.83203125,103.828125,103.828125,948.0
2025-06-24 06:00:00+00:00,103.828125,103.828125,103.828125,103.828125,11.0
2025-06-24 06:01:00+00:00,103.828125,103.828125,103.828125,103.828125,10.0
2025-06-24 06:02:00+00:00,103.83203125,103.83203125,103.83203125,103.83203125,613.0
2025-06-24 06:04:00+00:00,103.8359375,103.8359375,103.8359375,103.8359375,7.0
2025-06-24 06:05:00+00:00,103.8359375,103.8359375,103.8359375,103.8359375,98.0
2025-06-24 06:06:00+00:00,103.8359375,103.8359375,103.8359375,103.8359375,2085.0
2025-06-24 06:08:00+00:00,103.83203125,103.83203125,103.83203125,103.83203125,7.0
2025-06-24 06:09:00+00:00,103.83984375,103.83984375,103.8359375,103.8359375,258.0
2025-06-24 06:10:00+00:00,103.83984375,103.83984375,103.83984375,103.83984375,91.0
2025-06-24 06:11:00+00:00,103.83984375,103.83984375,103.83984375,103.83984375,917.0
2025-06-24 06:12:00+00:00,103.83984375,103.83984375,103.83984375,103.83984375,464.0
2025-06-24 06:13:00+00:00,103.83984375,103.84375,103.83984375,103.83984375,1065.0
2025-06-24 06:14:00+00:00,103.83984375,103.83984375,103.8359375,103.83984375,1889.0
2025-06-24 06:15:00+00:00,103.8359375,103.83984375,103.8359375,103.83984375,276.0
2025-06-24 06:16:00+00:00,103.83203125,103.8359375,103.83203125,103.8359375,280.0
2025-06-24 06:17:00+00:00,103.83203125,103.83203125,103.83203125,103.83203125,107.0
2025-06-24 06:18:00+00:00,103.83203125,103.83203125,103.83203125,103.83203125,41.0
2025-06-24 06:19:00+00:00,103.83203125,103.83203125,103.828125,103.828125,58.0
2025-06-24 06:21:00+00:00,103.828125,103.828125,103.828125,103.828125,32.0
2025-06-24 06:22:00+00:00,103.8359375,103.8359375,103.83203125,103.83203125,787.0
2025-06-24 06:24:00+00:00,103.8359375,103.8359375,103.8359375,103.8359375,3.0
2025-06-24 06:25:00+00:00,103.83203125,103.83203125,103.83203125,103.83203125,538.0
2025-06-24 06:26:00+00:00,103.8359375,103.8359375,103.8359375,103.8359375,53.0
2025-06-24 06:27:00+00:00,103.8359375,103.8359375,103.8359375,103.8359375,312.0
2025-06-24 06:28:00+00:00,103.83984375,103.83984375,103.8359375,103.8359375,119.0
2025-06-24 06:29:00+00:00,103.83984375,103.84375,103.83984375,103.83984375,200.0
2025-06-24 06:30:00+00:00,103.83984375,103.83984375,103.8359375,103.8359375,114.0
2025-06-24 06:31:00+00:00,103.8359375,103.8359375,103.8359375,103.8359375,331.0
2025-06-24 06:32:00+00:00,103.83984375,103.83984375,103.83984375,103.83984375,7.0
2025-06-24 06:33:00+00:00,103.83984375,103.83984375,103.83984375,103.83984375,441.0
2025-06-24 06:37:00+00:00,103.84375,103.84375,103.83984375,103.83984375,728.0
2025-06-24 06:38:00+00:00,103.84375,103.84375,103.84375,103.84375,440.0
2025-06-24 06:39:00+00:00,103.84375,103.84375,103.84375,103.84375,110.0
2025-06-24 06:40:00+00:00,103.84765625,103.84765625,103.84765625,103.84765625,232.0
2025-06-24 06:41:00+00:00,103.8515625,103.8515625,103.8515625,103.8515625,1.0
2025-06-24 06:42:00+00:00,103.84765625,103.84765625,103.84765625,103.84765625,4.0
2025-06-24 06:43:00+00:00,103.8515625,103.8515625,103.8515625,103.8515625,423.0
2025-06-24 06:44:00+00:00,103.85546875,103.85546875,103.8515625,103.8515625,107.0
2025-06-24 06:45:00+00:00,103.8515625,103.8515625,103.8515625,103.8515625,6.0
2025-06-24 06:46:00+00:00,103.8515625,103.8515625,103.8515625,103.8515625,416.0
2025-06-24 06:47:00+00:00,103.84765625,103.84765625,103.84765625,103.84765625,3.0
2025-06-24 06:48:00+00:00,103.84765625,103.84765625,103.84765625,103.84765625,1164.0
2025-06-24 06:49:00+00:00,103.84375,103.84375,103.84375,103.84375,505.0
2025-06-24 06:50:00+00:00,103.84765625,103.84765625,103.84375,103.84375,941.0
2025-06-24 06:51:00+00:00,103.84765625,103.84765625,103.84765625,103.84765625,62.0
2025-06-24 06:53:00+00:00,103.84765625,103.84765625,103.84765625,103.84765625,677.0
2025-06-24 06:54:00+00:00,103.8515625,103.8515625,103.84765625,103.84765625,119.0
2025-06-24 06:55:00+00:00,103.84765625,103.8515625,103.84765625,103.8515625,136.0
2025-06-24 06:56:00+00:00,103.84375,103.84375,103.84375,103.84375,66.0
2025-06-24 06:57:00+00:00,103.84765625,103.84765625,103.84375,103.84375,455.0
2025-06-24 06:58:00+00:00,103.84375,103.84375,103.84375,103.84375,25.0
2025-06-24 06:59:00+00:00,103.84375,103.84375,103.84375,103.84375,147.0
2025-06-24 07:01:00+00:00,103.85546875,103.85546875,103.8515625,103.8515625,1215.0
2025-06-24 07:02:00+00:00,103.85546875,103.859375,103.85546875,103.85546875,18.0
2025-06-24 07:03:00+00:00,103.859375,103.859375,103.8515625,103.85546875,805.0
2025-06-24 07:04:00+00:00,103.85546875,103.86328125,103.85546875,103.859375,566.0
2025-06-24 07:05:00+00:00,103.8515625,103.859375,103.8515625,103.859375,280.0
2025-06-24 07:06:00+00:00,103.8515625,103.85546875,103.84765625,103.8515625,399.0
2025-06-24 07:07:00+00:00,103.8515625,103.8515625,103.8515625,103.8515625,340.0
2025-06-24 07:08:00+00:00,103.8515625,103.8515625,103.8515625,103.8515625,22.0
2025-06-24 07:09:00+00:00,103.84375,103.8515625,103.84375,103.8515625,776.0
2025-06-24 07:10:00+00:00,103.84375,103.84765625,103.84375,103.84765625,100.0
2025-06-24 07:11:00+00:00,103.84375,103.84765625,103.84375,103.84375,539.0
2025-06-24 07:12:00+00:00,103.84765625,103.84765625,103.84375,103.84375,142.0
2025-06-24 07:13:00+00:00,103.84765625,103.84765625,103.84765625,103.84765625,392.0
2025-06-24 07:14:00+00:00,103.84765625,103.84765625,103.84765625,103.84765625,396.0
2025-06-24 07:15:00+00:00,103.84765625,103.84765625,103.84375,103.84765625,152.0
2025-06-24 07:17:00+00:00,103.84765625,103.84765625,103.84765625,103.84765625,268.0
2025-06-24 07:18:00+00:00,103.84765625,103.84765625,103.84375,103.84375,782.0
2025-06-24 07:19:00+00:00,103.84765625,103.84765625,103.84765625,103.84765625,2.0
2025-06-24 07:20:00+00:00,103.84765625,103.84765625,103.84765625,103.84765625,638.0
2025-06-24 07:21:00+00:00,103.84765625,103.84765625,103.84765625,103.84765625,812.0
2025-06-24 07:22:00+00:00,103.84765625,103.84765625,103.84765625,103.84765625,361.0
2025-06-24 07:23:00+00:00,103.8515625,103.8515625,103.8515625,103.8515625,1082.0
2025-06-24 07:24:00+00:00,103.84765625,103.84765625,103.84765625,103.84765625,245.0
2025-06-24 07:25:00+00:00,103.84765625,103.84765625,103.84375,103.84765625,756.0
2025-06-24 07:26:00+00:00,103.84765625,103.84765625,103.84765625,103.84765625,100.0
2025-06-24 07:27:00+00:00,103.84765625,103.84765625,103.84765625,103.84765625,322.0
2025-06-24 07:28:00+00:00,103.84765625,103.84765625,103.84375,103.84765625,30.0
2025-06-24 07:29:00+00:00,103.84765625,103.84765625,103.84375,103.84765625,148.0
2025-06-24 07:30:00+00:00,103.84375,103.84765625,103.84375,103.84765625,572.0
2025-06-24 07:31:00+00:00,103.84765625,103.84765625,103.84375,103.84765625,324.0
2025-06-24 07:32:00+00:00,103.8515625,103.85546875,103.8515625,103.8515625,630.0
2025-06-24 07:33:00+00:00,103.8515625,103.85546875,103.8515625,103.85546875,501.0
2025-06-24 07:34:00+00:00,103.8515625,103.8515625,103.8515625,103.8515625,480.0
2025-06-24 07:35:00+00:00,103.8515625,103.85546875,103.8515625,103.85546875,98.0
2025-06-24 07:36:00+00:00,103.8515625,103.8515625,103.8515625,103.8515625,2.0
2025-06-24 07:37:00+00:00,103.8515625,103.8515625,103.8515625,103.8515625,5.0
2025-06-24 07:38:00+00:00,103.84765625,103.8515625,103.84765625,103.8515625,546.0
2025-06-24 07:39:00+00:00,103.8515625,103.8515625,103.84765625,103.84765625,712.0
2025-06-24 07:40:00+00:00,103.8515625,103.85546875,103.8515625,103.8515625,148.0
2025-06-24 07:41:00+00:00,103.8515625,103.8515625,103.8515625,103.8515625,154.0
2025-06-24 07:42:00+00:00,103.8515625,103.8515625,103.8515625,103.8515625,131.0
2025-06-24 07:43:00+00:00,103.8515625,103.8515625,103.84765625,103.8515625,70.0
2025-06-24 07:44:00+00:00,103.8515625,103.8515625,103.8515625,103.8515625,127.0
2025-06-24 07:45:00+00:00,103.84765625,103.8515625,103.84765625,103.8515625,145.0
2025-06-24 07:46:00+00:00,103.8515625,103.8515625,103.8515625,103.8515625,90.0
2025-06-24 07:48:00+00:00,103.8515625,103.8515625,103.84765625,103.8515625,107.0
2025-06-24 07:51:00+00:00,103.84765625,103.8515625,103.84765625,103.8515625,896.0
2025-06-24 07:52:00+00:00,103.84765625,103.8515625,103.84765625,103.8515625,29.0
2025-06-24 07:53:00+00:00,103.8515625,103.8515625,103.8515625,103.8515625,359.0
2025-06-24 07:54:00+00:00,103.84765625,103.8515625,103.84765625,103.8515625,209.0
2025-06-24 07:55:00+00:00,103.84765625,103.8515625,103.84765625,103.84765625,55.0
2025-06-24 07:56:00+00:00,103.84765625,103.84765625,103.84765625,103.84765625,734.0
2025-06-24 07:57:00+00:00,103.84375,103.84375,103.84375,103.84375,15.0
2025-06-24 07:58:00+00:00,103.8515625,103.8515625,103.84375,103.84765625,454.0
2025-06-24 07:59:00+00:00,103.84765625,103.8515625,103.84765625,103.84765625,30.0
2025-06-24 08:00:00+00:00,103.84765625,103.8515625,103.84375,103.8515625,512.0
2025-06-24 08:01:00+00:00,103.84765625,103.84765625,103.84765625,103.84765625,12.0
2025-06-24 08:02:00+00:00,103.84765625,103.84765625,103.84765625,103.84765625,20.0
2025-06-24 08:03:00+00:00,103.84765625,103.84765625,103.84765625,103.84765625,23.0
2025-06-24 08:04:00+00:00,103.8515625,103.8515625,103.84765625,103.84765625,146.0
2025-06-24 08:05:00+00:00,103.8515625,103.8515625,103.84765625,103.84765625,685.0
2025-06-24 08:07:00+00:00,103.8515625,103.8515625,103.8515625,103.8515625,124.0
2025-06-24 08:08:00+00:00,103.84765625,103.8515625,103.84765625,103.84765625,6.0
2025-06-24 08:09:00+00:00,103.85546875,103.85546875,103.8515625,103.8515625,45.0
2025-06-24 08:10:00+00:00,103.8515625,103.8515625,103.84765625,103.8515625,458.0
2025-06-24 08:11:00+00:00,103.85546875,103.85546875,103.8515625,103.85546875,608.0
2025-06-24 08:13:00+00:00,103.8515625,103.8515625,103.8515625,103.8515625,98.0
2025-06-24 08:14:00+00:00,103.85546875,103.85546875,103.85546875,103.85546875,383.0
2025-06-24 08:16:00+00:00,103.85546875,103.85546875,103.85546875,103.85546875,13.0
2025-06-24 08:17:00+00:00,103.85546875,103.85546875,103.85546875,103.85546875,5.0
2025-06-24 08:18:00+00:00,103.85546875,103.85546875,103.85546875,103.85546875,4.0
2025-06-24 08:19:00+00:00,103.85546875,103.85546875,103.8550033569336,103.85546875,1100.0
2025-06-24 08:21:00+00:00,103.85546875,103.85546875,103.8515625,103.85546875,60.0
2025-06-24 08:22:00+00:00,103.8515625,103.85546875,103.8515625,103.85546875,443.0
2025-06-24 08:23:00+00:00,103.8515625,103.8515625,103.8515625,103.8515625,109.0
2025-06-24 08:25:00+00:00,103.85546875,103.85546875,103.85546875,103.85546875,105.0
2025-06-24 08:26:00+00:00,103.859375,103.859375,103.859375,103.859375,306.0
2025-06-24 08:27:00+00:00,103.859375,103.859375,103.85546875,103.85546875,165.0
2025-06-24 08:28:00+00:00,103.85546875,103.859375,103.85546875,103.859375,121.0
2025-06-24 08:29:00+00:00,103.859375,103.859375,103.859375,103.859375,3.0
2025-06-24 08:30:00+00:00,103.85546875,103.85546875,103.8515625,103.85546875,615.0
2025-06-24 08:31:00+00:00,103.85546875,103.85546875,103.85546875,103.85546875,35.0
2025-06-24 08:32:00+00:00,103.8671875,103.8671875,103.859375,103.859375,899.0
2025-06-24 08:33:00+00:00,103.86328125,103.8671875,103.86328125,103.8671875,593.0
2025-06-24 08:34:00+00:00,103.86328125,103.8671875,103.86328125,103.86328125,280.0
2025-06-24 08:35:00+00:00,103.8671875,103.8671875,103.86328125,103.8671875,414.0
2025-06-24 08:36:00+00:00,103.8671875,103.8671875,103.8671875,103.8671875,255.0
2025-06-24 08:37:00+00:00,103.8671875,103.8671875,103.8671875,103.8671875,60.0
2025-06-24 08:38:00+00:00,103.8671875,103.8671875,103.86328125,103.86328125,774.0
2025-06-24 08:39:00+00:00,103.8671875,103.8671875,103.8671875,103.8671875,221.0
2025-06-24 08:40:00+00:00,103.87109375,103.87109375,103.8671875,103.8671875,412.0
2025-06-24 08:41:00+00:00,103.8671875,103.8671875,103.8671875,103.8671875,828.0
2025-06-24 08:42:00+00:00,103.87109375,103.87109375,103.8671875,103.8671875,243.0
2025-06-24 08:43:00+00:00,103.87109375,103.87109375,103.8671875,103.8671875,483.0
2025-06-24 08:44:00+00:00,103.8671875,103.8671875,103.8671875,103.8671875,3.0
2025-06-24 08:45:00+00:00,103.8671875,103.8671875,103.86328125,103.8671875,15.0
2025-06-24 08:47:00+00:00,103.859375,103.86328125,103.859375,103.86328125,317.0
2025-06-24 08:50:00+00:00,103.859375,103.86328125,103.859375,103.859375,149.0
2025-06-24 08:51:00+00:00,103.85546875,103.859375,103.85546875,103.859375,312.0
2025-06-24 08:53:00+00:00,103.8515625,103.859375,103.8515625,103.859375,350.0
2025-06-24 08:54:00+00:00,103.85546875,103.85546875,103.85546875,103.85546875,96.0
2025-06-24 08:55:00+00:00,103.8515625,103.85546875,103.8515625,103.85546875,57.0
2025-06-24 08:56:00+00:00,103.85546875,103.85546875,103.85546875,103.85546875,95.0
2025-06-24 08:57:00+00:00,103.85546875,103.85546875,103.85546875,103.85546875,1035.0
2025-06-24 08:58:00+00:00,103.8515625,103.8515625,103.8515625,103.8515625,15.0
2025-06-24 08:59:00+00:00,103.85546875,103.85546875,103.85546875,103.85546875,12.0
2025-06-24 09:00:00+00:00,103.8515625,103.8515625,103.8515625,103.8515625,506.0
2025-06-24 09:01:00+00:00,103.8515625,103.8515625,103.8515625,103.8515625,159.0
2025-06-24 09:02:00+00:00,103.84765625,103.8515625,103.84765625,103.8515625,1579.0
2025-06-24 09:03:00+00:00,103.84765625,103.84765625,103.84375,103.84765625,160.0
2025-06-24 09:04:00+00:00,103.84765625,103.84765625,103.84765625,103.84765625,220.0
2025-06-24 09:05:00+00:00,103.84765625,103.84765625,103.84375,103.84375,91.0
2025-06-24 09:06:00+00:00,103.84765625,103.84765625,103.84375,103.84375,615.0
2025-06-24 09:07:00+00:00,103.84765625,103.8515625,103.84765625,103.84765625,588.0
2025-06-24 09:08:00+00:00,103.84765625,103.8515625,103.84375,103.84765625,595.0
2025-06-24 09:09:00+00:00,103.84375,103.84765625,103.84375,103.84765625,311.0
2025-06-24 09:10:00+00:00,103.84765625,103.84765625,103.84765625,103.84765625,1038.0
2025-06-24 09:11:00+00:00,103.84765625,103.8515625,103.84375,103.84375,266.0
2025-06-24 09:12:00+00:00,103.84375,103.84765625,103.84375,103.84765625,865.0
2025-06-24 09:13:00+00:00,103.84765625,103.84765625,103.84375,103.84375,593.0
2025-06-24 09:14:00+00:00,103.84375,103.84765625,103.84375,103.84375,580.0
2025-06-24 09:15:00+00:00,103.84765625,103.84765625,103.84375,103.84765625,780.0
2025-06-24 09:16:00+00:00,103.84375,103.84765625,103.84375,103.84375,18.0
2025-06-24 09:17:00+00:00,103.83984375,103.84765625,103.83984375,103.84765625,325.0
2025-06-24 09:18:00+00:00,103.8359375,103.83984375,103.83203125,103.83984375,1463.0
2025-06-24 09:19:00+00:00,103.83203125,103.83984375,103.83203125,103.8359375,524.0
2025-06-24 09:20:00+00:00,103.8359375,103.8359375,103.83203125,103.83203125,20.0
2025-06-24 09:21:00+00:00,103.83203125,103.8359375,103.83203125,103.8359375,227.0
2025-06-24 09:22:00+00:00,103.83203125,103.83203125,103.83203125,103.83203125,345.0
2025-06-24 09:23:00+00:00,103.83203125,103.83203125,103.828125,103.83203125,240.0
2025-06-24 09:24:00+00:00,103.83203125,103.83203125,103.828125,103.828125,30.0
2025-06-24 09:25:00+00:00,103.82421875,103.828125,103.8203125,103.828125,4810.0
2025-06-24 09:26:00+00:00,103.82421875,103.82421875,103.82421875,103.82421875,446.0
2025-06-24 09:27:00+00:00,103.828125,103.828125,103.82421875,103.82421875,293.0
2025-06-24 09:28:00+00:00,103.83203125,103.83203125,103.828125,103.828125,159.0
2025-06-24 09:30:00+00:00,103.83203125,103.83203125,103.828125,103.828125,146.0
2025-06-24 09:31:00+00:00,103.8359375,103.8359375,103.828125,103.83203125,711.0
2025-06-24 09:32:00+00:00,103.8359375,103.8359375,103.83203125,103.83203125,952.0
2025-06-24 09:33:00+00:00,103.8359375,103.83984375,103.8359375,103.8359375,641.0
2025-06-24 09:34:00+00:00,103.83984375,103.83984375,103.8359375,103.8359375,479.0
2025-06-24 09:35:00+00:00,103.8359375,103.83984375,103.8359375,103.83984375,1566.0
2025-06-24 09:36:00+00:00,103.83203125,103.8359375,103.83203125,103.8359375,147.0
2025-06-24 09:37:00+00:00,103.8359375,103.8359375,103.8359375,103.8359375,499.0
2025-06-24 09:38:00+00:00,103.8359375,103.8359375,103.8359375,103.8359375,716.0
2025-06-24 09:39:00+00:00,103.83203125,103.8359375,103.83203125,103.8359375,137.0
2025-06-24 09:40:00+00:00,103.83203125,103.83203125,103.83203125,103.83203125,279.0
2025-06-24 09:41:00+00:00,103.83203125,103.83203125,103.828125,103.83203125,1441.0
2025-06-24 09:42:00+00:00,103.8359375,103.8359375,103.83203125,103.83203125,1006.0
2025-06-24 09:43:00+00:00,103.8359375,103.8359375,103.8359375,103.8359375,628.0
2025-06-24 09:44:00+00:00,103.83984375,103.83984375,103.8359375,103.8359375,129.0
2025-06-24 09:45:00+00:00,103.83203125,103.83984375,103.83203125,103.83984375,606.0
2025-06-24 09:46:00+00:00,103.83203125,103.83203125,103.83203125,103.83203125,178.0
2025-06-24 09:47:00+00:00,103.8359375,103.8359375,103.83203125,103.8359375,46.0
2025-06-24 09:48:00+00:00,103.83984375,103.83984375,103.8359375,103.8359375,86.0
2025-06-24 09:49:00+00:00,103.83984375,103.83984375,103.83984375,103.83984375,14.0
2025-06-24 09:50:00+00:00,103.83984375,103.83984375,103.83984375,103.83984375,1.0
2025-06-24 09:51:00+00:00,103.8359375,103.83984375,103.8359375,103.8359375,116.0
2025-06-24 09:52:00+00:00,103.83984375,103.83984375,103.83984375,103.83984375,6.0
2025-06-24 09:54:00+00:00,103.84375,103.84375,103.83984375,103.83984375,666.0
2025-06-24 09:56:00+00:00,103.84765625,103.84765625,103.84375,103.84375,327.0
2025-06-24 09:58:00+00:00,103.84375,103.84375,103.84375,103.84375,173.0
2025-06-24 09:59:00+00:00,103.84765625,103.84765625,103.84375,103.84375,73.0
2025-06-24 10:00:00+00:00,103.84765625,103.84765625,103.84765625,103.84765625,471.0
2025-06-24 10:01:00+00:00,103.83984375,103.84375,103.83984375,103.84375,309.0
2025-06-24 10:03:00+00:00,103.84375,103.84375,103.8359375,103.83984375,896.0
2025-06-24 10:04:00+00:00,103.83984375,103.83984375,103.83984375,103.83984375,330.0
2025-06-24 10:05:00+00:00,103.83984375,103.83984375,103.83984375,103.83984375,64.0
2025-06-24 10:06:00+00:00,103.84375,103.84375,103.83984375,103.83984375,267.0
2025-06-24 10:07:00+00:00,103.84375,103.84375,103.84375,103.84375,867.0
2025-06-24 10:08:00+00:00,103.84375,103.84375,103.84375,103.84375,172.0
2025-06-24 10:09:00+00:00,103.83984375,103.84375,103.83984375,103.84375,265.0
2025-06-24 10:10:00+00:00,103.84375,103.84375,103.83984375,103.83984375,994.0
2025-06-24 10:11:00+00:00,103.84375,103.84375,103.83984375,103.84375,689.0
2025-06-24 10:12:00+00:00,103.84765625,103.84765625,103.84375,103.84375,325.0
2025-06-24 10:13:00+00:00,103.84765625,103.84765625,103.84765625,103.84765625,239.0
2025-06-24 10:14:00+00:00,103.84765625,103.84765625,103.84765625,103.84765625,98.0
2025-06-24 10:24:00+00:00,103.8359375,103.83984375,103.8359375,103.83599853515625,2841.0
2025-06-24 10:25:00+00:00,103.8359375,103.83984375,103.8359375,103.83984375,295.0
2025-06-24 10:26:00+00:00,103.8359375,103.83984375,103.8359375,103.8359375,375.0
2025-06-24 10:27:00+00:00,103.8359375,103.8359375,103.8359375,103.8359375,20.0
2025-06-24 10:29:00+00:00,103.8359375,103.8359375,103.8359375,103.8359375,609.0
2025-06-24 10:30:00+00:00,103.8359375,103.8359375,103.8359375,103.8359375,391.0
2025-06-24 10:33:00+00:00,103.8359375,103.83984375,103.8359375,103.83984375,12.0
2025-06-24 10:36:00+00:00,103.83984375,103.83984375,103.83984375,103.83984375,23.0
2025-06-24 10:37:00+00:00,103.83984375,103.83984375,103.83984375,103.83984375,176.0
2025-06-24 10:38:00+00:00,103.84375,103.84375,103.83984375,103.83984375,1075.0
2025-06-24 10:39:00+00:00,103.84375,103.84375,103.83984375,103.84375,378.0
2025-06-24 10:40:00+00:00,103.84765625,103.84765625,103.84375,103.84375,177.0
2025-06-24 10:41:00+00:00,103.84765625,103.84765625,103.84765625,103.84765625,117.0
2025-06-24 10:42:00+00:00,103.84765625,103.84765625,103.84765625,103.84765625,95.0
2025-06-24 10:43:00+00:00,103.84765625,103.84765625,103.84765625,103.84765625,15.0
2025-06-24 10:45:00+00:00,103.8359375,103.83984375,103.8359375,103.83984375,1532.0
2025-06-24 10:46:00+00:00,103.8359375,103.8359375,103.8359375,103.8359375,304.0
2025-06-24 10:47:00+00:00,103.83984375,103.83984375,103.8359375,103.8359375,29.0
2025-06-24 10:48:00+00:00,103.83984375,103.83984375,103.83984375,103.83984375,2.0
2025-06-24 10:49:00+00:00,103.8359375,103.83984375,103.8359375,103.83984375,166.0
2025-06-24 10:50:00+00:00,103.83203125,103.8359375,103.83203125,103.8359375,381.0
2025-06-24 10:51:00+00:00,103.8359375,103.8359375,103.83203125,103.83203125,24.0
2025-06-24 10:52:00+00:00,103.83203125,103.83203125,103.83203125,103.83203125,1.0
2025-06-24 10:55:00+00:00,103.83203125,103.8359375,103.83203125,103.8359375,21.0
2025-06-24 10:56:00+00:00,103.828125,103.8359375,103.828125,103.8359375,1722.0
2025-06-24 10:57:00+00:00,103.828125,103.828125,103.828125,103.828125,144.0
2025-06-24 10:58:00+00:00,103.828125,103.828125,103.828125,103.828125,2.0
2025-06-24 11:01:00+00:00,103.828125,103.828125,103.828125,103.828125,404.0
2025-06-24 11:02:00+00:00,103.828125,103.828125,103.828125,103.828125,634.0
2025-06-24 11:03:00+00:00,103.828125,103.828125,103.828125,103.828125,1055.0
2025-06-24 11:04:00+00:00,103.828125,103.828125,103.828125,103.828125,189.0
2025-06-24 11:05:00+00:00,103.828125,103.828125,103.828125,103.828125,265.0
2025-06-24 11:06:00+00:00,103.83203125,103.83203125,103.83203125,103.83203125,47.0
2025-06-24 11:07:00+00:00,103.8359375,103.8359375,103.83203125,103.83203125,456.0
2025-06-24 11:09:00+00:00,103.83203125,103.83203125,103.83203125,103.83203125,4.0
2025-06-24 11:12:00+00:00,103.83203125,103.83203125,103.83203125,103.83203125,44.0
2025-06-24 11:15:00+00:00,103.83984375,103.83984375,103.8359375,103.8359375,2051.0
2025-06-24 11:16:00+00:00,103.84375,103.84765625,103.84375,103.84375,972.0
2025-06-24 11:17:00+00:00,103.85546875,103.85546875,103.84765625,103.84765625,443.0
2025-06-24 11:18:00+00:00,103.859375,103.859375,103.85546875,103.85546875,1582.0
2025-06-24 11:19:00+00:00,103.85546875,103.859375,103.8515625,103.859375,937.0
2025-06-24 11:20:00+00:00,103.859375,103.859375,103.859375,103.859375,1201.0
2025-06-24 11:21:00+00:00,103.859375,103.859375,103.859375,103.859375,562.0
2025-06-24 11:23:00+00:00,103.85546875,103.859375,103.85546875,103.859375,210.0
2025-06-24 11:24:00+00:00,103.85546875,103.85546875,103.8515625,103.85546875,166.0
2025-06-24 11:25:00+00:00,103.85546875,103.85546875,103.85546875,103.85546875,214.0
2025-06-24 11:26:00+00:00,103.85546875,103.859375,103.85546875,103.859375,32.0
2025-06-24 11:27:00+00:00,103.85546875,103.859375,103.85546875,103.859375,490.0
2025-06-24 11:28:00+00:00,103.8515625,103.85546875,103.8515625,103.85546875,200.0
2025-06-24 11:29:00+00:00,103.85546875,103.85546875,103.85546875,103.85546875,207.0
2025-06-24 11:30:00+00:00,103.86328125,103.86328125,103.85546875,103.85546875,539.0
2025-06-24 11:31:00+00:00,103.859375,103.86328125,103.859375,103.86328125,172.0
2025-06-24 11:32:00+00:00,103.859375,103.86328125,103.859375,103.86328125,125.0
2025-06-24 11:33:00+00:00,103.859375,103.86328125,103.859375,103.86328125,861.0
2025-06-24 11:34:00+00:00,103.859375,103.86328125,103.859375,103.86328125,294.0
2025-06-24 11:35:00+00:00,103.8671875,103.8671875,103.86328125,103.86328125,757.0
2025-06-24 11:36:00+00:00,103.86328125,103.86328125,103.86328125,103.86328125,1500.0
2025-06-24 11:37:00+00:00,103.85546875,103.86328125,103.85546875,103.859375,1290.0
2025-06-24 11:38:00+00:00,103.85546875,103.85546875,103.85546875,103.85546875,291.0
2025-06-24 11:39:00+00:00,103.8515625,103.85546875,103.8515625,103.85546875,409.0
2025-06-24 11:40:00+00:00,103.8515625,103.85546875,103.84765625,103.8515625,270.0
2025-06-24 11:41:00+00:00,103.8515625,103.8515625,103.8515625,103.8515625,295.0
2025-06-24 11:42:00+00:00,103.8515625,103.8515625,103.8515625,103.8515625,7.0
2025-06-24 11:43:00+00:00,103.84375,103.8515625,103.84375,103.8515625,1672.0
2025-06-24 11:44:00+00:00,103.84765625,103.84765625,103.84765625,103.84765625,213.0
2025-06-24 11:45:00+00:00,103.84375,103.84765625,103.84375,103.84765625,21.0
2025-06-24 11:46:00+00:00,103.84765625,103.84765625,103.84375,103.84765625,2225.0
2025-06-24 11:47:00+00:00,103.84375,103.84765625,103.84375,103.84765625,82.0
2025-06-24 11:48:00+00:00,103.84765625,103.84765625,103.84765625,103.84765625,761.0
2025-06-24 11:49:00+00:00,103.84375,103.84765625,103.84375,103.84375,1127.0
2025-06-24 11:51:00+00:00,103.84375,103.84765625,103.84375,103.84375,1098.0
2025-06-24 11:52:00+00:00,103.84375,103.84375,103.84375,103.84375,408.0
2025-06-24 11:53:00+00:00,103.83984375,103.84375,103.83984375,103.83984375,599.0
2025-06-24 11:54:00+00:00,103.83203125,103.83984375,103.83203125,103.83984375,1382.0
2025-06-24 11:55:00+00:00,103.83203125,103.8359375,103.828125,103.83203125,2538.0
2025-06-24 11:56:00+00:00,103.8359375,103.8359375,103.8359375,103.8359375,681.0
2025-06-24 11:57:00+00:00,103.83984375,103.83984375,103.8359375,103.8359375,154.0
2025-06-24 11:58:00+00:00,103.83984375,103.84375,103.83984375,103.83984375,1053.0
2025-06-24 11:59:00+00:00,103.84375,103.84375,103.84375,103.84375,941.0
2025-06-24 12:00:00+00:00,103.83984375,103.84765625,103.83984375,103.84765625,1979.0
2025-06-24 12:01:00+00:00,103.83984375,103.83984375,103.83984375,103.83984375,1836.0
2025-06-24 12:02:00+00:00,103.83984375,103.83984375,103.8359375,103.83984375,284.0
2025-06-24 12:03:00+00:00,103.83984375,103.83984375,103.83984375,103.83984375,325.0
2025-06-24 12:04:00+00:00,103.83203125,103.8359375,103.828125,103.8359375,1609.0
2025-06-24 12:05:00+00:00,103.828125,103.8359375,103.828125,103.83203125,416.0
2025-06-24 12:06:00+00:00,103.8203125,103.83203125,103.8203125,103.828125,1940.0
2025-06-24 12:07:00+00:00,103.82421875,103.82421875,103.8203125,103.8203125,721.0
2025-06-24 12:08:00+00:00,103.82421875,103.83203125,103.82421875,103.82421875,2106.0
2025-06-24 12:09:00+00:00,103.82421875,103.828125,103.82421875,103.828125,220.0
2025-06-24 12:10:00+00:00,103.828125,103.828125,103.82421875,103.82421875,77.0
2025-06-24 12:11:00+00:00,103.83203125,103.83203125,103.828125,103.828125,451.0
2025-06-24 12:12:00+00:00,103.83203125,103.83203125,103.828125,103.828125,9.0
2025-06-24 12:13:00+00:00,103.828125,103.83203125,103.828125,103.83203125,1402.0
2025-06-24 12:14:00+00:00,103.83203125,103.83203125,103.828125,103.828125,83.0
2025-06-24 12:15:00+00:00,103.83203125,103.83203125,103.828125,103.83203125,66.0
2025-06-24 12:16:00+00:00,103.828125,103.828125,103.828125,103.828125,1043.0
2025-06-24 12:17:00+00:00,103.83203125,103.83203125,103.828125,103.828125,185.0
2025-06-24 12:18:00+00:00,103.83203125,103.83203125,103.828125,103.83203125,608.0
2025-06-24 12:19:00+00:00,103.83203125,103.83203125,103.82421875,103.828125,579.0
2025-06-24 12:20:00+00:00,103.8359375,103.83984375,103.83203125,103.83203125,1006.0
2025-06-24 12:21:00+00:00,103.83203125,103.8359375,103.83203125,103.8359375,2897.0
2025-06-24 12:22:00+00:00,103.8359375,103.8359375,103.83203125,103.83203125,1887.0
2025-06-24 12:23:00+00:00,103.84375,103.84375,103.8359375,103.8359375,388.0
2025-06-24 12:24:00+00:00,103.83984375,103.84375,103.83984375,103.84375,1842.0
2025-06-24 12:25:00+00:00,103.8359375,103.83984375,103.8359375,103.83984375,341.0
2025-06-24 12:26:00+00:00,103.8359375,103.83984375,103.8359375,103.8359375,577.0
2025-06-24 12:27:00+00:00,103.8359375,103.83984375,103.8359375,103.8359375,439.0
2025-06-24 12:28:00+00:00,103.8359375,103.83984375,103.83203125,103.8359375,1772.0
2025-06-24 12:29:00+00:00,103.83203125,103.8359375,103.83203125,103.8359375,1149.0
2025-06-24 12:30:00+00:00,103.80859375,103.8359375,103.8046875,103.83203125,12909.0
2025-06-24 12:31:00+00:00,103.8359375,103.83984375,103.8046875,103.80859375,4814.0
2025-06-24 12:32:00+00:00,103.83203125,103.8359375,103.8203125,103.8359375,6078.0
2025-06-24 12:33:00+00:00,103.828125,103.83203125,103.828125,103.83203125,4470.0
2025-06-24 12:34:00+00:00,103.8359375,103.83984375,103.828125,103.828125,5638.0
2025-06-24 12:35:00+00:00,103.8359375,103.83984375,103.828125,103.8359375,2552.0
2025-06-24 12:36:00+00:00,103.83984375,103.83984375,103.8359375,103.8359375,966.0
2025-06-24 12:37:00+00:00,103.83984375,103.83984375,103.8359375,103.83984375,1404.0
2025-06-24 12:38:00+00:00,103.84765625,103.84765625,103.8359375,103.8359375,1486.0
2025-06-24 12:39:00+00:00,103.84765625,103.84765625,103.84375,103.84765625,363.0
2025-06-24 12:40:00+00:00,103.83984375,103.84765625,103.83984375,103.84765625,2206.0
2025-06-24 12:41:00+00:00,103.828125,103.83984375,103.828125,103.83984375,1785.0
2025-06-24 12:42:00+00:00,103.828125,103.83203125,103.828125,103.828125,1860.0
2025-06-24 12:43:00+00:00,103.8203125,103.828125,103.8203125,103.82421875,3413.0
2025-06-24 12:44:00+00:00,103.82421875,103.828125,103.82421875,103.82421875,853.0
2025-06-24 12:45:00+00:00,103.81640625,103.828125,103.81640625,103.82421875,1556.0
2025-06-24 12:46:00+00:00,103.81640625,103.81640625,103.8125,103.81640625,413.0
2025-06-24 12:47:00+00:00,103.828125,103.828125,103.81640625,103.81640625,2233.0
2025-06-24 12:48:00+00:00,103.8203125,103.828125,103.8203125,103.828125,1140.0
2025-06-24 12:49:00+00:00,103.828125,103.828125,103.82421875,103.82421875,1032.0
2025-06-24 12:50:00+00:00,103.828125,103.83203125,103.828125,103.83203125,567.0
2025-06-24 12:51:00+00:00,103.82421875,103.82421875,103.8203125,103.82421875,842.0
2025-06-24 12:52:00+00:00,103.82421875,103.828125,103.8203125,103.8203125,468.0
2025-06-24 12:53:00+00:00,103.82421875,103.828125,103.82421875,103.82421875,305.0
2025-06-24 12:54:00+00:00,103.8203125,103.82421875,103.8203125,103.8203125,940.0
2025-06-24 12:55:00+00:00,103.82421875,103.82421875,103.8203125,103.8203125,2183.0
2025-06-24 12:56:00+00:00,103.82421875,103.828125,103.82421875,103.828125,887.0
2025-06-24 12:57:00+00:00,103.828125,103.828125,103.8203125,103.82421875,1346.0
2025-06-24 12:58:00+00:00,103.82421875,103.83203125,103.82421875,103.82421875,1033.0
2025-06-24 12:59:00+00:00,103.828125,103.828125,103.828125,103.828125,29.0
2025-06-24 13:00:00+00:00,103.83984375,103.84375,103.82421875,103.82421875,2829.0
2025-06-24 13:01:00+00:00,103.83203125,103.83984375,103.828125,103.83984375,1348.0
2025-06-24 13:02:00+00:00,103.8359375,103.8359375,103.8359375,103.8359375,1003.0
2025-06-24 13:03:00+00:00,103.82421875,103.83203125,103.82421875,103.83203125,1696.0
2025-06-24 13:04:00+00:00,103.82421875,103.828125,103.8203125,103.8203125,517.0
2025-06-24 13:05:00+00:00,103.82421875,103.82421875,103.82421875,103.82421875,385.0
2025-06-24 13:06:00+00:00,103.82421875,103.828125,103.8203125,103.82421875,797.0
2025-06-24 13:08:00+00:00,103.828125,103.828125,103.828125,103.828125,356.0
2025-06-24 13:09:00+00:00,103.82421875,103.828125,103.82421875,103.82421875,2262.0
2025-06-24 13:10:00+00:00,103.8203125,103.82421875,103.8203125,103.82421875,154.0
2025-06-24 13:11:00+00:00,103.828125,103.828125,103.82421875,103.82421875,59.0
2025-06-24 13:12:00+00:00,103.828125,103.828125,103.82421875,103.828125,66.0
2025-06-24 13:13:00+00:00,103.82421875,103.828125,103.82421875,103.828125,632.0
2025-06-24 13:14:00+00:00,103.82421875,103.828125,103.82421875,103.82421875,1304.0
2025-06-24 13:15:00+00:00,103.81640625,103.82421875,103.8046875,103.82421875,6816.0
2025-06-24 13:16:00+00:00,103.8125,103.81640625,103.8125,103.81640625,1437.0
2025-06-24 13:17:00+00:00,103.80859375,103.81640625,103.80859375,103.81640625,761.0
2025-06-24 13:18:00+00:00,103.8125,103.81640625,103.80859375,103.80859375,5175.0
2025-06-24 13:19:00+00:00,103.8125,103.81640625,103.8125,103.8125,364.0
2025-06-24 13:20:00+00:00,103.80859375,103.81640625,103.8046875,103.81640625,5121.0
2025-06-24 13:21:00+00:00,103.80859375,103.8125,103.8046875,103.80859375,1230.0
2025-06-24 13:22:00+00:00,103.80859375,103.8125,103.8046875,103.8046875,1291.0
2025-06-24 13:23:00+00:00,103.80859375,103.80859375,103.8046875,103.80859375,678.0
2025-06-24 13:24:00+00:00,103.80859375,103.80859375,103.8046875,103.80859375,210.0
2025-06-24 13:25:00+00:00,103.80859375,103.8125,103.8046875,103.8046875,787.0
2025-06-24 13:26:00+00:00,103.8125,103.8125,103.80859375,103.8125,1195.0
2025-06-24 13:27:00+00:00,103.8125,103.81640625,103.8125,103.81640625,641.0
2025-06-24 13:28:00+00:00,103.8125,103.81640625,103.8125,103.8125,650.0
2025-06-24 13:29:00+00:00,103.81640625,103.81640625,103.80859375,103.8125,449.0
2025-06-24 13:30:00+00:00,103.8203125,103.8203125,103.8125,103.8125,5778.0
2025-06-24 13:31:00+00:00,103.8203125,103.82421875,103.8203125,103.8203125,771.0
2025-06-24 13:32:00+00:00,103.8203125,103.82421875,103.81640625,103.81640625,302.0
2025-06-24 13:33:00+00:00,103.828125,103.828125,103.81640625,103.8203125,1860.0
2025-06-24 13:34:00+00:00,103.8203125,103.82421875,103.8203125,103.82421875,798.0
2025-06-24 13:35:00+00:00,103.82421875,103.82421875,103.8203125,103.8203125,237.0
2025-06-24 13:37:00+00:00,103.8125,103.81640625,103.80859375,103.81640625,2686.0
2025-06-24 13:38:00+00:00,103.8125,103.8125,103.80859375,103.8125,27.0
2025-06-24 13:39:00+00:00,103.8125,103.8125,103.80859375,103.80859375,2758.0
2025-06-24 13:40:00+00:00,103.8125,103.81640625,103.8125,103.8125,1047.0
2025-06-24 13:41:00+00:00,103.81640625,103.81640625,103.8125,103.81640625,646.0
2025-06-24 13:42:00+00:00,103.8125,103.81640625,103.80859375,103.81640625,2738.0
2025-06-24 13:43:00+00:00,103.8046875,103.8125,103.80078125,103.8125,1962.0
2025-06-24 13:44:00+00:00,103.8046875,103.80859375,103.8046875,103.8046875,773.0
2025-06-24 13:45:00+00:00,103.796875,103.8046875,103.796875,103.8046875,4112.0
2025-06-24 13:46:00+00:00,103.796875,103.80078125,103.79296875,103.80078125,1052.0
2025-06-24 13:47:00+00:00,103.796875,103.796875,103.79296875,103.796875,1916.0
2025-06-24 13:48:00+00:00,103.796875,103.796875,103.79296875,103.796875,445.0
2025-06-24 13:49:00+00:00,103.80078125,103.8046875,103.79296875,103.79296875,1412.0
2025-06-24 13:50:00+00:00,103.80078125,103.80078125,103.80078125,103.80078125,357.0
2025-06-24 13:53:00+00:00,103.80078125,103.80078125,103.79296875,103.796875,4454.0
2025-06-24 13:54:00+00:00,103.796875,103.80078125,103.796875,103.796875,3000.0
2025-06-24 13:55:00+00:00,103.8046875,103.8046875,103.796875,103.796875,1762.0
2025-06-24 13:56:00+00:00,103.80859375,103.80859375,103.8046875,103.8046875,1257.0
2025-06-24 13:57:00+00:00,103.80859375,103.8125,103.8046875,103.8046875,561.0
2025-06-24 13:58:00+00:00,103.80078125,103.80859375,103.80078125,103.80859375,1174.0
2025-06-24 13:59:00+00:00,103.8046875,103.80859375,103.80078125,103.8046875,875.0
2025-06-24 14:00:00+00:00,103.81640625,103.81640625,103.80078125,103.8046875,4311.0
2025-06-24 14:01:00+00:00,103.81640625,103.82421875,103.81640625,103.81640625,2338.0
2025-06-24 14:02:00+00:00,103.8203125,103.8203125,103.81640625,103.81640625,847.0
2025-06-24 14:03:00+00:00,103.8203125,103.82421875,103.81640625,103.82421875,958.0
2025-06-24 14:04:00+00:00,103.8203125,103.82421875,103.8203125,103.8203125,572.0
2025-06-24 14:05:00+00:00,103.83203125,103.83203125,103.82421875,103.82421875,924.0
2025-06-24 14:06:00+00:00,103.8359375,103.8359375,103.83203125,103.83203125,1847.0
2025-06-24 14:07:00+00:00,103.83984375,103.84375,103.8359375,103.8359375,1643.0
2025-06-24 14:08:00+00:00,103.84765625,103.84765625,103.83984375,103.84375,1285.0
2025-06-24 14:09:00+00:00,103.84375,103.84765625,103.83984375,103.84765625,1482.0
2025-06-24 14:10:00+00:00,103.84375,103.84765625,103.83984375,103.84375,1339.0
2025-06-24 14:11:00+00:00,103.8515625,103.8515625,103.84375,103.84375,1662.0
2025-06-24 14:12:00+00:00,103.8515625,103.859375,103.8515625,103.8515625,1981.0
2025-06-24 14:13:00+00:00,103.85546875,103.859375,103.8515625,103.8515625,2093.0
2025-06-24 14:14:00+00:00,103.8515625,103.85546875,103.8515625,103.85546875,622.0
2025-06-24 14:15:00+00:00,103.85546875,103.85546875,103.8515625,103.8515625,1172.0
2025-06-24 14:16:00+00:00,103.85546875,103.85546875,103.8515625,103.8515625,1122.0
2025-06-24 14:17:00+00:00,103.85546875,103.85546875,103.84765625,103.85546875,1694.0
2025-06-24 14:18:00+00:00,103.8671875,103.87890625,103.8515625,103.8515625,11256.0
2025-06-24 14:19:00+00:00,103.86328125,103.8671875,103.859375,103.8671875,3540.0
2025-06-24 14:20:00+00:00,103.86328125,103.8671875,103.859375,103.859375,3434.0
2025-06-24 14:21:00+00:00,103.86328125,103.86328125,103.859375,103.86328125,3471.0
2025-06-24 14:22:00+00:00,103.87109375,103.875,103.86328125,103.86328125,5634.0
2025-06-24 14:23:00+00:00,103.87890625,103.87890625,103.8671875,103.875,2781.0
2025-06-24 14:24:00+00:00,103.8828125,103.88671875,103.875,103.875,3972.0
2025-06-24 14:25:00+00:00,103.8828125,103.88671875,103.87890625,103.8828125,1701.0
2025-06-24 14:26:00+00:00,103.89453125,103.89453125,103.8828125,103.8828125,4797.0
2025-06-24 14:27:00+00:00,103.88671875,103.89453125,103.88671875,103.890625,2541.0
2025-06-24 14:28:00+00:00,103.890625,103.890625,103.88671875,103.88671875,2608.0
2025-06-24 14:29:00+00:00,103.890625,103.890625,103.88671875,103.890625,4101.0
2025-06-24 14:30:00+00:00,103.890625,103.89453125,103.88671875,103.890625,4166.0
2025-06-24 14:31:00+00:00,103.890625,103.89453125,103.88671875,103.89453125,1236.0
2025-06-24 14:32:00+00:00,103.890625,103.89453125,103.88671875,103.890625,2994.0
2025-06-24 14:33:00+00:00,103.890625,103.89453125,103.88671875,103.890625,2933.0
2025-06-24 14:34:00+00:00,103.890625,103.89453125,103.88671875,103.890625,661.0
2025-06-24 14:35:00+00:00,103.89453125,103.89453125,103.890625,103.890625,811.0
2025-06-24 14:36:00+00:00,103.88671875,103.8984375,103.88671875,103.89453125,723.0
2025-06-24 14:37:00+00:00,103.890625,103.890625,103.88671875,103.88671875,975.0
2025-06-24 14:38:00+00:00,103.87890625,103.88671875,103.87890625,103.88671875,1830.0
2025-06-24 14:39:00+00:00,103.87109375,103.87890625,103.8671875,103.87890625,4788.0
2025-06-24 14:40:00+00:00,103.8671875,103.87109375,103.8671875,103.87109375,7010.0
2025-06-24 14:41:00+00:00,103.87109375,103.87109375,103.8671875,103.8671875,1187.0
2025-06-24 14:42:00+00:00,103.875,103.875,103.8671875,103.8671875,702.0
2025-06-24 14:43:00+00:00,103.87109375,103.875,103.87109375,103.87109375,18.0
2025-06-24 14:44:00+00:00,103.87109375,103.87109375,103.8671875,103.87109375,1164.0
2025-06-24 14:45:00+00:00,103.875,103.875,103.87109375,103.87109375,932.0
2025-06-24 14:46:00+00:00,103.875,103.87890625,103.87109375,103.875,3921.0
2025-06-24 14:47:00+00:00,103.87109375,103.875,103.87109375,103.875,794.0
2025-06-24 14:48:00+00:00,103.87109375,103.875,103.87109375,103.87109375,1445.0
2025-06-24 14:49:00+00:00,103.875,103.875,103.87109375,103.87109375,1627.0
2025-06-24 14:50:00+00:00,103.875,103.875,103.875,103.875,1381.0
2025-06-24 14:51:00+00:00,103.87890625,103.8828125,103.87890625,103.87890625,2208.0
2025-06-24 14:52:00+00:00,103.8828125,103.8828125,103.87890625,103.87890625,474.0
2025-06-24 14:53:00+00:00,103.875,103.8828125,103.875,103.8828125,1143.0
2025-06-24 14:54:00+00:00,103.875,103.87890625,103.875,103.87890625,52.0
2025-06-24 14:55:00+00:00,103.87109375,103.875,103.87109375,103.875,233.0
2025-06-24 14:56:00+00:00,103.87109375,103.87109375,103.87109375,103.87109375,1500.0
2025-06-24 14:57:00+00:00,103.87109375,103.87109375,103.87109375,103.87109375,312.0
2025-06-24 14:58:00+00:00,103.87109375,103.875,103.87109375,103.875,87.0
2025-06-24 14:59:00+00:00,103.87109375,103.875,103.87109375,103.875,725.0
2025-06-24 15:00:00+00:00,103.87109375,103.87109375,103.87109375,103.87109375,1115.0
2025-06-24 15:01:00+00:00,103.87109375,103.875,103.87109375,103.87109375,190.0
2025-06-24 15:03:00+00:00,103.87890625,103.87890625,103.87890625,103.87890625,967.0
2025-06-24 15:04:00+00:00,103.875,103.875,103.875,103.875,135.0
2025-06-24 15:05:00+00:00,103.88671875,103.88671875,103.88671875,103.88671875,2264.0
2025-06-24 15:06:00+00:00,103.88671875,103.88671875,103.8828125,103.88671875,1220.0
2025-06-24 15:08:00+00:00,103.890625,103.890625,103.88671875,103.88671875,8476.0
2025-06-24 15:09:00+00:00,103.88671875,103.890625,103.8828125,103.890625,2333.0
2025-06-24 15:10:00+00:00,103.88671875,103.88671875,103.88671875,103.88671875,145.0
2025-06-24 15:12:00+00:00,103.8984375,103.8984375,103.89453125,103.89453125,2224.0
2025-06-24 15:13:00+00:00,103.8984375,103.8984375,103.8984375,103.8984375,1345.0
2025-06-24 15:14:00+00:00,103.90234375,103.90625,103.8984375,103.8984375,3513.0
2025-06-24 15:15:00+00:00,103.90625,103.91015625,103.90234375,103.90234375,1541.0
2025-06-24 15:16:00+00:00,103.90234375,103.90625,103.90234375,103.90625,540.0
2025-06-24 15:17:00+00:00,103.90234375,103.90625,103.90234375,103.90234375,900.0
2025-06-24 15:18:00+00:00,103.90625,103.90625,103.90625,103.90625,612.0
2025-06-24 15:19:00+00:00,103.90625,103.90625,103.90625,103.90625,251.0
2025-06-24 15:20:00+00:00,103.90234375,103.90234375,103.90234375,103.90234375,368.0
2025-06-24 15:21:00+00:00,103.90234375,103.90234375,103.90234375,103.90234375,259.0
2025-06-24 15:22:00+00:00,103.90234375,103.90234375,103.90234375,103.90234375,33.0
2025-06-24 15:24:00+00:00,103.90625,103.90625,103.90625,103.90625,2918.0
2025-06-24 15:25:00+00:00,103.90625,103.90625,103.90625,103.90625,939.0
2025-06-24 15:26:00+00:00,103.90625,103.90625,103.90625,103.90625,84.0
2025-06-24 15:28:00+00:00,103.90625,103.90625,103.90625,103.90625,2370.0
2025-06-24 15:29:00+00:00,103.90625,103.90625,103.90625,103.90625,892.0
2025-06-24 15:30:00+00:00,103.90625,103.90625,103.90625,103.90625,577.0
2025-06-24 15:33:00+00:00,103.89453125,103.89453125,103.89453125,103.89453125,1132.0
2025-06-24 15:34:00+00:00,103.890625,103.8984375,103.890625,103.89453125,1206.0
2025-06-24 15:35:00+00:00,103.88671875,103.88671875,103.88671875,103.88671875,838.0
2025-06-24 15:36:00+00:00,103.8828125,103.88671875,103.8828125,103.88671875,1385.0
2025-06-24 15:37:00+00:00,103.88671875,103.88671875,103.8828125,103.8828125,1580.0
2025-06-24 15:38:00+00:00,103.8828125,103.88671875,103.8828125,103.88671875,549.0
2025-06-24 15:39:00+00:00,103.87109375,103.8828125,103.87109375,103.8828125,4088.0
2025-06-24 15:40:00+00:00,103.8671875,103.875,103.8671875,103.875,2772.0
2025-06-24 15:41:00+00:00,103.86328125,103.87109375,103.86328125,103.87109375,4002.0
2025-06-24 15:42:00+00:00,103.86328125,103.8671875,103.859375,103.8671875,1964.0
2025-06-24 15:43:00+00:00,103.8671875,103.8671875,103.86328125,103.86328125,1309.0
2025-06-24 15:44:00+00:00,103.8671875,103.8671875,103.86328125,103.8671875,32.0
2025-06-24 15:45:00+00:00,103.86328125,103.8671875,103.86328125,103.8671875,187.0
2025-06-24 15:46:00+00:00,103.86328125,103.8671875,103.86328125,103.86328125,3.0
2025-06-24 15:47:00+00:00,103.86328125,103.86328125,103.859375,103.86328125,630.0
2025-06-24 15:48:00+00:00,103.8671875,103.8671875,103.859375,103.86328125,303.0
2025-06-24 15:49:00+00:00,103.87109375,103.87109375,103.8671875,103.8671875,221.0
2025-06-24 15:50:00+00:00,103.87109375,103.87109375,103.87109375,103.87109375,14.0
2025-06-24 15:51:00+00:00,103.87109375,103.875,103.87109375,103.87109375,753.0
2025-06-24 15:52:00+00:00,103.87109375,103.875,103.8671875,103.87109375,245.0
2025-06-24 15:53:00+00:00,103.87109375,103.87109375,103.8671875,103.87109375,759.0
2025-06-24 15:54:00+00:00,103.87109375,103.875,103.87109375,103.87109375,96.0
2025-06-24 15:55:00+00:00,103.875,103.875,103.87109375,103.87109375,549.0
2025-06-24 15:56:00+00:00,103.87109375,103.875,103.87109375,103.875,1075.0
2025-06-24 15:57:00+00:00,103.87109375,103.875,103.87109375,103.87109375,422.0
2025-06-24 15:58:00+00:00,103.87109375,103.875,103.87109375,103.87109375,745.0
2025-06-24 15:59:00+00:00,103.875,103.875,103.875,103.875,16.0
2025-06-24 16:00:00+00:00,103.87109375,103.875,103.87109375,103.87109375,893.0
2025-06-24 16:01:00+00:00,103.875,103.875,103.87109375,103.87109375,724.0
2025-06-24 16:02:00+00:00,103.87109375,103.875,103.87109375,103.875,973.0
2025-06-24 16:03:00+00:00,103.8671875,103.87109375,103.8671875,103.87109375,315.0
2025-06-24 16:04:00+00:00,103.87109375,103.875,103.8671875,103.87109375,237.0
2025-06-24 16:05:00+00:00,103.87109375,103.87109375,103.8671875,103.87109375,661.0
2025-06-24 16:06:00+00:00,103.8671875,103.875,103.8671875,103.875,364.0
2025-06-24 16:07:00+00:00,103.87109375,103.87109375,103.8671875,103.8671875,598.0
2025-06-24 16:08:00+00:00,103.8671875,103.87109375,103.8671875,103.87109375,791.0
2025-06-24 16:09:00+00:00,103.8671875,103.87109375,103.8671875,103.8671875,115.0
2025-06-24 16:10:00+00:00,103.87109375,103.875,103.87109375,103.87109375,159.0
2025-06-24 16:11:00+00:00,103.87109375,103.875,103.87109375,103.87109375,518.0
2025-06-24 16:12:00+00:00,103.875,103.87890625,103.875,103.875,250.0
2025-06-24 16:13:00+00:00,103.875,103.87890625,103.87109375,103.875,689.0
2025-06-24 16:14:00+00:00,103.875,103.87890625,103.875,103.875,436.0
2025-06-24 16:15:00+00:00,103.875,103.87890625,103.87109375,103.87109375,732.0
2025-06-24 16:16:00+00:00,103.875,103.87890625,103.875,103.875,450.0
2025-06-24 16:17:00+00:00,103.875,103.875,103.875,103.875,422.0
2025-06-24 16:18:00+00:00,103.87109375,103.875,103.87109375,103.875,300.0
2025-06-24 16:19:00+00:00,103.87109375,103.875,103.87109375,103.87109375,262.0
2025-06-24 16:20:00+00:00,103.87109375,103.87109375,103.87109375,103.87109375,25.0
2025-06-24 16:21:00+00:00,103.875,103.87890625,103.87109375,103.87109375,2224.0
2025-06-24 16:22:00+00:00,103.8828125,103.8828125,103.875,103.875,850.0
2025-06-24 16:23:00+00:00,103.8828125,103.8828125,103.87890625,103.87890625,22.0
2025-06-24 16:24:00+00:00,103.8828125,103.8828125,103.87890625,103.87890625,154.0
2025-06-24 16:25:00+00:00,103.8828125,103.8828125,103.87890625,103.87890625,75.0
2025-06-24 16:26:00+00:00,103.8828125,103.8828125,103.87890625,103.8828125,63.0
2025-06-24 16:27:00+00:00,103.8828125,103.8828125,103.87890625,103.8828125,75.0
2025-06-24 16:28:00+00:00,103.88671875,103.88671875,103.87890625,103.87890625,225.0
2025-06-24 16:29:00+00:00,103.88671875,103.88671875,103.8828125,103.8828125,312.0
2025-06-24 16:30:00+00:00,103.87890625,103.88671875,103.87890625,103.88671875,639.0
2025-06-24 16:31:00+00:00,103.8828125,103.8828125,103.87890625,103.87890625,439.0
2025-06-24 16:32:00+00:00,103.88671875,103.88671875,103.8828125,103.88671875,1500.0
2025-06-24 16:33:00+00:00,103.88671875,103.88671875,103.8828125,103.88671875,540.0
2025-06-24 16:34:00+00:00,103.88671875,103.890625,103.88671875,103.88671875,221.0
2025-06-24 16:35:00+00:00,103.88671875,103.88671875,103.88671875,103.88671875,20.0
2025-06-24 16:36:00+00:00,103.88671875,103.88671875,103.88671875,103.88671875,997.0
2025-06-24 16:37:00+00:00,103.88671875,103.890625,103.88671875,103.890625,23.0
2025-06-24 16:38:00+00:00,103.88671875,103.890625,103.88671875,103.88671875,107.0
2025-06-24 16:39:00+00:00,103.89453125,103.89453125,103.88671875,103.88671875,2090.0
2025-06-24 16:40:00+00:00,103.890625,103.89453125,103.890625,103.890625,71.0
2025-06-24 16:41:00+00:00,103.8984375,103.8984375,103.890625,103.89453125,4039.0
2025-06-24 16:42:00+00:00,103.8984375,103.8984375,103.89453125,103.89453125,1760.0
2025-06-24 16:43:00+00:00,103.89453125,103.8984375,103.89453125,103.8984375,571.0
2025-06-24 16:44:00+00:00,103.90234375,103.90234375,103.89453125,103.89453125,1359.0
2025-06-24 16:45:00+00:00,103.8984375,103.90234375,103.8984375,103.8984375,935.0
2025-06-24 16:46:00+00:00,103.8984375,103.90234375,103.8984375,103.8984375,454.0
2025-06-24 16:47:00+00:00,103.8984375,103.90625,103.8984375,103.90234375,5349.0
2025-06-24 16:48:00+00:00,103.8984375,103.90234375,103.8984375,103.90234375,972.0
2025-06-24 16:49:00+00:00,103.90234375,103.90625,103.90234375,103.90234375,438.0
2025-06-24 16:50:00+00:00,103.90234375,103.90625,103.90234375,103.90625,97.0
2025-06-24 16:51:00+00:00,103.90625,103.90625,103.90234375,103.90234375,623.0
2025-06-24 16:52:00+00:00,103.90234375,103.91015625,103.90234375,103.90234375,1715.0
2025-06-24 16:53:00+00:00,103.90625,103.90625,103.90234375,103.90625,134.0
2025-06-24 16:54:00+00:00,103.90234375,103.91015625,103.90234375,103.90625,2228.0
2025-06-24 16:55:00+00:00,103.90234375,103.90625,103.90234375,103.90625,104.0
2025-06-24 16:56:00+00:00,103.90234375,103.90625,103.90234375,103.90625,38.0
2025-06-24 16:57:00+00:00,103.90234375,103.90625,103.90234375,103.90625,1426.0
2025-06-24 16:58:00+00:00,103.89453125,103.90625,103.89453125,103.90625,2856.0
2025-06-24 16:59:00+00:00,103.890625,103.89453125,103.890625,103.89453125,1450.0
2025-06-24 17:00:00+00:00,103.8984375,103.8984375,103.890625,103.89453125,1014.0
2025-06-24 17:01:00+00:00,103.8984375,103.8984375,103.89453125,103.89453125,915.0
2025-06-24 17:02:00+00:00,103.8984375,103.90234375,103.89453125,103.89453125,4786.0
2025-06-24 17:03:00+00:00,103.890625,103.89453125,103.890625,103.89453125,2513.0
2025-06-24 17:04:00+00:00,103.88671875,103.890625,103.88671875,103.890625,1637.0
2025-06-24 17:05:00+00:00,103.88671875,103.890625,103.88671875,103.890625,3047.0
2025-06-24 17:06:00+00:00,103.89453125,103.89453125,103.88671875,103.890625,1079.0
2025-06-24 17:07:00+00:00,103.89453125,103.8984375,103.890625,103.89453125,1471.0
2025-06-24 17:08:00+00:00,103.89453125,103.8984375,103.890625,103.890625,1406.0
2025-06-24 17:09:00+00:00,103.89453125,103.8984375,103.890625,103.89453125,564.0
2025-06-24 17:10:00+00:00,103.88671875,103.89453125,103.88671875,103.89453125,261.0
2025-06-24 17:11:00+00:00,103.88671875,103.890625,103.88671875,103.890625,1099.0
2025-06-24 17:12:00+00:00,103.890625,103.890625,103.88671875,103.88671875,366.0
2025-06-24 17:13:00+00:00,103.890625,103.890625,103.88671875,103.88671875,89.0
2025-06-24 17:14:00+00:00,103.890625,103.890625,103.88671875,103.88671875,74.0
2025-06-24 17:15:00+00:00,103.89453125,103.89453125,103.88671875,103.890625,774.0
2025-06-24 17:16:00+00:00,103.89453125,103.89453125,103.890625,103.890625,1796.0
2025-06-24 17:17:00+00:00,103.89453125,103.8984375,103.890625,103.890625,505.0
2025-06-24 17:18:00+00:00,103.890625,103.89453125,103.890625,103.89453125,64.0
2025-06-24 17:19:00+00:00,103.890625,103.89453125,103.890625,103.89453125,53.0
2025-06-24 17:20:00+00:00,103.89453125,103.89453125,103.890625,103.890625,242.0
2025-06-24 17:21:00+00:00,103.89453125,103.8984375,103.89453125,103.89453125,128.0
2025-06-24 17:22:00+00:00,103.8984375,103.8984375,103.89453125,103.89453125,329.0
2025-06-24 17:23:00+00:00,103.90234375,103.90234375,103.8984375,103.8984375,49.0
2025-06-24 17:24:00+00:00,103.90234375,103.90234375,103.8984375,103.8984375,1503.0
2025-06-24 17:25:00+00:00,103.8984375,103.90234375,103.8984375,103.90234375,41.0
2025-06-24 17:26:00+00:00,103.8984375,103.8984375,103.89453125,103.8984375,651.0
2025-06-24 17:27:00+00:00,103.89453125,103.8984375,103.89453125,103.8984375,1092.0
2025-06-24 17:28:00+00:00,103.8984375,103.8984375,103.89453125,103.89453125,34.0
2025-06-24 17:29:00+00:00,103.89453125,103.8984375,103.89453125,103.89453125,279.0
2025-06-24 17:30:00+00:00,103.8984375,103.8984375,103.89453125,103.8984375,1483.0
2025-06-24 17:31:00+00:00,103.8984375,103.90234375,103.89453125,103.8984375,663.0
2025-06-24 17:32:00+00:00,103.8984375,103.90234375,103.8984375,103.8984375,68.0
2025-06-24 17:33:00+00:00,103.89453125,103.8984375,103.89453125,103.89453125,27.0
2025-06-24 17:34:00+00:00,103.89453125,103.8984375,103.89453125,103.8984375,51.0
2025-06-24 17:35:00+00:00,103.91015625,103.9140625,103.89453125,103.89453125,13876.0
2025-06-24 17:36:00+00:00,103.91015625,103.91015625,103.90625,103.90625,382.0
2025-06-24 17:37:00+00:00,103.91015625,103.9140625,103.91015625,103.91015625,39.0
2025-06-24 17:38:00+00:00,103.91015625,103.9140625,103.90625,103.9140625,2766.0
2025-06-24 17:39:00+00:00,103.91015625,103.91015625,103.90625,103.91015625,184.0
2025-06-24 17:40:00+00:00,103.91015625,103.91015625,103.90625,103.90625,963.0
2025-06-24 17:41:00+00:00,103.90625,103.91015625,103.90625,103.90625,71.0
2025-06-24 17:42:00+00:00,103.90625,103.91015625,103.90625,103.90625,51.0
2025-06-24 17:43:00+00:00,103.91015625,103.91015625,103.90625,103.90625,2025.0
2025-06-24 17:44:00+00:00,103.90625,103.91015625,103.90625,103.90625,528.0
2025-06-24 17:45:00+00:00,103.90625,103.90625,103.90625,103.90625,1139.0
2025-06-24 17:46:00+00:00,103.90234375,103.90625,103.90234375,103.90234375,34.0
2025-06-24 17:47:00+00:00,103.90234375,103.90234375,103.90234375,103.90234375,24.0
2025-06-24 17:48:00+00:00,103.90234375,103.90625,103.90234375,103.90234375,4076.0
2025-06-24 17:49:00+00:00,103.8984375,103.90234375,103.8984375,103.90234375,1590.0
2025-06-24 17:50:00+00:00,103.8984375,103.90234375,103.8984375,103.90234375,4462.0
2025-06-24 17:51:00+00:00,103.89453125,103.90234375,103.89453125,103.8984375,1123.0
2025-06-24 17:52:00+00:00,103.890625,103.89453125,103.890625,103.89453125,1944.0
2025-06-24 17:53:00+00:00,103.890625,103.89453125,103.890625,103.890625,27.0
2025-06-24 17:54:00+00:00,103.89453125,103.89453125,103.890625,103.890625,463.0
2025-06-24 17:55:00+00:00,103.890625,103.89453125,103.890625,103.89453125,1113.0
2025-06-24 17:56:00+00:00,103.890625,103.890625,103.890625,103.890625,527.0
2025-06-24 17:58:00+00:00,103.89453125,103.89453125,103.89453125,103.89453125,410.0
2025-06-24 17:59:00+00:00,103.89453125,103.89453125,103.89453125,103.89453125,1.0
2025-06-24 18:00:00+00:00,103.89453125,103.89453125,103.890625,103.890625,4.0
2025-06-24 18:01:00+00:00,103.890625,103.890625,103.890625,103.890625,918.0
2025-06-24 18:02:00+00:00,103.890625,103.890625,103.890625,103.890625,22.0
2025-06-24 18:03:00+00:00,103.890625,103.890625,103.88671875,103.890625,1313.0
2025-06-24 18:04:00+00:00,103.890625,103.89453125,103.890625,103.890625,678.0
2025-06-24 18:05:00+00:00,103.8984375,103.90234375,103.890625,103.890625,3758.0
2025-06-24 18:06:00+00:00,103.8984375,103.8984375,103.8984375,103.8984375,228.0
2025-06-24 18:07:00+00:00,103.90234375,103.90234375,103.8984375,103.90234375,416.0
2025-06-24 18:08:00+00:00,103.8984375,103.8984375,103.8984375,103.8984375,360.0
2025-06-24 18:09:00+00:00,103.90234375,103.90234375,103.8984375,103.8984375,2526.0
2025-06-24 18:10:00+00:00,103.90234375,103.90234375,103.90234375,103.90234375,490.0
2025-06-24 18:11:00+00:00,103.90625,103.90625,103.90234375,103.90234375,369.0
2025-06-24 18:12:00+00:00,103.90625,103.90625,103.90234375,103.90625,759.0
2025-06-24 18:13:00+00:00,103.90625,103.90625,103.90625,103.90625,657.0
2025-06-24 18:14:00+00:00,103.90625,103.90625,103.90625,103.90625,1599.0
2025-06-24 18:15:00+00:00,103.91015625,103.91015625,103.90625,103.90625,143.0
2025-06-24 18:16:00+00:00,103.90625,103.90625,103.90625,103.90625,1215.0
2025-06-24 18:18:00+00:00,103.90625,103.91015625,103.90625,103.90625,306.0
2025-06-24 18:19:00+00:00,103.90625,103.91015625,103.90625,103.90625,150.0
2025-06-24 18:20:00+00:00,103.90234375,103.90234375,103.90234375,103.90234375,396.0
2025-06-24 18:21:00+00:00,103.90625,103.90625,103.90234375,103.90234375,3.0
2025-06-24 18:22:00+00:00,103.89453125,103.90234375,103.89453125,103.90234375,3667.0
2025-06-24 18:23:00+00:00,103.89453125,103.89453125,103.89453125,103.89453125,64.0
2025-06-24 18:24:00+00:00,103.890625,103.8984375,103.890625,103.8984375,1481.0
2025-06-24 18:25:00+00:00,103.89453125,103.89453125,103.890625,103.890625,2304.0
2025-06-24 18:26:00+00:00,103.89453125,103.89453125,103.89453125,103.89453125,473.0
2025-06-24 18:27:00+00:00,103.89453125,103.8984375,103.890625,103.89453125,783.0
2025-06-24 18:28:00+00:00,103.8984375,103.8984375,103.890625,103.89453125,239.0
2025-06-24 18:29:00+00:00,103.89453125,103.8984375,103.89453125,103.8984375,622.0
2025-06-24 18:30:00+00:00,103.89453125,103.8984375,103.89453125,103.89453125,496.0
2025-06-24 18:31:00+00:00,103.89453125,103.8984375,103.89453125,103.89453125,10.0
2025-06-24 18:32:00+00:00,103.89453125,103.8984375,103.89453125,103.8984375,4.0
2025-06-24 18:33:00+00:00,103.90234375,103.90234375,103.8984375,103.8984375,1033.0
2025-06-24 18:35:00+00:00,103.90234375,103.90234375,103.90234375,103.90234375,884.0
2025-06-24 18:36:00+00:00,103.90625,103.90625,103.90234375,103.90234375,451.0
2025-06-24 18:38:00+00:00,103.90625,103.90625,103.90625,103.90625,113.0
2025-06-24 18:39:00+00:00,103.90625,103.90625,103.90625,103.90625,687.0
2025-06-24 18:40:00+00:00,103.90625,103.90625,103.90234375,103.90234375,1365.0
2025-06-24 18:42:00+00:00,103.90234375,103.91015625,103.90234375,103.90625,594.0
2025-06-24 18:43:00+00:00,103.90625,103.90625,103.90234375,103.90625,344.0
2025-06-24 18:44:00+00:00,103.90625,103.91015625,103.90625,103.90625,923.0
2025-06-24 18:45:00+00:00,103.90625,103.91015625,103.90625,103.90625,77.0
2025-06-24 18:46:00+00:00,103.90625,103.90625,103.90234375,103.90625,659.0
2025-06-24 18:47:00+00:00,103.91015625,103.91015625,103.90625,103.90625,144.0
2025-06-24 18:48:00+00:00,103.90625,103.91015625,103.90625,103.91015625,7.0
2025-06-24 18:49:00+00:00,103.90625,103.90625,103.90625,103.90625,207.0
2025-06-24 18:50:00+00:00,103.91015625,103.91015625,103.90625,103.90625,42.0
2025-06-24 18:51:00+00:00,103.91015625,103.91015625,103.90625,103.90625,24.0
2025-06-24 18:52:00+00:00,103.91015625,103.91015625,103.90625,103.91015625,275.0
2025-06-24 18:53:00+00:00,103.90234375,103.91015625,103.90234375,103.91015625,7947.0
2025-06-24 18:54:00+00:00,103.8984375,103.90234375,103.8984375,103.90234375,173.0
2025-06-24 18:55:00+00:00,103.8984375,103.90234375,103.8984375,103.90234375,36.0
2025-06-24 18:56:00+00:00,103.90234375,103.90234375,103.8984375,103.8984375,120.0
2025-06-24 18:57:00+00:00,103.8984375,103.90234375,103.8984375,103.90234375,255.0
2025-06-24 18:58:00+00:00,103.90234375,103.90234375,103.8984375,103.90234375,498.0
2025-06-24 18:59:00+00:00,103.90625,103.90625,103.8984375,103.90234375,8564.0
2025-06-24 19:00:00+00:00,103.8984375,103.90625,103.8984375,103.90234375,1665.0
2025-06-24 19:01:00+00:00,103.8984375,103.90625,103.8984375,103.90234375,856.0
2025-06-24 19:02:00+00:00,103.90234375,103.90234375,103.8984375,103.8984375,1074.0
2025-06-24 19:03:00+00:00,103.90625,103.90625,103.90625,103.90625,5.0
2025-06-24 19:04:00+00:00,103.90234375,103.91015625,103.90234375,103.90625,1929.0
2025-06-24 19:05:00+00:00,103.90234375,103.90625,103.90234375,103.90625,1101.0
2025-06-24 19:06:00+00:00,103.90234375,103.90234375,103.90234375,103.90234375,826.0
2025-06-24 19:07:00+00:00,103.90234375,103.90234375,103.8984375,103.90234375,284.0
2025-06-24 19:08:00+00:00,103.90234375,103.90234375,103.8984375,103.8984375,9.0
2025-06-24 19:09:00+00:00,103.8984375,103.8984375,103.89453125,103.8984375,1272.0
2025-06-24 19:10:00+00:00,103.89453125,103.89453125,103.89453125,103.89453125,4.0
2025-06-24 19:11:00+00:00,103.8984375,103.8984375,103.8984375,103.8984375,6.0
2025-06-24 19:12:00+00:00,103.8984375,103.8984375,103.89453125,103.89453125,294.0
2025-06-24 19:13:00+00:00,103.8984375,103.8984375,103.89453125,103.8984375,173.0
2025-06-24 19:14:00+00:00,103.8984375,103.8984375,103.8984375,103.8984375,47.0
2025-06-24 19:15:00+00:00,103.89453125,103.89453125,103.89453125,103.89453125,15.0
2025-06-24 19:16:00+00:00,103.89453125,103.8984375,103.89453125,103.8984375,43.0
2025-06-24 19:17:00+00:00,103.8984375,103.8984375,103.89453125,103.8984375,169.0
2025-06-24 19:18:00+00:00,103.89453125,103.8984375,103.89453125,103.89453125,701.0
2025-06-24 19:19:00+00:00,103.89453125,103.89453125,103.89453125,103.89453125,1248.0
2025-06-24 19:20:00+00:00,103.89453125,103.89453125,103.89453125,103.89453125,255.0
2025-06-24 19:21:00+00:00,103.8984375,103.8984375,103.8984375,103.8984375,629.0
2025-06-24 19:22:00+00:00,103.8984375,103.8984375,103.8984375,103.8984375,346.0
2025-06-24 19:23:00+00:00,103.8984375,103.8984375,103.8984375,103.8984375,766.0
2025-06-24 19:24:00+00:00,103.8984375,103.8984375,103.89453125,103.8984375,226.0
2025-06-24 19:25:00+00:00,103.8984375,103.8984375,103.8984375,103.8984375,114.0
2025-06-24 19:26:00+00:00,103.8984375,103.90234375,103.8984375,103.90234375,50.0
2025-06-24 19:27:00+00:00,103.8984375,103.90234375,103.8984375,103.90234375,235.0
2025-06-24 19:28:00+00:00,103.90625,103.90625,103.8984375,103.90234375,1471.0
2025-06-24 19:29:00+00:00,103.90234375,103.90625,103.8984375,103.90625,9392.0
2025-06-24 19:30:00+00:00,103.8984375,103.90234375,103.8984375,103.90234375,293.0
2025-06-24 19:31:00+00:00,103.90234375,103.90234375,103.8984375,103.8984375,999.0
2025-06-24 19:32:00+00:00,103.90234375,103.90234375,103.8984375,103.90234375,1700.0
2025-06-24 19:33:00+00:00,103.90234375,103.90234375,103.90234375,103.90234375,45.0
2025-06-24 19:34:00+00:00,103.90625,103.90625,103.8984375,103.8984375,839.0
2025-06-24 19:35:00+00:00,103.90625,103.90625,103.90234375,103.90234375,229.0
2025-06-24 19:36:00+00:00,103.90625,103.90625,103.90625,103.90625,16.0
2025-06-24 19:37:00+00:00,103.90625,103.90625,103.90625,103.90625,27.0
2025-06-24 19:38:00+00:00,103.90625,103.90625,103.90234375,103.90625,251.0
2025-06-24 19:39:00+00:00,103.90625,103.90625,103.90625,103.90625,41.0
2025-06-24 19:40:00+00:00,103.90625,103.90625,103.90625,103.90625,24.0
2025-06-24 19:41:00+00:00,103.90625,103.90625,103.90234375,103.90625,3583.0
2025-06-24 19:42:00+00:00,103.90625,103.90625,103.90625,103.90625,159.0
2025-06-24 19:43:00+00:00,103.90234375,103.90625,103.90234375,103.90625,920.0
2025-06-24 19:44:00+00:00,103.90625,103.90625,103.90625,103.90625,12.0
2025-06-24 19:45:00+00:00,103.90234375,103.90234375,103.8984375,103.90234375,3430.0
2025-06-24 19:46:00+00:00,103.90234375,103.90625,103.90234375,103.90234375,257.0
2025-06-24 19:47:00+00:00,103.8984375,103.90234375,103.8984375,103.8984375,559.0
2025-06-24 19:48:00+00:00,103.89453125,103.8984375,103.89453125,103.89453125,19.0
2025-06-24 19:49:00+00:00,103.89453125,103.8984375,103.89453125,103.8984375,238.0
2025-06-24 19:50:00+00:00,103.8984375,103.8984375,103.89453125,103.89453125,781.0
2025-06-24 19:51:00+00:00,103.90234375,103.90234375,103.89453125,103.89453125,602.0
2025-06-24 19:52:00+00:00,103.90234375,103.90625,103.90234375,103.90234375,335.0
2025-06-24 19:53:00+00:00,103.90234375,103.90234375,103.90234375,103.90234375,38.0
2025-06-24 19:54:00+00:00,103.8984375,103.90234375,103.8984375,103.8984375,41.0
2025-06-24 19:55:00+00:00,103.8984375,103.90234375,103.89453125,103.90234375,943.0
2025-06-24 19:56:00+00:00,103.8984375,103.8984375,103.89453125,103.89453125,2.0
2025-06-24 19:57:00+00:00,103.89453125,103.89453125,103.89453125,103.89453125,1551.0
2025-06-24 19:59:00+00:00,103.890625,103.89453125,103.890625,103.89453125,1580.0
2025-06-24 20:00:00+00:00,103.88671875,103.89453125,103.8828125,103.89453125,3332.0
2025-06-24 20:01:00+00:00,103.88671875,103.88671875,103.8828125,103.88671875,1282.0
2025-06-24 20:02:00+00:00,103.88671875,103.88671875,103.8828125,103.88671875,771.0
2025-06-24 20:03:00+00:00,103.8828125,103.88671875,103.8828125,103.88671875,273.0
2025-06-24 20:04:00+00:00,103.890625,103.890625,103.88671875,103.88671875,328.0
2025-06-24 20:05:00+00:00,103.890625,103.890625,103.890625,103.890625,1087.0
2025-06-24 20:06:00+00:00,103.890625,103.890625,103.890625,103.890625,307.0
2025-06-24 20:07:00+00:00,103.88671875,103.890625,103.88671875,103.890625,52.0
2025-06-24 20:08:00+00:00,103.88671875,103.88671875,103.88671875,103.88671875,325.0
2025-06-24 20:09:00+00:00,103.8828125,103.890625,103.8828125,103.890625,707.0
2025-06-24 20:10:00+00:00,103.8828125,103.8828125,103.8828125,103.8828125,51.0
2025-06-24 20:11:00+00:00,103.87890625,103.8828125,103.87890625,103.8828125,69.0
2025-06-24 20:12:00+00:00,103.8828125,103.88671875,103.8828125,103.8828125,1237.0
2025-06-24 20:13:00+00:00,103.87890625,103.8828125,103.87890625,103.8828125,4352.0
2025-06-24 20:14:00+00:00,103.8828125,103.8828125,103.87890625,103.87890625,63.0
2025-06-24 20:15:00+00:00,103.8828125,103.8828125,103.8828125,103.8828125,22.0
2025-06-24 20:16:00+00:00,103.8828125,103.8828125,103.8828125,103.8828125,502.0
2025-06-24 20:17:00+00:00,103.8828125,103.8828125,103.87890625,103.87890625,44.0
2025-06-24 20:18:00+00:00,103.87890625,103.87890625,103.875,103.87890625,1378.0
2025-06-24 20:19:00+00:00,103.8828125,103.88671875,103.8828125,103.8828125,417.0
2025-06-24 20:20:00+00:00,103.8828125,103.8828125,103.8828125,103.8828125,1031.0
2025-06-24 20:21:00+00:00,103.8828125,103.8828125,103.8828125,103.8828125,179.0
2025-06-24 20:22:00+00:00,103.88671875,103.88671875,103.88671875,103.88671875,365.0
2025-06-24 20:23:00+00:00,103.88671875,103.88671875,103.88671875,103.88671875,115.0
2025-06-24 20:24:00+00:00,103.88671875,103.890625,103.88671875,103.890625,62.0
2025-06-24 20:25:00+00:00,103.88671875,103.890625,103.88671875,103.890625,8.0
2025-06-24 20:26:00+00:00,103.88671875,103.88671875,103.88671875,103.88671875,11.0
2025-06-24 20:27:00+00:00,103.890625,103.890625,103.890625,103.890625,1.0
2025-06-24 20:28:00+00:00,103.890625,103.890625,103.890625,103.890625,21.0
2025-06-24 20:29:00+00:00,103.88671875,103.88671875,103.88671875,103.88671875,4.0
2025-06-24 20:30:00+00:00,103.890625,103.890625,103.890625,103.890625,51.0
2025-06-24 20:31:00+00:00,103.88671875,103.88671875,103.88671875,103.88671875,508.0
2025-06-24 20:32:00+00:00,103.88671875,103.88671875,103.8828125,103.88671875,224.0
2025-06-24 20:33:00+00:00,103.88671875,103.88671875,103.88671875,103.88671875,213.0
2025-06-24 20:34:00+00:00,103.88671875,103.88671875,103.8828125,103.88671875,955.0
2025-06-24 20:35:00+00:00,103.88671875,103.88671875,103.88671875,103.88671875,123.0
2025-06-24 20:36:00+00:00,103.890625,103.890625,103.88671875,103.88671875,495.0
2025-06-24 20:37:00+00:00,103.88671875,103.88671875,103.88671875,103.88671875,248.0
2025-06-24 20:38:00+00:00,103.88671875,103.88671875,103.8828125,103.88671875,1739.0
2025-06-24 20:39:00+00:00,103.88671875,103.88671875,103.8828125,103.88671875,736.0
2025-06-24 20:40:00+00:00,103.88671875,103.88671875,103.8828125,103.8828125,808.0
2025-06-24 20:41:00+00:00,103.8828125,103.88671875,103.8828125,103.88671875,297.0
2025-06-24 20:42:00+00:00,103.8828125,103.88671875,103.8828125,103.88671875,52.0
2025-06-24 20:43:00+00:00,103.8828125,103.8828125,103.8828125,103.8828125,11.0
2025-06-24 20:44:00+00:00,103.8828125,103.88671875,103.8828125,103.88671875,139.0
2025-06-24 20:45:00+00:00,103.87890625,103.8828125,103.87890625,103.8828125,1117.0
2025-06-24 20:46:00+00:00,103.87890625,103.87890625,103.87890625,103.87890625,127.0
2025-06-24 20:47:00+00:00,103.8828125,103.8828125,103.8828125,103.8828125,251.0
2025-06-24 20:48:00+00:00,103.87890625,103.8828125,103.87890625,103.8828125,259.0
2025-06-24 20:49:00+00:00,103.87890625,103.8828125,103.87890625,103.8828125,1410.0
2025-06-24 20:50:00+00:00,103.87890625,103.8828125,103.87890625,103.87890625,225.0
2025-06-24 20:51:00+00:00,103.87890625,103.87890625,103.87890625,103.87890625,246.0
2025-06-24 20:52:00+00:00,103.87109375,103.87890625,103.87109375,103.87890625,2588.0
2025-06-24 20:53:00+00:00,103.87890625,103.87890625,103.875,103.875,993.0
2025-06-24 20:54:00+00:00,103.87890625,103.87890625,103.875,103.875,291.0
2025-06-24 20:55:00+00:00,103.875,103.87890625,103.875,103.87890625,519.0
2025-06-24 20:56:00+00:00,103.875,103.875,103.87109375,103.875,1998.0
2025-06-24 20:57:00+00:00,103.87109375,103.875,103.87109375,103.875,137.0
2025-06-24 20:58:00+00:00,103.875,103.875,103.87109375,103.87109375,125.0
2025-06-24 20:59:00+00:00,103.87109375,103.875,103.8671875,103.87109375,0.0
2025-06-24 22:00:00+00:00,103.87890625,103.88671875,103.87890625,103.8828125,1302.0
2025-06-24 22:01:00+00:00,103.87890625,103.87890625,103.87890625,103.87890625,1.0
2025-06-24 22:03:00+00:00,103.875,103.87890625,103.875,103.87890625,247.0
2025-06-24 22:04:00+00:00,103.875,103.875,103.875,103.875,106.0
2025-06-24 22:05:00+00:00,103.87109375,103.87109375,103.87109375,103.87109375,20.0
2025-06-24 22:06:00+00:00,103.875,103.875,103.875,103.875,80.0
2025-06-24 22:07:00+00:00,103.875,103.875,103.875,103.875,43.0
2025-06-24 22:09:00+00:00,103.875,103.875,103.875,103.875,100.0
2025-06-24 22:10:00+00:00,103.875,103.875,103.875,103.875,0.0
2025-06-24 22:13:00+00:00,103.875,103.875,103.875,103.875,2141.0
2025-06-24 22:20:00+00:00,103.875,103.875,103.875,103.875,232.0
2025-06-24 22:22:00+00:00,103.87890625,103.87890625,103.87890625,103.87890625,4.0
2025-06-24 22:30:00+00:00,103.87890625,103.87890625,103.875,103.87890625,27.0
2025-06-24 22:43:00+00:00,103.87890625,103.87890625,103.87890625,103.87890625,21.0
2025-06-24 22:48:00+00:00,103.87890625,103.87890625,103.87890625,103.87890625,160.0
2025-06-24 22:49:00+00:00,103.875,103.87890625,103.875,103.87890625,280.0
2025-06-24 22:51:00+00:00,103.875,103.87890625,103.875,103.87890625,203.0
2025-06-24 22:54:00+00:00,103.87890625,103.87890625,103.87890625,103.87890625,2.0
2025-06-24 23:14:00+00:00,103.875,103.875,103.875,103.875,11.0
2025-06-24 23:18:00+00:00,103.8828125,103.8828125,103.87890625,103.87890625,227.0
2025-06-24 23:23:00+00:00,103.87890625,103.87890625,103.87890625,103.87890625,142.0
2025-06-24 23:32:00+00:00,103.875,103.87890625,103.875,103.87890625,214.0
2025-06-24 23:35:00+00:00,103.875,103.875,103.875,103.875,1.0
2025-06-24 23:36:00+00:00,103.875,103.87890625,103.875,103.87890625,130.0
2025-06-24 23:37:00+00:00,103.87890625,103.87890625,103.87890625,103.87890625,223.0
2025-06-24 23:38:00+00:00,103.87890625,103.87890625,103.87890625,103.87890625,56.0
2025-06-24 23:43:00+00:00,103.875,103.875,103.875,103.875,253.0
2025-06-24 23:44:00+00:00,103.875,103.875,103.875,103.875,200.0
2025-06-24 23:46:00+00:00,103.87890625,103.87890625,103.87890625,103.87890625,26.0
2025-06-24 23:47:00+00:00,103.875,103.875,103.875,103.875,261.0
2025-06-24 23:48:00+00:00,103.875,103.875,103.875,103.875,152.0
2025-06-24 23:49:00+00:00,103.87890625,103.87890625,103.87890625,103.87890625,32.0
2025-06-24 23:52:00+00:00,103.875,103.87890625,103.875,103.87890625,22.0
2025-06-24 23:58:00+00:00,103.87890625,103.8828125,103.87890625,103.87890625,327.0
2025-06-24 23:59:00+00:00,103.87890625,103.87890625,103.87890625,103.87890625,11.0
2025-06-25 00:00:00+00:00,103.87890625,103.87890625,103.875,103.87890625,87.0
2025-06-25 00:03:00+00:00,103.87890625,103.87890625,103.87890625,103.87890625,196.0
2025-06-25 00:04:00+00:00,103.87890625,103.87890625,103.87890625,103.87890625,153.0
2025-06-25 00:09:00+00:00,103.87890625,103.87890625,103.87890625,103.87890625,33.0
2025-06-25 00:10:00+00:00,103.87890625,103.87890625,103.87890625,103.87890625,57.0
2025-06-25 00:12:00+00:00,103.8828125,103.8828125,103.8828125,103.8828125,29.0
2025-06-25 00:15:00+00:00,103.890625,103.890625,103.8828125,103.8828125,998.0
2025-06-25 00:16:00+00:00,103.88671875,103.88671875,103.88671875,103.88671875,79.0
2025-06-25 00:17:00+00:00,103.88671875,103.88671875,103.88671875,103.88671875,19.0
2025-06-25 00:18:00+00:00,103.88671875,103.88671875,103.88671875,103.88671875,377.0
2025-06-25 00:19:00+00:00,103.88671875,103.88671875,103.88671875,103.88671875,86.0
2025-06-25 00:20:00+00:00,103.88671875,103.88671875,103.88671875,103.88671875,150.0
2025-06-25 00:21:00+00:00,103.88671875,103.88671875,103.88671875,103.88671875,31.0
2025-06-25 00:26:00+00:00,103.890625,103.890625,103.890625,103.890625,373.0
2025-06-25 00:29:00+00:00,103.89453125,103.89453125,103.89453125,103.89453125,75.0
2025-06-25 00:30:00+00:00,103.89453125,103.89453125,103.89453125,103.89453125,27.0
2025-06-25 00:32:00+00:00,103.890625,103.890625,103.890625,103.890625,244.0
2025-06-25 00:33:00+00:00,103.890625,103.890625,103.890625,103.890625,48.0
2025-06-25 00:36:00+00:00,103.88671875,103.88671875,103.88671875,103.88671875,34.0
2025-06-25 00:39:00+00:00,103.890625,103.890625,103.890625,103.890625,10.0
2025-06-25 00:40:00+00:00,103.88671875,103.88671875,103.88671875,103.88671875,109.0
2025-06-25 00:41:00+00:00,103.8828125,103.8828125,103.8828125,103.8828125,1.0
2025-06-25 00:42:00+00:00,103.87890625,103.88671875,103.87890625,103.8828125,201.0
2025-06-25 00:50:00+00:00,103.87890625,103.87890625,103.87890625,103.87890625,49.0
2025-06-25 00:51:00+00:00,103.87890625,103.87890625,103.87890625,103.87890625,389.0
2025-06-25 00:52:00+00:00,103.87890625,103.87890625,103.87890625,103.87890625,8.0
2025-06-25 00:53:00+00:00,103.875,103.87890625,103.875,103.87890625,222.0
2025-06-25 00:55:00+00:00,103.875,103.87890625,103.875,103.87890625,390.0
2025-06-25 00:56:00+00:00,103.875,103.875,103.875,103.875,237.0
2025-06-25 00:58:00+00:00,103.875,103.875,103.875,103.875,725.0
2025-06-25 00:59:00+00:00,103.87109375,103.875,103.87109375,103.875,813.0
2025-06-25 01:00:00+00:00,103.87109375,103.875,103.87109375,103.875,26.0
2025-06-25 01:03:00+00:00,103.87109375,103.87109375,103.87109375,103.87109375,1.0
2025-06-25 01:05:00+00:00,103.875,103.875,103.875,103.875,311.0
2025-06-25 01:07:00+00:00,103.875,103.875,103.875,103.875,266.0
2025-06-25 01:08:00+00:00,103.875,103.875,103.875,103.875,33.0
2025-06-25 01:10:00+00:00,103.875,103.875,103.875,103.875,279.0
2025-06-25 01:11:00+00:00,103.87890625,103.87890625,103.87890625,103.87890625,17.0
2025-06-25 01:13:00+00:00,103.87890625,103.87890625,103.87890625,103.87890625,0.0
2025-06-25 01:14:00+00:00,103.87890625,103.87890625,103.87890625,103.87890625,13624.0
2025-06-25 01:16:00+00:00,103.875,103.875,103.875,103.875,142.0
2025-06-25 01:17:00+00:00,103.875,103.875,103.875,103.875,73.0
2025-06-25 01:18:00+00:00,103.87890625,103.87890625,103.87890625,103.87890625,5.0
2025-06-25 01:20:00+00:00,103.87890625,103.87890625,103.87890625,103.87890625,206.0
2025-06-25 01:21:00+00:00,103.87890625,103.87890625,103.875,103.87890625,150.0
2025-06-25 01:25:00+00:00,103.87890625,103.87890625,103.875,103.875,460.0
2025-06-25 01:26:00+00:00,103.87890625,103.87890625,103.87890625,103.87890625,29.0
2025-06-25 01:27:00+00:00,103.87890625,103.87890625,103.87890625,103.87890625,6.0
2025-06-25 01:29:00+00:00,103.8828125,103.8828125,103.8828125,103.8828125,236.0
2025-06-25 01:30:00+00:00,103.88671875,103.88671875,103.8828125,103.8828125,472.0
2025-06-25 01:31:00+00:00,103.88671875,103.88671875,103.8828125,103.88671875,128.0
2025-06-25 01:32:00+00:00,103.88671875,103.88671875,103.88671875,103.88671875,2.0
2025-06-25 01:37:00+00:00,103.88671875,103.88671875,103.88671875,103.88671875,136.0
2025-06-25 01:39:00+00:00,103.8828125,103.8828125,103.8828125,103.8828125,279.0
2025-06-25 01:41:00+00:00,103.875,103.87890625,103.875,103.87890625,49.0
2025-06-25 01:42:00+00:00,103.87890625,103.87890625,103.875,103.875,4.0
2025-06-25 01:44:00+00:00,103.875,103.875,103.875,103.875,101.0
2025-06-25 01:46:00+00:00,103.875,103.875,103.875,103.875,113.0
2025-06-25 01:51:00+00:00,103.875,103.875,103.87109375,103.875,47.0
2025-06-25 01:54:00+00:00,103.87109375,103.875,103.87109375,103.875,86.0
2025-06-25 01:58:00+00:00,103.87109375,103.875,103.87109375,103.875,6.0
2025-06-25 01:59:00+00:00,103.87890625,103.87890625,103.87109375,103.87109375,1271.0
2025-06-25 02:00:00+00:00,103.875,103.87890625,103.875,103.87890625,13.0
2025-06-25 02:01:00+00:00,103.87890625,103.87890625,103.87890625,103.87890625,52.0
2025-06-25 02:02:00+00:00,103.87890625,103.87890625,103.87890625,103.87890625,209.0
2025-06-25 02:04:00+00:00,103.875,103.875,103.875,103.875,233.0
2025-06-25 02:06:00+00:00,103.87890625,103.87890625,103.87890625,103.87890625,326.0
2025-06-25 02:08:00+00:00,103.875,103.875,103.875,103.875,70.0
2025-06-25 02:11:00+00:00,103.8828125,103.8828125,103.87890625,103.87890625,258.0
2025-06-25 02:14:00+00:00,103.8828125,103.8828125,103.8828125,103.8828125,294.0
2025-06-25 02:15:00+00:00,103.8828125,103.8828125,103.8828125,103.8828125,644.0
2025-06-25 02:20:00+00:00,103.8828125,103.8828125,103.8828125,103.8828125,3.0
2025-06-25 02:22:00+00:00,103.8828125,103.8828125,103.8828125,103.8828125,8.0
2025-06-25 02:24:00+00:00,103.87890625,103.87890625,103.87890625,103.87890625,3.0
2025-06-25 02:26:00+00:00,103.87890625,103.87890625,103.87890625,103.87890625,159.0
2025-06-25 02:27:00+00:00,103.875,103.87890625,103.875,103.87890625,89.0
2025-06-25 02:28:00+00:00,103.875,103.875,103.875,103.875,251.0
2025-06-25 02:31:00+00:00,103.87109375,103.875,103.87109375,103.87109375,191.0
2025-06-25 02:32:00+00:00,103.8671875,103.8671875,103.8671875,103.8671875,165.0
2025-06-25 02:33:00+00:00,103.8671875,103.8671875,103.86328125,103.86328125,326.0
2025-06-25 02:34:00+00:00,103.8671875,103.8671875,103.86328125,103.8671875,320.0
2025-06-25 02:35:00+00:00,103.87109375,103.87109375,103.8671875,103.8671875,11.0
2025-06-25 02:38:00+00:00,103.87109375,103.87109375,103.87109375,103.87109375,6.0
2025-06-25 02:39:00+00:00,103.87109375,103.87109375,103.8671875,103.8671875,7.0
2025-06-25 02:42:00+00:00,103.87109375,103.87109375,103.87109375,103.87109375,24.0
2025-06-25 02:43:00+00:00,103.87109375,103.87109375,103.87109375,103.87109375,27.0
2025-06-25 02:44:00+00:00,103.87109375,103.87109375,103.87109375,103.87109375,16.0
2025-06-25 02:47:00+00:00,103.87109375,103.87109375,103.87109375,103.87109375,115.0
2025-06-25 02:49:00+00:00,103.87109375,103.87109375,103.87109375,103.87109375,2.0
2025-06-25 02:52:00+00:00,103.87109375,103.87109375,103.87109375,103.87109375,3.0
2025-06-25 02:53:00+00:00,103.87109375,103.87109375,103.87109375,103.87109375,4.0
2025-06-25 02:54:00+00:00,103.8671875,103.87109375,103.8671875,103.87109375,5.0
2025-06-25 02:56:00+00:00,103.87109375,103.87109375,103.87109375,103.87109375,21.0
2025-06-25 03:00:00+00:00,103.87109375,103.87109375,103.87109375,103.87109375,7.0
2025-06-25 03:02:00+00:00,103.87109375,103.87109375,103.87109375,103.87109375,137.0
2025-06-25 03:05:00+00:00,103.87109375,103.87109375,103.87109375,103.87109375,159.0
2025-06-25 03:10:00+00:00,103.875,103.875,103.875,103.875,25.0
2025-06-25 03:11:00+00:00,103.875,103.875,103.875,103.875,22.0
2025-06-25 03:14:00+00:00,103.875,103.875,103.875,103.875,2.0
2025-06-25 03:19:00+00:00,103.875,103.875,103.875,103.875,21923.0
2025-06-25 03:21:00+00:00,103.87109375,103.87109375,103.87109375,103.87109375,102.0
2025-06-25 03:22:00+00:00,103.87109375,103.87109375,103.87109375,103.87109375,135.0
2025-06-25 03:23:00+00:00,103.87109375,103.87109375,103.87109375,103.87109375,180.0
2025-06-25 03:24:00+00:00,103.87109375,103.87109375,103.87109375,103.87109375,61.0
2025-06-25 03:25:00+00:00,103.87109375,103.87109375,103.87109375,103.87109375,19.0
2025-06-25 03:31:00+00:00,103.87109375,103.87109375,103.87109375,103.87109375,103.0
2025-06-25 03:32:00+00:00,103.87109375,103.87109375,103.87109375,103.87109375,162.0
2025-06-25 03:38:00+00:00,103.87109375,103.87109375,103.87109375,103.87109375,0.0
2025-06-25 03:40:00+00:00,103.87109375,103.87109375,103.87109375,103.87109375,22804.0
2025-06-25 03:42:00+00:00,103.87109375,103.87109375,103.87109375,103.87109375,55.0
2025-06-25 03:43:00+00:00,103.87109375,103.87109375,103.87109375,103.87109375,36.0
2025-06-25 03:45:00+00:00,103.87109375,103.87109375,103.87109375,103.87109375,151.0
2025-06-25 03:47:00+00:00,103.87109375,103.87109375,103.87109375,103.87109375,43.0
2025-06-25 03:50:00+00:00,103.875,103.875,103.875,103.875,4.0
2025-06-25 03:52:00+00:00,103.87109375,103.87109375,103.87109375,103.87109375,18.0
2025-06-25 03:53:00+00:00,103.875,103.875,103.875,103.875,3.0
2025-06-25 03:56:00+00:00,103.87109375,103.87109375,103.87109375,103.87109375,10.0
2025-06-25 03:57:00+00:00,103.87109375,103.87109375,103.87109375,103.87109375,13.0
2025-06-25 04:02:00+00:00,103.875,103.875,103.87109375,103.87109375,30.0
2025-06-25 04:07:00+00:00,103.875,103.875,103.875,103.875,616.0
2025-06-25 04:09:00+00:00,103.875,103.875,103.875,103.875,996.0
2025-06-25 04:13:00+00:00,103.875,103.875,103.875,103.875,13.0
2025-06-25 04:15:00+00:00,103.875,103.875,103.875,103.875,1224.0
2025-06-25 04:17:00+00:00,103.875,103.875,103.875,103.875,5.0
2025-06-25 04:20:00+00:00,103.87890625,103.87890625,103.87890625,103.87890625,504.0
2025-06-25 04:22:00+00:00,103.87890625,103.87890625,103.87890625,103.87890625,25.0
2025-06-25 04:24:00+00:00,103.87890625,103.8828125,103.87890625,103.8828125,2178.0
2025-06-25 04:30:00+00:00,103.8828125,103.8828125,103.8828125,103.8828125,75.0
2025-06-25 04:43:00+00:00,103.8828125,103.8828125,103.8828125,103.8828125,46.0
2025-06-25 04:44:00+00:00,103.8828125,103.8828125,103.8828125,103.8828125,15.0
2025-06-25 04:48:00+00:00,103.87890625,103.87890625,103.87890625,103.87890625,280.0
2025-06-25 04:49:00+00:00,103.8828125,103.8828125,103.8828125,103.8828125,253.0
2025-06-25 04:53:00+00:00,103.87890625,103.87890625,103.87890625,103.87890625,144.0
2025-06-25 05:00:00+00:00,103.875,103.87890625,103.875,103.875,1319.0
2025-06-25 05:02:00+00:00,103.875,103.875,103.875,103.875,674.0
2025-06-25 05:03:00+00:00,103.875,103.875,103.875,103.875,114.0
2025-06-25 05:15:00+00:00,103.87109375,103.875,103.87109375,103.875,231.0
2025-06-25 05:16:00+00:00,103.87109375,103.87109375,103.87109375,103.87109375,71.0
2025-06-25 05:17:00+00:00,103.87109375,103.87109375,103.87109375,103.87109375,138.0
2025-06-25 05:18:00+00:00,103.87109375,103.87109375,103.87109375,103.87109375,213.0
2025-06-25 05:21:00+00:00,103.87109375,103.87109375,103.87109375,103.87109375,33.0
2025-06-25 05:27:00+00:00,103.87109375,103.87109375,103.87109375,103.87109375,469.0
2025-06-25 05:33:00+00:00,103.875,103.87890625,103.875,103.87890625,696.0
2025-06-25 05:34:00+00:00,103.87890625,103.87890625,103.87890625,103.87890625,60.0
2025-06-25 05:39:00+00:00,103.8828125,103.8828125,103.8828125,103.8828125,286.0
2025-06-25 05:44:00+00:00,103.88671875,103.88671875,103.8828125,103.8828125,44.0
2025-06-25 05:45:00+00:00,103.8828125,103.8828125,103.8828125,103.8828125,108.0
2025-06-25 05:48:00+00:00,103.87890625,103.87890625,103.87890625,103.87890625,40.0
2025-06-25 05:52:00+00:00,103.87890625,103.87890625,103.87890625,103.87890625,7.0
2025-06-25 05:54:00+00:00,103.87890625,103.87890625,103.87890625,103.87890625,85.0
2025-06-25 05:56:00+00:00,103.8828125,103.8828125,103.8828125,103.8828125,5.0
2025-06-25 05:58:00+00:00,103.87890625,103.87890625,103.87890625,103.87890625,27.0
2025-06-25 06:00:00+00:00,103.88671875,103.88671875,103.8828125,103.8828125,659.0
2025-06-25 06:02:00+00:00,103.88671875,103.88671875,103.88671875,103.88671875,277.0
2025-06-25 06:03:00+00:00,103.88671875,103.88671875,103.88671875,103.88671875,75.0
2025-06-25 06:04:00+00:00,103.88671875,103.88671875,103.88671875,103.88671875,337.0
2025-06-25 06:06:00+00:00,103.8828125,103.8828125,103.8828125,103.8828125,57.0
2025-06-25 06:08:00+00:00,103.87890625,103.87890625,103.87890625,103.87890625,350.0
2025-06-25 06:09:00+00:00,103.87890625,103.87890625,103.87890625,103.87890625,64.0
2025-06-25 06:10:00+00:00,103.87890625,103.87890625,103.87890625,103.87890625,54.0
2025-06-25 06:12:00+00:00,103.87890625,103.87890625,103.87890625,103.87890625,10.0
2025-06-25 06:15:00+00:00,103.8828125,103.8828125,103.87890625,103.87890625,205.0
2025-06-25 06:18:00+00:00,103.87890625,103.8828125,103.87890625,103.8828125,31.0
2025-06-25 06:21:00+00:00,103.8828125,103.8828125,103.8828125,103.8828125,308.0
2025-06-25 06:22:00+00:00,103.8828125,103.8828125,103.8828125,103.8828125,4.0
2025-06-25 06:23:00+00:00,103.88671875,103.88671875,103.8828125,103.8828125,4.0
2025-06-25 06:24:00+00:00,103.88671875,103.88671875,103.8828125,103.88671875,109.0
2025-06-25 06:25:00+00:00,103.890625,103.890625,103.88671875,103.88671875,143.0
2025-06-25 06:26:00+00:00,103.890625,103.890625,103.890625,103.890625,194.0
2025-06-25 06:27:00+00:00,103.890625,103.890625,103.890625,103.890625,54.0
2025-06-25 06:28:00+00:00,103.88671875,103.890625,103.88671875,103.890625,22.0
2025-06-25 06:29:00+00:00,103.890625,103.890625,103.890625,103.890625,15.0
2025-06-25 06:30:00+00:00,103.890625,103.890625,103.890625,103.890625,279.0
2025-06-25 06:31:00+00:00,103.890625,103.890625,103.890625,103.890625,66.0
2025-06-25 06:32:00+00:00,103.890625,103.890625,103.890625,103.890625,9.0
2025-06-25 06:33:00+00:00,103.890625,103.890625,103.890625,103.890625,377.0
2025-06-25 06:34:00+00:00,103.890625,103.890625,103.890625,103.890625,28.0
2025-06-25 06:35:00+00:00,103.890625,103.890625,103.890625,103.890625,180.0
2025-06-25 06:36:00+00:00,103.890625,103.890625,103.890625,103.890625,448.0
2025-06-25 06:37:00+00:00,103.890625,103.890625,103.890625,103.890625,324.0
2025-06-25 06:41:00+00:00,103.89453125,103.89453125,103.890625,103.890625,49.0
2025-06-25 06:44:00+00:00,103.89453125,103.89453125,103.89453125,103.89453125,274.0
2025-06-25 06:45:00+00:00,103.89453125,103.89453125,103.89453125,103.89453125,104.0
2025-06-25 06:46:00+00:00,103.890625,103.890625,103.890625,103.890625,298.0
2025-06-25 06:47:00+00:00,103.8828125,103.8828125,103.8828125,103.8828125,855.0
2025-06-25 06:48:00+00:00,103.88671875,103.88671875,103.8828125,103.8828125,149.0
2025-06-25 06:50:00+00:00,103.88671875,103.88671875,103.88671875,103.88671875,27.0
2025-06-25 06:51:00+00:00,103.8828125,103.88671875,103.8828125,103.88671875,251.0
2025-06-25 06:52:00+00:00,103.88671875,103.88671875,103.8828125,103.88671875,214.0
2025-06-25 06:56:00+00:00,103.88671875,103.890625,103.88671875,103.88671875,229.0
2025-06-25 06:57:00+00:00,103.88671875,103.88671875,103.88671875,103.88671875,159.0
2025-06-25 06:58:00+00:00,103.8828125,103.88671875,103.8828125,103.88671875,3.0
2025-06-25 06:59:00+00:00,103.890625,103.890625,103.88671875,103.88671875,252.0
2025-06-25 07:00:00+00:00,103.890625,103.890625,103.88671875,103.88671875,713.0
2025-06-25 07:01:00+00:00,103.89453125,103.89453125,103.890625,103.890625,136.0
2025-06-25 07:02:00+00:00,103.89453125,103.89453125,103.89453125,103.89453125,174.0
2025-06-25 07:03:00+00:00,103.890625,103.89453125,103.890625,103.89453125,729.0
2025-06-25 07:04:00+00:00,103.89453125,103.89453125,103.890625,103.890625,614.0
2025-06-25 07:05:00+00:00,103.89453125,103.89453125,103.890625,103.890625,530.0
2025-06-25 07:06:00+00:00,103.89453125,103.89453125,103.89453125,103.89453125,305.0
2025-06-25 07:07:00+00:00,103.89453125,103.89453125,103.890625,103.89453125,8.0
2025-06-25 07:08:00+00:00,103.8984375,103.8984375,103.890625,103.89453125,776.0
2025-06-25 07:09:00+00:00,103.8984375,103.8984375,103.89453125,103.8984375,601.0
2025-06-25 07:10:00+00:00,103.89453125,103.8984375,103.89453125,103.8984375,184.0
2025-06-25 07:11:00+00:00,103.89453125,103.8984375,103.89453125,103.89453125,1448.0
2025-06-25 07:12:00+00:00,103.8984375,103.8984375,103.89453125,103.89453125,499.0
2025-06-25 07:13:00+00:00,103.8984375,103.8984375,103.8984375,103.8984375,5.0
2025-06-25 07:14:00+00:00,103.8984375,103.8984375,103.89453125,103.8984375,18.0
2025-06-25 07:15:00+00:00,103.8984375,103.8984375,103.89453125,103.8984375,79.0
2025-06-25 07:16:00+00:00,103.89453125,103.8984375,103.89453125,103.8984375,219.0
2025-06-25 07:17:00+00:00,103.89453125,103.89453125,103.89453125,103.89453125,365.0
2025-06-25 07:18:00+00:00,103.8984375,103.8984375,103.890625,103.89453125,795.0
2025-06-25 07:19:00+00:00,103.89453125,103.89453125,103.89453125,103.89453125,707.0
2025-06-25 07:20:00+00:00,103.890625,103.890625,103.890625,103.890625,1209.0
2025-06-25 07:21:00+00:00,103.890625,103.890625,103.890625,103.890625,414.0
2025-06-25 07:22:00+00:00,103.89453125,103.89453125,103.890625,103.890625,84.0
2025-06-25 07:23:00+00:00,103.890625,103.89453125,103.890625,103.89453125,107.0
2025-06-25 07:24:00+00:00,103.89453125,103.89453125,103.890625,103.890625,1244.0
2025-06-25 07:25:00+00:00,103.890625,103.890625,103.890625,103.890625,581.0
2025-06-25 07:26:00+00:00,103.89453125,103.89453125,103.890625,103.890625,60.0
2025-06-25 07:27:00+00:00,103.890625,103.89453125,103.890625,103.89453125,189.0
2025-06-25 07:28:00+00:00,103.890625,103.890625,103.890625,103.890625,112.0
2025-06-25 07:29:00+00:00,103.890625,103.890625,103.890625,103.890625,44.0
2025-06-25 07:30:00+00:00,103.890625,103.89453125,103.890625,103.89453125,489.0
2025-06-25 07:31:00+00:00,103.88671875,103.890625,103.88671875,103.890625,2110.0
2025-06-25 07:32:00+00:00,103.88671875,103.890625,103.88671875,103.88671875,817.0
2025-06-25 07:34:00+00:00,103.8828125,103.88671875,103.8828125,103.88671875,904.0
2025-06-25 07:35:00+00:00,103.8828125,103.88671875,103.8828125,103.8828125,42.0
2025-06-25 07:38:00+00:00,103.89453125,103.8984375,103.89453125,103.89453125,2474.0
2025-06-25 07:39:00+00:00,103.89453125,103.8984375,103.89453125,103.89453125,263.0
2025-06-25 07:40:00+00:00,103.89453125,103.89453125,103.89453125,103.89453125,205.0
2025-06-25 07:41:00+00:00,103.89453125,103.89453125,103.89453125,103.89453125,2.0
2025-06-25 07:42:00+00:00,103.89453125,103.89453125,103.89453125,103.89453125,24.0
2025-06-25 07:43:00+00:00,103.8984375,103.8984375,103.89453125,103.89453125,266.0
2025-06-25 07:44:00+00:00,103.8984375,103.8984375,103.89453125,103.89453125,111.0
2025-06-25 07:45:00+00:00,103.8984375,103.8984375,103.89453125,103.8984375,54.0
2025-06-25 07:46:00+00:00,103.8984375,103.8984375,103.8984375,103.8984375,90.0
2025-06-25 07:47:00+00:00,103.8984375,103.8984375,103.89453125,103.89453125,72.0
2025-06-25 07:48:00+00:00,103.8984375,103.8984375,103.89453125,103.8984375,4.0
2025-06-25 07:50:00+00:00,103.8984375,103.8984375,103.8984375,103.8984375,253.0
2025-06-25 07:51:00+00:00,103.89453125,103.8984375,103.89453125,103.8984375,140.0
2025-06-25 07:52:00+00:00,103.8984375,103.8984375,103.8984375,103.8984375,3.0
2025-06-25 07:53:00+00:00,103.8984375,103.8984375,103.8984375,103.8984375,2.0
2025-06-25 07:54:00+00:00,103.89453125,103.89453125,103.89453125,103.89453125,8.0
2025-06-25 07:55:00+00:00,103.89453125,103.8984375,103.89453125,103.8984375,19.0
2025-06-25 07:56:00+00:00,103.8984375,103.8984375,103.8984375,103.8984375,155.0
2025-06-25 07:57:00+00:00,103.8984375,103.8984375,103.8984375,103.8984375,229.0
2025-06-25 07:58:00+00:00,103.8984375,103.8984375,103.89453125,103.8984375,389.0
2025-06-25 07:59:00+00:00,103.8984375,103.8984375,103.8984375,103.8984375,4.0
2025-06-25 08:00:00+00:00,103.90234375,103.90234375,103.8984375,103.8984375,91.0
2025-06-25 08:01:00+00:00,103.90234375,103.90234375,103.90234375,103.90234375,13.0
2025-06-25 08:02:00+00:00,103.8984375,103.90234375,103.8984375,103.90234375,5.0
2025-06-25 08:03:00+00:00,103.90234375,103.90234375,103.90234375,103.90234375,348.0
2025-06-25 08:05:00+00:00,103.8984375,103.8984375,103.8984375,103.8984375,154.0
2025-06-25 08:06:00+00:00,103.90234375,103.90234375,103.90234375,103.90234375,160.0
2025-06-25 08:07:00+00:00,103.90234375,103.90625,103.90234375,103.90625,556.0
2025-06-25 08:08:00+00:00,103.90234375,103.90234375,103.90234375,103.90234375,66.0
2025-06-25 08:09:00+00:00,103.90234375,103.90234375,103.90234375,103.90234375,17.0
2025-06-25 08:10:00+00:00,103.90234375,103.90234375,103.90234375,103.90234375,425.0
2025-06-25 08:11:00+00:00,103.90234375,103.90234375,103.90234375,103.90234375,41.0
2025-06-25 08:12:00+00:00,103.90234375,103.90234375,103.90234375,103.90234375,767.0
2025-06-25 08:13:00+00:00,103.90234375,103.90625,103.90234375,103.90625,151.0
2025-06-25 08:14:00+00:00,103.90234375,103.90234375,103.8984375,103.8984375,5.0
2025-06-25 08:24:00+00:00,103.890625,103.89099884033203,103.890625,103.89099884033203,2677.0
2025-06-25 08:25:00+00:00,103.89453125,103.89453125,103.89453125,103.89453125,19.0
2025-06-25 08:26:00+00:00,103.890625,103.89453125,103.890625,103.89453125,4.0
2025-06-25 08:29:00+00:00,103.89453125,103.89453125,103.890625,103.890625,236.0
2025-06-25 08:30:00+00:00,103.890625,103.89453125,103.890625,103.89453125,67.0
2025-06-25 08:33:00+00:00,103.890625,103.89453125,103.890625,103.89453125,3.0
2025-06-25 08:34:00+00:00,103.88671875,103.89453125,103.88671875,103.890625,301.0
2025-06-25 08:35:00+00:00,103.88671875,103.890625,103.88671875,103.88671875,292.0
2025-06-25 08:36:00+00:00,103.88671875,103.88671875,103.88671875,103.88671875,336.0
2025-06-25 08:37:00+00:00,103.8828125,103.88671875,103.8828125,103.88671875,210.0
2025-06-25 08:38:00+00:00,103.8828125,103.8828125,103.8828125,103.8828125,289.0
2025-06-25 08:39:00+00:00,103.8828125,103.8828125,103.87890625,103.87890625,273.0
2025-06-25 08:40:00+00:00,103.8828125,103.8828125,103.8828125,103.8828125,142.0
2025-06-25 08:41:00+00:00,103.87890625,103.8828125,103.87890625,103.8828125,371.0
2025-06-25 08:42:00+00:00,103.87890625,103.87890625,103.87890625,103.87890625,24.0
2025-06-25 08:44:00+00:00,103.8828125,103.8828125,103.8828125,103.8828125,149.0
2025-06-25 08:47:00+00:00,103.87890625,103.8828125,103.87890625,103.8828125,3.0
2025-06-25 08:48:00+00:00,103.87890625,103.87890625,103.87890625,103.87890625,22.0
2025-06-25 08:50:00+00:00,103.8828125,103.8828125,103.8828125,103.8828125,277.0
2025-06-25 08:51:00+00:00,103.8828125,103.8828125,103.8828125,103.8828125,129.0
2025-06-25 08:54:00+00:00,103.8828125,103.8828125,103.8828125,103.8828125,109.0
2025-06-25 08:57:00+00:00,103.8828125,103.8828125,103.8828125,103.8828125,90.0
2025-06-25 08:58:00+00:00,103.88671875,103.88671875,103.8828125,103.8828125,278.0
2025-06-25 08:59:00+00:00,103.88671875,103.88671875,103.88671875,103.88671875,536.0
2025-06-25 09:00:00+00:00,103.88671875,103.88671875,103.8828125,103.88671875,29.0
2025-06-25 09:01:00+00:00,103.88671875,103.890625,103.88671875,103.88671875,528.0
2025-06-25 09:02:00+00:00,103.88671875,103.890625,103.88671875,103.88671875,352.0
2025-06-25 09:03:00+00:00,103.88671875,103.88671875,103.88671875,103.88671875,293.0
2025-06-25 09:06:00+00:00,103.88671875,103.88671875,103.88671875,103.88671875,25.0
2025-06-25 09:09:00+00:00,103.88671875,103.88671875,103.88671875,103.88671875,1139.0
2025-06-25 09:10:00+00:00,103.88671875,103.88671875,103.88671875,103.88671875,169.0
2025-06-25 09:14:00+00:00,103.88671875,103.88671875,103.88671875,103.88671875,541.0
2025-06-25 09:15:00+00:00,103.88671875,103.88671875,103.8828125,103.8828125,382.0
2025-06-25 09:16:00+00:00,103.88671875,103.88671875,103.88671875,103.88671875,144.0
2025-06-25 09:17:00+00:00,103.88671875,103.88671875,103.88671875,103.88671875,58.0
2025-06-25 09:18:00+00:00,103.88671875,103.88671875,103.88671875,103.88671875,26.0
2025-06-25 09:19:00+00:00,103.890625,103.890625,103.890625,103.890625,224.0
2025-06-25 09:20:00+00:00,103.890625,103.890625,103.890625,103.890625,329.0
2025-06-25 09:21:00+00:00,103.890625,103.890625,103.890625,103.890625,5.0
2025-06-25 09:22:00+00:00,103.88671875,103.88671875,103.88671875,103.88671875,370.0
2025-06-25 09:23:00+00:00,103.88671875,103.88671875,103.88671875,103.88671875,184.0
2025-06-25 09:24:00+00:00,103.890625,103.890625,103.890625,103.890625,359.0
2025-06-25 09:26:00+00:00,103.890625,103.890625,103.890625,103.890625,37.0
2025-06-25 09:28:00+00:00,103.88671875,103.88671875,103.88671875,103.88671875,281.0
2025-06-25 09:29:00+00:00,103.890625,103.890625,103.88671875,103.88671875,5.0
2025-06-25 09:30:00+00:00,103.8828125,103.88671875,103.8828125,103.88671875,1222.0
2025-06-25 09:31:00+00:00,103.8828125,103.8828125,103.8828125,103.8828125,459.0
2025-06-25 09:32:00+00:00,103.8828125,103.8828125,103.8828125,103.8828125,2.0
2025-06-25 09:33:00+00:00,103.8828125,103.8828125,103.87890625,103.87890625,7.0
2025-06-25 09:34:00+00:00,103.87890625,103.8828125,103.87890625,103.87890625,3000.0
2025-06-25 09:35:00+00:00,103.87890625,103.87890625,103.87890625,103.87890625,212.0
2025-06-25 09:36:00+00:00,103.87109375,103.87890625,103.87109375,103.87890625,591.0
2025-06-25 09:37:00+00:00,103.875,103.875,103.875,103.875,634.0
2025-06-25 09:38:00+00:00,103.875,103.87890625,103.875,103.875,505.0
2025-06-25 09:39:00+00:00,103.875,103.875,103.875,103.875,262.0
2025-06-25 09:40:00+00:00,103.875,103.87890625,103.875,103.87890625,3.0
2025-06-25 09:41:00+00:00,103.875,103.875,103.875,103.875,381.0
2025-06-25 09:42:00+00:00,103.875,103.875,103.875,103.875,74.0
2025-06-25 09:43:00+00:00,103.87890625,103.87890625,103.875,103.875,268.0
2025-06-25 09:46:00+00:00,103.87890625,103.87890625,103.87890625,103.87890625,171.0
2025-06-25 09:47:00+00:00,103.8828125,103.8828125,103.87890625,103.87890625,113.0
2025-06-25 09:50:00+00:00,103.8828125,103.8828125,103.87890625,103.87890625,96.0
2025-06-25 09:51:00+00:00,103.87890625,103.87890625,103.87890625,103.87890625,48.0
2025-06-25 09:52:00+00:00,103.87890625,103.87890625,103.875,103.875,97.0
2025-06-25 09:53:00+00:00,103.87890625,103.87890625,103.87890625,103.87890625,161.0
2025-06-25 09:54:00+00:00,103.87890625,103.8828125,103.87890625,103.8828125,213.0
2025-06-25 09:55:00+00:00,103.875,103.875,103.875,103.875,105.0
2025-06-25 09:56:00+00:00,103.875,103.875,103.875,103.875,187.0
2025-06-25 09:57:00+00:00,103.875,103.875,103.875,103.875,64.0
2025-06-25 09:58:00+00:00,103.875,103.875,103.875,103.875,126.0
2025-06-25 10:05:00+00:00,103.875,103.875,103.875,103.875,15.0
2025-06-25 10:06:00+00:00,103.87109375,103.87109375,103.87109375,103.87109375,11.0
2025-06-25 10:07:00+00:00,103.87890625,103.87890625,103.875,103.875,239.0
2025-06-25 10:08:00+00:00,103.87890625,103.87890625,103.87890625,103.87890625,315.0
2025-06-25 10:11:00+00:00,103.8828125,103.8828125,103.8828125,103.8828125,30.0
2025-06-25 10:12:00+00:00,103.8828125,103.8828125,103.87890625,103.8828125,370.0
2025-06-25 10:24:00+00:00,103.8828125,103.88671875,103.8828125,103.88300323486328,2035.0
2025-06-25 10:25:00+00:00,103.87890625,103.87890625,103.87890625,103.87890625,265.0
2025-06-25 10:26:00+00:00,103.875,103.87890625,103.875,103.87890625,197.0
2025-06-25 10:27:00+00:00,103.87890625,103.8828125,103.875,103.875,1290.0
2025-06-25 10:28:00+00:00,103.8828125,103.8828125,103.87890625,103.8828125,1058.0
2025-06-25 10:29:00+00:00,103.8828125,103.8828125,103.87890625,103.8828125,1034.0
2025-06-25 10:30:00+00:00,103.87890625,103.87890625,103.87890625,103.87890625,639.0
2025-06-25 10:31:00+00:00,103.87890625,103.87890625,103.87890625,103.87890625,281.0
2025-06-25 10:33:00+00:00,103.87890625,103.87890625,103.87890625,103.87890625,328.0
2025-06-25 10:34:00+00:00,103.875,103.87890625,103.875,103.87890625,673.0
2025-06-25 10:35:00+00:00,103.875,103.875,103.875,103.875,68.0
2025-06-25 10:36:00+00:00,103.875,103.875,103.875,103.875,89.0
2025-06-25 10:37:00+00:00,103.875,103.875,103.875,103.875,229.0
2025-06-25 10:43:00+00:00,103.87109375,103.875,103.87109375,103.87109375,115.0
2025-06-25 10:44:00+00:00,103.8671875,103.8671875,103.8671875,103.8671875,131.0
2025-06-25 10:45:00+00:00,103.8671875,103.8671875,103.8671875,103.8671875,1688.0
2025-06-25 10:48:00+00:00,103.8671875,103.8671875,103.8671875,103.8671875,1059.0
2025-06-25 10:49:00+00:00,103.8671875,103.8671875,103.8671875,103.8671875,527.0
2025-06-25 10:50:00+00:00,103.8671875,103.8671875,103.8671875,103.8671875,195.0
2025-06-25 10:53:00+00:00,103.8671875,103.8671875,103.8671875,103.8671875,760.0
2025-06-25 10:54:00+00:00,103.8671875,103.8671875,103.8671875,103.8671875,130.0
2025-06-25 10:55:00+00:00,103.8671875,103.8671875,103.8671875,103.8671875,34.0
2025-06-25 10:56:00+00:00,103.8671875,103.8671875,103.8671875,103.8671875,137.0
2025-06-25 10:58:00+00:00,103.87109375,103.87109375,103.87109375,103.87109375,248.0
2025-06-25 10:59:00+00:00,103.875,103.875,103.875,103.875,189.0
2025-06-25 11:00:00+00:00,103.87890625,103.87890625,103.87890625,103.87890625,170.0
2025-06-25 11:01:00+00:00,103.87890625,103.87890625,103.87890625,103.87890625,185.0
2025-06-25 11:02:00+00:00,103.88671875,103.88671875,103.8828125,103.8828125,1273.0
2025-06-25 11:03:00+00:00,103.88671875,103.890625,103.88671875,103.890625,459.0
2025-06-25 11:04:00+00:00,103.89453125,103.89453125,103.890625,103.890625,1345.0
2025-06-25 11:05:00+00:00,103.8984375,103.8984375,103.89453125,103.89453125,219.0
2025-06-25 11:06:00+00:00,103.890625,103.89453125,103.890625,103.89453125,260.0
2025-06-25 11:07:00+00:00,103.890625,103.890625,103.890625,103.890625,410.0
2025-06-25 11:08:00+00:00,103.890625,103.890625,103.890625,103.890625,310.0
2025-06-25 11:09:00+00:00,103.88671875,103.88671875,103.88671875,103.88671875,1265.0
2025-06-25 11:10:00+00:00,103.88671875,103.88671875,103.88671875,103.88671875,204.0
2025-06-25 11:11:00+00:00,103.88671875,103.88671875,103.88671875,103.88671875,95.0
2025-06-25 11:12:00+00:00,103.88671875,103.88671875,103.88671875,103.88671875,15.0
2025-06-25 11:13:00+00:00,103.8828125,103.88671875,103.8828125,103.88671875,19.0
2025-06-25 11:14:00+00:00,103.88671875,103.88671875,103.88671875,103.88671875,102.0
2025-06-25 11:15:00+00:00,103.88671875,103.88671875,103.88671875,103.88671875,241.0
2025-06-25 11:16:00+00:00,103.890625,103.890625,103.890625,103.890625,3.0
2025-06-25 11:17:00+00:00,103.88671875,103.890625,103.88671875,103.88671875,36.0
2025-06-25 11:18:00+00:00,103.890625,103.890625,103.890625,103.890625,110.0
2025-06-25 11:19:00+00:00,103.88671875,103.88671875,103.8828125,103.88671875,323.0
2025-06-25 11:20:00+00:00,103.88671875,103.88671875,103.88671875,103.88671875,16.0
2025-06-25 11:21:00+00:00,103.88671875,103.88671875,103.88671875,103.88671875,131.0
2025-06-25 11:22:00+00:00,103.88671875,103.88671875,103.88671875,103.88671875,55.0
2025-06-25 11:24:00+00:00,103.8828125,103.88671875,103.8828125,103.88671875,2661.0
2025-06-25 11:25:00+00:00,103.8828125,103.88671875,103.8828125,103.88671875,400.0
2025-06-25 11:26:00+00:00,103.8984375,103.8984375,103.8828125,103.8828125,8170.0
2025-06-25 11:27:00+00:00,103.8984375,103.90234375,103.89453125,103.89453125,1651.0
2025-06-25 11:28:00+00:00,103.8984375,103.90234375,103.89453125,103.89453125,624.0
2025-06-25 11:29:00+00:00,103.8984375,103.8984375,103.8984375,103.8984375,1376.0
2025-06-25 11:30:00+00:00,103.89453125,103.89453125,103.89453125,103.89453125,293.0
2025-06-25 11:31:00+00:00,103.89453125,103.89453125,103.890625,103.890625,301.0
2025-06-25 11:34:00+00:00,103.89453125,103.89453125,103.89453125,103.89453125,25.0
2025-06-25 11:35:00+00:00,103.89453125,103.89453125,103.890625,103.89453125,34.0
2025-06-25 11:36:00+00:00,103.890625,103.890625,103.890625,103.890625,471.0
2025-06-25 11:37:00+00:00,103.88671875,103.88671875,103.88671875,103.88671875,1129.0
2025-06-25 11:38:00+00:00,103.8828125,103.8828125,103.8828125,103.8828125,2279.0
2025-06-25 11:39:00+00:00,103.87890625,103.8828125,103.87890625,103.8828125,716.0
2025-06-25 11:40:00+00:00,103.87890625,103.87890625,103.875,103.87890625,1426.0
2025-06-25 11:41:00+00:00,103.875,103.87890625,103.875,103.875,2002.0
2025-06-25 11:42:00+00:00,103.87890625,103.8828125,103.87890625,103.87890625,1990.0
2025-06-25 11:43:00+00:00,103.87890625,103.87890625,103.87890625,103.87890625,317.0
2025-06-25 11:44:00+00:00,103.87890625,103.87890625,103.87890625,103.87890625,520.0
2025-06-25 11:45:00+00:00,103.87109375,103.875,103.87109375,103.875,2051.0
2025-06-25 11:46:00+00:00,103.87109375,103.875,103.87109375,103.875,2402.0
2025-06-25 11:47:00+00:00,103.87109375,103.87109375,103.8671875,103.87109375,632.0
2025-06-25 11:48:00+00:00,103.87109375,103.87109375,103.8671875,103.87109375,1496.0
2025-06-25 11:49:00+00:00,103.87109375,103.875,103.87109375,103.875,208.0
2025-06-25 11:51:00+00:00,103.87109375,103.87109375,103.8671875,103.87109375,1200.0
2025-06-25 11:52:00+00:00,103.86328125,103.8671875,103.86328125,103.8671875,768.0
2025-06-25 11:53:00+00:00,103.86328125,103.8671875,103.86328125,103.8671875,1000.0
2025-06-25 11:54:00+00:00,103.8671875,103.8671875,103.8671875,103.8671875,1702.0
2025-06-25 11:55:00+00:00,103.87109375,103.87109375,103.8671875,103.8671875,140.0
2025-06-25 11:56:00+00:00,103.8671875,103.87109375,103.8671875,103.87109375,109.0
2025-06-25 11:57:00+00:00,103.87109375,103.87109375,103.87109375,103.87109375,67.0
2025-06-25 11:58:00+00:00,103.87109375,103.87109375,103.87109375,103.87109375,1408.0
2025-06-25 12:00:00+00:00,103.8671875,103.875,103.8671875,103.875,1461.0
2025-06-25 12:01:00+00:00,103.8671875,103.87109375,103.8671875,103.87109375,821.0
2025-06-25 12:02:00+00:00,103.86328125,103.8671875,103.86328125,103.8671875,63.0
2025-06-25 12:03:00+00:00,103.86328125,103.86328125,103.859375,103.86328125,1326.0
2025-06-25 12:04:00+00:00,103.85546875,103.86328125,103.85546875,103.86328125,784.0
2025-06-25 12:05:00+00:00,103.859375,103.859375,103.85546875,103.859375,575.0
2025-06-25 12:07:00+00:00,103.86328125,103.86328125,103.859375,103.86328125,748.0
2025-06-25 12:08:00+00:00,103.85546875,103.86328125,103.85546875,103.859375,274.0
2025-06-25 12:09:00+00:00,103.859375,103.859375,103.85546875,103.859375,783.0
2025-06-25 12:10:00+00:00,103.86328125,103.86328125,103.859375,103.859375,150.0
2025-06-25 12:11:00+00:00,103.859375,103.86328125,103.85546875,103.86328125,495.0
2025-06-25 12:12:00+00:00,103.86328125,103.86328125,103.85546875,103.859375,361.0
2025-06-25 12:13:00+00:00,103.86328125,103.86328125,103.86328125,103.86328125,25.0
2025-06-25 12:14:00+00:00,103.86328125,103.86328125,103.86328125,103.86328125,370.0
2025-06-25 12:15:00+00:00,103.8671875,103.8671875,103.86328125,103.8671875,525.0
2025-06-25 12:16:00+00:00,103.8671875,103.8671875,103.8671875,103.8671875,27.0
2025-06-25 12:17:00+00:00,103.86328125,103.86328125,103.86328125,103.86328125,772.0
2025-06-25 12:18:00+00:00,103.86328125,103.86328125,103.86328125,103.86328125,716.0
2025-06-25 12:19:00+00:00,103.86328125,103.8671875,103.86328125,103.8671875,731.0
2025-06-25 12:20:00+00:00,103.8671875,103.8671875,103.859375,103.86328125,451.0
2025-06-25 12:21:00+00:00,103.875,103.875,103.86328125,103.8671875,5059.0
2025-06-25 12:22:00+00:00,103.87109375,103.875,103.87109375,103.875,1477.0
2025-06-25 12:23:00+00:00,103.87109375,103.87109375,103.8671875,103.87109375,102.0
2025-06-25 12:24:00+00:00,103.87109375,103.87109375,103.87109375,103.87109375,1240.0
2025-06-25 12:25:00+00:00,103.87109375,103.87109375,103.87109375,103.87109375,105.0
2025-06-25 12:26:00+00:00,103.8671875,103.87109375,103.8671875,103.87109375,1025.0
2025-06-25 12:27:00+00:00,103.86328125,103.8671875,103.86328125,103.86328125,737.0
2025-06-25 12:28:00+00:00,103.859375,103.8671875,103.859375,103.86328125,799.0
2025-06-25 12:29:00+00:00,103.86328125,103.86328125,103.859375,103.86328125,309.0
2025-06-25 12:30:00+00:00,103.8671875,103.8671875,103.859375,103.859375,1657.0
2025-06-25 12:31:00+00:00,103.87109375,103.87109375,103.8671875,103.8671875,893.0
2025-06-25 12:32:00+00:00,103.8671875,103.8671875,103.8671875,103.8671875,11.0
2025-06-25 12:33:00+00:00,103.87890625,103.8828125,103.8671875,103.8671875,5783.0
2025-06-25 12:34:00+00:00,103.87890625,103.87890625,103.875,103.87890625,108.0
2025-06-25 12:35:00+00:00,103.875,103.875,103.87109375,103.875,1067.0
2025-06-25 12:36:00+00:00,103.875,103.87890625,103.875,103.875,330.0
2025-06-25 12:37:00+00:00,103.8828125,103.8828125,103.875,103.875,479.0
2025-06-25 12:38:00+00:00,103.875,103.8828125,103.875,103.8828125,2865.0
2025-06-25 12:39:00+00:00,103.875,103.875,103.87109375,103.875,1061.0
2025-06-25 12:40:00+00:00,103.87109375,103.875,103.87109375,103.875,626.0
2025-06-25 12:41:00+00:00,103.8671875,103.8671875,103.86328125,103.8671875,1020.0
2025-06-25 12:42:00+00:00,103.87109375,103.87109375,103.87109375,103.87109375,496.0
2025-06-25 12:43:00+00:00,103.87109375,103.87109375,103.87109375,103.87109375,907.0
2025-06-25 12:44:00+00:00,103.87109375,103.87109375,103.87109375,103.87109375,190.0
2025-06-25 12:45:00+00:00,103.8671875,103.8671875,103.8671875,103.8671875,786.0
2025-06-25 12:46:00+00:00,103.8671875,103.87109375,103.86328125,103.87109375,2121.0
2025-06-25 12:47:00+00:00,103.86328125,103.8671875,103.86328125,103.86328125,177.0
2025-06-25 12:48:00+00:00,103.87109375,103.87109375,103.86328125,103.86328125,169.0
2025-06-25 12:49:00+00:00,103.87890625,103.87890625,103.87109375,103.87109375,1352.0
2025-06-25 12:51:00+00:00,103.875,103.87890625,103.875,103.87890625,314.0
2025-06-25 12:52:00+00:00,103.87109375,103.87109375,103.87109375,103.87109375,34.0
2025-06-25 12:53:00+00:00,103.87109375,103.875,103.87109375,103.875,457.0
2025-06-25 12:54:00+00:00,103.8671875,103.87109375,103.8671875,103.87109375,415.0
2025-06-25 12:55:00+00:00,103.87109375,103.87109375,103.8671875,103.8671875,532.0
2025-06-25 12:56:00+00:00,103.8671875,103.87109375,103.86328125,103.87109375,2543.0
2025-06-25 12:57:00+00:00,103.86328125,103.8671875,103.86328125,103.8671875,1067.0
2025-06-25 12:58:00+00:00,103.8671875,103.8671875,103.86328125,103.86328125,1607.0
2025-06-25 12:59:00+00:00,103.86328125,103.8671875,103.86328125,103.8671875,39.0
2025-06-25 13:00:00+00:00,103.859375,103.86328125,103.859375,103.86328125,2530.0
2025-06-25 13:01:00+00:00,103.859375,103.86328125,103.85546875,103.859375,703.0
2025-06-25 13:02:00+00:00,103.859375,103.859375,103.859375,103.859375,796.0
2025-06-25 13:03:00+00:00,103.859375,103.86328125,103.859375,103.859375,946.0
2025-06-25 13:04:00+00:00,103.859375,103.859375,103.859375,103.859375,259.0
2025-06-25 13:05:00+00:00,103.859375,103.859375,103.85546875,103.859375,165.0
2025-06-25 13:06:00+00:00,103.85546875,103.859375,103.85546875,103.859375,1029.0
2025-06-25 13:07:00+00:00,103.85546875,103.859375,103.8515625,103.85546875,168.0
2025-06-25 13:08:00+00:00,103.85546875,103.859375,103.85546875,103.85546875,675.0
2025-06-25 13:09:00+00:00,103.859375,103.859375,103.85546875,103.85546875,386.0
2025-06-25 13:10:00+00:00,103.85546875,103.859375,103.85546875,103.85546875,298.0
2025-06-25 13:11:00+00:00,103.85546875,103.85546875,103.85546875,103.85546875,703.0
2025-06-25 13:12:00+00:00,103.85546875,103.85546875,103.8515625,103.8515625,1016.0
2025-06-25 13:13:00+00:00,103.85546875,103.859375,103.85546875,103.85546875,28.0
2025-06-25 13:14:00+00:00,103.85546875,103.859375,103.85546875,103.85546875,463.0
2025-06-25 13:15:00+00:00,103.85546875,103.85546875,103.8515625,103.85546875,337.0
2025-06-25 13:16:00+00:00,103.85546875,103.85546875,103.85546875,103.85546875,177.0
2025-06-25 13:17:00+00:00,103.85546875,103.85546875,103.85546875,103.85546875,467.0
2025-06-25 13:18:00+00:00,103.85546875,103.85546875,103.8515625,103.85546875,259.0
2025-06-25 13:19:00+00:00,103.85546875,103.85546875,103.85546875,103.85546875,309.0
2025-06-25 13:20:00+00:00,103.85546875,103.85546875,103.8515625,103.8515625,15.0
2025-06-25 13:21:00+00:00,103.85546875,103.85546875,103.8515625,103.85546875,338.0
2025-06-25 13:22:00+00:00,103.8515625,103.85546875,103.84765625,103.85546875,843.0
2025-06-25 13:23:00+00:00,103.8515625,103.85546875,103.84765625,103.8515625,736.0
2025-06-25 13:24:00+00:00,103.8515625,103.8515625,103.84765625,103.8515625,1607.0
2025-06-25 13:25:00+00:00,103.8515625,103.8515625,103.8515625,103.8515625,735.0
2025-06-25 13:26:00+00:00,103.85546875,103.85546875,103.84765625,103.8515625,565.0
2025-06-25 13:27:00+00:00,103.85546875,103.85546875,103.85546875,103.85546875,1530.0
2025-06-25 13:28:00+00:00,103.85546875,103.85546875,103.8515625,103.85546875,215.0
2025-06-25 13:29:00+00:00,103.8515625,103.85546875,103.8515625,103.85546875,2391.0
2025-06-25 13:30:00+00:00,103.8515625,103.85546875,103.8515625,103.8515625,725.0
2025-06-25 13:31:00+00:00,103.84765625,103.8515625,103.84765625,103.84765625,962.0
2025-06-25 13:32:00+00:00,103.84375,103.84765625,103.84375,103.84375,23.0
2025-06-25 13:33:00+00:00,103.84765625,103.84765625,103.84765625,103.84765625,1331.0
2025-06-25 13:34:00+00:00,103.8515625,103.8515625,103.8515625,103.8515625,353.0
2025-06-25 13:35:00+00:00,103.8515625,103.8515625,103.84765625,103.84765625,1096.0
2025-06-25 13:36:00+00:00,103.84765625,103.84765625,103.84765625,103.84765625,413.0
2025-06-25 13:37:00+00:00,103.8515625,103.8515625,103.8515625,103.8515625,210.0
2025-06-25 13:38:00+00:00,103.8515625,103.8515625,103.84765625,103.84765625,1890.0
2025-06-25 13:39:00+00:00,103.84375,103.84765625,103.84375,103.84765625,661.0
2025-06-25 13:40:00+00:00,103.84375,103.84765625,103.83984375,103.84375,1196.0
2025-06-25 13:41:00+00:00,103.84765625,103.84765625,103.83984375,103.84375,736.0
2025-06-25 13:42:00+00:00,103.83984375,103.84375,103.83984375,103.84375,1340.0
2025-06-25 13:43:00+00:00,103.83984375,103.84375,103.83984375,103.83984375,1950.0
2025-06-25 13:44:00+00:00,103.84375,103.84375,103.83984375,103.83984375,13.0
2025-06-25 13:45:00+00:00,103.84375,103.84375,103.84375,103.84375,4.0
2025-06-25 13:46:00+00:00,103.83984375,103.84375,103.83984375,103.83984375,185.0
2025-06-25 13:47:00+00:00,103.84765625,103.84765625,103.84375,103.84375,1827.0
2025-06-25 13:48:00+00:00,103.84765625,103.84765625,103.84375,103.84765625,348.0
2025-06-25 13:49:00+00:00,103.84375,103.84375,103.83984375,103.84375,1399.0
2025-06-25 13:50:00+00:00,103.84375,103.84765625,103.83984375,103.83984375,1083.0
2025-06-25 13:51:00+00:00,103.84765625,103.84765625,103.84375,103.84765625,4.0
2025-06-25 13:52:00+00:00,103.84765625,103.84765625,103.84375,103.84765625,644.0
2025-06-25 13:53:00+00:00,103.84765625,103.8515625,103.84765625,103.84765625,321.0
2025-06-25 13:54:00+00:00,103.84375,103.84765625,103.83984375,103.84765625,4898.0
2025-06-25 13:55:00+00:00,103.84375,103.84765625,103.84375,103.84375,1201.0
2025-06-25 13:56:00+00:00,103.84375,103.84765625,103.83984375,103.84375,454.0
2025-06-25 13:57:00+00:00,103.83984375,103.84375,103.83984375,103.84375,431.0
2025-06-25 13:58:00+00:00,103.84375,103.84375,103.83984375,103.83984375,695.0
2025-06-25 13:59:00+00:00,103.84765625,103.84765625,103.83984375,103.83984375,1061.0
2025-06-25 14:00:00+00:00,103.84375,103.84765625,103.83984375,103.84765625,1983.0
2025-06-25 14:01:00+00:00,103.84375,103.84765625,103.84375,103.84375,506.0
2025-06-25 14:02:00+00:00,103.84375,103.84765625,103.83984375,103.84765625,1419.0
2025-06-25 14:03:00+00:00,103.84765625,103.84765625,103.83984375,103.83984375,1154.0
2025-06-25 14:04:00+00:00,103.8515625,103.8515625,103.84375,103.84765625,866.0
2025-06-25 14:05:00+00:00,103.84765625,103.8515625,103.84765625,103.84765625,1018.0
2025-06-25 14:06:00+00:00,103.8515625,103.8515625,103.84765625,103.8515625,586.0
2025-06-25 14:07:00+00:00,103.8515625,103.8515625,103.84765625,103.84765625,944.0
2025-06-25 14:08:00+00:00,103.8515625,103.85546875,103.8515625,103.8515625,127.0
2025-06-25 14:09:00+00:00,103.8515625,103.8515625,103.84765625,103.84765625,1761.0
2025-06-25 14:10:00+00:00,103.8515625,103.8515625,103.84765625,103.8515625,502.0
2025-06-25 14:11:00+00:00,103.84765625,103.8515625,103.84765625,103.84765625,650.0
2025-06-25 14:12:00+00:00,103.84765625,103.8515625,103.84765625,103.8515625,327.0
2025-06-25 14:13:00+00:00,103.84765625,103.84765625,103.84375,103.84765625,455.0
2025-06-25 14:14:00+00:00,103.84765625,103.8515625,103.84375,103.84375,812.0
2025-06-25 14:15:00+00:00,103.84375,103.84765625,103.84375,103.84765625,1254.0
2025-06-25 14:16:00+00:00,103.83984375,103.84375,103.83984375,103.83984375,1374.0
2025-06-25 14:17:00+00:00,103.83984375,103.83984375,103.8359375,103.8359375,1044.0
2025-06-25 14:18:00+00:00,103.83203125,103.83984375,103.83203125,103.8359375,1142.0
2025-06-25 14:19:00+00:00,103.83203125,103.83203125,103.83203125,103.83203125,281.0
2025-06-25 14:20:00+00:00,103.8359375,103.8359375,103.83203125,103.83203125,2325.0
2025-06-25 14:21:00+00:00,103.8359375,103.8359375,103.8359375,103.8359375,2363.0
2025-06-25 14:22:00+00:00,103.83203125,103.83203125,103.828125,103.83203125,2639.0
2025-06-25 14:23:00+00:00,103.8359375,103.8359375,103.83203125,103.83203125,3923.0
2025-06-25 14:24:00+00:00,103.83984375,103.83984375,103.83984375,103.83984375,200.0
2025-06-25 14:25:00+00:00,103.83203125,103.8359375,103.828125,103.8359375,3367.0
2025-06-25 14:26:00+00:00,103.83203125,103.83203125,103.828125,103.83203125,2443.0
2025-06-25 14:27:00+00:00,103.83984375,103.83984375,103.8359375,103.8359375,145.0
2025-06-25 14:28:00+00:00,103.84375,103.84375,103.83984375,103.83984375,558.0
2025-06-25 14:29:00+00:00,103.83984375,103.84375,103.83984375,103.83984375,125.0
2025-06-25 14:30:00+00:00,103.84375,103.84375,103.83984375,103.83984375,58.0
2025-06-25 14:31:00+00:00,103.84765625,103.84765625,103.83984375,103.84375,1546.0
2025-06-25 14:32:00+00:00,103.83984375,103.84765625,103.83984375,103.84375,489.0
2025-06-25 14:33:00+00:00,103.8359375,103.83984375,103.8359375,103.83984375,1521.0
2025-06-25 14:34:00+00:00,103.8359375,103.83984375,103.8359375,103.8359375,449.0
2025-06-25 14:35:00+00:00,103.83984375,103.83984375,103.8359375,103.8359375,428.0
2025-06-25 14:36:00+00:00,103.8359375,103.8359375,103.8359375,103.8359375,57.0
2025-06-25 14:37:00+00:00,103.8359375,103.8359375,103.8359375,103.8359375,664.0
2025-06-25 14:38:00+00:00,103.8359375,103.83984375,103.8359375,103.8359375,494.0
2025-06-25 14:39:00+00:00,103.83984375,103.83984375,103.8359375,103.83984375,440.0
2025-06-25 14:40:00+00:00,103.83984375,103.84375,103.8359375,103.83984375,1348.0
2025-06-25 14:41:00+00:00,103.83984375,103.83984375,103.83984375,103.83984375,207.0
2025-06-25 14:42:00+00:00,103.83984375,103.83984375,103.83984375,103.83984375,60.0
2025-06-25 14:43:00+00:00,103.83203125,103.8359375,103.83203125,103.8359375,679.0
2025-06-25 14:44:00+00:00,103.83984375,103.83984375,103.8359375,103.8359375,742.0
2025-06-25 14:45:00+00:00,103.83984375,103.83984375,103.83984375,103.83984375,985.0
2025-06-25 14:47:00+00:00,103.83984375,103.83984375,103.8359375,103.8359375,58.0
2025-06-25 14:48:00+00:00,103.84375,103.84375,103.83984375,103.83984375,372.0
2025-06-25 14:49:00+00:00,103.83984375,103.83984375,103.83984375,103.83984375,640.0
2025-06-25 14:50:00+00:00,103.84375,103.84375,103.84375,103.84375,67.0
2025-06-25 14:51:00+00:00,103.84375,103.84765625,103.84375,103.84375,918.0
2025-06-25 14:52:00+00:00,103.83984375,103.84375,103.83984375,103.84375,437.0
2025-06-25 14:53:00+00:00,103.84375,103.84375,103.84375,103.84375,5.0
2025-06-25 14:54:00+00:00,103.83984375,103.84375,103.83984375,103.84375,36.0
2025-06-25 14:55:00+00:00,103.83984375,103.84375,103.83984375,103.83984375,1623.0
2025-06-25 14:56:00+00:00,103.84375,103.84375,103.84375,103.84375,1444.0
2025-06-25 14:57:00+00:00,103.84375,103.84375,103.84375,103.84375,175.0
2025-06-25 14:58:00+00:00,103.84765625,103.84765625,103.84375,103.84765625,1058.0
2025-06-25 15:01:00+00:00,103.83984375,103.84375,103.83984375,103.83984375,305520.0
2025-06-25 15:03:00+00:00,103.84375,103.84375,103.84375,103.84375,3960.0
2025-06-25 15:04:00+00:00,103.8515625,103.85546875,103.84765625,103.84765625,6701.0
2025-06-25 15:05:00+00:00,103.85546875,103.85546875,103.85546875,103.85546875,2194.0
2025-06-25 15:06:00+00:00,103.85546875,103.859375,103.85546875,103.85546875,4951.0
2025-06-25 15:08:00+00:00,103.8515625,103.85546875,103.8515625,103.8515625,1679.0
2025-06-25 15:10:00+00:00,103.84765625,103.8515625,103.84765625,103.8515625,807.0
2025-06-25 15:11:00+00:00,103.84765625,103.8515625,103.84765625,103.84765625,1323.0
2025-06-25 15:12:00+00:00,103.8515625,103.8515625,103.8515625,103.8515625,316.0
2025-06-25 15:15:00+00:00,103.86328125,103.86328125,103.859375,103.86328125,4295.0
2025-06-25 15:16:00+00:00,103.859375,103.859375,103.859375,103.859375,618.0
2025-06-25 15:17:00+00:00,103.8671875,103.8671875,103.86328125,103.86328125,2096.0
2025-06-25 15:18:00+00:00,103.86328125,103.8671875,103.86328125,103.86328125,1084.0
2025-06-25 15:19:00+00:00,103.8671875,103.8671875,103.86328125,103.86328125,271.0
2025-06-25 15:21:00+00:00,103.8671875,103.8671875,103.86328125,103.86328125,130.0
2025-06-25 15:22:00+00:00,103.8671875,103.8671875,103.8671875,103.8671875,36.0
2025-06-25 15:23:00+00:00,103.86328125,103.86328125,103.86328125,103.86328125,472.0
2025-06-25 15:24:00+00:00,103.86328125,103.86328125,103.86328125,103.86328125,55.0
2025-06-25 15:25:00+00:00,103.86328125,103.86328125,103.859375,103.86328125,441.0
2025-06-25 15:27:00+00:00,103.859375,103.8671875,103.85546875,103.86328125,4790.0
2025-06-25 15:28:00+00:00,103.859375,103.859375,103.859375,103.859375,10.0
2025-06-25 15:31:00+00:00,103.8671875,103.8671875,103.86328125,103.8671875,7641.0
2025-06-25 15:32:00+00:00,103.87109375,103.87109375,103.8671875,103.8671875,724.0
2025-06-25 15:33:00+00:00,103.87109375,103.875,103.87109375,103.87109375,1387.0
2025-06-25 15:35:00+00:00,103.87109375,103.87109375,103.87109375,103.87109375,2831.0
2025-06-25 15:36:00+00:00,103.87109375,103.87109375,103.87109375,103.87109375,567.0
2025-06-25 15:40:00+00:00,103.86328125,103.86328125,103.86328125,103.86328125,738.0
2025-06-25 15:41:00+00:00,103.8671875,103.8671875,103.86328125,103.86328125,19.0
2025-06-25 15:42:00+00:00,103.8671875,103.8671875,103.8671875,103.8671875,30.0
2025-06-25 15:43:00+00:00,103.8671875,103.8671875,103.86328125,103.8671875,117.0
2025-06-25 15:44:00+00:00,103.8671875,103.87109375,103.86328125,103.86328125,1291.0
2025-06-25 15:45:00+00:00,103.8671875,103.8671875,103.86328125,103.8671875,95.0
2025-06-25 15:46:00+00:00,103.8671875,103.87109375,103.86328125,103.86328125,261.0
2025-06-25 15:47:00+00:00,103.87109375,103.87109375,103.87109375,103.87109375,810.0
2025-06-25 15:48:00+00:00,103.87109375,103.87109375,103.87109375,103.87109375,809.0
2025-06-25 15:49:00+00:00,103.87109375,103.875,103.87109375,103.875,711.0
2025-06-25 15:51:00+00:00,103.87109375,103.875,103.87109375,103.87109375,38.0
2025-06-25 15:52:00+00:00,103.87890625,103.87890625,103.875,103.875,204.0
2025-06-25 15:53:00+00:00,103.875,103.875,103.875,103.875,814.0
2025-06-25 15:54:00+00:00,103.875,103.87890625,103.875,103.875,778.0
2025-06-25 15:55:00+00:00,103.875,103.875,103.875,103.875,417.0
2025-06-25 15:56:00+00:00,103.875,103.875,103.875,103.875,767.0
2025-06-25 15:57:00+00:00,103.875,103.87890625,103.875,103.875,1102.0
2025-06-25 15:58:00+00:00,103.875,103.875,103.875,103.875,1117.0
2025-06-25 15:59:00+00:00,103.875,103.87890625,103.875,103.875,2238.0
2025-06-25 16:00:00+00:00,103.87890625,103.87890625,103.875,103.875,3597.0
2025-06-25 16:01:00+00:00,103.875,103.87890625,103.875,103.875,2459.0
2025-06-25 16:02:00+00:00,103.875,103.87890625,103.875,103.875,496.0
2025-06-25 16:03:00+00:00,103.87890625,103.8828125,103.87109375,103.87109375,1578.0
2025-06-25 16:04:00+00:00,103.87890625,103.87890625,103.87890625,103.87890625,257.0
2025-06-25 16:05:00+00:00,103.87890625,103.87890625,103.875,103.87890625,419.0
2025-06-25 16:06:00+00:00,103.87109375,103.875,103.87109375,103.875,142.0
2025-06-25 16:08:00+00:00,103.875,103.875,103.87109375,103.87109375,9.0
2025-06-25 16:09:00+00:00,103.87109375,103.87109375,103.8671875,103.87109375,1175.0
2025-06-25 16:10:00+00:00,103.87109375,103.87109375,103.8671875,103.8671875,434.0
2025-06-25 16:11:00+00:00,103.87109375,103.87109375,103.87109375,103.87109375,294.0
2025-06-25 16:12:00+00:00,103.875,103.875,103.875,103.875,576.0
2025-06-25 16:13:00+00:00,103.87890625,103.87890625,103.875,103.87890625,91.0
2025-06-25 16:14:00+00:00,103.8828125,103.8828125,103.87890625,103.87890625,615.0
2025-06-25 16:15:00+00:00,103.87890625,103.87890625,103.87890625,103.87890625,1137.0
2025-06-25 16:17:00+00:00,103.8828125,103.8828125,103.8828125,103.8828125,923.0
2025-06-25 16:18:00+00:00,103.8828125,103.8828125,103.87890625,103.87890625,64.0
2025-06-25 16:19:00+00:00,103.8828125,103.8828125,103.87890625,103.87890625,335.0
2025-06-25 16:20:00+00:00,103.8828125,103.8828125,103.87890625,103.8828125,573.0
2025-06-25 16:22:00+00:00,103.88671875,103.890625,103.8828125,103.8828125,1716.0
2025-06-25 16:23:00+00:00,103.88671875,103.88671875,103.88671875,103.88671875,288.0
2025-06-25 16:24:00+00:00,103.8828125,103.8828125,103.8828125,103.8828125,211.0
2025-06-25 16:25:00+00:00,103.8828125,103.8828125,103.8828125,103.8828125,601.0
2025-06-25 16:26:00+00:00,103.8828125,103.88671875,103.87890625,103.8828125,1019.0
2025-06-25 16:27:00+00:00,103.8828125,103.8828125,103.87890625,103.87890625,732.0
2025-06-25 16:28:00+00:00,103.87890625,103.8828125,103.87890625,103.8828125,1191.0
2025-06-25 16:29:00+00:00,103.8828125,103.8828125,103.8828125,103.8828125,206.0
2025-06-25 16:30:00+00:00,103.8828125,103.8828125,103.8828125,103.8828125,323.0
2025-06-25 16:31:00+00:00,103.87890625,103.8828125,103.87890625,103.87890625,110.0
2025-06-25 16:33:00+00:00,103.8828125,103.8828125,103.8828125,103.8828125,1169.0
2025-06-25 16:34:00+00:00,103.8828125,103.8828125,103.8828125,103.8828125,34.0
2025-06-25 16:35:00+00:00,103.8828125,103.8828125,103.87890625,103.8828125,1581.0
2025-06-25 16:37:00+00:00,103.88671875,103.88671875,103.8828125,103.8828125,215.0
2025-06-25 16:38:00+00:00,103.88671875,103.890625,103.88671875,103.88671875,1839.0
2025-06-25 16:39:00+00:00,103.8828125,103.88671875,103.8828125,103.88671875,479.0
2025-06-25 16:40:00+00:00,103.8828125,103.8828125,103.8828125,103.8828125,973.0
2025-06-25 16:41:00+00:00,103.88671875,103.88671875,103.8828125,103.8828125,933.0
2025-06-25 16:42:00+00:00,103.890625,103.890625,103.890625,103.890625,2316.0
2025-06-25 16:43:00+00:00,103.890625,103.890625,103.890625,103.890625,596.0
2025-06-25 16:44:00+00:00,103.890625,103.890625,103.890625,103.890625,246.0
2025-06-25 16:45:00+00:00,103.890625,103.890625,103.890625,103.890625,443.0
2025-06-25 16:46:00+00:00,103.890625,103.890625,103.890625,103.890625,510.0
2025-06-25 16:47:00+00:00,103.89453125,103.8984375,103.890625,103.890625,3293.0
2025-06-25 16:48:00+00:00,103.89453125,103.89453125,103.89453125,103.89453125,5.0
2025-06-25 16:49:00+00:00,103.89453125,103.89453125,103.89453125,103.89453125,549.0
2025-06-25 16:50:00+00:00,103.89453125,103.89453125,103.890625,103.89453125,1104.0
2025-06-25 16:51:00+00:00,103.89453125,103.89453125,103.89453125,103.89453125,301.0
2025-06-25 16:52:00+00:00,103.890625,103.89453125,103.890625,103.89453125,72.0
2025-06-25 16:53:00+00:00,103.890625,103.890625,103.890625,103.890625,520.0
2025-06-25 16:54:00+00:00,103.88671875,103.890625,103.88671875,103.890625,202.0
2025-06-25 16:56:00+00:00,103.8828125,103.8828125,103.8828125,103.8828125,249.0
2025-06-25 16:57:00+00:00,103.8828125,103.88671875,103.8828125,103.8828125,143.0
2025-06-25 16:58:00+00:00,103.8828125,103.88671875,103.8828125,103.8828125,57.0
2025-06-25 16:59:00+00:00,103.8828125,103.88671875,103.8828125,103.8828125,264.0
2025-06-25 17:00:00+00:00,103.8828125,103.8828125,103.87890625,103.8828125,1692.0
2025-06-25 17:01:00+00:00,103.8828125,103.8828125,103.87890625,103.87890625,30.0
2025-06-25 17:02:00+00:00,103.87890625,103.8828125,103.875,103.8828125,3027.0
2025-06-25 17:03:00+00:00,103.87890625,103.8828125,103.87890625,103.87890625,619.0
2025-06-25 17:04:00+00:00,103.8828125,103.8828125,103.87890625,103.8828125,2027.0
2025-06-25 17:05:00+00:00,103.87890625,103.8828125,103.87890625,103.87890625,860.0
2025-06-25 17:06:00+00:00,103.8828125,103.8828125,103.87890625,103.8828125,1431.0
2025-06-25 17:07:00+00:00,103.8828125,103.8828125,103.87890625,103.8828125,624.0
2025-06-25 17:08:00+00:00,103.8828125,103.8828125,103.8828125,103.8828125,552.0
2025-06-25 17:09:00+00:00,103.8828125,103.88671875,103.8828125,103.88671875,1114.0
2025-06-25 17:10:00+00:00,103.8828125,103.8828125,103.8828125,103.8828125,881.0
2025-06-25 17:11:00+00:00,103.88671875,103.88671875,103.87890625,103.87890625,510.0
2025-06-25 17:12:00+00:00,103.87890625,103.8828125,103.87890625,103.8828125,783.0
2025-06-25 17:14:00+00:00,103.8828125,103.8828125,103.8828125,103.8828125,429.0
2025-06-25 17:15:00+00:00,103.8828125,103.8828125,103.8828125,103.8828125,163.0
2025-06-25 17:16:00+00:00,103.8828125,103.8828125,103.87890625,103.8828125,85.0
2025-06-25 17:17:00+00:00,103.8828125,103.8828125,103.87890625,103.87890625,200.0
2025-06-25 17:19:00+00:00,103.87890625,103.8828125,103.87890625,103.87890625,183.0
2025-06-25 17:20:00+00:00,103.87890625,103.8828125,103.87890625,103.87890625,479.0
2025-06-25 17:21:00+00:00,103.875,103.875,103.875,103.875,594.0
2025-06-25 17:22:00+00:00,103.87109375,103.87109375,103.87109375,103.87109375,1410.0
2025-06-25 17:23:00+00:00,103.87109375,103.87109375,103.87109375,103.87109375,701.0
2025-06-25 17:24:00+00:00,103.87109375,103.87109375,103.8671875,103.87109375,486.0
2025-06-25 17:25:00+00:00,103.87109375,103.87109375,103.87109375,103.87109375,420.0
2025-06-25 17:26:00+00:00,103.87109375,103.87109375,103.87109375,103.87109375,452.0
2025-06-25 17:29:00+00:00,103.8671875,103.87109375,103.8671875,103.87109375,919.0
2025-06-25 17:30:00+00:00,103.87109375,103.87109375,103.8671875,103.8671875,460.0
2025-06-25 17:31:00+00:00,103.87109375,103.87109375,103.87109375,103.87109375,46.0
2025-06-25 17:32:00+00:00,103.8671875,103.87109375,103.8671875,103.87109375,263.0
2025-06-25 17:33:00+00:00,103.87109375,103.87109375,103.87109375,103.87109375,668.0
2025-06-25 17:34:00+00:00,103.8671875,103.8671875,103.8671875,103.8671875,509.0
2025-06-25 17:35:00+00:00,103.8671875,103.8671875,103.8671875,103.8671875,420.0
2025-06-25 17:36:00+00:00,103.8671875,103.8671875,103.8671875,103.8671875,125.0
2025-06-25 17:37:00+00:00,103.8671875,103.8671875,103.8671875,103.8671875,45.0
2025-06-25 17:38:00+00:00,103.86328125,103.8671875,103.86328125,103.8671875,292.0
2025-06-25 17:39:00+00:00,103.86328125,103.8671875,103.86328125,103.8671875,240.0
2025-06-25 17:40:00+00:00,103.8671875,103.87109375,103.8671875,103.8671875,908.0
2025-06-25 17:41:00+00:00,103.87109375,103.875,103.87109375,103.87109375,351.0
2025-06-25 17:42:00+00:00,103.8671875,103.87109375,103.8671875,103.87109375,606.0
2025-06-25 17:43:00+00:00,103.8671875,103.8671875,103.8671875,103.8671875,25.0
2025-06-25 17:44:00+00:00,103.8671875,103.8671875,103.8671875,103.8671875,857.0
2025-06-25 17:45:00+00:00,103.8671875,103.87109375,103.8671875,103.8671875,528.0
2025-06-25 17:46:00+00:00,103.8671875,103.8671875,103.8671875,103.8671875,1.0
2025-06-25 17:47:00+00:00,103.8671875,103.8671875,103.8671875,103.8671875,824.0
2025-06-25 17:48:00+00:00,103.87109375,103.87109375,103.8671875,103.8671875,136.0
2025-06-25 17:49:00+00:00,103.875,103.875,103.87109375,103.87109375,424.0
2025-06-25 17:50:00+00:00,103.875,103.875,103.875,103.875,288.0
2025-06-25 17:51:00+00:00,103.87890625,103.87890625,103.875,103.875,175.0
2025-06-25 17:53:00+00:00,103.875,103.87890625,103.875,103.87890625,9.0
2025-06-25 17:54:00+00:00,103.87109375,103.87890625,103.87109375,103.875,456.0
2025-06-25 17:55:00+00:00,103.87109375,103.875,103.87109375,103.875,478.0
2025-06-25 17:56:00+00:00,103.87109375,103.875,103.87109375,103.87109375,337.0
2025-06-25 17:57:00+00:00,103.8671875,103.875,103.86328125,103.87109375,3125.0
2025-06-25 17:58:00+00:00,103.8671875,103.87109375,103.86328125,103.8671875,1202.0
2025-06-25 17:59:00+00:00,103.87109375,103.87109375,103.8671875,103.8671875,469.0
2025-06-25 18:00:00+00:00,103.87109375,103.87109375,103.8671875,103.8671875,1608.0
2025-06-25 18:01:00+00:00,103.87109375,103.875,103.87109375,103.87109375,1510.0
2025-06-25 18:02:00+00:00,103.875,103.875,103.87109375,103.87109375,558.0
2025-06-25 18:04:00+00:00,103.875,103.875,103.875,103.875,510.0
2025-06-25 18:05:00+00:00,103.87890625,103.87890625,103.87890625,103.87890625,877.0
2025-06-25 18:06:00+00:00,103.8828125,103.8828125,103.8828125,103.8828125,491.0
2025-06-25 18:07:00+00:00,103.88671875,103.88671875,103.8828125,103.8828125,79.0
2025-06-25 18:08:00+00:00,103.8828125,103.88671875,103.8828125,103.88671875,161.0
2025-06-25 18:09:00+00:00,103.88671875,103.88671875,103.88671875,103.88671875,89.0
2025-06-25 18:10:00+00:00,103.88671875,103.88671875,103.88671875,103.88671875,545.0
2025-06-25 18:11:00+00:00,103.88671875,103.88671875,103.88671875,103.88671875,180.0
2025-06-25 18:12:00+00:00,103.890625,103.890625,103.890625,103.890625,64.0
2025-06-25 18:13:00+00:00,103.890625,103.890625,103.88671875,103.890625,123.0
2025-06-25 18:14:00+00:00,103.88671875,103.890625,103.88671875,103.88671875,724.0
2025-06-25 18:15:00+00:00,103.890625,103.890625,103.88671875,103.88671875,371.0
2025-06-25 18:16:00+00:00,103.88671875,103.890625,103.88671875,103.890625,136.0
2025-06-25 18:17:00+00:00,103.88671875,103.88671875,103.88671875,103.88671875,1102.0
2025-06-25 18:18:00+00:00,103.8828125,103.88671875,103.8828125,103.88671875,176.0
2025-06-25 18:19:00+00:00,103.88671875,103.88671875,103.88671875,103.88671875,276.0
2025-06-25 18:20:00+00:00,103.890625,103.890625,103.88671875,103.890625,357.0
2025-06-25 18:21:00+00:00,103.88671875,103.890625,103.88671875,103.88671875,68.0
2025-06-25 18:22:00+00:00,103.890625,103.890625,103.88671875,103.88671875,15.0
2025-06-25 18:23:00+00:00,103.890625,103.890625,103.890625,103.890625,336.0
2025-06-25 18:24:00+00:00,103.88671875,103.890625,103.88671875,103.890625,6.0
2025-06-25 18:25:00+00:00,103.88671875,103.890625,103.88671875,103.88671875,718.0
2025-06-25 18:28:00+00:00,103.890625,103.890625,103.88671875,103.890625,17.0
2025-06-25 18:29:00+00:00,103.890625,103.890625,103.88671875,103.890625,25.0
2025-06-25 18:30:00+00:00,103.88671875,103.890625,103.88671875,103.890625,25.0
2025-06-25 18:31:00+00:00,103.890625,103.890625,103.8828125,103.890625,1976.0
2025-06-25 18:32:00+00:00,103.88671875,103.88671875,103.88671875,103.88671875,443.0
2025-06-25 18:33:00+00:00,103.88671875,103.88671875,103.88671875,103.88671875,486.0
2025-06-25 18:34:00+00:00,103.890625,103.890625,103.88671875,103.88671875,76.0
2025-06-25 18:35:00+00:00,103.890625,103.890625,103.890625,103.890625,406.0
2025-06-25 18:36:00+00:00,103.890625,103.890625,103.890625,103.890625,1317.0
2025-06-25 18:37:00+00:00,103.890625,103.890625,103.890625,103.890625,503.0
2025-06-25 18:38:00+00:00,103.890625,103.89453125,103.890625,103.890625,605.0
2025-06-25 18:39:00+00:00,103.890625,103.89453125,103.88671875,103.890625,1108.0
2025-06-25 18:40:00+00:00,103.890625,103.890625,103.88671875,103.890625,195.0
2025-06-25 18:41:00+00:00,103.88671875,103.890625,103.88671875,103.890625,1487.0
2025-06-25 18:42:00+00:00,103.890625,103.890625,103.88671875,103.890625,870.0
2025-06-25 18:43:00+00:00,103.89453125,103.89453125,103.89453125,103.89453125,1193.0
2025-06-25 18:44:00+00:00,103.89453125,103.89453125,103.89453125,103.89453125,405.0
2025-06-25 18:45:00+00:00,103.89453125,103.89453125,103.89453125,103.89453125,1590.0
2025-06-25 18:46:00+00:00,103.8984375,103.8984375,103.89453125,103.8984375,1114.0
2025-06-25 18:47:00+00:00,103.8984375,103.8984375,103.8984375,103.8984375,862.0
2025-06-25 18:48:00+00:00,103.8984375,103.8984375,103.89453125,103.8984375,225.0
2025-06-25 18:49:00+00:00,103.89453125,103.89453125,103.89453125,103.89453125,292.0
2025-06-25 18:50:00+00:00,103.8984375,103.8984375,103.89453125,103.8984375,603.0
2025-06-25 18:51:00+00:00,103.89453125,103.8984375,103.89453125,103.8984375,784.0
2025-06-25 18:52:00+00:00,103.8984375,103.8984375,103.89453125,103.89453125,2446.0
2025-06-25 18:53:00+00:00,103.90234375,103.90234375,103.8984375,103.8984375,790.0
2025-06-25 18:54:00+00:00,103.90234375,103.90234375,103.8984375,103.90234375,2726.0
2025-06-25 18:55:00+00:00,103.90234375,103.90234375,103.8984375,103.90234375,994.0
2025-06-25 18:56:00+00:00,103.90625,103.90625,103.90234375,103.90625,798.0
2025-06-25 18:57:00+00:00,103.90625,103.90625,103.90234375,103.90234375,2791.0
2025-06-25 18:58:00+00:00,103.90625,103.91015625,103.90234375,103.90625,3406.0
2025-06-25 18:59:00+00:00,103.9140625,103.9140625,103.90234375,103.90234375,4150.0
2025-06-25 19:00:00+00:00,103.90625,103.9140625,103.90234375,103.91015625,6936.0
2025-06-25 19:01:00+00:00,103.90625,103.91015625,103.90625,103.90625,1112.0
2025-06-25 19:02:00+00:00,103.91015625,103.91015625,103.90625,103.91015625,646.0
2025-06-25 19:03:00+00:00,103.91015625,103.9140625,103.91015625,103.91015625,2141.0
2025-06-25 19:04:00+00:00,103.91015625,103.9140625,103.91015625,103.9140625,74.0
2025-06-25 19:05:00+00:00,103.9140625,103.9140625,103.91015625,103.9140625,798.0
2025-06-25 19:06:00+00:00,103.91015625,103.91015625,103.91015625,103.91015625,744.0
2025-06-25 19:07:00+00:00,103.9140625,103.9140625,103.9140625,103.9140625,1.0
2025-06-25 19:08:00+00:00,103.9140625,103.9140625,103.9140625,103.9140625,8.0
2025-06-25 19:09:00+00:00,103.9140625,103.9140625,103.9140625,103.9140625,135.0
2025-06-25 19:10:00+00:00,103.9140625,103.9140625,103.9140625,103.9140625,285.0
2025-06-25 19:11:00+00:00,103.921875,103.921875,103.9140625,103.9140625,2140.0
2025-06-25 19:12:00+00:00,103.921875,103.921875,103.91796875,103.921875,342.0
2025-06-25 19:13:00+00:00,103.921875,103.921875,103.921875,103.921875,266.0
2025-06-25 19:14:00+00:00,103.92578125,103.92578125,103.921875,103.921875,1108.0
2025-06-25 19:15:00+00:00,103.92578125,103.92578125,103.921875,103.921875,389.0
2025-06-25 19:16:00+00:00,103.92578125,103.92578125,103.921875,103.92578125,485.0
2025-06-25 19:17:00+00:00,103.92578125,103.92578125,103.921875,103.92578125,472.0
2025-06-25 19:18:00+00:00,103.92578125,103.92578125,103.921875,103.921875,496.0
2025-06-25 19:19:00+00:00,103.92578125,103.92578125,103.921875,103.92578125,381.0
2025-06-25 19:20:00+00:00,103.921875,103.92578125,103.921875,103.92578125,2655.0
2025-06-25 19:21:00+00:00,103.91796875,103.921875,103.91796875,103.91796875,1207.0
2025-06-25 19:22:00+00:00,103.921875,103.921875,103.9140625,103.91796875,1717.0
2025-06-25 19:23:00+00:00,103.921875,103.921875,103.91796875,103.91796875,13.0
2025-06-25 19:24:00+00:00,103.921875,103.921875,103.921875,103.921875,3.0
2025-06-25 19:25:00+00:00,103.92578125,103.92578125,103.91796875,103.921875,1440.0
2025-06-25 19:26:00+00:00,103.92578125,103.92578125,103.92578125,103.92578125,14.0
2025-06-25 19:27:00+00:00,103.92578125,103.92578125,103.92578125,103.92578125,139.0
2025-06-25 19:28:00+00:00,103.9296875,103.9296875,103.92578125,103.92578125,1741.0
2025-06-25 19:29:00+00:00,103.93359375,103.93359375,103.9296875,103.9296875,1483.0
2025-06-25 19:30:00+00:00,103.93359375,103.93359375,103.9296875,103.9296875,756.0
2025-06-25 19:31:00+00:00,103.93359375,103.93359375,103.93359375,103.93359375,323.0
2025-06-25 19:32:00+00:00,103.92578125,103.93359375,103.92578125,103.9296875,2592.0
2025-06-25 19:34:00+00:00,103.92578125,103.9296875,103.92578125,103.9296875,189.0
2025-06-25 19:35:00+00:00,103.92578125,103.92578125,103.92578125,103.92578125,270.0
2025-06-25 19:36:00+00:00,103.921875,103.92578125,103.921875,103.92578125,1080.0
2025-06-25 19:38:00+00:00,103.92578125,103.92578125,103.921875,103.921875,495.0
2025-06-25 19:39:00+00:00,103.92578125,103.92578125,103.92578125,103.92578125,113.0
2025-06-25 19:40:00+00:00,103.92578125,103.92578125,103.921875,103.92578125,114.0
2025-06-25 19:41:00+00:00,103.92578125,103.92578125,103.921875,103.92578125,255.0
2025-06-25 19:42:00+00:00,103.92578125,103.92578125,103.92578125,103.92578125,101.0
2025-06-25 19:43:00+00:00,103.921875,103.92578125,103.921875,103.921875,359.0
2025-06-25 19:44:00+00:00,103.92578125,103.92578125,103.921875,103.921875,924.0
2025-06-25 19:45:00+00:00,103.9296875,103.9296875,103.92578125,103.9296875,968.0
2025-06-25 19:46:00+00:00,103.93359375,103.93359375,103.9296875,103.9296875,418.0
2025-06-25 19:47:00+00:00,103.93359375,103.93359375,103.93359375,103.93359375,4.0
2025-06-25 19:48:00+00:00,103.93359375,103.93359375,103.93359375,103.93359375,208.0
2025-06-25 19:49:00+00:00,103.93359375,103.93359375,103.9296875,103.93359375,837.0
2025-06-25 19:50:00+00:00,103.93359375,103.93359375,103.9296875,103.93359375,406.0
2025-06-25 19:51:00+00:00,103.93359375,103.93359375,103.9296875,103.9296875,105.0
2025-06-25 19:52:00+00:00,103.9296875,103.9296875,103.9296875,103.9296875,981.0
2025-06-25 19:53:00+00:00,103.92578125,103.92578125,103.92578125,103.92578125,1432.0
2025-06-25 19:54:00+00:00,103.92578125,103.92578125,103.921875,103.921875,1363.0
2025-06-25 19:55:00+00:00,103.92578125,103.92578125,103.92578125,103.92578125,390.0
2025-06-25 19:56:00+00:00,103.92578125,103.92578125,103.92578125,103.92578125,122.0
2025-06-25 19:57:00+00:00,103.921875,103.921875,103.921875,103.921875,27.0
2025-06-25 19:58:00+00:00,103.921875,103.92578125,103.921875,103.921875,396.0
2025-06-25 19:59:00+00:00,103.921875,103.92578125,103.91796875,103.92578125,4763.0
2025-06-25 20:00:00+00:00,103.921875,103.9296875,103.9140625,103.92578125,5993.0
2025-06-25 20:01:00+00:00,103.921875,103.921875,103.91796875,103.91796875,1840.0
2025-06-25 20:02:00+00:00,103.921875,103.92578125,103.91796875,103.91796875,1106.0
2025-06-25 20:03:00+00:00,103.921875,103.921875,103.921875,103.921875,51.0
2025-06-25 20:04:00+00:00,103.91796875,103.921875,103.91796875,103.921875,207.0
2025-06-25 20:05:00+00:00,103.91796875,103.91796875,103.91796875,103.91796875,31.0
2025-06-25 20:06:00+00:00,103.91796875,103.91796875,103.91796875,103.91796875,5.0
2025-06-25 20:07:00+00:00,103.9140625,103.91796875,103.9140625,103.91796875,770.0
2025-06-25 20:08:00+00:00,103.91796875,103.921875,103.9140625,103.9140625,600.0
2025-06-25 20:09:00+00:00,103.921875,103.921875,103.921875,103.921875,53.0
2025-06-25 20:10:00+00:00,103.91796875,103.91796875,103.91796875,103.91796875,671.0
2025-06-25 20:11:00+00:00,103.91796875,103.921875,103.91796875,103.921875,6.0
2025-06-25 20:12:00+00:00,103.91796875,103.921875,103.91796875,103.921875,11.0
2025-06-25 20:13:00+00:00,103.91796875,103.921875,103.91796875,103.91796875,3502.0
2025-06-25 20:14:00+00:00,103.9140625,103.91796875,103.9140625,103.9140625,938.0
2025-06-25 20:15:00+00:00,103.91015625,103.9140625,103.91015625,103.9140625,1441.0
2025-06-25 20:16:00+00:00,103.9140625,103.9140625,103.91015625,103.9140625,891.0
2025-06-25 20:17:00+00:00,103.9140625,103.9140625,103.91015625,103.91015625,297.0
2025-06-25 20:18:00+00:00,103.90625,103.91015625,103.90625,103.91015625,2171.0
2025-06-25 20:19:00+00:00,103.90625,103.91015625,103.90625,103.91015625,64.0
2025-06-25 20:20:00+00:00,103.90625,103.90625,103.90625,103.90625,30.0
2025-06-25 20:21:00+00:00,103.90625,103.91015625,103.90625,103.90625,987.0
2025-06-25 20:22:00+00:00,103.90234375,103.90625,103.90234375,103.90625,1701.0
2025-06-25 20:23:00+00:00,103.90234375,103.90625,103.8984375,103.90234375,1038.0
2025-06-25 20:24:00+00:00,103.8984375,103.90234375,103.8984375,103.90234375,366.0
2025-06-25 20:25:00+00:00,103.89453125,103.8984375,103.89453125,103.8984375,171.0
2025-06-25 20:26:00+00:00,103.90234375,103.90234375,103.8984375,103.8984375,639.0
2025-06-25 20:27:00+00:00,103.90234375,103.90234375,103.90234375,103.90234375,593.0
2025-06-25 20:29:00+00:00,103.90234375,103.90234375,103.90234375,103.90234375,30.0
2025-06-25 20:30:00+00:00,103.90234375,103.90234375,103.8984375,103.8984375,498.0
2025-06-25 20:31:00+00:00,103.90625,103.90625,103.90625,103.90625,3.0
2025-06-25 20:32:00+00:00,103.90234375,103.90234375,103.90234375,103.90234375,72.0
2025-06-25 20:33:00+00:00,103.90234375,103.90234375,103.90234375,103.90234375,723.0
2025-06-25 20:34:00+00:00,103.90234375,103.90625,103.90234375,103.90625,77.0
2025-06-25 20:35:00+00:00,103.90625,103.90625,103.90625,103.90625,20.0
2025-06-25 20:36:00+00:00,103.90625,103.90625,103.90234375,103.90234375,4.0
2025-06-25 20:37:00+00:00,103.90625,103.90625,103.90234375,103.90234375,1214.0
2025-06-25 20:38:00+00:00,103.90625,103.90625,103.90234375,103.90234375,904.0
2025-06-25 20:39:00+00:00,103.90625,103.91015625,103.90625,103.90625,176.0
2025-06-25 20:40:00+00:00,103.91015625,103.91015625,103.90625,103.90625,14.0
2025-06-25 20:41:00+00:00,103.90625,103.90625,103.90625,103.90625,1.0
2025-06-25 20:42:00+00:00,103.90625,103.91015625,103.90625,103.90625,57.0
2025-06-25 20:43:00+00:00,103.90625,103.91015625,103.90625,103.90625,27.0
2025-06-25 20:44:00+00:00,103.91015625,103.91015625,103.90625,103.91015625,6.0
2025-06-25 20:45:00+00:00,103.90625,103.91015625,103.90625,103.91015625,88.0
2025-06-25 20:46:00+00:00,103.90625,103.90625,103.90625,103.90625,2212.0
2025-06-25 20:47:00+00:00,103.90625,103.90625,103.90625,103.90625,378.0
2025-06-25 20:48:00+00:00,103.90625,103.90625,103.90625,103.90625,924.0
2025-06-25 20:49:00+00:00,103.90625,103.91015625,103.90625,103.91015625,583.0
2025-06-25 20:50:00+00:00,103.90625,103.90625,103.90625,103.90625,455.0
2025-06-25 20:51:00+00:00,103.90234375,103.90625,103.90234375,103.90234375,208.0
2025-06-25 20:52:00+00:00,103.90234375,103.90234375,103.90234375,103.90234375,462.0
2025-06-25 20:53:00+00:00,103.90625,103.90625,103.90625,103.90625,789.0
2025-06-25 20:54:00+00:00,103.90625,103.90625,103.90625,103.90625,122.0
2025-06-25 20:55:00+00:00,103.90234375,103.90625,103.90234375,103.90625,5.0
2025-06-25 20:56:00+00:00,103.90625,103.90625,103.90625,103.90625,25.0
2025-06-25 20:57:00+00:00,103.90234375,103.90234375,103.90234375,103.90234375,720.0
2025-06-25 20:58:00+00:00,103.90234375,103.90234375,103.90234375,103.90234375,556.0
2025-06-25 20:59:00+00:00,103.8984375,103.90625,103.8984375,103.90234375,611.0
2025-06-25 22:00:00+00:00,103.90625,103.90625,103.90234375,103.90234375,0.0
2025-06-25 22:01:00+00:00,103.91015625,103.91015625,103.90625,103.90625,5.0
2025-06-25 22:02:00+00:00,103.91015625,103.91015625,103.90625,103.90625,2.0
2025-06-25 22:03:00+00:00,103.90625,103.90625,103.90625,103.90625,80.0
2025-06-25 22:08:00+00:00,103.90625,103.90625,103.90625,103.90625,6.0
2025-06-25 22:10:00+00:00,103.90625,103.90625,103.90234375,103.90234375,103.0
2025-06-25 22:12:00+00:00,103.90234375,103.90234375,103.90234375,103.90234375,88.0
2025-06-25 22:16:00+00:00,103.90625,103.90625,103.90234375,103.90234375,5.0
2025-06-25 22:20:00+00:00,103.90625,103.90625,103.90625,103.90625,4.0
2025-06-25 22:21:00+00:00,103.90625,103.90625,103.90625,103.90625,32.0
2025-06-25 22:26:00+00:00,103.91015625,103.91015625,103.91015625,103.91015625,3.0
2025-06-25 22:29:00+00:00,103.91015625,103.9140625,103.91015625,103.91015625,249.0
2025-06-25 22:33:00+00:00,103.91015625,103.91015625,103.90625,103.91015625,56.0
2025-06-25 22:34:00+00:00,103.91015625,103.91015625,103.91015625,103.91015625,119.0
2025-06-25 22:35:00+00:00,103.91015625,103.91015625,103.91015625,103.91015625,2.0
2025-06-25 22:37:00+00:00,103.91015625,103.91015625,103.91015625,103.91015625,1.0
2025-06-25 22:38:00+00:00,103.9140625,103.9140625,103.9140625,103.9140625,5.0
2025-06-25 22:39:00+00:00,103.9140625,103.9140625,103.9140625,103.9140625,11.0
2025-06-25 22:49:00+00:00,103.91015625,103.91015625,103.91015625,103.91015625,40.0
2025-06-25 22:58:00+00:00,103.9140625,103.9140625,103.9140625,103.9140625,110.0
2025-06-25 23:00:00+00:00,103.921875,103.921875,103.9140625,103.9140625,1073.0
2025-06-25 23:01:00+00:00,103.9296875,103.9296875,103.91796875,103.91796875,1220.0
2025-06-25 23:02:00+00:00,103.921875,103.92578125,103.921875,103.92578125,652.0
2025-06-25 23:03:00+00:00,103.92578125,103.92578125,103.921875,103.921875,136.0
2025-06-25 23:05:00+00:00,103.92578125,103.92578125,103.92578125,103.92578125,10.0
2025-06-25 23:06:00+00:00,103.92578125,103.9296875,103.92578125,103.92578125,214.0
2025-06-25 23:07:00+00:00,103.9296875,103.9296875,103.92578125,103.9296875,337.0
2025-06-25 23:08:00+00:00,103.92578125,103.93359375,103.92578125,103.9296875,125.0
2025-06-25 23:09:00+00:00,103.9296875,103.9296875,103.9296875,103.9296875,66.0
2025-06-25 23:10:00+00:00,103.9296875,103.9296875,103.9296875,103.9296875,648.0
2025-06-25 23:11:00+00:00,103.9296875,103.9296875,103.9296875,103.9296875,2.0
2025-06-25 23:12:00+00:00,103.9296875,103.9296875,103.9296875,103.9296875,1.0
2025-06-25 23:13:00+00:00,103.9296875,103.93359375,103.9296875,103.9296875,958.0
2025-06-25 23:14:00+00:00,103.93359375,103.93359375,103.9296875,103.9296875,300.0
2025-06-25 23:17:00+00:00,103.9296875,103.9296875,103.9296875,103.9296875,3.0
2025-06-25 23:18:00+00:00,103.9296875,103.93359375,103.9296875,103.93359375,12.0
2025-06-25 23:19:00+00:00,103.93359375,103.9375,103.93359375,103.93359375,316.0
2025-06-25 23:20:00+00:00,103.93359375,103.93359375,103.93359375,103.93359375,198.0
2025-06-25 23:21:00+00:00,103.93359375,103.93359375,103.93359375,103.93359375,259.0
2025-06-25 23:22:00+00:00,103.93359375,103.93359375,103.93359375,103.93359375,36.0
2025-06-25 23:23:00+00:00,103.9375,103.9375,103.93359375,103.93359375,4.0
2025-06-25 23:24:00+00:00,103.93359375,103.93359375,103.93359375,103.93359375,593.0
2025-06-25 23:25:00+00:00,103.93359375,103.93359375,103.9296875,103.93359375,79.0
2025-06-25 23:26:00+00:00,103.93359375,103.93359375,103.93359375,103.93359375,189.0
2025-06-25 23:27:00+00:00,103.93359375,103.93359375,103.93359375,103.93359375,3.0
2025-06-25 23:28:00+00:00,103.93359375,103.93359375,103.93359375,103.93359375,52.0
2025-06-25 23:29:00+00:00,103.93359375,103.9375,103.93359375,103.9375,68.0
2025-06-25 23:30:00+00:00,103.93359375,103.93359375,103.93359375,103.93359375,19.0
2025-06-25 23:31:00+00:00,103.93359375,103.93359375,103.93359375,103.93359375,55.0
2025-06-25 23:34:00+00:00,103.9375,103.9375,103.9375,103.9375,1216.0
2025-06-25 23:35:00+00:00,103.9375,103.9375,103.9375,103.9375,614.0
2025-06-25 23:41:00+00:00,103.93359375,103.93359375,103.93359375,103.93359375,280.0
2025-06-25 23:42:00+00:00,103.93359375,103.93359375,103.93359375,103.93359375,234.0
2025-06-25 23:43:00+00:00,103.93359375,103.93359375,103.93359375,103.93359375,51.0
2025-06-25 23:44:00+00:00,103.93359375,103.93359375,103.93359375,103.93359375,1.0
2025-06-25 23:45:00+00:00,103.9296875,103.9296875,103.9296875,103.9296875,195.0
2025-06-25 23:46:00+00:00,103.9296875,103.9296875,103.9296875,103.9296875,11.0
2025-06-25 23:47:00+00:00,103.9296875,103.9296875,103.9296875,103.9296875,15.0
2025-06-25 23:48:00+00:00,103.93359375,103.9375,103.93359375,103.93359375,435.0
2025-06-25 23:49:00+00:00,103.9375,103.9375,103.93359375,103.93359375,892.0
2025-06-25 23:50:00+00:00,103.93359375,103.9375,103.93359375,103.9375,255.0
2025-06-25 23:51:00+00:00,103.9375,103.9375,103.9375,103.9375,202.0
2025-06-25 23:54:00+00:00,103.93359375,103.93359375,103.93359375,103.93359375,30.0
2025-06-25 23:55:00+00:00,103.9375,103.9375,103.9375,103.9375,20.0
2025-06-25 23:56:00+00:00,103.9375,103.9375,103.9375,103.9375,100.0
2025-06-25 23:58:00+00:00,103.9375,103.9375,103.9375,103.9375,448.0
2025-06-25 23:59:00+00:00,103.9375,103.9375,103.9375,103.9375,16.0
2025-06-26 00:00:00+00:00,103.9375,103.9375,103.9375,103.9375,1.0
2025-06-26 00:01:00+00:00,103.94140625,103.94140625,103.94140625,103.94140625,362.0
2025-06-26 00:02:00+00:00,103.94140625,103.94140625,103.94140625,103.94140625,76.0
2025-06-26 00:04:00+00:00,103.9453125,103.9453125,103.9453125,103.9453125,478.0
2025-06-26 00:05:00+00:00,103.9453125,103.9453125,103.9453125,103.9453125,60.0
2025-06-26 00:07:00+00:00,103.9453125,103.9453125,103.9453125,103.9453125,156.0
2025-06-26 00:08:00+00:00,103.9453125,103.94921875,103.9453125,103.9453125,280.0
2025-06-26 00:10:00+00:00,103.9453125,103.9453125,103.9453125,103.9453125,33.0
2025-06-26 00:11:00+00:00,103.94140625,103.9453125,103.94140625,103.9453125,105.0
2025-06-26 00:14:00+00:00,103.94140625,103.94140625,103.94140625,103.94140625,9.0
2025-06-26 00:16:00+00:00,103.9453125,103.94921875,103.9453125,103.9453125,128.0
2025-06-26 00:17:00+00:00,103.9453125,103.9453125,103.9453125,103.9453125,286.0
2025-06-26 00:18:00+00:00,103.94140625,103.94140625,103.94140625,103.94140625,5.0
2025-06-26 00:19:00+00:00,103.9453125,103.9453125,103.94140625,103.94140625,19.0
2025-06-26 00:23:00+00:00,103.94140625,103.94140625,103.94140625,103.94140625,426.0
2025-06-26 00:24:00+00:00,103.9375,103.9375,103.9375,103.9375,3.0
2025-06-26 00:25:00+00:00,103.9375,103.9375,103.9375,103.9375,5.0
2025-06-26 00:26:00+00:00,103.94140625,103.94140625,103.9375,103.9375,752.0
2025-06-26 00:27:00+00:00,103.94140625,103.94140625,103.94140625,103.94140625,646.0
2025-06-26 00:28:00+00:00,103.93359375,103.9375,103.93359375,103.9375,272.0
2025-06-26 00:29:00+00:00,103.9375,103.9375,103.9375,103.9375,129.0
2025-06-26 00:32:00+00:00,103.9375,103.94140625,103.9375,103.9375,616.0
2025-06-26 00:33:00+00:00,103.9375,103.9375,103.9375,103.9375,511.0
2025-06-26 00:34:00+00:00,103.9375,103.9375,103.9375,103.9375,63.0
2025-06-26 00:35:00+00:00,103.9375,103.9375,103.9375,103.9375,145.0
2025-06-26 00:36:00+00:00,103.9375,103.9375,103.93359375,103.9375,81.0
2025-06-26 00:37:00+00:00,103.9375,103.94140625,103.9375,103.94140625,27.0
2025-06-26 00:38:00+00:00,103.94140625,103.94140625,103.94140625,103.94140625,109.0
2025-06-26 00:40:00+00:00,103.9453125,103.9453125,103.9453125,103.9453125,163.0
2025-06-26 00:42:00+00:00,103.94921875,103.94921875,103.94921875,103.94921875,370.0
2025-06-26 00:43:00+00:00,103.94921875,103.94921875,103.94921875,103.94921875,238.0
2025-06-26 00:46:00+00:00,103.94921875,103.94921875,103.94921875,103.94921875,128.0
2025-06-26 00:48:00+00:00,103.9453125,103.9453125,103.9453125,103.9453125,145.0
2025-06-26 00:50:00+00:00,103.9453125,103.9453125,103.9453125,103.9453125,8.0
2025-06-26 00:52:00+00:00,103.94140625,103.94140625,103.94140625,103.94140625,3.0
2025-06-26 00:53:00+00:00,103.94140625,103.94140625,103.94140625,103.94140625,141.0
2025-06-26 01:01:00+00:00,103.94140625,103.94140625,103.94140625,103.94140625,73.0
2025-06-26 01:02:00+00:00,103.94140625,103.94140625,103.94140625,103.94140625,11.0
2025-06-26 01:05:00+00:00,103.94140625,103.9453125,103.94140625,103.94140625,11.0
2025-06-26 01:07:00+00:00,103.9453125,103.9453125,103.9453125,103.9453125,1.0
2025-06-26 01:09:00+00:00,103.9453125,103.9453125,103.94140625,103.94140625,16.0
2025-06-26 01:10:00+00:00,103.9453125,103.9453125,103.94140625,103.94140625,2.0
2025-06-26 01:13:00+00:00,103.9375,103.94140625,103.9375,103.94140625,138.0
2025-06-26 01:18:00+00:00,103.9375,103.9375,103.9375,103.9375,167.0
2025-06-26 01:19:00+00:00,103.9375,103.9375,103.9375,103.9375,113.0
2025-06-26 01:21:00+00:00,103.9375,103.9375,103.9375,103.9375,84.0
2025-06-26 01:25:00+00:00,103.9375,103.9375,103.9375,103.9375,82.0
2025-06-26 01:26:00+00:00,103.94140625,103.94140625,103.94140625,103.94140625,1.0
2025-06-26 01:27:00+00:00,103.94140625,103.94140625,103.94140625,103.94140625,207.0
2025-06-26 01:28:00+00:00,103.9453125,103.9453125,103.9453125,103.9453125,17.0
2025-06-26 01:29:00+00:00,103.9453125,103.9453125,103.9453125,103.9453125,12.0
2025-06-26 01:36:00+00:00,103.94140625,103.94140625,103.94140625,103.94140625,13.0
2025-06-26 01:38:00+00:00,103.9453125,103.9453125,103.9453125,103.9453125,50.0
2025-06-26 01:39:00+00:00,103.9453125,103.9453125,103.9453125,103.9453125,90.0
2025-06-26 01:48:00+00:00,103.9453125,103.9453125,103.9453125,103.9453125,4.0
2025-06-26 01:53:00+00:00,103.94140625,103.9453125,103.94140625,103.9453125,646.0
2025-06-26 01:54:00+00:00,103.9453125,103.9453125,103.9453125,103.9453125,209.0
2025-06-26 01:55:00+00:00,103.9453125,103.9453125,103.9453125,103.9453125,58.0
2025-06-26 01:58:00+00:00,103.9453125,103.9453125,103.9453125,103.9453125,20.0
2025-06-26 02:00:00+00:00,103.94921875,103.94921875,103.9453125,103.9453125,99.0
2025-06-26 02:01:00+00:00,103.94921875,103.94921875,103.94921875,103.94921875,24.0
2025-06-26 02:02:00+00:00,103.94921875,103.94921875,103.94921875,103.94921875,127.0
2025-06-26 02:03:00+00:00,103.94921875,103.94921875,103.94921875,103.94921875,649.0
2025-06-26 02:07:00+00:00,103.94921875,103.94921875,103.94921875,103.94921875,108.0
2025-06-26 02:08:00+00:00,103.9453125,103.94921875,103.9453125,103.94921875,564.0
2025-06-26 02:09:00+00:00,103.9453125,103.9453125,103.9453125,103.9453125,193.0
2025-06-26 02:10:00+00:00,103.9453125,103.9453125,103.9453125,103.9453125,3.0
2025-06-26 02:11:00+00:00,103.9453125,103.94921875,103.9453125,103.94921875,86.0
2025-06-26 02:12:00+00:00,103.9453125,103.9453125,103.9453125,103.9453125,305.0
2025-06-26 02:13:00+00:00,103.9453125,103.9453125,103.9453125,103.9453125,370.0
2025-06-26 02:14:00+00:00,103.9453125,103.9453125,103.9453125,103.9453125,146.0
2025-06-26 02:15:00+00:00,103.9453125,103.94921875,103.9453125,103.94921875,31.0
2025-06-26 02:17:00+00:00,103.9453125,103.9453125,103.9453125,103.9453125,2.0
2025-06-26 02:19:00+00:00,103.9453125,103.9453125,103.9453125,103.9453125,10.0
2025-06-26 02:22:00+00:00,103.94140625,103.94140625,103.94140625,103.94140625,160.0
2025-06-26 02:23:00+00:00,103.94140625,103.94140625,103.94140625,103.94140625,16.0
2025-06-26 02:25:00+00:00,103.94140625,103.94140625,103.94140625,103.94140625,541.0
2025-06-26 02:30:00+00:00,103.94140625,103.94140625,103.94140625,103.94140625,33.0
2025-06-26 02:31:00+00:00,103.94140625,103.9453125,103.94140625,103.94140625,185.0
2025-06-26 02:32:00+00:00,103.94140625,103.94140625,103.94140625,103.94140625,101.0
2025-06-26 02:33:00+00:00,103.94140625,103.94140625,103.94140625,103.94140625,20.0
2025-06-26 02:35:00+00:00,103.94140625,103.94140625,103.94140625,103.94140625,100.0
2025-06-26 02:36:00+00:00,103.94140625,103.94140625,103.94140625,103.94140625,235.0
2025-06-26 02:42:00+00:00,103.9375,103.94140625,103.9375,103.94140625,566.0
2025-06-26 02:46:00+00:00,103.94140625,103.94140625,103.94140625,103.94140625,607.0
2025-06-26 02:47:00+00:00,103.9375,103.94140625,103.9375,103.94140625,47.0
2025-06-26 02:48:00+00:00,103.94140625,103.94140625,103.94140625,103.94140625,0.0
2025-06-26 02:49:00+00:00,103.94140625,103.94140625,103.94140625,103.94140625,28510.0
2025-06-26 02:50:00+00:00,103.94140625,103.94140625,103.94140625,103.94140625,49.0
2025-06-26 02:52:00+00:00,103.94140625,103.94140625,103.94140625,103.94140625,31.0
2025-06-26 02:54:00+00:00,103.94140625,103.94140625,103.94140625,103.94140625,175.0
2025-06-26 02:55:00+00:00,103.9453125,103.9453125,103.9453125,103.9453125,19.0
2025-06-26 02:56:00+00:00,103.9453125,103.9453125,103.9453125,103.9453125,238.0
2025-06-26 02:57:00+00:00,103.9453125,103.9453125,103.9453125,103.9453125,165.0
2025-06-26 03:00:00+00:00,103.9453125,103.9453125,103.9453125,103.9453125,500.0
2025-06-26 03:02:00+00:00,103.94140625,103.94140625,103.94140625,103.94140625,510.0
2025-06-26 03:03:00+00:00,103.94140625,103.94140625,103.94140625,103.94140625,95.0
2025-06-26 03:04:00+00:00,103.94140625,103.94140625,103.94140625,103.94140625,190.0
2025-06-26 03:06:00+00:00,103.94140625,103.94140625,103.94140625,103.94140625,596.0
2025-06-26 03:08:00+00:00,103.94140625,103.94140625,103.94140625,103.94140625,255.0
2025-06-26 03:10:00+00:00,103.94140625,103.94140625,103.94140625,103.94140625,391.0
2025-06-26 03:13:00+00:00,103.94140625,103.94140625,103.94140625,103.94140625,2.0
2025-06-26 03:15:00+00:00,103.94140625,103.94140625,103.94140625,103.94140625,25.0
2025-06-26 03:19:00+00:00,103.94140625,103.94140625,103.94140625,103.94140625,134.0
2025-06-26 03:20:00+00:00,103.94140625,103.94140625,103.9375,103.9375,551.0
2025-06-26 03:24:00+00:00,103.9375,103.9375,103.9375,103.9375,377.0
2025-06-26 03:27:00+00:00,103.93359375,103.9375,103.93359375,103.93359375,31.0
2025-06-26 03:30:00+00:00,103.9375,103.9375,103.9375,103.9375,1239.0
2025-06-26 03:32:00+00:00,103.9375,103.9375,103.93359375,103.93359375,62.0
2025-06-26 03:35:00+00:00,103.9375,103.9375,103.93359375,103.93359375,210.0
2025-06-26 03:38:00+00:00,103.93359375,103.93359375,103.93359375,103.93359375,257.0
2025-06-26 03:39:00+00:00,103.93359375,103.93359375,103.93359375,103.93359375,2.0
2025-06-26 03:42:00+00:00,103.93359375,103.93359375,103.93359375,103.93359375,421.0
2025-06-26 03:43:00+00:00,103.93359375,103.93359375,103.93359375,103.93359375,10.0
2025-06-26 03:45:00+00:00,103.93359375,103.93359375,103.9296875,103.9296875,33.0
2025-06-26 03:49:00+00:00,103.9296875,103.9296875,103.9296875,103.9296875,152.0
2025-06-26 03:55:00+00:00,103.9296875,103.9296875,103.9296875,103.9296875,34.0
2025-06-26 03:56:00+00:00,103.9296875,103.9296875,103.9296875,103.9296875,385.0
2025-06-26 03:57:00+00:00,103.9296875,103.9296875,103.9296875,103.9296875,16.0
2025-06-26 03:58:00+00:00,103.9296875,103.9296875,103.9296875,103.9296875,33.0
2025-06-26 04:00:00+00:00,103.9296875,103.9296875,103.9296875,103.9296875,651.0
2025-06-26 04:01:00+00:00,103.9296875,103.9296875,103.9296875,103.9296875,7.0
2025-06-26 04:02:00+00:00,103.9296875,103.9296875,103.9296875,103.9296875,8.0
2025-06-26 04:03:00+00:00,103.93359375,103.93359375,103.93359375,103.93359375,390.0
2025-06-26 04:04:00+00:00,103.93359375,103.93359375,103.93359375,103.93359375,12.0
2025-06-26 04:06:00+00:00,103.9375,103.9375,103.9375,103.9375,92.0
2025-06-26 04:07:00+00:00,103.9375,103.9375,103.9375,103.9375,162.0
2025-06-26 04:09:00+00:00,103.9375,103.9375,103.9375,103.9375,147.0
2025-06-26 04:10:00+00:00,103.93359375,103.93359375,103.93359375,103.93359375,5.0
2025-06-26 04:11:00+00:00,103.9375,103.9375,103.9375,103.9375,8.0
2025-06-26 04:14:00+00:00,103.9453125,103.9453125,103.9375,103.9375,1296.0
2025-06-26 04:17:00+00:00,103.94140625,103.94140625,103.94140625,103.94140625,694.0
2025-06-26 04:18:00+00:00,103.94140625,103.94140625,103.94140625,103.94140625,28.0
2025-06-26 04:21:00+00:00,103.9375,103.9375,103.9375,103.9375,2.0
2025-06-26 04:23:00+00:00,103.94140625,103.94140625,103.94140625,103.94140625,77.0
2025-06-26 04:26:00+00:00,103.94140625,103.94140625,103.94140625,103.94140625,94.0
2025-06-26 04:28:00+00:00,103.94140625,103.94140625,103.94140625,103.94140625,555.0
2025-06-26 04:30:00+00:00,103.94140625,103.9453125,103.94140625,103.9453125,2.0
2025-06-26 04:33:00+00:00,103.94140625,103.94140625,103.94140625,103.94140625,68.0
2025-06-26 04:35:00+00:00,103.94140625,103.94140625,103.94140625,103.94140625,452.0
2025-06-26 04:47:00+00:00,103.94140625,103.94140625,103.94140625,103.94140625,70.0
2025-06-26 04:50:00+00:00,103.94140625,103.94140625,103.94140625,103.94140625,24.0
2025-06-26 04:57:00+00:00,103.9375,103.94140625,103.9375,103.94140625,26.0
2025-06-26 05:02:00+00:00,103.9375,103.9375,103.9375,103.9375,109.0
2025-06-26 05:05:00+00:00,103.9375,103.9375,103.9375,103.9375,648.0
2025-06-26 05:08:00+00:00,103.9375,103.9375,103.9375,103.9375,190.0
2025-06-26 05:19:00+00:00,103.94140625,103.94140625,103.9375,103.9375,31.0
2025-06-26 05:21:00+00:00,103.94140625,103.94140625,103.94140625,103.94140625,17.0
2025-06-26 05:24:00+00:00,103.94140625,103.94140625,103.94140625,103.94140625,180.0
2025-06-26 05:27:00+00:00,103.94140625,103.94140625,103.94140625,103.94140625,4.0
2025-06-26 05:28:00+00:00,103.94140625,103.94140625,103.94140625,103.94140625,151.0
2025-06-26 05:34:00+00:00,103.94140625,103.94140625,103.94140625,103.94140625,18.0
2025-06-26 05:40:00+00:00,103.94140625,103.94140625,103.94140625,103.94140625,10.0
2025-06-26 05:41:00+00:00,103.94140625,103.94140625,103.94140625,103.94140625,55.0
2025-06-26 05:43:00+00:00,103.94140625,103.94140625,103.9375,103.9375,6.0
2025-06-26 05:44:00+00:00,103.9375,103.94140625,103.9375,103.94140625,155.0
2025-06-26 05:45:00+00:00,103.9375,103.94140625,103.9375,103.94140625,3.0
2025-06-26 05:49:00+00:00,103.94140625,103.94140625,103.94140625,103.94140625,123.0
2025-06-26 05:51:00+00:00,103.9375,103.9375,103.9375,103.9375,103.0
2025-06-26 05:54:00+00:00,103.94140625,103.94140625,103.94140625,103.94140625,700.0
2025-06-26 05:58:00+00:00,103.94140625,103.94140625,103.94140625,103.94140625,8.0
2025-06-26 06:00:00+00:00,103.94140625,103.9453125,103.94140625,103.9453125,649.0
2025-06-26 06:01:00+00:00,103.94140625,103.94140625,103.94140625,103.94140625,237.0
2025-06-26 06:05:00+00:00,103.9375,103.9375,103.9375,103.9375,240.0
2025-06-26 06:07:00+00:00,103.94140625,103.94140625,103.94140625,103.94140625,202.0
2025-06-26 06:08:00+00:00,103.94140625,103.94140625,103.94140625,103.94140625,23.0
2025-06-26 06:10:00+00:00,103.94140625,103.94140625,103.94140625,103.94140625,146.0
2025-06-26 06:19:00+00:00,103.93359375,103.93359375,103.93359375,103.93359375,45663.0
2025-06-26 06:22:00+00:00,103.9296875,103.93359375,103.9296875,103.9296875,152.0
2025-06-26 06:31:00+00:00,103.9375,103.9375,103.93359375,103.93359375,176.0
2025-06-26 06:33:00+00:00,103.9375,103.9375,103.9375,103.9375,122.0
2025-06-26 06:34:00+00:00,103.9375,103.94140625,103.9375,103.9375,504.0
2025-06-26 06:35:00+00:00,103.94140625,103.94140625,103.94140625,103.94140625,111.0
2025-06-26 06:36:00+00:00,103.94140625,103.94140625,103.94140625,103.94140625,233.0
2025-06-26 06:39:00+00:00,103.94140625,103.9453125,103.94140625,103.94140625,885.0
2025-06-26 06:41:00+00:00,103.94140625,103.94140625,103.94140625,103.94140625,430.0
2025-06-26 06:42:00+00:00,103.94140625,103.94140625,103.94140625,103.94140625,6.0
2025-06-26 06:45:00+00:00,103.9453125,103.9453125,103.9453125,103.9453125,101.0
2025-06-26 06:46:00+00:00,103.9453125,103.9453125,103.9453125,103.9453125,492.0
2025-06-26 06:48:00+00:00,103.9453125,103.9453125,103.9453125,103.9453125,79.0
2025-06-26 06:52:00+00:00,103.94140625,103.94140625,103.94140625,103.94140625,181.0
2025-06-26 06:53:00+00:00,103.94140625,103.94140625,103.94140625,103.94140625,609.0
2025-06-26 06:56:00+00:00,103.94140625,103.94140625,103.9375,103.9375,197.0
2025-06-26 06:57:00+00:00,103.94140625,103.94140625,103.94140625,103.94140625,86.0
2025-06-26 06:58:00+00:00,103.94140625,103.94140625,103.94140625,103.94140625,50.0
2025-06-26 06:59:00+00:00,103.94140625,103.94140625,103.9375,103.9375,5.0
2025-06-26 07:00:00+00:00,103.9453125,103.9453125,103.94140625,103.94140625,89.0
2025-06-26 07:01:00+00:00,103.9453125,103.94921875,103.9453125,103.9453125,640.0
2025-06-26 07:02:00+00:00,103.94921875,103.94921875,103.9453125,103.94921875,39.0
2025-06-26 07:03:00+00:00,103.94921875,103.94921875,103.9453125,103.94921875,439.0
2025-06-26 07:04:00+00:00,103.94921875,103.94921875,103.94921875,103.94921875,38.0
2025-06-26 07:05:00+00:00,103.953125,103.953125,103.94921875,103.94921875,429.0
2025-06-26 07:06:00+00:00,103.953125,103.953125,103.94921875,103.953125,9.0
2025-06-26 07:07:00+00:00,103.953125,103.953125,103.953125,103.953125,22.0
2025-06-26 07:09:00+00:00,103.953125,103.953125,103.953125,103.953125,56.0
2025-06-26 07:10:00+00:00,103.953125,103.953125,103.953125,103.953125,38.0
2025-06-26 07:11:00+00:00,103.953125,103.953125,103.94921875,103.94921875,38.0
2025-06-26 07:12:00+00:00,103.953125,103.953125,103.953125,103.953125,1.0
2025-06-26 07:13:00+00:00,103.953125,103.953125,103.953125,103.953125,108.0
2025-06-26 07:14:00+00:00,103.953125,103.953125,103.953125,103.953125,3.0
2025-06-26 07:15:00+00:00,103.953125,103.953125,103.9453125,103.953125,1159.0
2025-06-26 07:16:00+00:00,103.953125,103.953125,103.94921875,103.953125,94.0
2025-06-26 07:17:00+00:00,103.94921875,103.94921875,103.94921875,103.94921875,65.0
2025-06-26 07:18:00+00:00,103.94921875,103.94921875,103.94921875,103.94921875,1097.0
2025-06-26 07:19:00+00:00,103.94921875,103.94921875,103.94921875,103.94921875,70.0
2025-06-26 07:20:00+00:00,103.94921875,103.94921875,103.94921875,103.94921875,2.0
2025-06-26 07:21:00+00:00,103.953125,103.953125,103.94921875,103.953125,575.0
2025-06-26 07:23:00+00:00,103.94921875,103.94921875,103.94921875,103.94921875,136.0
2025-06-26 07:25:00+00:00,103.94921875,103.94921875,103.94921875,103.94921875,307.0
2025-06-26 07:26:00+00:00,103.94921875,103.94921875,103.94921875,103.94921875,21.0
2025-06-26 07:28:00+00:00,103.94921875,103.94921875,103.94921875,103.94921875,71.0
2025-06-26 07:29:00+00:00,103.94921875,103.94921875,103.94921875,103.94921875,78.0
2025-06-26 07:30:00+00:00,103.94921875,103.953125,103.94921875,103.953125,59.0
2025-06-26 07:31:00+00:00,103.953125,103.953125,103.953125,103.953125,166.0
2025-06-26 07:32:00+00:00,103.953125,103.953125,103.953125,103.953125,468.0
2025-06-26 07:33:00+00:00,103.953125,103.953125,103.953125,103.953125,1184.0
2025-06-26 07:34:00+00:00,103.953125,103.953125,103.953125,103.953125,23.0
2025-06-26 07:36:00+00:00,103.94921875,103.94921875,103.94921875,103.94921875,327.0
2025-06-26 07:37:00+00:00,103.9453125,103.9453125,103.9453125,103.9453125,27.0
2025-06-26 07:38:00+00:00,103.9453125,103.94921875,103.9453125,103.9453125,377.0
2025-06-26 07:39:00+00:00,103.94921875,103.94921875,103.94921875,103.94921875,3.0
2025-06-26 07:40:00+00:00,103.9453125,103.94921875,103.9453125,103.94921875,51.0
2025-06-26 07:41:00+00:00,103.9453125,103.9453125,103.9453125,103.9453125,5.0
2025-06-26 07:42:00+00:00,103.9453125,103.9453125,103.9453125,103.9453125,6.0
2025-06-26 07:43:00+00:00,103.9453125,103.9453125,103.9453125,103.9453125,422.0
2025-06-26 07:45:00+00:00,103.9453125,103.9453125,103.9453125,103.9453125,248.0
2025-06-26 07:47:00+00:00,103.9453125,103.9453125,103.9453125,103.9453125,815.0
2025-06-26 07:49:00+00:00,103.9453125,103.9453125,103.9453125,103.9453125,223.0
2025-06-26 07:50:00+00:00,103.9453125,103.9453125,103.9453125,103.9453125,24.0
2025-06-26 07:51:00+00:00,103.94140625,103.9453125,103.94140625,103.9453125,62.0
2025-06-26 07:56:00+00:00,103.9375,103.9375,103.9375,103.9375,871.0
2025-06-26 07:57:00+00:00,103.9375,103.9375,103.9375,103.9375,136.0
2025-06-26 07:58:00+00:00,103.93359375,103.93359375,103.93359375,103.93359375,179.0
2025-06-26 07:59:00+00:00,103.93359375,103.93359375,103.9296875,103.9296875,21.0
2025-06-26 08:00:00+00:00,103.9296875,103.9375,103.9296875,103.93359375,350.0
2025-06-26 08:01:00+00:00,103.93359375,103.93359375,103.9296875,103.9296875,297.0
2025-06-26 08:02:00+00:00,103.93359375,103.93359375,103.93359375,103.93359375,1681.0
2025-06-26 08:04:00+00:00,103.9375,103.9375,103.9375,103.9375,31.0
2025-06-26 08:05:00+00:00,103.9375,103.9375,103.9375,103.9375,313.0
2025-06-26 08:06:00+00:00,103.94140625,103.9453125,103.94140625,103.94140625,696.0
2025-06-26 08:07:00+00:00,103.94140625,103.94140625,103.94140625,103.94140625,15.0
2025-06-26 08:08:00+00:00,103.94140625,103.94140625,103.94140625,103.94140625,262.0
2025-06-26 08:09:00+00:00,103.9453125,103.9453125,103.94140625,103.94140625,180.0
2025-06-26 08:10:00+00:00,103.9453125,103.9453125,103.9453125,103.9453125,67.0
2025-06-26 08:14:00+00:00,103.94140625,103.9453125,103.94140625,103.9453125,591.0
2025-06-26 08:15:00+00:00,103.9375,103.9375,103.9375,103.9375,6.0
2025-06-26 08:16:00+00:00,103.94140625,103.9453125,103.94140625,103.94140625,194.0
2025-06-26 08:17:00+00:00,103.94140625,103.94140625,103.94140625,103.94140625,716.0
2025-06-26 08:18:00+00:00,103.9375,103.94140625,103.9375,103.94140625,563.0
2025-06-26 08:19:00+00:00,103.94140625,103.94140625,103.94140625,103.94140625,458.0
2025-06-26 08:22:00+00:00,103.9375,103.94140625,103.9375,103.94140625,350.0
2025-06-26 08:23:00+00:00,103.9375,103.94140625,103.9375,103.94140625,19.0
2025-06-26 08:24:00+00:00,103.9375,103.9375,103.9375,103.9375,42.0
2025-06-26 08:25:00+00:00,103.9375,103.9375,103.9375,103.9375,597.0
2025-06-26 08:26:00+00:00,103.9375,103.9375,103.93359375,103.93359375,1955.0
2025-06-26 08:27:00+00:00,103.94140625,103.94140625,103.9375,103.9375,102.0
2025-06-26 08:28:00+00:00,103.94140625,103.94140625,103.94140625,103.94140625,104.0
2025-06-26 08:30:00+00:00,103.94140625,103.9453125,103.94140625,103.94140625,443.0
2025-06-26 08:31:00+00:00,103.94140625,103.9453125,103.94140625,103.9453125,485.0
2025-06-26 08:34:00+00:00,103.9375,103.9375,103.9375,103.9375,254.0
2025-06-26 08:35:00+00:00,103.93359375,103.93359375,103.93359375,103.93359375,220.0
2025-06-26 08:36:00+00:00,103.9375,103.9375,103.93359375,103.9375,167.0
2025-06-26 08:37:00+00:00,103.93359375,103.93359375,103.93359375,103.93359375,111.0
2025-06-26 08:38:00+00:00,103.93359375,103.9375,103.93359375,103.93359375,88.0
2025-06-26 08:39:00+00:00,103.93359375,103.9375,103.93359375,103.9375,85.0
2025-06-26 08:40:00+00:00,103.93359375,103.93359375,103.93359375,103.93359375,65.0
2025-06-26 08:41:00+00:00,103.93359375,103.93359375,103.93359375,103.93359375,1452.0
2025-06-26 08:42:00+00:00,103.93359375,103.93359375,103.93359375,103.93359375,441.0
2025-06-26 08:43:00+00:00,103.9375,103.9375,103.93359375,103.93359375,268.0
2025-06-26 08:45:00+00:00,103.9296875,103.93359375,103.9296875,103.93359375,242.0
2025-06-26 08:46:00+00:00,103.9296875,103.9296875,103.9296875,103.9296875,297.0
2025-06-26 08:47:00+00:00,103.9296875,103.9296875,103.9296875,103.9296875,1017.0
2025-06-26 08:48:00+00:00,103.9296875,103.9296875,103.9296875,103.9296875,27.0
2025-06-26 08:49:00+00:00,103.9296875,103.9296875,103.9296875,103.9296875,74.0
2025-06-26 08:50:00+00:00,103.9296875,103.9296875,103.9296875,103.9296875,378.0
2025-06-26 08:52:00+00:00,103.92578125,103.9296875,103.92578125,103.9296875,83.0
2025-06-26 08:53:00+00:00,103.9296875,103.9296875,103.9296875,103.9296875,96.0
2025-06-26 08:56:00+00:00,103.93359375,103.93359375,103.93359375,103.93359375,877.0
2025-06-26 08:57:00+00:00,103.93359375,103.93359375,103.9296875,103.93359375,199.0
2025-06-26 09:00:00+00:00,103.9296875,103.9296875,103.9296875,103.9296875,68.0
2025-06-26 09:01:00+00:00,103.9296875,103.9296875,103.9296875,103.9296875,36.0
2025-06-26 09:02:00+00:00,103.9296875,103.9296875,103.9296875,103.9296875,101.0
2025-06-26 09:03:00+00:00,103.92578125,103.9296875,103.921875,103.9296875,4304.0
2025-06-26 09:04:00+00:00,103.92578125,103.9296875,103.92578125,103.92578125,274.0
2025-06-26 09:05:00+00:00,103.9296875,103.9296875,103.9296875,103.9296875,4.0
2025-06-26 09:06:00+00:00,103.92578125,103.9296875,103.92578125,103.9296875,26.0
2025-06-26 09:07:00+00:00,103.9296875,103.9296875,103.92578125,103.92578125,8.0
2025-06-26 09:08:00+00:00,103.9296875,103.9296875,103.92578125,103.92578125,131.0
2025-06-26 09:09:00+00:00,103.92578125,103.92578125,103.92578125,103.92578125,1.0
2025-06-26 09:10:00+00:00,103.92578125,103.92578125,103.92578125,103.92578125,75.0
2025-06-26 09:11:00+00:00,103.9296875,103.9296875,103.92578125,103.92578125,24.0
2025-06-26 09:14:00+00:00,103.9296875,103.9296875,103.9296875,103.9296875,23.0
2025-06-26 09:16:00+00:00,103.9296875,103.93359375,103.9296875,103.9296875,1166.0
2025-06-26 09:17:00+00:00,103.9296875,103.9296875,103.9296875,103.9296875,129.0
2025-06-26 09:18:00+00:00,103.9296875,103.9296875,103.9296875,103.9296875,355.0
2025-06-26 09:19:00+00:00,103.93359375,103.93359375,103.93359375,103.93359375,22.0
2025-06-26 09:22:00+00:00,103.93359375,103.93359375,103.93359375,103.93359375,35.0
2025-06-26 09:24:00+00:00,103.93359375,103.93359375,103.93359375,103.93359375,165.0
2025-06-26 09:25:00+00:00,103.9296875,103.93359375,103.9296875,103.93359375,52.0
2025-06-26 09:26:00+00:00,103.9296875,103.9296875,103.9296875,103.9296875,94.0
2025-06-26 09:27:00+00:00,103.9296875,103.9296875,103.92578125,103.9296875,300.0
2025-06-26 09:30:00+00:00,103.93359375,103.93359375,103.9296875,103.9296875,125.0
2025-06-26 09:33:00+00:00,103.93359375,103.9375,103.93359375,103.93359375,518.0
2025-06-26 09:35:00+00:00,103.9375,103.9375,103.9375,103.9375,369.0
2025-06-26 09:36:00+00:00,103.93359375,103.9375,103.93359375,103.9375,27.0
2025-06-26 09:38:00+00:00,103.9375,103.9375,103.9375,103.9375,25.0
2025-06-26 09:39:00+00:00,103.93359375,103.93359375,103.93359375,103.93359375,14.0
2025-06-26 09:40:00+00:00,103.93359375,103.93359375,103.93359375,103.93359375,217.0
2025-06-26 09:41:00+00:00,103.9375,103.9375,103.93359375,103.93359375,273.0
2025-06-26 09:44:00+00:00,103.93359375,103.9375,103.93359375,103.9375,25.0
2025-06-26 09:45:00+00:00,103.93359375,103.9375,103.93359375,103.93359375,105.0
2025-06-26 09:49:00+00:00,103.93359375,103.9375,103.93359375,103.93359375,296.0
2025-06-26 09:52:00+00:00,103.93359375,103.9375,103.93359375,103.9375,26.0
2025-06-26 09:53:00+00:00,103.9453125,103.9453125,103.9375,103.9375,836.0
2025-06-26 09:54:00+00:00,103.94140625,103.94140625,103.94140625,103.94140625,1318.0
2025-06-26 09:55:00+00:00,103.9453125,103.9453125,103.94140625,103.9453125,673.0
2025-06-26 09:57:00+00:00,103.953125,103.953125,103.94921875,103.94921875,325.0
2025-06-26 09:58:00+00:00,103.94921875,103.953125,103.94921875,103.953125,48.0
2025-06-26 09:59:00+00:00,103.953125,103.953125,103.94921875,103.953125,49.0
2025-06-26 10:00:00+00:00,103.953125,103.953125,103.94921875,103.953125,290.0
2025-06-26 10:01:00+00:00,103.953125,103.95703125,103.953125,103.953125,707.0
2025-06-26 10:02:00+00:00,103.95703125,103.95703125,103.953125,103.953125,78.0
2025-06-26 10:03:00+00:00,103.95703125,103.95703125,103.95703125,103.95703125,90.0
2025-06-26 10:04:00+00:00,103.9609375,103.9609375,103.9609375,103.9609375,28.0
2025-06-26 10:05:00+00:00,103.95703125,103.95703125,103.95703125,103.95703125,287.0
2025-06-26 10:06:00+00:00,103.95703125,103.95703125,103.95703125,103.95703125,306.0
2025-06-26 10:07:00+00:00,103.95703125,103.95703125,103.95703125,103.95703125,421.0
2025-06-26 10:08:00+00:00,103.9609375,103.9609375,103.95703125,103.95703125,631.0
2025-06-26 10:09:00+00:00,103.9609375,103.9609375,103.95703125,103.95703125,1891.0
2025-06-26 10:10:00+00:00,103.95703125,103.9609375,103.95703125,103.9609375,125.0
2025-06-26 10:11:00+00:00,103.95703125,103.9609375,103.95703125,103.95703125,35.0
2025-06-26 10:12:00+00:00,103.95703125,103.9609375,103.95703125,103.95703125,599.0
2025-06-26 10:13:00+00:00,103.95703125,103.95703125,103.95700073242188,103.95703125,96.0
2025-06-26 10:14:00+00:00,103.95703125,103.95703125,103.95703125,103.95703125,640.0
2025-06-26 10:15:00+00:00,103.95703125,103.95703125,103.95703125,103.95703125,330.0
2025-06-26 10:16:00+00:00,103.95703125,103.9609375,103.95703125,103.95703125,0.0
