Datetime,Close,High,Low,Open,Volume
2025-06-13 04:30:00+00:00,103.73828125,103.7421875,103.734375,103.7421875,0.0
2025-06-13 04:31:00+00:00,103.73828125,103.73828125,103.73828125,103.73828125,45.0
2025-06-13 04:32:00+00:00,103.73828125,103.7421875,103.73828125,103.73828125,29.0
2025-06-13 04:33:00+00:00,103.73828125,103.7421875,103.73828125,103.7421875,36.0
2025-06-13 04:34:00+00:00,103.73828125,103.73828125,103.73828125,103.73828125,6.0
2025-06-13 04:35:00+00:00,103.73828125,103.73828125,103.73828125,103.73828125,1289.0
2025-06-13 04:36:00+00:00,103.73828125,103.73828125,103.73828125,103.73828125,63.0
2025-06-13 04:38:00+00:00,103.73828125,103.73828125,103.73828125,103.73828125,58.0
2025-06-13 04:39:00+00:00,103.73828125,103.7421875,103.73828125,103.73828125,69.0
2025-06-13 04:40:00+00:00,103.73828125,103.73828125,103.73828125,103.73828125,23.0
2025-06-13 04:41:00+00:00,103.73828125,103.73828125,103.734375,103.73828125,20.0
2025-06-13 04:42:00+00:00,103.73828125,103.73828125,103.734375,103.73828125,277.0
2025-06-13 04:43:00+00:00,103.73828125,103.7421875,103.73828125,103.73828125,646.0
2025-06-13 04:44:00+00:00,103.73828125,103.73828125,103.73828125,103.73828125,69.0
2025-06-13 04:45:00+00:00,103.73828125,103.73828125,103.734375,103.73828125,32.0
2025-06-13 04:46:00+00:00,103.7421875,103.7421875,103.73828125,103.73828125,70.0
2025-06-13 04:47:00+00:00,103.73828125,103.73828125,103.73828125,103.73828125,61.0
2025-06-13 04:48:00+00:00,103.7421875,103.7421875,103.73828125,103.73828125,3.0
2025-06-13 04:49:00+00:00,103.7421875,103.7421875,103.7421875,103.7421875,1.0
2025-06-13 04:50:00+00:00,103.7421875,103.7421875,103.73828125,103.7421875,6.0
2025-06-13 04:51:00+00:00,103.7421875,103.7421875,103.7421875,103.7421875,93.0
2025-06-13 04:52:00+00:00,103.7421875,103.7421875,103.7421875,103.7421875,357.0
2025-06-13 04:53:00+00:00,103.74609375,103.74609375,103.74609375,103.74609375,1.0
2025-06-13 04:54:00+00:00,103.74609375,103.74609375,103.74609375,103.74609375,7.0
2025-06-13 04:55:00+00:00,103.74609375,103.74609375,103.74609375,103.74609375,9.0
2025-06-13 04:56:00+00:00,103.74609375,103.74609375,103.7421875,103.74609375,24.0
2025-06-13 04:57:00+00:00,103.74609375,103.74609375,103.74609375,103.74609375,5.0
2025-06-13 04:58:00+00:00,103.74609375,103.74609375,103.74609375,103.74609375,254.0
2025-06-13 04:59:00+00:00,103.74609375,103.75,103.74609375,103.74609375,134.0
2025-06-13 05:00:00+00:00,103.75,103.75,103.75,103.75,309.0
2025-06-13 05:01:00+00:00,103.75,103.75390625,103.75,103.75390625,194.0
2025-06-13 05:02:00+00:00,103.75390625,103.75390625,103.75,103.75,44.0
2025-06-13 05:03:00+00:00,103.75390625,103.75390625,103.75390625,103.75390625,12.0
2025-06-13 05:04:00+00:00,103.75390625,103.75390625,103.75390625,103.75390625,1.0
2025-06-13 05:06:00+00:00,103.75390625,103.75390625,103.75,103.75,171.0
2025-06-13 05:08:00+00:00,103.75390625,103.75390625,103.75390625,103.75390625,80.0
2025-06-13 05:09:00+00:00,103.75390625,103.7578125,103.75390625,103.7578125,273.0
2025-06-13 05:10:00+00:00,103.75390625,103.75390625,103.75390625,103.75390625,19.0
2025-06-13 05:11:00+00:00,103.75390625,103.75390625,103.75390625,103.75390625,3.0
2025-06-13 05:12:00+00:00,103.75390625,103.75390625,103.75390625,103.75390625,58.0
2025-06-13 05:13:00+00:00,103.75390625,103.75390625,103.75390625,103.75390625,8.0
2025-06-13 05:15:00+00:00,103.75390625,103.75390625,103.75390625,103.75390625,364.0
2025-06-13 05:17:00+00:00,103.7578125,103.7578125,103.7578125,103.7578125,132.0
2025-06-13 05:18:00+00:00,103.7578125,103.7578125,103.7578125,103.7578125,44.0
2025-06-13 05:19:00+00:00,103.765625,103.765625,103.76171875,103.76171875,231.0
2025-06-13 05:20:00+00:00,103.76171875,103.765625,103.76171875,103.76171875,347.0
2025-06-13 05:21:00+00:00,103.76171875,103.76171875,103.76171875,103.76171875,40.0
2025-06-13 05:23:00+00:00,103.76171875,103.76171875,103.76171875,103.76171875,664.0
2025-06-13 05:25:00+00:00,103.7578125,103.7578125,103.7578125,103.7578125,32.0
2025-06-13 05:26:00+00:00,103.7578125,103.7578125,103.7578125,103.7578125,219.0
2025-06-13 05:27:00+00:00,103.7578125,103.7578125,103.7578125,103.7578125,25.0
2025-06-13 05:29:00+00:00,103.7578125,103.7578125,103.75390625,103.7578125,181.0
2025-06-13 05:30:00+00:00,103.76171875,103.76171875,103.76171875,103.76171875,840.0
2025-06-13 05:31:00+00:00,103.76171875,103.76171875,103.7578125,103.76171875,484.0
2025-06-13 05:32:00+00:00,103.7578125,103.76171875,103.7578125,103.76171875,26.0
2025-06-13 05:33:00+00:00,103.7578125,103.7578125,103.7578125,103.7578125,63.0
2025-06-13 05:34:00+00:00,103.7578125,103.7578125,103.7578125,103.7578125,115.0
2025-06-13 05:36:00+00:00,103.7578125,103.7578125,103.7578125,103.7578125,1.0
2025-06-13 05:37:00+00:00,103.75390625,103.75390625,103.75390625,103.75390625,93.0
2025-06-13 05:38:00+00:00,103.75,103.75,103.75,103.75,19.0
2025-06-13 05:39:00+00:00,103.75,103.75390625,103.75,103.75390625,460.0
2025-06-13 05:40:00+00:00,103.75390625,103.75390625,103.75,103.75,614.0
2025-06-13 05:42:00+00:00,103.75,103.75,103.75,103.75,958.0
2025-06-13 05:43:00+00:00,103.75390625,103.75390625,103.75,103.75,135.0
2025-06-13 05:44:00+00:00,103.75390625,103.75390625,103.75390625,103.75390625,15.0
2025-06-13 05:46:00+00:00,103.75390625,103.75390625,103.75390625,103.75390625,14.0
2025-06-13 05:47:00+00:00,103.75390625,103.75390625,103.75390625,103.75390625,17.0
2025-06-13 05:48:00+00:00,103.75390625,103.75390625,103.75,103.75390625,14.0
2025-06-13 05:49:00+00:00,103.75,103.75390625,103.75,103.75390625,466.0
2025-06-13 05:50:00+00:00,103.7578125,103.7578125,103.75,103.75,133.0
2025-06-13 05:51:00+00:00,103.7578125,103.7578125,103.7578125,103.7578125,13.0
2025-06-13 05:52:00+00:00,103.76171875,103.76171875,103.7578125,103.7578125,200.0
2025-06-13 05:53:00+00:00,103.76171875,103.76171875,103.76171875,103.76171875,12.0
2025-06-13 05:54:00+00:00,103.76171875,103.76171875,103.76171875,103.76171875,58.0
2025-06-13 05:56:00+00:00,103.76171875,103.76171875,103.76171875,103.76171875,192.0
2025-06-13 05:57:00+00:00,103.76171875,103.76171875,103.76171875,103.76171875,87.0
2025-06-13 05:58:00+00:00,103.76171875,103.765625,103.76171875,103.76171875,81.0
2025-06-13 05:59:00+00:00,103.76171875,103.76171875,103.76171875,103.76171875,112.0
2025-06-13 06:00:00+00:00,103.76171875,103.76171875,103.7578125,103.76171875,258.0
2025-06-13 06:01:00+00:00,103.7578125,103.7578125,103.75390625,103.7578125,281.0
2025-06-13 06:02:00+00:00,103.7578125,103.7578125,103.7578125,103.7578125,98.0
2025-06-13 06:03:00+00:00,103.7578125,103.7578125,103.7578125,103.7578125,167.0
2025-06-13 06:04:00+00:00,103.7578125,103.7578125,103.7578125,103.7578125,11.0
2025-06-13 06:05:00+00:00,103.7578125,103.7578125,103.7578125,103.7578125,19.0
2025-06-13 06:07:00+00:00,103.7578125,103.7578125,103.7578125,103.7578125,275.0
2025-06-13 06:08:00+00:00,103.7578125,103.7578125,103.7578125,103.7578125,31.0
2025-06-13 06:09:00+00:00,103.7578125,103.7578125,103.7578125,103.7578125,45.0
2025-06-13 06:12:00+00:00,103.7578125,103.7578125,103.75390625,103.7578125,91.0
2025-06-13 06:13:00+00:00,103.7578125,103.7578125,103.7578125,103.7578125,4.0
2025-06-13 06:15:00+00:00,103.7578125,103.7578125,103.7578125,103.7578125,250.0
2025-06-13 06:16:00+00:00,103.7578125,103.7578125,103.7578125,103.7578125,106.0
2025-06-13 06:17:00+00:00,103.7578125,103.7578125,103.7578125,103.7578125,74.0
2025-06-13 06:18:00+00:00,103.7578125,103.7578125,103.7578125,103.7578125,39.0
2025-06-13 06:19:00+00:00,103.7578125,103.7578125,103.7578125,103.7578125,145.0
2025-06-13 06:20:00+00:00,103.765625,103.765625,103.76171875,103.76171875,223.0
2025-06-13 06:21:00+00:00,103.76171875,103.76171875,103.76171875,103.76171875,2.0
2025-06-13 06:23:00+00:00,103.76953125,103.76953125,103.765625,103.765625,1112.0
2025-06-13 06:24:00+00:00,103.765625,103.76953125,103.765625,103.76953125,105.0
2025-06-13 06:25:00+00:00,103.765625,103.765625,103.765625,103.765625,156.0
2025-06-13 06:26:00+00:00,103.765625,103.765625,103.76171875,103.765625,212.0
2025-06-13 06:27:00+00:00,103.76953125,103.76953125,103.76953125,103.76953125,3.0
2025-06-13 06:28:00+00:00,103.765625,103.76953125,103.76171875,103.76953125,2935.0
2025-06-13 06:29:00+00:00,103.76953125,103.76953125,103.76953125,103.76953125,95.0
2025-06-13 06:30:00+00:00,103.76953125,103.76953125,103.76953125,103.76953125,139.0
2025-06-13 06:31:00+00:00,103.765625,103.76953125,103.765625,103.76953125,184.0
2025-06-13 06:32:00+00:00,103.765625,103.765625,103.765625,103.765625,162.0
2025-06-13 06:33:00+00:00,103.76953125,103.76953125,103.765625,103.765625,472.0
2025-06-13 06:34:00+00:00,103.76953125,103.76953125,103.76953125,103.76953125,288.0
2025-06-13 06:35:00+00:00,103.77734375,103.77734375,103.7734375,103.7734375,241.0
2025-06-13 06:36:00+00:00,103.78125,103.78125,103.78125,103.78125,104.0
2025-06-13 06:37:00+00:00,103.78125,103.78125,103.77734375,103.78125,3016.0
2025-06-13 06:38:00+00:00,103.78125,103.78125,103.78125,103.78125,19.0
2025-06-13 06:39:00+00:00,103.77734375,103.77734375,103.77734375,103.77734375,287.0
2025-06-13 06:40:00+00:00,103.77734375,103.77734375,103.77734375,103.77734375,1.0
2025-06-13 06:41:00+00:00,103.76953125,103.7734375,103.76953125,103.7734375,575.0
2025-06-13 06:42:00+00:00,103.765625,103.76953125,103.765625,103.765625,862.0
2025-06-13 06:43:00+00:00,103.765625,103.765625,103.765625,103.765625,165.0
2025-06-13 06:44:00+00:00,103.765625,103.76953125,103.765625,103.765625,282.0
2025-06-13 06:46:00+00:00,103.765625,103.765625,103.765625,103.765625,105.0
2025-06-13 06:47:00+00:00,103.7578125,103.765625,103.75390625,103.765625,495.0
2025-06-13 06:48:00+00:00,103.75,103.7578125,103.75,103.7578125,1540.0
2025-06-13 06:50:00+00:00,103.74609375,103.75,103.74609375,103.75,1534.0
2025-06-13 06:51:00+00:00,103.74609375,103.74609375,103.74609375,103.74609375,140.0
2025-06-13 06:52:00+00:00,103.75,103.75,103.74609375,103.74609375,323.0
2025-06-13 06:53:00+00:00,103.75,103.75,103.75,103.75,79.0
2025-06-13 06:54:00+00:00,103.75,103.75,103.75,103.75,362.0
2025-06-13 06:55:00+00:00,103.75390625,103.75390625,103.75,103.75,396.0
2025-06-13 06:56:00+00:00,103.75390625,103.75390625,103.75,103.75,142.0
2025-06-13 06:57:00+00:00,103.75,103.75390625,103.75,103.75390625,123.0
2025-06-13 06:58:00+00:00,103.7421875,103.75,103.7421875,103.75,578.0
2025-06-13 06:59:00+00:00,103.75,103.75,103.74609375,103.74609375,394.0
2025-06-13 07:00:00+00:00,103.75,103.75,103.75,103.75,1394.0
2025-06-13 07:01:00+00:00,103.75,103.75390625,103.75,103.75390625,141.0
2025-06-13 07:02:00+00:00,103.75,103.75390625,103.75,103.75390625,232.0
2025-06-13 07:03:00+00:00,103.75,103.75,103.75,103.75,10.0
2025-06-13 07:04:00+00:00,103.75390625,103.75390625,103.75,103.75390625,399.0
2025-06-13 07:05:00+00:00,103.7578125,103.7578125,103.75390625,103.75390625,89.0
2025-06-13 07:06:00+00:00,103.75390625,103.75390625,103.75390625,103.75390625,556.0
2025-06-13 07:07:00+00:00,103.75,103.75,103.75,103.75,428.0
2025-06-13 07:08:00+00:00,103.74609375,103.75,103.74609375,103.75,732.0
2025-06-13 07:09:00+00:00,103.74609375,103.74609375,103.74609375,103.74609375,100.0
2025-06-13 07:10:00+00:00,103.7421875,103.74609375,103.73828125,103.7421875,501.0
2025-06-13 07:11:00+00:00,103.7421875,103.74609375,103.7421875,103.7421875,2234.0
2025-06-13 07:12:00+00:00,103.734375,103.7421875,103.734375,103.7421875,792.0
2025-06-13 07:13:00+00:00,103.73828125,103.73828125,103.73828125,103.73828125,657.0
2025-06-13 07:14:00+00:00,103.73828125,103.73828125,103.73828125,103.73828125,1757.0
2025-06-13 07:15:00+00:00,103.73828125,103.73828125,103.734375,103.734375,194.0
2025-06-13 07:16:00+00:00,103.73828125,103.73828125,103.734375,103.73828125,774.0
2025-06-13 07:17:00+00:00,103.7421875,103.7421875,103.734375,103.73828125,525.0
2025-06-13 07:18:00+00:00,103.7421875,103.7421875,103.7421875,103.7421875,193.0
2025-06-13 07:19:00+00:00,103.73828125,103.73828125,103.73828125,103.73828125,384.0
2025-06-13 07:21:00+00:00,103.73828125,103.73828125,103.73828125,103.73828125,156.0
2025-06-13 07:22:00+00:00,103.7421875,103.7421875,103.73828125,103.73828125,147.0
2025-06-13 07:23:00+00:00,103.74609375,103.74609375,103.7421875,103.7421875,944.0
2025-06-13 07:24:00+00:00,103.7421875,103.7421875,103.7421875,103.7421875,724.0
2025-06-13 07:25:00+00:00,103.7421875,103.7421875,103.7421875,103.7421875,54.0
2025-06-13 07:26:00+00:00,103.74609375,103.74609375,103.74609375,103.74609375,132.0
2025-06-13 07:27:00+00:00,103.74609375,103.74609375,103.74609375,103.74609375,1082.0
2025-06-13 07:28:00+00:00,103.74609375,103.74609375,103.74609375,103.74609375,204.0
2025-06-13 07:29:00+00:00,103.74609375,103.74609375,103.7421875,103.74609375,292.0
2025-06-13 07:30:00+00:00,103.74609375,103.74609375,103.74609375,103.74609375,142.0
2025-06-13 07:31:00+00:00,103.74609375,103.74609375,103.74609375,103.74609375,243.0
2025-06-13 07:32:00+00:00,103.74609375,103.74609375,103.74609375,103.74609375,301.0
2025-06-13 07:33:00+00:00,103.73828125,103.7421875,103.73828125,103.7421875,1102.0
2025-06-13 07:34:00+00:00,103.73828125,103.73828125,103.73828125,103.73828125,277.0
2025-06-13 07:35:00+00:00,103.73828125,103.73828125,103.73828125,103.73828125,8.0
2025-06-13 07:36:00+00:00,103.73828125,103.73828125,103.734375,103.73828125,1085.0
2025-06-13 07:37:00+00:00,103.73828125,103.73828125,103.73828125,103.73828125,241.0
2025-06-13 07:38:00+00:00,103.734375,103.73828125,103.734375,103.73828125,692.0
2025-06-13 07:39:00+00:00,103.73046875,103.734375,103.73046875,103.734375,987.0
2025-06-13 07:40:00+00:00,103.73046875,103.73046875,103.7265625,103.7265625,279.0
2025-06-13 07:41:00+00:00,103.73046875,103.73046875,103.73046875,103.73046875,41.0
2025-06-13 07:42:00+00:00,103.7265625,103.73046875,103.7265625,103.73046875,930.0
2025-06-13 07:43:00+00:00,103.7265625,103.7265625,103.7265625,103.7265625,101.0
2025-06-13 07:44:00+00:00,103.7265625,103.7265625,103.72265625,103.72265625,783.0
2025-06-13 07:45:00+00:00,103.7265625,103.7265625,103.7265625,103.7265625,1103.0
2025-06-13 07:46:00+00:00,103.7265625,103.7265625,103.7265625,103.7265625,216.0
2025-06-13 07:47:00+00:00,103.7265625,103.7265625,103.7265625,103.7265625,1238.0
2025-06-13 07:48:00+00:00,103.72265625,103.72265625,103.72265625,103.72265625,482.0
2025-06-13 07:49:00+00:00,103.71875,103.72265625,103.71875,103.72265625,1429.0
2025-06-13 07:50:00+00:00,103.72265625,103.72265625,103.72265625,103.72265625,30.0
2025-06-13 07:51:00+00:00,103.71875,103.72265625,103.71875,103.72265625,7.0
2025-06-13 07:52:00+00:00,103.72265625,103.72265625,103.72265625,103.72265625,1487.0
2025-06-13 07:53:00+00:00,103.72265625,103.72265625,103.72265625,103.72265625,473.0
2025-06-13 07:54:00+00:00,103.71875,103.72265625,103.71875,103.72265625,501.0
2025-06-13 07:55:00+00:00,103.72265625,103.72265625,103.72265625,103.72265625,67.0
2025-06-13 07:56:00+00:00,103.72265625,103.72265625,103.72265625,103.72265625,80.0
2025-06-13 07:57:00+00:00,103.7265625,103.7265625,103.72265625,103.72265625,871.0
2025-06-13 07:58:00+00:00,103.7265625,103.7265625,103.7265625,103.7265625,2.0
2025-06-13 07:59:00+00:00,103.7265625,103.7265625,103.7265625,103.7265625,125.0
2025-06-13 08:00:00+00:00,103.7265625,103.73046875,103.7265625,103.73046875,127.0
2025-06-13 08:01:00+00:00,103.72265625,103.72265625,103.72265625,103.72265625,195.0
2025-06-13 08:02:00+00:00,103.71875,103.71875,103.71875,103.71875,1.0
2025-06-13 08:03:00+00:00,103.72265625,103.72265625,103.72265625,103.72265625,292.0
2025-06-13 08:04:00+00:00,103.7265625,103.7265625,103.7265625,103.7265625,179.0
2025-06-13 08:05:00+00:00,103.7265625,103.7265625,103.7265625,103.7265625,212.0
2025-06-13 08:06:00+00:00,103.72265625,103.72265625,103.72265625,103.72265625,533.0
2025-06-13 08:08:00+00:00,103.7265625,103.7265625,103.72265625,103.72265625,286.0
2025-06-13 08:09:00+00:00,103.7265625,103.7265625,103.72265625,103.7265625,3.0
2025-06-13 08:10:00+00:00,103.72265625,103.7265625,103.72265625,103.72265625,494.0
2025-06-13 08:11:00+00:00,103.71875,103.72265625,103.71875,103.72265625,44.0
2025-06-13 08:13:00+00:00,103.71875,103.71875,103.71484375,103.71875,420.0
2025-06-13 08:14:00+00:00,103.71875,103.71875,103.71875,103.71875,87.0
2025-06-13 08:15:00+00:00,103.72265625,103.72265625,103.71875,103.71875,125.0
2025-06-13 08:17:00+00:00,103.72265625,103.72265625,103.72265625,103.72265625,44.0
2025-06-13 08:18:00+00:00,103.72265625,103.72265625,103.72265625,103.72265625,99.0
2025-06-13 08:19:00+00:00,103.71875,103.71875,103.71875,103.71875,64.0
2025-06-13 08:20:00+00:00,103.71484375,103.71484375,103.71484375,103.71484375,200.0
2025-06-13 08:21:00+00:00,103.71875,103.71875,103.71484375,103.71484375,581.0
2025-06-13 08:22:00+00:00,103.72265625,103.72265625,103.72265625,103.72265625,685.0
2025-06-13 08:23:00+00:00,103.72265625,103.72265625,103.72265625,103.72265625,21.0
2025-06-13 08:24:00+00:00,103.7265625,103.7265625,103.7265625,103.7265625,349.0
2025-06-13 08:25:00+00:00,103.7265625,103.7265625,103.7265625,103.7265625,7.0
2025-06-13 08:26:00+00:00,103.73046875,103.73046875,103.7265625,103.7265625,2714.0
2025-06-13 08:27:00+00:00,103.73046875,103.73046875,103.73046875,103.73046875,16.0
2025-06-13 08:28:00+00:00,103.73046875,103.73046875,103.73046875,103.73046875,220.0
2025-06-13 08:29:00+00:00,103.734375,103.734375,103.734375,103.734375,329.0
2025-06-13 08:30:00+00:00,103.734375,103.734375,103.734375,103.734375,264.0
2025-06-13 08:31:00+00:00,103.734375,103.734375,103.734375,103.734375,68.0
2025-06-13 08:34:00+00:00,103.73046875,103.73046875,103.73046875,103.73046875,73.0
2025-06-13 08:35:00+00:00,103.73046875,103.73046875,103.73046875,103.73046875,375.0
2025-06-13 08:37:00+00:00,103.7265625,103.7265625,103.7265625,103.7265625,550.0
2025-06-13 08:38:00+00:00,103.73046875,103.73046875,103.7265625,103.7265625,121.0
2025-06-13 08:39:00+00:00,103.73046875,103.73046875,103.73046875,103.73046875,229.0
2025-06-13 08:40:00+00:00,103.73046875,103.73046875,103.73046875,103.73046875,75.0
2025-06-13 08:41:00+00:00,103.73046875,103.73046875,103.73046875,103.73046875,69.0
2025-06-13 08:42:00+00:00,103.734375,103.734375,103.73046875,103.734375,609.0
2025-06-13 08:43:00+00:00,103.734375,103.734375,103.734375,103.734375,313.0
2025-06-13 08:44:00+00:00,103.734375,103.734375,103.734375,103.734375,163.0
2025-06-13 08:45:00+00:00,103.73828125,103.73828125,103.73046875,103.734375,317.0
2025-06-13 08:46:00+00:00,103.73828125,103.73828125,103.73828125,103.73828125,365.0
2025-06-13 08:47:00+00:00,103.73828125,103.73828125,103.73828125,103.73828125,269.0
2025-06-13 08:48:00+00:00,103.73828125,103.73828125,103.73828125,103.73828125,38.0
2025-06-13 08:51:00+00:00,103.73828125,103.73828125,103.734375,103.73828125,917.0
2025-06-13 08:53:00+00:00,103.7421875,103.7421875,103.7421875,103.7421875,242.0
2025-06-13 08:54:00+00:00,103.7421875,103.7421875,103.7421875,103.7421875,342.0
2025-06-13 08:55:00+00:00,103.7421875,103.7421875,103.7421875,103.7421875,295.0
2025-06-13 08:56:00+00:00,103.73828125,103.73828125,103.73828125,103.73828125,17.0
2025-06-13 08:57:00+00:00,103.734375,103.734375,103.734375,103.734375,447.0
2025-06-13 08:58:00+00:00,103.73046875,103.734375,103.73046875,103.734375,86.0
2025-06-13 08:59:00+00:00,103.73828125,103.73828125,103.734375,103.734375,248.0
2025-06-13 09:01:00+00:00,103.7265625,103.734375,103.7265625,103.734375,962.0
2025-06-13 09:02:00+00:00,103.7265625,103.7265625,103.7265625,103.7265625,940.0
2025-06-13 09:03:00+00:00,103.71875,103.7265625,103.71484375,103.7265625,5132.0
2025-06-13 09:04:00+00:00,103.71875,103.71875,103.71875,103.71875,8.0
2025-06-13 09:05:00+00:00,103.71875,103.72265625,103.71875,103.71875,853.0
2025-06-13 09:06:00+00:00,103.71875,103.72265625,103.71875,103.71875,679.0
2025-06-13 09:07:00+00:00,103.72265625,103.72265625,103.72265625,103.72265625,38.0
2025-06-13 09:08:00+00:00,103.72265625,103.72265625,103.72265625,103.72265625,2.0
2025-06-13 09:09:00+00:00,103.71875,103.71875,103.71875,103.71875,39.0
2025-06-13 09:10:00+00:00,103.72265625,103.72265625,103.72265625,103.72265625,398.0
2025-06-13 09:11:00+00:00,103.71875,103.71875,103.71875,103.71875,360.0
2025-06-13 09:12:00+00:00,103.71875,103.71875,103.71875,103.71875,164.0
2025-06-13 09:13:00+00:00,103.72265625,103.72265625,103.71875,103.71875,632.0
2025-06-13 09:15:00+00:00,103.72265625,103.72265625,103.72265625,103.72265625,257.0
2025-06-13 09:17:00+00:00,103.72265625,103.72265625,103.72265625,103.72265625,166.0
2025-06-13 09:18:00+00:00,103.72265625,103.72265625,103.72265625,103.72265625,467.0
2025-06-13 09:19:00+00:00,103.7265625,103.73046875,103.72265625,103.72265625,1355.0
2025-06-13 09:20:00+00:00,103.7265625,103.7265625,103.7265625,103.7265625,58.0
2025-06-13 09:21:00+00:00,103.73046875,103.73046875,103.7265625,103.73046875,987.0
2025-06-13 09:22:00+00:00,103.7265625,103.7265625,103.7265625,103.7265625,458.0
2025-06-13 09:23:00+00:00,103.73046875,103.73046875,103.7265625,103.7265625,110.0
2025-06-13 09:24:00+00:00,103.73046875,103.73046875,103.73046875,103.73046875,275.0
2025-06-13 09:25:00+00:00,103.73046875,103.73046875,103.7265625,103.7265625,42.0
2025-06-13 09:27:00+00:00,103.73046875,103.73046875,103.73046875,103.73046875,457.0
2025-06-13 09:28:00+00:00,103.734375,103.734375,103.73046875,103.73046875,458.0
2025-06-13 09:29:00+00:00,103.73046875,103.734375,103.73046875,103.734375,739.0
2025-06-13 09:30:00+00:00,103.734375,103.734375,103.734375,103.734375,82.0
2025-06-13 09:31:00+00:00,103.734375,103.734375,103.73046875,103.73046875,516.0
2025-06-13 09:33:00+00:00,103.734375,103.734375,103.734375,103.734375,172.0
2025-06-13 09:34:00+00:00,103.734375,103.734375,103.734375,103.734375,71.0
2025-06-13 09:35:00+00:00,103.73046875,103.734375,103.73046875,103.734375,1233.0
2025-06-13 09:36:00+00:00,103.73046875,103.73046875,103.73046875,103.73046875,3.0
2025-06-13 09:37:00+00:00,103.73046875,103.734375,103.73046875,103.73046875,266.0
2025-06-13 09:38:00+00:00,103.73046875,103.73046875,103.73046875,103.73046875,1.0
2025-06-13 09:39:00+00:00,103.73046875,103.73046875,103.73046875,103.73046875,61.0
2025-06-13 09:40:00+00:00,103.73046875,103.73046875,103.73046875,103.73046875,18.0
2025-06-13 09:41:00+00:00,103.73046875,103.73046875,103.73046875,103.73046875,138.0
2025-06-13 09:42:00+00:00,103.73046875,103.73046875,103.7265625,103.7265625,262.0
2025-06-13 09:43:00+00:00,103.7265625,103.73046875,103.7265625,103.73046875,2.0
2025-06-13 09:44:00+00:00,103.7265625,103.7265625,103.72265625,103.7265625,76.0
2025-06-13 09:45:00+00:00,103.7265625,103.7265625,103.7265625,103.7265625,85.0
2025-06-13 09:47:00+00:00,103.72265625,103.7265625,103.72265625,103.72265625,18.0
2025-06-13 09:48:00+00:00,103.72265625,103.72265625,103.72265625,103.72265625,250.0
2025-06-13 09:49:00+00:00,103.72265625,103.72265625,103.72265625,103.72265625,236.0
2025-06-13 09:50:00+00:00,103.72265625,103.72265625,103.72265625,103.72265625,115.0
2025-06-13 09:51:00+00:00,103.72265625,103.72265625,103.72265625,103.72265625,489.0
2025-06-13 09:52:00+00:00,103.72265625,103.72265625,103.72265625,103.72265625,64.0
2025-06-13 09:53:00+00:00,103.72265625,103.72265625,103.72265625,103.72265625,102.0
2025-06-13 09:54:00+00:00,103.71875,103.71875,103.71484375,103.71875,1446.0
2025-06-13 09:55:00+00:00,103.71484375,103.71875,103.71484375,103.71875,168.0
2025-06-13 09:56:00+00:00,103.71484375,103.71484375,103.71484375,103.71484375,242.0
2025-06-13 09:57:00+00:00,103.71875,103.71875,103.71875,103.71875,2.0
2025-06-13 09:58:00+00:00,103.71875,103.71875,103.71875,103.71875,255.0
2025-06-13 09:59:00+00:00,103.71875,103.71875,103.71875,103.71875,142.0
2025-06-13 10:00:00+00:00,103.71875,103.72265625,103.71484375,103.71875,474.0
2025-06-13 10:01:00+00:00,103.72265625,103.72265625,103.72265625,103.72265625,349.0
2025-06-13 10:03:00+00:00,103.71875,103.71875,103.71875,103.71875,304.0
2025-06-13 10:04:00+00:00,103.71875,103.71875,103.71875,103.71875,863.0
2025-06-13 10:05:00+00:00,103.71875,103.71875,103.71875,103.71875,104.0
2025-06-13 10:06:00+00:00,103.71484375,103.71484375,103.71484375,103.71484375,2.0
2025-06-13 10:07:00+00:00,103.71484375,103.71484375,103.71484375,103.71484375,415.0
2025-06-13 10:08:00+00:00,103.71484375,103.71484375,103.71484375,103.71484375,40.0
2025-06-13 10:10:00+00:00,103.71484375,103.71875,103.71484375,103.71484375,517.0
2025-06-13 10:20:00+00:00,103.68359375,103.68399810791016,103.6796875,103.68399810791016,10920.0
2025-06-13 10:21:00+00:00,103.67578125,103.69140625,103.66796875,103.6875,3375.0
2025-06-13 10:22:00+00:00,103.67578125,103.6796875,103.671875,103.6796875,760.0
2025-06-13 10:23:00+00:00,103.67578125,103.6796875,103.671875,103.6796875,642.0
2025-06-13 10:24:00+00:00,103.67578125,103.67578125,103.67578125,103.67578125,336.0
2025-06-13 10:25:00+00:00,103.6796875,103.6796875,103.67578125,103.67578125,599.0
2025-06-13 10:26:00+00:00,103.67578125,103.6796875,103.67578125,103.6796875,131.0
2025-06-13 10:27:00+00:00,103.671875,103.67578125,103.671875,103.67578125,1159.0
2025-06-13 10:28:00+00:00,103.671875,103.671875,103.671875,103.671875,707.0
2025-06-13 10:29:00+00:00,103.67578125,103.67578125,103.671875,103.671875,535.0
2025-06-13 10:30:00+00:00,103.6796875,103.6796875,103.67578125,103.67578125,568.0
2025-06-13 10:31:00+00:00,103.66796875,103.6796875,103.66796875,103.6796875,668.0
2025-06-13 10:32:00+00:00,103.66796875,103.671875,103.66796875,103.671875,564.0
2025-06-13 10:33:00+00:00,103.6640625,103.66796875,103.6640625,103.66796875,669.0
2025-06-13 10:34:00+00:00,103.66015625,103.6640625,103.65625,103.6640625,1687.0
2025-06-13 10:35:00+00:00,103.65234375,103.66015625,103.65234375,103.66015625,1823.0
2025-06-13 10:36:00+00:00,103.65625,103.66015625,103.65234375,103.65234375,1533.0
2025-06-13 10:37:00+00:00,103.66015625,103.66015625,103.66015625,103.66015625,20.0
2025-06-13 10:38:00+00:00,103.65625,103.66015625,103.65625,103.66015625,51.0
2025-06-13 10:39:00+00:00,103.65625,103.65625,103.65625,103.65625,327.0
2025-06-13 10:40:00+00:00,103.65234375,103.65625,103.65234375,103.65625,136.0
2025-06-13 10:41:00+00:00,103.6640625,103.6640625,103.65234375,103.65625,765.0
2025-06-13 10:42:00+00:00,103.6640625,103.66796875,103.6640625,103.6640625,412.0
2025-06-13 10:43:00+00:00,103.671875,103.67578125,103.66796875,103.66796875,1261.0
2025-06-13 10:44:00+00:00,103.671875,103.671875,103.671875,103.671875,1.0
2025-06-13 10:45:00+00:00,103.671875,103.671875,103.66796875,103.66796875,102.0
2025-06-13 10:46:00+00:00,103.671875,103.671875,103.671875,103.671875,331.0
2025-06-13 10:47:00+00:00,103.671875,103.671875,103.671875,103.671875,48.0
2025-06-13 10:48:00+00:00,103.67578125,103.67578125,103.671875,103.671875,365.0
2025-06-13 10:49:00+00:00,103.6640625,103.67578125,103.6640625,103.67578125,1155.0
2025-06-13 10:50:00+00:00,103.65625,103.66015625,103.65625,103.66015625,157.0
2025-06-13 10:51:00+00:00,103.66015625,103.66015625,103.65625,103.66015625,517.0
2025-06-13 10:52:00+00:00,103.65625,103.66015625,103.65625,103.66015625,180.0
2025-06-13 10:53:00+00:00,103.66015625,103.66015625,103.65625,103.65625,508.0
2025-06-13 10:54:00+00:00,103.65625,103.66015625,103.65625,103.66015625,776.0
2025-06-13 10:55:00+00:00,103.65625,103.65625,103.65625,103.65625,258.0
2025-06-13 10:56:00+00:00,103.65625,103.65625,103.65625,103.65625,55.0
2025-06-13 10:57:00+00:00,103.6640625,103.6640625,103.65625,103.65625,1314.0
2025-06-13 10:58:00+00:00,103.66796875,103.66796875,103.6640625,103.6640625,103.0
2025-06-13 10:59:00+00:00,103.66796875,103.66796875,103.6640625,103.6640625,36.0
2025-06-13 11:00:00+00:00,103.6640625,103.66796875,103.6640625,103.66796875,667.0
2025-06-13 11:01:00+00:00,103.66015625,103.6640625,103.66015625,103.6640625,1756.0
2025-06-13 11:02:00+00:00,103.6640625,103.6640625,103.66015625,103.6640625,272.0
2025-06-13 11:03:00+00:00,103.66015625,103.66015625,103.65625,103.66015625,437.0
2025-06-13 11:05:00+00:00,103.65234375,103.65625,103.65234375,103.65625,356.0
2025-06-13 11:06:00+00:00,103.6484375,103.65234375,103.6484375,103.65234375,1177.0
2025-06-13 11:07:00+00:00,103.64453125,103.6484375,103.64453125,103.6484375,984.0
2025-06-13 11:08:00+00:00,103.6484375,103.65234375,103.64453125,103.64453125,742.0
2025-06-13 11:09:00+00:00,103.6484375,103.65234375,103.6484375,103.6484375,246.0
2025-06-13 11:10:00+00:00,103.65234375,103.65234375,103.65234375,103.65234375,454.0
2025-06-13 11:11:00+00:00,103.6640625,103.66796875,103.65625,103.65625,1071.0
2025-06-13 11:12:00+00:00,103.6640625,103.6640625,103.6640625,103.6640625,224.0
2025-06-13 11:13:00+00:00,103.6640625,103.66796875,103.6640625,103.66796875,172.0
2025-06-13 11:14:00+00:00,103.66796875,103.66796875,103.6640625,103.6640625,289.0
2025-06-13 11:15:00+00:00,103.67578125,103.67578125,103.66796875,103.66796875,421.0
2025-06-13 11:16:00+00:00,103.66796875,103.671875,103.66796875,103.671875,521.0
2025-06-13 11:17:00+00:00,103.671875,103.671875,103.671875,103.671875,198.0
2025-06-13 11:18:00+00:00,103.671875,103.671875,103.671875,103.671875,384.0
2025-06-13 11:19:00+00:00,103.671875,103.67578125,103.671875,103.671875,1092.0
2025-06-13 11:20:00+00:00,103.671875,103.671875,103.66796875,103.66796875,194.0
2025-06-13 11:21:00+00:00,103.67578125,103.67578125,103.671875,103.671875,291.0
2025-06-13 11:22:00+00:00,103.67578125,103.67578125,103.67578125,103.67578125,140.0
2025-06-13 11:23:00+00:00,103.6796875,103.6796875,103.67578125,103.67578125,1018.0
2025-06-13 11:24:00+00:00,103.6796875,103.68359375,103.6796875,103.68359375,1021.0
2025-06-13 11:25:00+00:00,103.68359375,103.6875,103.6796875,103.6796875,792.0
2025-06-13 11:26:00+00:00,103.6875,103.6875,103.68359375,103.68359375,159.0
2025-06-13 11:27:00+00:00,103.68359375,103.6875,103.68359375,103.6875,510.0
2025-06-13 11:28:00+00:00,103.6875,103.6875,103.68359375,103.68359375,339.0
2025-06-13 11:29:00+00:00,103.6875,103.6875,103.6875,103.6875,168.0
2025-06-13 11:30:00+00:00,103.6875,103.6875,103.6875,103.6875,483.0
2025-06-13 11:31:00+00:00,103.6953125,103.6953125,103.69140625,103.69140625,1080.0
2025-06-13 11:32:00+00:00,103.6953125,103.69921875,103.69140625,103.69140625,424.0
2025-06-13 11:33:00+00:00,103.68359375,103.6953125,103.68359375,103.6953125,312.0
2025-06-13 11:34:00+00:00,103.6875,103.6875,103.68359375,103.68359375,391.0
2025-06-13 11:35:00+00:00,103.6875,103.6875,103.6875,103.6875,985.0
2025-06-13 11:36:00+00:00,103.68359375,103.6875,103.68359375,103.6875,822.0
2025-06-13 11:37:00+00:00,103.6875,103.6875,103.6875,103.6875,5.0
2025-06-13 11:38:00+00:00,103.6875,103.6875,103.6875,103.6875,2.0
2025-06-13 11:39:00+00:00,103.68359375,103.68359375,103.68359375,103.68359375,305.0
2025-06-13 11:41:00+00:00,103.6875,103.6875,103.68359375,103.68359375,513.0
2025-06-13 11:42:00+00:00,103.6796875,103.6875,103.6796875,103.68359375,612.0
2025-06-13 11:43:00+00:00,103.6875,103.6875,103.68359375,103.68359375,63.0
2025-06-13 11:44:00+00:00,103.69140625,103.69140625,103.6875,103.6875,955.0
2025-06-13 11:45:00+00:00,103.69140625,103.69140625,103.69140625,103.69140625,211.0
2025-06-13 11:46:00+00:00,103.69140625,103.6953125,103.69140625,103.69140625,1691.0
2025-06-13 11:47:00+00:00,103.69140625,103.69140625,103.6875,103.69140625,299.0
2025-06-13 11:48:00+00:00,103.69921875,103.69921875,103.6953125,103.6953125,493.0
2025-06-13 11:49:00+00:00,103.69140625,103.6953125,103.68359375,103.6953125,2181.0
2025-06-13 11:50:00+00:00,103.69140625,103.6953125,103.69140625,103.69140625,629.0
2025-06-13 11:51:00+00:00,103.6953125,103.6953125,103.6875,103.69140625,1166.0
2025-06-13 11:52:00+00:00,103.6953125,103.6953125,103.6953125,103.6953125,126.0
2025-06-13 11:53:00+00:00,103.6953125,103.6953125,103.69140625,103.6953125,98.0
2025-06-13 11:54:00+00:00,103.69140625,103.69140625,103.69140625,103.69140625,22.0
2025-06-13 11:55:00+00:00,103.6953125,103.6953125,103.69140625,103.69140625,481.0
2025-06-13 11:57:00+00:00,103.6953125,103.69921875,103.69140625,103.6953125,1402.0
2025-06-13 11:58:00+00:00,103.6953125,103.69921875,103.6953125,103.6953125,64.0
2025-06-13 11:59:00+00:00,103.69921875,103.69921875,103.6953125,103.69921875,346.0
2025-06-13 12:00:00+00:00,103.70703125,103.70703125,103.69921875,103.69921875,764.0
2025-06-13 12:01:00+00:00,103.703125,103.70703125,103.703125,103.703125,267.0
2025-06-13 12:02:00+00:00,103.70703125,103.70703125,103.703125,103.703125,430.0
2025-06-13 12:03:00+00:00,103.703125,103.703125,103.703125,103.703125,32.0
2025-06-13 12:04:00+00:00,103.70703125,103.70703125,103.70703125,103.70703125,1056.0
2025-06-13 12:05:00+00:00,103.70703125,103.7109375,103.70703125,103.70703125,646.0
2025-06-13 12:06:00+00:00,103.70703125,103.70703125,103.703125,103.70703125,1035.0
2025-06-13 12:07:00+00:00,103.70703125,103.7109375,103.703125,103.70703125,415.0
2025-06-13 12:08:00+00:00,103.70703125,103.7109375,103.703125,103.70703125,971.0
2025-06-13 12:09:00+00:00,103.70703125,103.70703125,103.70703125,103.70703125,814.0
2025-06-13 12:10:00+00:00,103.703125,103.70703125,103.703125,103.703125,1205.0
2025-06-13 12:11:00+00:00,103.703125,103.70703125,103.703125,103.703125,109.0
2025-06-13 12:12:00+00:00,103.703125,103.70703125,103.703125,103.703125,190.0
2025-06-13 12:13:00+00:00,103.71484375,103.71484375,103.69921875,103.703125,359.0
2025-06-13 12:14:00+00:00,103.71875,103.71875,103.71484375,103.71484375,1358.0
2025-06-13 12:15:00+00:00,103.71875,103.72265625,103.71484375,103.71484375,1370.0
2025-06-13 12:16:00+00:00,103.72265625,103.72265625,103.71875,103.71875,196.0
2025-06-13 12:17:00+00:00,103.7109375,103.71875,103.7109375,103.71875,811.0
2025-06-13 12:18:00+00:00,103.7109375,103.71484375,103.7109375,103.71484375,529.0
2025-06-13 12:19:00+00:00,103.7109375,103.71484375,103.7109375,103.7109375,512.0
2025-06-13 12:20:00+00:00,103.7109375,103.71484375,103.7109375,103.7109375,668.0
2025-06-13 12:21:00+00:00,103.71484375,103.71484375,103.7109375,103.7109375,762.0
2025-06-13 12:22:00+00:00,103.71875,103.71875,103.71484375,103.71484375,573.0
2025-06-13 12:23:00+00:00,103.71484375,103.71875,103.7109375,103.71484375,828.0
2025-06-13 12:24:00+00:00,103.703125,103.71484375,103.703125,103.7109375,383.0
2025-06-13 12:25:00+00:00,103.70703125,103.7109375,103.70703125,103.70703125,1143.0
2025-06-13 12:26:00+00:00,103.6953125,103.703125,103.6953125,103.703125,1075.0
2025-06-13 12:27:00+00:00,103.69140625,103.6953125,103.69140625,103.6953125,895.0
2025-06-13 12:28:00+00:00,103.68359375,103.69140625,103.68359375,103.69140625,1301.0
2025-06-13 12:29:00+00:00,103.6875,103.6875,103.68359375,103.68359375,1354.0
2025-06-13 12:30:00+00:00,103.6796875,103.6875,103.6796875,103.6875,2958.0
2025-06-13 12:31:00+00:00,103.6796875,103.68359375,103.67578125,103.6796875,1931.0
2025-06-13 12:32:00+00:00,103.67578125,103.6796875,103.67578125,103.6796875,1622.0
2025-06-13 12:33:00+00:00,103.67578125,103.6796875,103.67578125,103.6796875,1764.0
2025-06-13 12:34:00+00:00,103.6796875,103.68359375,103.671875,103.67578125,1373.0
2025-06-13 12:35:00+00:00,103.6796875,103.68359375,103.6796875,103.68359375,310.0
2025-06-13 12:36:00+00:00,103.6796875,103.6796875,103.67578125,103.67578125,192.0
2025-06-13 12:37:00+00:00,103.67578125,103.6796875,103.67578125,103.6796875,1133.0
2025-06-13 12:38:00+00:00,103.671875,103.67578125,103.671875,103.67578125,4264.0
2025-06-13 12:39:00+00:00,103.6640625,103.671875,103.65625,103.671875,2436.0
2025-06-13 12:40:00+00:00,103.66015625,103.6640625,103.66015625,103.66015625,1502.0
2025-06-13 12:41:00+00:00,103.671875,103.671875,103.65625,103.65625,1909.0
2025-06-13 12:42:00+00:00,103.67578125,103.6796875,103.671875,103.671875,1738.0
2025-06-13 12:43:00+00:00,103.6796875,103.6796875,103.67578125,103.67578125,1003.0
2025-06-13 12:44:00+00:00,103.68359375,103.68359375,103.68359375,103.68359375,1769.0
2025-06-13 12:45:00+00:00,103.67578125,103.68359375,103.67578125,103.68359375,724.0
2025-06-13 12:47:00+00:00,103.6796875,103.6796875,103.6796875,103.6796875,1827.0
2025-06-13 12:48:00+00:00,103.67578125,103.6796875,103.67578125,103.6796875,1421.0
2025-06-13 12:49:00+00:00,103.66796875,103.67578125,103.66796875,103.67578125,2003.0
2025-06-13 12:50:00+00:00,103.6640625,103.66796875,103.6640625,103.66796875,1049.0
2025-06-13 12:51:00+00:00,103.6640625,103.66796875,103.6640625,103.6640625,820.0
2025-06-13 12:52:00+00:00,103.6640625,103.66796875,103.6640625,103.6640625,1605.0
2025-06-13 12:53:00+00:00,103.6640625,103.6640625,103.6640625,103.6640625,893.0
2025-06-13 12:54:00+00:00,103.66015625,103.6640625,103.65625,103.6640625,2118.0
2025-06-13 12:55:00+00:00,103.65625,103.66015625,103.65625,103.66015625,1220.0
2025-06-13 12:56:00+00:00,103.66015625,103.66015625,103.65625,103.66015625,1239.0
2025-06-13 12:57:00+00:00,103.6640625,103.6640625,103.6640625,103.6640625,564.0
2025-06-13 12:58:00+00:00,103.66015625,103.6640625,103.66015625,103.6640625,358.0
2025-06-13 13:00:00+00:00,103.6640625,103.66796875,103.66015625,103.66015625,2780.0
2025-06-13 13:01:00+00:00,103.66015625,103.6640625,103.65625,103.6640625,1420.0
2025-06-13 13:02:00+00:00,103.65625,103.66015625,103.65625,103.66015625,1864.0
2025-06-13 13:03:00+00:00,103.66015625,103.66015625,103.66015625,103.66015625,656.0
2025-06-13 13:04:00+00:00,103.65625,103.65625,103.65625,103.65625,721.0
2025-06-13 13:05:00+00:00,103.65625,103.65625,103.65234375,103.65625,680.0
2025-06-13 13:06:00+00:00,103.65625,103.66015625,103.65625,103.66015625,1312.0
2025-06-13 13:07:00+00:00,103.65234375,103.65625,103.65234375,103.65625,892.0
2025-06-13 13:08:00+00:00,103.6484375,103.65234375,103.6484375,103.65234375,148.0
2025-06-13 13:09:00+00:00,103.64453125,103.6484375,103.64453125,103.6484375,237.0
2025-06-13 13:10:00+00:00,103.640625,103.64453125,103.640625,103.640625,803.0
2025-06-13 13:11:00+00:00,103.640625,103.640625,103.6328125,103.63671875,1946.0
2025-06-13 13:12:00+00:00,103.64453125,103.6484375,103.64453125,103.64453125,920.0
2025-06-13 13:13:00+00:00,103.64453125,103.64453125,103.640625,103.64453125,630.0
2025-06-13 13:14:00+00:00,103.640625,103.64453125,103.640625,103.64453125,93.0
2025-06-13 13:15:00+00:00,103.64453125,103.64453125,103.64453125,103.64453125,217.0
2025-06-13 13:16:00+00:00,103.640625,103.64453125,103.640625,103.64453125,969.0
2025-06-13 13:17:00+00:00,103.63671875,103.640625,103.63671875,103.640625,2271.0
2025-06-13 13:18:00+00:00,103.640625,103.640625,103.6328125,103.63671875,2050.0
2025-06-13 13:19:00+00:00,103.640625,103.640625,103.63671875,103.640625,209.0
2025-06-13 13:21:00+00:00,103.63671875,103.63671875,103.63671875,103.63671875,943.0
2025-06-13 13:22:00+00:00,103.6328125,103.63671875,103.6328125,103.63671875,399.0
2025-06-13 13:23:00+00:00,103.63671875,103.63671875,103.6328125,103.63671875,121.0
2025-06-13 13:24:00+00:00,103.63671875,103.640625,103.63671875,103.63671875,1170.0
2025-06-13 13:25:00+00:00,103.63671875,103.63671875,103.63671875,103.63671875,1298.0
2025-06-13 13:26:00+00:00,103.640625,103.640625,103.63671875,103.63671875,1265.0
2025-06-13 13:27:00+00:00,103.640625,103.64453125,103.640625,103.64453125,314.0
2025-06-13 13:28:00+00:00,103.640625,103.64453125,103.640625,103.640625,779.0
2025-06-13 13:29:00+00:00,103.63671875,103.63671875,103.63671875,103.63671875,1177.0
2025-06-13 13:30:00+00:00,103.6328125,103.640625,103.6328125,103.640625,1235.0
2025-06-13 13:31:00+00:00,103.62890625,103.62890625,103.62890625,103.62890625,1717.0
2025-06-13 13:32:00+00:00,103.6328125,103.63671875,103.62890625,103.62890625,690.0
2025-06-13 13:33:00+00:00,103.6328125,103.6328125,103.62890625,103.6328125,550.0
2025-06-13 13:34:00+00:00,103.6328125,103.63671875,103.6328125,103.6328125,582.0
2025-06-13 13:35:00+00:00,103.640625,103.640625,103.63671875,103.63671875,574.0
2025-06-13 13:36:00+00:00,103.63671875,103.640625,103.63671875,103.640625,456.0
2025-06-13 13:37:00+00:00,103.63671875,103.63671875,103.6328125,103.63671875,1714.0
2025-06-13 13:38:00+00:00,103.6328125,103.640625,103.6328125,103.640625,549.0
2025-06-13 13:39:00+00:00,103.6328125,103.6328125,103.62890625,103.6328125,730.0
2025-06-13 13:40:00+00:00,103.63671875,103.63671875,103.6328125,103.6328125,1724.0
2025-06-13 13:41:00+00:00,103.6328125,103.6328125,103.6328125,103.6328125,320.0
2025-06-13 13:44:00+00:00,103.6328125,103.63671875,103.6328125,103.63671875,1524.0
2025-06-13 13:45:00+00:00,103.63671875,103.640625,103.6328125,103.6328125,882.0
2025-06-13 13:46:00+00:00,103.6328125,103.63671875,103.6328125,103.63671875,1412.0
2025-06-13 13:47:00+00:00,103.63671875,103.63671875,103.62890625,103.6328125,1079.0
2025-06-13 13:48:00+00:00,103.6328125,103.63671875,103.6328125,103.63671875,1399.0
2025-06-13 13:49:00+00:00,103.63671875,103.640625,103.63671875,103.63671875,2593.0
2025-06-13 13:50:00+00:00,103.63671875,103.640625,103.63671875,103.63671875,1357.0
2025-06-13 13:51:00+00:00,103.640625,103.640625,103.6328125,103.63671875,863.0
2025-06-13 13:52:00+00:00,103.63671875,103.640625,103.63671875,103.63671875,1146.0
2025-06-13 13:53:00+00:00,103.640625,103.640625,103.63671875,103.640625,76.0
2025-06-13 13:54:00+00:00,103.640625,103.640625,103.63671875,103.63671875,34.0
2025-06-13 13:55:00+00:00,103.6484375,103.6484375,103.640625,103.640625,2855.0
2025-06-13 13:56:00+00:00,103.64453125,103.65234375,103.640625,103.6484375,1356.0
2025-06-13 13:57:00+00:00,103.65625,103.65625,103.6484375,103.6484375,6189.0
2025-06-13 13:58:00+00:00,103.65625,103.66015625,103.65625,103.65625,1447.0
2025-06-13 13:59:00+00:00,103.65625,103.6640625,103.65625,103.66015625,1154.0
2025-06-13 14:02:00+00:00,103.6484375,103.65234375,103.6484375,103.65234375,3731.0
2025-06-13 14:03:00+00:00,103.6484375,103.6484375,103.6484375,103.6484375,460.0
2025-06-13 14:04:00+00:00,103.64453125,103.6484375,103.64453125,103.6484375,635.0
2025-06-13 14:05:00+00:00,103.640625,103.640625,103.640625,103.640625,534.0
2025-06-13 14:06:00+00:00,103.6328125,103.640625,103.625,103.640625,3235.0
2025-06-13 14:07:00+00:00,103.62890625,103.6328125,103.62890625,103.6328125,1459.0
2025-06-13 14:08:00+00:00,103.6328125,103.6328125,103.6328125,103.6328125,793.0
2025-06-13 14:09:00+00:00,103.6328125,103.6328125,103.6328125,103.6328125,98.0
2025-06-13 14:10:00+00:00,103.6328125,103.6328125,103.62890625,103.62890625,528.0
2025-06-13 14:11:00+00:00,103.62890625,103.6328125,103.625,103.6328125,976.0
2025-06-13 14:12:00+00:00,103.625,103.62890625,103.625,103.62890625,544.0
2025-06-13 14:13:00+00:00,103.6171875,103.62890625,103.6171875,103.62890625,962.0
2025-06-13 14:14:00+00:00,103.6171875,103.6171875,103.61328125,103.6171875,2224.0
2025-06-13 14:15:00+00:00,103.6171875,103.62109375,103.61328125,103.6171875,1412.0
2025-06-13 14:16:00+00:00,103.6171875,103.62109375,103.6171875,103.6171875,175.0
2025-06-13 14:17:00+00:00,103.61328125,103.6171875,103.61328125,103.6171875,629.0
2025-06-13 14:18:00+00:00,103.61328125,103.6171875,103.61328125,103.6171875,1363.0
2025-06-13 14:19:00+00:00,103.62109375,103.62109375,103.61328125,103.61328125,117.0
2025-06-13 14:22:00+00:00,103.6171875,103.62109375,103.6171875,103.62109375,2053.0
2025-06-13 14:23:00+00:00,103.609375,103.6171875,103.609375,103.6171875,279.0
2025-06-13 14:24:00+00:00,103.61328125,103.61328125,103.60546875,103.609375,4175.0
2025-06-13 14:25:00+00:00,103.609375,103.61328125,103.60546875,103.61328125,805.0
2025-06-13 14:26:00+00:00,103.60546875,103.609375,103.60546875,103.609375,720.0
2025-06-13 14:27:00+00:00,103.609375,103.609375,103.60546875,103.609375,185.0
2025-06-13 14:28:00+00:00,103.61328125,103.61328125,103.60546875,103.609375,1656.0
2025-06-13 14:29:00+00:00,103.61328125,103.6171875,103.60546875,103.61328125,2330.0
2025-06-13 14:30:00+00:00,103.6171875,103.6171875,103.61328125,103.61328125,940.0
2025-06-13 14:31:00+00:00,103.61328125,103.62109375,103.61328125,103.6171875,582.0
2025-06-13 14:32:00+00:00,103.609375,103.609375,103.60546875,103.609375,1643.0
2025-06-13 14:33:00+00:00,103.60546875,103.609375,103.6015625,103.609375,457.0
2025-06-13 14:34:00+00:00,103.609375,103.609375,103.60546875,103.609375,669.0
2025-06-13 14:36:00+00:00,103.6015625,103.6015625,103.6015625,103.6015625,995.0
2025-06-13 14:37:00+00:00,103.6015625,103.6015625,103.59765625,103.59765625,742.0
2025-06-13 14:38:00+00:00,103.60546875,103.60546875,103.59765625,103.59765625,335.0
2025-06-13 14:39:00+00:00,103.6015625,103.6015625,103.6015625,103.6015625,596.0
2025-06-13 14:40:00+00:00,103.59765625,103.6015625,103.59765625,103.6015625,607.0
2025-06-13 14:41:00+00:00,103.58984375,103.59765625,103.58984375,103.59375,1942.0
2025-06-13 14:42:00+00:00,103.59375,103.59765625,103.58984375,103.58984375,804.0
2025-06-13 14:43:00+00:00,103.59375,103.59375,103.59375,103.59375,1373.0
2025-06-13 14:44:00+00:00,103.59765625,103.59765625,103.59375,103.59765625,518.0
2025-06-13 14:45:00+00:00,103.59765625,103.59765625,103.59765625,103.59765625,145.0
2025-06-13 14:46:00+00:00,103.59765625,103.59765625,103.59375,103.59765625,525.0
2025-06-13 14:47:00+00:00,103.59765625,103.59765625,103.59375,103.59375,762.0
2025-06-13 14:48:00+00:00,103.59765625,103.59765625,103.59375,103.59765625,373.0
2025-06-13 14:49:00+00:00,103.59765625,103.59765625,103.59375,103.59765625,952.0
2025-06-13 14:50:00+00:00,103.59765625,103.59765625,103.59375,103.59765625,358.0
2025-06-13 14:51:00+00:00,103.58984375,103.59765625,103.58984375,103.59765625,422.0
2025-06-13 14:52:00+00:00,103.58984375,103.58984375,103.58984375,103.58984375,1509.0
2025-06-13 14:58:00+00:00,103.6015625,103.60546875,103.6015625,103.60546875,5401.0
2025-06-13 14:59:00+00:00,103.6015625,103.6015625,103.59765625,103.6015625,933.0
2025-06-13 15:00:00+00:00,103.6015625,103.609375,103.6015625,103.60546875,1718.0
2025-06-13 15:01:00+00:00,103.6015625,103.6015625,103.59765625,103.6015625,1018.0
2025-06-13 15:02:00+00:00,103.59375,103.59765625,103.59375,103.59765625,1611.0
2025-06-13 15:03:00+00:00,103.59375,103.59375,103.59375,103.59375,543.0
2025-06-13 15:04:00+00:00,103.59375,103.59375,103.59375,103.59375,361.0
2025-06-13 15:05:00+00:00,103.59375,103.59375,103.59375,103.59375,2039.0
2025-06-13 15:06:00+00:00,103.59765625,103.59765625,103.59375,103.59375,416.0
2025-06-13 15:07:00+00:00,103.6015625,103.6015625,103.59375,103.59765625,611.0
2025-06-13 15:08:00+00:00,103.6015625,103.60546875,103.6015625,103.60546875,242.0
2025-06-13 15:09:00+00:00,103.59765625,103.59765625,103.59765625,103.59765625,262.0
2025-06-13 15:10:00+00:00,103.59765625,103.59765625,103.59375,103.59765625,249.0
2025-06-13 15:11:00+00:00,103.59375,103.59765625,103.59375,103.59765625,359.0
2025-06-13 15:12:00+00:00,103.59375,103.59375,103.59375,103.59375,983.0
2025-06-13 15:13:00+00:00,103.58984375,103.59765625,103.58984375,103.59375,313.0
2025-06-13 15:14:00+00:00,103.59375,103.59375,103.58984375,103.59375,251.0
2025-06-13 15:15:00+00:00,103.58984375,103.59375,103.58984375,103.59375,168.0
2025-06-13 15:16:00+00:00,103.59765625,103.59765625,103.58984375,103.58984375,1793.0
2025-06-13 15:18:00+00:00,103.59765625,103.59765625,103.59375,103.59375,3489.0
2025-06-13 15:19:00+00:00,103.58984375,103.59765625,103.58984375,103.59765625,1054.0
2025-06-13 15:20:00+00:00,103.58984375,103.59375,103.5859375,103.58984375,1041.0
2025-06-13 15:21:00+00:00,103.5859375,103.5859375,103.5859375,103.5859375,529.0
2025-06-13 15:22:00+00:00,103.58984375,103.58984375,103.5859375,103.5859375,1544.0
2025-06-13 15:23:00+00:00,103.58984375,103.58984375,103.58984375,103.58984375,154.0
2025-06-13 15:24:00+00:00,103.5859375,103.5859375,103.5859375,103.5859375,905.0
2025-06-13 15:25:00+00:00,103.58203125,103.5859375,103.58203125,103.5859375,399.0
2025-06-13 15:26:00+00:00,103.5859375,103.5859375,103.58203125,103.58203125,20.0
2025-06-13 15:27:00+00:00,103.58203125,103.5859375,103.58203125,103.58203125,58.0
2025-06-13 15:28:00+00:00,103.58203125,103.5859375,103.58203125,103.58203125,540.0
2025-06-13 15:29:00+00:00,103.58203125,103.58203125,103.58203125,103.58203125,177.0
2025-06-13 15:30:00+00:00,103.58203125,103.58203125,103.578125,103.578125,81.0
2025-06-13 15:31:00+00:00,103.57421875,103.58203125,103.57421875,103.58203125,518.0
2025-06-13 15:32:00+00:00,103.578125,103.578125,103.57421875,103.578125,525.0
2025-06-13 15:33:00+00:00,103.57421875,103.578125,103.57421875,103.578125,170.0
2025-06-13 15:34:00+00:00,103.578125,103.578125,103.57421875,103.57421875,825.0
2025-06-13 15:35:00+00:00,103.58203125,103.58203125,103.578125,103.578125,476.0
2025-06-13 15:36:00+00:00,103.578125,103.58203125,103.578125,103.58203125,463.0
2025-06-13 15:37:00+00:00,103.58203125,103.58203125,103.578125,103.58203125,186.0
2025-06-13 15:38:00+00:00,103.578125,103.578125,103.578125,103.578125,5.0
2025-06-13 15:39:00+00:00,103.5859375,103.5859375,103.578125,103.578125,639.0
2025-06-13 15:40:00+00:00,103.578125,103.5859375,103.578125,103.58203125,564.0
2025-06-13 15:41:00+00:00,103.58203125,103.58203125,103.578125,103.578125,749.0
2025-06-13 15:42:00+00:00,103.58203125,103.58203125,103.578125,103.58203125,500.0
2025-06-13 15:43:00+00:00,103.578125,103.58203125,103.578125,103.578125,106.0
2025-06-13 15:44:00+00:00,103.578125,103.58203125,103.578125,103.58203125,466.0
2025-06-13 15:47:00+00:00,103.58203125,103.5859375,103.58203125,103.5859375,984.0
2025-06-13 15:48:00+00:00,103.58203125,103.5859375,103.578125,103.58203125,1436.0
2025-06-13 15:49:00+00:00,103.578125,103.58203125,103.578125,103.578125,1169.0
2025-06-13 15:50:00+00:00,103.58203125,103.58203125,103.578125,103.578125,15.0
2025-06-13 15:51:00+00:00,103.5859375,103.5859375,103.58203125,103.58203125,1102.0
2025-06-13 15:52:00+00:00,103.58203125,103.5859375,103.58203125,103.58203125,292.0
2025-06-13 15:53:00+00:00,103.58203125,103.5859375,103.58203125,103.58203125,468.0
2025-06-13 15:54:00+00:00,103.58203125,103.58203125,103.58203125,103.58203125,194.0
2025-06-13 15:55:00+00:00,103.58203125,103.58203125,103.578125,103.58203125,132.0
2025-06-13 15:56:00+00:00,103.58203125,103.58203125,103.58203125,103.58203125,1.0
2025-06-13 15:57:00+00:00,103.5859375,103.5859375,103.58203125,103.58203125,379.0
2025-06-13 15:58:00+00:00,103.5859375,103.5859375,103.58203125,103.58203125,371.0
2025-06-13 15:59:00+00:00,103.5859375,103.58984375,103.58203125,103.58203125,388.0
2025-06-13 16:00:00+00:00,103.5859375,103.5859375,103.5859375,103.5859375,272.0
2025-06-13 16:02:00+00:00,103.59375,103.59375,103.58984375,103.58984375,391.0
2025-06-13 16:03:00+00:00,103.58984375,103.58984375,103.58984375,103.58984375,576.0
2025-06-13 16:04:00+00:00,103.59375,103.59375,103.58984375,103.58984375,420.0
2025-06-13 16:05:00+00:00,103.59765625,103.59765625,103.59375,103.59375,698.0
2025-06-13 16:06:00+00:00,103.58984375,103.59765625,103.58984375,103.59375,523.0
2025-06-13 16:07:00+00:00,103.59375,103.59375,103.58984375,103.58984375,492.0
2025-06-13 16:08:00+00:00,103.59375,103.59375,103.58984375,103.58984375,197.0
2025-06-13 16:09:00+00:00,103.59375,103.59375,103.58984375,103.58984375,74.0
2025-06-13 16:10:00+00:00,103.59375,103.59375,103.58984375,103.58984375,14.0
2025-06-13 16:11:00+00:00,103.58984375,103.58984375,103.58984375,103.58984375,179.0
2025-06-13 16:12:00+00:00,103.59375,103.59765625,103.58984375,103.58984375,1244.0
2025-06-13 16:13:00+00:00,103.58984375,103.58984375,103.58984375,103.58984375,48.0
2025-06-13 16:14:00+00:00,103.58984375,103.58984375,103.58984375,103.58984375,460.0
2025-06-13 16:15:00+00:00,103.5859375,103.59375,103.5859375,103.58984375,714.0
2025-06-13 16:16:00+00:00,103.59375,103.59375,103.5859375,103.58984375,762.0
2025-06-13 16:17:00+00:00,103.58984375,103.58984375,103.58984375,103.58984375,586.0
2025-06-13 16:20:00+00:00,103.5859375,103.58984375,103.5859375,103.58984375,1361.0
2025-06-13 16:21:00+00:00,103.58203125,103.5859375,103.58203125,103.5859375,778.0
2025-06-13 16:22:00+00:00,103.58203125,103.58203125,103.578125,103.58203125,601.0
2025-06-13 16:23:00+00:00,103.58203125,103.5859375,103.58203125,103.58203125,120.0
2025-06-13 16:24:00+00:00,103.578125,103.58203125,103.578125,103.578125,834.0
2025-06-13 16:25:00+00:00,103.58203125,103.58203125,103.578125,103.578125,167.0
2025-06-13 16:26:00+00:00,103.578125,103.58203125,103.578125,103.58203125,741.0
2025-06-13 16:27:00+00:00,103.57421875,103.58203125,103.57421875,103.578125,825.0
2025-06-13 16:28:00+00:00,103.58203125,103.58203125,103.578125,103.578125,502.0
2025-06-13 16:29:00+00:00,103.58203125,103.58203125,103.58203125,103.58203125,2.0
2025-06-13 16:30:00+00:00,103.578125,103.58203125,103.578125,103.578125,749.0
2025-06-13 16:31:00+00:00,103.578125,103.58203125,103.578125,103.578125,339.0
2025-06-13 16:32:00+00:00,103.58203125,103.58203125,103.578125,103.578125,2011.0
2025-06-13 16:33:00+00:00,103.58203125,103.58203125,103.58203125,103.58203125,121.0
2025-06-13 16:34:00+00:00,103.58203125,103.58203125,103.58203125,103.58203125,110.0
2025-06-13 16:35:00+00:00,103.58203125,103.58203125,103.58203125,103.58203125,214.0
2025-06-13 16:36:00+00:00,103.578125,103.58203125,103.578125,103.58203125,33.0
2025-06-13 16:38:00+00:00,103.57421875,103.578125,103.57421875,103.578125,715.0
2025-06-13 16:39:00+00:00,103.578125,103.58203125,103.578125,103.578125,1288.0
2025-06-13 16:40:00+00:00,103.57421875,103.58203125,103.57421875,103.578125,345.0
2025-06-13 16:41:00+00:00,103.57421875,103.578125,103.57421875,103.578125,20.0
2025-06-13 16:43:00+00:00,103.578125,103.578125,103.57421875,103.57421875,220.0
2025-06-13 16:44:00+00:00,103.57421875,103.578125,103.57421875,103.578125,9.0
2025-06-13 16:45:00+00:00,103.578125,103.578125,103.57421875,103.578125,925.0
2025-06-13 16:46:00+00:00,103.578125,103.578125,103.578125,103.578125,194.0
2025-06-13 16:47:00+00:00,103.578125,103.578125,103.578125,103.578125,1.0
2025-06-13 16:48:00+00:00,103.57421875,103.578125,103.57421875,103.57421875,161.0
2025-06-13 16:49:00+00:00,103.57421875,103.578125,103.57421875,103.57421875,346.0
2025-06-13 16:50:00+00:00,103.57421875,103.57421875,103.57421875,103.57421875,23.0
2025-06-13 16:51:00+00:00,103.57421875,103.578125,103.57421875,103.578125,10.0
2025-06-13 16:52:00+00:00,103.578125,103.578125,103.57421875,103.57421875,3.0
2025-06-13 16:53:00+00:00,103.578125,103.578125,103.57421875,103.57421875,27.0
2025-06-13 16:54:00+00:00,103.578125,103.578125,103.578125,103.578125,3.0
2025-06-13 16:55:00+00:00,103.57421875,103.578125,103.57421875,103.57421875,629.0
2025-06-13 16:56:00+00:00,103.56640625,103.57421875,103.56640625,103.57421875,462.0
2025-06-13 16:57:00+00:00,103.5703125,103.5703125,103.56640625,103.56640625,11.0
2025-06-13 16:58:00+00:00,103.56640625,103.56640625,103.56640625,103.56640625,1.0
2025-06-13 16:59:00+00:00,103.5703125,103.5703125,103.56640625,103.56640625,28.0
2025-06-13 17:00:00+00:00,103.5703125,103.57421875,103.5703125,103.5703125,1592.0
2025-06-13 17:01:00+00:00,103.56640625,103.5703125,103.56640625,103.5703125,515.0
2025-06-13 17:02:00+00:00,103.5703125,103.5703125,103.56640625,103.56640625,191.0
2025-06-13 17:03:00+00:00,103.5703125,103.5703125,103.56640625,103.56640625,176.0
2025-06-13 17:04:00+00:00,103.5703125,103.5703125,103.56640625,103.56640625,384.0
2025-06-13 17:05:00+00:00,103.5703125,103.5703125,103.5703125,103.5703125,2.0
2025-06-13 17:06:00+00:00,103.5703125,103.57421875,103.5703125,103.57421875,4.0
2025-06-13 17:07:00+00:00,103.5703125,103.57421875,103.5703125,103.5703125,850.0
2025-06-13 17:08:00+00:00,103.578125,103.578125,103.5703125,103.57421875,161.0
2025-06-13 17:09:00+00:00,103.57421875,103.57421875,103.57421875,103.57421875,8.0
2025-06-13 17:12:00+00:00,103.58203125,103.5859375,103.58203125,103.58203125,3853.0
2025-06-13 17:13:00+00:00,103.58203125,103.5859375,103.578125,103.58203125,2684.0
2025-06-13 17:14:00+00:00,103.578125,103.578125,103.578125,103.578125,45.0
2025-06-13 17:15:00+00:00,103.58203125,103.58203125,103.58203125,103.58203125,1113.0
2025-06-13 17:16:00+00:00,103.5859375,103.5859375,103.58203125,103.58203125,123.0
2025-06-13 17:18:00+00:00,103.58203125,103.58203125,103.58203125,103.58203125,172.0
2025-06-13 17:19:00+00:00,103.58203125,103.58203125,103.58203125,103.58203125,157.0
2025-06-13 17:20:00+00:00,103.578125,103.58203125,103.578125,103.58203125,284.0
2025-06-13 17:21:00+00:00,103.57421875,103.578125,103.57421875,103.578125,721.0
2025-06-13 17:22:00+00:00,103.57421875,103.57421875,103.57421875,103.57421875,59.0
2025-06-13 17:23:00+00:00,103.57421875,103.57421875,103.57421875,103.57421875,154.0
2025-06-13 17:24:00+00:00,103.57421875,103.578125,103.57421875,103.57421875,223.0
2025-06-13 17:25:00+00:00,103.578125,103.578125,103.57421875,103.57421875,402.0
2025-06-13 17:26:00+00:00,103.578125,103.578125,103.578125,103.578125,4.0
2025-06-13 17:27:00+00:00,103.57421875,103.57421875,103.57421875,103.57421875,502.0
2025-06-13 17:28:00+00:00,103.5703125,103.57421875,103.5703125,103.5703125,25.0
2025-06-13 17:29:00+00:00,103.57421875,103.57421875,103.5703125,103.5703125,515.0
2025-06-13 17:30:00+00:00,103.578125,103.578125,103.57421875,103.57421875,804.0
2025-06-13 17:31:00+00:00,103.57421875,103.578125,103.57421875,103.578125,1403.0
2025-06-13 17:32:00+00:00,103.5703125,103.57421875,103.5703125,103.57421875,143.0
2025-06-13 17:33:00+00:00,103.5703125,103.57421875,103.5703125,103.57421875,115.0
2025-06-13 17:34:00+00:00,103.57421875,103.57421875,103.5703125,103.5703125,496.0
2025-06-13 17:35:00+00:00,103.57421875,103.57421875,103.5703125,103.5703125,26.0
2025-06-13 17:36:00+00:00,103.57421875,103.57421875,103.5703125,103.57421875,568.0
2025-06-13 17:37:00+00:00,103.57421875,103.578125,103.57421875,103.57421875,73.0
2025-06-13 17:38:00+00:00,103.57421875,103.57421875,103.57421875,103.57421875,19.0
2025-06-13 17:39:00+00:00,103.57421875,103.578125,103.57421875,103.57421875,90.0
2025-06-13 17:40:00+00:00,103.57421875,103.57421875,103.57421875,103.57421875,572.0
2025-06-13 17:41:00+00:00,103.57421875,103.57421875,103.5703125,103.5703125,408.0
2025-06-13 17:42:00+00:00,103.578125,103.578125,103.5703125,103.57421875,350.0
2025-06-13 17:43:00+00:00,103.578125,103.578125,103.578125,103.578125,540.0
2025-06-13 17:44:00+00:00,103.57421875,103.578125,103.57421875,103.578125,880.0
2025-06-13 17:45:00+00:00,103.5703125,103.57421875,103.5703125,103.57421875,718.0
2025-06-13 17:46:00+00:00,103.5703125,103.5703125,103.5703125,103.5703125,792.0
2025-06-13 17:47:00+00:00,103.5703125,103.5703125,103.5703125,103.5703125,250.0
2025-06-13 17:49:00+00:00,103.56640625,103.56640625,103.56640625,103.56640625,791.0
2025-06-13 17:50:00+00:00,103.56640625,103.56640625,103.56640625,103.56640625,102.0
2025-06-13 17:51:00+00:00,103.56640625,103.56640625,103.56640625,103.56640625,1819.0
2025-06-13 17:52:00+00:00,103.5703125,103.5703125,103.56640625,103.56640625,256.0
2025-06-13 17:55:00+00:00,103.57421875,103.57421875,103.57421875,103.57421875,1104.0
2025-06-13 17:56:00+00:00,103.578125,103.578125,103.578125,103.578125,272.0
2025-06-13 17:57:00+00:00,103.578125,103.578125,103.57421875,103.578125,80.0
2025-06-13 17:58:00+00:00,103.57421875,103.57421875,103.57421875,103.57421875,1.0
2025-06-13 17:59:00+00:00,103.57421875,103.57421875,103.57421875,103.57421875,69.0
2025-06-13 18:00:00+00:00,103.578125,103.578125,103.57421875,103.57421875,1077.0
2025-06-13 18:01:00+00:00,103.58203125,103.58203125,103.58203125,103.58203125,766.0
2025-06-13 18:02:00+00:00,103.578125,103.578125,103.578125,103.578125,97.0
2025-06-13 18:03:00+00:00,103.58203125,103.5859375,103.58203125,103.58203125,1341.0
2025-06-13 18:04:00+00:00,103.58203125,103.58203125,103.578125,103.58203125,911.0
2025-06-13 18:05:00+00:00,103.58203125,103.58203125,103.58203125,103.58203125,49.0
2025-06-13 18:06:00+00:00,103.58203125,103.58203125,103.578125,103.578125,636.0
2025-06-13 18:07:00+00:00,103.58203125,103.58203125,103.578125,103.578125,276.0
2025-06-13 18:08:00+00:00,103.58203125,103.58203125,103.58203125,103.58203125,876.0
2025-06-13 18:09:00+00:00,103.58203125,103.5859375,103.58203125,103.5859375,61.0
2025-06-13 18:10:00+00:00,103.5859375,103.58984375,103.5859375,103.5859375,306.0
2025-06-13 18:11:00+00:00,103.58984375,103.58984375,103.5859375,103.5859375,124.0
2025-06-13 18:12:00+00:00,103.5859375,103.58984375,103.5859375,103.58984375,96.0
2025-06-13 18:13:00+00:00,103.58984375,103.58984375,103.5859375,103.5859375,2274.0
2025-06-13 18:14:00+00:00,103.59375,103.59765625,103.59375,103.59375,181.0
2025-06-13 18:15:00+00:00,103.59375,103.59765625,103.59375,103.59375,998.0
2025-06-13 18:16:00+00:00,103.59375,103.59375,103.58984375,103.59375,1101.0
2025-06-13 18:17:00+00:00,103.59375,103.59765625,103.58984375,103.59765625,459.0
2025-06-13 18:18:00+00:00,103.58984375,103.59375,103.58984375,103.58984375,25.0
2025-06-13 18:19:00+00:00,103.59375,103.59375,103.5859375,103.58984375,3105.0
2025-06-13 18:20:00+00:00,103.59375,103.59375,103.59375,103.59375,575.0
2025-06-13 18:21:00+00:00,103.59765625,103.59765625,103.59375,103.59765625,451.0
2025-06-13 18:22:00+00:00,103.59375,103.59375,103.59375,103.59375,140.0
2025-06-13 18:23:00+00:00,103.58984375,103.59375,103.58984375,103.59375,187.0
2025-06-13 18:24:00+00:00,103.58984375,103.59375,103.58984375,103.58984375,104.0
2025-06-13 18:25:00+00:00,103.59765625,103.59765625,103.59375,103.59375,246.0
2025-06-13 18:26:00+00:00,103.6015625,103.6015625,103.59375,103.59765625,1774.0
2025-06-13 18:27:00+00:00,103.59765625,103.6015625,103.59765625,103.59765625,743.0
2025-06-13 18:28:00+00:00,103.59765625,103.59765625,103.59375,103.59765625,2276.0
2025-06-13 18:29:00+00:00,103.59375,103.59375,103.59375,103.59375,33.0
2025-06-13 18:30:00+00:00,103.5859375,103.59765625,103.5859375,103.59765625,1386.0
2025-06-13 18:31:00+00:00,103.59375,103.59375,103.58984375,103.58984375,1106.0
2025-06-13 18:32:00+00:00,103.59765625,103.6015625,103.59375,103.59375,780.0
2025-06-13 18:33:00+00:00,103.6015625,103.6015625,103.59765625,103.59765625,633.0
2025-06-13 18:34:00+00:00,103.60546875,103.60546875,103.6015625,103.6015625,515.0
2025-06-13 18:35:00+00:00,103.60546875,103.60546875,103.6015625,103.60546875,821.0
2025-06-13 18:36:00+00:00,103.609375,103.609375,103.60546875,103.60546875,1038.0
2025-06-13 18:37:00+00:00,103.60546875,103.609375,103.60546875,103.60546875,485.0
2025-06-13 18:38:00+00:00,103.60546875,103.60546875,103.60546875,103.60546875,303.0
2025-06-13 18:39:00+00:00,103.60546875,103.60546875,103.60546875,103.60546875,6.0
2025-06-13 18:40:00+00:00,103.6015625,103.609375,103.6015625,103.609375,180.0
2025-06-13 18:41:00+00:00,103.60546875,103.60546875,103.60546875,103.60546875,596.0
2025-06-13 18:42:00+00:00,103.60546875,103.609375,103.60546875,103.609375,1113.0
2025-06-13 18:43:00+00:00,103.60546875,103.609375,103.60546875,103.609375,40.0
2025-06-13 18:45:00+00:00,103.60546875,103.609375,103.60546875,103.60546875,4039.0
2025-06-13 18:46:00+00:00,103.609375,103.609375,103.60546875,103.60546875,1181.0
2025-06-13 18:47:00+00:00,103.60546875,103.609375,103.60546875,103.609375,124.0
2025-06-13 18:48:00+00:00,103.61328125,103.61328125,103.609375,103.609375,557.0
2025-06-13 18:49:00+00:00,103.61328125,103.6171875,103.61328125,103.61328125,1305.0
2025-06-13 18:50:00+00:00,103.609375,103.61328125,103.609375,103.61328125,699.0
2025-06-13 18:51:00+00:00,103.609375,103.609375,103.609375,103.609375,14.0
2025-06-13 18:52:00+00:00,103.61328125,103.61328125,103.609375,103.609375,937.0
2025-06-13 18:53:00+00:00,103.61328125,103.61328125,103.61328125,103.61328125,654.0
2025-06-13 18:54:00+00:00,103.61328125,103.61328125,103.609375,103.61328125,356.0
2025-06-13 18:55:00+00:00,103.61328125,103.6171875,103.609375,103.6171875,199.0
2025-06-13 18:56:00+00:00,103.61328125,103.6171875,103.61328125,103.61328125,72.0
2025-06-13 18:57:00+00:00,103.6171875,103.6171875,103.61328125,103.61328125,292.0
2025-06-13 18:58:00+00:00,103.61328125,103.61328125,103.61328125,103.61328125,326.0
2025-06-13 18:59:00+00:00,103.609375,103.6171875,103.60546875,103.61328125,4415.0
2025-06-13 19:00:00+00:00,103.609375,103.61328125,103.60546875,103.60546875,1338.0
2025-06-13 19:01:00+00:00,103.609375,103.61328125,103.60546875,103.609375,678.0
2025-06-13 19:02:00+00:00,103.609375,103.609375,103.609375,103.609375,608.0
2025-06-13 19:03:00+00:00,103.609375,103.609375,103.60546875,103.609375,373.0
2025-06-13 19:04:00+00:00,103.609375,103.61328125,103.609375,103.609375,430.0
2025-06-13 19:05:00+00:00,103.609375,103.609375,103.609375,103.609375,504.0
2025-06-13 19:06:00+00:00,103.61328125,103.61328125,103.609375,103.609375,8.0
2025-06-13 19:07:00+00:00,103.61328125,103.61328125,103.609375,103.609375,1025.0
2025-06-13 19:08:00+00:00,103.61328125,103.61328125,103.61328125,103.61328125,770.0
2025-06-13 19:09:00+00:00,103.60546875,103.61328125,103.60546875,103.61328125,353.0
2025-06-13 19:10:00+00:00,103.609375,103.609375,103.609375,103.609375,30.0
2025-06-13 19:11:00+00:00,103.61328125,103.61328125,103.61328125,103.61328125,50.0
2025-06-13 19:12:00+00:00,103.609375,103.61328125,103.609375,103.61328125,268.0
2025-06-13 19:13:00+00:00,103.61328125,103.61328125,103.609375,103.61328125,1392.0
2025-06-13 19:14:00+00:00,103.609375,103.609375,103.60546875,103.609375,481.0
2025-06-13 19:16:00+00:00,103.609375,103.61328125,103.609375,103.61328125,1328.0
2025-06-13 19:17:00+00:00,103.61328125,103.61328125,103.61328125,103.61328125,23.0
2025-06-13 19:18:00+00:00,103.61328125,103.61328125,103.61328125,103.61328125,2303.0
2025-06-13 19:19:00+00:00,103.609375,103.6171875,103.609375,103.6171875,288.0
2025-06-13 19:20:00+00:00,103.61328125,103.6171875,103.61328125,103.61328125,829.0
2025-06-13 19:21:00+00:00,103.6171875,103.6171875,103.61328125,103.61328125,826.0
2025-06-13 19:22:00+00:00,103.6171875,103.6171875,103.61328125,103.61328125,144.0
2025-06-13 19:23:00+00:00,103.6171875,103.6171875,103.6171875,103.6171875,915.0
2025-06-13 19:24:00+00:00,103.62109375,103.62109375,103.6171875,103.6171875,306.0
2025-06-13 19:25:00+00:00,103.62109375,103.62109375,103.62109375,103.62109375,596.0
2025-06-13 19:26:00+00:00,103.6171875,103.62109375,103.6171875,103.62109375,140.0
2025-06-13 19:27:00+00:00,103.62109375,103.62109375,103.6171875,103.6171875,359.0
2025-06-13 19:28:00+00:00,103.62109375,103.62109375,103.62109375,103.62109375,36.0
2025-06-13 19:29:00+00:00,103.625,103.625,103.62109375,103.62109375,651.0
2025-06-13 19:30:00+00:00,103.62109375,103.62109375,103.62109375,103.62109375,190.0
2025-06-13 19:31:00+00:00,103.62109375,103.62109375,103.6171875,103.62109375,312.0
2025-06-13 19:32:00+00:00,103.62109375,103.62109375,103.62109375,103.62109375,266.0
2025-06-13 19:33:00+00:00,103.625,103.625,103.6171875,103.62109375,1091.0
2025-06-13 19:34:00+00:00,103.62109375,103.62109375,103.62109375,103.62109375,112.0
2025-06-13 19:35:00+00:00,103.625,103.625,103.62109375,103.625,515.0
2025-06-13 19:36:00+00:00,103.62109375,103.625,103.62109375,103.62109375,324.0
2025-06-13 19:37:00+00:00,103.62109375,103.62109375,103.62109375,103.62109375,241.0
2025-06-13 19:38:00+00:00,103.62109375,103.62109375,103.62109375,103.62109375,1.0
2025-06-13 19:40:00+00:00,103.62109375,103.62109375,103.6171875,103.6171875,75.0
2025-06-13 19:41:00+00:00,103.62109375,103.62109375,103.62109375,103.62109375,15.0
2025-06-13 19:42:00+00:00,103.625,103.625,103.62109375,103.62109375,492.0
2025-06-13 19:43:00+00:00,103.625,103.625,103.625,103.625,390.0
2025-06-13 19:44:00+00:00,103.625,103.625,103.625,103.625,24.0
2025-06-13 19:45:00+00:00,103.625,103.625,103.625,103.625,1421.0
2025-06-13 19:46:00+00:00,103.625,103.62890625,103.625,103.625,1022.0
2025-06-13 19:47:00+00:00,103.625,103.62890625,103.625,103.625,288.0
2025-06-13 19:48:00+00:00,103.625,103.62890625,103.625,103.625,364.0
2025-06-13 19:49:00+00:00,103.625,103.625,103.62109375,103.625,1150.0
2025-06-13 19:50:00+00:00,103.62109375,103.625,103.62109375,103.625,702.0
2025-06-13 19:51:00+00:00,103.62109375,103.62109375,103.62109375,103.62109375,966.0
2025-06-13 19:52:00+00:00,103.62109375,103.62109375,103.6171875,103.62109375,1207.0
2025-06-13 19:53:00+00:00,103.62109375,103.625,103.62109375,103.62109375,1792.0
2025-06-13 19:54:00+00:00,103.62109375,103.625,103.62109375,103.62109375,1076.0
2025-06-13 19:55:00+00:00,103.625,103.625,103.6171875,103.62109375,1162.0
2025-06-13 19:56:00+00:00,103.6171875,103.62109375,103.6171875,103.62109375,1273.0
2025-06-13 19:57:00+00:00,103.62109375,103.625,103.6171875,103.62109375,1094.0
2025-06-13 19:58:00+00:00,103.62109375,103.62109375,103.6171875,103.62109375,776.0
2025-06-13 19:59:00+00:00,103.6171875,103.62109375,103.61328125,103.62109375,1215.0
2025-06-13 20:01:00+00:00,103.625,103.625,103.62109375,103.625,2392.0
2025-06-13 20:02:00+00:00,103.62109375,103.62109375,103.62109375,103.62109375,618.0
2025-06-13 20:03:00+00:00,103.62109375,103.62109375,103.62109375,103.62109375,19.0
2025-06-13 20:04:00+00:00,103.6171875,103.62109375,103.6171875,103.62109375,381.0
2025-06-13 20:05:00+00:00,103.62109375,103.62109375,103.62109375,103.62109375,132.0
2025-06-13 20:06:00+00:00,103.62109375,103.62109375,103.62109375,103.62109375,806.0
2025-06-13 20:07:00+00:00,103.62109375,103.62109375,103.62109375,103.62109375,110.0
2025-06-13 20:08:00+00:00,103.62109375,103.62109375,103.62109375,103.62109375,136.0
2025-06-13 20:09:00+00:00,103.62109375,103.62109375,103.62109375,103.62109375,1113.0
2025-06-13 20:10:00+00:00,103.62109375,103.625,103.62109375,103.62109375,426.0
2025-06-13 20:11:00+00:00,103.6171875,103.6171875,103.6171875,103.6171875,20.0
2025-06-13 20:12:00+00:00,103.62109375,103.62109375,103.6171875,103.6171875,160.0
2025-06-13 20:13:00+00:00,103.6171875,103.62109375,103.6171875,103.62109375,822.0
2025-06-13 20:15:00+00:00,103.62109375,103.62109375,103.62109375,103.62109375,210.0
2025-06-13 20:16:00+00:00,103.6171875,103.62109375,103.6171875,103.62109375,2017.0
2025-06-13 20:17:00+00:00,103.62109375,103.62109375,103.6171875,103.6171875,687.0
2025-06-13 20:18:00+00:00,103.62109375,103.62109375,103.62109375,103.62109375,47.0
2025-06-13 20:19:00+00:00,103.62109375,103.62109375,103.62109375,103.62109375,653.0
2025-06-13 20:22:00+00:00,103.625,103.625,103.6171875,103.62109375,941.0
2025-06-13 20:23:00+00:00,103.625,103.625,103.625,103.625,260.0
2025-06-13 20:24:00+00:00,103.625,103.625,103.62109375,103.625,335.0
2025-06-13 20:25:00+00:00,103.625,103.625,103.625,103.625,780.0
2025-06-13 20:26:00+00:00,103.625,103.62890625,103.625,103.62890625,236.0
2025-06-13 20:27:00+00:00,103.62890625,103.62890625,103.625,103.625,139.0
2025-06-13 20:28:00+00:00,103.625,103.625,103.62109375,103.625,212.0
2025-06-13 20:30:00+00:00,103.625,103.625,103.625,103.625,196.0
2025-06-13 20:32:00+00:00,103.62109375,103.62109375,103.62109375,103.62109375,7.0
2025-06-13 20:33:00+00:00,103.625,103.625,103.62109375,103.62109375,227.0
2025-06-13 20:35:00+00:00,103.62890625,103.62890625,103.62890625,103.62890625,144.0
2025-06-13 20:36:00+00:00,103.625,103.625,103.625,103.625,28.0
2025-06-13 20:37:00+00:00,103.625,103.625,103.625,103.625,5.0
2025-06-13 20:38:00+00:00,103.62890625,103.62890625,103.62890625,103.62890625,14.0
2025-06-13 20:39:00+00:00,103.625,103.625,103.625,103.625,61.0
2025-06-13 20:40:00+00:00,103.625,103.62890625,103.625,103.62890625,558.0
2025-06-13 20:41:00+00:00,103.62109375,103.625,103.62109375,103.625,265.0
2025-06-13 20:42:00+00:00,103.625,103.625,103.62109375,103.625,158.0
2025-06-13 20:43:00+00:00,103.625,103.625,103.625,103.625,27.0
2025-06-13 20:44:00+00:00,103.62890625,103.62890625,103.62890625,103.62890625,3.0
2025-06-13 20:45:00+00:00,103.625,103.62890625,103.625,103.62890625,15.0
2025-06-13 20:46:00+00:00,103.625,103.625,103.625,103.625,9.0
2025-06-13 20:47:00+00:00,103.62890625,103.62890625,103.62890625,103.62890625,412.0
2025-06-13 20:48:00+00:00,103.625,103.625,103.625,103.625,2.0
2025-06-13 20:49:00+00:00,103.625,103.625,103.625,103.625,1.0
2025-06-13 20:50:00+00:00,103.625,103.62890625,103.625,103.62890625,1304.0
2025-06-13 20:51:00+00:00,103.625,103.625,103.625,103.625,19.0
2025-06-13 20:52:00+00:00,103.625,103.625,103.625,103.625,64.0
2025-06-13 20:53:00+00:00,103.625,103.62890625,103.625,103.625,38.0
2025-06-13 20:54:00+00:00,103.62109375,103.625,103.62109375,103.625,277.0
2025-06-13 20:55:00+00:00,103.625,103.62890625,103.625,103.625,409.0
2025-06-13 20:56:00+00:00,103.625,103.62890625,103.625,103.62890625,306.0
2025-06-13 20:57:00+00:00,103.62109375,103.62890625,103.62109375,103.625,687.0
2025-06-13 20:58:00+00:00,103.625,103.62890625,103.625,103.625,386.0
2025-06-13 20:59:00+00:00,103.625,103.62890625,103.609375,103.62890625,769.0
2025-06-15 22:00:00+00:00,103.59375,103.65625,103.59375,103.640625,0.0
2025-06-15 22:01:00+00:00,103.609375,103.609375,103.59375,103.59765625,477.0
2025-06-15 22:02:00+00:00,103.6171875,103.6171875,103.6015625,103.60546875,176.0
2025-06-15 22:03:00+00:00,103.6015625,103.61328125,103.6015625,103.61328125,51.0
2025-06-15 22:04:00+00:00,103.6015625,103.6015625,103.59375,103.6015625,63.0
2025-06-15 22:05:00+00:00,103.6015625,103.6015625,103.59765625,103.59765625,70.0
2025-06-15 22:06:00+00:00,103.59765625,103.6015625,103.59765625,103.6015625,70.0
2025-06-15 22:07:00+00:00,103.6015625,103.609375,103.59765625,103.59765625,639.0
2025-06-15 22:08:00+00:00,103.6015625,103.60546875,103.6015625,103.60546875,58.0
2025-06-15 22:09:00+00:00,103.59765625,103.59765625,103.59765625,103.59765625,28.0
2025-06-15 22:10:00+00:00,103.59375,103.59765625,103.59375,103.59765625,329.0
2025-06-15 22:11:00+00:00,103.6015625,103.6015625,103.59765625,103.59765625,55.0
2025-06-15 22:12:00+00:00,103.6015625,103.6015625,103.59765625,103.6015625,89.0
2025-06-15 22:13:00+00:00,103.59765625,103.59765625,103.59375,103.59765625,256.0
2025-06-15 22:14:00+00:00,103.59765625,103.59765625,103.59765625,103.59765625,117.0
2025-06-15 22:15:00+00:00,103.6015625,103.6015625,103.6015625,103.6015625,73.0
2025-06-15 22:16:00+00:00,103.60546875,103.60546875,103.60546875,103.60546875,2.0
2025-06-15 22:17:00+00:00,103.6015625,103.6015625,103.6015625,103.6015625,324.0
2025-06-15 22:18:00+00:00,103.59765625,103.6015625,103.59765625,103.6015625,113.0
2025-06-15 22:19:00+00:00,103.59765625,103.59765625,103.59765625,103.59765625,92.0
2025-06-15 22:20:00+00:00,103.59375,103.59375,103.59375,103.59375,121.0
2025-06-15 22:21:00+00:00,103.59765625,103.59765625,103.59765625,103.59765625,66.0
2025-06-15 22:22:00+00:00,103.6015625,103.6015625,103.6015625,103.6015625,242.0
2025-06-15 22:23:00+00:00,103.59765625,103.60546875,103.59765625,103.6015625,567.0
2025-06-15 22:25:00+00:00,103.6015625,103.6015625,103.6015625,103.6015625,1.0
2025-06-15 22:26:00+00:00,103.59765625,103.59765625,103.59375,103.59765625,112.0
2025-06-15 22:30:00+00:00,103.59375,103.59375,103.58984375,103.59375,212.0
2025-06-15 22:31:00+00:00,103.59375,103.59375,103.58984375,103.58984375,12.0
2025-06-15 22:32:00+00:00,103.59375,103.59375,103.58984375,103.59375,20.0
2025-06-15 22:33:00+00:00,103.59375,103.59375,103.58984375,103.59375,176.0
2025-06-15 22:34:00+00:00,103.59375,103.59375,103.58984375,103.59375,39.0
2025-06-15 22:35:00+00:00,103.58984375,103.58984375,103.5859375,103.58984375,226.0
2025-06-15 22:36:00+00:00,103.59765625,103.59765625,103.58984375,103.59375,77.0
2025-06-15 22:38:00+00:00,103.6015625,103.6015625,103.59375,103.59765625,126.0
2025-06-15 22:39:00+00:00,103.6015625,103.6015625,103.6015625,103.6015625,5.0
2025-06-15 22:40:00+00:00,103.6015625,103.6015625,103.6015625,103.6015625,2.0
2025-06-15 22:41:00+00:00,103.6015625,103.6015625,103.6015625,103.6015625,13.0
2025-06-15 22:42:00+00:00,103.60546875,103.60546875,103.60546875,103.60546875,11.0
2025-06-15 22:43:00+00:00,103.60546875,103.60546875,103.60546875,103.60546875,1.0
2025-06-15 22:44:00+00:00,103.6015625,103.6015625,103.6015625,103.6015625,19.0
2025-06-15 22:46:00+00:00,103.59765625,103.59765625,103.59765625,103.59765625,2.0
2025-06-15 22:50:00+00:00,103.6015625,103.6015625,103.6015625,103.6015625,6.0
2025-06-15 22:51:00+00:00,103.6015625,103.6015625,103.6015625,103.6015625,24.0
2025-06-15 22:57:00+00:00,103.59765625,103.59765625,103.59765625,103.59765625,10.0
2025-06-15 22:58:00+00:00,103.6015625,103.6015625,103.59765625,103.59765625,17.0
2025-06-15 23:04:00+00:00,103.60546875,103.60546875,103.60546875,103.60546875,36.0
2025-06-15 23:05:00+00:00,103.60546875,103.60546875,103.60546875,103.60546875,92.0
2025-06-15 23:06:00+00:00,103.60546875,103.60546875,103.60546875,103.60546875,38.0
2025-06-15 23:13:00+00:00,103.609375,103.609375,103.60546875,103.60546875,337.0
2025-06-15 23:15:00+00:00,103.60546875,103.60546875,103.60546875,103.60546875,73.0
2025-06-15 23:21:00+00:00,103.6015625,103.6015625,103.6015625,103.6015625,330.0
2025-06-15 23:22:00+00:00,103.6015625,103.6015625,103.6015625,103.6015625,17.0
2025-06-15 23:29:00+00:00,103.60546875,103.60546875,103.60546875,103.60546875,4.0
2025-06-15 23:30:00+00:00,103.60546875,103.60546875,103.60546875,103.60546875,101.0
2025-06-15 23:31:00+00:00,103.60546875,103.60546875,103.60546875,103.60546875,139.0
2025-06-15 23:32:00+00:00,103.60546875,103.60546875,103.60546875,103.60546875,58.0
2025-06-15 23:33:00+00:00,103.60546875,103.60546875,103.60546875,103.60546875,28.0
2025-06-15 23:36:00+00:00,103.59765625,103.6015625,103.59765625,103.6015625,331.0
2025-06-15 23:38:00+00:00,103.6015625,103.60546875,103.6015625,103.6015625,103.0
2025-06-15 23:39:00+00:00,103.6015625,103.6015625,103.6015625,103.6015625,164.0
2025-06-15 23:40:00+00:00,103.6015625,103.6015625,103.6015625,103.6015625,88.0
2025-06-15 23:44:00+00:00,103.60546875,103.60546875,103.6015625,103.6015625,93.0
2025-06-15 23:45:00+00:00,103.6015625,103.6015625,103.6015625,103.6015625,76.0
2025-06-15 23:49:00+00:00,103.59765625,103.59765625,103.59765625,103.59765625,74.0
2025-06-15 23:50:00+00:00,103.59765625,103.59765625,103.59765625,103.59765625,78.0
2025-06-15 23:51:00+00:00,103.6015625,103.6015625,103.59765625,103.59765625,36.0
2025-06-15 23:54:00+00:00,103.59765625,103.59765625,103.59765625,103.59765625,37.0
2025-06-15 23:55:00+00:00,103.58984375,103.59375,103.58984375,103.59375,235.0
2025-06-15 23:58:00+00:00,103.59375,103.59375,103.59375,103.59375,110.0
2025-06-15 23:59:00+00:00,103.59765625,103.59765625,103.59375,103.59375,151.0
2025-06-16 00:00:00+00:00,103.6015625,103.6015625,103.59765625,103.59765625,546.0
2025-06-16 00:01:00+00:00,103.6015625,103.6015625,103.6015625,103.6015625,28.0
2025-06-16 00:02:00+00:00,103.6015625,103.6015625,103.6015625,103.6015625,35.0
2025-06-16 00:03:00+00:00,103.59375,103.59765625,103.59375,103.59765625,40.0
2025-06-16 00:04:00+00:00,103.59375,103.59375,103.59375,103.59375,156.0
2025-06-16 00:05:00+00:00,103.59375,103.59375,103.59375,103.59375,190.0
2025-06-16 00:06:00+00:00,103.59375,103.59375,103.59375,103.59375,16.0
2025-06-16 00:07:00+00:00,103.59375,103.59375,103.59375,103.59375,23.0
2025-06-16 00:08:00+00:00,103.59375,103.59375,103.59375,103.59375,5.0
2025-06-16 00:09:00+00:00,103.59375,103.59375,103.59375,103.59375,3.0
2025-06-16 00:10:00+00:00,103.59375,103.59375,103.59375,103.59375,25.0
2025-06-16 00:11:00+00:00,103.59765625,103.59765625,103.59765625,103.59765625,166.0
2025-06-16 00:12:00+00:00,103.59765625,103.59765625,103.59765625,103.59765625,24.0
2025-06-16 00:13:00+00:00,103.59765625,103.59765625,103.59765625,103.59765625,1.0
2025-06-16 00:18:00+00:00,103.59375,103.59375,103.59375,103.59375,282.0
2025-06-16 00:19:00+00:00,103.58984375,103.59375,103.58984375,103.59375,119.0
2025-06-16 00:20:00+00:00,103.59375,103.59375,103.58984375,103.58984375,41.0
2025-06-16 00:21:00+00:00,103.5859375,103.58984375,103.5859375,103.58984375,25.0
2025-06-16 00:22:00+00:00,103.58984375,103.58984375,103.58984375,103.58984375,238.0
2025-06-16 00:23:00+00:00,103.58984375,103.58984375,103.58984375,103.58984375,180.0
2025-06-16 00:25:00+00:00,103.59765625,103.59765625,103.59375,103.59375,212.0
2025-06-16 00:26:00+00:00,103.6015625,103.6015625,103.59765625,103.59765625,42.0
2025-06-16 00:28:00+00:00,103.6015625,103.6015625,103.6015625,103.6015625,1078.0
2025-06-16 00:30:00+00:00,103.609375,103.609375,103.60546875,103.60546875,79.0
2025-06-16 00:31:00+00:00,103.60546875,103.60546875,103.60546875,103.60546875,106.0
2025-06-16 00:32:00+00:00,103.60546875,103.60546875,103.60546875,103.60546875,41.0
2025-06-16 00:33:00+00:00,103.60546875,103.60546875,103.60546875,103.60546875,3.0
2025-06-16 00:34:00+00:00,103.6015625,103.6015625,103.6015625,103.6015625,82.0
2025-06-16 00:35:00+00:00,103.6015625,103.6015625,103.6015625,103.6015625,3.0
2025-06-16 00:38:00+00:00,103.59765625,103.59765625,103.59765625,103.59765625,516.0
2025-06-16 00:39:00+00:00,103.59765625,103.59765625,103.59765625,103.59765625,22.0
2025-06-16 00:40:00+00:00,103.6015625,103.6015625,103.6015625,103.6015625,4.0
2025-06-16 00:41:00+00:00,103.6015625,103.6015625,103.59765625,103.6015625,21.0
2025-06-16 00:45:00+00:00,103.59765625,103.59765625,103.59765625,103.59765625,39.0
2025-06-16 00:47:00+00:00,103.59765625,103.59765625,103.59765625,103.59765625,41.0
2025-06-16 00:50:00+00:00,103.59765625,103.59765625,103.59765625,103.59765625,40.0
2025-06-16 00:51:00+00:00,103.59765625,103.59765625,103.59765625,103.59765625,57.0
2025-06-16 00:54:00+00:00,103.60546875,103.609375,103.6015625,103.6015625,146.0
2025-06-16 00:55:00+00:00,103.609375,103.609375,103.609375,103.609375,7.0
2025-06-16 00:59:00+00:00,103.609375,103.609375,103.609375,103.609375,312.0
2025-06-16 01:01:00+00:00,103.6171875,103.6171875,103.61328125,103.61328125,370.0
2025-06-16 01:02:00+00:00,103.6171875,103.6171875,103.6171875,103.6171875,5.0
2025-06-16 01:03:00+00:00,103.6171875,103.6171875,103.61328125,103.61328125,372.0
2025-06-16 01:04:00+00:00,103.6171875,103.6171875,103.6171875,103.6171875,184.0
2025-06-16 01:05:00+00:00,103.61328125,103.61328125,103.61328125,103.61328125,285.0
2025-06-16 01:06:00+00:00,103.61328125,103.61328125,103.61328125,103.61328125,75.0
2025-06-16 01:07:00+00:00,103.61328125,103.61328125,103.61328125,103.61328125,35.0
2025-06-16 01:08:00+00:00,103.6171875,103.6171875,103.61328125,103.61328125,32.0
2025-06-16 01:09:00+00:00,103.6171875,103.6171875,103.6171875,103.6171875,104.0
2025-06-16 01:11:00+00:00,103.6171875,103.6171875,103.6171875,103.6171875,4.0
2025-06-16 01:13:00+00:00,103.61328125,103.61328125,103.61328125,103.61328125,9.0
2025-06-16 01:14:00+00:00,103.6171875,103.6171875,103.6171875,103.6171875,78.0
2025-06-16 01:15:00+00:00,103.6171875,103.6171875,103.6171875,103.6171875,1.0
2025-06-16 01:16:00+00:00,103.6171875,103.6171875,103.6171875,103.6171875,77.0
2025-06-16 01:17:00+00:00,103.62109375,103.62109375,103.62109375,103.62109375,153.0
2025-06-16 01:20:00+00:00,103.6171875,103.6171875,103.6171875,103.6171875,134.0
2025-06-16 01:21:00+00:00,103.6171875,103.62109375,103.6171875,103.6171875,23.0
2025-06-16 01:22:00+00:00,103.61328125,103.61328125,103.61328125,103.61328125,277.0
2025-06-16 01:24:00+00:00,103.609375,103.609375,103.609375,103.609375,240.0
2025-06-16 01:26:00+00:00,103.61328125,103.61328125,103.609375,103.609375,384.0
2025-06-16 01:27:00+00:00,103.61328125,103.61328125,103.61328125,103.61328125,44.0
2025-06-16 01:29:00+00:00,103.61328125,103.61328125,103.61328125,103.61328125,1.0
2025-06-16 01:30:00+00:00,103.61328125,103.6171875,103.61328125,103.6171875,6.0
2025-06-16 01:31:00+00:00,103.6171875,103.6171875,103.6171875,103.6171875,220.0
2025-06-16 01:32:00+00:00,103.6171875,103.6171875,103.6171875,103.6171875,24.0
2025-06-16 01:35:00+00:00,103.61328125,103.61328125,103.61328125,103.61328125,58.0
2025-06-16 01:37:00+00:00,103.609375,103.609375,103.609375,103.609375,1.0
2025-06-16 01:38:00+00:00,103.61328125,103.61328125,103.61328125,103.61328125,232.0
2025-06-16 01:39:00+00:00,103.60546875,103.609375,103.60546875,103.609375,28.0
2025-06-16 01:40:00+00:00,103.609375,103.609375,103.609375,103.609375,6.0
2025-06-16 01:42:00+00:00,103.60546875,103.609375,103.60546875,103.609375,2.0
2025-06-16 01:50:00+00:00,103.609375,103.609375,103.609375,103.609375,4.0
2025-06-16 01:51:00+00:00,103.609375,103.609375,103.609375,103.609375,331.0
2025-06-16 01:52:00+00:00,103.609375,103.609375,103.609375,103.609375,22.0
2025-06-16 01:58:00+00:00,103.60546875,103.60546875,103.60546875,103.60546875,113.0
2025-06-16 02:01:00+00:00,103.60546875,103.60546875,103.60546875,103.60546875,140.0
2025-06-16 02:02:00+00:00,103.60546875,103.60546875,103.60546875,103.60546875,258.0
2025-06-16 02:03:00+00:00,103.60546875,103.60546875,103.60546875,103.60546875,25.0
2025-06-16 02:05:00+00:00,103.60546875,103.60546875,103.60546875,103.60546875,29.0
2025-06-16 02:06:00+00:00,103.60546875,103.60546875,103.60546875,103.60546875,22.0
2025-06-16 02:07:00+00:00,103.6015625,103.60546875,103.6015625,103.60546875,84.0
2025-06-16 02:13:00+00:00,103.6015625,103.6015625,103.6015625,103.6015625,72.0
2025-06-16 02:15:00+00:00,103.59765625,103.6015625,103.59765625,103.59765625,225.0
2025-06-16 02:17:00+00:00,103.59765625,103.59765625,103.59765625,103.59765625,44.0
2025-06-16 02:18:00+00:00,103.59765625,103.59765625,103.59765625,103.59765625,65.0
2025-06-16 02:19:00+00:00,103.59765625,103.6015625,103.59375,103.59765625,65.0
2025-06-16 02:20:00+00:00,103.59765625,103.59765625,103.59765625,103.59765625,79.0
2025-06-16 02:21:00+00:00,103.59765625,103.59765625,103.59765625,103.59765625,99.0
2025-06-16 02:22:00+00:00,103.59375,103.59765625,103.59375,103.59765625,426.0
2025-06-16 02:23:00+00:00,103.59375,103.59375,103.59375,103.59375,65.0
2025-06-16 02:24:00+00:00,103.59375,103.59375,103.59375,103.59375,47.0
2025-06-16 02:25:00+00:00,103.59375,103.59375,103.59375,103.59375,20.0
2025-06-16 02:27:00+00:00,103.59375,103.59375,103.59375,103.59375,22.0
2025-06-16 02:30:00+00:00,103.58984375,103.58984375,103.5859375,103.58984375,178.0
2025-06-16 02:33:00+00:00,103.58984375,103.58984375,103.58984375,103.58984375,226.0
2025-06-16 02:35:00+00:00,103.59375,103.59375,103.58984375,103.58984375,137.0
2025-06-16 02:44:00+00:00,103.59375,103.59375,103.59375,103.59375,12.0
2025-06-16 02:47:00+00:00,103.58984375,103.58984375,103.58984375,103.58984375,177.0
2025-06-16 02:48:00+00:00,103.58984375,103.58984375,103.58984375,103.58984375,414.0
2025-06-16 02:52:00+00:00,103.59375,103.59375,103.58984375,103.58984375,110.0
2025-06-16 02:53:00+00:00,103.59375,103.59375,103.59375,103.59375,7.0
2025-06-16 02:55:00+00:00,103.59375,103.59375,103.59375,103.59375,19.0
2025-06-16 02:56:00+00:00,103.59375,103.59375,103.59375,103.59375,11.0
2025-06-16 03:04:00+00:00,103.58984375,103.58984375,103.58984375,103.58984375,108.0
2025-06-16 03:05:00+00:00,103.58984375,103.58984375,103.58984375,103.58984375,139.0
2025-06-16 03:12:00+00:00,103.59375,103.59375,103.59375,103.59375,250.0
2025-06-16 03:16:00+00:00,103.58984375,103.59375,103.58984375,103.58984375,3.0
2025-06-16 03:17:00+00:00,103.58984375,103.58984375,103.58984375,103.58984375,2.0
2025-06-16 03:19:00+00:00,103.58984375,103.58984375,103.58984375,103.58984375,1.0
2025-06-16 03:21:00+00:00,103.59375,103.59375,103.58984375,103.58984375,2.0
2025-06-16 03:25:00+00:00,103.59375,103.59375,103.58984375,103.59375,141.0
2025-06-16 03:26:00+00:00,103.59375,103.59375,103.59375,103.59375,2.0
2025-06-16 03:27:00+00:00,103.59375,103.59375,103.59375,103.59375,332.0
2025-06-16 03:28:00+00:00,103.58984375,103.58984375,103.58984375,103.58984375,42.0
2025-06-16 03:38:00+00:00,103.5859375,103.5859375,103.58203125,103.5859375,141.0
2025-06-16 03:40:00+00:00,103.58203125,103.58203125,103.58203125,103.58203125,9.0
2025-06-16 03:43:00+00:00,103.58203125,103.5859375,103.58203125,103.5859375,3.0
2025-06-16 03:45:00+00:00,103.5859375,103.5859375,103.58203125,103.58203125,207.0
2025-06-16 03:46:00+00:00,103.5859375,103.5859375,103.5859375,103.5859375,199.0
2025-06-16 03:47:00+00:00,103.5859375,103.5859375,103.5859375,103.5859375,32.0
2025-06-16 03:49:00+00:00,103.5859375,103.5859375,103.5859375,103.5859375,309.0
2025-06-16 03:50:00+00:00,103.58203125,103.5859375,103.58203125,103.5859375,477.0
2025-06-16 03:51:00+00:00,103.578125,103.5859375,103.578125,103.5859375,432.0
2025-06-16 03:52:00+00:00,103.578125,103.58203125,103.578125,103.58203125,10.0
2025-06-16 03:53:00+00:00,103.578125,103.578125,103.578125,103.578125,515.0
2025-06-16 03:54:00+00:00,103.578125,103.578125,103.578125,103.578125,1358.0
2025-06-16 03:55:00+00:00,103.578125,103.578125,103.578125,103.578125,1019.0
2025-06-16 03:56:00+00:00,103.58203125,103.58203125,103.58203125,103.58203125,28.0
2025-06-16 04:01:00+00:00,103.578125,103.578125,103.578125,103.578125,640.0
2025-06-16 04:02:00+00:00,103.578125,103.578125,103.578125,103.578125,134.0
2025-06-16 04:03:00+00:00,103.578125,103.578125,103.578125,103.578125,453.0
2025-06-16 04:06:00+00:00,103.578125,103.578125,103.578125,103.578125,1232.0
2025-06-16 04:07:00+00:00,103.578125,103.578125,103.578125,103.578125,634.0
2025-06-16 04:10:00+00:00,103.58203125,103.58203125,103.58203125,103.58203125,4.0
2025-06-16 04:15:00+00:00,103.58203125,103.58203125,103.58203125,103.58203125,200.0
2025-06-16 04:16:00+00:00,103.58203125,103.58203125,103.58203125,103.58203125,12.0
2025-06-16 04:20:00+00:00,103.58203125,103.58203125,103.578125,103.578125,2.0
2025-06-16 04:26:00+00:00,103.58203125,103.58203125,103.58203125,103.58203125,3.0
2025-06-16 04:27:00+00:00,103.58203125,103.58203125,103.58203125,103.58203125,73.0
2025-06-16 04:33:00+00:00,103.578125,103.578125,103.578125,103.578125,421.0
2025-06-16 04:35:00+00:00,103.58203125,103.58203125,103.578125,103.578125,4.0
2025-06-16 04:36:00+00:00,103.58203125,103.58203125,103.58203125,103.58203125,352.0
2025-06-16 04:37:00+00:00,103.58203125,103.58203125,103.58203125,103.58203125,127.0
2025-06-16 04:38:00+00:00,103.58203125,103.58203125,103.578125,103.578125,387.0
2025-06-16 04:39:00+00:00,103.58203125,103.58203125,103.58203125,103.58203125,35.0
2025-06-16 04:41:00+00:00,103.58203125,103.58203125,103.578125,103.578125,444.0
2025-06-16 04:43:00+00:00,103.578125,103.578125,103.578125,103.578125,392.0
2025-06-16 04:44:00+00:00,103.578125,103.578125,103.578125,103.578125,150.0
2025-06-16 04:48:00+00:00,103.58203125,103.58203125,103.58203125,103.58203125,54.0
2025-06-16 04:50:00+00:00,103.578125,103.578125,103.578125,103.578125,52.0
2025-06-16 04:51:00+00:00,103.57421875,103.578125,103.57421875,103.578125,286.0
2025-06-16 04:52:00+00:00,103.57421875,103.57421875,103.57421875,103.57421875,2.0
2025-06-16 04:54:00+00:00,103.578125,103.578125,103.578125,103.578125,42.0
2025-06-16 04:58:00+00:00,103.578125,103.578125,103.578125,103.578125,140.0
2025-06-16 05:05:00+00:00,103.578125,103.578125,103.578125,103.578125,394.0
2025-06-16 05:06:00+00:00,103.578125,103.578125,103.578125,103.578125,48.0
2025-06-16 05:07:00+00:00,103.578125,103.578125,103.578125,103.578125,132.0
2025-06-16 05:08:00+00:00,103.578125,103.578125,103.578125,103.578125,34.0
2025-06-16 05:09:00+00:00,103.578125,103.578125,103.578125,103.578125,15.0
2025-06-16 05:12:00+00:00,103.578125,103.578125,103.578125,103.578125,2.0
2025-06-16 05:15:00+00:00,103.57421875,103.578125,103.57421875,103.578125,2.0
2025-06-16 05:19:00+00:00,103.578125,103.578125,103.578125,103.578125,24.0
2025-06-16 05:22:00+00:00,103.578125,103.578125,103.578125,103.578125,47.0
2025-06-16 05:26:00+00:00,103.58203125,103.58203125,103.578125,103.578125,46.0
2025-06-16 05:27:00+00:00,103.578125,103.578125,103.578125,103.578125,83.0
2025-06-16 05:32:00+00:00,103.58203125,103.58203125,103.58203125,103.58203125,75.0
2025-06-16 05:33:00+00:00,103.58203125,103.58203125,103.58203125,103.58203125,21.0
2025-06-16 05:34:00+00:00,103.58203125,103.58203125,103.58203125,103.58203125,8.0
2025-06-16 05:42:00+00:00,103.58203125,103.58203125,103.578125,103.58203125,8.0
2025-06-16 05:43:00+00:00,103.578125,103.578125,103.578125,103.578125,9.0
2025-06-16 05:53:00+00:00,103.58203125,103.58203125,103.58203125,103.58203125,45.0
2025-06-16 05:54:00+00:00,103.5703125,103.578125,103.5703125,103.578125,1044.0
2025-06-16 05:56:00+00:00,103.5703125,103.57421875,103.5703125,103.57421875,70.0
2025-06-16 05:57:00+00:00,103.57421875,103.57421875,103.5703125,103.5703125,235.0
2025-06-16 05:59:00+00:00,103.57421875,103.57421875,103.57421875,103.57421875,380.0
2025-06-16 06:00:00+00:00,103.56640625,103.57421875,103.5625,103.5703125,973.0
2025-06-16 06:01:00+00:00,103.56640625,103.56640625,103.56640625,103.56640625,37.0
2025-06-16 06:02:00+00:00,103.56640625,103.56640625,103.56640625,103.56640625,543.0
2025-06-16 06:03:00+00:00,103.56640625,103.56640625,103.56640625,103.56640625,54.0
2025-06-16 06:04:00+00:00,103.5703125,103.5703125,103.56640625,103.5703125,173.0
2025-06-16 06:08:00+00:00,103.57421875,103.57421875,103.57421875,103.57421875,254.0
2025-06-16 06:11:00+00:00,103.57421875,103.57421875,103.57421875,103.57421875,394.0
2025-06-16 06:16:00+00:00,103.57421875,103.57421875,103.57421875,103.57421875,719.0
2025-06-16 06:17:00+00:00,103.57421875,103.578125,103.57421875,103.578125,78.0
2025-06-16 06:18:00+00:00,103.5703125,103.5703125,103.5703125,103.5703125,3.0
2025-06-16 06:19:00+00:00,103.57421875,103.57421875,103.57421875,103.57421875,3.0
2025-06-16 06:20:00+00:00,103.57421875,103.57421875,103.5703125,103.5703125,8.0
2025-06-16 06:21:00+00:00,103.5703125,103.57421875,103.5703125,103.57421875,177.0
2025-06-16 06:22:00+00:00,103.57421875,103.57421875,103.57421875,103.57421875,9.0
2025-06-16 06:23:00+00:00,103.57421875,103.57421875,103.57421875,103.57421875,86.0
2025-06-16 06:24:00+00:00,103.57421875,103.57421875,103.5703125,103.57421875,370.0
2025-06-16 06:25:00+00:00,103.57421875,103.57421875,103.57421875,103.57421875,50.0
2025-06-16 06:27:00+00:00,103.5703125,103.5703125,103.5703125,103.5703125,63.0
2025-06-16 06:28:00+00:00,103.56640625,103.5703125,103.56640625,103.5703125,442.0
2025-06-16 06:29:00+00:00,103.5703125,103.5703125,103.5703125,103.5703125,49.0
2025-06-16 06:32:00+00:00,103.5625,103.5703125,103.55859375,103.5703125,2792.0
2025-06-16 06:33:00+00:00,103.56640625,103.56640625,103.56640625,103.56640625,41.0
2025-06-16 06:34:00+00:00,103.56640625,103.56640625,103.56640625,103.56640625,1021.0
2025-06-16 06:35:00+00:00,103.56640625,103.5703125,103.56640625,103.5703125,285.0
2025-06-16 06:37:00+00:00,103.5703125,103.5703125,103.5703125,103.5703125,1552.0
2025-06-16 06:38:00+00:00,103.56640625,103.5703125,103.56640625,103.5703125,452.0
2025-06-16 06:39:00+00:00,103.5703125,103.5703125,103.5703125,103.5703125,286.0
2025-06-16 06:40:00+00:00,103.5703125,103.5703125,103.5703125,103.5703125,5.0
2025-06-16 06:41:00+00:00,103.5703125,103.5703125,103.56640625,103.5703125,1686.0
2025-06-16 06:42:00+00:00,103.5703125,103.5703125,103.5703125,103.5703125,17.0
2025-06-16 06:43:00+00:00,103.56640625,103.5703125,103.56640625,103.5703125,539.0
2025-06-16 06:44:00+00:00,103.56640625,103.56640625,103.56640625,103.56640625,5.0
2025-06-16 06:45:00+00:00,103.5703125,103.5703125,103.56640625,103.56640625,717.0
2025-06-16 06:46:00+00:00,103.578125,103.578125,103.57421875,103.57421875,381.0
2025-06-16 06:47:00+00:00,103.578125,103.578125,103.57421875,103.578125,5.0
2025-06-16 06:48:00+00:00,103.578125,103.578125,103.578125,103.578125,629.0
2025-06-16 06:49:00+00:00,103.57421875,103.578125,103.57421875,103.578125,145.0
2025-06-16 06:50:00+00:00,103.57421875,103.57421875,103.57421875,103.57421875,135.0
2025-06-16 06:51:00+00:00,103.57421875,103.57421875,103.57421875,103.57421875,37.0
2025-06-16 06:52:00+00:00,103.57421875,103.57421875,103.57421875,103.57421875,24.0
2025-06-16 06:53:00+00:00,103.5703125,103.5703125,103.5703125,103.5703125,302.0
2025-06-16 06:54:00+00:00,103.57421875,103.57421875,103.5703125,103.5703125,240.0
2025-06-16 06:55:00+00:00,103.57421875,103.57421875,103.5703125,103.5703125,3.0
2025-06-16 06:56:00+00:00,103.5625,103.5703125,103.5625,103.5703125,273.0
2025-06-16 06:57:00+00:00,103.55859375,103.5625,103.55859375,103.5625,326.0
2025-06-16 06:58:00+00:00,103.5546875,103.55859375,103.5546875,103.55859375,704.0
2025-06-16 06:59:00+00:00,103.5546875,103.55859375,103.5546875,103.5546875,383.0
2025-06-16 07:00:00+00:00,103.5546875,103.5546875,103.55078125,103.5546875,161.0
2025-06-16 07:01:00+00:00,103.55078125,103.5546875,103.55078125,103.5546875,219.0
2025-06-16 07:02:00+00:00,103.5546875,103.5546875,103.55078125,103.5546875,84.0
2025-06-16 07:03:00+00:00,103.5546875,103.55859375,103.5546875,103.5546875,236.0
2025-06-16 07:04:00+00:00,103.55078125,103.5546875,103.55078125,103.5546875,173.0
2025-06-16 07:05:00+00:00,103.5546875,103.5546875,103.5546875,103.5546875,176.0
2025-06-16 07:06:00+00:00,103.5546875,103.5546875,103.55078125,103.5546875,35.0
2025-06-16 07:07:00+00:00,103.5546875,103.55859375,103.5546875,103.55859375,48.0
2025-06-16 07:08:00+00:00,103.5546875,103.55859375,103.5546875,103.55859375,23.0
2025-06-16 07:09:00+00:00,103.5546875,103.5546875,103.55078125,103.5546875,289.0
2025-06-16 07:10:00+00:00,103.55078125,103.5546875,103.55078125,103.5546875,73.0
2025-06-16 07:11:00+00:00,103.55078125,103.55078125,103.546875,103.55078125,611.0
2025-06-16 07:12:00+00:00,103.546875,103.55078125,103.546875,103.546875,292.0
2025-06-16 07:13:00+00:00,103.54296875,103.546875,103.54296875,103.546875,255.0
2025-06-16 07:14:00+00:00,103.54296875,103.546875,103.54296875,103.546875,1480.0
2025-06-16 07:15:00+00:00,103.546875,103.546875,103.54296875,103.54296875,271.0
2025-06-16 07:16:00+00:00,103.5390625,103.546875,103.5390625,103.546875,287.0
2025-06-16 07:17:00+00:00,103.54296875,103.54296875,103.5390625,103.54296875,364.0
2025-06-16 07:18:00+00:00,103.5390625,103.5390625,103.5390625,103.5390625,4.0
2025-06-16 07:19:00+00:00,103.5390625,103.5390625,103.5390625,103.5390625,303.0
2025-06-16 07:20:00+00:00,103.5390625,103.5390625,103.5390625,103.5390625,3.0
2025-06-16 07:21:00+00:00,103.5390625,103.54296875,103.5390625,103.5390625,34.0
2025-06-16 07:22:00+00:00,103.5390625,103.5390625,103.5390625,103.5390625,18.0
2025-06-16 07:23:00+00:00,103.5390625,103.54296875,103.5390625,103.5390625,1043.0
2025-06-16 07:24:00+00:00,103.5390625,103.5390625,103.5390625,103.5390625,343.0
2025-06-16 07:25:00+00:00,103.54296875,103.54296875,103.5390625,103.5390625,752.0
2025-06-16 07:26:00+00:00,103.54296875,103.54296875,103.54296875,103.54296875,187.0
2025-06-16 07:27:00+00:00,103.53515625,103.5390625,103.53515625,103.5390625,342.0
2025-06-16 07:28:00+00:00,103.53125,103.5390625,103.53125,103.53515625,739.0
2025-06-16 07:29:00+00:00,103.53125,103.53125,103.53125,103.53125,90.0
2025-06-16 07:30:00+00:00,103.53125,103.53125,103.53125,103.53125,101.0
2025-06-16 07:31:00+00:00,103.53125,103.53125,103.53125,103.53125,62.0
2025-06-16 07:33:00+00:00,103.53515625,103.53515625,103.53125,103.53515625,423.0
2025-06-16 07:34:00+00:00,103.5390625,103.5390625,103.53515625,103.53515625,40.0
2025-06-16 07:35:00+00:00,103.5390625,103.5390625,103.53515625,103.5390625,1242.0
2025-06-16 07:37:00+00:00,103.54296875,103.54296875,103.5390625,103.54296875,1108.0
2025-06-16 07:38:00+00:00,103.5390625,103.54296875,103.5390625,103.5390625,30.0
2025-06-16 07:39:00+00:00,103.54296875,103.546875,103.54296875,103.54296875,237.0
2025-06-16 07:40:00+00:00,103.546875,103.546875,103.54296875,103.54296875,502.0
2025-06-16 07:41:00+00:00,103.55078125,103.55078125,103.54296875,103.54296875,337.0
2025-06-16 07:42:00+00:00,103.55078125,103.55078125,103.546875,103.546875,651.0
2025-06-16 07:43:00+00:00,103.55078125,103.55078125,103.55078125,103.55078125,1500.0
2025-06-16 07:44:00+00:00,103.55078125,103.55078125,103.55078125,103.55078125,2.0
2025-06-16 07:45:00+00:00,103.55078125,103.5546875,103.55078125,103.55078125,69.0
2025-06-16 07:46:00+00:00,103.546875,103.55078125,103.546875,103.55078125,861.0
2025-06-16 07:47:00+00:00,103.546875,103.546875,103.546875,103.546875,223.0
2025-06-16 07:48:00+00:00,103.54296875,103.54296875,103.54296875,103.54296875,37.0
2025-06-16 07:49:00+00:00,103.54296875,103.54296875,103.54296875,103.54296875,11.0
2025-06-16 07:50:00+00:00,103.546875,103.546875,103.54296875,103.546875,664.0
2025-06-16 07:51:00+00:00,103.546875,103.55078125,103.54296875,103.55078125,523.0
2025-06-16 07:52:00+00:00,103.55078125,103.55078125,103.54296875,103.54296875,779.0
2025-06-16 07:53:00+00:00,103.55078125,103.55078125,103.55078125,103.55078125,247.0
2025-06-16 07:54:00+00:00,103.5546875,103.5546875,103.55078125,103.55078125,157.0
2025-06-16 07:55:00+00:00,103.55859375,103.55859375,103.55859375,103.55859375,646.0
2025-06-16 07:56:00+00:00,103.5546875,103.5546875,103.5546875,103.5546875,3.0
2025-06-16 07:57:00+00:00,103.55859375,103.5625,103.5546875,103.55859375,345.0
2025-06-16 07:58:00+00:00,103.5625,103.5625,103.55859375,103.55859375,697.0
2025-06-16 07:59:00+00:00,103.55859375,103.55859375,103.55859375,103.55859375,3.0
2025-06-16 08:01:00+00:00,103.5625,103.5625,103.55859375,103.55859375,11.0
2025-06-16 08:02:00+00:00,103.55859375,103.5625,103.55859375,103.5625,110.0
2025-06-16 08:03:00+00:00,103.55859375,103.55859375,103.55859375,103.55859375,379.0
2025-06-16 08:04:00+00:00,103.55859375,103.5625,103.55859375,103.55859375,199.0
2025-06-16 08:05:00+00:00,103.55859375,103.55859375,103.55859375,103.55859375,2.0
2025-06-16 08:06:00+00:00,103.55859375,103.5625,103.55859375,103.55859375,40.0
2025-06-16 08:07:00+00:00,103.5625,103.5625,103.5625,103.5625,25.0
2025-06-16 08:08:00+00:00,103.5546875,103.55859375,103.5546875,103.55859375,549.0
2025-06-16 08:09:00+00:00,103.5546875,103.5546875,103.5546875,103.5546875,40.0
2025-06-16 08:10:00+00:00,103.5546875,103.5546875,103.5546875,103.5546875,85.0
2025-06-16 08:21:00+00:00,103.55859375,103.5625,103.55859375,103.56199645996094,3093.0
2025-06-16 08:23:00+00:00,103.55859375,103.55859375,103.55859375,103.55859375,14.0
2025-06-16 08:24:00+00:00,103.5546875,103.55859375,103.5546875,103.55859375,657.0
2025-06-16 08:25:00+00:00,103.5546875,103.55859375,103.5546875,103.5546875,40.0
2025-06-16 08:26:00+00:00,103.5625,103.5625,103.5546875,103.5546875,460.0
2025-06-16 08:27:00+00:00,103.55859375,103.5625,103.55859375,103.5625,136.0
2025-06-16 08:28:00+00:00,103.5625,103.5625,103.5625,103.5625,22.0
2025-06-16 08:32:00+00:00,103.5625,103.5625,103.55859375,103.5625,89.0
2025-06-16 08:33:00+00:00,103.5625,103.5625,103.55859375,103.55859375,311.0
2025-06-16 08:34:00+00:00,103.55859375,103.5625,103.55859375,103.5625,9.0
2025-06-16 08:35:00+00:00,103.56640625,103.56640625,103.5625,103.5625,364.0
2025-06-16 08:36:00+00:00,103.56640625,103.56640625,103.56640625,103.56640625,40.0
2025-06-16 08:37:00+00:00,103.56640625,103.56640625,103.56640625,103.56640625,10.0
2025-06-16 08:39:00+00:00,103.5625,103.5625,103.5625,103.5625,397.0
2025-06-16 08:40:00+00:00,103.56640625,103.56640625,103.56640625,103.56640625,199.0
2025-06-16 08:44:00+00:00,103.56640625,103.56640625,103.5625,103.56640625,801.0
2025-06-16 08:45:00+00:00,103.56640625,103.56640625,103.56640625,103.56640625,109.0
2025-06-16 08:46:00+00:00,103.56640625,103.56640625,103.56640625,103.56640625,39.0
2025-06-16 08:47:00+00:00,103.56640625,103.56640625,103.56640625,103.56640625,101.0
2025-06-16 08:49:00+00:00,103.56640625,103.56640625,103.56640625,103.56640625,12.0
2025-06-16 08:50:00+00:00,103.578125,103.578125,103.5703125,103.5703125,574.0
2025-06-16 08:51:00+00:00,103.578125,103.578125,103.578125,103.578125,63.0
2025-06-16 08:52:00+00:00,103.578125,103.578125,103.578125,103.578125,154.0
2025-06-16 08:54:00+00:00,103.57421875,103.57421875,103.5703125,103.57421875,253.0
2025-06-16 08:56:00+00:00,103.5703125,103.57421875,103.56640625,103.5703125,1217.0
2025-06-16 08:57:00+00:00,103.5703125,103.5703125,103.5703125,103.5703125,1045.0
2025-06-16 08:58:00+00:00,103.5703125,103.5703125,103.56640625,103.56640625,442.0
2025-06-16 08:59:00+00:00,103.5703125,103.5703125,103.5703125,103.5703125,67.0
2025-06-16 09:00:00+00:00,103.56640625,103.56640625,103.56640625,103.56640625,26.0
2025-06-16 09:01:00+00:00,103.56640625,103.56640625,103.56640625,103.56640625,2.0
2025-06-16 09:02:00+00:00,103.57421875,103.57421875,103.5703125,103.5703125,114.0
2025-06-16 09:04:00+00:00,103.57421875,103.578125,103.57421875,103.57421875,242.0
2025-06-16 09:05:00+00:00,103.57421875,103.57421875,103.5703125,103.57421875,262.0
2025-06-16 09:06:00+00:00,103.57421875,103.57421875,103.57421875,103.57421875,7.0
2025-06-16 09:07:00+00:00,103.57421875,103.578125,103.57421875,103.57421875,263.0
2025-06-16 09:08:00+00:00,103.57421875,103.57421875,103.57421875,103.57421875,131.0
2025-06-16 09:09:00+00:00,103.57421875,103.57421875,103.57421875,103.57421875,89.0
2025-06-16 09:10:00+00:00,103.578125,103.578125,103.57421875,103.57421875,320.0
2025-06-16 09:11:00+00:00,103.57421875,103.57421875,103.57421875,103.57421875,757.0
2025-06-16 09:13:00+00:00,103.5703125,103.57421875,103.5703125,103.57421875,108.0
2025-06-16 09:14:00+00:00,103.57421875,103.57421875,103.5703125,103.5703125,101.0
2025-06-16 09:15:00+00:00,103.5703125,103.5703125,103.5703125,103.5703125,6.0
2025-06-16 09:16:00+00:00,103.57421875,103.57421875,103.57421875,103.57421875,143.0
2025-06-16 09:17:00+00:00,103.578125,103.578125,103.578125,103.578125,894.0
2025-06-16 09:18:00+00:00,103.578125,103.578125,103.57421875,103.578125,168.0
2025-06-16 09:20:00+00:00,103.58203125,103.58203125,103.578125,103.578125,263.0
2025-06-16 09:21:00+00:00,103.58203125,103.58203125,103.578125,103.58203125,303.0
2025-06-16 09:22:00+00:00,103.578125,103.58203125,103.578125,103.58203125,7.0
2025-06-16 09:24:00+00:00,103.578125,103.578125,103.578125,103.578125,6.0
2025-06-16 09:26:00+00:00,103.578125,103.578125,103.578125,103.578125,267.0
2025-06-16 09:27:00+00:00,103.578125,103.578125,103.578125,103.578125,91.0
2025-06-16 09:29:00+00:00,103.578125,103.58203125,103.578125,103.578125,4.0
2025-06-16 09:30:00+00:00,103.58203125,103.58203125,103.578125,103.578125,74.0
2025-06-16 09:32:00+00:00,103.578125,103.578125,103.578125,103.578125,152.0
2025-06-16 09:33:00+00:00,103.57421875,103.578125,103.57421875,103.57421875,285.0
2025-06-16 09:34:00+00:00,103.57421875,103.57421875,103.57421875,103.57421875,4.0
2025-06-16 09:35:00+00:00,103.57421875,103.57421875,103.57421875,103.57421875,384.0
2025-06-16 09:36:00+00:00,103.57421875,103.57421875,103.57421875,103.57421875,145.0
2025-06-16 09:37:00+00:00,103.57421875,103.57421875,103.57421875,103.57421875,72.0
2025-06-16 09:38:00+00:00,103.57421875,103.578125,103.57421875,103.57421875,51.0
2025-06-16 09:39:00+00:00,103.57421875,103.57421875,103.57421875,103.57421875,464.0
2025-06-16 09:40:00+00:00,103.57421875,103.57421875,103.57421875,103.57421875,77.0
2025-06-16 09:41:00+00:00,103.57421875,103.57421875,103.57421875,103.57421875,168.0
2025-06-16 09:42:00+00:00,103.5703125,103.57421875,103.5703125,103.57421875,35.0
2025-06-16 09:43:00+00:00,103.57421875,103.57421875,103.57421875,103.57421875,10.0
2025-06-16 09:47:00+00:00,103.57421875,103.57421875,103.57421875,103.57421875,71.0
2025-06-16 09:49:00+00:00,103.57421875,103.57421875,103.57421875,103.57421875,200.0
2025-06-16 09:51:00+00:00,103.578125,103.578125,103.578125,103.578125,28.0
2025-06-16 09:52:00+00:00,103.578125,103.578125,103.57421875,103.57421875,21.0
2025-06-16 09:55:00+00:00,103.578125,103.578125,103.578125,103.578125,1095.0
2025-06-16 09:56:00+00:00,103.58203125,103.58203125,103.578125,103.578125,988.0
2025-06-16 09:57:00+00:00,103.58203125,103.58203125,103.58203125,103.58203125,380.0
2025-06-16 09:58:00+00:00,103.58984375,103.58984375,103.5859375,103.5859375,1513.0
2025-06-16 09:59:00+00:00,103.59375,103.59375,103.58984375,103.58984375,398.0
2025-06-16 10:00:00+00:00,103.59375,103.59375,103.59375,103.59375,354.0
2025-06-16 10:01:00+00:00,103.58984375,103.59375,103.58984375,103.58984375,399.0
2025-06-16 10:02:00+00:00,103.58984375,103.58984375,103.5859375,103.58984375,472.0
2025-06-16 10:03:00+00:00,103.5859375,103.58984375,103.5859375,103.58984375,9.0
2025-06-16 10:04:00+00:00,103.5859375,103.5859375,103.5859375,103.5859375,44.0
2025-06-16 10:05:00+00:00,103.578125,103.5859375,103.578125,103.5859375,797.0
2025-06-16 10:06:00+00:00,103.58203125,103.58203125,103.578125,103.578125,8.0
2025-06-16 10:07:00+00:00,103.578125,103.58203125,103.578125,103.58203125,6.0
2025-06-16 10:09:00+00:00,103.5780029296875,103.578125,103.5780029296875,103.578125,31.0
2025-06-16 10:10:00+00:00,103.5859375,103.5859375,103.58203125,103.58203125,390.0
2025-06-16 10:12:00+00:00,103.5859375,103.5859375,103.5859375,103.5859375,5.0
2025-06-16 10:13:00+00:00,103.58203125,103.5859375,103.58203125,103.5859375,239.0
2025-06-16 10:14:00+00:00,103.58203125,103.5859375,103.58203125,103.5859375,135.0
2025-06-16 10:15:00+00:00,103.5859375,103.5859375,103.58203125,103.58203125,147.0
2025-06-16 10:18:00+00:00,103.5859375,103.5859375,103.58203125,103.5859375,147.0
2025-06-16 10:19:00+00:00,103.5859375,103.5859375,103.5859375,103.5859375,113.0
2025-06-16 10:20:00+00:00,103.5859375,103.5859375,103.5859375,103.5859375,40.0
2025-06-16 10:21:00+00:00,103.5859375,103.5859375,103.5859375,103.5859375,84.0
2025-06-16 10:22:00+00:00,103.5859375,103.5859375,103.5859375,103.5859375,1.0
2025-06-16 10:24:00+00:00,103.5859375,103.5859375,103.5859375,103.5859375,8.0
2025-06-16 10:26:00+00:00,103.5859375,103.5859375,103.5859375,103.5859375,278.0
2025-06-16 10:28:00+00:00,103.5859375,103.58984375,103.5859375,103.58984375,52.0
2025-06-16 10:29:00+00:00,103.58984375,103.58984375,103.58984375,103.58984375,305.0
2025-06-16 10:30:00+00:00,103.58984375,103.58984375,103.58984375,103.58984375,4.0
2025-06-16 10:32:00+00:00,103.58984375,103.58984375,103.58984375,103.58984375,117.0
2025-06-16 10:34:00+00:00,103.59375,103.59375,103.58984375,103.58984375,76.0
2025-06-16 10:35:00+00:00,103.58984375,103.58984375,103.58984375,103.58984375,113.0
2025-06-16 10:36:00+00:00,103.58984375,103.58984375,103.58984375,103.58984375,87.0
2025-06-16 10:40:00+00:00,103.5859375,103.58984375,103.5859375,103.58984375,495.0
2025-06-16 10:41:00+00:00,103.5859375,103.58984375,103.5859375,103.5859375,235.0
2025-06-16 10:42:00+00:00,103.5859375,103.5859375,103.5859375,103.5859375,43.0
2025-06-16 10:43:00+00:00,103.5859375,103.5859375,103.58203125,103.58203125,58.0
2025-06-16 10:45:00+00:00,103.5859375,103.5859375,103.5859375,103.5859375,638.0
2025-06-16 10:46:00+00:00,103.5859375,103.58984375,103.5859375,103.5859375,342.0
2025-06-16 10:48:00+00:00,103.5859375,103.58984375,103.5859375,103.5859375,199.0
2025-06-16 10:49:00+00:00,103.5859375,103.5859375,103.5859375,103.5859375,88.0
2025-06-16 10:50:00+00:00,103.58984375,103.58984375,103.58984375,103.58984375,200.0
2025-06-16 10:52:00+00:00,103.59375,103.59375,103.59375,103.59375,262.0
2025-06-16 10:54:00+00:00,103.59765625,103.59765625,103.59765625,103.59765625,7.0
2025-06-16 10:55:00+00:00,103.59375,103.59375,103.59375,103.59375,164.0
2025-06-16 10:57:00+00:00,103.59375,103.59375,103.59375,103.59375,37.0
2025-06-16 10:58:00+00:00,103.6015625,103.6015625,103.59375,103.59375,890.0
2025-06-16 11:00:00+00:00,103.60546875,103.60546875,103.59765625,103.6015625,275.0
2025-06-16 11:01:00+00:00,103.60546875,103.60546875,103.60546875,103.60546875,18.0
2025-06-16 11:02:00+00:00,103.6015625,103.60546875,103.6015625,103.60546875,580.0
2025-06-16 11:03:00+00:00,103.6015625,103.6015625,103.6015625,103.6015625,89.0
2025-06-16 11:04:00+00:00,103.6015625,103.6015625,103.6015625,103.6015625,229.0
2025-06-16 11:05:00+00:00,103.6015625,103.6015625,103.6015625,103.6015625,27.0
2025-06-16 11:06:00+00:00,103.59765625,103.59765625,103.59765625,103.59765625,6.0
2025-06-16 11:07:00+00:00,103.6015625,103.6015625,103.59765625,103.59765625,375.0
2025-06-16 11:08:00+00:00,103.59375,103.59765625,103.59375,103.59765625,713.0
2025-06-16 11:10:00+00:00,103.5859375,103.59375,103.5859375,103.58984375,661.0
2025-06-16 11:11:00+00:00,103.58203125,103.5859375,103.58203125,103.5859375,1402.0
2025-06-16 11:12:00+00:00,103.58203125,103.58203125,103.58203125,103.58203125,83.0
2025-06-16 11:13:00+00:00,103.58203125,103.5859375,103.58203125,103.5859375,126.0
2025-06-16 11:14:00+00:00,103.58203125,103.5859375,103.58203125,103.5859375,31.0
2025-06-16 11:16:00+00:00,103.58203125,103.58203125,103.58203125,103.58203125,78.0
2025-06-16 11:17:00+00:00,103.58203125,103.58203125,103.58203125,103.58203125,593.0
2025-06-16 11:18:00+00:00,103.58203125,103.58203125,103.58203125,103.58203125,515.0
2025-06-16 11:20:00+00:00,103.58203125,103.58203125,103.58203125,103.58203125,6.0
2025-06-16 11:21:00+00:00,103.5859375,103.5859375,103.5859375,103.5859375,90.0
2025-06-16 11:22:00+00:00,103.58984375,103.58984375,103.5859375,103.5859375,275.0
2025-06-16 11:24:00+00:00,103.59375,103.59375,103.59375,103.59375,1.0
2025-06-16 11:27:00+00:00,103.58984375,103.58984375,103.58984375,103.58984375,476.0
2025-06-16 11:28:00+00:00,103.58984375,103.58984375,103.58984375,103.58984375,107.0
2025-06-16 11:29:00+00:00,103.59375,103.59375,103.59375,103.59375,85.0
2025-06-16 11:30:00+00:00,103.59375,103.59375,103.59375,103.59375,116.0
2025-06-16 11:31:00+00:00,103.59375,103.59375,103.59375,103.59375,30.0
2025-06-16 11:32:00+00:00,103.59375,103.59375,103.58984375,103.58984375,9.0
2025-06-16 11:35:00+00:00,103.58984375,103.58984375,103.5859375,103.58984375,276.0
2025-06-16 11:37:00+00:00,103.58984375,103.58984375,103.58984375,103.58984375,209.0
2025-06-16 11:38:00+00:00,103.58984375,103.58984375,103.58984375,103.58984375,125.0
2025-06-16 11:39:00+00:00,103.59375,103.59375,103.58984375,103.58984375,1209.0
2025-06-16 11:40:00+00:00,103.58984375,103.59765625,103.58984375,103.59765625,800.0
2025-06-16 11:41:00+00:00,103.58984375,103.58984375,103.58984375,103.58984375,308.0
2025-06-16 11:42:00+00:00,103.5859375,103.5859375,103.5859375,103.5859375,548.0
2025-06-16 11:43:00+00:00,103.58203125,103.58203125,103.58203125,103.58203125,475.0
2025-06-16 11:44:00+00:00,103.58203125,103.58203125,103.58203125,103.58203125,15.0
2025-06-16 11:45:00+00:00,103.58203125,103.58203125,103.58203125,103.58203125,82.0
2025-06-16 11:48:00+00:00,103.578125,103.58203125,103.578125,103.578125,948.0
2025-06-16 11:51:00+00:00,103.578125,103.578125,103.578125,103.578125,29.0
2025-06-16 11:52:00+00:00,103.578125,103.578125,103.578125,103.578125,221.0
2025-06-16 11:53:00+00:00,103.578125,103.578125,103.578125,103.578125,25.0
2025-06-16 11:55:00+00:00,103.57421875,103.57421875,103.57421875,103.57421875,247.0
2025-06-16 11:56:00+00:00,103.57421875,103.57421875,103.5703125,103.57421875,299.0
2025-06-16 11:57:00+00:00,103.5703125,103.57421875,103.5703125,103.57421875,384.0
2025-06-16 11:58:00+00:00,103.5703125,103.5703125,103.5703125,103.5703125,345.0
2025-06-16 11:59:00+00:00,103.57421875,103.57421875,103.57421875,103.57421875,35.0
2025-06-16 12:00:00+00:00,103.56640625,103.57421875,103.56640625,103.57421875,1128.0
2025-06-16 12:01:00+00:00,103.55859375,103.56640625,103.5546875,103.56640625,1336.0
2025-06-16 12:02:00+00:00,103.55859375,103.55859375,103.55859375,103.55859375,191.0
2025-06-16 12:03:00+00:00,103.55859375,103.55859375,103.5546875,103.55859375,228.0
2025-06-16 12:04:00+00:00,103.5625,103.5625,103.5546875,103.5546875,1048.0
2025-06-16 12:05:00+00:00,103.5625,103.5625,103.5625,103.5625,14.0
2025-06-16 12:06:00+00:00,103.55859375,103.56640625,103.55859375,103.5625,359.0
2025-06-16 12:07:00+00:00,103.55859375,103.5625,103.55859375,103.5625,48.0
2025-06-16 12:08:00+00:00,103.5625,103.56640625,103.55859375,103.5625,254.0
2025-06-16 12:09:00+00:00,103.5625,103.5625,103.55859375,103.5625,249.0
2025-06-16 12:10:00+00:00,103.55859375,103.5625,103.55859375,103.5625,355.0
2025-06-16 12:11:00+00:00,103.5625,103.5625,103.5625,103.5625,90.0
2025-06-16 12:12:00+00:00,103.5625,103.5625,103.5625,103.5625,63.0
2025-06-16 12:13:00+00:00,103.5625,103.5625,103.5625,103.5625,444.0
2025-06-16 12:14:00+00:00,103.5625,103.5625,103.55859375,103.5625,147.0
2025-06-16 12:15:00+00:00,103.5625,103.5625,103.55859375,103.55859375,233.0
2025-06-16 12:16:00+00:00,103.5625,103.5625,103.5625,103.5625,30.0
2025-06-16 12:18:00+00:00,103.56640625,103.56640625,103.5625,103.5625,1116.0
2025-06-16 12:19:00+00:00,103.5703125,103.5703125,103.56640625,103.56640625,361.0
2025-06-16 12:20:00+00:00,103.57421875,103.57421875,103.56640625,103.56640625,639.0
2025-06-16 12:21:00+00:00,103.58203125,103.58203125,103.57421875,103.578125,2171.0
2025-06-16 12:22:00+00:00,103.5859375,103.5859375,103.58203125,103.5859375,71.0
2025-06-16 12:23:00+00:00,103.58203125,103.5859375,103.58203125,103.5859375,176.0
2025-06-16 12:24:00+00:00,103.5859375,103.5859375,103.58203125,103.58203125,695.0
2025-06-16 12:25:00+00:00,103.57421875,103.5859375,103.5703125,103.5859375,2069.0
2025-06-16 12:26:00+00:00,103.58203125,103.58203125,103.578125,103.578125,312.0
2025-06-16 12:28:00+00:00,103.58203125,103.58203125,103.58203125,103.58203125,965.0
2025-06-16 12:29:00+00:00,103.5859375,103.5859375,103.5859375,103.5859375,207.0
2025-06-16 12:30:00+00:00,103.59375,103.59765625,103.5859375,103.5859375,1225.0
2025-06-16 12:31:00+00:00,103.5859375,103.59375,103.5859375,103.58984375,1423.0
2025-06-16 12:32:00+00:00,103.5859375,103.5859375,103.58203125,103.5859375,756.0
2025-06-16 12:33:00+00:00,103.58984375,103.58984375,103.5859375,103.5859375,517.0
2025-06-16 12:34:00+00:00,103.5859375,103.58984375,103.5859375,103.5859375,2152.0
2025-06-16 12:35:00+00:00,103.58203125,103.5859375,103.58203125,103.5859375,371.0
2025-06-16 12:36:00+00:00,103.5859375,103.5859375,103.58203125,103.5859375,282.0
2025-06-16 12:37:00+00:00,103.58203125,103.5859375,103.58203125,103.5859375,133.0
2025-06-16 12:38:00+00:00,103.58984375,103.58984375,103.5859375,103.5859375,237.0
2025-06-16 12:39:00+00:00,103.58984375,103.58984375,103.58984375,103.58984375,529.0
2025-06-16 12:40:00+00:00,103.58984375,103.58984375,103.58984375,103.58984375,282.0
2025-06-16 12:41:00+00:00,103.578125,103.58984375,103.578125,103.5859375,367.0
2025-06-16 12:42:00+00:00,103.58203125,103.58203125,103.578125,103.578125,417.0
2025-06-16 12:43:00+00:00,103.578125,103.58203125,103.578125,103.58203125,363.0
2025-06-16 12:44:00+00:00,103.578125,103.58203125,103.578125,103.58203125,85.0
2025-06-16 12:45:00+00:00,103.578125,103.578125,103.578125,103.578125,384.0
2025-06-16 12:46:00+00:00,103.58203125,103.58203125,103.578125,103.58203125,16.0
2025-06-16 12:48:00+00:00,103.57421875,103.578125,103.57421875,103.578125,107.0
2025-06-16 12:49:00+00:00,103.58203125,103.58203125,103.578125,103.578125,684.0
2025-06-16 12:50:00+00:00,103.58203125,103.5859375,103.58203125,103.58203125,660.0
2025-06-16 12:51:00+00:00,103.58203125,103.58203125,103.578125,103.58203125,218.0
2025-06-16 12:52:00+00:00,103.58203125,103.58203125,103.578125,103.578125,171.0
2025-06-16 12:53:00+00:00,103.60546875,103.60546875,103.58203125,103.58203125,5902.0
2025-06-16 12:54:00+00:00,103.60546875,103.60546875,103.6015625,103.60546875,687.0
2025-06-16 12:55:00+00:00,103.6015625,103.60546875,103.6015625,103.6015625,364.0
2025-06-16 12:56:00+00:00,103.6015625,103.60546875,103.6015625,103.60546875,464.0
2025-06-16 12:59:00+00:00,103.6015625,103.6015625,103.6015625,103.6015625,3391.0
2025-06-16 13:00:00+00:00,103.6015625,103.6015625,103.59765625,103.59765625,1091.0
2025-06-16 13:01:00+00:00,103.60546875,103.60546875,103.6015625,103.6015625,681.0
2025-06-16 13:02:00+00:00,103.60546875,103.609375,103.6015625,103.60546875,590.0
2025-06-16 13:03:00+00:00,103.6015625,103.609375,103.6015625,103.60546875,774.0
2025-06-16 13:04:00+00:00,103.59375,103.59765625,103.59375,103.59765625,386.0
2025-06-16 13:05:00+00:00,103.59375,103.59765625,103.59375,103.59765625,476.0
2025-06-16 13:06:00+00:00,103.59375,103.59375,103.59375,103.59375,305.0
2025-06-16 13:07:00+00:00,103.58984375,103.59375,103.58984375,103.59375,141.0
2025-06-16 13:08:00+00:00,103.58984375,103.59375,103.58984375,103.59375,198.0
2025-06-16 13:09:00+00:00,103.59375,103.59375,103.58984375,103.58984375,979.0
2025-06-16 13:11:00+00:00,103.5859375,103.59375,103.5859375,103.58984375,463.0
2025-06-16 13:13:00+00:00,103.58984375,103.59375,103.58984375,103.58984375,596.0
2025-06-16 13:14:00+00:00,103.58984375,103.58984375,103.58984375,103.58984375,52.0
2025-06-16 13:15:00+00:00,103.58984375,103.58984375,103.58984375,103.58984375,330.0
2025-06-16 13:16:00+00:00,103.58203125,103.58984375,103.58203125,103.5859375,820.0
2025-06-16 13:20:00+00:00,103.59765625,103.59765625,103.59375,103.59765625,1673.0
2025-06-16 13:21:00+00:00,103.60546875,103.60546875,103.6015625,103.6015625,973.0
2025-06-16 13:22:00+00:00,103.60546875,103.60546875,103.60546875,103.60546875,182.0
2025-06-16 13:23:00+00:00,103.60546875,103.60546875,103.6015625,103.60546875,484.0
2025-06-16 13:24:00+00:00,103.6015625,103.6015625,103.59765625,103.6015625,427.0
2025-06-16 13:25:00+00:00,103.59765625,103.6015625,103.59765625,103.6015625,375.0
2025-06-16 13:26:00+00:00,103.59765625,103.6015625,103.59765625,103.6015625,272.0
2025-06-16 13:27:00+00:00,103.59375,103.59375,103.58984375,103.59375,318.0
2025-06-16 13:28:00+00:00,103.59375,103.59375,103.59375,103.59375,547.0
2025-06-16 13:29:00+00:00,103.58984375,103.59375,103.58984375,103.59375,54.0
2025-06-16 13:30:00+00:00,103.58203125,103.58984375,103.58203125,103.58984375,666.0
2025-06-16 13:31:00+00:00,103.58203125,103.58203125,103.578125,103.58203125,113.0
2025-06-16 13:32:00+00:00,103.58203125,103.5859375,103.58203125,103.58203125,240.0
2025-06-16 13:33:00+00:00,103.5859375,103.5859375,103.58203125,103.5859375,322.0
2025-06-16 13:34:00+00:00,103.5859375,103.5859375,103.5859375,103.5859375,62.0
2025-06-16 13:37:00+00:00,103.578125,103.58203125,103.578125,103.578125,1734.0
2025-06-16 13:38:00+00:00,103.578125,103.578125,103.578125,103.578125,191.0
2025-06-16 13:39:00+00:00,103.578125,103.578125,103.57421875,103.578125,233.0
2025-06-16 13:40:00+00:00,103.5703125,103.578125,103.5703125,103.57421875,627.0
2025-06-16 13:41:00+00:00,103.57421875,103.57421875,103.5703125,103.5703125,268.0
2025-06-16 13:42:00+00:00,103.57421875,103.57421875,103.5703125,103.57421875,223.0
2025-06-16 13:43:00+00:00,103.58203125,103.58203125,103.578125,103.578125,90.0
2025-06-16 13:44:00+00:00,103.5859375,103.5859375,103.58203125,103.58203125,340.0
2025-06-16 13:45:00+00:00,103.5859375,103.5859375,103.578125,103.5859375,954.0
2025-06-16 13:46:00+00:00,103.5859375,103.5859375,103.5859375,103.5859375,626.0
2025-06-16 13:47:00+00:00,103.58984375,103.58984375,103.58203125,103.58203125,507.0
2025-06-16 13:48:00+00:00,103.5859375,103.59375,103.5859375,103.58984375,419.0
2025-06-16 13:50:00+00:00,103.5859375,103.5859375,103.58203125,103.58203125,4195.0
2025-06-16 13:51:00+00:00,103.5859375,103.5859375,103.5859375,103.5859375,15.0
2025-06-16 13:52:00+00:00,103.5859375,103.58984375,103.5859375,103.5859375,13.0
2025-06-16 13:53:00+00:00,103.5859375,103.58984375,103.58203125,103.5859375,2331.0
2025-06-16 13:54:00+00:00,103.6015625,103.60546875,103.5859375,103.58984375,4377.0
2025-06-16 13:55:00+00:00,103.6015625,103.60546875,103.6015625,103.6015625,377.0
2025-06-16 13:56:00+00:00,103.6015625,103.60546875,103.6015625,103.6015625,850.0
2025-06-16 13:59:00+00:00,103.62109375,103.62109375,103.61328125,103.61328125,10778.0
2025-06-16 14:00:00+00:00,103.625,103.625,103.6171875,103.6171875,997.0
2025-06-16 14:01:00+00:00,103.62890625,103.62890625,103.625,103.625,1566.0
2025-06-16 14:02:00+00:00,103.62890625,103.6328125,103.625,103.625,1469.0
2025-06-16 14:03:00+00:00,103.625,103.62890625,103.625,103.62890625,655.0
2025-06-16 14:04:00+00:00,103.62109375,103.62890625,103.62109375,103.62890625,1005.0
2025-06-16 14:05:00+00:00,103.625,103.625,103.6171875,103.62109375,1973.0
2025-06-16 14:06:00+00:00,103.62109375,103.625,103.62109375,103.625,787.0
2025-06-16 14:07:00+00:00,103.62109375,103.625,103.62109375,103.625,642.0
2025-06-16 14:08:00+00:00,103.6171875,103.62109375,103.61328125,103.62109375,487.0
2025-06-16 14:09:00+00:00,103.61328125,103.6171875,103.61328125,103.6171875,676.0
2025-06-16 14:10:00+00:00,103.61328125,103.6171875,103.61328125,103.61328125,319.0
2025-06-16 14:11:00+00:00,103.6171875,103.6171875,103.61328125,103.61328125,16.0
2025-06-16 14:12:00+00:00,103.609375,103.61328125,103.609375,103.61328125,1153.0
2025-06-16 14:13:00+00:00,103.61328125,103.61328125,103.61328125,103.61328125,189.0
2025-06-16 14:14:00+00:00,103.61328125,103.6171875,103.61328125,103.6171875,721.0
2025-06-16 14:15:00+00:00,103.6171875,103.6171875,103.61328125,103.61328125,14.0
2025-06-16 14:16:00+00:00,103.61328125,103.6171875,103.61328125,103.61328125,364.0
2025-06-16 14:20:00+00:00,103.6171875,103.6171875,103.61328125,103.6171875,1945.0
2025-06-16 14:21:00+00:00,103.61328125,103.6171875,103.61328125,103.61328125,240.0
2025-06-16 14:22:00+00:00,103.62109375,103.62109375,103.61328125,103.6171875,256.0
2025-06-16 14:23:00+00:00,103.62109375,103.62109375,103.6171875,103.6171875,1081.0
2025-06-16 14:24:00+00:00,103.62109375,103.625,103.62109375,103.62109375,91.0
2025-06-16 14:25:00+00:00,103.625,103.62890625,103.625,103.625,1294.0
2025-06-16 14:26:00+00:00,103.62109375,103.625,103.62109375,103.625,601.0
2025-06-16 14:27:00+00:00,103.625,103.62890625,103.625,103.625,940.0
2025-06-16 14:29:00+00:00,103.625,103.625,103.62109375,103.625,877.0
2025-06-16 14:30:00+00:00,103.62890625,103.62890625,103.625,103.625,524.0
2025-06-16 14:31:00+00:00,103.625,103.62890625,103.625,103.62890625,726.0
2025-06-16 14:32:00+00:00,103.62890625,103.62890625,103.625,103.625,414.0
2025-06-16 14:35:00+00:00,103.63671875,103.63671875,103.6328125,103.6328125,2645.0
2025-06-16 14:36:00+00:00,103.63671875,103.63671875,103.6328125,103.63671875,364.0
2025-06-16 14:37:00+00:00,103.6328125,103.63671875,103.625,103.63671875,3895.0
2025-06-16 14:38:00+00:00,103.62890625,103.62890625,103.62890625,103.62890625,248.0
2025-06-16 14:39:00+00:00,103.6328125,103.6328125,103.6328125,103.6328125,25.0
2025-06-16 14:40:00+00:00,103.62890625,103.6328125,103.625,103.6328125,2991.0
2025-06-16 14:41:00+00:00,103.625,103.62890625,103.62109375,103.62890625,1629.0
2025-06-16 14:42:00+00:00,103.6171875,103.625,103.6171875,103.625,3244.0
2025-06-16 14:43:00+00:00,103.62109375,103.62109375,103.6171875,103.6171875,615.0
2025-06-16 14:44:00+00:00,103.62109375,103.625,103.62109375,103.62109375,655.0
2025-06-16 14:45:00+00:00,103.625,103.625,103.625,103.625,4.0
2025-06-16 14:46:00+00:00,103.62109375,103.62890625,103.62109375,103.625,1478.0
2025-06-16 14:47:00+00:00,103.62109375,103.62109375,103.62109375,103.62109375,850.0
2025-06-16 14:48:00+00:00,103.6171875,103.625,103.6171875,103.625,210.0
2025-06-16 14:49:00+00:00,103.62109375,103.62109375,103.62109375,103.62109375,244.0
2025-06-16 14:50:00+00:00,103.62890625,103.62890625,103.625,103.625,195.0
2025-06-16 14:51:00+00:00,103.625,103.625,103.625,103.625,594.0
2025-06-16 14:52:00+00:00,103.62109375,103.62109375,103.62109375,103.62109375,421.0
2025-06-16 14:55:00+00:00,103.62109375,103.62109375,103.62109375,103.62109375,35.0
2025-06-16 14:56:00+00:00,103.62109375,103.62109375,103.62109375,103.62109375,5.0
2025-06-16 14:57:00+00:00,103.6171875,103.6171875,103.6171875,103.6171875,1230.0
2025-06-16 14:58:00+00:00,103.61328125,103.61328125,103.61328125,103.61328125,160.0
2025-06-16 14:59:00+00:00,103.61328125,103.61328125,103.609375,103.61328125,49.0
2025-06-16 15:00:00+00:00,103.6171875,103.6171875,103.609375,103.609375,850.0
2025-06-16 15:01:00+00:00,103.61328125,103.61328125,103.61328125,103.61328125,242.0
2025-06-16 15:03:00+00:00,103.6171875,103.6171875,103.61328125,103.61328125,225.0
2025-06-16 15:04:00+00:00,103.6171875,103.6171875,103.61328125,103.61328125,1351.0
2025-06-16 15:05:00+00:00,103.6171875,103.62109375,103.6171875,103.6171875,899.0
2025-06-16 15:06:00+00:00,103.6171875,103.6171875,103.6171875,103.6171875,45.0
2025-06-16 15:07:00+00:00,103.6171875,103.62109375,103.6171875,103.62109375,34.0
2025-06-16 15:10:00+00:00,103.6171875,103.6171875,103.6171875,103.6171875,524.0
2025-06-16 15:11:00+00:00,103.61328125,103.6171875,103.609375,103.6171875,1451.0
2025-06-16 15:12:00+00:00,103.61328125,103.61328125,103.609375,103.61328125,837.0
2025-06-16 15:13:00+00:00,103.61328125,103.61328125,103.61328125,103.61328125,8.0
2025-06-16 15:14:00+00:00,103.6171875,103.6171875,103.6171875,103.6171875,93.0
2025-06-16 15:15:00+00:00,103.62109375,103.62109375,103.6171875,103.62109375,471.0
2025-06-16 15:17:00+00:00,103.6171875,103.62109375,103.6171875,103.62109375,508.0
2025-06-16 15:18:00+00:00,103.61328125,103.6171875,103.609375,103.6171875,1197.0
2025-06-16 15:19:00+00:00,103.609375,103.61328125,103.609375,103.61328125,61.0
2025-06-16 15:20:00+00:00,103.6171875,103.6171875,103.61328125,103.61328125,438.0
2025-06-16 15:21:00+00:00,103.6171875,103.6171875,103.6171875,103.6171875,105.0
2025-06-16 15:22:00+00:00,103.62109375,103.62109375,103.62109375,103.62109375,994.0
2025-06-16 15:23:00+00:00,103.6171875,103.62109375,103.6171875,103.6171875,115.0
2025-06-16 15:24:00+00:00,103.6171875,103.6171875,103.6171875,103.6171875,123.0
2025-06-16 15:25:00+00:00,103.6171875,103.6171875,103.6171875,103.6171875,821.0
2025-06-16 15:28:00+00:00,103.6171875,103.6171875,103.6171875,103.6171875,977.0
2025-06-16 15:29:00+00:00,103.6171875,103.6171875,103.61328125,103.6171875,320.0
2025-06-16 15:30:00+00:00,103.61328125,103.6171875,103.61328125,103.6171875,263.0
2025-06-16 15:31:00+00:00,103.6171875,103.6171875,103.6171875,103.6171875,57.0
2025-06-16 15:32:00+00:00,103.6171875,103.62109375,103.6171875,103.6171875,1125.0
2025-06-16 15:33:00+00:00,103.6171875,103.6171875,103.6171875,103.6171875,427.0
2025-06-16 15:34:00+00:00,103.609375,103.61328125,103.609375,103.61328125,2281.0
2025-06-16 15:35:00+00:00,103.6171875,103.6171875,103.61328125,103.61328125,528.0
2025-06-16 15:36:00+00:00,103.6171875,103.62109375,103.6171875,103.6171875,564.0
2025-06-16 15:37:00+00:00,103.62109375,103.62109375,103.6171875,103.6171875,573.0
2025-06-16 15:38:00+00:00,103.625,103.62890625,103.62109375,103.62109375,380.0
2025-06-16 15:39:00+00:00,103.6328125,103.6328125,103.62890625,103.62890625,904.0
2025-06-16 15:40:00+00:00,103.6328125,103.6328125,103.62890625,103.6328125,682.0
2025-06-16 15:41:00+00:00,103.63671875,103.63671875,103.6328125,103.6328125,122.0
2025-06-16 15:42:00+00:00,103.6328125,103.63671875,103.6328125,103.63671875,281.0
2025-06-16 15:44:00+00:00,103.63671875,103.63671875,103.6328125,103.6328125,540.0
2025-06-16 15:48:00+00:00,103.62890625,103.62890625,103.625,103.625,840.0
2025-06-16 15:49:00+00:00,103.62890625,103.62890625,103.625,103.62890625,880.0
2025-06-16 15:50:00+00:00,103.625,103.62890625,103.625,103.62890625,121.0
2025-06-16 15:51:00+00:00,103.625,103.625,103.625,103.625,132.0
2025-06-16 15:52:00+00:00,103.62890625,103.62890625,103.625,103.625,114.0
2025-06-16 15:53:00+00:00,103.62890625,103.62890625,103.62890625,103.62890625,10.0
2025-06-16 15:54:00+00:00,103.625,103.62890625,103.625,103.62890625,116.0
2025-06-16 15:55:00+00:00,103.62890625,103.62890625,103.625,103.625,639.0
2025-06-16 15:56:00+00:00,103.625,103.625,103.6171875,103.625,2435.0
2025-06-16 15:57:00+00:00,103.625,103.625,103.62109375,103.62109375,172.0
2025-06-16 15:58:00+00:00,103.625,103.625,103.62109375,103.625,245.0
2025-06-16 15:59:00+00:00,103.62109375,103.62109375,103.6171875,103.62109375,469.0
2025-06-16 16:00:00+00:00,103.62890625,103.62890625,103.62109375,103.62109375,734.0
2025-06-16 16:01:00+00:00,103.62890625,103.62890625,103.62890625,103.62890625,543.0
2025-06-16 16:02:00+00:00,103.625,103.6328125,103.625,103.6328125,538.0
2025-06-16 16:06:00+00:00,103.62109375,103.62109375,103.62109375,103.62109375,655.0
2025-06-16 16:07:00+00:00,103.62109375,103.62109375,103.62109375,103.62109375,107.0
2025-06-16 16:08:00+00:00,103.625,103.625,103.625,103.625,52.0
2025-06-16 16:09:00+00:00,103.62109375,103.625,103.62109375,103.625,325.0
2025-06-16 16:10:00+00:00,103.61328125,103.62109375,103.61328125,103.62109375,692.0
2025-06-16 16:11:00+00:00,103.61328125,103.61328125,103.61328125,103.61328125,1126.0
2025-06-16 16:12:00+00:00,103.61328125,103.61328125,103.61328125,103.61328125,64.0
2025-06-16 16:13:00+00:00,103.6171875,103.6171875,103.6171875,103.6171875,52.0
2025-06-16 16:14:00+00:00,103.61328125,103.6171875,103.61328125,103.6171875,106.0
2025-06-16 16:16:00+00:00,103.609375,103.61328125,103.609375,103.61328125,152.0
2025-06-16 16:18:00+00:00,103.61328125,103.61328125,103.61328125,103.61328125,535.0
2025-06-16 16:22:00+00:00,103.61328125,103.6171875,103.61328125,103.6171875,2088.0
2025-06-16 16:23:00+00:00,103.61328125,103.6171875,103.61328125,103.6171875,10.0
2025-06-16 16:24:00+00:00,103.61328125,103.6171875,103.61328125,103.6171875,120.0
2025-06-16 16:25:00+00:00,103.61328125,103.61328125,103.61328125,103.61328125,575.0
2025-06-16 16:26:00+00:00,103.61328125,103.61328125,103.61328125,103.61328125,154.0
2025-06-16 16:27:00+00:00,103.609375,103.609375,103.609375,103.609375,263.0
2025-06-16 16:30:00+00:00,103.61328125,103.61328125,103.609375,103.609375,215.0
2025-06-16 16:31:00+00:00,103.61328125,103.61328125,103.61328125,103.61328125,85.0
2025-06-16 16:32:00+00:00,103.61328125,103.61328125,103.609375,103.61328125,349.0
2025-06-16 16:33:00+00:00,103.61328125,103.61328125,103.609375,103.61328125,126.0
2025-06-16 16:34:00+00:00,103.61328125,103.61328125,103.609375,103.61328125,72.0
2025-06-16 16:35:00+00:00,103.61328125,103.61328125,103.609375,103.609375,379.0
2025-06-16 16:36:00+00:00,103.61328125,103.61328125,103.609375,103.609375,17.0
2025-06-16 16:37:00+00:00,103.61328125,103.61328125,103.609375,103.61328125,110.0
2025-06-16 16:40:00+00:00,103.609375,103.609375,103.609375,103.609375,168.0
2025-06-16 16:41:00+00:00,103.61328125,103.61328125,103.609375,103.609375,938.0
2025-06-16 16:42:00+00:00,103.61328125,103.6171875,103.61328125,103.61328125,741.0
2025-06-16 16:43:00+00:00,103.61328125,103.61328125,103.61328125,103.61328125,395.0
2025-06-16 16:44:00+00:00,103.61328125,103.6171875,103.61328125,103.6171875,359.0
2025-06-16 16:45:00+00:00,103.61328125,103.61328125,103.61328125,103.61328125,235.0
2025-06-16 16:46:00+00:00,103.60546875,103.61328125,103.60546875,103.609375,1159.0
2025-06-16 16:47:00+00:00,103.60546875,103.609375,103.60546875,103.60546875,402.0
2025-06-16 16:48:00+00:00,103.60546875,103.60546875,103.6015625,103.60546875,434.0
2025-06-16 16:49:00+00:00,103.609375,103.609375,103.60546875,103.609375,775.0
2025-06-16 16:50:00+00:00,103.609375,103.609375,103.609375,103.609375,155.0
2025-06-16 16:51:00+00:00,103.609375,103.61328125,103.609375,103.609375,343.0
2025-06-16 16:52:00+00:00,103.609375,103.61328125,103.609375,103.609375,680.0
2025-06-16 16:53:00+00:00,103.609375,103.609375,103.60546875,103.60546875,317.0
2025-06-16 16:54:00+00:00,103.609375,103.609375,103.609375,103.609375,113.0
2025-06-16 16:55:00+00:00,103.609375,103.609375,103.60546875,103.60546875,1193.0
2025-06-16 16:56:00+00:00,103.60546875,103.609375,103.60546875,103.60546875,575.0
2025-06-16 16:57:00+00:00,103.609375,103.609375,103.609375,103.609375,513.0
2025-06-16 16:58:00+00:00,103.609375,103.609375,103.60546875,103.609375,418.0
2025-06-16 16:59:00+00:00,103.609375,103.61328125,103.60546875,103.609375,451.0
2025-06-16 17:02:00+00:00,103.609375,103.609375,103.60546875,103.60546875,1266.0
2025-06-16 17:03:00+00:00,103.609375,103.609375,103.609375,103.609375,306.0
2025-06-16 17:04:00+00:00,103.609375,103.609375,103.609375,103.609375,121.0
2025-06-16 17:05:00+00:00,103.609375,103.609375,103.609375,103.609375,293.0
2025-06-16 17:06:00+00:00,103.60546875,103.60546875,103.60546875,103.60546875,75.0
2025-06-16 17:07:00+00:00,103.60546875,103.609375,103.6015625,103.60546875,166.0
2025-06-16 17:08:00+00:00,103.6015625,103.60546875,103.6015625,103.60546875,17.0
2025-06-16 17:09:00+00:00,103.6015625,103.6015625,103.6015625,103.6015625,498.0
2025-06-16 17:10:00+00:00,103.6015625,103.6015625,103.6015625,103.6015625,361.0
2025-06-16 17:11:00+00:00,103.6015625,103.6015625,103.59765625,103.6015625,701.0
2025-06-16 17:12:00+00:00,103.6015625,103.6015625,103.6015625,103.6015625,497.0
2025-06-16 17:13:00+00:00,103.59765625,103.59765625,103.59765625,103.59765625,435.0
2025-06-16 17:14:00+00:00,103.6015625,103.6015625,103.6015625,103.6015625,335.0
2025-06-16 17:15:00+00:00,103.6015625,103.6015625,103.59765625,103.6015625,306.0
2025-06-16 17:17:00+00:00,103.6015625,103.6015625,103.6015625,103.6015625,15.0
2025-06-16 17:18:00+00:00,103.59765625,103.6015625,103.59765625,103.6015625,615.0
2025-06-16 17:19:00+00:00,103.59375,103.59765625,103.59375,103.59375,91.0
2025-06-16 17:20:00+00:00,103.59375,103.59765625,103.59375,103.59765625,61.0
2025-06-16 17:21:00+00:00,103.59375,103.59765625,103.59375,103.59765625,108.0
2025-06-16 17:22:00+00:00,103.58984375,103.59375,103.58984375,103.59375,958.0
2025-06-16 17:23:00+00:00,103.58984375,103.58984375,103.58984375,103.58984375,35.0
2025-06-16 17:26:00+00:00,103.58984375,103.58984375,103.58984375,103.58984375,83.0
2025-06-16 17:27:00+00:00,103.59375,103.59765625,103.59375,103.59375,650.0
2025-06-16 17:28:00+00:00,103.58984375,103.59375,103.58984375,103.59375,301.0
2025-06-16 17:29:00+00:00,103.59375,103.59375,103.59375,103.59375,66.0
2025-06-16 17:30:00+00:00,103.58984375,103.58984375,103.58984375,103.58984375,43.0
2025-06-16 17:31:00+00:00,103.59375,103.59375,103.59375,103.59375,160.0
2025-06-16 17:32:00+00:00,103.58984375,103.59375,103.58984375,103.59375,150.0
2025-06-16 17:35:00+00:00,103.58984375,103.58984375,103.5859375,103.5859375,1482.0
2025-06-16 17:36:00+00:00,103.5859375,103.58984375,103.5859375,103.58984375,145.0
2025-06-16 17:37:00+00:00,103.5859375,103.5859375,103.58203125,103.5859375,773.0
2025-06-16 17:38:00+00:00,103.5859375,103.5859375,103.5859375,103.5859375,171.0
2025-06-16 17:39:00+00:00,103.5859375,103.58984375,103.5859375,103.5859375,259.0
2025-06-16 17:40:00+00:00,103.5859375,103.5859375,103.5859375,103.5859375,107.0
2025-06-16 17:41:00+00:00,103.58203125,103.5859375,103.58203125,103.5859375,362.0
2025-06-16 17:43:00+00:00,103.58203125,103.58203125,103.578125,103.578125,906.0
2025-06-16 17:44:00+00:00,103.58203125,103.58203125,103.58203125,103.58203125,294.0
2025-06-16 17:45:00+00:00,103.58203125,103.58203125,103.578125,103.578125,911.0
2025-06-16 17:46:00+00:00,103.578125,103.58203125,103.578125,103.58203125,22.0
2025-06-16 17:48:00+00:00,103.58203125,103.58203125,103.58203125,103.58203125,269.0
2025-06-16 17:49:00+00:00,103.5859375,103.5859375,103.58203125,103.58203125,414.0
2025-06-16 17:50:00+00:00,103.5859375,103.5859375,103.5859375,103.5859375,197.0
2025-06-16 17:52:00+00:00,103.58203125,103.5859375,103.58203125,103.5859375,770.0
2025-06-16 17:53:00+00:00,103.58203125,103.5859375,103.58203125,103.58203125,10.0
2025-06-16 17:54:00+00:00,103.58203125,103.58203125,103.58203125,103.58203125,120.0
2025-06-16 17:55:00+00:00,103.58203125,103.5859375,103.58203125,103.58203125,75.0
2025-06-16 17:56:00+00:00,103.58203125,103.58203125,103.58203125,103.58203125,230.0
2025-06-16 17:57:00+00:00,103.58203125,103.58203125,103.58203125,103.58203125,234.0
2025-06-16 17:58:00+00:00,103.58203125,103.58203125,103.58203125,103.58203125,42.0
2025-06-16 17:59:00+00:00,103.5859375,103.5859375,103.58203125,103.58203125,88.0
2025-06-16 18:00:00+00:00,103.5859375,103.5859375,103.58203125,103.58203125,250.0
2025-06-16 18:01:00+00:00,103.58984375,103.58984375,103.5859375,103.5859375,336.0
2025-06-16 18:02:00+00:00,103.58984375,103.58984375,103.58984375,103.58984375,257.0
2025-06-16 18:03:00+00:00,103.59375,103.59375,103.58984375,103.58984375,338.0
2025-06-16 18:05:00+00:00,103.58984375,103.59375,103.58984375,103.59375,254.0
2025-06-16 18:08:00+00:00,103.5859375,103.58984375,103.5859375,103.5859375,88.0
2025-06-16 18:09:00+00:00,103.5859375,103.58984375,103.5859375,103.5859375,102.0
2025-06-16 18:10:00+00:00,103.58984375,103.58984375,103.58984375,103.58984375,30.0
2025-06-16 18:11:00+00:00,103.58984375,103.58984375,103.5859375,103.58984375,31.0
2025-06-16 18:12:00+00:00,103.58984375,103.58984375,103.5859375,103.5859375,152.0
2025-06-16 18:13:00+00:00,103.5859375,103.58984375,103.5859375,103.58984375,667.0
2025-06-16 18:15:00+00:00,103.5859375,103.5859375,103.5859375,103.5859375,1111.0
2025-06-16 18:16:00+00:00,103.5859375,103.5859375,103.5859375,103.5859375,97.0
2025-06-16 18:18:00+00:00,103.58203125,103.58203125,103.58203125,103.58203125,544.0
2025-06-16 18:19:00+00:00,103.58203125,103.58203125,103.58203125,103.58203125,58.0
2025-06-16 18:21:00+00:00,103.58203125,103.5859375,103.58203125,103.58203125,2301.0
2025-06-16 18:23:00+00:00,103.5859375,103.5859375,103.5859375,103.5859375,446.0
2025-06-16 18:27:00+00:00,103.58203125,103.58203125,103.58203125,103.58203125,329.0
2025-06-16 18:28:00+00:00,103.58203125,103.58203125,103.58203125,103.58203125,357.0
2025-06-16 18:29:00+00:00,103.5859375,103.5859375,103.58203125,103.58203125,102.0
2025-06-16 18:30:00+00:00,103.58203125,103.58203125,103.58203125,103.58203125,1621.0
2025-06-16 18:31:00+00:00,103.58203125,103.58203125,103.58203125,103.58203125,135.0
2025-06-16 18:32:00+00:00,103.58203125,103.5859375,103.58203125,103.5859375,186.0
2025-06-16 18:34:00+00:00,103.58203125,103.58203125,103.58203125,103.58203125,507.0
2025-06-16 18:35:00+00:00,103.5859375,103.5859375,103.58203125,103.58203125,572.0
2025-06-16 18:36:00+00:00,103.5859375,103.5859375,103.5859375,103.5859375,35.0
2025-06-16 18:37:00+00:00,103.5859375,103.5859375,103.5859375,103.5859375,135.0
2025-06-16 18:38:00+00:00,103.58984375,103.58984375,103.5859375,103.5859375,222.0
2025-06-16 18:39:00+00:00,103.58984375,103.58984375,103.58984375,103.58984375,22.0
2025-06-16 18:40:00+00:00,103.58984375,103.58984375,103.58984375,103.58984375,222.0
2025-06-16 18:41:00+00:00,103.58984375,103.58984375,103.58984375,103.58984375,51.0
2025-06-16 18:42:00+00:00,103.59375,103.59375,103.5859375,103.58984375,1228.0
2025-06-16 18:43:00+00:00,103.59375,103.59765625,103.59375,103.59375,1496.0
2025-06-16 18:44:00+00:00,103.58984375,103.58984375,103.58984375,103.58984375,183.0
2025-06-16 18:45:00+00:00,103.58984375,103.58984375,103.58984375,103.58984375,579.0
2025-06-16 18:46:00+00:00,103.58984375,103.59375,103.5859375,103.58984375,725.0
2025-06-16 18:49:00+00:00,103.58984375,103.59375,103.58984375,103.59375,118.0
2025-06-16 18:51:00+00:00,103.59375,103.59765625,103.59375,103.59375,271.0
2025-06-16 18:52:00+00:00,103.59375,103.59765625,103.59375,103.59375,90.0
2025-06-16 18:53:00+00:00,103.59375,103.59765625,103.59375,103.59765625,160.0
2025-06-16 18:54:00+00:00,103.59375,103.59765625,103.59375,103.59765625,927.0
2025-06-16 18:55:00+00:00,103.58984375,103.59765625,103.58984375,103.59765625,709.0
2025-06-16 18:56:00+00:00,103.59765625,103.59765625,103.59375,103.59375,324.0
2025-06-16 18:57:00+00:00,103.59375,103.59375,103.59375,103.59375,2335.0
2025-06-16 18:58:00+00:00,103.59375,103.59375,103.58984375,103.58984375,1841.0
2025-06-16 18:59:00+00:00,103.5859375,103.59375,103.58203125,103.59375,4888.0
2025-06-16 19:00:00+00:00,103.578125,103.5859375,103.578125,103.58203125,977.0
2025-06-16 19:01:00+00:00,103.58203125,103.58203125,103.578125,103.578125,1075.0
2025-06-16 19:04:00+00:00,103.578125,103.58203125,103.57421875,103.58203125,2754.0
2025-06-16 19:05:00+00:00,103.58203125,103.58203125,103.578125,103.578125,455.0
2025-06-16 19:06:00+00:00,103.58203125,103.5859375,103.58203125,103.58203125,148.0
2025-06-16 19:07:00+00:00,103.5859375,103.5859375,103.58203125,103.58203125,100.0
2025-06-16 19:08:00+00:00,103.58203125,103.58203125,103.58203125,103.58203125,305.0
2025-06-16 19:09:00+00:00,103.5859375,103.5859375,103.58203125,103.5859375,24.0
2025-06-16 19:10:00+00:00,103.58203125,103.58203125,103.58203125,103.58203125,207.0
2025-06-16 19:11:00+00:00,103.578125,103.58203125,103.578125,103.58203125,75.0
2025-06-16 19:12:00+00:00,103.578125,103.58203125,103.578125,103.578125,1060.0
2025-06-16 19:13:00+00:00,103.58203125,103.58203125,103.578125,103.578125,740.0
2025-06-16 19:14:00+00:00,103.58203125,103.58203125,103.578125,103.58203125,256.0
2025-06-16 19:15:00+00:00,103.58203125,103.58203125,103.58203125,103.58203125,202.0
2025-06-16 19:16:00+00:00,103.58203125,103.58203125,103.578125,103.58203125,648.0
2025-06-16 19:17:00+00:00,103.58203125,103.58203125,103.58203125,103.58203125,16.0
2025-06-16 19:18:00+00:00,103.58203125,103.58203125,103.58203125,103.58203125,41.0
2025-06-16 19:19:00+00:00,103.58203125,103.58203125,103.58203125,103.58203125,26.0
2025-06-16 19:20:00+00:00,103.58203125,103.58203125,103.578125,103.578125,559.0
2025-06-16 19:21:00+00:00,103.58203125,103.58203125,103.578125,103.58203125,606.0
2025-06-16 19:24:00+00:00,103.58203125,103.58203125,103.58203125,103.58203125,89.0
2025-06-16 19:26:00+00:00,103.58203125,103.58203125,103.578125,103.578125,12.0
2025-06-16 19:27:00+00:00,103.578125,103.578125,103.578125,103.578125,1620.0
2025-06-16 19:29:00+00:00,103.58203125,103.58203125,103.58203125,103.58203125,18.0
2025-06-16 19:30:00+00:00,103.5859375,103.5859375,103.58203125,103.58203125,1533.0
2025-06-16 19:31:00+00:00,103.5859375,103.5859375,103.58203125,103.58203125,399.0
2025-06-16 19:32:00+00:00,103.5859375,103.5859375,103.5859375,103.5859375,263.0
2025-06-16 19:35:00+00:00,103.578125,103.58203125,103.578125,103.58203125,1018.0
2025-06-16 19:36:00+00:00,103.578125,103.578125,103.578125,103.578125,462.0
2025-06-16 19:42:00+00:00,103.578125,103.58203125,103.578125,103.58203125,249.0
2025-06-16 19:43:00+00:00,103.578125,103.578125,103.578125,103.578125,8.0
2025-06-16 19:44:00+00:00,103.578125,103.578125,103.578125,103.578125,249.0
2025-06-16 19:45:00+00:00,103.58203125,103.58203125,103.578125,103.578125,423.0
2025-06-16 19:46:00+00:00,103.58203125,103.58203125,103.58203125,103.58203125,11.0
2025-06-16 19:47:00+00:00,103.58203125,103.58203125,103.58203125,103.58203125,286.0
2025-06-16 19:48:00+00:00,103.58203125,103.58203125,103.58203125,103.58203125,25.0
2025-06-16 19:49:00+00:00,103.578125,103.578125,103.578125,103.578125,311.0
2025-06-16 19:50:00+00:00,103.578125,103.578125,103.578125,103.578125,1021.0
2025-06-16 19:51:00+00:00,103.578125,103.578125,103.57421875,103.578125,365.0
2025-06-16 19:52:00+00:00,103.578125,103.58203125,103.578125,103.58203125,82.0
2025-06-16 19:53:00+00:00,103.578125,103.578125,103.578125,103.578125,95.0
2025-06-16 19:54:00+00:00,103.578125,103.58203125,103.578125,103.578125,37.0
2025-06-16 19:57:00+00:00,103.57421875,103.578125,103.57421875,103.578125,564.0
2025-06-16 19:58:00+00:00,103.578125,103.578125,103.57421875,103.578125,585.0
2025-06-16 19:59:00+00:00,103.5703125,103.578125,103.5703125,103.578125,2217.0
2025-06-16 20:00:00+00:00,103.57421875,103.578125,103.5703125,103.5703125,2961.0
2025-06-16 20:01:00+00:00,103.57421875,103.578125,103.57421875,103.57421875,81.0
2025-06-16 20:02:00+00:00,103.578125,103.578125,103.57421875,103.578125,115.0
2025-06-16 20:03:00+00:00,103.57421875,103.578125,103.57421875,103.578125,690.0
2025-06-16 20:05:00+00:00,103.58203125,103.58203125,103.578125,103.578125,178.0
2025-06-16 20:06:00+00:00,103.58203125,103.58203125,103.578125,103.578125,345.0
2025-06-16 20:07:00+00:00,103.578125,103.58203125,103.578125,103.58203125,718.0
2025-06-16 20:09:00+00:00,103.5859375,103.5859375,103.58203125,103.58203125,810.0
2025-06-16 20:10:00+00:00,103.58203125,103.58203125,103.58203125,103.58203125,210.0
2025-06-16 20:12:00+00:00,103.58203125,103.58203125,103.58203125,103.58203125,106.0
2025-06-16 20:14:00+00:00,103.58203125,103.58203125,103.58203125,103.58203125,717.0
2025-06-16 20:15:00+00:00,103.58203125,103.58203125,103.58203125,103.58203125,56.0
2025-06-16 20:17:00+00:00,103.578125,103.578125,103.578125,103.578125,577.0
2025-06-16 20:18:00+00:00,103.578125,103.578125,103.57421875,103.578125,79.0
2025-06-16 20:19:00+00:00,103.578125,103.578125,103.578125,103.578125,31.0
2025-06-16 20:21:00+00:00,103.578125,103.58203125,103.578125,103.578125,239.0
2025-06-16 20:23:00+00:00,103.58203125,103.58203125,103.578125,103.578125,157.0
2025-06-16 20:29:00+00:00,103.58203125,103.58203125,103.578125,103.578125,92.0
2025-06-16 20:30:00+00:00,103.578125,103.578125,103.578125,103.578125,160.0
2025-06-16 20:31:00+00:00,103.58203125,103.58203125,103.578125,103.578125,72.0
2025-06-16 20:32:00+00:00,103.57421875,103.578125,103.57421875,103.578125,261.0
2025-06-16 20:33:00+00:00,103.57421875,103.57421875,103.57421875,103.57421875,14.0
2025-06-16 20:34:00+00:00,103.57421875,103.57421875,103.57421875,103.57421875,237.0
2025-06-16 20:35:00+00:00,103.5703125,103.57421875,103.5703125,103.57421875,609.0
2025-06-16 20:36:00+00:00,103.57421875,103.57421875,103.5703125,103.5703125,200.0
2025-06-16 20:38:00+00:00,103.578125,103.578125,103.578125,103.578125,106.0
2025-06-16 20:41:00+00:00,103.58203125,103.58203125,103.58203125,103.58203125,991.0
2025-06-16 20:42:00+00:00,103.578125,103.58203125,103.57421875,103.578125,3781.0
2025-06-16 20:43:00+00:00,103.578125,103.578125,103.578125,103.578125,107.0
2025-06-16 20:44:00+00:00,103.57421875,103.578125,103.57421875,103.578125,2271.0
2025-06-16 20:47:00+00:00,103.57421875,103.578125,103.5703125,103.578125,2896.0
2025-06-16 20:48:00+00:00,103.5703125,103.57421875,103.5703125,103.57421875,2198.0
2025-06-16 20:49:00+00:00,103.57421875,103.57421875,103.5703125,103.5703125,283.0
2025-06-16 20:51:00+00:00,103.57421875,103.57421875,103.57421875,103.57421875,97.0
2025-06-16 20:54:00+00:00,103.5703125,103.57421875,103.5703125,103.57421875,407.0
2025-06-16 20:55:00+00:00,103.57421875,103.57421875,103.5703125,103.57421875,108.0
2025-06-16 20:56:00+00:00,103.57421875,103.57421875,103.5703125,103.5703125,62.0
2025-06-16 20:57:00+00:00,103.57421875,103.57421875,103.57421875,103.57421875,692.0
2025-06-16 20:58:00+00:00,103.578125,103.578125,103.578125,103.578125,738.0
2025-06-16 20:59:00+00:00,103.578125,103.578125,103.57421875,103.578125,292.0
2025-06-16 22:00:00+00:00,103.57421875,103.57421875,103.56640625,103.56640625,0.0
2025-06-16 22:02:00+00:00,103.57421875,103.578125,103.57421875,103.57421875,84.0
2025-06-16 22:03:00+00:00,103.5703125,103.5703125,103.5703125,103.5703125,287.0
2025-06-16 22:07:00+00:00,103.57421875,103.57421875,103.5703125,103.5703125,164.0
2025-06-16 22:09:00+00:00,103.5703125,103.5703125,103.5703125,103.5703125,14.0
2025-06-16 22:10:00+00:00,103.5703125,103.5703125,103.5703125,103.5703125,169.0
2025-06-16 22:32:00+00:00,103.5859375,103.5859375,103.57421875,103.57421875,2401.0
2025-06-16 22:33:00+00:00,103.59375,103.59375,103.5859375,103.5859375,907.0
2025-06-16 22:34:00+00:00,103.59375,103.59375,103.59375,103.59375,388.0
2025-06-16 22:35:00+00:00,103.59375,103.59375,103.59375,103.59375,38.0
2025-06-16 22:36:00+00:00,103.59375,103.59375,103.59375,103.59375,73.0
2025-06-16 22:37:00+00:00,103.59375,103.59375,103.59375,103.59375,55.0
2025-06-16 22:38:00+00:00,103.59765625,103.59765625,103.59375,103.59375,31.0
2025-06-16 22:40:00+00:00,103.60546875,103.60546875,103.59765625,103.59765625,672.0
2025-06-16 22:41:00+00:00,103.6015625,103.60546875,103.6015625,103.60546875,502.0
2025-06-16 22:42:00+00:00,103.6015625,103.6015625,103.6015625,103.6015625,193.0
2025-06-16 22:46:00+00:00,103.59765625,103.59765625,103.59765625,103.59765625,87.0
2025-06-16 22:47:00+00:00,103.6015625,103.6015625,103.6015625,103.6015625,45.0
2025-06-16 22:48:00+00:00,103.60546875,103.60546875,103.6015625,103.6015625,8.0
2025-06-16 22:49:00+00:00,103.6015625,103.60546875,103.6015625,103.60546875,37.0
2025-06-16 22:50:00+00:00,103.6015625,103.6015625,103.6015625,103.6015625,55.0
2025-06-16 22:55:00+00:00,103.6015625,103.6015625,103.6015625,103.6015625,25.0
2025-06-16 23:02:00+00:00,103.6015625,103.6015625,103.59765625,103.59765625,361.0
2025-06-16 23:03:00+00:00,103.59765625,103.59765625,103.59765625,103.59765625,168.0
2025-06-16 23:05:00+00:00,103.59765625,103.59765625,103.59765625,103.59765625,90.0
2025-06-16 23:07:00+00:00,103.59765625,103.6015625,103.59765625,103.6015625,109.0
2025-06-16 23:11:00+00:00,103.6015625,103.6015625,103.6015625,103.6015625,318.0
2025-06-16 23:13:00+00:00,103.6015625,103.6015625,103.6015625,103.6015625,54.0
2025-06-16 23:19:00+00:00,103.6015625,103.6015625,103.6015625,103.6015625,64.0
2025-06-16 23:20:00+00:00,103.60546875,103.609375,103.60546875,103.60546875,257.0
2025-06-16 23:21:00+00:00,103.609375,103.609375,103.60546875,103.60546875,7.0
2025-06-16 23:22:00+00:00,103.60546875,103.609375,103.60546875,103.60546875,36.0
2025-06-16 23:23:00+00:00,103.60546875,103.60546875,103.60546875,103.60546875,20.0
2025-06-16 23:25:00+00:00,103.6015625,103.6015625,103.6015625,103.6015625,58.0
2025-06-16 23:28:00+00:00,103.6015625,103.6015625,103.6015625,103.6015625,430.0
2025-06-16 23:29:00+00:00,103.6015625,103.6015625,103.6015625,103.6015625,139.0
2025-06-16 23:31:00+00:00,103.6015625,103.6015625,103.6015625,103.6015625,31.0
2025-06-16 23:32:00+00:00,103.6015625,103.6015625,103.6015625,103.6015625,135.0
2025-06-16 23:33:00+00:00,103.59765625,103.59765625,103.59765625,103.59765625,25.0
2025-06-16 23:34:00+00:00,103.59765625,103.59765625,103.59765625,103.59765625,467.0
2025-06-16 23:35:00+00:00,103.60546875,103.60546875,103.6015625,103.6015625,103.0
2025-06-16 23:36:00+00:00,103.60546875,103.60546875,103.60546875,103.60546875,126.0
2025-06-16 23:37:00+00:00,103.60546875,103.60546875,103.60546875,103.60546875,186.0
2025-06-16 23:39:00+00:00,103.60546875,103.609375,103.60546875,103.60546875,250.0
2025-06-16 23:41:00+00:00,103.609375,103.61328125,103.609375,103.609375,1850.0
2025-06-16 23:42:00+00:00,103.609375,103.609375,103.609375,103.609375,2.0
2025-06-16 23:43:00+00:00,103.609375,103.609375,103.609375,103.609375,467.0
2025-06-16 23:48:00+00:00,103.61328125,103.61328125,103.609375,103.609375,438.0
2025-06-16 23:49:00+00:00,103.6171875,103.6171875,103.61328125,103.61328125,745.0
2025-06-16 23:50:00+00:00,103.6171875,103.62109375,103.6171875,103.62109375,117.0
2025-06-16 23:51:00+00:00,103.61328125,103.6171875,103.61328125,103.6171875,25.0
2025-06-16 23:52:00+00:00,103.61328125,103.61328125,103.61328125,103.61328125,133.0
2025-06-16 23:53:00+00:00,103.6171875,103.6171875,103.61328125,103.61328125,147.0
2025-06-16 23:54:00+00:00,103.61328125,103.6171875,103.61328125,103.6171875,293.0
2025-06-16 23:55:00+00:00,103.6171875,103.6171875,103.6171875,103.6171875,191.0
2025-06-16 23:56:00+00:00,103.61328125,103.6171875,103.61328125,103.6171875,291.0
2025-06-16 23:57:00+00:00,103.61328125,103.61328125,103.61328125,103.61328125,31.0
2025-06-16 23:58:00+00:00,103.6171875,103.6171875,103.6171875,103.6171875,101.0
2025-06-16 23:59:00+00:00,103.62109375,103.62109375,103.6171875,103.6171875,183.0
2025-06-17 00:00:00+00:00,103.62109375,103.62109375,103.61328125,103.6171875,242.0
2025-06-17 00:02:00+00:00,103.6171875,103.62109375,103.6171875,103.6171875,294.0
2025-06-17 00:03:00+00:00,103.62109375,103.62109375,103.6171875,103.6171875,604.0
2025-06-17 00:04:00+00:00,103.62109375,103.62109375,103.6171875,103.6171875,402.0
2025-06-17 00:05:00+00:00,103.6171875,103.62109375,103.6171875,103.62109375,173.0
2025-06-17 00:06:00+00:00,103.62109375,103.62109375,103.6171875,103.6171875,204.0
2025-06-17 00:07:00+00:00,103.62109375,103.62109375,103.62109375,103.62109375,111.0
2025-06-17 00:08:00+00:00,103.62890625,103.62890625,103.62109375,103.62109375,713.0
2025-06-17 00:09:00+00:00,103.62890625,103.62890625,103.62890625,103.62890625,373.0
2025-06-17 00:10:00+00:00,103.625,103.625,103.625,103.625,7.0
2025-06-17 00:11:00+00:00,103.62890625,103.62890625,103.62890625,103.62890625,332.0
2025-06-17 00:12:00+00:00,103.62890625,103.62890625,103.62890625,103.62890625,254.0
2025-06-17 00:13:00+00:00,103.62890625,103.62890625,103.62890625,103.62890625,103.0
2025-06-17 00:14:00+00:00,103.625,103.625,103.625,103.625,100.0
2025-06-17 00:15:00+00:00,103.625,103.62890625,103.625,103.625,468.0
2025-06-17 00:17:00+00:00,103.625,103.625,103.625,103.625,93.0
2025-06-17 00:18:00+00:00,103.62109375,103.62109375,103.62109375,103.62109375,185.0
2025-06-17 00:19:00+00:00,103.6328125,103.6328125,103.62109375,103.62109375,3160.0
2025-06-17 00:20:00+00:00,103.62890625,103.6328125,103.62890625,103.6328125,1370.0
2025-06-17 00:23:00+00:00,103.625,103.625,103.625,103.625,415.0
2025-06-17 00:24:00+00:00,103.625,103.625,103.625,103.625,104.0
2025-06-17 00:25:00+00:00,103.625,103.625,103.625,103.625,243.0
2025-06-17 00:26:00+00:00,103.625,103.625,103.625,103.625,460.0
2025-06-17 00:27:00+00:00,103.625,103.625,103.625,103.625,181.0
2025-06-17 00:28:00+00:00,103.62109375,103.62109375,103.62109375,103.62109375,375.0
2025-06-17 00:30:00+00:00,103.62109375,103.62109375,103.62109375,103.62109375,318.0
2025-06-17 00:31:00+00:00,103.62109375,103.62109375,103.62109375,103.62109375,61.0
2025-06-17 00:32:00+00:00,103.6171875,103.6171875,103.61328125,103.6171875,482.0
2025-06-17 00:33:00+00:00,103.62109375,103.62109375,103.62109375,103.62109375,317.0
2025-06-17 00:35:00+00:00,103.625,103.625,103.625,103.625,157.0
2025-06-17 00:36:00+00:00,103.62890625,103.62890625,103.62890625,103.62890625,7.0
2025-06-17 00:37:00+00:00,103.62890625,103.62890625,103.62890625,103.62890625,15.0
2025-06-17 00:39:00+00:00,103.62109375,103.625,103.62109375,103.625,409.0
2025-06-17 00:42:00+00:00,103.6171875,103.6171875,103.6171875,103.6171875,155.0
2025-06-17 00:49:00+00:00,103.62109375,103.62109375,103.6171875,103.62109375,117.0
2025-06-17 00:50:00+00:00,103.62109375,103.62109375,103.62109375,103.62109375,2.0
2025-06-17 00:51:00+00:00,103.62109375,103.62109375,103.62109375,103.62109375,257.0
2025-06-17 00:53:00+00:00,103.62109375,103.625,103.62109375,103.625,606.0
2025-06-17 00:54:00+00:00,103.6171875,103.6171875,103.6171875,103.6171875,159.0
2025-06-17 00:57:00+00:00,103.61328125,103.61328125,103.61328125,103.61328125,269.0
2025-06-17 00:58:00+00:00,103.61328125,103.61328125,103.61328125,103.61328125,165.0
2025-06-17 00:59:00+00:00,103.61328125,103.61328125,103.61328125,103.61328125,259.0
2025-06-17 01:00:00+00:00,103.609375,103.61328125,103.609375,103.61328125,773.0
2025-06-17 01:01:00+00:00,103.61328125,103.61328125,103.609375,103.609375,172.0
2025-06-17 01:04:00+00:00,103.61328125,103.61328125,103.61328125,103.61328125,528.0
2025-06-17 01:05:00+00:00,103.61328125,103.61328125,103.61328125,103.61328125,330.0
2025-06-17 01:06:00+00:00,103.61328125,103.61328125,103.61328125,103.61328125,208.0
2025-06-17 01:07:00+00:00,103.6171875,103.6171875,103.61328125,103.61328125,636.0
2025-06-17 01:08:00+00:00,103.6171875,103.6171875,103.6171875,103.6171875,542.0
2025-06-17 01:09:00+00:00,103.62109375,103.62109375,103.62109375,103.62109375,450.0
2025-06-17 01:10:00+00:00,103.62890625,103.62890625,103.625,103.625,415.0
2025-06-17 01:11:00+00:00,103.63671875,103.63671875,103.62890625,103.62890625,327.0
2025-06-17 01:12:00+00:00,103.6328125,103.6328125,103.6328125,103.6328125,345.0
2025-06-17 01:13:00+00:00,103.6328125,103.6328125,103.6328125,103.6328125,1.0
2025-06-17 01:14:00+00:00,103.62890625,103.62890625,103.62890625,103.62890625,99.0
2025-06-17 01:15:00+00:00,103.6328125,103.6328125,103.6328125,103.6328125,33.0
2025-06-17 01:16:00+00:00,103.6328125,103.6328125,103.6328125,103.6328125,219.0
2025-06-17 01:17:00+00:00,103.640625,103.640625,103.63671875,103.63671875,967.0
2025-06-17 01:18:00+00:00,103.6328125,103.640625,103.6328125,103.640625,385.0
2025-06-17 01:20:00+00:00,103.63671875,103.63671875,103.63671875,103.63671875,114.0
2025-06-17 01:21:00+00:00,103.63671875,103.63671875,103.63671875,103.63671875,63.0
2025-06-17 01:22:00+00:00,103.63671875,103.63671875,103.63671875,103.63671875,175.0
2025-06-17 01:23:00+00:00,103.63671875,103.63671875,103.63671875,103.63671875,65.0
2025-06-17 01:25:00+00:00,103.63671875,103.63671875,103.63671875,103.63671875,95.0
2025-06-17 01:26:00+00:00,103.63671875,103.63671875,103.63671875,103.63671875,77.0
2025-06-17 01:27:00+00:00,103.6328125,103.6328125,103.6328125,103.6328125,400.0
2025-06-17 01:28:00+00:00,103.63671875,103.63671875,103.6328125,103.6328125,40.0
2025-06-17 01:29:00+00:00,103.63671875,103.63671875,103.63671875,103.63671875,103.0
2025-06-17 01:30:00+00:00,103.63671875,103.63671875,103.63671875,103.63671875,66.0
2025-06-17 01:31:00+00:00,103.63671875,103.63671875,103.63671875,103.63671875,25.0
2025-06-17 01:32:00+00:00,103.63671875,103.63671875,103.63671875,103.63671875,91.0
2025-06-17 01:33:00+00:00,103.63671875,103.63671875,103.63671875,103.63671875,36.0
2025-06-17 01:34:00+00:00,103.6328125,103.63671875,103.6328125,103.63671875,147.0
2025-06-17 01:35:00+00:00,103.63671875,103.63671875,103.63671875,103.63671875,131.0
2025-06-17 01:36:00+00:00,103.63671875,103.63671875,103.63671875,103.63671875,38.0
2025-06-17 01:37:00+00:00,103.63671875,103.63671875,103.63671875,103.63671875,60.0
2025-06-17 01:40:00+00:00,103.63671875,103.63671875,103.63671875,103.63671875,82.0
2025-06-17 01:41:00+00:00,103.63671875,103.63671875,103.63671875,103.63671875,57.0
2025-06-17 01:42:00+00:00,103.63671875,103.63671875,103.63671875,103.63671875,3.0
2025-06-17 01:44:00+00:00,103.63671875,103.63671875,103.63671875,103.63671875,83.0
2025-06-17 01:49:00+00:00,103.6328125,103.6328125,103.6328125,103.6328125,116.0
2025-06-17 01:52:00+00:00,103.63671875,103.63671875,103.63671875,103.63671875,137.0
2025-06-17 01:55:00+00:00,103.63671875,103.63671875,103.6328125,103.63671875,116.0
2025-06-17 01:56:00+00:00,103.63671875,103.63671875,103.63671875,103.63671875,1.0
2025-06-17 01:59:00+00:00,103.6328125,103.6328125,103.6328125,103.6328125,208.0
2025-06-17 02:00:00+00:00,103.6328125,103.6328125,103.6328125,103.6328125,61.0
2025-06-17 02:02:00+00:00,103.6328125,103.6328125,103.6328125,103.6328125,13.0
2025-06-17 02:04:00+00:00,103.6328125,103.6328125,103.6328125,103.6328125,106.0
2025-06-17 02:06:00+00:00,103.62890625,103.6328125,103.62890625,103.62890625,613.0
2025-06-17 02:07:00+00:00,103.6328125,103.6328125,103.6328125,103.6328125,190.0
2025-06-17 02:08:00+00:00,103.6328125,103.6328125,103.6328125,103.6328125,2.0
2025-06-17 02:09:00+00:00,103.6328125,103.6328125,103.6328125,103.6328125,236.0
2025-06-17 02:11:00+00:00,103.62890625,103.62890625,103.62890625,103.62890625,43.0
2025-06-17 02:12:00+00:00,103.62890625,103.62890625,103.62890625,103.62890625,235.0
2025-06-17 02:13:00+00:00,103.6328125,103.6328125,103.6328125,103.6328125,129.0
2025-06-17 02:14:00+00:00,103.63671875,103.63671875,103.6328125,103.6328125,55.0
2025-06-17 02:15:00+00:00,103.63671875,103.63671875,103.63671875,103.63671875,16.0
2025-06-17 02:18:00+00:00,103.63671875,103.63671875,103.63671875,103.63671875,31.0
2025-06-17 02:19:00+00:00,103.63671875,103.63671875,103.63671875,103.63671875,166.0
2025-06-17 02:21:00+00:00,103.6328125,103.63671875,103.6328125,103.63671875,48.0
2025-06-17 02:22:00+00:00,103.63671875,103.63671875,103.63671875,103.63671875,12.0
2025-06-17 02:24:00+00:00,103.6328125,103.6328125,103.6328125,103.6328125,124.0
2025-06-17 02:26:00+00:00,103.6328125,103.6328125,103.6328125,103.6328125,34.0
2025-06-17 02:27:00+00:00,103.6328125,103.6328125,103.6328125,103.6328125,867.0
2025-06-17 02:28:00+00:00,103.6328125,103.6328125,103.6328125,103.6328125,226.0
2025-06-17 02:29:00+00:00,103.6328125,103.6328125,103.6328125,103.6328125,90.0
2025-06-17 02:31:00+00:00,103.6328125,103.6328125,103.6328125,103.6328125,433.0
2025-06-17 02:33:00+00:00,103.6328125,103.6328125,103.6328125,103.6328125,300.0
2025-06-17 02:34:00+00:00,103.6328125,103.6328125,103.6328125,103.6328125,3.0
2025-06-17 02:36:00+00:00,103.62890625,103.62890625,103.62890625,103.62890625,347.0
2025-06-17 02:41:00+00:00,103.625,103.625,103.625,103.625,29.0
2025-06-17 02:42:00+00:00,103.625,103.625,103.625,103.625,3.0
2025-06-17 02:43:00+00:00,103.625,103.625,103.625,103.625,32.0
2025-06-17 02:44:00+00:00,103.625,103.625,103.625,103.625,90.0
2025-06-17 02:45:00+00:00,103.62109375,103.62109375,103.62109375,103.62109375,121.0
2025-06-17 02:51:00+00:00,103.62109375,103.62109375,103.6171875,103.62109375,598.0
2025-06-17 02:52:00+00:00,103.61328125,103.6171875,103.61328125,103.6171875,255.0
2025-06-17 02:53:00+00:00,103.60546875,103.609375,103.60546875,103.609375,751.0
2025-06-17 02:54:00+00:00,103.609375,103.609375,103.60546875,103.60546875,113.0
2025-06-17 02:55:00+00:00,103.609375,103.609375,103.609375,103.609375,61.0
2025-06-17 02:56:00+00:00,103.61328125,103.61328125,103.609375,103.61328125,104.0
2025-06-17 02:57:00+00:00,103.61328125,103.61328125,103.61328125,103.61328125,40.0
2025-06-17 02:58:00+00:00,103.61328125,103.61328125,103.61328125,103.61328125,62.0
2025-06-17 02:59:00+00:00,103.609375,103.609375,103.609375,103.609375,39.0
2025-06-17 03:00:00+00:00,103.609375,103.609375,103.609375,103.609375,116.0
2025-06-17 03:03:00+00:00,103.61328125,103.61328125,103.61328125,103.61328125,77.0
2025-06-17 03:07:00+00:00,103.6171875,103.6171875,103.6171875,103.6171875,435.0
2025-06-17 03:08:00+00:00,103.61328125,103.61328125,103.61328125,103.61328125,118.0
2025-06-17 03:12:00+00:00,103.6171875,103.6171875,103.6171875,103.6171875,38.0
2025-06-17 03:13:00+00:00,103.61328125,103.6171875,103.61328125,103.6171875,156.0
2025-06-17 03:16:00+00:00,103.6171875,103.6171875,103.6171875,103.6171875,170.0
2025-06-17 03:17:00+00:00,103.6171875,103.6171875,103.6171875,103.6171875,10.0
2025-06-17 03:18:00+00:00,103.6171875,103.6171875,103.6171875,103.6171875,274.0
2025-06-17 03:19:00+00:00,103.6171875,103.6171875,103.6171875,103.6171875,30.0
2025-06-17 03:20:00+00:00,103.6171875,103.6171875,103.6171875,103.6171875,7.0
2025-06-17 03:22:00+00:00,103.6171875,103.6171875,103.61328125,103.6171875,179.0
2025-06-17 03:23:00+00:00,103.6171875,103.6171875,103.6171875,103.6171875,29.0
2025-06-17 03:24:00+00:00,103.6171875,103.62109375,103.61328125,103.6171875,185.0
2025-06-17 03:27:00+00:00,103.62109375,103.62109375,103.62109375,103.62109375,330.0
2025-06-17 03:28:00+00:00,103.62109375,103.62109375,103.62109375,103.62109375,28.0
2025-06-17 03:29:00+00:00,103.62109375,103.62109375,103.62109375,103.62109375,23.0
2025-06-17 03:30:00+00:00,103.62109375,103.62109375,103.62109375,103.62109375,38.0
2025-06-17 03:31:00+00:00,103.6171875,103.62109375,103.61328125,103.62109375,639.0
2025-06-17 03:32:00+00:00,103.61328125,103.61328125,103.61328125,103.61328125,87.0
2025-06-17 03:33:00+00:00,103.6171875,103.6171875,103.61328125,103.61328125,229.0
2025-06-17 03:34:00+00:00,103.6171875,103.6171875,103.6171875,103.6171875,186.0
2025-06-17 03:35:00+00:00,103.6171875,103.6171875,103.6171875,103.6171875,42.0
2025-06-17 03:36:00+00:00,103.6171875,103.6171875,103.6171875,103.6171875,75.0
2025-06-17 03:42:00+00:00,103.6171875,103.6171875,103.6171875,103.6171875,108.0
2025-06-17 03:46:00+00:00,103.62109375,103.62109375,103.6171875,103.6171875,131.0
2025-06-17 03:49:00+00:00,103.61328125,103.6171875,103.61328125,103.6171875,252.0
2025-06-17 03:53:00+00:00,103.6171875,103.6171875,103.6171875,103.6171875,133.0
2025-06-17 03:55:00+00:00,103.6171875,103.6171875,103.6171875,103.6171875,113.0
2025-06-17 03:56:00+00:00,103.62109375,103.62109375,103.6171875,103.6171875,37.0
2025-06-17 03:57:00+00:00,103.6171875,103.6171875,103.6171875,103.6171875,195.0
2025-06-17 04:01:00+00:00,103.6171875,103.6171875,103.6171875,103.6171875,31.0
2025-06-17 04:02:00+00:00,103.6171875,103.6171875,103.6171875,103.6171875,48.0
2025-06-17 04:05:00+00:00,103.6171875,103.6171875,103.6171875,103.6171875,84.0
2025-06-17 04:08:00+00:00,103.61328125,103.61328125,103.61328125,103.61328125,190.0
2025-06-17 04:09:00+00:00,103.609375,103.61328125,103.609375,103.609375,386.0
2025-06-17 04:10:00+00:00,103.609375,103.609375,103.609375,103.609375,109.0
2025-06-17 04:11:00+00:00,103.609375,103.609375,103.609375,103.609375,384.0
2025-06-17 04:12:00+00:00,103.609375,103.609375,103.60546875,103.60546875,85.0
2025-06-17 04:13:00+00:00,103.60546875,103.60546875,103.60546875,103.60546875,63.0
2025-06-17 04:16:00+00:00,103.6015625,103.60546875,103.6015625,103.60546875,56.0
2025-06-17 04:23:00+00:00,103.60546875,103.60546875,103.60546875,103.60546875,81.0
2025-06-17 04:24:00+00:00,103.60546875,103.60546875,103.60546875,103.60546875,56.0
2025-06-17 04:36:00+00:00,103.60546875,103.609375,103.60546875,103.609375,27.0
2025-06-17 04:40:00+00:00,103.60546875,103.60546875,103.60546875,103.60546875,163.0
2025-06-17 04:48:00+00:00,103.6015625,103.6015625,103.6015625,103.6015625,158.0
2025-06-17 04:49:00+00:00,103.6015625,103.6015625,103.6015625,103.6015625,103.0
2025-06-17 04:51:00+00:00,103.59765625,103.6015625,103.59765625,103.6015625,5.0
2025-06-17 04:52:00+00:00,103.6015625,103.6015625,103.6015625,103.6015625,23.0
2025-06-17 04:54:00+00:00,103.6015625,103.6015625,103.6015625,103.6015625,65.0
2025-06-17 04:55:00+00:00,103.59765625,103.59765625,103.59765625,103.59765625,48.0
2025-06-17 04:56:00+00:00,103.59375,103.59765625,103.59375,103.59765625,168.0
2025-06-17 04:57:00+00:00,103.59375,103.59375,103.59375,103.59375,45.0
2025-06-17 04:59:00+00:00,103.59375,103.59375,103.59375,103.59375,91.0
2025-06-17 05:00:00+00:00,103.58984375,103.58984375,103.58984375,103.58984375,201.0
2025-06-17 05:02:00+00:00,103.5859375,103.5859375,103.5859375,103.5859375,168.0
2025-06-17 05:04:00+00:00,103.5859375,103.5859375,103.5859375,103.5859375,95.0
2025-06-17 05:05:00+00:00,103.58984375,103.58984375,103.58984375,103.58984375,159.0
2025-06-17 05:06:00+00:00,103.58984375,103.58984375,103.58984375,103.58984375,90.0
2025-06-17 05:16:00+00:00,103.59375,103.59375,103.59375,103.59375,608.0
2025-06-17 05:18:00+00:00,103.59765625,103.59765625,103.59765625,103.59765625,125.0
2025-06-17 05:19:00+00:00,103.59765625,103.59765625,103.59765625,103.59765625,116.0
2025-06-17 05:22:00+00:00,103.6015625,103.6015625,103.6015625,103.6015625,214.0
2025-06-17 05:29:00+00:00,103.6015625,103.6015625,103.59765625,103.6015625,103.0
2025-06-17 05:32:00+00:00,103.6015625,103.6015625,103.6015625,103.6015625,29.0
2025-06-17 05:34:00+00:00,103.6015625,103.6015625,103.6015625,103.6015625,30.0
2025-06-17 05:37:00+00:00,103.6015625,103.6015625,103.6015625,103.6015625,329.0
2025-06-17 05:40:00+00:00,103.6015625,103.6015625,103.6015625,103.6015625,181.0
2025-06-17 05:48:00+00:00,103.6015625,103.6015625,103.6015625,103.6015625,265.0
2025-06-17 05:52:00+00:00,103.60546875,103.60546875,103.60546875,103.60546875,333.0
2025-06-17 05:53:00+00:00,103.60546875,103.60546875,103.60546875,103.60546875,32.0
2025-06-17 05:56:00+00:00,103.6015625,103.6015625,103.6015625,103.6015625,21.0
2025-06-17 05:57:00+00:00,103.6015625,103.6015625,103.6015625,103.6015625,75.0
2025-06-17 05:59:00+00:00,103.6015625,103.6015625,103.6015625,103.6015625,16.0
2025-06-17 06:00:00+00:00,103.59375,103.59765625,103.59375,103.59765625,81.0
2025-06-17 06:01:00+00:00,103.59375,103.59765625,103.59375,103.59765625,352.0
2025-06-17 06:02:00+00:00,103.59765625,103.59765625,103.59765625,103.59765625,8.0
2025-06-17 06:04:00+00:00,103.59765625,103.59765625,103.59765625,103.59765625,361.0
2025-06-17 06:05:00+00:00,103.59765625,103.59765625,103.59765625,103.59765625,259.0
2025-06-17 06:06:00+00:00,103.59765625,103.59765625,103.59765625,103.59765625,101.0
2025-06-17 06:10:00+00:00,103.59765625,103.59765625,103.59765625,103.59765625,62.0
2025-06-17 06:13:00+00:00,103.59765625,103.59765625,103.59765625,103.59765625,131.0
2025-06-17 06:14:00+00:00,103.59765625,103.59765625,103.59765625,103.59765625,52.0
2025-06-17 06:15:00+00:00,103.59765625,103.59765625,103.59765625,103.59765625,31.0
2025-06-17 06:16:00+00:00,103.59765625,103.59765625,103.59765625,103.59765625,45.0
2025-06-17 06:20:00+00:00,103.59375,103.59375,103.59375,103.59375,197.0
2025-06-17 06:21:00+00:00,103.59765625,103.59765625,103.59765625,103.59765625,88.0
2025-06-17 06:22:00+00:00,103.6015625,103.6015625,103.6015625,103.6015625,297.0
2025-06-17 06:23:00+00:00,103.6015625,103.6015625,103.6015625,103.6015625,41.0
2025-06-17 06:25:00+00:00,103.59765625,103.59765625,103.59765625,103.59765625,419.0
2025-06-17 06:26:00+00:00,103.6015625,103.6015625,103.6015625,103.6015625,9.0
2025-06-17 06:27:00+00:00,103.6015625,103.60546875,103.6015625,103.6015625,189.0
2025-06-17 06:28:00+00:00,103.60546875,103.60546875,103.6015625,103.6015625,65.0
2025-06-17 06:29:00+00:00,103.60546875,103.60546875,103.60546875,103.60546875,181.0
2025-06-17 06:30:00+00:00,103.60546875,103.60546875,103.60546875,103.60546875,45.0
2025-06-17 06:31:00+00:00,103.609375,103.609375,103.60546875,103.60546875,102.0
2025-06-17 06:32:00+00:00,103.60546875,103.609375,103.6015625,103.609375,279.0
2025-06-17 06:33:00+00:00,103.6015625,103.60546875,103.6015625,103.60546875,90.0
2025-06-17 06:34:00+00:00,103.60546875,103.60546875,103.60546875,103.60546875,51.0
2025-06-17 06:35:00+00:00,103.609375,103.609375,103.609375,103.609375,5.0
2025-06-17 06:36:00+00:00,103.609375,103.609375,103.609375,103.609375,229.0
2025-06-17 06:37:00+00:00,103.609375,103.609375,103.609375,103.609375,95.0
2025-06-17 06:38:00+00:00,103.609375,103.609375,103.609375,103.609375,147.0
2025-06-17 06:39:00+00:00,103.609375,103.609375,103.609375,103.609375,102.0
2025-06-17 06:40:00+00:00,103.6015625,103.60546875,103.6015625,103.60546875,212.0
2025-06-17 06:41:00+00:00,103.6015625,103.6015625,103.6015625,103.6015625,150.0
2025-06-17 06:42:00+00:00,103.6015625,103.6015625,103.6015625,103.6015625,86.0
2025-06-17 06:43:00+00:00,103.6015625,103.6015625,103.6015625,103.6015625,43.0
2025-06-17 06:44:00+00:00,103.60546875,103.609375,103.60546875,103.60546875,103.0
2025-06-17 06:45:00+00:00,103.609375,103.609375,103.609375,103.609375,29.0
2025-06-17 06:47:00+00:00,103.609375,103.609375,103.609375,103.609375,50.0
2025-06-17 06:48:00+00:00,103.609375,103.609375,103.609375,103.609375,115.0
2025-06-17 06:49:00+00:00,103.609375,103.609375,103.609375,103.609375,15.0
2025-06-17 06:52:00+00:00,103.61328125,103.61328125,103.61328125,103.61328125,449.0
2025-06-17 06:53:00+00:00,103.609375,103.61328125,103.609375,103.61328125,272.0
2025-06-17 06:55:00+00:00,103.61328125,103.61328125,103.61328125,103.61328125,116.0
2025-06-17 06:58:00+00:00,103.61328125,103.61328125,103.61328125,103.61328125,104.0
2025-06-17 06:59:00+00:00,103.609375,103.609375,103.609375,103.609375,77.0
2025-06-17 07:00:00+00:00,103.609375,103.609375,103.60546875,103.609375,922.0
2025-06-17 07:01:00+00:00,103.59765625,103.60546875,103.59765625,103.60546875,271.0
2025-06-17 07:02:00+00:00,103.6015625,103.60546875,103.6015625,103.6015625,681.0
2025-06-17 07:03:00+00:00,103.6015625,103.60546875,103.6015625,103.6015625,624.0
2025-06-17 07:04:00+00:00,103.60546875,103.60546875,103.60546875,103.60546875,305.0
2025-06-17 07:05:00+00:00,103.609375,103.609375,103.60546875,103.60546875,52.0
2025-06-17 07:06:00+00:00,103.60546875,103.609375,103.60546875,103.609375,111.0
2025-06-17 07:07:00+00:00,103.60546875,103.60546875,103.6015625,103.6015625,76.0
2025-06-17 07:08:00+00:00,103.60546875,103.60546875,103.6015625,103.60546875,421.0
2025-06-17 07:10:00+00:00,103.609375,103.609375,103.60546875,103.60546875,90.0
2025-06-17 07:11:00+00:00,103.609375,103.609375,103.60546875,103.609375,161.0
2025-06-17 07:12:00+00:00,103.609375,103.609375,103.609375,103.609375,57.0
2025-06-17 07:13:00+00:00,103.609375,103.609375,103.609375,103.609375,245.0
2025-06-17 07:14:00+00:00,103.60546875,103.609375,103.60546875,103.609375,483.0
2025-06-17 07:15:00+00:00,103.60546875,103.60546875,103.60546875,103.60546875,298.0
2025-06-17 07:18:00+00:00,103.60546875,103.60546875,103.60546875,103.60546875,24.0
2025-06-17 07:20:00+00:00,103.609375,103.609375,103.609375,103.609375,1134.0
2025-06-17 07:21:00+00:00,103.609375,103.61328125,103.60546875,103.61328125,901.0
2025-06-17 07:23:00+00:00,103.609375,103.609375,103.609375,103.609375,537.0
2025-06-17 07:24:00+00:00,103.6171875,103.6171875,103.609375,103.609375,123.0
2025-06-17 07:25:00+00:00,103.62109375,103.62109375,103.6171875,103.6171875,304.0
2025-06-17 07:26:00+00:00,103.625,103.625,103.62109375,103.62109375,433.0
2025-06-17 07:27:00+00:00,103.625,103.62890625,103.625,103.62890625,212.0
2025-06-17 07:28:00+00:00,103.62890625,103.62890625,103.625,103.625,710.0
2025-06-17 07:29:00+00:00,103.625,103.62890625,103.625,103.62890625,17.0
2025-06-17 07:31:00+00:00,103.6171875,103.62109375,103.6171875,103.62109375,796.0
2025-06-17 07:32:00+00:00,103.61328125,103.6171875,103.61328125,103.6171875,184.0
2025-06-17 07:33:00+00:00,103.6171875,103.6171875,103.6171875,103.6171875,234.0
2025-06-17 07:34:00+00:00,103.6171875,103.62109375,103.6171875,103.62109375,47.0
2025-06-17 07:35:00+00:00,103.625,103.625,103.62109375,103.62109375,155.0
2025-06-17 07:36:00+00:00,103.62109375,103.625,103.62109375,103.625,169.0
2025-06-17 07:38:00+00:00,103.625,103.625,103.625,103.625,423.0
2025-06-17 07:39:00+00:00,103.625,103.62890625,103.625,103.625,157.0
2025-06-17 07:42:00+00:00,103.6171875,103.62109375,103.61328125,103.62109375,2196.0
2025-06-17 07:43:00+00:00,103.62109375,103.62109375,103.6171875,103.6171875,676.0
2025-06-17 07:44:00+00:00,103.62109375,103.62109375,103.62109375,103.62109375,295.0
2025-06-17 07:45:00+00:00,103.6171875,103.62109375,103.6171875,103.6171875,306.0
2025-06-17 07:46:00+00:00,103.62109375,103.62109375,103.6171875,103.6171875,243.0
2025-06-17 07:47:00+00:00,103.62109375,103.62109375,103.62109375,103.62109375,34.0
2025-06-17 07:48:00+00:00,103.625,103.625,103.625,103.625,367.0
2025-06-17 07:49:00+00:00,103.6171875,103.62109375,103.6171875,103.62109375,50.0
2025-06-17 07:50:00+00:00,103.6171875,103.6171875,103.6171875,103.6171875,50.0
2025-06-17 07:51:00+00:00,103.625,103.625,103.62109375,103.62109375,146.0
2025-06-17 07:52:00+00:00,103.61328125,103.62109375,103.609375,103.62109375,1702.0
2025-06-17 07:53:00+00:00,103.6171875,103.6171875,103.609375,103.61328125,305.0
2025-06-17 07:54:00+00:00,103.6171875,103.6171875,103.61328125,103.61328125,287.0
2025-06-17 07:55:00+00:00,103.61328125,103.6171875,103.61328125,103.6171875,87.0
2025-06-17 07:56:00+00:00,103.6171875,103.6171875,103.6171875,103.6171875,351.0
2025-06-17 07:57:00+00:00,103.6171875,103.6171875,103.6171875,103.6171875,65.0
2025-06-17 08:00:00+00:00,103.6171875,103.6171875,103.6171875,103.6171875,302.0
2025-06-17 08:01:00+00:00,103.61328125,103.6171875,103.61328125,103.6171875,249.0
2025-06-17 08:02:00+00:00,103.6015625,103.609375,103.6015625,103.609375,280.0
2025-06-17 08:03:00+00:00,103.6015625,103.60546875,103.6015625,103.60546875,235.0
2025-06-17 08:04:00+00:00,103.60546875,103.60546875,103.6015625,103.6015625,731.0
2025-06-17 08:05:00+00:00,103.6015625,103.6015625,103.6015625,103.6015625,177.0
2025-06-17 08:06:00+00:00,103.6015625,103.6015625,103.6015625,103.6015625,1520.0
2025-06-17 08:08:00+00:00,103.60546875,103.60546875,103.60546875,103.60546875,107.0
2025-06-17 08:09:00+00:00,103.6015625,103.60546875,103.6015625,103.60546875,140.0
2025-06-17 08:12:00+00:00,103.6015625,103.60546875,103.6015625,103.60546875,9.0
2025-06-17 08:13:00+00:00,103.6015625,103.6015625,103.6015625,103.6015625,7.0
2025-06-17 08:14:00+00:00,103.60546875,103.60546875,103.6015625,103.6015625,151.0
2025-06-17 08:17:00+00:00,103.6015625,103.60546875,103.6015625,103.60546875,19.0
2025-06-17 08:27:00+00:00,103.60546875,103.609375,103.60546875,103.60900115966797,876.0
2025-06-17 08:28:00+00:00,103.609375,103.609375,103.609375,103.609375,3.0
2025-06-17 08:30:00+00:00,103.60546875,103.609375,103.60546875,103.60546875,26.0
2025-06-17 08:31:00+00:00,103.60546875,103.60546875,103.60546875,103.60546875,295.0
2025-06-17 08:32:00+00:00,103.60546875,103.60546875,103.60546875,103.60546875,131.0
2025-06-17 08:35:00+00:00,103.60546875,103.609375,103.60546875,103.609375,67.0
2025-06-17 08:36:00+00:00,103.609375,103.609375,103.60546875,103.609375,3.0
2025-06-17 08:38:00+00:00,103.60546875,103.60546875,103.60546875,103.60546875,71.0
2025-06-17 08:39:00+00:00,103.60546875,103.60546875,103.60546875,103.60546875,97.0
2025-06-17 08:40:00+00:00,103.59765625,103.60546875,103.59765625,103.60546875,791.0
2025-06-17 08:44:00+00:00,103.59765625,103.59765625,103.59765625,103.59765625,5.0
2025-06-17 08:47:00+00:00,103.59765625,103.59765625,103.59375,103.59765625,131.0
2025-06-17 08:50:00+00:00,103.60546875,103.60546875,103.59765625,103.59765625,824.0
2025-06-17 08:51:00+00:00,103.60546875,103.60546875,103.6015625,103.60546875,163.0
2025-06-17 08:52:00+00:00,103.60546875,103.60546875,103.60546875,103.60546875,10.0
2025-06-17 08:54:00+00:00,103.6015625,103.6015625,103.59375,103.6015625,1152.0
2025-06-17 08:55:00+00:00,103.6015625,103.6015625,103.6015625,103.6015625,337.0
2025-06-17 08:57:00+00:00,103.59765625,103.59765625,103.59765625,103.59765625,281.0
2025-06-17 08:59:00+00:00,103.59765625,103.59765625,103.59375,103.59765625,110.0
2025-06-17 09:00:00+00:00,103.59765625,103.59765625,103.59375,103.59375,363.0
2025-06-17 09:01:00+00:00,103.6015625,103.6015625,103.59765625,103.59765625,109.0
2025-06-17 09:02:00+00:00,103.6015625,103.6015625,103.6015625,103.6015625,101.0
2025-06-17 09:03:00+00:00,103.6015625,103.6015625,103.59765625,103.59765625,296.0
2025-06-17 09:04:00+00:00,103.60546875,103.60546875,103.6015625,103.6015625,300.0
2025-06-17 09:05:00+00:00,103.60546875,103.60546875,103.60546875,103.60546875,167.0
2025-06-17 09:08:00+00:00,103.6015625,103.6015625,103.6015625,103.6015625,235.0
2025-06-17 09:12:00+00:00,103.6015625,103.6015625,103.6015625,103.6015625,143.0
2025-06-17 09:14:00+00:00,103.59765625,103.6015625,103.59765625,103.6015625,91.0
2025-06-17 09:15:00+00:00,103.6015625,103.6015625,103.6015625,103.6015625,57.0
2025-06-17 09:17:00+00:00,103.60546875,103.60546875,103.6015625,103.6015625,39.0
2025-06-17 09:18:00+00:00,103.60546875,103.60546875,103.60546875,103.60546875,225.0
2025-06-17 09:19:00+00:00,103.60546875,103.609375,103.60546875,103.60546875,104.0
2025-06-17 09:20:00+00:00,103.60546875,103.60546875,103.60546875,103.60546875,23.0
2025-06-17 09:21:00+00:00,103.609375,103.609375,103.60546875,103.60546875,393.0
2025-06-17 09:23:00+00:00,103.609375,103.609375,103.609375,103.609375,187.0
2025-06-17 09:26:00+00:00,103.60546875,103.609375,103.60546875,103.609375,78.0
2025-06-17 09:27:00+00:00,103.609375,103.609375,103.609375,103.609375,149.0
2025-06-17 09:28:00+00:00,103.609375,103.609375,103.60546875,103.60546875,14.0
2025-06-17 09:29:00+00:00,103.609375,103.609375,103.609375,103.609375,9.0
2025-06-17 09:30:00+00:00,103.609375,103.609375,103.60546875,103.609375,94.0
2025-06-17 09:31:00+00:00,103.60546875,103.609375,103.60546875,103.609375,96.0
2025-06-17 09:32:00+00:00,103.609375,103.609375,103.60546875,103.609375,133.0
2025-06-17 09:36:00+00:00,103.6015625,103.60546875,103.6015625,103.60546875,122.0
2025-06-17 09:37:00+00:00,103.6015625,103.60546875,103.6015625,103.60546875,125.0
2025-06-17 09:38:00+00:00,103.6015625,103.6015625,103.6015625,103.6015625,49.0
2025-06-17 09:39:00+00:00,103.6015625,103.6015625,103.6015625,103.6015625,39.0
2025-06-17 09:42:00+00:00,103.6015625,103.60546875,103.6015625,103.60546875,4.0
2025-06-17 09:43:00+00:00,103.6015625,103.6015625,103.6015625,103.6015625,238.0
2025-06-17 09:44:00+00:00,103.6015625,103.60546875,103.6015625,103.60546875,5.0
2025-06-17 09:45:00+00:00,103.60546875,103.60546875,103.60546875,103.60546875,197.0
2025-06-17 09:46:00+00:00,103.60546875,103.609375,103.60546875,103.60546875,90.0
2025-06-17 09:51:00+00:00,103.60546875,103.60546875,103.60546875,103.60546875,179.0
2025-06-17 09:52:00+00:00,103.60546875,103.609375,103.60546875,103.60546875,17.0
2025-06-17 09:54:00+00:00,103.609375,103.609375,103.60546875,103.609375,214.0
2025-06-17 09:55:00+00:00,103.609375,103.609375,103.609375,103.609375,35.0
2025-06-17 09:57:00+00:00,103.6171875,103.6171875,103.61328125,103.61328125,79.0
2025-06-17 09:59:00+00:00,103.6171875,103.6171875,103.6171875,103.6171875,2.0
2025-06-17 10:00:00+00:00,103.6171875,103.6171875,103.61328125,103.6171875,7.0
2025-06-17 10:01:00+00:00,103.6171875,103.6171875,103.6171875,103.6171875,73.0
2025-06-17 10:02:00+00:00,103.6171875,103.6171875,103.6171875,103.6171875,214.0
2025-06-17 10:03:00+00:00,103.6171875,103.6171875,103.61328125,103.6171875,47.0
2025-06-17 10:04:00+00:00,103.61328125,103.6171875,103.61328125,103.6171875,345.0
2025-06-17 10:05:00+00:00,103.61328125,103.61328125,103.61328125,103.61328125,169.0
2025-06-17 10:06:00+00:00,103.61328125,103.61328125,103.61328125,103.61328125,125.0
2025-06-17 10:07:00+00:00,103.61328125,103.61328125,103.61328125,103.61328125,41.0
2025-06-17 10:10:00+00:00,103.6171875,103.6171875,103.6171875,103.6171875,3.0
2025-06-17 10:12:00+00:00,103.6171875,103.6171875,103.61328125,103.61328125,40.0
2025-06-17 10:13:00+00:00,103.61328125,103.6171875,103.61328125,103.61328125,91.0
2025-06-17 10:24:00+00:00,103.6171875,103.6171875,103.61699676513672,103.61699676513672,429.0
2025-06-17 10:26:00+00:00,103.62109375,103.62109375,103.62109375,103.62109375,290.0
2025-06-17 10:27:00+00:00,103.625,103.625,103.62109375,103.62109375,283.0
2025-06-17 10:28:00+00:00,103.62109375,103.62109375,103.62109375,103.62109375,10.0
2025-06-17 10:30:00+00:00,103.62109375,103.62109375,103.62109375,103.62109375,12.0
2025-06-17 10:31:00+00:00,103.62109375,103.62109375,103.62109375,103.62109375,1414.0
2025-06-17 10:32:00+00:00,103.62109375,103.62109375,103.62109375,103.62109375,98.0
2025-06-17 10:33:00+00:00,103.6171875,103.62109375,103.6171875,103.6171875,280.0
2025-06-17 10:34:00+00:00,103.6171875,103.6171875,103.6171875,103.6171875,16.0
2025-06-17 10:35:00+00:00,103.62109375,103.62109375,103.6171875,103.6171875,113.0
2025-06-17 10:36:00+00:00,103.62109375,103.62109375,103.62109375,103.62109375,103.0
2025-06-17 10:37:00+00:00,103.625,103.625,103.62109375,103.62109375,1278.0
2025-06-17 10:39:00+00:00,103.62890625,103.62890625,103.62890625,103.62890625,611.0
2025-06-17 10:40:00+00:00,103.62890625,103.62890625,103.62890625,103.62890625,106.0
2025-06-17 10:41:00+00:00,103.6328125,103.6328125,103.62890625,103.62890625,324.0
2025-06-17 10:42:00+00:00,103.6328125,103.6328125,103.6328125,103.6328125,1566.0
2025-06-17 10:43:00+00:00,103.62890625,103.62890625,103.62890625,103.62890625,1.0
2025-06-17 10:46:00+00:00,103.6328125,103.6328125,103.6328125,103.6328125,964.0
2025-06-17 10:47:00+00:00,103.6328125,103.63671875,103.6328125,103.63671875,1666.0
2025-06-17 10:48:00+00:00,103.6328125,103.6328125,103.6328125,103.6328125,169.0
2025-06-17 10:49:00+00:00,103.6328125,103.6328125,103.6328125,103.6328125,1752.0
2025-06-17 10:50:00+00:00,103.6328125,103.63671875,103.6328125,103.6328125,917.0
2025-06-17 10:51:00+00:00,103.62890625,103.6328125,103.62890625,103.62890625,755.0
2025-06-17 10:52:00+00:00,103.62890625,103.6328125,103.62890625,103.62890625,24.0
2025-06-17 10:54:00+00:00,103.6328125,103.6328125,103.62890625,103.62890625,456.0
2025-06-17 10:55:00+00:00,103.62890625,103.62890625,103.62890625,103.62890625,4.0
2025-06-17 10:56:00+00:00,103.62890625,103.6328125,103.62890625,103.6328125,821.0
2025-06-17 10:57:00+00:00,103.6328125,103.6328125,103.62890625,103.62890625,2.0
2025-06-17 10:58:00+00:00,103.6328125,103.6328125,103.6328125,103.6328125,599.0
2025-06-17 11:00:00+00:00,103.6328125,103.6328125,103.6328125,103.6328125,7.0
2025-06-17 11:01:00+00:00,103.62890625,103.6328125,103.62890625,103.6328125,12.0
2025-06-17 11:02:00+00:00,103.62890625,103.6328125,103.62890625,103.62890625,618.0
2025-06-17 11:03:00+00:00,103.62890625,103.62890625,103.62890625,103.62890625,234.0
2025-06-17 11:04:00+00:00,103.62890625,103.62890625,103.62890625,103.62890625,42.0
2025-06-17 11:07:00+00:00,103.6328125,103.6328125,103.6328125,103.6328125,692.0
2025-06-17 11:08:00+00:00,103.6328125,103.6328125,103.6328125,103.6328125,548.0
2025-06-17 11:09:00+00:00,103.63671875,103.63671875,103.6328125,103.6328125,243.0
2025-06-17 11:11:00+00:00,103.63671875,103.63671875,103.63671875,103.63671875,202.0
2025-06-17 11:12:00+00:00,103.63671875,103.640625,103.63671875,103.63671875,756.0
2025-06-17 11:13:00+00:00,103.63671875,103.640625,103.63671875,103.63671875,279.0
2025-06-17 11:14:00+00:00,103.63671875,103.640625,103.63671875,103.63671875,433.0
2025-06-17 11:15:00+00:00,103.640625,103.640625,103.63671875,103.63671875,660.0
2025-06-17 11:16:00+00:00,103.640625,103.640625,103.640625,103.640625,5.0
2025-06-17 11:17:00+00:00,103.640625,103.640625,103.640625,103.640625,1.0
2025-06-17 11:18:00+00:00,103.63671875,103.63671875,103.63671875,103.63671875,94.0
2025-06-17 11:20:00+00:00,103.640625,103.640625,103.63671875,103.63671875,9.0
2025-06-17 11:21:00+00:00,103.640625,103.640625,103.640625,103.640625,43.0
2025-06-17 11:22:00+00:00,103.640625,103.640625,103.63671875,103.640625,374.0
2025-06-17 11:23:00+00:00,103.640625,103.64453125,103.640625,103.640625,1242.0
2025-06-17 11:24:00+00:00,103.640625,103.640625,103.640625,103.640625,79.0
2025-06-17 11:25:00+00:00,103.64453125,103.64453125,103.640625,103.640625,11.0
2025-06-17 11:26:00+00:00,103.64453125,103.64453125,103.64453125,103.64453125,1794.0
2025-06-17 11:27:00+00:00,103.6484375,103.6484375,103.64453125,103.64453125,834.0
2025-06-17 11:28:00+00:00,103.6484375,103.6484375,103.6484375,103.6484375,31.0
2025-06-17 11:29:00+00:00,103.65234375,103.65234375,103.65234375,103.65234375,166.0
2025-06-17 11:30:00+00:00,103.65234375,103.65234375,103.65234375,103.65234375,1206.0
2025-06-17 11:31:00+00:00,103.65234375,103.65625,103.65234375,103.65234375,1640.0
2025-06-17 11:32:00+00:00,103.65234375,103.65234375,103.6484375,103.6484375,513.0
2025-06-17 11:33:00+00:00,103.65234375,103.65234375,103.65234375,103.65234375,145.0
2025-06-17 11:34:00+00:00,103.65234375,103.65625,103.65234375,103.65234375,99.0
2025-06-17 11:35:00+00:00,103.65234375,103.65234375,103.65234375,103.65234375,1106.0
2025-06-17 11:36:00+00:00,103.65234375,103.65234375,103.65234375,103.65234375,198.0
2025-06-17 11:37:00+00:00,103.64453125,103.65234375,103.64453125,103.65234375,5109.0
2025-06-17 11:38:00+00:00,103.64453125,103.64453125,103.64453125,103.64453125,43.0
2025-06-17 11:39:00+00:00,103.64453125,103.64453125,103.64453125,103.64453125,1249.0
2025-06-17 11:40:00+00:00,103.64453125,103.64453125,103.64453125,103.64453125,114.0
2025-06-17 11:41:00+00:00,103.65234375,103.65625,103.6484375,103.6484375,1118.0
2025-06-17 11:42:00+00:00,103.65234375,103.65234375,103.6484375,103.65234375,725.0
2025-06-17 11:43:00+00:00,103.65234375,103.65234375,103.6484375,103.65234375,100.0
2025-06-17 11:44:00+00:00,103.65234375,103.65234375,103.65234375,103.65234375,2852.0
2025-06-17 11:45:00+00:00,103.65625,103.65625,103.65234375,103.65234375,437.0
2025-06-17 11:46:00+00:00,103.66015625,103.66015625,103.65234375,103.65234375,1730.0
2025-06-17 11:47:00+00:00,103.66015625,103.66015625,103.66015625,103.66015625,1267.0
2025-06-17 11:48:00+00:00,103.66015625,103.66015625,103.66015625,103.66015625,481.0
2025-06-17 11:49:00+00:00,103.6640625,103.6640625,103.66015625,103.66015625,452.0
2025-06-17 11:50:00+00:00,103.65625,103.66015625,103.65625,103.66015625,79.0
2025-06-17 11:51:00+00:00,103.6484375,103.65625,103.6484375,103.65625,1004.0
2025-06-17 11:52:00+00:00,103.6484375,103.6484375,103.6484375,103.6484375,30.0
2025-06-17 11:53:00+00:00,103.65234375,103.65234375,103.6484375,103.6484375,415.0
2025-06-17 11:55:00+00:00,103.6484375,103.65234375,103.6484375,103.6484375,418.0
2025-06-17 11:56:00+00:00,103.640625,103.6484375,103.640625,103.64453125,476.0
2025-06-17 11:57:00+00:00,103.640625,103.64453125,103.63671875,103.640625,593.0
2025-06-17 11:58:00+00:00,103.640625,103.64453125,103.640625,103.64453125,126.0
2025-06-17 11:59:00+00:00,103.640625,103.64453125,103.640625,103.64453125,748.0
2025-06-17 12:00:00+00:00,103.64453125,103.64453125,103.640625,103.640625,619.0
2025-06-17 12:01:00+00:00,103.640625,103.640625,103.640625,103.640625,10.0
2025-06-17 12:02:00+00:00,103.640625,103.640625,103.640625,103.640625,34.0
2025-06-17 12:03:00+00:00,103.640625,103.640625,103.63671875,103.640625,190.0
2025-06-17 12:04:00+00:00,103.640625,103.640625,103.63671875,103.640625,878.0
2025-06-17 12:05:00+00:00,103.64453125,103.64453125,103.640625,103.640625,758.0
2025-06-17 12:06:00+00:00,103.6484375,103.6484375,103.64453125,103.6484375,1060.0
2025-06-17 12:07:00+00:00,103.6484375,103.6484375,103.6484375,103.6484375,174.0
2025-06-17 12:08:00+00:00,103.640625,103.64453125,103.640625,103.64453125,143.0
2025-06-17 12:09:00+00:00,103.6484375,103.6484375,103.64453125,103.64453125,122.0
2025-06-17 12:10:00+00:00,103.64453125,103.64453125,103.64453125,103.64453125,5.0
2025-06-17 12:11:00+00:00,103.6484375,103.65234375,103.64453125,103.6484375,4532.0
2025-06-17 12:12:00+00:00,103.65234375,103.65234375,103.65234375,103.65234375,185.0
2025-06-17 12:13:00+00:00,103.65234375,103.65234375,103.65234375,103.65234375,810.0
2025-06-17 12:14:00+00:00,103.6484375,103.65625,103.6484375,103.65625,316.0
2025-06-17 12:15:00+00:00,103.6484375,103.65234375,103.6484375,103.65234375,20.0
2025-06-17 12:16:00+00:00,103.65625,103.65625,103.65234375,103.65234375,862.0
2025-06-17 12:17:00+00:00,103.65625,103.65625,103.65234375,103.65234375,482.0
2025-06-17 12:18:00+00:00,103.65625,103.66015625,103.65625,103.65625,1152.0
2025-06-17 12:19:00+00:00,103.65625,103.65625,103.65625,103.65625,1210.0
2025-06-17 12:20:00+00:00,103.6484375,103.65234375,103.64453125,103.65234375,1157.0
2025-06-17 12:21:00+00:00,103.64453125,103.64453125,103.64453125,103.64453125,688.0
2025-06-17 12:23:00+00:00,103.6484375,103.6484375,103.6484375,103.6484375,450.0
2025-06-17 12:24:00+00:00,103.6484375,103.6484375,103.6484375,103.6484375,1836.0
2025-06-17 12:25:00+00:00,103.6484375,103.65234375,103.6484375,103.65234375,733.0
2025-06-17 12:26:00+00:00,103.640625,103.6484375,103.640625,103.6484375,1249.0
2025-06-17 12:27:00+00:00,103.64453125,103.64453125,103.640625,103.640625,1985.0
2025-06-17 12:28:00+00:00,103.65234375,103.65625,103.64453125,103.64453125,1610.0
2025-06-17 12:29:00+00:00,103.65625,103.65625,103.6484375,103.65234375,2044.0
2025-06-17 12:30:00+00:00,103.640625,103.703125,103.625,103.65625,13163.0
2025-06-17 12:31:00+00:00,103.640625,103.64453125,103.63671875,103.640625,2986.0
2025-06-17 12:32:00+00:00,103.640625,103.640625,103.6328125,103.63671875,1170.0
2025-06-17 12:33:00+00:00,103.63671875,103.64453125,103.63671875,103.64453125,2017.0
2025-06-17 12:34:00+00:00,103.64453125,103.6484375,103.63671875,103.63671875,1975.0
2025-06-17 12:35:00+00:00,103.64453125,103.6484375,103.640625,103.6484375,946.0
2025-06-17 12:36:00+00:00,103.6328125,103.64453125,103.6328125,103.64453125,2511.0
2025-06-17 12:37:00+00:00,103.62890625,103.6328125,103.625,103.62890625,768.0
2025-06-17 12:38:00+00:00,103.63671875,103.640625,103.6328125,103.6328125,1404.0
2025-06-17 12:39:00+00:00,103.63671875,103.640625,103.6328125,103.640625,1817.0
2025-06-17 12:40:00+00:00,103.63671875,103.63671875,103.6328125,103.63671875,422.0
2025-06-17 12:41:00+00:00,103.62890625,103.640625,103.62890625,103.640625,1491.0
2025-06-17 12:42:00+00:00,103.63671875,103.63671875,103.62890625,103.62890625,751.0
2025-06-17 12:43:00+00:00,103.63671875,103.63671875,103.63671875,103.63671875,343.0
2025-06-17 12:44:00+00:00,103.63671875,103.63671875,103.63671875,103.63671875,370.0
2025-06-17 12:45:00+00:00,103.640625,103.640625,103.63671875,103.63671875,271.0
2025-06-17 12:46:00+00:00,103.640625,103.64453125,103.640625,103.640625,1251.0
2025-06-17 12:47:00+00:00,103.63671875,103.640625,103.63671875,103.640625,409.0
2025-06-17 12:48:00+00:00,103.63671875,103.640625,103.63671875,103.640625,1233.0
2025-06-17 12:49:00+00:00,103.62109375,103.6328125,103.62109375,103.6328125,724.0
2025-06-17 12:51:00+00:00,103.625,103.625,103.62109375,103.62109375,2084.0
2025-06-17 12:52:00+00:00,103.62109375,103.625,103.6171875,103.625,2658.0
2025-06-17 12:53:00+00:00,103.62109375,103.62109375,103.6171875,103.62109375,538.0
2025-06-17 12:54:00+00:00,103.62109375,103.625,103.62109375,103.62109375,1188.0
2025-06-17 12:55:00+00:00,103.6171875,103.62109375,103.6171875,103.62109375,1647.0
2025-06-17 12:56:00+00:00,103.62109375,103.62109375,103.6171875,103.62109375,102.0
2025-06-17 12:57:00+00:00,103.6171875,103.6171875,103.61328125,103.6171875,1185.0
2025-06-17 12:58:00+00:00,103.6171875,103.6171875,103.61328125,103.61328125,76.0
2025-06-17 12:59:00+00:00,103.6015625,103.6171875,103.6015625,103.6171875,4074.0
2025-06-17 13:00:00+00:00,103.60546875,103.60546875,103.6015625,103.60546875,1674.0
2025-06-17 13:01:00+00:00,103.60546875,103.60546875,103.60546875,103.60546875,383.0
2025-06-17 13:02:00+00:00,103.60546875,103.60546875,103.6015625,103.60546875,450.0
2025-06-17 13:03:00+00:00,103.609375,103.609375,103.60546875,103.60546875,548.0
2025-06-17 13:04:00+00:00,103.60546875,103.609375,103.60546875,103.60546875,1266.0
2025-06-17 13:05:00+00:00,103.60546875,103.60546875,103.6015625,103.60546875,201.0
2025-06-17 13:06:00+00:00,103.609375,103.609375,103.60546875,103.60546875,287.0
2025-06-17 13:07:00+00:00,103.61328125,103.6171875,103.60546875,103.60546875,3234.0
2025-06-17 13:08:00+00:00,103.6171875,103.6171875,103.609375,103.61328125,394.0
2025-06-17 13:09:00+00:00,103.61328125,103.6171875,103.61328125,103.61328125,1097.0
2025-06-17 13:10:00+00:00,103.6171875,103.6171875,103.61328125,103.61328125,1302.0
2025-06-17 13:11:00+00:00,103.6171875,103.6171875,103.61328125,103.61328125,268.0
2025-06-17 13:12:00+00:00,103.62109375,103.62109375,103.6171875,103.6171875,956.0
2025-06-17 13:13:00+00:00,103.6171875,103.62109375,103.6171875,103.62109375,479.0
2025-06-17 13:14:00+00:00,103.61328125,103.6171875,103.61328125,103.6171875,203.0
2025-06-17 13:15:00+00:00,103.625,103.625,103.61328125,103.61328125,825.0
2025-06-17 13:16:00+00:00,103.625,103.625,103.62109375,103.62109375,917.0
2025-06-17 13:17:00+00:00,103.62109375,103.62890625,103.62109375,103.625,880.0
2025-06-17 13:18:00+00:00,103.6171875,103.62109375,103.6171875,103.62109375,423.0
2025-06-17 13:19:00+00:00,103.61328125,103.6171875,103.609375,103.6171875,1199.0
2025-06-17 13:23:00+00:00,103.60546875,103.609375,103.60546875,103.609375,9056.0
2025-06-17 13:24:00+00:00,103.60546875,103.609375,103.6015625,103.609375,335.0
2025-06-17 13:25:00+00:00,103.6015625,103.60546875,103.59765625,103.6015625,1977.0
2025-06-17 13:26:00+00:00,103.60546875,103.609375,103.6015625,103.6015625,2658.0
2025-06-17 13:27:00+00:00,103.609375,103.61328125,103.60546875,103.60546875,6077.0
2025-06-17 13:28:00+00:00,103.609375,103.61328125,103.609375,103.609375,239.0
2025-06-17 13:29:00+00:00,103.609375,103.609375,103.60546875,103.609375,793.0
2025-06-17 13:30:00+00:00,103.60546875,103.609375,103.60546875,103.609375,418.0
2025-06-17 13:31:00+00:00,103.609375,103.609375,103.60546875,103.609375,870.0
2025-06-17 13:32:00+00:00,103.61328125,103.61328125,103.609375,103.609375,196.0
2025-06-17 13:33:00+00:00,103.609375,103.61328125,103.609375,103.609375,146.0
2025-06-17 13:34:00+00:00,103.609375,103.609375,103.609375,103.609375,1625.0
2025-06-17 13:37:00+00:00,103.609375,103.609375,103.609375,103.609375,0.0
2025-06-17 13:38:00+00:00,103.609375,103.609375,103.609375,103.609375,271725.0
2025-06-17 13:39:00+00:00,103.6015625,103.60546875,103.6015625,103.60546875,259.0
2025-06-17 13:40:00+00:00,103.59375,103.6015625,103.59375,103.6015625,1371.0
2025-06-17 13:41:00+00:00,103.59375,103.59765625,103.59375,103.59375,31.0
2025-06-17 13:42:00+00:00,103.6015625,103.6015625,103.59765625,103.59765625,706.0
2025-06-17 13:43:00+00:00,103.59765625,103.6015625,103.59765625,103.6015625,2026.0
2025-06-17 13:44:00+00:00,103.59765625,103.6015625,103.59375,103.6015625,2036.0
2025-06-17 13:45:00+00:00,103.59765625,103.6015625,103.59375,103.59765625,2379.0
2025-06-17 13:46:00+00:00,103.59375,103.59375,103.59375,103.59375,399.0
2025-06-17 13:47:00+00:00,103.59375,103.59375,103.58984375,103.59375,779.0
2025-06-17 13:48:00+00:00,103.59375,103.59765625,103.59375,103.59375,2538.0
2025-06-17 13:49:00+00:00,103.59375,103.59765625,103.59375,103.59375,641.0
2025-06-17 13:50:00+00:00,103.58984375,103.59765625,103.58984375,103.59375,1145.0
2025-06-17 13:51:00+00:00,103.5859375,103.59375,103.5859375,103.59375,2486.0
2025-06-17 13:52:00+00:00,103.58984375,103.58984375,103.5859375,103.5859375,3958.0
2025-06-17 13:55:00+00:00,103.58984375,103.59375,103.58984375,103.58984375,4638.0
2025-06-17 13:56:00+00:00,103.58984375,103.59375,103.5859375,103.59375,1077.0
2025-06-17 13:57:00+00:00,103.5859375,103.58984375,103.5859375,103.5859375,886.0
2025-06-17 13:58:00+00:00,103.5859375,103.5859375,103.5859375,103.5859375,141.0
2025-06-17 13:59:00+00:00,103.59375,103.59375,103.5859375,103.5859375,1626.0
2025-06-17 14:00:00+00:00,103.58984375,103.59375,103.58984375,103.59375,726.0
2025-06-17 14:01:00+00:00,103.5859375,103.58984375,103.5859375,103.58984375,948.0
2025-06-17 14:02:00+00:00,103.58203125,103.5859375,103.58203125,103.58203125,134.0
2025-06-17 14:03:00+00:00,103.58203125,103.5859375,103.578125,103.58203125,1769.0
2025-06-17 14:04:00+00:00,103.578125,103.578125,103.57421875,103.578125,683.0
2025-06-17 14:05:00+00:00,103.57421875,103.578125,103.5703125,103.57421875,2047.0
2025-06-17 14:06:00+00:00,103.578125,103.578125,103.57421875,103.57421875,562.0
2025-06-17 14:07:00+00:00,103.578125,103.578125,103.57421875,103.57421875,1615.0
2025-06-17 14:08:00+00:00,103.578125,103.58203125,103.578125,103.58203125,154.0
2025-06-17 14:09:00+00:00,103.58203125,103.58203125,103.578125,103.578125,2324.0
2025-06-17 14:10:00+00:00,103.58203125,103.58203125,103.578125,103.578125,300.0
2025-06-17 14:13:00+00:00,103.58203125,103.5859375,103.58203125,103.58203125,422.0
2025-06-17 14:14:00+00:00,103.58203125,103.58203125,103.58203125,103.58203125,47.0
2025-06-17 14:15:00+00:00,103.5859375,103.5859375,103.58203125,103.58203125,381.0
2025-06-17 14:16:00+00:00,103.5859375,103.5859375,103.58203125,103.58203125,2037.0
2025-06-17 14:17:00+00:00,103.58203125,103.5859375,103.58203125,103.5859375,1155.0
2025-06-17 14:18:00+00:00,103.5859375,103.5859375,103.58203125,103.5859375,2818.0
2025-06-17 14:19:00+00:00,103.58203125,103.5859375,103.58203125,103.5859375,112.0
2025-06-17 14:21:00+00:00,103.5859375,103.5859375,103.58203125,103.5859375,582.0
2025-06-17 14:22:00+00:00,103.5859375,103.5859375,103.58203125,103.5859375,38.0
2025-06-17 14:23:00+00:00,103.58203125,103.5859375,103.58203125,103.5859375,766.0
2025-06-17 14:24:00+00:00,103.5859375,103.5859375,103.58203125,103.5859375,926.0
2025-06-17 14:25:00+00:00,103.5859375,103.5859375,103.58203125,103.5859375,224.0
2025-06-17 14:26:00+00:00,103.5859375,103.58984375,103.5859375,103.58984375,411.0
2025-06-17 14:27:00+00:00,103.58203125,103.5859375,103.58203125,103.5859375,118.0
2025-06-17 14:28:00+00:00,103.58203125,103.58203125,103.58203125,103.58203125,243.0
2025-06-17 14:31:00+00:00,103.5859375,103.5859375,103.58203125,103.5859375,203.0
2025-06-17 14:32:00+00:00,103.5859375,103.58984375,103.5859375,103.5859375,1790.0
2025-06-17 14:33:00+00:00,103.5859375,103.5859375,103.58203125,103.58203125,1104.0
2025-06-17 14:35:00+00:00,103.5859375,103.5859375,103.58203125,103.5859375,351.0
2025-06-17 14:36:00+00:00,103.5859375,103.5859375,103.58203125,103.58203125,1874.0
2025-06-17 14:37:00+00:00,103.578125,103.58203125,103.57421875,103.58203125,1870.0
2025-06-17 14:38:00+00:00,103.57421875,103.578125,103.5703125,103.578125,1751.0
2025-06-17 14:39:00+00:00,103.5703125,103.57421875,103.5703125,103.57421875,628.0
2025-06-17 14:41:00+00:00,103.5703125,103.5703125,103.56640625,103.56640625,312.0
2025-06-17 14:42:00+00:00,103.56640625,103.57421875,103.56640625,103.5703125,621.0
2025-06-17 14:43:00+00:00,103.5703125,103.57421875,103.5703125,103.5703125,796.0
2025-06-17 14:44:00+00:00,103.5703125,103.57421875,103.5703125,103.57421875,148.0
2025-06-17 14:45:00+00:00,103.56640625,103.57421875,103.56640625,103.57421875,1151.0
2025-06-17 14:46:00+00:00,103.5703125,103.57421875,103.5703125,103.5703125,494.0
2025-06-17 14:50:00+00:00,103.57421875,103.57421875,103.57421875,103.57421875,5246.0
2025-06-17 14:51:00+00:00,103.578125,103.578125,103.57421875,103.578125,1180.0
2025-06-17 14:52:00+00:00,103.578125,103.578125,103.57421875,103.57421875,255.0
2025-06-17 14:53:00+00:00,103.58203125,103.58203125,103.578125,103.58203125,118.0
2025-06-17 14:54:00+00:00,103.58203125,103.58203125,103.578125,103.578125,413.0
2025-06-17 14:55:00+00:00,103.578125,103.58203125,103.578125,103.578125,558.0
2025-06-17 14:56:00+00:00,103.58203125,103.58203125,103.578125,103.578125,430.0
2025-06-17 14:58:00+00:00,103.58203125,103.58203125,103.578125,103.578125,756.0
2025-06-17 14:59:00+00:00,103.5859375,103.5859375,103.58203125,103.5859375,271.0
2025-06-17 15:00:00+00:00,103.5859375,103.5859375,103.58203125,103.5859375,2212.0
2025-06-17 15:01:00+00:00,103.5859375,103.58984375,103.5859375,103.5859375,1059.0
2025-06-17 15:02:00+00:00,103.5859375,103.5859375,103.58203125,103.5859375,510.0
2025-06-17 15:03:00+00:00,103.5859375,103.5859375,103.58203125,103.5859375,751.0
2025-06-17 15:04:00+00:00,103.5859375,103.5859375,103.58203125,103.5859375,146.0
2025-06-17 15:05:00+00:00,103.58984375,103.58984375,103.58203125,103.58203125,395.0
2025-06-17 15:06:00+00:00,103.58984375,103.58984375,103.5859375,103.58984375,28.0
2025-06-17 15:09:00+00:00,103.59375,103.59375,103.59375,103.59375,2825.0
2025-06-17 15:10:00+00:00,103.59765625,103.59765625,103.59375,103.59375,475.0
2025-06-17 15:11:00+00:00,103.6015625,103.6015625,103.59765625,103.59765625,115.0
2025-06-17 15:12:00+00:00,103.59765625,103.6015625,103.59765625,103.6015625,929.0
2025-06-17 15:13:00+00:00,103.59765625,103.59765625,103.59765625,103.59765625,342.0
2025-06-17 15:14:00+00:00,103.6015625,103.6015625,103.6015625,103.6015625,1240.0
2025-06-17 15:15:00+00:00,103.6015625,103.6015625,103.6015625,103.6015625,382.0
2025-06-17 15:16:00+00:00,103.6015625,103.60546875,103.6015625,103.6015625,344.0
2025-06-17 15:19:00+00:00,103.6015625,103.6015625,103.6015625,103.6015625,22.0
2025-06-17 15:20:00+00:00,103.60546875,103.60546875,103.6015625,103.6015625,1089.0
2025-06-17 15:21:00+00:00,103.609375,103.609375,103.60546875,103.60546875,656.0
2025-06-17 15:22:00+00:00,103.6015625,103.609375,103.6015625,103.609375,78.0
2025-06-17 15:23:00+00:00,103.6015625,103.6015625,103.6015625,103.6015625,560.0
2025-06-17 15:25:00+00:00,103.60546875,103.60546875,103.6015625,103.6015625,28.0
2025-06-17 15:26:00+00:00,103.6015625,103.6015625,103.6015625,103.6015625,1001.0
2025-06-17 15:29:00+00:00,103.6015625,103.6015625,103.6015625,103.6015625,0.0
2025-06-17 15:30:00+00:00,103.6015625,103.6015625,103.6015625,103.6015625,365736.0
2025-06-17 15:31:00+00:00,103.60546875,103.60546875,103.6015625,103.6015625,13.0
2025-06-17 15:32:00+00:00,103.60546875,103.60546875,103.60546875,103.60546875,324.0
2025-06-17 15:33:00+00:00,103.6015625,103.60546875,103.6015625,103.60546875,22.0
2025-06-17 15:37:00+00:00,103.6015625,103.60546875,103.6015625,103.6015625,168.0
2025-06-17 15:39:00+00:00,103.60546875,103.60546875,103.6015625,103.6015625,1918.0
2025-06-17 15:41:00+00:00,103.60546875,103.609375,103.60546875,103.609375,3195.0
2025-06-17 15:42:00+00:00,103.609375,103.609375,103.60546875,103.60546875,237.0
2025-06-17 15:43:00+00:00,103.6015625,103.60546875,103.6015625,103.60546875,1169.0
2025-06-17 15:44:00+00:00,103.60546875,103.60546875,103.6015625,103.6015625,26.0
2025-06-17 15:46:00+00:00,103.60546875,103.60546875,103.6015625,103.60546875,442.0
2025-06-17 15:49:00+00:00,103.6015625,103.6015625,103.6015625,103.6015625,747.0
2025-06-17 15:50:00+00:00,103.6015625,103.6015625,103.6015625,103.6015625,8.0
2025-06-17 15:53:00+00:00,103.59765625,103.6015625,103.59375,103.6015625,3118.0
2025-06-17 15:54:00+00:00,103.59375,103.59765625,103.59375,103.59765625,117.0
2025-06-17 15:55:00+00:00,103.59765625,103.6015625,103.59375,103.59765625,2764.0
2025-06-17 15:57:00+00:00,103.59765625,103.59765625,103.59765625,103.59765625,646.0
2025-06-17 15:58:00+00:00,103.59765625,103.59765625,103.59765625,103.59765625,215.0
2025-06-17 15:59:00+00:00,103.59765625,103.59765625,103.59765625,103.59765625,896.0
2025-06-17 16:00:00+00:00,103.6015625,103.6015625,103.59765625,103.59765625,1311.0
2025-06-17 16:01:00+00:00,103.59765625,103.6015625,103.59765625,103.6015625,737.0
2025-06-17 16:02:00+00:00,103.6015625,103.6015625,103.6015625,103.6015625,52.0
2025-06-17 16:03:00+00:00,103.6015625,103.6015625,103.59765625,103.59765625,658.0
2025-06-17 16:04:00+00:00,103.6015625,103.6015625,103.6015625,103.6015625,425.0
2025-06-17 16:05:00+00:00,103.59765625,103.6015625,103.59765625,103.59765625,167.0
2025-06-17 16:06:00+00:00,103.59765625,103.59765625,103.59375,103.59765625,250.0
2025-06-17 16:07:00+00:00,103.59765625,103.59765625,103.59765625,103.59765625,113.0
2025-06-17 16:08:00+00:00,103.59765625,103.59765625,103.59375,103.59375,243.0
2025-06-17 16:09:00+00:00,103.59765625,103.59765625,103.59765625,103.59765625,965.0
2025-06-17 16:10:00+00:00,103.59765625,103.59765625,103.59375,103.59765625,69.0
2025-06-17 16:11:00+00:00,103.59765625,103.59765625,103.59765625,103.59765625,2257.0
2025-06-17 16:15:00+00:00,103.60546875,103.60546875,103.60546875,103.60546875,1143.0
2025-06-17 16:16:00+00:00,103.60546875,103.60546875,103.6015625,103.60546875,214.0
2025-06-17 16:17:00+00:00,103.60546875,103.60546875,103.60546875,103.60546875,80.0
2025-06-17 16:18:00+00:00,103.60546875,103.60546875,103.6015625,103.60546875,182.0
2025-06-17 16:19:00+00:00,103.60546875,103.60546875,103.60546875,103.60546875,489.0
2025-06-17 16:20:00+00:00,103.61328125,103.61328125,103.609375,103.609375,466.0
2025-06-17 16:21:00+00:00,103.61328125,103.61328125,103.61328125,103.61328125,406.0
2025-06-17 16:22:00+00:00,103.61328125,103.6171875,103.61328125,103.61328125,328.0
2025-06-17 16:23:00+00:00,103.6171875,103.6171875,103.61328125,103.61328125,87.0
2025-06-17 16:24:00+00:00,103.61328125,103.6171875,103.609375,103.61328125,421.0
2025-06-17 16:25:00+00:00,103.6171875,103.6171875,103.6171875,103.6171875,102.0
2025-06-17 16:26:00+00:00,103.6171875,103.6171875,103.6171875,103.6171875,1710.0
2025-06-17 16:28:00+00:00,103.62109375,103.62109375,103.62109375,103.62109375,14.0
2025-06-17 16:30:00+00:00,103.62109375,103.62109375,103.6171875,103.6171875,1004.0
2025-06-17 16:31:00+00:00,103.625,103.625,103.62109375,103.62109375,1332.0
2025-06-17 16:32:00+00:00,103.6171875,103.625,103.6171875,103.62109375,867.0
2025-06-17 16:33:00+00:00,103.62109375,103.62109375,103.62109375,103.62109375,471.0
2025-06-17 16:34:00+00:00,103.625,103.625,103.62109375,103.62109375,2025.0
2025-06-17 16:35:00+00:00,103.625,103.625,103.62109375,103.625,1620.0
2025-06-17 16:39:00+00:00,103.62109375,103.625,103.62109375,103.625,4716.0
2025-06-17 16:40:00+00:00,103.62890625,103.62890625,103.62109375,103.625,2190.0
2025-06-17 16:41:00+00:00,103.62890625,103.62890625,103.625,103.62890625,2223.0
2025-06-17 16:42:00+00:00,103.6328125,103.6328125,103.62890625,103.62890625,890.0
2025-06-17 16:43:00+00:00,103.62890625,103.6328125,103.62890625,103.6328125,1377.0
2025-06-17 16:44:00+00:00,103.6328125,103.6328125,103.62890625,103.62890625,423.0
2025-06-17 16:45:00+00:00,103.6328125,103.6328125,103.62890625,103.62890625,6.0
2025-06-17 16:46:00+00:00,103.62890625,103.6328125,103.62890625,103.62890625,3983.0
2025-06-17 16:47:00+00:00,103.625,103.62890625,103.625,103.62890625,1503.0
2025-06-17 16:48:00+00:00,103.62109375,103.62890625,103.62109375,103.62890625,3238.0
2025-06-17 16:49:00+00:00,103.62109375,103.625,103.6171875,103.62109375,1411.0
2025-06-17 16:50:00+00:00,103.62890625,103.62890625,103.625,103.625,224.0
2025-06-17 16:51:00+00:00,103.62109375,103.62890625,103.62109375,103.62890625,2505.0
2025-06-17 16:52:00+00:00,103.62109375,103.62109375,103.62109375,103.62109375,311.0
2025-06-17 16:53:00+00:00,103.62109375,103.625,103.62109375,103.62109375,1018.0
2025-06-17 16:56:00+00:00,103.62109375,103.62109375,103.62109375,103.62109375,5985.0
2025-06-17 16:57:00+00:00,103.62109375,103.625,103.62109375,103.62109375,482.0
2025-06-17 16:58:00+00:00,103.6171875,103.62109375,103.6171875,103.62109375,585.0
2025-06-17 16:59:00+00:00,103.61328125,103.6171875,103.61328125,103.6171875,1172.0
2025-06-17 17:00:00+00:00,103.61328125,103.6171875,103.61328125,103.6171875,664.0
2025-06-17 17:01:00+00:00,103.61328125,103.6171875,103.61328125,103.6171875,934.0
2025-06-17 17:02:00+00:00,103.61328125,103.62109375,103.61328125,103.6171875,2512.0
2025-06-17 17:03:00+00:00,103.61328125,103.61328125,103.609375,103.61328125,1496.0
2025-06-17 17:04:00+00:00,103.61328125,103.61328125,103.609375,103.609375,551.0
2025-06-17 17:05:00+00:00,103.6171875,103.6171875,103.609375,103.609375,608.0
2025-06-17 17:06:00+00:00,103.6171875,103.6171875,103.609375,103.6171875,723.0
2025-06-17 17:07:00+00:00,103.61328125,103.62109375,103.61328125,103.6171875,588.0
2025-06-17 17:08:00+00:00,103.6171875,103.6171875,103.61328125,103.61328125,7.0
2025-06-17 17:09:00+00:00,103.6171875,103.6171875,103.61328125,103.61328125,1443.0
2025-06-17 17:10:00+00:00,103.61328125,103.61328125,103.609375,103.61328125,932.0
2025-06-17 17:11:00+00:00,103.609375,103.609375,103.609375,103.609375,202.0
2025-06-17 17:12:00+00:00,103.609375,103.609375,103.609375,103.609375,338.0
2025-06-17 17:13:00+00:00,103.60546875,103.61328125,103.60546875,103.61328125,502.0
2025-06-17 17:14:00+00:00,103.609375,103.61328125,103.609375,103.609375,958.0
2025-06-17 17:17:00+00:00,103.6171875,103.6171875,103.6171875,103.6171875,2144.0
2025-06-17 17:18:00+00:00,103.609375,103.61328125,103.609375,103.61328125,2684.0
2025-06-17 17:19:00+00:00,103.609375,103.609375,103.609375,103.609375,1385.0
2025-06-17 17:20:00+00:00,103.609375,103.609375,103.609375,103.609375,824.0
2025-06-17 17:21:00+00:00,103.60546875,103.609375,103.60546875,103.609375,525.0
2025-06-17 17:23:00+00:00,103.6015625,103.60546875,103.6015625,103.60546875,2.0
2025-06-17 17:24:00+00:00,103.6015625,103.6015625,103.6015625,103.6015625,638.0
2025-06-17 17:25:00+00:00,103.6015625,103.60546875,103.6015625,103.60546875,520.0
2025-06-17 17:28:00+00:00,103.60546875,103.60546875,103.6015625,103.6015625,2109.0
2025-06-17 17:29:00+00:00,103.60546875,103.609375,103.60546875,103.609375,104.0
2025-06-17 17:32:00+00:00,103.61328125,103.61328125,103.61328125,103.61328125,8491.0
2025-06-17 17:34:00+00:00,103.61328125,103.6171875,103.61328125,103.61328125,585.0
2025-06-17 17:35:00+00:00,103.609375,103.61328125,103.60546875,103.61328125,1774.0
2025-06-17 17:36:00+00:00,103.609375,103.61328125,103.60546875,103.609375,1105.0
2025-06-17 17:37:00+00:00,103.6171875,103.6171875,103.609375,103.609375,1640.0
2025-06-17 17:38:00+00:00,103.61328125,103.61328125,103.609375,103.61328125,1959.0
2025-06-17 17:39:00+00:00,103.61328125,103.6171875,103.61328125,103.61328125,735.0
2025-06-17 17:40:00+00:00,103.61328125,103.6171875,103.609375,103.61328125,1336.0
2025-06-17 17:41:00+00:00,103.61328125,103.61328125,103.609375,103.609375,1263.0
2025-06-17 17:42:00+00:00,103.62109375,103.62109375,103.6171875,103.6171875,1024.0
2025-06-17 17:43:00+00:00,103.62109375,103.625,103.62109375,103.62109375,2161.0
2025-06-17 17:44:00+00:00,103.62109375,103.625,103.62109375,103.625,1476.0
2025-06-17 17:45:00+00:00,103.62109375,103.625,103.62109375,103.625,296.0
2025-06-17 17:46:00+00:00,103.62890625,103.62890625,103.625,103.625,854.0
2025-06-17 17:47:00+00:00,103.625,103.625,103.625,103.625,1867.0
2025-06-17 17:49:00+00:00,103.62890625,103.62890625,103.625,103.625,4151.0
2025-06-17 17:50:00+00:00,103.640625,103.640625,103.62890625,103.62890625,6154.0
2025-06-17 17:51:00+00:00,103.640625,103.64453125,103.640625,103.640625,1948.0
2025-06-17 17:52:00+00:00,103.63671875,103.640625,103.63671875,103.640625,659.0
2025-06-17 17:53:00+00:00,103.640625,103.64453125,103.640625,103.640625,982.0
2025-06-17 17:54:00+00:00,103.640625,103.64453125,103.640625,103.640625,405.0
2025-06-17 17:58:00+00:00,103.63671875,103.63671875,103.63671875,103.63671875,4841.0
2025-06-17 17:59:00+00:00,103.63671875,103.63671875,103.63671875,103.63671875,1268.0
2025-06-17 18:00:00+00:00,103.640625,103.640625,103.63671875,103.63671875,1895.0
2025-06-17 18:01:00+00:00,103.63671875,103.640625,103.63671875,103.640625,617.0
2025-06-17 18:02:00+00:00,103.63671875,103.63671875,103.63671875,103.63671875,953.0
2025-06-17 18:03:00+00:00,103.6328125,103.6328125,103.6328125,103.6328125,151.0
2025-06-17 18:04:00+00:00,103.6328125,103.6328125,103.6328125,103.6328125,2349.0
2025-06-17 18:05:00+00:00,103.62890625,103.6328125,103.62890625,103.6328125,183.0
2025-06-17 18:06:00+00:00,103.62890625,103.62890625,103.62890625,103.62890625,2070.0
2025-06-17 18:07:00+00:00,103.625,103.6328125,103.625,103.62890625,1570.0
2025-06-17 18:08:00+00:00,103.62890625,103.62890625,103.625,103.62890625,983.0
2025-06-17 18:09:00+00:00,103.625,103.62890625,103.625,103.625,1768.0
2025-06-17 18:10:00+00:00,103.62890625,103.62890625,103.62890625,103.62890625,750.0
2025-06-17 18:11:00+00:00,103.625,103.62890625,103.625,103.62890625,325.0
2025-06-17 18:12:00+00:00,103.625,103.62890625,103.625,103.625,3242.0
2025-06-17 18:13:00+00:00,103.62109375,103.62109375,103.62109375,103.62109375,54.0
2025-06-17 18:14:00+00:00,103.625,103.625,103.62109375,103.62109375,133.0
2025-06-17 18:15:00+00:00,103.62890625,103.62890625,103.625,103.625,1473.0
2025-06-17 18:16:00+00:00,103.640625,103.640625,103.625,103.625,4183.0
2025-06-17 18:17:00+00:00,103.63671875,103.640625,103.63671875,103.640625,1747.0
2025-06-17 18:18:00+00:00,103.63671875,103.640625,103.63671875,103.640625,587.0
2025-06-17 18:19:00+00:00,103.640625,103.640625,103.640625,103.640625,244.0
2025-06-17 18:21:00+00:00,103.640625,103.64453125,103.640625,103.640625,4581.0
2025-06-17 18:22:00+00:00,103.6328125,103.640625,103.62890625,103.640625,3904.0
2025-06-17 18:23:00+00:00,103.62890625,103.6328125,103.62890625,103.6328125,184.0
2025-06-17 18:24:00+00:00,103.640625,103.640625,103.62890625,103.62890625,895.0
2025-06-17 18:25:00+00:00,103.63671875,103.63671875,103.63671875,103.63671875,505.0
2025-06-17 18:26:00+00:00,103.6328125,103.6328125,103.6328125,103.6328125,17.0
2025-06-17 18:27:00+00:00,103.640625,103.640625,103.63671875,103.63671875,570.0
2025-06-17 18:28:00+00:00,103.63671875,103.640625,103.63671875,103.640625,122.0
2025-06-17 18:29:00+00:00,103.640625,103.640625,103.63671875,103.640625,1069.0
2025-06-17 18:30:00+00:00,103.640625,103.640625,103.63671875,103.63671875,221.0
2025-06-17 18:31:00+00:00,103.640625,103.640625,103.640625,103.640625,503.0
2025-06-17 18:33:00+00:00,103.63671875,103.63671875,103.63671875,103.63671875,879.0
2025-06-17 18:35:00+00:00,103.6328125,103.6328125,103.6328125,103.6328125,674.0
2025-06-17 18:36:00+00:00,103.63671875,103.63671875,103.6328125,103.6328125,2018.0
2025-06-17 18:37:00+00:00,103.63671875,103.63671875,103.63671875,103.63671875,186.0
2025-06-17 18:38:00+00:00,103.6328125,103.63671875,103.6328125,103.63671875,197.0
2025-06-17 18:39:00+00:00,103.63671875,103.63671875,103.6328125,103.6328125,19.0
2025-06-17 18:40:00+00:00,103.6328125,103.63671875,103.62890625,103.6328125,875.0
2025-06-17 18:41:00+00:00,103.6328125,103.6328125,103.6328125,103.6328125,112.0
2025-06-17 18:42:00+00:00,103.6328125,103.6328125,103.6328125,103.6328125,38.0
2025-06-17 18:43:00+00:00,103.6328125,103.6328125,103.6328125,103.6328125,105.0
2025-06-17 18:44:00+00:00,103.62890625,103.62890625,103.62890625,103.62890625,834.0
2025-06-17 18:45:00+00:00,103.62890625,103.62890625,103.62890625,103.62890625,6.0
2025-06-17 18:46:00+00:00,103.625,103.62890625,103.62109375,103.62890625,3688.0
2025-06-17 18:47:00+00:00,103.625,103.625,103.625,103.625,315.0
2025-06-17 18:48:00+00:00,103.625,103.625,103.62109375,103.625,851.0
2025-06-17 18:49:00+00:00,103.62109375,103.625,103.62109375,103.625,412.0
2025-06-17 18:50:00+00:00,103.625,103.625,103.625,103.625,737.0
2025-06-17 18:51:00+00:00,103.62890625,103.62890625,103.62109375,103.625,1867.0
2025-06-17 18:52:00+00:00,103.6328125,103.6328125,103.62890625,103.62890625,428.0
2025-06-17 18:53:00+00:00,103.62890625,103.62890625,103.625,103.62890625,1004.0
2025-06-17 18:55:00+00:00,103.63671875,103.63671875,103.63671875,103.63671875,913.0
2025-06-17 18:56:00+00:00,103.63671875,103.63671875,103.6328125,103.63671875,400.0
2025-06-17 18:57:00+00:00,103.6328125,103.63671875,103.6328125,103.63671875,225.0
2025-06-17 18:58:00+00:00,103.6328125,103.63671875,103.6328125,103.63671875,5906.0
2025-06-17 18:59:00+00:00,103.625,103.6328125,103.625,103.6328125,2091.0
2025-06-17 19:00:00+00:00,103.6328125,103.6328125,103.625,103.625,1223.0
2025-06-17 19:01:00+00:00,103.6328125,103.6328125,103.62890625,103.6328125,982.0
2025-06-17 19:02:00+00:00,103.6328125,103.6328125,103.6328125,103.6328125,361.0
2025-06-17 19:03:00+00:00,103.6328125,103.6328125,103.6328125,103.6328125,841.0
2025-06-17 19:04:00+00:00,103.63671875,103.63671875,103.6328125,103.6328125,411.0
2025-06-17 19:05:00+00:00,103.6328125,103.63671875,103.6328125,103.6328125,750.0
2025-06-17 19:06:00+00:00,103.62890625,103.63671875,103.62890625,103.6328125,1800.0
2025-06-17 19:07:00+00:00,103.6328125,103.6328125,103.62890625,103.62890625,129.0
2025-06-17 19:08:00+00:00,103.6328125,103.6328125,103.62890625,103.62890625,36.0
2025-06-17 19:09:00+00:00,103.62890625,103.6328125,103.62890625,103.62890625,300.0
2025-06-17 19:10:00+00:00,103.62890625,103.62890625,103.62890625,103.62890625,9.0
2025-06-17 19:11:00+00:00,103.625,103.6328125,103.62109375,103.62890625,2968.0
2025-06-17 19:12:00+00:00,103.625,103.625,103.625,103.625,428.0
2025-06-17 19:14:00+00:00,103.625,103.625,103.625,103.625,1096.0
2025-06-17 19:15:00+00:00,103.62890625,103.62890625,103.625,103.625,1068.0
2025-06-17 19:16:00+00:00,103.625,103.625,103.625,103.625,301.0
2025-06-17 19:17:00+00:00,103.62109375,103.62109375,103.62109375,103.62109375,233.0
2025-06-17 19:18:00+00:00,103.625,103.625,103.62109375,103.62109375,1473.0
2025-06-17 19:19:00+00:00,103.62109375,103.625,103.62109375,103.625,143.0
2025-06-17 19:24:00+00:00,103.625,103.625,103.625,103.625,3091.0
2025-06-17 19:25:00+00:00,103.625,103.62890625,103.625,103.62890625,188.0
2025-06-17 19:26:00+00:00,103.625,103.62890625,103.625,103.62890625,287.0
2025-06-17 19:27:00+00:00,103.625,103.625,103.625,103.625,1668.0
2025-06-17 19:28:00+00:00,103.625,103.625,103.62109375,103.625,1637.0
2025-06-17 19:29:00+00:00,103.625,103.625,103.62109375,103.62109375,1335.0
2025-06-17 19:30:00+00:00,103.6171875,103.625,103.6171875,103.62109375,3832.0
2025-06-17 19:31:00+00:00,103.6171875,103.62109375,103.61328125,103.6171875,3558.0
2025-06-17 19:32:00+00:00,103.6171875,103.62109375,103.6171875,103.6171875,903.0
2025-06-17 19:33:00+00:00,103.62109375,103.625,103.61328125,103.6171875,3435.0
2025-06-17 19:34:00+00:00,103.625,103.625,103.62109375,103.62109375,964.0
2025-06-17 19:35:00+00:00,103.62109375,103.62109375,103.6171875,103.62109375,403.0
2025-06-17 19:36:00+00:00,103.62109375,103.62109375,103.6171875,103.62109375,593.0
2025-06-17 19:37:00+00:00,103.62109375,103.62109375,103.62109375,103.62109375,559.0
2025-06-17 19:38:00+00:00,103.62109375,103.62109375,103.6171875,103.62109375,1750.0
2025-06-17 19:40:00+00:00,103.62109375,103.625,103.62109375,103.62109375,3693.0
2025-06-17 19:41:00+00:00,103.62109375,103.62890625,103.62109375,103.62109375,3561.0
2025-06-17 19:42:00+00:00,103.62109375,103.625,103.62109375,103.62109375,1430.0
2025-06-17 19:43:00+00:00,103.625,103.625,103.62109375,103.62109375,824.0
2025-06-17 19:44:00+00:00,103.625,103.625,103.625,103.625,125.0
2025-06-17 19:45:00+00:00,103.625,103.625,103.62109375,103.625,260.0
2025-06-17 19:46:00+00:00,103.625,103.625,103.62109375,103.625,30.0
2025-06-17 19:48:00+00:00,103.625,103.62890625,103.62109375,103.62109375,1695.0
2025-06-17 19:49:00+00:00,103.625,103.625,103.62109375,103.625,1767.0
2025-06-17 19:50:00+00:00,103.62890625,103.62890625,103.625,103.625,548.0
2025-06-17 19:51:00+00:00,103.62890625,103.62890625,103.625,103.625,1365.0
2025-06-17 19:52:00+00:00,103.625,103.6328125,103.625,103.62890625,1598.0
2025-06-17 19:53:00+00:00,103.62890625,103.62890625,103.62890625,103.62890625,40.0
2025-06-17 19:54:00+00:00,103.62890625,103.62890625,103.625,103.62890625,311.0
2025-06-17 19:55:00+00:00,103.62890625,103.6328125,103.625,103.62890625,3924.0
2025-06-17 19:56:00+00:00,103.62890625,103.6328125,103.62890625,103.62890625,665.0
2025-06-17 19:57:00+00:00,103.63671875,103.63671875,103.62890625,103.6328125,442.0
2025-06-17 19:58:00+00:00,103.63671875,103.63671875,103.6328125,103.63671875,250.0
2025-06-17 19:59:00+00:00,103.6328125,103.63671875,103.6328125,103.6328125,1233.0
2025-06-17 20:00:00+00:00,103.6328125,103.63671875,103.62890625,103.63671875,3141.0
2025-06-17 20:01:00+00:00,103.62890625,103.6328125,103.62890625,103.6328125,191.0
2025-06-17 20:02:00+00:00,103.6328125,103.6328125,103.62890625,103.6328125,480.0
2025-06-17 20:03:00+00:00,103.6328125,103.63671875,103.62890625,103.6328125,834.0
2025-06-17 20:04:00+00:00,103.62890625,103.6328125,103.62890625,103.6328125,63.0
2025-06-17 20:05:00+00:00,103.62890625,103.6328125,103.62890625,103.6328125,1348.0
2025-06-17 20:06:00+00:00,103.6328125,103.6328125,103.62890625,103.62890625,854.0
2025-06-17 20:07:00+00:00,103.6328125,103.63671875,103.6328125,103.6328125,1936.0
2025-06-17 20:08:00+00:00,103.6328125,103.6328125,103.62890625,103.6328125,908.0
2025-06-17 20:09:00+00:00,103.6328125,103.6328125,103.6328125,103.6328125,1424.0
2025-06-17 20:10:00+00:00,103.6328125,103.6328125,103.6328125,103.6328125,713.0
2025-06-17 20:11:00+00:00,103.63671875,103.63671875,103.6328125,103.6328125,226.0
2025-06-17 20:12:00+00:00,103.63671875,103.63671875,103.6328125,103.6328125,1304.0
2025-06-17 20:13:00+00:00,103.63671875,103.63671875,103.63671875,103.63671875,9.0
2025-06-17 20:14:00+00:00,103.63671875,103.63671875,103.63671875,103.63671875,64.0
2025-06-17 20:15:00+00:00,103.640625,103.640625,103.640625,103.640625,7.0
2025-06-17 20:16:00+00:00,103.6328125,103.63671875,103.6328125,103.63671875,1758.0
2025-06-17 20:17:00+00:00,103.6328125,103.63671875,103.6328125,103.63671875,328.0
2025-06-17 20:18:00+00:00,103.6328125,103.6328125,103.62890625,103.62890625,71.0
2025-06-17 20:19:00+00:00,103.625,103.62890625,103.625,103.62890625,1404.0
2025-06-17 20:20:00+00:00,103.62890625,103.62890625,103.625,103.625,1398.0
2025-06-17 20:21:00+00:00,103.6328125,103.6328125,103.6328125,103.6328125,377.0
2025-06-17 20:22:00+00:00,103.6328125,103.63671875,103.6328125,103.63671875,472.0
2025-06-17 20:25:00+00:00,103.6328125,103.6328125,103.6328125,103.6328125,600.0
2025-06-17 20:26:00+00:00,103.6328125,103.6328125,103.62890625,103.6328125,1548.0
2025-06-17 20:27:00+00:00,103.6328125,103.6328125,103.6328125,103.6328125,73.0
2025-06-17 20:28:00+00:00,103.62890625,103.62890625,103.62890625,103.62890625,362.0
2025-06-17 20:29:00+00:00,103.6328125,103.6328125,103.62890625,103.62890625,10.0
2025-06-17 20:30:00+00:00,103.6328125,103.6328125,103.6328125,103.6328125,292.0
2025-06-17 20:31:00+00:00,103.6328125,103.63671875,103.6328125,103.6328125,2579.0
2025-06-17 20:32:00+00:00,103.6328125,103.6328125,103.6328125,103.6328125,1452.0
2025-06-17 20:33:00+00:00,103.63671875,103.63671875,103.6328125,103.6328125,183.0
2025-06-17 20:34:00+00:00,103.63671875,103.63671875,103.63671875,103.63671875,22.0
2025-06-17 20:35:00+00:00,103.640625,103.640625,103.63671875,103.63671875,7266.0
2025-06-17 20:36:00+00:00,103.63671875,103.640625,103.63671875,103.63671875,178.0
2025-06-17 20:37:00+00:00,103.63671875,103.63671875,103.63671875,103.63671875,1238.0
2025-06-17 20:38:00+00:00,103.63671875,103.640625,103.63671875,103.640625,133.0
2025-06-17 20:39:00+00:00,103.63671875,103.640625,103.63671875,103.640625,43.0
2025-06-17 20:40:00+00:00,103.63671875,103.63671875,103.63671875,103.63671875,133.0
2025-06-17 20:42:00+00:00,103.640625,103.640625,103.63671875,103.63671875,2008.0
2025-06-17 20:43:00+00:00,103.63671875,103.640625,103.63671875,103.640625,703.0
2025-06-17 20:44:00+00:00,103.6328125,103.640625,103.6328125,103.640625,395.0
2025-06-17 20:45:00+00:00,103.62890625,103.63671875,103.62890625,103.63671875,633.0
2025-06-17 20:46:00+00:00,103.62890625,103.62890625,103.625,103.62890625,483.0
2025-06-17 20:47:00+00:00,103.62890625,103.62890625,103.625,103.625,442.0
2025-06-17 20:48:00+00:00,103.62890625,103.62890625,103.625,103.62890625,272.0
2025-06-17 20:49:00+00:00,103.625,103.62890625,103.625,103.62890625,665.0
2025-06-17 20:50:00+00:00,103.62890625,103.62890625,103.625,103.62890625,151.0
2025-06-17 20:51:00+00:00,103.62890625,103.62890625,103.625,103.62890625,415.0
2025-06-17 20:52:00+00:00,103.625,103.625,103.625,103.625,747.0
2025-06-17 20:53:00+00:00,103.625,103.625,103.625,103.625,46.0
2025-06-17 20:54:00+00:00,103.62109375,103.62890625,103.62109375,103.625,652.0
2025-06-17 20:55:00+00:00,103.62109375,103.625,103.62109375,103.62109375,621.0
2025-06-17 20:56:00+00:00,103.62109375,103.625,103.62109375,103.625,469.0
2025-06-17 20:57:00+00:00,103.625,103.625,103.62109375,103.62109375,665.0
2025-06-17 20:58:00+00:00,103.6171875,103.625,103.6171875,103.625,1006.0
2025-06-17 20:59:00+00:00,103.6171875,103.62109375,103.61328125,103.62109375,0.0
2025-06-17 22:00:00+00:00,103.62890625,103.62890625,103.625,103.62890625,109.0
2025-06-17 22:02:00+00:00,103.62890625,103.62890625,103.625,103.625,46.0
2025-06-17 22:04:00+00:00,103.62890625,103.62890625,103.62890625,103.62890625,143.0
2025-06-17 22:05:00+00:00,103.62890625,103.62890625,103.62890625,103.62890625,32.0
2025-06-17 22:06:00+00:00,103.62890625,103.62890625,103.62890625,103.62890625,37.0
2025-06-17 22:07:00+00:00,103.6328125,103.6328125,103.6328125,103.6328125,10.0
2025-06-17 22:11:00+00:00,103.62890625,103.62890625,103.62890625,103.62890625,54.0
2025-06-17 22:17:00+00:00,103.62890625,103.62890625,103.62890625,103.62890625,0.0
2025-06-17 22:27:00+00:00,103.6328125,103.6328125,103.6328125,103.6328125,1088.0
2025-06-17 22:34:00+00:00,103.62890625,103.62890625,103.62890625,103.62890625,243.0
2025-06-17 22:44:00+00:00,103.62890625,103.62890625,103.62890625,103.62890625,47.0
2025-06-17 22:47:00+00:00,103.62890625,103.62890625,103.62890625,103.62890625,393.0
2025-06-17 23:02:00+00:00,103.6328125,103.6328125,103.62890625,103.62890625,381.0
2025-06-17 23:04:00+00:00,103.6328125,103.6328125,103.6328125,103.6328125,324.0
2025-06-17 23:06:00+00:00,103.6328125,103.6328125,103.6328125,103.6328125,4.0
2025-06-17 23:09:00+00:00,103.6328125,103.6328125,103.6328125,103.6328125,19.0
2025-06-17 23:12:00+00:00,103.6328125,103.6328125,103.6328125,103.6328125,154.0
2025-06-17 23:20:00+00:00,103.6328125,103.6328125,103.6328125,103.6328125,8.0
2025-06-17 23:23:00+00:00,103.6328125,103.6328125,103.6328125,103.6328125,12.0
2025-06-17 23:26:00+00:00,103.6328125,103.6328125,103.6328125,103.6328125,457.0
2025-06-17 23:27:00+00:00,103.63671875,103.63671875,103.6328125,103.6328125,25.0
2025-06-17 23:28:00+00:00,103.63671875,103.63671875,103.63671875,103.63671875,542.0
2025-06-17 23:36:00+00:00,103.6328125,103.6328125,103.6328125,103.6328125,385.0
2025-06-17 23:39:00+00:00,103.62890625,103.62890625,103.62890625,103.62890625,268.0
2025-06-17 23:40:00+00:00,103.625,103.62890625,103.625,103.62890625,330.0
2025-06-17 23:43:00+00:00,103.62109375,103.625,103.62109375,103.625,304.0
2025-06-17 23:44:00+00:00,103.62109375,103.62109375,103.62109375,103.62109375,150.0
2025-06-17 23:45:00+00:00,103.62109375,103.62109375,103.62109375,103.62109375,187.0
2025-06-17 23:52:00+00:00,103.625,103.625,103.625,103.625,97.0
2025-06-17 23:53:00+00:00,103.625,103.625,103.625,103.625,39.0
2025-06-17 23:56:00+00:00,103.625,103.625,103.625,103.625,129.0
2025-06-17 23:58:00+00:00,103.62890625,103.62890625,103.62890625,103.62890625,137.0
2025-06-17 23:59:00+00:00,103.625,103.625,103.625,103.625,56.0
2025-06-18 00:00:00+00:00,103.62109375,103.62109375,103.62109375,103.62109375,600.0
2025-06-18 00:01:00+00:00,103.62109375,103.62109375,103.62109375,103.62109375,57.0
2025-06-18 00:02:00+00:00,103.62109375,103.62109375,103.6171875,103.6171875,455.0
2025-06-18 00:03:00+00:00,103.62109375,103.62109375,103.62109375,103.62109375,9.0
2025-06-18 00:06:00+00:00,103.6328125,103.6328125,103.6328125,103.6328125,3865.0
2025-06-18 00:07:00+00:00,103.64453125,103.6484375,103.6328125,103.6328125,1205.0
2025-06-18 00:08:00+00:00,103.62890625,103.640625,103.6171875,103.640625,1786.0
2025-06-18 00:09:00+00:00,103.625,103.62890625,103.625,103.62890625,780.0
2025-06-18 00:10:00+00:00,103.640625,103.640625,103.625,103.625,1597.0
2025-06-18 00:11:00+00:00,103.63671875,103.640625,103.63671875,103.640625,246.0
2025-06-18 00:12:00+00:00,103.6328125,103.63671875,103.6328125,103.63671875,545.0
2025-06-18 00:13:00+00:00,103.63671875,103.63671875,103.6328125,103.6328125,404.0
2025-06-18 00:14:00+00:00,103.625,103.63671875,103.625,103.6328125,802.0
2025-06-18 00:15:00+00:00,103.62890625,103.6328125,103.62890625,103.62890625,218.0
2025-06-18 00:16:00+00:00,103.62890625,103.62890625,103.62890625,103.62890625,258.0
2025-06-18 00:17:00+00:00,103.62890625,103.62890625,103.625,103.62890625,213.0
2025-06-18 00:18:00+00:00,103.625,103.62890625,103.625,103.625,291.0
2025-06-18 00:19:00+00:00,103.625,103.625,103.62109375,103.62109375,96.0
2025-06-18 00:21:00+00:00,103.625,103.62890625,103.625,103.62890625,142.0
2025-06-18 00:25:00+00:00,103.6171875,103.62109375,103.6171875,103.62109375,33.0
2025-06-18 00:26:00+00:00,103.6171875,103.6171875,103.6171875,103.6171875,53.0
2025-06-18 00:29:00+00:00,103.62109375,103.62109375,103.62109375,103.62109375,289.0
2025-06-18 00:30:00+00:00,103.62109375,103.62109375,103.62109375,103.62109375,133.0
2025-06-18 00:32:00+00:00,103.625,103.625,103.625,103.625,60.0
2025-06-18 00:34:00+00:00,103.625,103.625,103.625,103.625,25.0
2025-06-18 00:36:00+00:00,103.62109375,103.62109375,103.62109375,103.62109375,184.0
2025-06-18 00:38:00+00:00,103.62109375,103.62109375,103.62109375,103.62109375,37.0
2025-06-18 00:41:00+00:00,103.6171875,103.62109375,103.6171875,103.62109375,151.0
2025-06-18 00:43:00+00:00,103.61328125,103.61328125,103.61328125,103.61328125,113.0
2025-06-18 00:44:00+00:00,103.61328125,103.61328125,103.61328125,103.61328125,25.0
2025-06-18 00:46:00+00:00,103.6171875,103.6171875,103.6171875,103.6171875,121.0
2025-06-18 00:48:00+00:00,103.61328125,103.61328125,103.61328125,103.61328125,103.0
2025-06-18 00:51:00+00:00,103.6171875,103.6171875,103.6171875,103.6171875,94.0
2025-06-18 00:52:00+00:00,103.6171875,103.6171875,103.6171875,103.6171875,44.0
2025-06-18 00:54:00+00:00,103.61328125,103.61328125,103.61328125,103.61328125,264.0
2025-06-18 00:55:00+00:00,103.61328125,103.61328125,103.61328125,103.61328125,120.0
2025-06-18 00:57:00+00:00,103.609375,103.609375,103.609375,103.609375,59.0
2025-06-18 00:58:00+00:00,103.60546875,103.60546875,103.60546875,103.60546875,40.0
2025-06-18 00:59:00+00:00,103.609375,103.609375,103.60546875,103.60546875,275.0
2025-06-18 01:00:00+00:00,103.609375,103.609375,103.609375,103.609375,221.0
2025-06-18 01:02:00+00:00,103.61328125,103.61328125,103.61328125,103.61328125,12.0
2025-06-18 01:03:00+00:00,103.61328125,103.61328125,103.61328125,103.61328125,180.0
2025-06-18 01:04:00+00:00,103.61328125,103.61328125,103.61328125,103.61328125,15.0
2025-06-18 01:05:00+00:00,103.61328125,103.61328125,103.61328125,103.61328125,158.0
2025-06-18 01:06:00+00:00,103.61328125,103.61328125,103.61328125,103.61328125,69.0
2025-06-18 01:07:00+00:00,103.61328125,103.61328125,103.61328125,103.61328125,42.0
2025-06-18 01:09:00+00:00,103.61328125,103.61328125,103.61328125,103.61328125,2.0
2025-06-18 01:11:00+00:00,103.609375,103.609375,103.609375,103.609375,315.0
2025-06-18 01:12:00+00:00,103.61328125,103.61328125,103.609375,103.609375,280.0
2025-06-18 01:13:00+00:00,103.609375,103.609375,103.609375,103.609375,51.0
2025-06-18 01:14:00+00:00,103.609375,103.609375,103.609375,103.609375,13.0
2025-06-18 01:17:00+00:00,103.609375,103.609375,103.609375,103.609375,76.0
2025-06-18 01:18:00+00:00,103.609375,103.609375,103.609375,103.609375,368.0
2025-06-18 01:19:00+00:00,103.609375,103.609375,103.609375,103.609375,89.0
2025-06-18 01:20:00+00:00,103.61328125,103.61328125,103.609375,103.609375,2.0
2025-06-18 01:21:00+00:00,103.61328125,103.61328125,103.61328125,103.61328125,88.0
2025-06-18 01:24:00+00:00,103.61328125,103.61328125,103.61328125,103.61328125,139.0
2025-06-18 01:25:00+00:00,103.61328125,103.61328125,103.61328125,103.61328125,63.0
2025-06-18 01:28:00+00:00,103.6171875,103.6171875,103.6171875,103.6171875,47.0
2025-06-18 01:30:00+00:00,103.6171875,103.6171875,103.6171875,103.6171875,25.0
2025-06-18 01:33:00+00:00,103.6171875,103.6171875,103.6171875,103.6171875,100.0
2025-06-18 01:34:00+00:00,103.6171875,103.6171875,103.6171875,103.6171875,49.0
2025-06-18 01:35:00+00:00,103.625,103.62890625,103.6171875,103.62109375,950.0
2025-06-18 01:36:00+00:00,103.62890625,103.62890625,103.62890625,103.62890625,270.0
2025-06-18 01:37:00+00:00,103.62890625,103.62890625,103.62890625,103.62890625,119.0
2025-06-18 01:40:00+00:00,103.625,103.625,103.625,103.625,10.0
2025-06-18 01:41:00+00:00,103.62109375,103.625,103.62109375,103.625,56.0
2025-06-18 01:42:00+00:00,103.62109375,103.62109375,103.62109375,103.62109375,75.0
2025-06-18 01:43:00+00:00,103.62109375,103.62109375,103.62109375,103.62109375,78.0
2025-06-18 01:45:00+00:00,103.62109375,103.62109375,103.62109375,103.62109375,20.0
2025-06-18 01:54:00+00:00,103.62109375,103.62109375,103.62109375,103.62109375,97.0
2025-06-18 01:55:00+00:00,103.62109375,103.62109375,103.62109375,103.62109375,22.0
2025-06-18 01:56:00+00:00,103.6171875,103.62109375,103.6171875,103.62109375,55.0
2025-06-18 02:00:00+00:00,103.62109375,103.62109375,103.62109375,103.62109375,16.0
2025-06-18 02:01:00+00:00,103.62109375,103.62109375,103.62109375,103.62109375,21.0
2025-06-18 02:02:00+00:00,103.62109375,103.62109375,103.62109375,103.62109375,31.0
2025-06-18 02:07:00+00:00,103.62109375,103.62109375,103.62109375,103.62109375,91.0
2025-06-18 02:14:00+00:00,103.62109375,103.62109375,103.62109375,103.62109375,25.0
2025-06-18 02:15:00+00:00,103.62109375,103.62109375,103.62109375,103.62109375,45.0
2025-06-18 02:16:00+00:00,103.62109375,103.62109375,103.62109375,103.62109375,71.0
2025-06-18 02:24:00+00:00,103.625,103.625,103.625,103.625,510.0
2025-06-18 02:26:00+00:00,103.625,103.625,103.625,103.625,72.0
2025-06-18 02:35:00+00:00,103.62109375,103.625,103.62109375,103.62109375,714.0
2025-06-18 02:38:00+00:00,103.62109375,103.62109375,103.62109375,103.62109375,193.0
2025-06-18 02:40:00+00:00,103.62109375,103.625,103.62109375,103.62109375,74.0
2025-06-18 02:51:00+00:00,103.62109375,103.62109375,103.62109375,103.62109375,83.0
2025-06-18 02:57:00+00:00,103.62109375,103.62109375,103.62109375,103.62109375,69.0
2025-06-18 02:58:00+00:00,103.62109375,103.62109375,103.62109375,103.62109375,4.0
2025-06-18 03:02:00+00:00,103.62109375,103.62109375,103.62109375,103.62109375,128.0
2025-06-18 03:07:00+00:00,103.6171875,103.62109375,103.6171875,103.6171875,358.0
2025-06-18 03:09:00+00:00,103.6171875,103.6171875,103.6171875,103.6171875,248.0
2025-06-18 03:11:00+00:00,103.6171875,103.6171875,103.6171875,103.6171875,182.0
2025-06-18 03:12:00+00:00,103.61328125,103.61328125,103.61328125,103.61328125,157.0
2025-06-18 03:13:00+00:00,103.61328125,103.61328125,103.61328125,103.61328125,98.0
2025-06-18 03:19:00+00:00,103.61328125,103.61328125,103.61328125,103.61328125,47.0
2025-06-18 03:25:00+00:00,103.6171875,103.6171875,103.6171875,103.6171875,109.0
2025-06-18 03:31:00+00:00,103.61328125,103.61328125,103.61328125,103.61328125,76.0
2025-06-18 03:46:00+00:00,103.6171875,103.6171875,103.61328125,103.61328125,580.0
2025-06-18 03:47:00+00:00,103.6171875,103.6171875,103.6171875,103.6171875,51.0
2025-06-18 03:48:00+00:00,103.6171875,103.6171875,103.6171875,103.6171875,54.0
2025-06-18 03:50:00+00:00,103.6171875,103.6171875,103.6171875,103.6171875,22.0
2025-06-18 03:53:00+00:00,103.6171875,103.6171875,103.6171875,103.6171875,247.0
2025-06-18 03:54:00+00:00,103.6171875,103.6171875,103.6171875,103.6171875,64.0
2025-06-18 03:55:00+00:00,103.6171875,103.6171875,103.6171875,103.6171875,55.0
2025-06-18 03:56:00+00:00,103.6171875,103.6171875,103.6171875,103.6171875,21.0
2025-06-18 04:15:00+00:00,103.62109375,103.62109375,103.6171875,103.6171875,39.0
2025-06-18 04:17:00+00:00,103.6171875,103.6171875,103.6171875,103.6171875,40.0
2025-06-18 04:21:00+00:00,103.62109375,103.62109375,103.6171875,103.6171875,294.0
2025-06-18 04:22:00+00:00,103.62109375,103.62109375,103.62109375,103.62109375,81.0
2025-06-18 04:34:00+00:00,103.61328125,103.61328125,103.61328125,103.61328125,505.0
2025-06-18 04:35:00+00:00,103.6171875,103.6171875,103.61328125,103.61328125,164.0
2025-06-18 04:46:00+00:00,103.61328125,103.61328125,103.61328125,103.61328125,140.0
2025-06-18 04:47:00+00:00,103.61328125,103.61328125,103.61328125,103.61328125,7.0
2025-06-18 04:49:00+00:00,103.61328125,103.61328125,103.609375,103.609375,99.0
2025-06-18 04:54:00+00:00,103.609375,103.609375,103.609375,103.609375,36.0
2025-06-18 04:55:00+00:00,103.609375,103.609375,103.609375,103.609375,23.0
2025-06-18 05:02:00+00:00,103.609375,103.609375,103.609375,103.609375,8.0
2025-06-18 05:05:00+00:00,103.61328125,103.61328125,103.61328125,103.61328125,10.0
2025-06-18 05:08:00+00:00,103.61328125,103.61328125,103.61328125,103.61328125,375.0
2025-06-18 05:16:00+00:00,103.61328125,103.61328125,103.609375,103.609375,69.0
2025-06-18 05:17:00+00:00,103.609375,103.61328125,103.609375,103.61328125,19.0
2025-06-18 05:18:00+00:00,103.60546875,103.61328125,103.60546875,103.609375,68.0
2025-06-18 05:19:00+00:00,103.61328125,103.61328125,103.609375,103.609375,42.0
2025-06-18 05:22:00+00:00,103.609375,103.609375,103.609375,103.609375,35047.0
2025-06-18 05:24:00+00:00,103.609375,103.609375,103.609375,103.609375,21.0
2025-06-18 05:25:00+00:00,103.609375,103.609375,103.609375,103.609375,27.0
2025-06-18 05:26:00+00:00,103.609375,103.609375,103.609375,103.609375,26.0
2025-06-18 05:30:00+00:00,103.60546875,103.60546875,103.60546875,103.60546875,406.0
2025-06-18 05:31:00+00:00,103.60546875,103.60546875,103.6015625,103.6015625,239.0
2025-06-18 05:33:00+00:00,103.60546875,103.60546875,103.60546875,103.60546875,50.0
2025-06-18 05:34:00+00:00,103.60546875,103.609375,103.60546875,103.609375,227.0
2025-06-18 05:35:00+00:00,103.609375,103.609375,103.609375,103.609375,24.0
2025-06-18 05:38:00+00:00,103.609375,103.609375,103.609375,103.609375,44.0
2025-06-18 05:42:00+00:00,103.609375,103.609375,103.609375,103.609375,17.0
2025-06-18 05:43:00+00:00,103.609375,103.609375,103.609375,103.609375,67.0
2025-06-18 05:44:00+00:00,103.60546875,103.60546875,103.60546875,103.60546875,756.0
2025-06-18 05:49:00+00:00,103.61328125,103.61328125,103.61328125,103.61328125,57.0
2025-06-18 05:50:00+00:00,103.609375,103.61328125,103.609375,103.61328125,49.0
2025-06-18 05:51:00+00:00,103.61328125,103.61328125,103.61328125,103.61328125,28.0
2025-06-18 05:52:00+00:00,103.61328125,103.61328125,103.61328125,103.61328125,59.0
2025-06-18 05:53:00+00:00,103.61328125,103.61328125,103.61328125,103.61328125,111.0
2025-06-18 05:55:00+00:00,103.6171875,103.6171875,103.6171875,103.6171875,18.0
2025-06-18 05:57:00+00:00,103.6171875,103.6171875,103.6171875,103.6171875,167.0
2025-06-18 06:00:00+00:00,103.609375,103.62109375,103.609375,103.62109375,691.0
2025-06-18 06:01:00+00:00,103.609375,103.61328125,103.609375,103.609375,160.0
2025-06-18 06:03:00+00:00,103.61328125,103.61328125,103.609375,103.61328125,140.0
2025-06-18 06:04:00+00:00,103.61328125,103.61328125,103.61328125,103.61328125,5.0
2025-06-18 06:08:00+00:00,103.61328125,103.61328125,103.61328125,103.61328125,206.0
2025-06-18 06:09:00+00:00,103.61328125,103.6171875,103.61328125,103.61328125,64.0
2025-06-18 06:10:00+00:00,103.61328125,103.61328125,103.61328125,103.61328125,72.0
2025-06-18 06:11:00+00:00,103.61328125,103.61328125,103.61328125,103.61328125,70.0
2025-06-18 06:13:00+00:00,103.61328125,103.61328125,103.61328125,103.61328125,126.0
2025-06-18 06:15:00+00:00,103.61328125,103.61328125,103.61328125,103.61328125,222.0
2025-06-18 06:16:00+00:00,103.61328125,103.61328125,103.61328125,103.61328125,86.0
2025-06-18 06:19:00+00:00,103.609375,103.609375,103.609375,103.609375,71.0
2025-06-18 06:20:00+00:00,103.609375,103.609375,103.609375,103.609375,160.0
2025-06-18 06:22:00+00:00,103.60546875,103.609375,103.60546875,103.609375,366.0
2025-06-18 06:24:00+00:00,103.609375,103.609375,103.609375,103.609375,11.0
2025-06-18 06:25:00+00:00,103.609375,103.609375,103.609375,103.609375,90.0
2025-06-18 06:26:00+00:00,103.609375,103.609375,103.609375,103.609375,92.0
2025-06-18 06:27:00+00:00,103.609375,103.609375,103.609375,103.609375,179.0
2025-06-18 06:29:00+00:00,103.61328125,103.6171875,103.61328125,103.61328125,202.0
2025-06-18 06:30:00+00:00,103.61328125,103.61328125,103.61328125,103.61328125,33.0
2025-06-18 06:33:00+00:00,103.61328125,103.61328125,103.61328125,103.61328125,308.0
2025-06-18 06:34:00+00:00,103.6171875,103.6171875,103.61328125,103.61328125,47.0
2025-06-18 06:39:00+00:00,103.6171875,103.62109375,103.6171875,103.6171875,271.0
2025-06-18 06:40:00+00:00,103.61328125,103.61328125,103.61328125,103.61328125,236.0
2025-06-18 06:41:00+00:00,103.61328125,103.61328125,103.61328125,103.61328125,249.0
2025-06-18 06:42:00+00:00,103.61328125,103.61328125,103.61328125,103.61328125,142.0
2025-06-18 06:43:00+00:00,103.61328125,103.61328125,103.61328125,103.61328125,17.0
2025-06-18 06:45:00+00:00,103.6171875,103.6171875,103.61328125,103.61328125,42.0
2025-06-18 06:47:00+00:00,103.6171875,103.6171875,103.61328125,103.61328125,72.0
2025-06-18 06:49:00+00:00,103.62109375,103.625,103.62109375,103.62109375,174.0
2025-06-18 06:50:00+00:00,103.625,103.625,103.625,103.625,472.0
2025-06-18 06:51:00+00:00,103.625,103.625,103.625,103.625,50.0
2025-06-18 06:53:00+00:00,103.62109375,103.62109375,103.62109375,103.62109375,269.0
2025-06-18 06:55:00+00:00,103.62109375,103.62109375,103.62109375,103.62109375,100.0
2025-06-18 07:00:00+00:00,103.61328125,103.6171875,103.61328125,103.6171875,680.0
2025-06-18 07:01:00+00:00,103.61328125,103.61328125,103.61328125,103.61328125,253.0
2025-06-18 07:02:00+00:00,103.61328125,103.61328125,103.609375,103.609375,36.0
2025-06-18 07:03:00+00:00,103.6171875,103.6171875,103.61328125,103.61328125,88.0
2025-06-18 07:04:00+00:00,103.6171875,103.6171875,103.6171875,103.6171875,285.0
2025-06-18 07:05:00+00:00,103.62109375,103.62109375,103.6171875,103.6171875,72.0
2025-06-18 07:06:00+00:00,103.62109375,103.62109375,103.62109375,103.62109375,826.0
2025-06-18 07:07:00+00:00,103.62109375,103.62109375,103.62109375,103.62109375,94.0
2025-06-18 07:08:00+00:00,103.62109375,103.62109375,103.62109375,103.62109375,192.0
2025-06-18 07:10:00+00:00,103.62109375,103.62109375,103.62109375,103.62109375,209.0
2025-06-18 07:11:00+00:00,103.62109375,103.62109375,103.62109375,103.62109375,63.0
2025-06-18 07:15:00+00:00,103.6171875,103.6171875,103.6171875,103.6171875,579.0
2025-06-18 07:18:00+00:00,103.6171875,103.6171875,103.6171875,103.6171875,140.0
2025-06-18 07:19:00+00:00,103.6171875,103.6171875,103.6171875,103.6171875,219.0
2025-06-18 07:20:00+00:00,103.6171875,103.6171875,103.6171875,103.6171875,27.0
2025-06-18 07:22:00+00:00,103.61328125,103.6171875,103.61328125,103.6171875,146.0
2025-06-18 07:24:00+00:00,103.6171875,103.6171875,103.6171875,103.6171875,294.0
2025-06-18 07:25:00+00:00,103.6171875,103.62109375,103.6171875,103.6171875,133.0
2025-06-18 07:26:00+00:00,103.6171875,103.62109375,103.6171875,103.62109375,319.0
2025-06-18 07:28:00+00:00,103.62109375,103.625,103.62109375,103.62109375,383.0
2025-06-18 07:30:00+00:00,103.6171875,103.62109375,103.6171875,103.62109375,78.0
2025-06-18 07:34:00+00:00,103.6171875,103.6171875,103.61328125,103.61328125,222.0
2025-06-18 07:37:00+00:00,103.61328125,103.6171875,103.61328125,103.6171875,169.0
2025-06-18 07:38:00+00:00,103.6171875,103.6171875,103.6171875,103.6171875,240.0
2025-06-18 07:39:00+00:00,103.6171875,103.6171875,103.6171875,103.6171875,137.0
2025-06-18 07:41:00+00:00,103.6171875,103.6171875,103.6171875,103.6171875,62.0
2025-06-18 07:42:00+00:00,103.6171875,103.6171875,103.6171875,103.6171875,176.0
2025-06-18 07:43:00+00:00,103.6171875,103.6171875,103.6171875,103.6171875,147.0
2025-06-18 07:45:00+00:00,103.625,103.625,103.6171875,103.62109375,52.0
2025-06-18 07:47:00+00:00,103.6171875,103.6171875,103.6171875,103.6171875,197.0
2025-06-18 07:48:00+00:00,103.61328125,103.61328125,103.61328125,103.61328125,16.0
2025-06-18 07:50:00+00:00,103.6171875,103.6171875,103.6171875,103.6171875,103.0
2025-06-18 07:54:00+00:00,103.62109375,103.625,103.62109375,103.62109375,113.0
2025-06-18 07:55:00+00:00,103.62109375,103.62109375,103.62109375,103.62109375,44.0
2025-06-18 07:56:00+00:00,103.62109375,103.62109375,103.62109375,103.62109375,224.0
2025-06-18 07:59:00+00:00,103.625,103.625,103.625,103.625,12.0
2025-06-18 08:00:00+00:00,103.625,103.625,103.625,103.625,235.0
2025-06-18 08:01:00+00:00,103.625,103.625,103.625,103.625,47.0
2025-06-18 08:02:00+00:00,103.625,103.625,103.62109375,103.62109375,170.0
2025-06-18 08:03:00+00:00,103.625,103.62890625,103.625,103.62890625,206.0
2025-06-18 08:04:00+00:00,103.62109375,103.62109375,103.62109375,103.62109375,180.0
2025-06-18 08:06:00+00:00,103.6171875,103.6171875,103.6171875,103.6171875,144.0
2025-06-18 08:07:00+00:00,103.6171875,103.6171875,103.61328125,103.61328125,10.0
2025-06-18 08:08:00+00:00,103.61328125,103.6171875,103.61328125,103.61328125,99.0
2025-06-18 08:10:00+00:00,103.61328125,103.61328125,103.61328125,103.61328125,4.0
2025-06-18 08:15:00+00:00,103.61299896240234,103.61328125,103.61299896240234,103.61328125,4.0
2025-06-18 08:16:00+00:00,103.61328125,103.61328125,103.61328125,103.61328125,315.0
2025-06-18 08:18:00+00:00,103.61328125,103.61328125,103.61328125,103.61328125,13.0
2025-06-18 08:20:00+00:00,103.6171875,103.6171875,103.6171875,103.6171875,425.0
2025-06-18 08:21:00+00:00,103.6171875,103.6171875,103.6171875,103.6171875,32.0
2025-06-18 08:22:00+00:00,103.6171875,103.6171875,103.6171875,103.6171875,124.0
2025-06-18 08:23:00+00:00,103.62109375,103.62109375,103.62109375,103.62109375,191.0
2025-06-18 08:25:00+00:00,103.625,103.625,103.625,103.625,486.0
2025-06-18 08:27:00+00:00,103.625,103.625,103.625,103.625,334.0
2025-06-18 08:28:00+00:00,103.62890625,103.62890625,103.62890625,103.62890625,297.0
2025-06-18 08:29:00+00:00,103.62890625,103.62890625,103.62890625,103.62890625,490.0
2025-06-18 08:30:00+00:00,103.625,103.62890625,103.625,103.62890625,211.0
2025-06-18 08:32:00+00:00,103.625,103.625,103.625,103.625,419.0
2025-06-18 08:33:00+00:00,103.62890625,103.62890625,103.62890625,103.62890625,55.0
2025-06-18 08:35:00+00:00,103.625,103.625,103.625,103.625,96.0
2025-06-18 08:36:00+00:00,103.62890625,103.62890625,103.625,103.625,461.0
2025-06-18 08:38:00+00:00,103.625,103.62890625,103.625,103.62890625,11.0
2025-06-18 08:42:00+00:00,103.62890625,103.62890625,103.62890625,103.62890625,156.0
2025-06-18 08:43:00+00:00,103.62890625,103.62890625,103.625,103.62890625,130.0
2025-06-18 08:45:00+00:00,103.62109375,103.62890625,103.62109375,103.62890625,459.0
2025-06-18 08:46:00+00:00,103.625,103.625,103.62109375,103.625,116.0
2025-06-18 08:47:00+00:00,103.625,103.62890625,103.625,103.625,48.0
2025-06-18 08:48:00+00:00,103.62890625,103.62890625,103.625,103.62890625,715.0
2025-06-18 08:49:00+00:00,103.62890625,103.6328125,103.62890625,103.62890625,154.0
2025-06-18 08:50:00+00:00,103.62890625,103.62890625,103.62890625,103.62890625,25.0
2025-06-18 08:51:00+00:00,103.62890625,103.62890625,103.625,103.62890625,331.0
2025-06-18 08:52:00+00:00,103.62890625,103.6328125,103.62890625,103.62890625,29.0
2025-06-18 08:53:00+00:00,103.62890625,103.6328125,103.625,103.62890625,477.0
2025-06-18 08:54:00+00:00,103.62890625,103.62890625,103.62890625,103.62890625,304.0
2025-06-18 08:55:00+00:00,103.62890625,103.62890625,103.62890625,103.62890625,677.0
2025-06-18 08:56:00+00:00,103.62890625,103.62890625,103.62890625,103.62890625,196.0
2025-06-18 08:57:00+00:00,103.6328125,103.63671875,103.62890625,103.62890625,580.0
2025-06-18 08:58:00+00:00,103.63671875,103.63671875,103.6328125,103.6328125,1502.0
2025-06-18 08:59:00+00:00,103.63671875,103.63671875,103.63671875,103.63671875,124.0
2025-06-18 09:00:00+00:00,103.6328125,103.6328125,103.6328125,103.6328125,240.0
2025-06-18 09:01:00+00:00,103.6328125,103.6328125,103.6328125,103.6328125,101.0
2025-06-18 09:04:00+00:00,103.63671875,103.63671875,103.6328125,103.6328125,127.0
2025-06-18 09:05:00+00:00,103.63671875,103.63671875,103.63671875,103.63671875,117.0
2025-06-18 09:06:00+00:00,103.63671875,103.63671875,103.6328125,103.63671875,35.0
2025-06-18 09:07:00+00:00,103.63671875,103.63671875,103.63671875,103.63671875,126.0
2025-06-18 09:09:00+00:00,103.63671875,103.63671875,103.63671875,103.63671875,189.0
2025-06-18 09:10:00+00:00,103.6328125,103.63671875,103.6328125,103.63671875,5.0
2025-06-18 09:11:00+00:00,103.62890625,103.63671875,103.62890625,103.63671875,1452.0
2025-06-18 09:12:00+00:00,103.62890625,103.6328125,103.62890625,103.62890625,377.0
2025-06-18 09:13:00+00:00,103.62890625,103.62890625,103.625,103.62890625,129.0
2025-06-18 09:14:00+00:00,103.62890625,103.62890625,103.62890625,103.62890625,226.0
2025-06-18 09:15:00+00:00,103.6328125,103.6328125,103.6328125,103.6328125,5.0
2025-06-18 09:17:00+00:00,103.6328125,103.6328125,103.6328125,103.6328125,40.0
2025-06-18 09:18:00+00:00,103.62890625,103.62890625,103.62890625,103.62890625,340.0
2025-06-18 09:21:00+00:00,103.625,103.625,103.625,103.625,67426.0
2025-06-18 09:22:00+00:00,103.625,103.62890625,103.625,103.62890625,561.0
2025-06-18 09:24:00+00:00,103.62890625,103.62890625,103.62890625,103.62890625,2.0
2025-06-18 09:25:00+00:00,103.62890625,103.62890625,103.62890625,103.62890625,11.0
2025-06-18 09:26:00+00:00,103.62890625,103.62890625,103.62890625,103.62890625,170.0
2025-06-18 09:27:00+00:00,103.62890625,103.62890625,103.62890625,103.62890625,62.0
2025-06-18 09:28:00+00:00,103.62890625,103.62890625,103.62890625,103.62890625,102.0
2025-06-18 09:29:00+00:00,103.62890625,103.62890625,103.62890625,103.62890625,84.0
2025-06-18 09:30:00+00:00,103.62890625,103.6328125,103.62890625,103.6328125,346.0
2025-06-18 09:31:00+00:00,103.6328125,103.6328125,103.62890625,103.6328125,102.0
2025-06-18 09:32:00+00:00,103.63671875,103.63671875,103.6328125,103.6328125,53.0
2025-06-18 09:34:00+00:00,103.6328125,103.63671875,103.6328125,103.63671875,21.0
2025-06-18 09:35:00+00:00,103.63671875,103.63671875,103.63671875,103.63671875,2.0
2025-06-18 09:36:00+00:00,103.63671875,103.63671875,103.63671875,103.63671875,21.0
2025-06-18 09:37:00+00:00,103.63671875,103.63671875,103.63671875,103.63671875,193.0
2025-06-18 09:39:00+00:00,103.640625,103.640625,103.63671875,103.63671875,1004.0
2025-06-18 09:40:00+00:00,103.640625,103.640625,103.63671875,103.640625,73.0
2025-06-18 09:41:00+00:00,103.640625,103.640625,103.640625,103.640625,56.0
2025-06-18 09:43:00+00:00,103.640625,103.640625,103.640625,103.640625,2.0
2025-06-18 09:44:00+00:00,103.640625,103.640625,103.63671875,103.640625,531.0
2025-06-18 09:46:00+00:00,103.640625,103.640625,103.63671875,103.63671875,19.0
2025-06-18 09:49:00+00:00,103.640625,103.640625,103.63671875,103.640625,87.0
2025-06-18 09:50:00+00:00,103.640625,103.640625,103.640625,103.640625,335.0
2025-06-18 09:51:00+00:00,103.640625,103.64453125,103.640625,103.640625,795.0
2025-06-18 09:52:00+00:00,103.640625,103.640625,103.640625,103.640625,657.0
2025-06-18 09:53:00+00:00,103.640625,103.640625,103.640625,103.640625,156.0
2025-06-18 09:55:00+00:00,103.640625,103.640625,103.640625,103.640625,372.0
2025-06-18 09:56:00+00:00,103.63671875,103.63671875,103.63671875,103.63671875,572.0
2025-06-18 09:57:00+00:00,103.63671875,103.63671875,103.63671875,103.63671875,106.0
2025-06-18 09:59:00+00:00,103.63671875,103.63671875,103.63671875,103.63671875,70.0
2025-06-18 10:00:00+00:00,103.63671875,103.63671875,103.6328125,103.63671875,61.0
2025-06-18 10:01:00+00:00,103.63671875,103.63671875,103.63671875,103.63671875,167.0
2025-06-18 10:02:00+00:00,103.640625,103.640625,103.63671875,103.63671875,500.0
2025-06-18 10:07:00+00:00,103.640625,103.640625,103.640625,103.640625,111.0
2025-06-18 10:09:00+00:00,103.63671875,103.63671875,103.63671875,103.63671875,19.0
2025-06-18 10:10:00+00:00,103.63671875,103.63671875,103.63671875,103.63671875,250.0
2025-06-18 10:11:00+00:00,103.63671875,103.63671875,103.63671875,103.63671875,485.0
2025-06-18 10:12:00+00:00,103.63671875,103.63700103759766,103.63671875,103.63671875,93.0
2025-06-18 10:14:00+00:00,103.63671875,103.63671875,103.63671875,103.63671875,301.0
2025-06-18 10:16:00+00:00,103.63671875,103.63671875,103.63671875,103.63671875,218.0
2025-06-18 10:17:00+00:00,103.6328125,103.6328125,103.6328125,103.6328125,37.0
2025-06-18 10:18:00+00:00,103.63671875,103.63671875,103.6328125,103.6328125,342.0
2025-06-18 10:20:00+00:00,103.63671875,103.63671875,103.63671875,103.63671875,34.0
2025-06-18 10:22:00+00:00,103.64453125,103.64453125,103.640625,103.640625,236.0
2025-06-18 10:23:00+00:00,103.64453125,103.64453125,103.64453125,103.64453125,51.0
2025-06-18 10:24:00+00:00,103.640625,103.640625,103.640625,103.640625,459.0
2025-06-18 10:25:00+00:00,103.640625,103.640625,103.640625,103.640625,73.0
2025-06-18 10:26:00+00:00,103.64453125,103.64453125,103.640625,103.640625,142.0
2025-06-18 10:28:00+00:00,103.64453125,103.64453125,103.64453125,103.64453125,1.0
2025-06-18 10:29:00+00:00,103.6484375,103.6484375,103.64453125,103.64453125,209.0
2025-06-18 10:31:00+00:00,103.6484375,103.6484375,103.6484375,103.6484375,353.0
2025-06-18 10:32:00+00:00,103.6484375,103.6484375,103.6484375,103.6484375,15.0
2025-06-18 10:33:00+00:00,103.6484375,103.6484375,103.64453125,103.6484375,321.0
2025-06-18 10:35:00+00:00,103.6484375,103.6484375,103.6484375,103.6484375,36.0
2025-06-18 10:36:00+00:00,103.65234375,103.65234375,103.6484375,103.6484375,120.0
2025-06-18 10:37:00+00:00,103.65234375,103.65234375,103.65234375,103.65234375,110.0
2025-06-18 10:38:00+00:00,103.65234375,103.65234375,103.65234375,103.65234375,76.0
2025-06-18 10:40:00+00:00,103.6484375,103.65234375,103.6484375,103.65234375,57.0
2025-06-18 10:46:00+00:00,103.6484375,103.6484375,103.6484375,103.6484375,4.0
2025-06-18 10:48:00+00:00,103.65234375,103.65234375,103.65234375,103.65234375,12.0
2025-06-18 10:51:00+00:00,103.65234375,103.65234375,103.65234375,103.65234375,41.0
2025-06-18 10:52:00+00:00,103.65625,103.65625,103.65234375,103.65234375,1339.0
2025-06-18 10:53:00+00:00,103.65625,103.65625,103.65625,103.65625,37.0
2025-06-18 10:54:00+00:00,103.65625,103.65625,103.65234375,103.65234375,6.0
2025-06-18 10:55:00+00:00,103.65625,103.65625,103.65625,103.65625,2821.0
2025-06-18 10:56:00+00:00,103.65234375,103.65625,103.6484375,103.65625,520.0
2025-06-18 11:00:00+00:00,103.64453125,103.65234375,103.64453125,103.65234375,1695.0
2025-06-18 11:01:00+00:00,103.63671875,103.640625,103.63671875,103.640625,3288.0
2025-06-18 11:02:00+00:00,103.640625,103.64453125,103.63671875,103.63671875,574.0
2025-06-18 11:05:00+00:00,103.64453125,103.64453125,103.64453125,103.64453125,205.0
2025-06-18 11:06:00+00:00,103.640625,103.64453125,103.640625,103.64453125,1023.0
2025-06-18 11:07:00+00:00,103.64453125,103.64453125,103.640625,103.640625,113.0
2025-06-18 11:08:00+00:00,103.640625,103.64453125,103.640625,103.64453125,14.0
2025-06-18 11:11:00+00:00,103.640625,103.640625,103.640625,103.640625,3.0
2025-06-18 11:12:00+00:00,103.640625,103.64453125,103.640625,103.640625,543.0
2025-06-18 11:13:00+00:00,103.640625,103.64453125,103.640625,103.64453125,7.0
2025-06-18 11:15:00+00:00,103.640625,103.64453125,103.640625,103.64453125,167.0
2025-06-18 11:16:00+00:00,103.64453125,103.64453125,103.640625,103.640625,4.0
2025-06-18 11:20:00+00:00,103.640625,103.640625,103.640625,103.640625,371.0
2025-06-18 11:21:00+00:00,103.63671875,103.640625,103.63671875,103.640625,347.0
2025-06-18 11:22:00+00:00,103.640625,103.640625,103.640625,103.640625,268.0
2025-06-18 11:23:00+00:00,103.64453125,103.64453125,103.64453125,103.64453125,300.0
2025-06-18 11:24:00+00:00,103.640625,103.640625,103.640625,103.640625,8.0
2025-06-18 11:25:00+00:00,103.640625,103.640625,103.640625,103.640625,609.0
2025-06-18 11:26:00+00:00,103.640625,103.640625,103.640625,103.640625,252.0
2025-06-18 11:28:00+00:00,103.640625,103.640625,103.640625,103.640625,439.0
2025-06-18 11:29:00+00:00,103.640625,103.64453125,103.640625,103.640625,231.0
2025-06-18 11:30:00+00:00,103.64453125,103.64453125,103.640625,103.640625,267.0
2025-06-18 11:31:00+00:00,103.6328125,103.640625,103.6328125,103.640625,1321.0
2025-06-18 11:32:00+00:00,103.6328125,103.63671875,103.62890625,103.63671875,610.0
2025-06-18 11:33:00+00:00,103.63671875,103.63671875,103.6328125,103.6328125,135.0
2025-06-18 11:34:00+00:00,103.6328125,103.63671875,103.6328125,103.6328125,20.0
2025-06-18 11:35:00+00:00,103.6328125,103.6328125,103.62890625,103.6328125,371.0
2025-06-18 11:36:00+00:00,103.62890625,103.6328125,103.62890625,103.6328125,483.0
2025-06-18 11:37:00+00:00,103.6328125,103.6328125,103.6328125,103.6328125,203.0
2025-06-18 11:38:00+00:00,103.6328125,103.6328125,103.6328125,103.6328125,158.0
2025-06-18 11:39:00+00:00,103.6328125,103.63671875,103.6328125,103.6328125,630.0
2025-06-18 11:40:00+00:00,103.6328125,103.6328125,103.6328125,103.6328125,152.0
2025-06-18 11:43:00+00:00,103.6328125,103.6328125,103.6328125,103.6328125,109.0
2025-06-18 11:44:00+00:00,103.6328125,103.6328125,103.6328125,103.6328125,28.0
2025-06-18 11:45:00+00:00,103.6328125,103.6328125,103.6328125,103.6328125,222.0
2025-06-18 11:46:00+00:00,103.625,103.6328125,103.625,103.6328125,2052.0
2025-06-18 11:47:00+00:00,103.62890625,103.62890625,103.62890625,103.62890625,286.0
2025-06-18 11:51:00+00:00,103.6328125,103.6328125,103.6328125,103.6328125,640.0
2025-06-18 11:52:00+00:00,103.62890625,103.6328125,103.62890625,103.6328125,101.0
2025-06-18 11:53:00+00:00,103.6328125,103.6328125,103.62890625,103.6328125,13.0
2025-06-18 11:54:00+00:00,103.63671875,103.63671875,103.62890625,103.62890625,1179.0
2025-06-18 11:55:00+00:00,103.640625,103.640625,103.63671875,103.640625,426.0
2025-06-18 11:56:00+00:00,103.640625,103.64453125,103.640625,103.640625,83.0
2025-06-18 11:57:00+00:00,103.640625,103.640625,103.63671875,103.640625,655.0
2025-06-18 11:58:00+00:00,103.63671875,103.63671875,103.63671875,103.63671875,499.0
2025-06-18 11:59:00+00:00,103.6328125,103.6328125,103.62890625,103.6328125,1619.0
2025-06-18 12:00:00+00:00,103.62890625,103.6328125,103.62890625,103.6328125,576.0
2025-06-18 12:01:00+00:00,103.62890625,103.63671875,103.62890625,103.6328125,1735.0
2025-06-18 12:02:00+00:00,103.62890625,103.62890625,103.62890625,103.62890625,369.0
2025-06-18 12:03:00+00:00,103.625,103.62890625,103.625,103.62890625,394.0
2025-06-18 12:04:00+00:00,103.6328125,103.6328125,103.62890625,103.62890625,239.0
2025-06-18 12:05:00+00:00,103.62890625,103.62890625,103.625,103.62890625,916.0
2025-06-18 12:06:00+00:00,103.6328125,103.6328125,103.62890625,103.62890625,482.0
2025-06-18 12:07:00+00:00,103.6328125,103.6328125,103.62890625,103.62890625,717.0
2025-06-18 12:08:00+00:00,103.640625,103.640625,103.62890625,103.6328125,1095.0
2025-06-18 12:09:00+00:00,103.640625,103.640625,103.63671875,103.63671875,204.0
2025-06-18 12:10:00+00:00,103.640625,103.640625,103.640625,103.640625,1592.0
2025-06-18 12:11:00+00:00,103.64453125,103.64453125,103.640625,103.640625,699.0
2025-06-18 12:12:00+00:00,103.6484375,103.6484375,103.64453125,103.64453125,169.0
2025-06-18 12:13:00+00:00,103.6484375,103.6484375,103.64453125,103.64453125,297.0
2025-06-18 12:14:00+00:00,103.64453125,103.6484375,103.64453125,103.6484375,328.0
2025-06-18 12:15:00+00:00,103.64453125,103.6484375,103.64453125,103.6484375,87.0
2025-06-18 12:16:00+00:00,103.6484375,103.6484375,103.64453125,103.64453125,24.0
2025-06-18 12:17:00+00:00,103.64453125,103.6484375,103.64453125,103.6484375,2093.0
2025-06-18 12:18:00+00:00,103.6484375,103.6484375,103.6484375,103.6484375,3.0
2025-06-18 12:19:00+00:00,103.6484375,103.6484375,103.64453125,103.64453125,377.0
2025-06-18 12:20:00+00:00,103.65234375,103.65625,103.6484375,103.65234375,1505.0
2025-06-18 12:21:00+00:00,103.65234375,103.65234375,103.6484375,103.65234375,3310.0
2025-06-18 12:22:00+00:00,103.65625,103.65625,103.65234375,103.65234375,398.0
2025-06-18 12:23:00+00:00,103.65234375,103.65234375,103.6484375,103.65234375,1092.0
2025-06-18 12:24:00+00:00,103.65625,103.65625,103.65234375,103.65234375,17.0
2025-06-18 12:25:00+00:00,103.65625,103.65625,103.65234375,103.65234375,18.0
2025-06-18 12:26:00+00:00,103.65625,103.65625,103.65234375,103.65625,1370.0
2025-06-18 12:27:00+00:00,103.6640625,103.6640625,103.65234375,103.65625,3551.0
2025-06-18 12:28:00+00:00,103.66796875,103.671875,103.6640625,103.6640625,3329.0
2025-06-18 12:29:00+00:00,103.66015625,103.671875,103.66015625,103.671875,5556.0
2025-06-18 12:30:00+00:00,103.64453125,103.6640625,103.64453125,103.66015625,5055.0
2025-06-18 12:31:00+00:00,103.65234375,103.65234375,103.6484375,103.6484375,1953.0
2025-06-18 12:32:00+00:00,103.65625,103.65625,103.64453125,103.65234375,4689.0
2025-06-18 12:33:00+00:00,103.65234375,103.65625,103.6484375,103.65625,639.0
2025-06-18 12:34:00+00:00,103.65625,103.65625,103.65234375,103.65234375,1715.0
2025-06-18 12:37:00+00:00,103.66015625,103.66796875,103.65625,103.66796875,2832.0
2025-06-18 12:38:00+00:00,103.65625,103.66796875,103.6484375,103.6640625,6708.0
2025-06-18 12:39:00+00:00,103.65625,103.65625,103.65234375,103.65234375,399.0
2025-06-18 12:40:00+00:00,103.65234375,103.65234375,103.6484375,103.65234375,653.0
2025-06-18 12:41:00+00:00,103.64453125,103.65234375,103.64453125,103.65234375,453.0
2025-06-18 12:42:00+00:00,103.64453125,103.64453125,103.64453125,103.64453125,812.0
2025-06-18 12:43:00+00:00,103.640625,103.64453125,103.640625,103.64453125,1323.0
2025-06-18 12:44:00+00:00,103.64453125,103.64453125,103.640625,103.640625,531.0
2025-06-18 12:45:00+00:00,103.640625,103.640625,103.640625,103.640625,182.0
2025-06-18 12:46:00+00:00,103.6328125,103.640625,103.62890625,103.640625,2012.0
2025-06-18 12:47:00+00:00,103.6328125,103.6328125,103.62890625,103.6328125,1515.0
2025-06-18 12:48:00+00:00,103.6328125,103.63671875,103.6328125,103.6328125,251.0
2025-06-18 12:49:00+00:00,103.6328125,103.63671875,103.6328125,103.63671875,233.0
2025-06-18 12:50:00+00:00,103.62890625,103.6328125,103.62890625,103.6328125,2975.0
2025-06-18 12:51:00+00:00,103.62890625,103.62890625,103.62890625,103.62890625,1904.0
2025-06-18 12:52:00+00:00,103.62890625,103.62890625,103.62890625,103.62890625,139.0
2025-06-18 12:53:00+00:00,103.62890625,103.6328125,103.62890625,103.6328125,785.0
2025-06-18 12:54:00+00:00,103.62890625,103.6328125,103.62890625,103.62890625,167.0
2025-06-18 12:55:00+00:00,103.6328125,103.6328125,103.6328125,103.6328125,2114.0
2025-06-18 12:56:00+00:00,103.63671875,103.63671875,103.6328125,103.6328125,2.0
2025-06-18 12:57:00+00:00,103.6328125,103.63671875,103.6328125,103.63671875,983.0
2025-06-18 12:58:00+00:00,103.6328125,103.6328125,103.62890625,103.6328125,1163.0
2025-06-18 12:59:00+00:00,103.63671875,103.640625,103.63671875,103.63671875,745.0
2025-06-18 13:00:00+00:00,103.640625,103.640625,103.63671875,103.63671875,5224.0
2025-06-18 13:01:00+00:00,103.640625,103.640625,103.640625,103.640625,140.0
2025-06-18 13:04:00+00:00,103.640625,103.6484375,103.640625,103.6484375,3548.0
2025-06-18 13:05:00+00:00,103.64453125,103.64453125,103.640625,103.640625,956.0
2025-06-18 13:06:00+00:00,103.6484375,103.6484375,103.64453125,103.64453125,552.0
2025-06-18 13:07:00+00:00,103.64453125,103.64453125,103.63671875,103.64453125,3612.0
2025-06-18 13:08:00+00:00,103.64453125,103.64453125,103.640625,103.640625,536.0
2025-06-18 13:09:00+00:00,103.64453125,103.6484375,103.64453125,103.64453125,1237.0
2025-06-18 13:10:00+00:00,103.64453125,103.64453125,103.64453125,103.64453125,904.0
2025-06-18 13:11:00+00:00,103.64453125,103.64453125,103.64453125,103.64453125,417.0
2025-06-18 13:12:00+00:00,103.64453125,103.64453125,103.640625,103.64453125,708.0
2025-06-18 13:13:00+00:00,103.640625,103.64453125,103.640625,103.64453125,821.0
2025-06-18 13:14:00+00:00,103.640625,103.64453125,103.640625,103.64453125,809.0
2025-06-18 13:15:00+00:00,103.640625,103.64453125,103.640625,103.640625,1269.0
2025-06-18 13:16:00+00:00,103.64453125,103.64453125,103.640625,103.640625,683.0
2025-06-18 13:17:00+00:00,103.64453125,103.6484375,103.640625,103.64453125,274.0
2025-06-18 13:18:00+00:00,103.64453125,103.64453125,103.640625,103.640625,757.0
2025-06-18 13:19:00+00:00,103.64453125,103.64453125,103.64453125,103.64453125,291.0
2025-06-18 13:20:00+00:00,103.640625,103.64453125,103.640625,103.64453125,133.0
2025-06-18 13:21:00+00:00,103.640625,103.64453125,103.640625,103.640625,220.0
2025-06-18 13:22:00+00:00,103.640625,103.64453125,103.640625,103.64453125,17.0
2025-06-18 13:23:00+00:00,103.64453125,103.64453125,103.640625,103.64453125,155.0
2025-06-18 13:24:00+00:00,103.640625,103.64453125,103.640625,103.640625,135.0
2025-06-18 13:25:00+00:00,103.640625,103.64453125,103.640625,103.640625,645.0
2025-06-18 13:28:00+00:00,103.65234375,103.65234375,103.6484375,103.65234375,4083.0
2025-06-18 13:29:00+00:00,103.65625,103.66015625,103.65234375,103.65234375,1761.0
2025-06-18 13:30:00+00:00,103.65625,103.66015625,103.65234375,103.65625,2823.0
2025-06-18 13:31:00+00:00,103.65625,103.65625,103.65625,103.65625,304.0
2025-06-18 13:32:00+00:00,103.65234375,103.65234375,103.65234375,103.65234375,51.0
2025-06-18 13:33:00+00:00,103.66015625,103.6640625,103.65625,103.65625,1966.0
2025-06-18 13:34:00+00:00,103.66015625,103.6640625,103.65625,103.66015625,1314.0
2025-06-18 13:35:00+00:00,103.66015625,103.66015625,103.65625,103.65625,73.0
2025-06-18 13:37:00+00:00,103.65625,103.66015625,103.65234375,103.65625,2534.0
2025-06-18 13:38:00+00:00,103.6640625,103.66796875,103.65625,103.66015625,2291.0
2025-06-18 13:39:00+00:00,103.66015625,103.6640625,103.66015625,103.6640625,70.0
2025-06-18 13:40:00+00:00,103.66796875,103.66796875,103.66015625,103.6640625,1483.0
2025-06-18 13:41:00+00:00,103.66796875,103.66796875,103.6640625,103.6640625,2630.0
2025-06-18 13:44:00+00:00,103.65625,103.6640625,103.65625,103.6640625,3847.0
2025-06-18 13:45:00+00:00,103.6640625,103.6640625,103.66015625,103.66015625,479.0
2025-06-18 13:46:00+00:00,103.6640625,103.6640625,103.66015625,103.6640625,1215.0
2025-06-18 13:47:00+00:00,103.6640625,103.6640625,103.66015625,103.6640625,1044.0
2025-06-18 13:48:00+00:00,103.66015625,103.66015625,103.66015625,103.66015625,276.0
2025-06-18 13:49:00+00:00,103.65625,103.66015625,103.65625,103.66015625,1160.0
2025-06-18 13:50:00+00:00,103.65625,103.65625,103.65234375,103.65234375,104.0
2025-06-18 13:51:00+00:00,103.65234375,103.65625,103.65234375,103.65234375,554.0
2025-06-18 13:52:00+00:00,103.65625,103.65625,103.65234375,103.65625,368.0
2025-06-18 13:53:00+00:00,103.65234375,103.65625,103.65234375,103.65625,17.0
2025-06-18 13:54:00+00:00,103.65625,103.65625,103.65234375,103.65234375,647.0
2025-06-18 13:55:00+00:00,103.66015625,103.66015625,103.65625,103.65625,1181.0
2025-06-18 13:56:00+00:00,103.65625,103.65625,103.65625,103.65625,599.0
2025-06-18 13:57:00+00:00,103.65625,103.66015625,103.65625,103.66015625,719.0
2025-06-18 13:58:00+00:00,103.66015625,103.66015625,103.66015625,103.66015625,907.0
2025-06-18 13:59:00+00:00,103.66015625,103.6640625,103.65625,103.65625,748.0
2025-06-18 14:02:00+00:00,103.6640625,103.6640625,103.6640625,103.6640625,2374.0
2025-06-18 14:03:00+00:00,103.66796875,103.66796875,103.66015625,103.66796875,1172.0
2025-06-18 14:04:00+00:00,103.66796875,103.66796875,103.6640625,103.66796875,490.0
2025-06-18 14:05:00+00:00,103.66015625,103.6640625,103.65625,103.6640625,573.0
2025-06-18 14:06:00+00:00,103.6640625,103.6640625,103.66015625,103.6640625,23.0
2025-06-18 14:07:00+00:00,103.66015625,103.66015625,103.65625,103.66015625,587.0
2025-06-18 14:08:00+00:00,103.66015625,103.66015625,103.65625,103.66015625,658.0
2025-06-18 14:09:00+00:00,103.65625,103.65625,103.65625,103.65625,541.0
2025-06-18 14:10:00+00:00,103.65625,103.65625,103.65625,103.65625,64.0
2025-06-18 14:11:00+00:00,103.6484375,103.65234375,103.6484375,103.65234375,428.0
2025-06-18 14:12:00+00:00,103.65625,103.65625,103.65234375,103.65234375,1261.0
2025-06-18 14:13:00+00:00,103.6640625,103.6640625,103.65625,103.66015625,190.0
2025-06-18 14:14:00+00:00,103.66015625,103.66015625,103.66015625,103.66015625,142.0
2025-06-18 14:15:00+00:00,103.6640625,103.6640625,103.66015625,103.6640625,113.0
2025-06-18 14:17:00+00:00,103.6640625,103.6640625,103.6640625,103.6640625,2372.0
2025-06-18 14:18:00+00:00,103.6640625,103.6640625,103.6640625,103.6640625,1103.0
2025-06-18 14:19:00+00:00,103.65625,103.6640625,103.65625,103.6640625,1240.0
2025-06-18 14:20:00+00:00,103.65234375,103.66015625,103.65234375,103.66015625,1675.0
2025-06-18 14:21:00+00:00,103.65625,103.65625,103.65625,103.65625,238.0
2025-06-18 14:22:00+00:00,103.6484375,103.65234375,103.6484375,103.65234375,368.0
2025-06-18 14:23:00+00:00,103.6484375,103.65234375,103.64453125,103.6484375,4229.0
2025-06-18 14:24:00+00:00,103.64453125,103.6484375,103.64453125,103.6484375,621.0
2025-06-18 14:25:00+00:00,103.640625,103.64453125,103.640625,103.64453125,878.0
2025-06-18 14:26:00+00:00,103.63671875,103.640625,103.63671875,103.640625,4934.0
2025-06-18 14:27:00+00:00,103.640625,103.64453125,103.640625,103.640625,1186.0
2025-06-18 14:28:00+00:00,103.640625,103.640625,103.63671875,103.640625,45.0
2025-06-18 14:29:00+00:00,103.63671875,103.640625,103.63671875,103.640625,641.0
2025-06-18 14:30:00+00:00,103.63671875,103.640625,103.63671875,103.640625,902.0
2025-06-18 14:31:00+00:00,103.640625,103.640625,103.640625,103.640625,1889.0
2025-06-18 14:34:00+00:00,103.640625,103.640625,103.640625,103.640625,1930.0
2025-06-18 14:35:00+00:00,103.640625,103.640625,103.63671875,103.640625,157.0
2025-06-18 14:36:00+00:00,103.640625,103.640625,103.640625,103.640625,23.0
2025-06-18 14:37:00+00:00,103.640625,103.640625,103.640625,103.640625,9.0
2025-06-18 14:38:00+00:00,103.640625,103.640625,103.63671875,103.640625,1152.0
2025-06-18 14:39:00+00:00,103.64453125,103.64453125,103.640625,103.640625,987.0
2025-06-18 14:40:00+00:00,103.6484375,103.6484375,103.64453125,103.64453125,633.0
2025-06-18 14:41:00+00:00,103.6484375,103.6484375,103.6484375,103.6484375,312.0
2025-06-18 14:43:00+00:00,103.64453125,103.6484375,103.64453125,103.6484375,896.0
2025-06-18 14:44:00+00:00,103.65234375,103.65234375,103.6484375,103.6484375,255.0
2025-06-18 14:45:00+00:00,103.6484375,103.65234375,103.6484375,103.6484375,969.0
2025-06-18 14:46:00+00:00,103.65625,103.65625,103.65234375,103.65234375,349.0
2025-06-18 14:47:00+00:00,103.65625,103.65625,103.65625,103.65625,1388.0
2025-06-18 14:48:00+00:00,103.66015625,103.66015625,103.65625,103.65625,1152.0
2025-06-18 14:49:00+00:00,103.65625,103.6640625,103.65625,103.66015625,327.0
2025-06-18 14:50:00+00:00,103.65625,103.65625,103.65625,103.65625,48.0
2025-06-18 14:51:00+00:00,103.65625,103.66015625,103.65625,103.65625,198.0
2025-06-18 14:52:00+00:00,103.66015625,103.66015625,103.65625,103.66015625,530.0
2025-06-18 14:53:00+00:00,103.66796875,103.66796875,103.66015625,103.66015625,1344.0
2025-06-18 14:54:00+00:00,103.66796875,103.66796875,103.66796875,103.66796875,692.0
2025-06-18 14:55:00+00:00,103.6640625,103.66796875,103.6640625,103.66796875,1220.0
2025-06-18 14:56:00+00:00,103.6640625,103.6640625,103.6640625,103.6640625,426.0
2025-06-18 14:58:00+00:00,103.671875,103.671875,103.671875,103.671875,1115.0
2025-06-18 14:59:00+00:00,103.671875,103.671875,103.66796875,103.671875,178.0
2025-06-18 15:03:00+00:00,103.67578125,103.67578125,103.67578125,103.67578125,6011.0
2025-06-18 15:05:00+00:00,103.6796875,103.6796875,103.6796875,103.6796875,1828.0
2025-06-18 15:07:00+00:00,103.6796875,103.68359375,103.6796875,103.6796875,589.0
2025-06-18 15:08:00+00:00,103.6796875,103.6796875,103.67578125,103.6796875,2114.0
2025-06-18 15:12:00+00:00,103.68359375,103.68359375,103.67578125,103.67578125,6716.0
2025-06-18 15:14:00+00:00,103.68359375,103.68359375,103.68359375,103.68359375,184.0
2025-06-18 15:15:00+00:00,103.69140625,103.69140625,103.68359375,103.68359375,2078.0
2025-06-18 15:17:00+00:00,103.6875,103.6875,103.6875,103.6875,2643.0
2025-06-18 15:18:00+00:00,103.68359375,103.6875,103.68359375,103.6875,828.0
2025-06-18 15:19:00+00:00,103.6875,103.6875,103.6875,103.6875,21.0
2025-06-18 15:21:00+00:00,103.6875,103.6875,103.68359375,103.6875,3140.0
2025-06-18 15:22:00+00:00,103.6875,103.6875,103.68359375,103.6875,1625.0
2025-06-18 15:23:00+00:00,103.6875,103.69140625,103.6875,103.6875,1438.0
2025-06-18 15:26:00+00:00,103.69140625,103.69140625,103.6875,103.69140625,3762.0
2025-06-18 15:27:00+00:00,103.6953125,103.6953125,103.69140625,103.69140625,234.0
2025-06-18 15:31:00+00:00,103.69140625,103.69140625,103.6875,103.6875,1702.0
2025-06-18 15:32:00+00:00,103.69140625,103.69140625,103.69140625,103.69140625,4.0
2025-06-18 15:33:00+00:00,103.68359375,103.68359375,103.6796875,103.6796875,3455.0
2025-06-18 15:34:00+00:00,103.6796875,103.6796875,103.6796875,103.6796875,95.0
2025-06-18 15:37:00+00:00,103.68359375,103.68359375,103.68359375,103.68359375,2020.0
2025-06-18 15:38:00+00:00,103.68359375,103.68359375,103.6796875,103.68359375,382.0
2025-06-18 15:39:00+00:00,103.67578125,103.68359375,103.67578125,103.68359375,1476.0
2025-06-18 15:40:00+00:00,103.68359375,103.68359375,103.67578125,103.67578125,694.0
2025-06-18 15:41:00+00:00,103.6796875,103.68359375,103.6796875,103.68359375,625.0
2025-06-18 15:42:00+00:00,103.6796875,103.68359375,103.6796875,103.6796875,1460.0
2025-06-18 15:43:00+00:00,103.6796875,103.68359375,103.67578125,103.68359375,307.0
2025-06-18 15:44:00+00:00,103.6796875,103.6796875,103.67578125,103.67578125,11.0
2025-06-18 15:45:00+00:00,103.67578125,103.6796875,103.67578125,103.6796875,542.0
2025-06-18 15:46:00+00:00,103.6796875,103.6796875,103.67578125,103.67578125,1521.0
2025-06-18 15:47:00+00:00,103.6796875,103.68359375,103.6796875,103.6796875,265.0
2025-06-18 15:48:00+00:00,103.6875,103.6875,103.68359375,103.68359375,4853.0
2025-06-18 15:49:00+00:00,103.68359375,103.68359375,103.68359375,103.68359375,1524.0
2025-06-18 15:50:00+00:00,103.6953125,103.6953125,103.6875,103.6875,2157.0
2025-06-18 15:52:00+00:00,103.6953125,103.6953125,103.69140625,103.6953125,2882.0
2025-06-18 15:53:00+00:00,103.6953125,103.6953125,103.69140625,103.6953125,699.0
2025-06-18 15:57:00+00:00,103.69921875,103.69921875,103.6953125,103.6953125,2644.0
2025-06-18 15:58:00+00:00,103.69921875,103.69921875,103.6953125,103.69921875,563.0
2025-06-18 15:59:00+00:00,103.69921875,103.69921875,103.6953125,103.69921875,520.0
2025-06-18 16:00:00+00:00,103.69140625,103.69921875,103.69140625,103.6953125,1162.0
2025-06-18 16:01:00+00:00,103.6953125,103.6953125,103.69140625,103.69140625,635.0
2025-06-18 16:02:00+00:00,103.6953125,103.6953125,103.69140625,103.6953125,434.0
2025-06-18 16:03:00+00:00,103.6953125,103.6953125,103.69140625,103.6953125,2562.0
2025-06-18 16:04:00+00:00,103.6953125,103.6953125,103.69140625,103.6953125,441.0
2025-06-18 16:05:00+00:00,103.6953125,103.6953125,103.6953125,103.6953125,508.0
2025-06-18 16:08:00+00:00,103.69140625,103.6953125,103.69140625,103.69140625,1716.0
2025-06-18 16:09:00+00:00,103.6953125,103.6953125,103.69140625,103.6953125,667.0
2025-06-18 16:10:00+00:00,103.6953125,103.6953125,103.69140625,103.6953125,1030.0
2025-06-18 16:11:00+00:00,103.6953125,103.6953125,103.69140625,103.6953125,504.0
2025-06-18 16:12:00+00:00,103.6953125,103.6953125,103.6953125,103.6953125,415.0
2025-06-18 16:13:00+00:00,103.6953125,103.6953125,103.6953125,103.6953125,3402.0
2025-06-18 16:14:00+00:00,103.6953125,103.6953125,103.6953125,103.6953125,555.0
2025-06-18 16:15:00+00:00,103.69921875,103.69921875,103.69140625,103.6953125,2000.0
2025-06-18 16:16:00+00:00,103.69921875,103.69921875,103.6953125,103.69921875,2738.0
2025-06-18 16:17:00+00:00,103.69921875,103.69921875,103.6953125,103.69921875,413.0
2025-06-18 16:18:00+00:00,103.69921875,103.69921875,103.69921875,103.69921875,652.0
2025-06-18 16:19:00+00:00,103.6875,103.69921875,103.6875,103.69921875,6265.0
2025-06-18 16:20:00+00:00,103.68359375,103.6875,103.68359375,103.6875,2402.0
2025-06-18 16:21:00+00:00,103.69140625,103.69140625,103.68359375,103.68359375,565.0
2025-06-18 16:22:00+00:00,103.69140625,103.69140625,103.69140625,103.69140625,360.0
2025-06-18 16:23:00+00:00,103.6953125,103.6953125,103.69140625,103.69140625,1860.0
2025-06-18 16:24:00+00:00,103.69140625,103.6953125,103.69140625,103.6953125,735.0
2025-06-18 16:25:00+00:00,103.6953125,103.6953125,103.69140625,103.6953125,308.0
2025-06-18 16:26:00+00:00,103.6953125,103.6953125,103.69140625,103.69140625,389.0
2025-06-18 16:27:00+00:00,103.69921875,103.69921875,103.69140625,103.6953125,1453.0
2025-06-18 16:30:00+00:00,103.69140625,103.6953125,103.69140625,103.6953125,1605.0
2025-06-18 16:31:00+00:00,103.69140625,103.69140625,103.69140625,103.69140625,622.0
2025-06-18 16:32:00+00:00,103.6953125,103.6953125,103.69140625,103.69140625,1304.0
2025-06-18 16:33:00+00:00,103.6953125,103.6953125,103.6953125,103.6953125,319.0
2025-06-18 16:34:00+00:00,103.69140625,103.6953125,103.69140625,103.6953125,238.0
2025-06-18 16:35:00+00:00,103.69921875,103.69921875,103.6953125,103.6953125,361.0
2025-06-18 16:36:00+00:00,103.6953125,103.69921875,103.6953125,103.69921875,440.0
2025-06-18 16:37:00+00:00,103.6953125,103.6953125,103.6953125,103.6953125,261.0
2025-06-18 16:38:00+00:00,103.69921875,103.69921875,103.69921875,103.69921875,679.0
2025-06-18 16:39:00+00:00,103.6953125,103.69921875,103.6953125,103.69921875,16.0
2025-06-18 16:40:00+00:00,103.6953125,103.69921875,103.6953125,103.69921875,1044.0
2025-06-18 16:42:00+00:00,103.6953125,103.6953125,103.6953125,103.6953125,16.0
2025-06-18 16:43:00+00:00,103.69140625,103.6953125,103.69140625,103.6953125,568.0
2025-06-18 16:44:00+00:00,103.6953125,103.6953125,103.69140625,103.69140625,2.0
2025-06-18 16:45:00+00:00,103.69140625,103.69140625,103.69140625,103.69140625,133.0
2025-06-18 16:46:00+00:00,103.69140625,103.69140625,103.69140625,103.69140625,2.0
2025-06-18 16:47:00+00:00,103.69140625,103.69140625,103.6875,103.69140625,1171.0
2025-06-18 16:48:00+00:00,103.69140625,103.69140625,103.69140625,103.69140625,301.0
2025-06-18 16:53:00+00:00,103.6875,103.6875,103.6875,103.6875,2857.0
2025-06-18 16:54:00+00:00,103.6875,103.6875,103.6875,103.6875,421.0
2025-06-18 16:55:00+00:00,103.6875,103.6875,103.6875,103.6875,213.0
2025-06-18 16:56:00+00:00,103.6875,103.6875,103.6875,103.6875,1.0
2025-06-18 16:57:00+00:00,103.6796875,103.6875,103.6796875,103.68359375,1417.0
2025-06-18 16:58:00+00:00,103.67578125,103.68359375,103.67578125,103.6796875,1236.0
2025-06-18 16:59:00+00:00,103.6796875,103.6796875,103.67578125,103.6796875,28.0
2025-06-18 17:00:00+00:00,103.6796875,103.6796875,103.67578125,103.67578125,96.0
2025-06-18 17:01:00+00:00,103.67578125,103.6796875,103.67578125,103.6796875,61.0
2025-06-18 17:02:00+00:00,103.67578125,103.6796875,103.67578125,103.67578125,238.0
2025-06-18 17:03:00+00:00,103.671875,103.6796875,103.671875,103.6796875,1391.0
2025-06-18 17:04:00+00:00,103.671875,103.671875,103.671875,103.671875,956.0
2025-06-18 17:05:00+00:00,103.671875,103.671875,103.66796875,103.66796875,1722.0
2025-06-18 17:06:00+00:00,103.671875,103.671875,103.66796875,103.671875,98.0
2025-06-18 17:07:00+00:00,103.66796875,103.66796875,103.6640625,103.66796875,770.0
2025-06-18 17:08:00+00:00,103.671875,103.671875,103.66796875,103.66796875,574.0
2025-06-18 17:09:00+00:00,103.66796875,103.671875,103.66796875,103.66796875,9.0
2025-06-18 17:13:00+00:00,103.66796875,103.671875,103.66796875,103.66796875,1881.0
2025-06-18 17:14:00+00:00,103.66796875,103.66796875,103.66796875,103.66796875,41.0
2025-06-18 17:15:00+00:00,103.671875,103.671875,103.66796875,103.66796875,653.0
2025-06-18 17:16:00+00:00,103.66796875,103.671875,103.66796875,103.671875,20.0
2025-06-18 17:17:00+00:00,103.66796875,103.66796875,103.66796875,103.66796875,1.0
2025-06-18 17:18:00+00:00,103.671875,103.671875,103.671875,103.671875,2117.0
2025-06-18 17:19:00+00:00,103.671875,103.671875,103.66796875,103.671875,2433.0
2025-06-18 17:20:00+00:00,103.671875,103.671875,103.671875,103.671875,9.0
2025-06-18 17:21:00+00:00,103.67578125,103.67578125,103.67578125,103.67578125,666.0
2025-06-18 17:22:00+00:00,103.671875,103.67578125,103.671875,103.67578125,65.0
2025-06-18 17:24:00+00:00,103.67578125,103.67578125,103.671875,103.67578125,172.0
2025-06-18 17:25:00+00:00,103.67578125,103.67578125,103.671875,103.67578125,131.0
2025-06-18 17:26:00+00:00,103.66796875,103.67578125,103.66796875,103.671875,1484.0
2025-06-18 17:27:00+00:00,103.671875,103.671875,103.66796875,103.66796875,603.0
2025-06-18 17:29:00+00:00,103.671875,103.67578125,103.671875,103.671875,631.0
2025-06-18 17:30:00+00:00,103.671875,103.671875,103.671875,103.671875,184.0
2025-06-18 17:31:00+00:00,103.671875,103.671875,103.66796875,103.671875,2057.0
2025-06-18 17:32:00+00:00,103.66796875,103.671875,103.66796875,103.671875,452.0
2025-06-18 17:33:00+00:00,103.671875,103.671875,103.671875,103.671875,2.0
2025-06-18 17:34:00+00:00,103.66796875,103.671875,103.66796875,103.66796875,94.0
2025-06-18 17:35:00+00:00,103.66796875,103.66796875,103.66796875,103.66796875,172.0
2025-06-18 17:36:00+00:00,103.66796875,103.671875,103.66796875,103.66796875,704.0
2025-06-18 17:37:00+00:00,103.66796875,103.66796875,103.6640625,103.66796875,329.0
2025-06-18 17:38:00+00:00,103.66796875,103.66796875,103.66796875,103.66796875,18.0
2025-06-18 17:40:00+00:00,103.6640625,103.6640625,103.6640625,103.6640625,1737.0
2025-06-18 17:41:00+00:00,103.6640625,103.66796875,103.6640625,103.66796875,1205.0
2025-06-18 17:42:00+00:00,103.6640625,103.6640625,103.6640625,103.6640625,587.0
2025-06-18 17:43:00+00:00,103.6640625,103.6640625,103.6640625,103.6640625,956.0
2025-06-18 17:44:00+00:00,103.66796875,103.66796875,103.6640625,103.6640625,1046.0
2025-06-18 17:46:00+00:00,103.66796875,103.66796875,103.6640625,103.6640625,634.0
2025-06-18 17:47:00+00:00,103.66015625,103.6640625,103.66015625,103.6640625,817.0
2025-06-18 17:48:00+00:00,103.6640625,103.6640625,103.6640625,103.6640625,709.0
2025-06-18 17:49:00+00:00,103.66015625,103.6640625,103.66015625,103.6640625,317.0
2025-06-18 17:50:00+00:00,103.66015625,103.66015625,103.66015625,103.66015625,1367.0
2025-06-18 17:51:00+00:00,103.6640625,103.6640625,103.65625,103.66015625,372.0
2025-06-18 17:52:00+00:00,103.66015625,103.66015625,103.65625,103.66015625,897.0
2025-06-18 17:53:00+00:00,103.66015625,103.66015625,103.66015625,103.66015625,124.0
2025-06-18 17:54:00+00:00,103.65625,103.66015625,103.65625,103.65625,476.0
2025-06-18 17:56:00+00:00,103.6640625,103.6640625,103.66015625,103.66015625,594.0
2025-06-18 17:57:00+00:00,103.6640625,103.66796875,103.66015625,103.66015625,3046.0
2025-06-18 18:00:00+00:00,103.703125,103.7578125,103.69921875,103.7578125,27464.0
2025-06-18 18:01:00+00:00,103.72265625,103.734375,103.703125,103.70703125,9971.0
2025-06-18 18:02:00+00:00,103.6875,103.71875,103.6875,103.71875,4469.0
2025-06-18 18:03:00+00:00,103.70703125,103.7109375,103.68359375,103.69140625,12232.0
2025-06-18 18:04:00+00:00,103.69921875,103.7109375,103.6953125,103.70703125,9351.0
2025-06-18 18:05:00+00:00,103.703125,103.7109375,103.69921875,103.69921875,10278.0
2025-06-18 18:06:00+00:00,103.71875,103.72265625,103.703125,103.703125,5601.0
2025-06-18 18:07:00+00:00,103.7265625,103.7265625,103.71875,103.72265625,4227.0
2025-06-18 18:08:00+00:00,103.72265625,103.73046875,103.72265625,103.7265625,2885.0
2025-06-18 18:09:00+00:00,103.72265625,103.7265625,103.71875,103.72265625,3710.0
2025-06-18 18:10:00+00:00,103.7109375,103.7265625,103.7109375,103.72265625,3012.0
2025-06-18 18:11:00+00:00,103.7109375,103.7109375,103.703125,103.7109375,1704.0
2025-06-18 18:12:00+00:00,103.69921875,103.7109375,103.69921875,103.7109375,5792.0
2025-06-18 18:13:00+00:00,103.70703125,103.70703125,103.69921875,103.69921875,618.0
2025-06-18 18:14:00+00:00,103.70703125,103.7109375,103.703125,103.703125,1641.0
2025-06-18 18:15:00+00:00,103.70703125,103.7109375,103.703125,103.7109375,1902.0
2025-06-18 18:16:00+00:00,103.70703125,103.7109375,103.70703125,103.70703125,1124.0
2025-06-18 18:17:00+00:00,103.7109375,103.71875,103.7109375,103.7109375,4234.0
2025-06-18 18:18:00+00:00,103.70703125,103.71484375,103.70703125,103.7109375,4471.0
2025-06-18 18:19:00+00:00,103.70703125,103.71484375,103.70703125,103.70703125,3219.0
2025-06-18 18:21:00+00:00,103.7109375,103.7109375,103.7109375,103.7109375,3958.0
2025-06-18 18:22:00+00:00,103.7109375,103.71484375,103.70703125,103.7109375,1687.0
2025-06-18 18:23:00+00:00,103.70703125,103.7109375,103.70703125,103.7109375,3158.0
2025-06-18 18:24:00+00:00,103.69921875,103.70703125,103.6953125,103.70703125,893.0
2025-06-18 18:25:00+00:00,103.69140625,103.69921875,103.69140625,103.69921875,2941.0
2025-06-18 18:26:00+00:00,103.6875,103.69140625,103.6875,103.69140625,2073.0
2025-06-18 18:27:00+00:00,103.6953125,103.6953125,103.6875,103.6875,1810.0
2025-06-18 18:28:00+00:00,103.6953125,103.6953125,103.69140625,103.6953125,546.0
2025-06-18 18:29:00+00:00,103.69140625,103.6953125,103.6875,103.6953125,2071.0
2025-06-18 18:30:00+00:00,103.6953125,103.69921875,103.69140625,103.69140625,693.0
2025-06-18 18:31:00+00:00,103.6953125,103.69921875,103.6953125,103.6953125,2504.0
2025-06-18 18:32:00+00:00,103.6953125,103.6953125,103.69140625,103.6953125,1209.0
2025-06-18 18:33:00+00:00,103.6875,103.69921875,103.6875,103.6953125,428.0
2025-06-18 18:34:00+00:00,103.69921875,103.69921875,103.69140625,103.69140625,964.0
2025-06-18 18:35:00+00:00,103.68359375,103.6953125,103.68359375,103.6953125,1921.0
2025-06-18 18:36:00+00:00,103.6875,103.6875,103.68359375,103.68359375,1300.0
2025-06-18 18:37:00+00:00,103.6875,103.6875,103.6875,103.6875,1252.0
2025-06-18 18:38:00+00:00,103.69140625,103.6953125,103.6875,103.6875,1314.0
2025-06-18 18:39:00+00:00,103.6875,103.6953125,103.6875,103.69140625,2355.0
2025-06-18 18:40:00+00:00,103.66796875,103.68359375,103.6640625,103.68359375,4730.0
2025-06-18 18:41:00+00:00,103.6796875,103.68359375,103.66796875,103.66796875,3193.0
2025-06-18 18:42:00+00:00,103.6796875,103.6875,103.6796875,103.68359375,2093.0
2025-06-18 18:45:00+00:00,103.6640625,103.6640625,103.6640625,103.6640625,11020.0
2025-06-18 18:46:00+00:00,103.671875,103.671875,103.6640625,103.66796875,1089.0
2025-06-18 18:47:00+00:00,103.66796875,103.66796875,103.6640625,103.66796875,905.0
2025-06-18 18:48:00+00:00,103.66015625,103.66796875,103.66015625,103.6640625,638.0
2025-06-18 18:49:00+00:00,103.66015625,103.66796875,103.66015625,103.6640625,1093.0
2025-06-18 18:50:00+00:00,103.6484375,103.66015625,103.64453125,103.66015625,4634.0
2025-06-18 18:51:00+00:00,103.65234375,103.65234375,103.6484375,103.6484375,2158.0
2025-06-18 18:52:00+00:00,103.65625,103.65625,103.6484375,103.65625,2323.0
2025-06-18 18:53:00+00:00,103.65234375,103.65625,103.6484375,103.65625,1775.0
2025-06-18 18:54:00+00:00,103.6484375,103.65234375,103.6484375,103.65234375,1124.0
2025-06-18 18:55:00+00:00,103.640625,103.65234375,103.640625,103.6484375,2750.0
2025-06-18 18:56:00+00:00,103.63671875,103.64453125,103.63671875,103.64453125,2928.0
2025-06-18 18:57:00+00:00,103.6328125,103.640625,103.6328125,103.63671875,8422.0
2025-06-18 18:58:00+00:00,103.6328125,103.6328125,103.62890625,103.6328125,5038.0
2025-06-18 18:59:00+00:00,103.64453125,103.64453125,103.6328125,103.6328125,7639.0
2025-06-18 19:00:00+00:00,103.62890625,103.64453125,103.62890625,103.64453125,3410.0
2025-06-18 19:01:00+00:00,103.62890625,103.62890625,103.625,103.62890625,1531.0
2025-06-18 19:02:00+00:00,103.6328125,103.63671875,103.625,103.6328125,1317.0
2025-06-18 19:03:00+00:00,103.625,103.6328125,103.625,103.6328125,810.0
2025-06-18 19:04:00+00:00,103.6328125,103.6328125,103.62890625,103.62890625,563.0
2025-06-18 19:05:00+00:00,103.63671875,103.63671875,103.62890625,103.6328125,1779.0
2025-06-18 19:06:00+00:00,103.640625,103.640625,103.63671875,103.63671875,267.0
2025-06-18 19:07:00+00:00,103.6328125,103.640625,103.6328125,103.63671875,2112.0
2025-06-18 19:10:00+00:00,103.6328125,103.6328125,103.62890625,103.62890625,2321.0
2025-06-18 19:11:00+00:00,103.62890625,103.6328125,103.62890625,103.6328125,392.0
2025-06-18 19:12:00+00:00,103.63671875,103.63671875,103.6328125,103.6328125,1310.0
2025-06-18 19:13:00+00:00,103.640625,103.640625,103.62890625,103.6328125,2101.0
2025-06-18 19:14:00+00:00,103.640625,103.64453125,103.640625,103.640625,1456.0
2025-06-18 19:15:00+00:00,103.64453125,103.64453125,103.640625,103.64453125,2414.0
2025-06-18 19:16:00+00:00,103.65234375,103.65234375,103.64453125,103.64453125,1956.0
2025-06-18 19:17:00+00:00,103.6484375,103.65625,103.6484375,103.65625,1493.0
2025-06-18 19:18:00+00:00,103.65234375,103.65234375,103.6484375,103.65234375,441.0
2025-06-18 19:19:00+00:00,103.65234375,103.65625,103.65234375,103.65234375,324.0
2025-06-18 19:20:00+00:00,103.65234375,103.65625,103.65234375,103.65234375,507.0
2025-06-18 19:21:00+00:00,103.65234375,103.65625,103.6484375,103.6484375,769.0
2025-06-18 19:22:00+00:00,103.65625,103.66015625,103.65234375,103.65234375,979.0
2025-06-18 19:23:00+00:00,103.65625,103.66015625,103.65625,103.65625,703.0
2025-06-18 19:24:00+00:00,103.65625,103.65625,103.65234375,103.65625,177.0
2025-06-18 19:25:00+00:00,103.66015625,103.66015625,103.65625,103.66015625,1615.0
2025-06-18 19:26:00+00:00,103.66015625,103.66015625,103.65625,103.66015625,543.0
2025-06-18 19:27:00+00:00,103.66015625,103.66015625,103.65625,103.66015625,498.0
2025-06-18 19:28:00+00:00,103.66015625,103.66015625,103.66015625,103.66015625,36.0
2025-06-18 19:29:00+00:00,103.66015625,103.66015625,103.65625,103.66015625,1441.0
2025-06-18 19:30:00+00:00,103.6640625,103.6640625,103.66015625,103.66015625,320.0
2025-06-18 19:31:00+00:00,103.66015625,103.6640625,103.65625,103.6640625,470.0
2025-06-18 19:32:00+00:00,103.66015625,103.66015625,103.66015625,103.66015625,790.0
2025-06-18 19:33:00+00:00,103.66796875,103.66796875,103.6640625,103.6640625,981.0
2025-06-18 19:34:00+00:00,103.66796875,103.66796875,103.66796875,103.66796875,251.0
2025-06-18 19:35:00+00:00,103.66015625,103.66796875,103.66015625,103.66796875,217.0
2025-06-18 19:36:00+00:00,103.66015625,103.66015625,103.66015625,103.66015625,980.0
2025-06-18 19:39:00+00:00,103.65625,103.65625,103.65625,103.65625,3100.0
2025-06-18 19:40:00+00:00,103.65234375,103.65625,103.65234375,103.65625,173.0
2025-06-18 19:41:00+00:00,103.65234375,103.65625,103.65234375,103.65625,623.0
2025-06-18 19:42:00+00:00,103.65234375,103.65625,103.65234375,103.65625,13.0
2025-06-18 19:43:00+00:00,103.65234375,103.65625,103.65234375,103.65234375,287.0
2025-06-18 19:44:00+00:00,103.65234375,103.65625,103.65234375,103.65625,288.0
2025-06-18 19:45:00+00:00,103.65234375,103.65234375,103.6484375,103.6484375,713.0
2025-06-18 19:46:00+00:00,103.65625,103.65625,103.6484375,103.6484375,199.0
2025-06-18 19:47:00+00:00,103.65625,103.65625,103.65234375,103.65625,3.0
2025-06-18 19:48:00+00:00,103.65625,103.65625,103.65625,103.65625,1.0
2025-06-18 19:49:00+00:00,103.65625,103.65625,103.65234375,103.65234375,14.0
2025-06-18 19:51:00+00:00,103.65625,103.66015625,103.65625,103.65625,1024.0
2025-06-18 19:52:00+00:00,103.65625,103.66015625,103.65625,103.65625,161.0
2025-06-18 19:53:00+00:00,103.65234375,103.66015625,103.65234375,103.66015625,199.0
2025-06-18 19:54:00+00:00,103.65234375,103.65625,103.65234375,103.65625,4.0
2025-06-18 19:55:00+00:00,103.65625,103.65625,103.65234375,103.65234375,866.0
2025-06-18 19:56:00+00:00,103.66015625,103.6640625,103.65625,103.65625,1666.0
2025-06-18 19:57:00+00:00,103.66796875,103.66796875,103.6640625,103.6640625,2009.0
2025-06-18 20:00:00+00:00,103.65625,103.66015625,103.65625,103.65625,4286.0
2025-06-18 20:01:00+00:00,103.65625,103.65625,103.65234375,103.65625,304.0
2025-06-18 20:02:00+00:00,103.65625,103.65625,103.65234375,103.65234375,34.0
2025-06-18 20:03:00+00:00,103.65234375,103.65625,103.65234375,103.65234375,1162.0
2025-06-18 20:04:00+00:00,103.65234375,103.65625,103.65234375,103.65234375,858.0
2025-06-18 20:05:00+00:00,103.65234375,103.65625,103.65234375,103.65234375,1099.0
2025-06-18 20:06:00+00:00,103.65234375,103.65234375,103.65234375,103.65234375,4.0
2025-06-18 20:07:00+00:00,103.65234375,103.65234375,103.6484375,103.65234375,526.0
2025-06-18 20:08:00+00:00,103.6484375,103.65234375,103.6484375,103.65234375,145.0
2025-06-18 20:09:00+00:00,103.6484375,103.6484375,103.6484375,103.6484375,964.0
2025-06-18 20:10:00+00:00,103.6484375,103.6484375,103.64453125,103.6484375,179.0
2025-06-18 20:11:00+00:00,103.6484375,103.6484375,103.6484375,103.6484375,2.0
2025-06-18 20:12:00+00:00,103.64453125,103.6484375,103.64453125,103.6484375,463.0
2025-06-18 20:13:00+00:00,103.640625,103.640625,103.640625,103.640625,29.0
2025-06-18 20:14:00+00:00,103.64453125,103.64453125,103.640625,103.64453125,2398.0
2025-06-18 20:15:00+00:00,103.64453125,103.6484375,103.64453125,103.64453125,503.0
2025-06-18 20:16:00+00:00,103.6484375,103.6484375,103.6484375,103.6484375,87.0
2025-06-18 20:17:00+00:00,103.64453125,103.6484375,103.64453125,103.6484375,450.0
2025-06-18 20:18:00+00:00,103.64453125,103.64453125,103.64453125,103.64453125,350.0
2025-06-18 20:19:00+00:00,103.64453125,103.64453125,103.64453125,103.64453125,35.0
2025-06-18 20:20:00+00:00,103.64453125,103.64453125,103.64453125,103.64453125,1495.0
2025-06-18 20:21:00+00:00,103.64453125,103.64453125,103.640625,103.640625,101.0
2025-06-18 20:22:00+00:00,103.64453125,103.64453125,103.640625,103.64453125,251.0
2025-06-18 20:24:00+00:00,103.64453125,103.6484375,103.64453125,103.6484375,285.0
2025-06-18 20:25:00+00:00,103.6484375,103.6484375,103.64453125,103.64453125,16.0
2025-06-18 20:26:00+00:00,103.6484375,103.6484375,103.6484375,103.6484375,370.0
2025-06-18 20:29:00+00:00,103.6484375,103.6484375,103.6484375,103.6484375,812.0
2025-06-18 20:30:00+00:00,103.6484375,103.65234375,103.64453125,103.65234375,1284.0
2025-06-18 20:31:00+00:00,103.64453125,103.64453125,103.64453125,103.64453125,47.0
2025-06-18 20:32:00+00:00,103.64453125,103.6484375,103.64453125,103.6484375,19.0
2025-06-18 20:33:00+00:00,103.64453125,103.6484375,103.64453125,103.64453125,544.0
2025-06-18 20:34:00+00:00,103.64453125,103.6484375,103.64453125,103.64453125,48.0
2025-06-18 20:35:00+00:00,103.64453125,103.64453125,103.64453125,103.64453125,11.0
2025-06-18 20:36:00+00:00,103.64453125,103.64453125,103.64453125,103.64453125,10.0
2025-06-18 20:38:00+00:00,103.6484375,103.6484375,103.64453125,103.64453125,620.0
2025-06-18 20:39:00+00:00,103.64453125,103.6484375,103.64453125,103.6484375,313.0
2025-06-18 20:40:00+00:00,103.6484375,103.6484375,103.64453125,103.6484375,163.0
2025-06-18 20:41:00+00:00,103.65234375,103.65234375,103.6484375,103.6484375,718.0
2025-06-18 20:42:00+00:00,103.65234375,103.65234375,103.65234375,103.65234375,1.0
2025-06-18 20:43:00+00:00,103.6484375,103.6484375,103.6484375,103.6484375,220.0
2025-06-18 20:44:00+00:00,103.65234375,103.65234375,103.6484375,103.6484375,532.0
2025-06-18 20:45:00+00:00,103.6484375,103.6484375,103.6484375,103.6484375,155.0
2025-06-18 20:46:00+00:00,103.6484375,103.6484375,103.6484375,103.6484375,25.0
2025-06-18 20:47:00+00:00,103.6484375,103.6484375,103.6484375,103.6484375,16.0
2025-06-18 20:48:00+00:00,103.64453125,103.65234375,103.64453125,103.6484375,623.0
2025-06-18 20:49:00+00:00,103.64453125,103.64453125,103.64453125,103.64453125,457.0
2025-06-18 20:50:00+00:00,103.63671875,103.64453125,103.63671875,103.640625,2294.0
2025-06-18 20:51:00+00:00,103.63671875,103.63671875,103.63671875,103.63671875,438.0
2025-06-18 20:52:00+00:00,103.63671875,103.63671875,103.6328125,103.6328125,267.0
2025-06-18 20:53:00+00:00,103.63671875,103.63671875,103.6328125,103.63671875,124.0
2025-06-18 20:54:00+00:00,103.63671875,103.63671875,103.63671875,103.63671875,347.0
2025-06-18 20:55:00+00:00,103.640625,103.640625,103.6328125,103.6328125,945.0
2025-06-18 20:56:00+00:00,103.640625,103.64453125,103.640625,103.640625,793.0
2025-06-18 20:57:00+00:00,103.640625,103.64453125,103.640625,103.640625,29.0
2025-06-18 20:58:00+00:00,103.640625,103.640625,103.63671875,103.640625,434.0
2025-06-18 20:59:00+00:00,103.640625,103.640625,103.63671875,103.63671875,272.0
2025-06-18 22:00:00+00:00,103.63671875,103.63671875,103.63671875,103.63671875,0.0
2025-06-18 22:01:00+00:00,103.6328125,103.63671875,103.6328125,103.63671875,82.0
2025-06-18 22:02:00+00:00,103.6328125,103.6328125,103.6328125,103.6328125,645.0
2025-06-18 22:05:00+00:00,103.62890625,103.62890625,103.62890625,103.62890625,187.0
2025-06-18 22:07:00+00:00,103.6328125,103.6328125,103.6328125,103.6328125,72.0
2025-06-18 22:11:00+00:00,103.63671875,103.63671875,103.63671875,103.63671875,261.0
2025-06-18 22:12:00+00:00,103.63671875,103.63671875,103.63671875,103.63671875,32.0
2025-06-18 22:18:00+00:00,103.6328125,103.63671875,103.6328125,103.63671875,74.0
2025-06-18 22:22:00+00:00,103.63671875,103.63671875,103.63671875,103.63671875,5.0
2025-06-18 22:23:00+00:00,103.63671875,103.63671875,103.63671875,103.63671875,7.0
2025-06-18 22:25:00+00:00,103.6328125,103.63671875,103.6328125,103.63671875,186.0
2025-06-18 22:29:00+00:00,103.6328125,103.6328125,103.6328125,103.6328125,56.0
2025-06-18 22:33:00+00:00,103.63671875,103.63671875,103.63671875,103.63671875,75.0
2025-06-18 22:35:00+00:00,103.63671875,103.63671875,103.63671875,103.63671875,214.0
2025-06-18 22:41:00+00:00,103.63671875,103.63671875,103.63671875,103.63671875,41.0
2025-06-18 22:44:00+00:00,103.6328125,103.6328125,103.6328125,103.6328125,111.0
2025-06-18 22:45:00+00:00,103.6328125,103.6328125,103.6328125,103.6328125,132.0
2025-06-18 22:46:00+00:00,103.6328125,103.6328125,103.6328125,103.6328125,113.0
2025-06-18 22:48:00+00:00,103.62890625,103.62890625,103.62890625,103.62890625,8.0
2025-06-18 22:49:00+00:00,103.62890625,103.62890625,103.62890625,103.62890625,140.0
2025-06-18 22:51:00+00:00,103.625,103.62890625,103.625,103.62890625,274.0
2025-06-18 22:52:00+00:00,103.62109375,103.62109375,103.62109375,103.62109375,120.0
2025-06-18 22:53:00+00:00,103.62109375,103.62109375,103.62109375,103.62109375,139.0
2025-06-18 22:54:00+00:00,103.62109375,103.62109375,103.62109375,103.62109375,13.0
2025-06-18 22:56:00+00:00,103.62890625,103.62890625,103.625,103.625,27.0
2025-06-18 23:01:00+00:00,103.62890625,103.62890625,103.62890625,103.62890625,44.0
2025-06-18 23:08:00+00:00,103.625,103.625,103.625,103.625,285.0
2025-06-18 23:09:00+00:00,103.625,103.625,103.625,103.625,6.0
2025-06-18 23:14:00+00:00,103.62890625,103.62890625,103.62890625,103.62890625,158.0
2025-06-18 23:15:00+00:00,103.625,103.625,103.625,103.625,33.0
2025-06-18 23:16:00+00:00,103.62890625,103.62890625,103.625,103.625,5.0
2025-06-18 23:18:00+00:00,103.625,103.625,103.625,103.625,84.0
2025-06-18 23:20:00+00:00,103.62890625,103.62890625,103.625,103.625,23.0
2025-06-18 23:22:00+00:00,103.625,103.625,103.625,103.625,68.0
2025-06-18 23:34:00+00:00,103.62890625,103.62890625,103.62890625,103.62890625,19.0
2025-06-18 23:35:00+00:00,103.62890625,103.62890625,103.62890625,103.62890625,86.0
2025-06-18 23:37:00+00:00,103.62890625,103.62890625,103.62890625,103.62890625,41.0
2025-06-18 23:39:00+00:00,103.6328125,103.6328125,103.62890625,103.62890625,46.0
2025-06-18 23:47:00+00:00,103.62890625,103.62890625,103.62890625,103.62890625,179.0
2025-06-18 23:48:00+00:00,103.6328125,103.6328125,103.62890625,103.62890625,107.0
2025-06-18 23:52:00+00:00,103.62890625,103.62890625,103.62890625,103.62890625,259.0
2025-06-18 23:53:00+00:00,103.62890625,103.6328125,103.62890625,103.6328125,4.0
2025-06-19 00:00:00+00:00,103.62890625,103.6328125,103.62890625,103.6328125,9.0
2025-06-19 00:04:00+00:00,103.6328125,103.6328125,103.62890625,103.6328125,3.0
2025-06-19 00:05:00+00:00,103.6328125,103.6328125,103.6328125,103.6328125,362.0
2025-06-19 00:06:00+00:00,103.62890625,103.6328125,103.62890625,103.6328125,89.0
2025-06-19 00:07:00+00:00,103.6328125,103.6328125,103.62890625,103.62890625,240.0
2025-06-19 00:08:00+00:00,103.6328125,103.6328125,103.62890625,103.62890625,4.0
2025-06-19 00:11:00+00:00,103.63671875,103.63671875,103.6328125,103.6328125,422.0
2025-06-19 00:12:00+00:00,103.63671875,103.63671875,103.63671875,103.63671875,181.0
2025-06-19 00:15:00+00:00,103.640625,103.640625,103.63671875,103.63671875,58.0
2025-06-19 00:16:00+00:00,103.63671875,103.640625,103.63671875,103.640625,91.0
2025-06-19 00:18:00+00:00,103.640625,103.640625,103.63671875,103.63671875,23.0
2025-06-19 00:20:00+00:00,103.640625,103.640625,103.63671875,103.63671875,11.0
2025-06-19 00:22:00+00:00,103.63671875,103.63671875,103.63671875,103.63671875,156.0
2025-06-19 00:29:00+00:00,103.6328125,103.6328125,103.6328125,103.6328125,6.0
2025-06-19 00:31:00+00:00,103.6328125,103.6328125,103.6328125,103.6328125,121.0
2025-06-19 00:34:00+00:00,103.6328125,103.6328125,103.6328125,103.6328125,162.0
2025-06-19 00:38:00+00:00,103.6328125,103.6328125,103.6328125,103.6328125,137.0
2025-06-19 00:39:00+00:00,103.6328125,103.6328125,103.6328125,103.6328125,18.0
2025-06-19 00:41:00+00:00,103.6328125,103.6328125,103.6328125,103.6328125,66.0
2025-06-19 00:45:00+00:00,103.6328125,103.6328125,103.6328125,103.6328125,80.0
2025-06-19 00:51:00+00:00,103.63671875,103.63671875,103.6328125,103.6328125,144.0
2025-06-19 00:53:00+00:00,103.63671875,103.63671875,103.63671875,103.63671875,8.0
2025-06-19 00:57:00+00:00,103.63671875,103.63671875,103.63671875,103.63671875,100.0
2025-06-19 00:59:00+00:00,103.63671875,103.63671875,103.63671875,103.63671875,23.0
2025-06-19 01:04:00+00:00,103.65625,103.65625,103.640625,103.640625,1151.0
2025-06-19 01:05:00+00:00,103.65234375,103.6640625,103.65234375,103.65234375,1848.0
2025-06-19 01:07:00+00:00,103.6484375,103.6484375,103.6484375,103.6484375,152.0
2025-06-19 01:08:00+00:00,103.6484375,103.6484375,103.6484375,103.6484375,58.0
2025-06-19 01:10:00+00:00,103.6484375,103.6484375,103.6484375,103.6484375,0.0
2025-06-19 01:11:00+00:00,103.64453125,103.6484375,103.64453125,103.64453125,10669.0
2025-06-19 01:12:00+00:00,103.64453125,103.64453125,103.64453125,103.64453125,24.0
2025-06-19 01:13:00+00:00,103.64453125,103.6484375,103.64453125,103.64453125,129.0
2025-06-19 01:14:00+00:00,103.64453125,103.6484375,103.64453125,103.64453125,132.0
2025-06-19 01:15:00+00:00,103.64453125,103.6484375,103.64453125,103.64453125,22.0
2025-06-19 01:16:00+00:00,103.6484375,103.6484375,103.6484375,103.6484375,33.0
2025-06-19 01:17:00+00:00,103.6484375,103.6484375,103.6484375,103.6484375,24.0
2025-06-19 01:24:00+00:00,103.6484375,103.6484375,103.6484375,103.6484375,9.0
2025-06-19 01:25:00+00:00,103.64453125,103.6484375,103.64453125,103.6484375,11.0
2025-06-19 01:26:00+00:00,103.64453125,103.64453125,103.64453125,103.64453125,62.0
2025-06-19 01:30:00+00:00,103.64453125,103.64453125,103.64453125,103.64453125,12.0
2025-06-19 01:34:00+00:00,103.640625,103.640625,103.640625,103.640625,6.0
2025-06-19 01:35:00+00:00,103.64453125,103.64453125,103.64453125,103.64453125,15.0
2025-06-19 01:36:00+00:00,103.64453125,103.64453125,103.64453125,103.64453125,243.0
2025-06-19 01:37:00+00:00,103.64453125,103.64453125,103.64453125,103.64453125,207.0
2025-06-19 01:38:00+00:00,103.64453125,103.64453125,103.64453125,103.64453125,8.0
2025-06-19 01:40:00+00:00,103.6484375,103.6484375,103.6484375,103.6484375,118.0
2025-06-19 01:41:00+00:00,103.6484375,103.6484375,103.6484375,103.6484375,83.0
2025-06-19 01:50:00+00:00,103.6484375,103.6484375,103.6484375,103.6484375,1.0
2025-06-19 02:05:00+00:00,103.64453125,103.64453125,103.64453125,103.64453125,212.0
2025-06-19 02:13:00+00:00,103.640625,103.640625,103.640625,103.640625,206.0
2025-06-19 02:15:00+00:00,103.640625,103.640625,103.640625,103.640625,180.0
2025-06-19 02:21:00+00:00,103.63671875,103.63671875,103.63671875,103.63671875,123.0
2025-06-19 02:27:00+00:00,103.63671875,103.63671875,103.63671875,103.63671875,14.0
2025-06-19 02:31:00+00:00,103.63671875,103.63671875,103.63671875,103.63671875,24.0
2025-06-19 02:32:00+00:00,103.63671875,103.63671875,103.63671875,103.63671875,59.0
2025-06-19 02:37:00+00:00,103.63671875,103.63671875,103.63671875,103.63671875,76.0
2025-06-19 02:42:00+00:00,103.6328125,103.6328125,103.6328125,103.6328125,59.0
2025-06-19 02:59:00+00:00,103.6328125,103.63671875,103.6328125,103.6328125,243.0
2025-06-19 03:01:00+00:00,103.6328125,103.6328125,103.6328125,103.6328125,35.0
2025-06-19 03:04:00+00:00,103.63671875,103.63671875,103.6328125,103.6328125,146.0
2025-06-19 03:05:00+00:00,103.6328125,103.6328125,103.6328125,103.6328125,55.0
2025-06-19 03:07:00+00:00,103.6328125,103.6328125,103.6328125,103.6328125,318.0
2025-06-19 03:09:00+00:00,103.6328125,103.6328125,103.6328125,103.6328125,323.0
2025-06-19 03:11:00+00:00,103.6328125,103.6328125,103.6328125,103.6328125,110.0
2025-06-19 03:12:00+00:00,103.6328125,103.6328125,103.6328125,103.6328125,22.0
2025-06-19 03:14:00+00:00,103.6328125,103.6328125,103.6328125,103.6328125,317.0
2025-06-19 03:15:00+00:00,103.6328125,103.6328125,103.6328125,103.6328125,44.0
2025-06-19 03:16:00+00:00,103.6328125,103.63671875,103.6328125,103.63671875,99.0
2025-06-19 03:28:00+00:00,103.6328125,103.6328125,103.62890625,103.6328125,338.0
2025-06-19 03:29:00+00:00,103.6328125,103.6328125,103.6328125,103.6328125,133.0
2025-06-19 03:31:00+00:00,103.6328125,103.6328125,103.6328125,103.6328125,159.0
2025-06-19 03:33:00+00:00,103.62890625,103.6328125,103.62890625,103.6328125,135.0
2025-06-19 03:36:00+00:00,103.6328125,103.63671875,103.6328125,103.6328125,279.0
2025-06-19 03:37:00+00:00,103.6328125,103.6328125,103.6328125,103.6328125,16.0
2025-06-19 03:40:00+00:00,103.640625,103.640625,103.63671875,103.63671875,44.0
2025-06-19 03:46:00+00:00,103.640625,103.640625,103.63671875,103.63671875,135.0
2025-06-19 03:51:00+00:00,103.64453125,103.64453125,103.640625,103.640625,121.0
2025-06-19 03:52:00+00:00,103.640625,103.640625,103.640625,103.640625,19.0
2025-06-19 03:55:00+00:00,103.63671875,103.63671875,103.63671875,103.63671875,613.0
2025-06-19 03:57:00+00:00,103.63671875,103.640625,103.63671875,103.63671875,49.0
2025-06-19 03:58:00+00:00,103.63671875,103.63671875,103.63671875,103.63671875,13.0
2025-06-19 04:00:00+00:00,103.63671875,103.63671875,103.63671875,103.63671875,28.0
2025-06-19 04:02:00+00:00,103.6328125,103.6328125,103.6328125,103.6328125,566.0
2025-06-19 04:03:00+00:00,103.6328125,103.6328125,103.6328125,103.6328125,389.0
2025-06-19 04:08:00+00:00,103.640625,103.640625,103.640625,103.640625,300.0
2025-06-19 04:10:00+00:00,103.640625,103.640625,103.640625,103.640625,36.0
2025-06-19 04:17:00+00:00,103.640625,103.640625,103.640625,103.640625,27.0
2025-06-19 04:29:00+00:00,103.640625,103.640625,103.640625,103.640625,66.0
2025-06-19 04:33:00+00:00,103.640625,103.640625,103.640625,103.640625,105.0
2025-06-19 04:39:00+00:00,103.640625,103.640625,103.640625,103.640625,242.0
2025-06-19 04:41:00+00:00,103.640625,103.640625,103.640625,103.640625,51.0
2025-06-19 04:46:00+00:00,103.64453125,103.64453125,103.640625,103.640625,19.0
2025-06-19 04:58:00+00:00,103.64453125,103.64453125,103.64453125,103.64453125,196.0
2025-06-19 05:33:00+00:00,103.64453125,103.64453125,103.64453125,103.64453125,57.0
2025-06-19 05:34:00+00:00,103.64453125,103.64453125,103.64453125,103.64453125,4.0
2025-06-19 05:40:00+00:00,103.64453125,103.64453125,103.64453125,103.64453125,228.0
2025-06-19 05:41:00+00:00,103.64453125,103.64453125,103.64453125,103.64453125,26.0
2025-06-19 05:42:00+00:00,103.640625,103.640625,103.640625,103.640625,374.0
2025-06-19 05:50:00+00:00,103.63671875,103.63671875,103.63671875,103.63671875,399.0
2025-06-19 05:53:00+00:00,103.63671875,103.63671875,103.63671875,103.63671875,40.0
2025-06-19 05:55:00+00:00,103.63671875,103.63671875,103.63671875,103.63671875,4.0
2025-06-19 05:56:00+00:00,103.640625,103.640625,103.640625,103.640625,150.0
2025-06-19 06:00:00+00:00,103.640625,103.640625,103.640625,103.640625,106.0
2025-06-19 06:01:00+00:00,103.640625,103.640625,103.640625,103.640625,130.0
2025-06-19 06:02:00+00:00,103.64453125,103.64453125,103.64453125,103.64453125,185.0
2025-06-19 06:03:00+00:00,103.640625,103.64453125,103.640625,103.64453125,114.0
2025-06-19 06:04:00+00:00,103.640625,103.640625,103.640625,103.640625,80.0
2025-06-19 06:08:00+00:00,103.6328125,103.63671875,103.6328125,103.63671875,776.0
2025-06-19 06:09:00+00:00,103.63671875,103.63671875,103.63671875,103.63671875,191.0
2025-06-19 06:10:00+00:00,103.63671875,103.63671875,103.63671875,103.63671875,200.0
2025-06-19 06:28:00+00:00,103.63671875,103.63671875,103.63671875,103.63671875,6.0
2025-06-19 06:29:00+00:00,103.63671875,103.63671875,103.63671875,103.63671875,596.0
2025-06-19 06:30:00+00:00,103.6328125,103.63671875,103.6328125,103.63671875,150.0
2025-06-19 06:32:00+00:00,103.6328125,103.6328125,103.62890625,103.62890625,102.0
2025-06-19 06:33:00+00:00,103.62890625,103.62890625,103.62890625,103.62890625,507.0
2025-06-19 06:35:00+00:00,103.62890625,103.62890625,103.62890625,103.62890625,197.0
2025-06-19 06:38:00+00:00,103.6328125,103.6328125,103.6328125,103.6328125,574.0
2025-06-19 06:41:00+00:00,103.6328125,103.63671875,103.6328125,103.6328125,234.0
2025-06-19 06:43:00+00:00,103.6328125,103.6328125,103.6328125,103.6328125,45.0
2025-06-19 06:44:00+00:00,103.6328125,103.6328125,103.6328125,103.6328125,528.0
2025-06-19 06:45:00+00:00,103.6328125,103.6328125,103.6328125,103.6328125,303.0
2025-06-19 06:50:00+00:00,103.640625,103.640625,103.6328125,103.6328125,1343.0
2025-06-19 06:53:00+00:00,103.63671875,103.640625,103.63671875,103.640625,47.0
2025-06-19 06:55:00+00:00,103.640625,103.640625,103.640625,103.640625,344.0
2025-06-19 06:57:00+00:00,103.63671875,103.63671875,103.63671875,103.63671875,37.0
2025-06-19 07:00:00+00:00,103.6328125,103.6328125,103.6328125,103.6328125,246.0
2025-06-19 07:01:00+00:00,103.6328125,103.6328125,103.6328125,103.6328125,64.0
2025-06-19 07:04:00+00:00,103.6328125,103.6328125,103.6328125,103.6328125,569.0
2025-06-19 07:05:00+00:00,103.6328125,103.6328125,103.6328125,103.6328125,91.0
2025-06-19 07:06:00+00:00,103.6328125,103.6328125,103.6328125,103.6328125,232.0
2025-06-19 07:07:00+00:00,103.6328125,103.6328125,103.6328125,103.6328125,220.0
2025-06-19 07:09:00+00:00,103.6328125,103.6328125,103.6328125,103.6328125,331.0
2025-06-19 07:10:00+00:00,103.6328125,103.6328125,103.6328125,103.6328125,453.0
2025-06-19 07:11:00+00:00,103.6328125,103.6328125,103.62890625,103.6328125,257.0
2025-06-19 07:12:00+00:00,103.6328125,103.6328125,103.6328125,103.6328125,57.0
2025-06-19 07:14:00+00:00,103.6328125,103.6328125,103.6328125,103.6328125,88.0
2025-06-19 07:21:00+00:00,103.63671875,103.63671875,103.6328125,103.6328125,420.0
2025-06-19 07:23:00+00:00,103.62890625,103.6328125,103.62890625,103.6328125,513.0
2025-06-19 07:25:00+00:00,103.62890625,103.6328125,103.62890625,103.62890625,177.0
2025-06-19 07:28:00+00:00,103.62890625,103.62890625,103.62890625,103.62890625,175.0
2025-06-19 07:29:00+00:00,103.625,103.62890625,103.625,103.62890625,482.0
2025-06-19 07:30:00+00:00,103.62890625,103.62890625,103.62890625,103.62890625,319.0
2025-06-19 07:31:00+00:00,103.62890625,103.62890625,103.62890625,103.62890625,67.0
2025-06-19 07:32:00+00:00,103.6328125,103.6328125,103.62890625,103.62890625,24.0
2025-06-19 07:33:00+00:00,103.62890625,103.62890625,103.62890625,103.62890625,653.0
2025-06-19 07:34:00+00:00,103.62890625,103.62890625,103.62890625,103.62890625,52.0
2025-06-19 07:36:00+00:00,103.62890625,103.62890625,103.62890625,103.62890625,26.0
2025-06-19 07:37:00+00:00,103.62890625,103.6328125,103.62890625,103.62890625,180.0
2025-06-19 07:38:00+00:00,103.6328125,103.6328125,103.62890625,103.6328125,11.0
2025-06-19 07:39:00+00:00,103.6328125,103.6328125,103.62890625,103.62890625,32.0
2025-06-19 07:40:00+00:00,103.62890625,103.6328125,103.62890625,103.6328125,49.0
2025-06-19 07:41:00+00:00,103.62890625,103.6328125,103.62890625,103.62890625,128.0
2025-06-19 07:42:00+00:00,103.6328125,103.6328125,103.62890625,103.62890625,2421.0
2025-06-19 07:43:00+00:00,103.6328125,103.6328125,103.62890625,103.62890625,266.0
2025-06-19 07:45:00+00:00,103.6328125,103.63671875,103.6328125,103.6328125,226.0
2025-06-19 07:46:00+00:00,103.63671875,103.63671875,103.6328125,103.63671875,23.0
2025-06-19 07:48:00+00:00,103.63671875,103.63671875,103.63671875,103.63671875,110.0
2025-06-19 07:49:00+00:00,103.63671875,103.63671875,103.63671875,103.63671875,29.0
2025-06-19 07:50:00+00:00,103.640625,103.640625,103.63671875,103.63671875,1225.0
2025-06-19 07:54:00+00:00,103.64453125,103.64453125,103.640625,103.640625,377.0
2025-06-19 07:55:00+00:00,103.640625,103.640625,103.640625,103.640625,44.0
2025-06-19 08:00:00+00:00,103.63671875,103.640625,103.63671875,103.640625,5.0
2025-06-19 08:02:00+00:00,103.640625,103.640625,103.640625,103.640625,86.0
2025-06-19 08:04:00+00:00,103.640625,103.640625,103.63671875,103.640625,3.0
2025-06-19 08:06:00+00:00,103.640625,103.640625,103.640625,103.640625,151.0
2025-06-19 08:07:00+00:00,103.63671875,103.640625,103.6328125,103.640625,802.0
2025-06-19 08:09:00+00:00,103.6328125,103.6328125,103.6328125,103.6328125,502.0
2025-06-19 08:16:00+00:00,103.6328125,103.63300323486328,103.6328125,103.6328125,234.0
2025-06-19 08:18:00+00:00,103.62890625,103.62890625,103.62890625,103.62890625,16.0
2025-06-19 08:19:00+00:00,103.6328125,103.6328125,103.6328125,103.6328125,392.0
2025-06-19 08:20:00+00:00,103.62890625,103.62890625,103.62890625,103.62890625,79.0
2025-06-19 08:22:00+00:00,103.6328125,103.6328125,103.6328125,103.6328125,1177.0
2025-06-19 08:26:00+00:00,103.6328125,103.6328125,103.6328125,103.6328125,461.0
2025-06-19 08:27:00+00:00,103.63671875,103.63671875,103.63671875,103.63671875,127.0
2025-06-19 08:28:00+00:00,103.63671875,103.63671875,103.6328125,103.6328125,1241.0
2025-06-19 08:29:00+00:00,103.63671875,103.63671875,103.63671875,103.63671875,351.0
2025-06-19 08:31:00+00:00,103.63671875,103.63671875,103.63671875,103.63671875,15.0
2025-06-19 08:32:00+00:00,103.63671875,103.640625,103.63671875,103.640625,971.0
2025-06-19 08:41:00+00:00,103.6328125,103.6328125,103.6328125,103.6328125,266.0
2025-06-19 08:42:00+00:00,103.62890625,103.62890625,103.62890625,103.62890625,23.0
2025-06-19 08:45:00+00:00,103.62890625,103.6328125,103.62890625,103.62890625,86.0
2025-06-19 08:47:00+00:00,103.62890625,103.62890625,103.62890625,103.62890625,264.0
2025-06-19 08:48:00+00:00,103.62890625,103.62890625,103.625,103.62890625,25.0
2025-06-19 08:52:00+00:00,103.625,103.625,103.625,103.625,34.0
2025-06-19 08:53:00+00:00,103.62890625,103.62890625,103.62890625,103.62890625,564.0
2025-06-19 08:55:00+00:00,103.62890625,103.62890625,103.62890625,103.62890625,81.0
2025-06-19 09:00:00+00:00,103.63671875,103.63671875,103.6328125,103.6328125,611.0
2025-06-19 09:04:00+00:00,103.6328125,103.63671875,103.6328125,103.6328125,12.0
2025-06-19 09:06:00+00:00,103.6328125,103.6328125,103.6328125,103.6328125,174.0
2025-06-19 09:10:00+00:00,103.62890625,103.62890625,103.62890625,103.62890625,12.0
2025-06-19 09:11:00+00:00,103.62890625,103.6328125,103.62890625,103.62890625,312.0
2025-06-19 09:19:00+00:00,103.62890625,103.62890625,103.62890625,103.62890625,48699.0
2025-06-19 09:26:00+00:00,103.625,103.62890625,103.625,103.62890625,5.0
2025-06-19 09:30:00+00:00,103.62890625,103.62890625,103.625,103.625,43.0
2025-06-19 09:32:00+00:00,103.625,103.62890625,103.625,103.625,2237.0
2025-06-19 09:33:00+00:00,103.625,103.625,103.625,103.625,26.0
2025-06-19 09:34:00+00:00,103.625,103.62890625,103.625,103.62890625,175.0
2025-06-19 09:36:00+00:00,103.62890625,103.62890625,103.625,103.625,2.0
2025-06-19 09:37:00+00:00,103.625,103.62890625,103.625,103.625,86.0
2025-06-19 09:39:00+00:00,103.625,103.62890625,103.625,103.625,81.0
2025-06-19 09:40:00+00:00,103.62890625,103.62890625,103.625,103.625,13.0
2025-06-19 09:42:00+00:00,103.62890625,103.62890625,103.625,103.62890625,771.0
2025-06-19 09:43:00+00:00,103.62890625,103.6328125,103.62890625,103.62890625,273.0
2025-06-19 09:46:00+00:00,103.625,103.62890625,103.625,103.62890625,25.0
2025-06-19 09:48:00+00:00,103.62890625,103.62890625,103.62890625,103.62890625,212.0
2025-06-19 09:50:00+00:00,103.62890625,103.62890625,103.625,103.62890625,43.0
2025-06-19 09:51:00+00:00,103.62890625,103.62890625,103.625,103.625,63.0
2025-06-19 09:52:00+00:00,103.62890625,103.62890625,103.62890625,103.62890625,171.0
2025-06-19 09:53:00+00:00,103.62890625,103.6328125,103.62890625,103.62890625,456.0
2025-06-19 09:54:00+00:00,103.62890625,103.62890625,103.62890625,103.62890625,22.0
2025-06-19 09:56:00+00:00,103.62890625,103.6328125,103.62890625,103.6328125,3.0
2025-06-19 10:03:00+00:00,103.625,103.62890625,103.625,103.62890625,257.0
2025-06-19 10:08:00+00:00,103.6328125,103.6328125,103.62890625,103.62890625,181.0
2025-06-19 10:09:00+00:00,103.6328125,103.6328125,103.62890625,103.62890625,182.0
2025-06-19 10:10:00+00:00,103.62890625,103.62890625,103.62890625,103.62890625,24.0
2025-06-19 10:11:00+00:00,103.62890625,103.62890625,103.625,103.62890625,35.0
2025-06-19 10:12:00+00:00,103.62890625,103.6328125,103.62890625,103.6328125,8.0
2025-06-19 10:13:00+00:00,103.62890625,103.62899780273438,103.62890625,103.62890625,3.0
2025-06-19 10:14:00+00:00,103.63671875,103.63671875,103.6328125,103.6328125,631.0
2025-06-19 10:15:00+00:00,103.6328125,103.6328125,103.6328125,103.6328125,211.0
2025-06-19 10:16:00+00:00,103.62890625,103.6328125,103.62890625,103.6328125,5.0
2025-06-19 10:18:00+00:00,103.62890625,103.62890625,103.62890625,103.62890625,59.0
2025-06-19 10:19:00+00:00,103.62890625,103.62890625,103.625,103.62890625,53.0
2025-06-19 10:20:00+00:00,103.62890625,103.62890625,103.62890625,103.62890625,13.0
2025-06-19 10:21:00+00:00,103.62890625,103.62890625,103.62890625,103.62890625,85.0
2025-06-19 10:22:00+00:00,103.62890625,103.62890625,103.625,103.625,202.0
2025-06-19 10:23:00+00:00,103.62890625,103.62890625,103.62890625,103.62890625,168.0
2025-06-19 10:28:00+00:00,103.6328125,103.6328125,103.62890625,103.6328125,7.0
2025-06-19 10:29:00+00:00,103.62890625,103.6328125,103.62890625,103.6328125,111.0
2025-06-19 10:31:00+00:00,103.625,103.62890625,103.625,103.62890625,757.0
2025-06-19 10:32:00+00:00,103.62890625,103.62890625,103.625,103.62890625,216.0
2025-06-19 10:34:00+00:00,103.6328125,103.6328125,103.6328125,103.6328125,358.0
2025-06-19 10:35:00+00:00,103.62890625,103.62890625,103.62890625,103.62890625,20.0
2025-06-19 10:36:00+00:00,103.62890625,103.6328125,103.62890625,103.62890625,68.0
2025-06-19 10:37:00+00:00,103.62890625,103.62890625,103.62890625,103.62890625,330.0
2025-06-19 10:38:00+00:00,103.625,103.62890625,103.625,103.62890625,8.0
2025-06-19 10:40:00+00:00,103.625,103.625,103.625,103.625,138.0
2025-06-19 10:41:00+00:00,103.625,103.625,103.625,103.625,381.0
2025-06-19 10:43:00+00:00,103.625,103.625,103.625,103.625,62.0
2025-06-19 10:49:00+00:00,103.62890625,103.62890625,103.625,103.625,6.0
2025-06-19 10:50:00+00:00,103.62109375,103.625,103.62109375,103.625,178.0
2025-06-19 10:51:00+00:00,103.62109375,103.625,103.62109375,103.62109375,25.0
2025-06-19 10:56:00+00:00,103.62109375,103.625,103.62109375,103.625,8.0
2025-06-19 10:57:00+00:00,103.62109375,103.625,103.62109375,103.62109375,86.0
2025-06-19 10:59:00+00:00,103.625,103.625,103.62109375,103.62109375,442.0
2025-06-19 11:00:00+00:00,103.625,103.62890625,103.62109375,103.625,93.0
2025-06-19 11:03:00+00:00,103.625,103.62890625,103.625,103.62890625,46.0
2025-06-19 11:06:00+00:00,103.62109375,103.625,103.62109375,103.62109375,4.0
2025-06-19 11:07:00+00:00,103.625,103.625,103.625,103.625,123.0
2025-06-19 11:09:00+00:00,103.625,103.625,103.625,103.625,247.0
2025-06-19 11:12:00+00:00,103.62109375,103.625,103.62109375,103.625,5.0
2025-06-19 11:13:00+00:00,103.625,103.625,103.625,103.625,94.0
2025-06-19 11:15:00+00:00,103.625,103.62890625,103.625,103.62890625,96.0
2025-06-19 11:16:00+00:00,103.625,103.62890625,103.625,103.62890625,117.0
2025-06-19 11:17:00+00:00,103.625,103.62890625,103.625,103.62890625,73.0
2025-06-19 11:18:00+00:00,103.62890625,103.62890625,103.62890625,103.62890625,190.0
2025-06-19 11:22:00+00:00,103.625,103.625,103.625,103.625,102.0
2025-06-19 11:23:00+00:00,103.62890625,103.62890625,103.62890625,103.62890625,245.0
2025-06-19 11:24:00+00:00,103.625,103.62890625,103.625,103.62890625,106.0
2025-06-19 11:25:00+00:00,103.62890625,103.62890625,103.625,103.62890625,87.0
2025-06-19 11:26:00+00:00,103.62890625,103.62890625,103.625,103.62890625,46.0
2025-06-19 11:30:00+00:00,103.62890625,103.62890625,103.62890625,103.62890625,45.0
2025-06-19 11:46:00+00:00,103.62890625,103.6328125,103.62890625,103.6328125,2.0
2025-06-19 11:50:00+00:00,103.62890625,103.6328125,103.62890625,103.6328125,31.0
2025-06-19 11:56:00+00:00,103.62890625,103.6328125,103.62890625,103.6328125,21.0
2025-06-19 12:00:00+00:00,103.6328125,103.6328125,103.6328125,103.6328125,126.0
2025-06-19 12:11:00+00:00,103.625,103.625,103.62109375,103.62109375,1005.0
2025-06-19 12:16:00+00:00,103.625,103.625,103.625,103.625,331.0
2025-06-19 12:17:00+00:00,103.62890625,103.62890625,103.62890625,103.62890625,229.0
2025-06-19 12:18:00+00:00,103.62890625,103.62890625,103.62890625,103.62890625,71.0
2025-06-19 12:19:00+00:00,103.62890625,103.62890625,103.62890625,103.62890625,172.0
2025-06-19 12:20:00+00:00,103.62890625,103.62890625,103.62890625,103.62890625,100.0
2025-06-19 12:21:00+00:00,103.6328125,103.6328125,103.6328125,103.6328125,728.0
2025-06-19 12:22:00+00:00,103.63671875,103.63671875,103.6328125,103.6328125,65.0
2025-06-19 12:26:00+00:00,103.63671875,103.63671875,103.63671875,103.63671875,457.0
2025-06-19 12:27:00+00:00,103.63671875,103.63671875,103.63671875,103.63671875,401.0
2025-06-19 12:28:00+00:00,103.640625,103.640625,103.640625,103.640625,70.0
2025-06-19 12:30:00+00:00,103.640625,103.640625,103.63671875,103.640625,106.0
2025-06-19 12:33:00+00:00,103.64453125,103.64453125,103.640625,103.640625,624.0
2025-06-19 12:34:00+00:00,103.64453125,103.64453125,103.64453125,103.64453125,2.0
2025-06-19 12:35:00+00:00,103.6484375,103.6484375,103.64453125,103.64453125,334.0
2025-06-19 12:37:00+00:00,103.6484375,103.6484375,103.6484375,103.6484375,487.0
2025-06-19 12:38:00+00:00,103.65234375,103.65234375,103.6484375,103.6484375,712.0
2025-06-19 12:39:00+00:00,103.65625,103.65625,103.65234375,103.65234375,737.0
2025-06-19 12:40:00+00:00,103.66015625,103.66015625,103.65625,103.65625,1022.0
2025-06-19 12:41:00+00:00,103.66015625,103.66015625,103.66015625,103.66015625,178.0
2025-06-19 12:42:00+00:00,103.66015625,103.66015625,103.66015625,103.66015625,455.0
2025-06-19 12:43:00+00:00,103.6640625,103.6640625,103.6640625,103.6640625,195.0
2025-06-19 12:44:00+00:00,103.66796875,103.66796875,103.6640625,103.6640625,69.0
2025-06-19 12:45:00+00:00,103.6640625,103.66796875,103.6640625,103.66796875,621.0
2025-06-19 12:46:00+00:00,103.66796875,103.66796875,103.6640625,103.6640625,73.0
2025-06-19 12:49:00+00:00,103.66796875,103.66796875,103.66796875,103.66796875,326.0
2025-06-19 12:50:00+00:00,103.671875,103.671875,103.66796875,103.66796875,602.0
2025-06-19 12:51:00+00:00,103.671875,103.671875,103.671875,103.671875,3.0
2025-06-19 12:52:00+00:00,103.66796875,103.671875,103.66796875,103.671875,24.0
2025-06-19 12:54:00+00:00,103.67578125,103.67578125,103.66796875,103.66796875,996.0
2025-06-19 12:55:00+00:00,103.671875,103.671875,103.671875,103.671875,142.0
2025-06-19 12:56:00+00:00,103.67578125,103.67578125,103.671875,103.67578125,551.0
2025-06-19 12:57:00+00:00,103.67578125,103.67578125,103.67578125,103.67578125,68.0
2025-06-19 12:59:00+00:00,103.671875,103.67578125,103.671875,103.67578125,56.0
2025-06-19 13:00:00+00:00,103.67578125,103.67578125,103.67578125,103.67578125,33.0
2025-06-19 13:01:00+00:00,103.66796875,103.67578125,103.66796875,103.67578125,2256.0
2025-06-19 13:02:00+00:00,103.66796875,103.671875,103.66796875,103.66796875,186.0
2025-06-19 13:03:00+00:00,103.6640625,103.66796875,103.6640625,103.66796875,207.0
2025-06-19 13:04:00+00:00,103.66796875,103.671875,103.66796875,103.671875,101.0
2025-06-19 13:05:00+00:00,103.671875,103.671875,103.671875,103.671875,512.0
2025-06-19 13:06:00+00:00,103.67578125,103.67578125,103.671875,103.671875,87.0
2025-06-19 13:07:00+00:00,103.671875,103.671875,103.671875,103.671875,78.0
2025-06-19 13:08:00+00:00,103.6796875,103.6796875,103.67578125,103.67578125,451.0
2025-06-19 13:09:00+00:00,103.67578125,103.6796875,103.67578125,103.6796875,224.0
2025-06-19 13:10:00+00:00,103.67578125,103.67578125,103.67578125,103.67578125,3.0
2025-06-19 13:11:00+00:00,103.6796875,103.6796875,103.6796875,103.6796875,1.0
2025-06-19 13:12:00+00:00,103.6796875,103.6796875,103.67578125,103.67578125,177.0
2025-06-19 13:13:00+00:00,103.67578125,103.67578125,103.67578125,103.67578125,124.0
2025-06-19 13:14:00+00:00,103.67578125,103.67578125,103.67578125,103.67578125,1.0
2025-06-19 13:17:00+00:00,103.671875,103.671875,103.671875,103.671875,71.0
2025-06-19 13:18:00+00:00,103.67578125,103.67578125,103.671875,103.671875,12.0
2025-06-19 13:21:00+00:00,103.67578125,103.67578125,103.67578125,103.67578125,85.0
2025-06-19 13:22:00+00:00,103.67578125,103.6796875,103.67578125,103.67578125,337.0
2025-06-19 13:24:00+00:00,103.67578125,103.67578125,103.67578125,103.67578125,4.0
2025-06-19 13:28:00+00:00,103.671875,103.671875,103.671875,103.671875,1118.0
2025-06-19 13:30:00+00:00,103.671875,103.671875,103.671875,103.671875,139.0
2025-06-19 13:32:00+00:00,103.671875,103.671875,103.671875,103.671875,99.0
2025-06-19 13:33:00+00:00,103.671875,103.671875,103.671875,103.671875,228.0
2025-06-19 13:38:00+00:00,103.671875,103.67578125,103.671875,103.67578125,648.0
2025-06-19 13:40:00+00:00,103.67578125,103.67578125,103.67578125,103.67578125,25.0
2025-06-19 13:42:00+00:00,103.67578125,103.67578125,103.67578125,103.67578125,221.0
2025-06-19 13:43:00+00:00,103.67578125,103.67578125,103.67578125,103.67578125,6.0
2025-06-19 13:44:00+00:00,103.67578125,103.67578125,103.671875,103.671875,72.0
2025-06-19 13:45:00+00:00,103.67578125,103.67578125,103.67578125,103.67578125,48.0
2025-06-19 13:46:00+00:00,103.6796875,103.6796875,103.6796875,103.6796875,603.0
2025-06-19 13:47:00+00:00,103.68359375,103.68359375,103.68359375,103.68359375,12.0
2025-06-19 13:48:00+00:00,103.6875,103.6875,103.68359375,103.68359375,575.0
2025-06-19 13:50:00+00:00,103.68359375,103.6875,103.68359375,103.68359375,1062.0
2025-06-19 13:51:00+00:00,103.68359375,103.68359375,103.6796875,103.68359375,690.0
2025-06-19 13:55:00+00:00,103.6796875,103.68359375,103.6796875,103.68359375,65.0
2025-06-19 13:57:00+00:00,103.6796875,103.6796875,103.6796875,103.6796875,50.0
2025-06-19 13:58:00+00:00,103.67578125,103.6796875,103.67578125,103.6796875,85.0
2025-06-19 13:59:00+00:00,103.68359375,103.68359375,103.6796875,103.6796875,68.0
2025-06-19 14:00:00+00:00,103.6796875,103.6796875,103.6796875,103.6796875,523.0
2025-06-19 14:01:00+00:00,103.6796875,103.6796875,103.6796875,103.6796875,38.0
2025-06-19 14:05:00+00:00,103.67578125,103.67578125,103.67578125,103.67578125,212.0
2025-06-19 14:07:00+00:00,103.66796875,103.671875,103.66796875,103.671875,93.0
2025-06-19 14:08:00+00:00,103.66796875,103.66796875,103.66796875,103.66796875,3.0
2025-06-19 14:14:00+00:00,103.66796875,103.66796875,103.66796875,103.66796875,5.0
2025-06-19 14:16:00+00:00,103.671875,103.671875,103.66796875,103.671875,135.0
2025-06-19 14:18:00+00:00,103.67578125,103.67578125,103.671875,103.671875,461.0
2025-06-19 14:20:00+00:00,103.67578125,103.67578125,103.67578125,103.67578125,526.0
2025-06-19 14:21:00+00:00,103.671875,103.67578125,103.671875,103.67578125,264.0
2025-06-19 14:22:00+00:00,103.67578125,103.6796875,103.671875,103.67578125,162.0
2025-06-19 14:23:00+00:00,103.67578125,103.67578125,103.67578125,103.67578125,242.0
2025-06-19 14:24:00+00:00,103.67578125,103.67578125,103.67578125,103.67578125,521.0
2025-06-19 14:25:00+00:00,103.671875,103.671875,103.671875,103.671875,32.0
2025-06-19 14:26:00+00:00,103.671875,103.671875,103.671875,103.671875,10.0
2025-06-19 14:27:00+00:00,103.671875,103.671875,103.671875,103.671875,256.0
2025-06-19 14:29:00+00:00,103.671875,103.671875,103.671875,103.671875,22.0
2025-06-19 14:36:00+00:00,103.671875,103.671875,103.671875,103.671875,50.0
2025-06-19 14:39:00+00:00,103.671875,103.67578125,103.66796875,103.66796875,477.0
2025-06-19 14:40:00+00:00,103.671875,103.671875,103.671875,103.671875,17.0
2025-06-19 14:42:00+00:00,103.671875,103.671875,103.671875,103.671875,35.0
2025-06-19 14:43:00+00:00,103.67578125,103.67578125,103.67578125,103.67578125,335.0
2025-06-19 14:44:00+00:00,103.67578125,103.67578125,103.67578125,103.67578125,2.0
2025-06-19 14:46:00+00:00,103.671875,103.671875,103.671875,103.671875,141.0
2025-06-19 14:47:00+00:00,103.671875,103.671875,103.671875,103.671875,18.0
2025-06-19 14:48:00+00:00,103.67578125,103.67578125,103.67578125,103.67578125,5.0
2025-06-19 14:50:00+00:00,103.67578125,103.67578125,103.671875,103.671875,308.0
2025-06-19 14:54:00+00:00,103.671875,103.67578125,103.671875,103.67578125,296.0
2025-06-19 15:04:00+00:00,103.671875,103.671875,103.66796875,103.66796875,295.0
2025-06-19 15:07:00+00:00,103.66796875,103.66796875,103.66796875,103.66796875,446.0
2025-06-19 15:13:00+00:00,103.66796875,103.66796875,103.66796875,103.66796875,0.0
2025-06-19 15:22:00+00:00,103.66796875,103.66796875,103.66796875,103.66796875,91374.0
2025-06-19 15:23:00+00:00,103.66796875,103.66796875,103.66796875,103.66796875,6.0
2025-06-19 15:30:00+00:00,103.66796875,103.66796875,103.66796875,103.66796875,714.0
2025-06-19 15:31:00+00:00,103.66796875,103.66796875,103.66796875,103.66796875,747.0
2025-06-19 15:35:00+00:00,103.66796875,103.66796875,103.66796875,103.66796875,796.0
2025-06-19 15:42:00+00:00,103.671875,103.671875,103.671875,103.671875,813.0
2025-06-19 15:51:00+00:00,103.67578125,103.67578125,103.67578125,103.67578125,462.0
2025-06-19 15:53:00+00:00,103.6796875,103.6796875,103.6796875,103.6796875,666.0
2025-06-19 15:54:00+00:00,103.6796875,103.6796875,103.6796875,103.6796875,142.0
2025-06-19 15:56:00+00:00,103.6796875,103.68359375,103.6796875,103.6796875,79.0
2025-06-19 15:57:00+00:00,103.6796875,103.6796875,103.67578125,103.67578125,185.0
2025-06-19 15:58:00+00:00,103.6796875,103.6796875,103.6796875,103.6796875,33.0
2025-06-19 15:59:00+00:00,103.6796875,103.6796875,103.6796875,103.6796875,13.0
2025-06-19 16:00:00+00:00,103.67578125,103.6796875,103.67578125,103.6796875,70.0
2025-06-19 16:04:00+00:00,103.67578125,103.67578125,103.67578125,103.67578125,712.0
2025-06-19 16:05:00+00:00,103.671875,103.671875,103.671875,103.671875,27.0
2025-06-19 16:06:00+00:00,103.671875,103.671875,103.671875,103.671875,431.0
2025-06-19 16:08:00+00:00,103.66796875,103.66796875,103.66796875,103.66796875,217.0
2025-06-19 16:10:00+00:00,103.671875,103.671875,103.671875,103.671875,30.0
2025-06-19 16:15:00+00:00,103.66796875,103.66796875,103.66796875,103.66796875,150.0
2025-06-19 16:23:00+00:00,103.66796875,103.66796875,103.66796875,103.66796875,176.0
2025-06-19 16:25:00+00:00,103.671875,103.671875,103.671875,103.671875,236.0
2025-06-19 16:33:00+00:00,103.671875,103.671875,103.671875,103.671875,213.0
2025-06-19 16:34:00+00:00,103.671875,103.671875,103.671875,103.671875,16.0
2025-06-19 16:42:00+00:00,103.671875,103.671875,103.671875,103.671875,105.0
2025-06-19 16:45:00+00:00,103.671875,103.671875,103.671875,103.671875,12.0
2025-06-19 16:52:00+00:00,103.671875,103.67578125,103.671875,103.671875,19.0
2025-06-19 16:54:00+00:00,103.66796875,103.671875,103.66796875,103.671875,88.0
2025-06-19 16:56:00+00:00,103.671875,103.671875,103.66796875,103.66796875,68.0
2025-06-19 16:59:00+00:00,103.66796875,103.66796875,103.66796875,103.66796875,267.0
2025-06-19 22:00:00+00:00,103.67578125,103.68359375,103.66796875,103.66796875,270.0
2025-06-19 22:01:00+00:00,103.66796875,103.671875,103.6640625,103.671875,64.0
2025-06-19 22:02:00+00:00,103.671875,103.671875,103.66796875,103.66796875,15.0
2025-06-19 22:09:00+00:00,103.67578125,103.67578125,103.67578125,103.67578125,146.0
2025-06-19 22:10:00+00:00,103.67578125,103.67578125,103.67578125,103.67578125,280.0
2025-06-19 22:11:00+00:00,103.671875,103.671875,103.671875,103.671875,4.0
2025-06-19 22:17:00+00:00,103.66796875,103.671875,103.66796875,103.671875,270.0
2025-06-19 22:27:00+00:00,103.66796875,103.671875,103.66796875,103.671875,244.0
2025-06-19 22:34:00+00:00,103.66796875,103.671875,103.66796875,103.671875,32.0
2025-06-19 22:36:00+00:00,103.66796875,103.66796875,103.66796875,103.66796875,70.0
2025-06-19 22:39:00+00:00,103.671875,103.671875,103.671875,103.671875,25.0
2025-06-19 22:40:00+00:00,103.66796875,103.671875,103.66796875,103.66796875,84.0
2025-06-19 22:42:00+00:00,103.66796875,103.66796875,103.66796875,103.66796875,2.0
2025-06-19 22:43:00+00:00,103.66796875,103.66796875,103.66796875,103.66796875,129.0
2025-06-19 22:44:00+00:00,103.66796875,103.66796875,103.6640625,103.66796875,100.0
2025-06-19 22:45:00+00:00,103.66796875,103.66796875,103.6640625,103.6640625,7.0
2025-06-19 22:46:00+00:00,103.66796875,103.66796875,103.6640625,103.66796875,3.0
2025-06-19 22:50:00+00:00,103.66796875,103.66796875,103.66796875,103.66796875,136.0
2025-06-19 22:51:00+00:00,103.66796875,103.66796875,103.66796875,103.66796875,22.0
2025-06-19 22:54:00+00:00,103.671875,103.671875,103.671875,103.671875,44.0
2025-06-19 22:55:00+00:00,103.671875,103.671875,103.671875,103.671875,5.0
2025-06-19 22:57:00+00:00,103.671875,103.671875,103.671875,103.671875,19.0
2025-06-19 22:58:00+00:00,103.671875,103.671875,103.671875,103.671875,52.0
2025-06-19 22:59:00+00:00,103.671875,103.671875,103.671875,103.671875,8.0
2025-06-19 23:00:00+00:00,103.671875,103.671875,103.66796875,103.671875,17.0
2025-06-19 23:12:00+00:00,103.67578125,103.67578125,103.671875,103.671875,7.0
2025-06-19 23:23:00+00:00,103.67578125,103.67578125,103.67578125,103.67578125,330.0
2025-06-19 23:24:00+00:00,103.6796875,103.6796875,103.6796875,103.6796875,6.0
2025-06-19 23:26:00+00:00,103.6796875,103.6796875,103.6796875,103.6796875,3.0
2025-06-19 23:30:00+00:00,103.67578125,103.6796875,103.67578125,103.6796875,322.0
2025-06-19 23:31:00+00:00,103.6796875,103.6796875,103.6796875,103.6796875,86.0
2025-06-19 23:33:00+00:00,103.6796875,103.6796875,103.6796875,103.6796875,2.0
2025-06-19 23:35:00+00:00,103.67578125,103.6796875,103.67578125,103.6796875,5.0
2025-06-19 23:36:00+00:00,103.67578125,103.6796875,103.67578125,103.6796875,8.0
2025-06-19 23:40:00+00:00,103.67578125,103.67578125,103.67578125,103.67578125,47.0
2025-06-19 23:41:00+00:00,103.6796875,103.6796875,103.67578125,103.67578125,183.0
2025-06-19 23:42:00+00:00,103.6796875,103.6796875,103.6796875,103.6796875,80.0
2025-06-19 23:43:00+00:00,103.6796875,103.6796875,103.6796875,103.6796875,178.0
2025-06-19 23:44:00+00:00,103.6796875,103.6796875,103.6796875,103.6796875,35.0
2025-06-19 23:47:00+00:00,103.6796875,103.6796875,103.6796875,103.6796875,239.0
2025-06-19 23:48:00+00:00,103.6796875,103.6796875,103.67578125,103.6796875,60.0
2025-06-19 23:51:00+00:00,103.67578125,103.6796875,103.671875,103.67578125,107.0
2025-06-19 23:52:00+00:00,103.67578125,103.67578125,103.67578125,103.67578125,34.0
2025-06-19 23:53:00+00:00,103.67578125,103.67578125,103.67578125,103.67578125,61.0
2025-06-19 23:55:00+00:00,103.67578125,103.67578125,103.67578125,103.67578125,40.0
2025-06-20 00:00:00+00:00,103.68359375,103.68359375,103.6796875,103.6796875,95.0
2025-06-20 00:01:00+00:00,103.6796875,103.6796875,103.6796875,103.6796875,101.0
2025-06-20 00:02:00+00:00,103.68359375,103.68359375,103.68359375,103.68359375,2.0
2025-06-20 00:03:00+00:00,103.6796875,103.68359375,103.6796875,103.68359375,288.0
2025-06-20 00:04:00+00:00,103.68359375,103.68359375,103.6796875,103.68359375,6.0
2025-06-20 00:07:00+00:00,103.6796875,103.68359375,103.6796875,103.6796875,179.0
2025-06-20 00:10:00+00:00,103.671875,103.671875,103.671875,103.671875,0.0
2025-06-20 00:12:00+00:00,103.671875,103.671875,103.671875,103.671875,104125.0
2025-06-20 00:13:00+00:00,103.66796875,103.671875,103.66796875,103.66796875,158.0
2025-06-20 00:14:00+00:00,103.671875,103.671875,103.66796875,103.671875,63.0
2025-06-20 00:15:00+00:00,103.66796875,103.67578125,103.66796875,103.671875,186.0
2025-06-20 00:18:00+00:00,103.67578125,103.67578125,103.66796875,103.671875,305.0
2025-06-20 00:19:00+00:00,103.66796875,103.671875,103.66796875,103.671875,45.0
2025-06-20 00:20:00+00:00,103.671875,103.671875,103.671875,103.671875,121.0
2025-06-20 00:28:00+00:00,103.671875,103.671875,103.66796875,103.671875,8.0
2025-06-20 00:33:00+00:00,103.671875,103.671875,103.66796875,103.66796875,38.0
2025-06-20 00:34:00+00:00,103.671875,103.671875,103.66796875,103.671875,6.0
2025-06-20 00:35:00+00:00,103.671875,103.671875,103.671875,103.671875,20.0
2025-06-20 00:38:00+00:00,103.671875,103.671875,103.671875,103.671875,6.0
2025-06-20 00:39:00+00:00,103.671875,103.671875,103.66796875,103.66796875,51.0
2025-06-20 00:40:00+00:00,103.6640625,103.66796875,103.6640625,103.66796875,98.0
2025-06-20 00:41:00+00:00,103.66796875,103.66796875,103.6640625,103.66796875,133.0
2025-06-20 00:42:00+00:00,103.66796875,103.66796875,103.66796875,103.66796875,69.0
2025-06-20 00:44:00+00:00,103.66796875,103.66796875,103.66796875,103.66796875,37.0
2025-06-20 00:46:00+00:00,103.66796875,103.66796875,103.66796875,103.66796875,60.0
2025-06-20 00:47:00+00:00,103.6640625,103.6640625,103.66015625,103.6640625,41.0
2025-06-20 00:48:00+00:00,103.66015625,103.66015625,103.65625,103.66015625,68.0
2025-06-20 00:49:00+00:00,103.65625,103.66015625,103.65625,103.66015625,5.0
2025-06-20 00:50:00+00:00,103.66015625,103.66015625,103.65234375,103.65625,468.0
2025-06-20 00:55:00+00:00,103.66015625,103.66015625,103.66015625,103.66015625,303.0
2025-06-20 00:56:00+00:00,103.66015625,103.6640625,103.66015625,103.66015625,44.0
2025-06-20 00:58:00+00:00,103.6640625,103.6640625,103.66015625,103.6640625,9.0
2025-06-20 00:59:00+00:00,103.6640625,103.6640625,103.6640625,103.6640625,1.0
2025-06-20 01:00:00+00:00,103.6640625,103.6640625,103.66015625,103.6640625,246.0
2025-06-20 01:01:00+00:00,103.66015625,103.6640625,103.66015625,103.6640625,212.0
2025-06-20 01:02:00+00:00,103.6640625,103.6640625,103.66015625,103.6640625,14.0
2025-06-20 01:03:00+00:00,103.6640625,103.6640625,103.6640625,103.6640625,97.0
2025-06-20 01:04:00+00:00,103.6640625,103.6640625,103.66015625,103.6640625,165.0
2025-06-20 01:05:00+00:00,103.6640625,103.6640625,103.6640625,103.6640625,46.0
2025-06-20 01:06:00+00:00,103.671875,103.671875,103.66796875,103.66796875,254.0
2025-06-20 01:07:00+00:00,103.671875,103.67578125,103.671875,103.67578125,440.0
2025-06-20 01:08:00+00:00,103.671875,103.671875,103.671875,103.671875,166.0
2025-06-20 01:09:00+00:00,103.67578125,103.67578125,103.671875,103.671875,48.0
2025-06-20 01:10:00+00:00,103.67578125,103.67578125,103.671875,103.671875,62.0
2025-06-20 01:11:00+00:00,103.671875,103.671875,103.671875,103.671875,34.0
2025-06-20 01:13:00+00:00,103.66796875,103.671875,103.66796875,103.671875,97.0
2025-06-20 01:14:00+00:00,103.6640625,103.671875,103.6640625,103.66796875,10.0
2025-06-20 01:15:00+00:00,103.66796875,103.671875,103.6640625,103.66796875,115.0
2025-06-20 01:17:00+00:00,103.66015625,103.6640625,103.66015625,103.6640625,105.0
2025-06-20 01:18:00+00:00,103.6640625,103.6640625,103.6640625,103.6640625,5.0
2025-06-20 01:19:00+00:00,103.66796875,103.66796875,103.6640625,103.6640625,31.0
2025-06-20 01:20:00+00:00,103.6640625,103.6640625,103.6640625,103.6640625,82.0
2025-06-20 01:21:00+00:00,103.66015625,103.6640625,103.66015625,103.6640625,57.0
2025-06-20 01:22:00+00:00,103.6640625,103.6640625,103.6640625,103.6640625,77.0
2025-06-20 01:23:00+00:00,103.66796875,103.66796875,103.66796875,103.66796875,4.0
2025-06-20 01:24:00+00:00,103.66796875,103.66796875,103.6640625,103.66796875,87.0
2025-06-20 01:27:00+00:00,103.66796875,103.671875,103.66796875,103.66796875,213.0
2025-06-20 01:30:00+00:00,103.66796875,103.671875,103.66796875,103.671875,5.0
2025-06-20 01:31:00+00:00,103.66796875,103.671875,103.66796875,103.671875,130.0
2025-06-20 01:33:00+00:00,103.671875,103.671875,103.671875,103.671875,131.0
2025-06-20 01:34:00+00:00,103.671875,103.671875,103.671875,103.671875,59.0
2025-06-20 01:36:00+00:00,103.67578125,103.67578125,103.671875,103.671875,188.0
2025-06-20 01:37:00+00:00,103.67578125,103.67578125,103.67578125,103.67578125,111.0
2025-06-20 01:38:00+00:00,103.67578125,103.67578125,103.67578125,103.67578125,205.0
2025-06-20 01:39:00+00:00,103.67578125,103.67578125,103.67578125,103.67578125,172.0
2025-06-20 01:40:00+00:00,103.66796875,103.671875,103.66796875,103.671875,325.0
2025-06-20 01:43:00+00:00,103.671875,103.67578125,103.66796875,103.671875,216.0
2025-06-20 01:44:00+00:00,103.671875,103.671875,103.671875,103.671875,111.0
2025-06-20 01:45:00+00:00,103.671875,103.671875,103.671875,103.671875,70.0
2025-06-20 01:55:00+00:00,103.6640625,103.66796875,103.6640625,103.66796875,181.0
2025-06-20 01:57:00+00:00,103.6640625,103.6640625,103.6640625,103.6640625,49.0
2025-06-20 02:02:00+00:00,103.6640625,103.66796875,103.6640625,103.66796875,44.0
2025-06-20 02:03:00+00:00,103.66796875,103.66796875,103.66796875,103.66796875,47.0
2025-06-20 02:04:00+00:00,103.66796875,103.66796875,103.66796875,103.66796875,7.0
2025-06-20 02:09:00+00:00,103.6640625,103.6640625,103.6640625,103.6640625,0.0
2025-06-20 02:10:00+00:00,103.6640625,103.66796875,103.66015625,103.6640625,111517.0
2025-06-20 02:11:00+00:00,103.6640625,103.6640625,103.6640625,103.6640625,6.0
2025-06-20 02:18:00+00:00,103.6640625,103.671875,103.6640625,103.66796875,58.0
2025-06-20 02:19:00+00:00,103.66796875,103.66796875,103.66796875,103.66796875,26.0
2025-06-20 02:24:00+00:00,103.6640625,103.6640625,103.6640625,103.6640625,45.0
2025-06-20 02:27:00+00:00,103.6640625,103.6640625,103.6640625,103.6640625,70.0
2025-06-20 02:28:00+00:00,103.6640625,103.6640625,103.6640625,103.6640625,74.0
2025-06-20 02:29:00+00:00,103.6640625,103.6640625,103.6640625,103.6640625,51.0
2025-06-20 02:33:00+00:00,103.6640625,103.6640625,103.6640625,103.6640625,104.0
2025-06-20 02:37:00+00:00,103.6640625,103.6640625,103.6640625,103.6640625,2.0
2025-06-20 02:43:00+00:00,103.66796875,103.66796875,103.66796875,103.66796875,134.0
2025-06-20 02:47:00+00:00,103.6640625,103.6640625,103.6640625,103.6640625,402.0
2025-06-20 02:48:00+00:00,103.6640625,103.6640625,103.6640625,103.6640625,14.0
2025-06-20 02:52:00+00:00,103.6640625,103.6640625,103.6640625,103.6640625,25.0
2025-06-20 02:57:00+00:00,103.66796875,103.66796875,103.6640625,103.6640625,393.0
2025-06-20 03:00:00+00:00,103.6640625,103.6640625,103.6640625,103.6640625,37.0
2025-06-20 03:02:00+00:00,103.6640625,103.6640625,103.6640625,103.6640625,15.0
2025-06-20 03:09:00+00:00,103.66796875,103.66796875,103.66796875,103.66796875,57.0
2025-06-20 03:10:00+00:00,103.6640625,103.66796875,103.6640625,103.66796875,4.0
2025-06-20 03:14:00+00:00,103.6640625,103.671875,103.6640625,103.66796875,46.0
2025-06-20 03:16:00+00:00,103.66796875,103.671875,103.66796875,103.66796875,169.0
2025-06-20 03:18:00+00:00,103.671875,103.671875,103.6640625,103.66796875,137.0
2025-06-20 03:19:00+00:00,103.6640625,103.66796875,103.6640625,103.66796875,45.0
2025-06-20 03:30:00+00:00,103.6640625,103.6640625,103.6640625,103.6640625,3.0
2025-06-20 03:31:00+00:00,103.66796875,103.66796875,103.66796875,103.66796875,186.0
2025-06-20 03:32:00+00:00,103.66796875,103.66796875,103.66796875,103.66796875,144.0
2025-06-20 03:35:00+00:00,103.67578125,103.67578125,103.671875,103.671875,254.0
2025-06-20 03:36:00+00:00,103.66796875,103.66796875,103.66796875,103.66796875,72.0
2025-06-20 03:48:00+00:00,103.66796875,103.671875,103.66796875,103.671875,51.0
2025-06-20 03:49:00+00:00,103.671875,103.671875,103.671875,103.671875,40.0
2025-06-20 03:53:00+00:00,103.671875,103.671875,103.66796875,103.671875,70.0
2025-06-20 04:00:00+00:00,103.671875,103.671875,103.671875,103.671875,33.0
2025-06-20 04:01:00+00:00,103.671875,103.671875,103.671875,103.671875,24.0
2025-06-20 04:06:00+00:00,103.66796875,103.66796875,103.66796875,103.66796875,51.0
2025-06-20 04:08:00+00:00,103.671875,103.671875,103.671875,103.671875,28.0
2025-06-20 04:12:00+00:00,103.671875,103.671875,103.66796875,103.66796875,16.0
2025-06-20 04:27:00+00:00,103.66796875,103.671875,103.66796875,103.671875,2.0
2025-06-20 04:28:00+00:00,103.6640625,103.66796875,103.6640625,103.66796875,274.0
2025-06-20 04:31:00+00:00,103.671875,103.671875,103.66796875,103.66796875,62.0
2025-06-20 04:33:00+00:00,103.6640625,103.66796875,103.6640625,103.66796875,76.0
2025-06-20 04:34:00+00:00,103.6640625,103.6640625,103.6640625,103.6640625,71.0
2025-06-20 04:45:00+00:00,103.6640625,103.6640625,103.6640625,103.6640625,50.0
2025-06-20 04:46:00+00:00,103.66015625,103.6640625,103.66015625,103.6640625,241.0
2025-06-20 04:47:00+00:00,103.66015625,103.66015625,103.66015625,103.66015625,1.0
2025-06-20 04:54:00+00:00,103.66015625,103.6640625,103.66015625,103.6640625,122.0
2025-06-20 04:55:00+00:00,103.6640625,103.6640625,103.6640625,103.6640625,142.0
2025-06-20 04:57:00+00:00,103.6640625,103.66796875,103.6640625,103.6640625,100.0
2025-06-20 05:00:00+00:00,103.66015625,103.6640625,103.66015625,103.6640625,7.0
2025-06-20 05:14:00+00:00,103.65625,103.66015625,103.65625,103.66015625,68.0
2025-06-20 05:16:00+00:00,103.65625,103.65625,103.65234375,103.65625,72.0
2025-06-20 05:18:00+00:00,103.65234375,103.65234375,103.65234375,103.65234375,94.0
2025-06-20 05:19:00+00:00,103.64453125,103.6484375,103.64453125,103.6484375,378.0
2025-06-20 05:23:00+00:00,103.6484375,103.6484375,103.64453125,103.6484375,185.0
2025-06-20 05:26:00+00:00,103.65234375,103.65234375,103.64453125,103.6484375,297.0
2025-06-20 05:27:00+00:00,103.6484375,103.6484375,103.64453125,103.6484375,43.0
2025-06-20 05:30:00+00:00,103.6484375,103.6484375,103.6484375,103.6484375,150.0
2025-06-20 05:32:00+00:00,103.6484375,103.6484375,103.6484375,103.6484375,224.0
2025-06-20 05:33:00+00:00,103.6484375,103.6484375,103.64453125,103.64453125,7.0
2025-06-20 05:35:00+00:00,103.64453125,103.64453125,103.64453125,103.64453125,164.0
2025-06-20 05:36:00+00:00,103.6484375,103.6484375,103.6484375,103.6484375,412.0
2025-06-20 05:41:00+00:00,103.6484375,103.6484375,103.6484375,103.6484375,50.0
2025-06-20 05:42:00+00:00,103.6484375,103.65234375,103.6484375,103.65234375,28.0
2025-06-20 05:43:00+00:00,103.65234375,103.65234375,103.65234375,103.65234375,72.0
2025-06-20 05:48:00+00:00,103.65625,103.65625,103.65234375,103.65234375,10.0
2025-06-20 05:51:00+00:00,103.65625,103.65625,103.65625,103.65625,128.0
2025-06-20 05:52:00+00:00,103.65234375,103.65625,103.65234375,103.65625,236.0
2025-06-20 05:53:00+00:00,103.65234375,103.65234375,103.65234375,103.65234375,19.0
2025-06-20 05:55:00+00:00,103.65234375,103.65234375,103.65234375,103.65234375,68.0
2025-06-20 05:56:00+00:00,103.65234375,103.65625,103.65234375,103.65234375,240.0
2025-06-20 05:58:00+00:00,103.65625,103.65625,103.65625,103.65625,3.0
2025-06-20 06:00:00+00:00,103.65625,103.65625,103.65625,103.65625,528.0
2025-06-20 06:01:00+00:00,103.65625,103.65625,103.65625,103.65625,344.0
2025-06-20 06:02:00+00:00,103.65625,103.66015625,103.65234375,103.65625,248.0
2025-06-20 06:04:00+00:00,103.66015625,103.66015625,103.66015625,103.66015625,3.0
2025-06-20 06:05:00+00:00,103.66015625,103.66015625,103.65625,103.66015625,200.0
2025-06-20 06:06:00+00:00,103.66015625,103.66015625,103.66015625,103.66015625,106.0
2025-06-20 06:07:00+00:00,103.66015625,103.66015625,103.66015625,103.66015625,25.0
2025-06-20 06:08:00+00:00,103.66015625,103.66015625,103.66015625,103.66015625,120.0
2025-06-20 06:09:00+00:00,103.66015625,103.66015625,103.66015625,103.66015625,424.0
2025-06-20 06:11:00+00:00,103.6640625,103.6640625,103.6640625,103.6640625,111.0
2025-06-20 06:12:00+00:00,103.6640625,103.6640625,103.6640625,103.6640625,124.0
2025-06-20 06:13:00+00:00,103.66796875,103.66796875,103.66796875,103.66796875,553.0
2025-06-20 06:14:00+00:00,103.66796875,103.671875,103.6640625,103.66796875,369.0
2025-06-20 06:15:00+00:00,103.66796875,103.66796875,103.6640625,103.66796875,395.0
2025-06-20 06:16:00+00:00,103.66796875,103.671875,103.6640625,103.66796875,153.0
2025-06-20 06:17:00+00:00,103.66796875,103.66796875,103.6640625,103.66796875,142.0
2025-06-20 06:18:00+00:00,103.671875,103.671875,103.66796875,103.66796875,89.0
2025-06-20 06:24:00+00:00,103.671875,103.671875,103.66796875,103.671875,816.0
2025-06-20 06:25:00+00:00,103.671875,103.671875,103.671875,103.671875,149.0
2025-06-20 06:26:00+00:00,103.671875,103.671875,103.671875,103.671875,90.0
2025-06-20 06:27:00+00:00,103.671875,103.671875,103.671875,103.671875,122.0
2025-06-20 06:28:00+00:00,103.671875,103.671875,103.671875,103.671875,132.0
2025-06-20 06:29:00+00:00,103.671875,103.671875,103.671875,103.671875,62.0
2025-06-20 06:31:00+00:00,103.67578125,103.67578125,103.67578125,103.67578125,201.0
2025-06-20 06:32:00+00:00,103.67578125,103.67578125,103.67578125,103.67578125,57.0
2025-06-20 06:33:00+00:00,103.67578125,103.67578125,103.671875,103.67578125,29.0
2025-06-20 06:34:00+00:00,103.67578125,103.67578125,103.67578125,103.67578125,12.0
2025-06-20 06:35:00+00:00,103.671875,103.67578125,103.671875,103.67578125,32.0
2025-06-20 06:36:00+00:00,103.67578125,103.67578125,103.67578125,103.67578125,122.0
2025-06-20 06:38:00+00:00,103.6796875,103.6796875,103.67578125,103.67578125,1084.0
2025-06-20 06:39:00+00:00,103.671875,103.67578125,103.671875,103.67578125,168.0
2025-06-20 06:40:00+00:00,103.671875,103.671875,103.66796875,103.66796875,109.0
2025-06-20 06:41:00+00:00,103.671875,103.671875,103.66796875,103.671875,228.0
2025-06-20 06:42:00+00:00,103.6640625,103.66796875,103.6640625,103.66796875,446.0
2025-06-20 06:46:00+00:00,103.671875,103.671875,103.66796875,103.66796875,164.0
2025-06-20 06:47:00+00:00,103.671875,103.671875,103.671875,103.671875,309.0
2025-06-20 06:48:00+00:00,103.671875,103.671875,103.671875,103.671875,66.0
2025-06-20 06:49:00+00:00,103.671875,103.671875,103.66796875,103.671875,180.0
2025-06-20 06:50:00+00:00,103.671875,103.671875,103.66796875,103.671875,160.0
2025-06-20 06:52:00+00:00,103.671875,103.671875,103.671875,103.671875,150.0
2025-06-20 06:55:00+00:00,103.671875,103.67578125,103.66796875,103.671875,121.0
2025-06-20 06:56:00+00:00,103.67578125,103.67578125,103.67578125,103.67578125,52.0
2025-06-20 06:57:00+00:00,103.671875,103.671875,103.671875,103.671875,115.0
2025-06-20 06:59:00+00:00,103.671875,103.671875,103.671875,103.671875,197.0
2025-06-20 07:00:00+00:00,103.671875,103.671875,103.66796875,103.671875,151.0
2025-06-20 07:02:00+00:00,103.67578125,103.67578125,103.67578125,103.67578125,150.0
2025-06-20 07:03:00+00:00,103.67578125,103.67578125,103.671875,103.67578125,3.0
2025-06-20 07:04:00+00:00,103.67578125,103.67578125,103.67578125,103.67578125,226.0
2025-06-20 07:05:00+00:00,103.67578125,103.6796875,103.67578125,103.67578125,127.0
2025-06-20 07:07:00+00:00,103.67578125,103.67578125,103.67578125,103.67578125,118.0
2025-06-20 07:11:00+00:00,103.671875,103.67578125,103.66796875,103.671875,336.0
2025-06-20 07:12:00+00:00,103.671875,103.671875,103.671875,103.671875,69.0
2025-06-20 07:13:00+00:00,103.671875,103.671875,103.671875,103.671875,7.0
2025-06-20 07:14:00+00:00,103.67578125,103.67578125,103.671875,103.671875,2.0
2025-06-20 07:15:00+00:00,103.671875,103.671875,103.671875,103.671875,195.0
2025-06-20 07:17:00+00:00,103.671875,103.671875,103.671875,103.671875,63.0
2025-06-20 07:18:00+00:00,103.66796875,103.66796875,103.66796875,103.66796875,115.0
2025-06-20 07:21:00+00:00,103.6640625,103.6640625,103.6640625,103.6640625,26.0
2025-06-20 07:22:00+00:00,103.66796875,103.66796875,103.66796875,103.66796875,15.0
2025-06-20 07:23:00+00:00,103.671875,103.671875,103.6640625,103.66796875,197.0
2025-06-20 07:24:00+00:00,103.66796875,103.66796875,103.6640625,103.66796875,15.0
2025-06-20 07:25:00+00:00,103.6640625,103.66796875,103.6640625,103.66796875,40.0
2025-06-20 07:26:00+00:00,103.6640625,103.6640625,103.6640625,103.6640625,30.0
2025-06-20 07:27:00+00:00,103.66015625,103.66015625,103.66015625,103.66015625,111.0
2025-06-20 07:28:00+00:00,103.6640625,103.6640625,103.66015625,103.66015625,6.0
2025-06-20 07:29:00+00:00,103.6640625,103.6640625,103.66015625,103.66015625,355.0
2025-06-20 07:30:00+00:00,103.66015625,103.66015625,103.65625,103.66015625,211.0
2025-06-20 07:31:00+00:00,103.65625,103.65625,103.65625,103.65625,274.0
2025-06-20 07:32:00+00:00,103.65625,103.65625,103.65625,103.65625,59.0
2025-06-20 07:33:00+00:00,103.65625,103.65625,103.65234375,103.65625,141.0
2025-06-20 07:34:00+00:00,103.65625,103.66015625,103.65625,103.65625,48.0
2025-06-20 07:35:00+00:00,103.65625,103.65625,103.65625,103.65625,100.0
2025-06-20 07:36:00+00:00,103.65625,103.65625,103.65234375,103.65234375,26.0
2025-06-20 07:37:00+00:00,103.65234375,103.65234375,103.6484375,103.65234375,425.0
2025-06-20 07:38:00+00:00,103.65234375,103.65625,103.6484375,103.65234375,202.0
2025-06-20 07:39:00+00:00,103.65625,103.65625,103.65234375,103.65234375,156.0
2025-06-20 07:40:00+00:00,103.65234375,103.65234375,103.65234375,103.65234375,328.0
2025-06-20 07:41:00+00:00,103.65234375,103.65234375,103.65234375,103.65234375,37.0
2025-06-20 07:42:00+00:00,103.65234375,103.65234375,103.65234375,103.65234375,191.0
2025-06-20 07:43:00+00:00,103.65625,103.65625,103.65234375,103.65625,540.0
2025-06-20 07:44:00+00:00,103.65625,103.65625,103.65234375,103.65234375,82.0
2025-06-20 07:45:00+00:00,103.6484375,103.65234375,103.6484375,103.65234375,65.0
2025-06-20 07:48:00+00:00,103.65234375,103.65234375,103.6484375,103.6484375,123.0
2025-06-20 07:50:00+00:00,103.65234375,103.65234375,103.6484375,103.65234375,116.0
2025-06-20 07:51:00+00:00,103.65234375,103.65234375,103.6484375,103.65234375,11.0
2025-06-20 07:52:00+00:00,103.65234375,103.65625,103.65234375,103.65234375,329.0
2025-06-20 07:53:00+00:00,103.65234375,103.65234375,103.65234375,103.65234375,5.0
2025-06-20 07:54:00+00:00,103.65625,103.65625,103.6484375,103.65234375,178.0
2025-06-20 07:55:00+00:00,103.65234375,103.65625,103.6484375,103.65234375,91.0
2025-06-20 07:56:00+00:00,103.65234375,103.65234375,103.65234375,103.65234375,2.0
2025-06-20 07:58:00+00:00,103.65625,103.65625,103.65234375,103.65234375,165.0
2025-06-20 07:59:00+00:00,103.65625,103.65625,103.65234375,103.65234375,63.0
2025-06-20 08:01:00+00:00,103.65625,103.66015625,103.65234375,103.65625,415.0
2025-06-20 08:02:00+00:00,103.65625,103.65625,103.65625,103.65625,315.0
2025-06-20 08:03:00+00:00,103.65234375,103.65234375,103.65234375,103.65234375,403.0
2025-06-20 08:06:00+00:00,103.65234375,103.65625,103.65234375,103.65234375,189.0
2025-06-20 08:09:00+00:00,103.65234375,103.65234375,103.6484375,103.6484375,630.0
2025-06-20 08:11:00+00:00,103.6484375,103.65234375,103.6484375,103.6484375,114.0
2025-06-20 08:12:00+00:00,103.65234375,103.65234375,103.6484375,103.6484375,102.0
2025-06-20 08:13:00+00:00,103.6484375,103.6484375,103.6484375,103.6484375,151.0
2025-06-20 08:14:00+00:00,103.6484375,103.6484375,103.6484375,103.6484375,65.0
2025-06-20 08:15:00+00:00,103.6484375,103.6484375,103.64800262451172,103.6484375,1721.0
2025-06-20 08:18:00+00:00,103.6484375,103.6484375,103.6484375,103.6484375,456.0
2025-06-20 08:20:00+00:00,103.6484375,103.6484375,103.6484375,103.6484375,700.0
2025-06-20 08:21:00+00:00,103.6484375,103.6484375,103.6484375,103.6484375,105.0
2025-06-20 08:22:00+00:00,103.6484375,103.6484375,103.6484375,103.6484375,55.0
2025-06-20 08:26:00+00:00,103.640625,103.6484375,103.640625,103.64453125,344.0
2025-06-20 08:27:00+00:00,103.6484375,103.6484375,103.64453125,103.64453125,190.0
2025-06-20 08:28:00+00:00,103.6484375,103.6484375,103.6484375,103.6484375,29.0
2025-06-20 08:30:00+00:00,103.640625,103.64453125,103.640625,103.64453125,128.0
2025-06-20 08:31:00+00:00,103.64453125,103.64453125,103.640625,103.640625,136.0
2025-06-20 08:33:00+00:00,103.64453125,103.64453125,103.640625,103.640625,238.0
2025-06-20 08:34:00+00:00,103.63671875,103.64453125,103.63671875,103.640625,647.0
2025-06-20 08:35:00+00:00,103.640625,103.640625,103.63671875,103.640625,85.0
2025-06-20 08:37:00+00:00,103.64453125,103.64453125,103.64453125,103.64453125,534.0
2025-06-20 08:38:00+00:00,103.64453125,103.64453125,103.64453125,103.64453125,115.0
2025-06-20 08:39:00+00:00,103.640625,103.640625,103.63671875,103.640625,1796.0
2025-06-20 08:40:00+00:00,103.640625,103.640625,103.640625,103.640625,84.0
2025-06-20 08:41:00+00:00,103.640625,103.640625,103.640625,103.640625,147.0
2025-06-20 08:43:00+00:00,103.640625,103.640625,103.640625,103.640625,258.0
2025-06-20 08:45:00+00:00,103.640625,103.640625,103.640625,103.640625,251.0
2025-06-20 08:54:00+00:00,103.63671875,103.63671875,103.63671875,103.63671875,881.0
2025-06-20 08:57:00+00:00,103.640625,103.640625,103.640625,103.640625,617.0
2025-06-20 09:00:00+00:00,103.640625,103.640625,103.640625,103.640625,134.0
2025-06-20 09:01:00+00:00,103.63671875,103.63671875,103.63671875,103.63671875,45.0
2025-06-20 09:02:00+00:00,103.63671875,103.63671875,103.63671875,103.63671875,58.0
2025-06-20 09:05:00+00:00,103.63671875,103.63671875,103.63671875,103.63671875,105.0
2025-06-20 09:08:00+00:00,103.63671875,103.63671875,103.63671875,103.63671875,328.0
2025-06-20 09:14:00+00:00,103.6328125,103.63671875,103.6328125,103.63671875,589.0
2025-06-20 09:15:00+00:00,103.6328125,103.6328125,103.62890625,103.62890625,918.0
2025-06-20 09:16:00+00:00,103.62890625,103.62890625,103.62890625,103.62890625,361.0
2025-06-20 09:17:00+00:00,103.62890625,103.6328125,103.62890625,103.62890625,23.0
2025-06-20 09:18:00+00:00,103.6328125,103.6328125,103.6328125,103.6328125,687.0
2025-06-20 09:19:00+00:00,103.6328125,103.6328125,103.6328125,103.6328125,26.0
2025-06-20 09:25:00+00:00,103.6328125,103.63671875,103.6328125,103.63671875,8.0
2025-06-20 09:26:00+00:00,103.63671875,103.63671875,103.63671875,103.63671875,793.0
2025-06-20 09:27:00+00:00,103.63671875,103.63671875,103.63671875,103.63671875,54.0
2025-06-20 09:40:00+00:00,103.63671875,103.63671875,103.63671875,103.63671875,134.0
2025-06-20 09:41:00+00:00,103.63671875,103.63671875,103.6328125,103.63671875,111.0
2025-06-20 09:43:00+00:00,103.62890625,103.6328125,103.625,103.6328125,4256.0
2025-06-20 09:44:00+00:00,103.62890625,103.62890625,103.625,103.62890625,240.0
2025-06-20 09:45:00+00:00,103.62890625,103.62890625,103.62890625,103.62890625,530.0
2025-06-20 09:47:00+00:00,103.62890625,103.62890625,103.62890625,103.62890625,510.0
2025-06-20 09:49:00+00:00,103.62890625,103.62890625,103.625,103.625,125.0
2025-06-20 09:52:00+00:00,103.62890625,103.62890625,103.62890625,103.62890625,230.0
2025-06-20 09:54:00+00:00,103.62890625,103.62890625,103.62890625,103.62890625,5.0
2025-06-20 09:58:00+00:00,103.6328125,103.6328125,103.6328125,103.6328125,1102.0
2025-06-20 10:00:00+00:00,103.6328125,103.6328125,103.6328125,103.6328125,27.0
2025-06-20 10:01:00+00:00,103.6328125,103.6328125,103.6328125,103.6328125,52.0
2025-06-20 10:03:00+00:00,103.6328125,103.6328125,103.62890625,103.6328125,63.0
2025-06-20 10:04:00+00:00,103.62890625,103.62890625,103.62890625,103.62890625,387.0
2025-06-20 10:08:00+00:00,103.625,103.625,103.625,103.625,371.0
2025-06-20 10:09:00+00:00,103.62109375,103.625,103.62109375,103.625,440.0
2025-06-20 10:10:00+00:00,103.62109375,103.62109375,103.62109375,103.62109375,29.0
2025-06-20 10:11:00+00:00,103.62109375,103.62109375,103.62109375,103.62109375,3.0
2025-06-20 10:12:00+00:00,103.62109375,103.62109375,103.62109375,103.62109375,152.0
2025-06-20 10:13:00+00:00,103.62100219726562,103.62109375,103.62100219726562,103.62109375,103.0
2025-06-20 10:15:00+00:00,103.62109375,103.625,103.62109375,103.625,72.0
2025-06-20 10:16:00+00:00,103.62109375,103.62109375,103.62109375,103.62109375,6.0
2025-06-20 10:17:00+00:00,103.625,103.625,103.625,103.625,1546.0
2025-06-20 10:18:00+00:00,103.62890625,103.62890625,103.62890625,103.62890625,775.0
2025-06-20 10:20:00+00:00,103.625,103.625,103.625,103.625,73.0
2025-06-20 10:21:00+00:00,103.625,103.625,103.625,103.625,107.0
2025-06-20 10:22:00+00:00,103.62890625,103.62890625,103.62890625,103.62890625,420.0
2025-06-20 10:23:00+00:00,103.62890625,103.62890625,103.62890625,103.62890625,465.0
2025-06-20 10:25:00+00:00,103.6328125,103.63671875,103.6328125,103.6328125,2365.0
2025-06-20 10:26:00+00:00,103.63671875,103.640625,103.6328125,103.6328125,2966.0
2025-06-20 10:27:00+00:00,103.63671875,103.63671875,103.63671875,103.63671875,996.0
2025-06-20 10:31:00+00:00,103.63671875,103.640625,103.63671875,103.640625,405.0
2025-06-20 10:32:00+00:00,103.6328125,103.63671875,103.6328125,103.63671875,325.0
2025-06-20 10:34:00+00:00,103.6328125,103.6328125,103.6328125,103.6328125,123.0
2025-06-20 10:35:00+00:00,103.6328125,103.6328125,103.62890625,103.6328125,80.0
2025-06-20 10:36:00+00:00,103.62890625,103.62890625,103.62890625,103.62890625,94.0
2025-06-20 10:37:00+00:00,103.62890625,103.62890625,103.62890625,103.62890625,323.0
2025-06-20 10:38:00+00:00,103.6328125,103.6328125,103.62890625,103.62890625,710.0
2025-06-20 10:43:00+00:00,103.62890625,103.62890625,103.62890625,103.62890625,80.0
2025-06-20 10:44:00+00:00,103.6328125,103.6328125,103.6328125,103.6328125,501.0
2025-06-20 10:49:00+00:00,103.62890625,103.62890625,103.62890625,103.62890625,274.0
2025-06-20 10:52:00+00:00,103.62890625,103.62890625,103.62890625,103.62890625,48.0
2025-06-20 10:53:00+00:00,103.62890625,103.62890625,103.62890625,103.62890625,298.0
2025-06-20 10:54:00+00:00,103.62890625,103.62890625,103.62890625,103.62890625,756.0
2025-06-20 10:56:00+00:00,103.62890625,103.62890625,103.62890625,103.62890625,148.0
2025-06-20 10:59:00+00:00,103.62890625,103.62890625,103.62890625,103.62890625,695.0
2025-06-20 11:00:00+00:00,103.625,103.6328125,103.625,103.6328125,212.0
2025-06-20 11:01:00+00:00,103.625,103.625,103.625,103.625,13.0
2025-06-20 11:02:00+00:00,103.62890625,103.62890625,103.62890625,103.62890625,351.0
2025-06-20 11:04:00+00:00,103.625,103.625,103.625,103.625,178.0
2025-06-20 11:06:00+00:00,103.625,103.625,103.625,103.625,588.0
2025-06-20 11:08:00+00:00,103.625,103.625,103.625,103.625,440.0
2025-06-20 11:09:00+00:00,103.625,103.625,103.625,103.625,75.0
2025-06-20 11:10:00+00:00,103.625,103.625,103.625,103.625,127.0
2025-06-20 11:12:00+00:00,103.625,103.625,103.625,103.625,66.0
2025-06-20 11:15:00+00:00,103.62109375,103.625,103.62109375,103.625,227.0
2025-06-20 11:16:00+00:00,103.625,103.625,103.625,103.625,49.0
2025-06-20 11:17:00+00:00,103.62109375,103.62109375,103.62109375,103.62109375,431.0
2025-06-20 11:18:00+00:00,103.6171875,103.62109375,103.61328125,103.62109375,871.0
2025-06-20 11:19:00+00:00,103.625,103.625,103.6171875,103.6171875,1340.0
2025-06-20 11:20:00+00:00,103.62109375,103.62109375,103.62109375,103.62109375,368.0
2025-06-20 11:24:00+00:00,103.6171875,103.6171875,103.6171875,103.6171875,255.0
2025-06-20 11:27:00+00:00,103.61328125,103.6171875,103.61328125,103.61328125,11.0
2025-06-20 11:28:00+00:00,103.6171875,103.6171875,103.61328125,103.61328125,29.0
2025-06-20 11:30:00+00:00,103.61328125,103.61328125,103.609375,103.61328125,1031.0
2025-06-20 11:31:00+00:00,103.609375,103.61328125,103.609375,103.61328125,410.0
2025-06-20 11:32:00+00:00,103.60546875,103.609375,103.60546875,103.609375,717.0
2025-06-20 11:33:00+00:00,103.609375,103.609375,103.609375,103.609375,535.0
2025-06-20 11:35:00+00:00,103.60546875,103.609375,103.60546875,103.609375,298.0
2025-06-20 11:37:00+00:00,103.60546875,103.60546875,103.60546875,103.60546875,705.0
2025-06-20 11:38:00+00:00,103.60546875,103.60546875,103.60546875,103.60546875,7.0
2025-06-20 11:39:00+00:00,103.60546875,103.60546875,103.60546875,103.60546875,152.0
2025-06-20 11:41:00+00:00,103.6015625,103.6015625,103.6015625,103.6015625,203.0
2025-06-20 11:42:00+00:00,103.6015625,103.6015625,103.6015625,103.6015625,129.0
2025-06-20 11:43:00+00:00,103.61328125,103.61328125,103.60546875,103.60546875,3896.0
2025-06-20 11:44:00+00:00,103.609375,103.61328125,103.609375,103.61328125,1275.0
2025-06-20 11:45:00+00:00,103.60546875,103.609375,103.60546875,103.60546875,1611.0
2025-06-20 11:46:00+00:00,103.609375,103.609375,103.60546875,103.60546875,1315.0
2025-06-20 11:47:00+00:00,103.609375,103.609375,103.609375,103.609375,945.0
2025-06-20 11:48:00+00:00,103.6015625,103.60546875,103.6015625,103.60546875,473.0
2025-06-20 11:49:00+00:00,103.6015625,103.6015625,103.59765625,103.6015625,925.0
2025-06-20 11:50:00+00:00,103.6015625,103.6015625,103.6015625,103.6015625,612.0
2025-06-20 11:51:00+00:00,103.59765625,103.6015625,103.59765625,103.6015625,964.0
2025-06-20 11:52:00+00:00,103.59765625,103.6015625,103.59765625,103.59765625,140.0
2025-06-20 11:53:00+00:00,103.59765625,103.6015625,103.59765625,103.59765625,395.0
2025-06-20 11:54:00+00:00,103.59765625,103.59765625,103.59765625,103.59765625,1370.0
2025-06-20 11:55:00+00:00,103.59765625,103.59765625,103.59765625,103.59765625,96.0
2025-06-20 11:56:00+00:00,103.60546875,103.60546875,103.59765625,103.59765625,5444.0
2025-06-20 11:57:00+00:00,103.60546875,103.60546875,103.60546875,103.60546875,781.0
2025-06-20 11:58:00+00:00,103.6015625,103.6015625,103.6015625,103.6015625,1067.0
2025-06-20 11:59:00+00:00,103.6015625,103.6015625,103.6015625,103.6015625,220.0
2025-06-20 12:00:00+00:00,103.6015625,103.6015625,103.59765625,103.59765625,1032.0
2025-06-20 12:01:00+00:00,103.59375,103.59765625,103.59375,103.59765625,349.0
2025-06-20 12:02:00+00:00,103.6015625,103.6015625,103.59375,103.59375,353.0
2025-06-20 12:04:00+00:00,103.6015625,103.6015625,103.59765625,103.6015625,936.0
2025-06-20 12:05:00+00:00,103.59765625,103.6015625,103.59765625,103.6015625,2782.0
2025-06-20 12:06:00+00:00,103.6015625,103.6015625,103.59765625,103.59765625,4224.0
2025-06-20 12:07:00+00:00,103.59765625,103.59765625,103.59765625,103.59765625,615.0
2025-06-20 12:08:00+00:00,103.59765625,103.59765625,103.59375,103.59765625,579.0
2025-06-20 12:09:00+00:00,103.59765625,103.59765625,103.59375,103.59765625,224.0
2025-06-20 12:10:00+00:00,103.59765625,103.59765625,103.59375,103.59765625,242.0
2025-06-20 12:11:00+00:00,103.59765625,103.59765625,103.59765625,103.59765625,1706.0
2025-06-20 12:12:00+00:00,103.59765625,103.59765625,103.59375,103.59765625,1468.0
2025-06-20 12:13:00+00:00,103.59375,103.59765625,103.59375,103.59765625,240.0
2025-06-20 12:14:00+00:00,103.59375,103.59765625,103.59375,103.59765625,747.0
2025-06-20 12:16:00+00:00,103.59765625,103.59765625,103.59765625,103.59765625,969.0
2025-06-20 12:17:00+00:00,103.6015625,103.6015625,103.6015625,103.6015625,1201.0
2025-06-20 12:18:00+00:00,103.6015625,103.6015625,103.6015625,103.6015625,26.0
2025-06-20 12:19:00+00:00,103.6015625,103.6015625,103.59765625,103.6015625,3.0
2025-06-20 12:20:00+00:00,103.59375,103.59765625,103.59375,103.59765625,1516.0
2025-06-20 12:21:00+00:00,103.59765625,103.6015625,103.59765625,103.59765625,235.0
2025-06-20 12:22:00+00:00,103.59765625,103.6015625,103.59765625,103.59765625,423.0
2025-06-20 12:23:00+00:00,103.59765625,103.6015625,103.59765625,103.59765625,330.0
2025-06-20 12:24:00+00:00,103.59765625,103.6015625,103.59765625,103.59765625,1228.0
2025-06-20 12:25:00+00:00,103.59765625,103.59765625,103.59375,103.59765625,294.0
2025-06-20 12:26:00+00:00,103.59375,103.59375,103.58984375,103.59375,1425.0
2025-06-20 12:27:00+00:00,103.58984375,103.59375,103.58984375,103.58984375,109.0
2025-06-20 12:28:00+00:00,103.59375,103.59375,103.58984375,103.58984375,654.0
2025-06-20 12:29:00+00:00,103.58984375,103.59375,103.58984375,103.59375,334.0
2025-06-20 12:30:00+00:00,103.59375,103.59765625,103.58984375,103.58984375,1730.0
2025-06-20 12:31:00+00:00,103.59765625,103.59765625,103.59375,103.59375,235.0
2025-06-20 12:32:00+00:00,103.6015625,103.6015625,103.59375,103.59375,3120.0
2025-06-20 12:33:00+00:00,103.609375,103.62109375,103.6015625,103.6015625,12287.0
2025-06-20 12:34:00+00:00,103.640625,103.64453125,103.609375,103.609375,13628.0
2025-06-20 12:35:00+00:00,103.6328125,103.64453125,103.625,103.64453125,4314.0
2025-06-20 12:38:00+00:00,103.64453125,103.64453125,103.640625,103.640625,9375.0
2025-06-20 12:39:00+00:00,103.6484375,103.6484375,103.640625,103.640625,1542.0
2025-06-20 12:40:00+00:00,103.6484375,103.65234375,103.6484375,103.6484375,2156.0
2025-06-20 12:41:00+00:00,103.6328125,103.6484375,103.6328125,103.6484375,2402.0
2025-06-20 12:42:00+00:00,103.6328125,103.63671875,103.6328125,103.63671875,1677.0
2025-06-20 12:43:00+00:00,103.62109375,103.62890625,103.62109375,103.62890625,1948.0
2025-06-20 12:44:00+00:00,103.625,103.62890625,103.625,103.625,1187.0
2025-06-20 12:45:00+00:00,103.62890625,103.62890625,103.62890625,103.62890625,591.0
2025-06-20 12:46:00+00:00,103.62890625,103.62890625,103.62890625,103.62890625,294.0
2025-06-20 12:47:00+00:00,103.625,103.625,103.62109375,103.625,2119.0
2025-06-20 12:48:00+00:00,103.625,103.625,103.625,103.625,513.0
2025-06-20 12:49:00+00:00,103.6171875,103.625,103.6171875,103.625,957.0
2025-06-20 12:50:00+00:00,103.6171875,103.6171875,103.61328125,103.61328125,873.0
2025-06-20 12:51:00+00:00,103.6171875,103.6171875,103.61328125,103.61328125,666.0
2025-06-20 12:52:00+00:00,103.6171875,103.6171875,103.6171875,103.6171875,655.0
2025-06-20 12:53:00+00:00,103.62109375,103.62109375,103.6171875,103.6171875,545.0
2025-06-20 12:54:00+00:00,103.62109375,103.62109375,103.62109375,103.62109375,678.0
2025-06-20 12:55:00+00:00,103.62109375,103.62890625,103.62109375,103.625,1005.0
2025-06-20 12:56:00+00:00,103.625,103.625,103.62109375,103.62109375,457.0
2025-06-20 12:57:00+00:00,103.625,103.625,103.62109375,103.62109375,232.0
2025-06-20 12:58:00+00:00,103.62890625,103.62890625,103.62109375,103.625,1604.0
2025-06-20 12:59:00+00:00,103.62890625,103.62890625,103.62890625,103.62890625,817.0
2025-06-20 13:00:00+00:00,103.63671875,103.63671875,103.62890625,103.62890625,1062.0
2025-06-20 13:01:00+00:00,103.640625,103.640625,103.6328125,103.63671875,532.0
2025-06-20 13:02:00+00:00,103.640625,103.64453125,103.640625,103.640625,1629.0
2025-06-20 13:03:00+00:00,103.63671875,103.640625,103.63671875,103.640625,291.0
2025-06-20 13:08:00+00:00,103.64453125,103.64453125,103.64453125,103.64453125,2746.0
2025-06-20 13:09:00+00:00,103.640625,103.64453125,103.640625,103.64453125,192.0
2025-06-20 13:10:00+00:00,103.640625,103.640625,103.63671875,103.63671875,762.0
2025-06-20 13:11:00+00:00,103.63671875,103.640625,103.63671875,103.640625,865.0
2025-06-20 13:12:00+00:00,103.63671875,103.63671875,103.6328125,103.63671875,361.0
2025-06-20 13:13:00+00:00,103.63671875,103.640625,103.63671875,103.640625,551.0
2025-06-20 13:15:00+00:00,103.63671875,103.63671875,103.63671875,103.63671875,500.0
2025-06-20 13:16:00+00:00,103.63671875,103.640625,103.63671875,103.63671875,441.0
2025-06-20 13:17:00+00:00,103.63671875,103.63671875,103.63671875,103.63671875,630.0
2025-06-20 13:18:00+00:00,103.63671875,103.63671875,103.63671875,103.63671875,1859.0
2025-06-20 13:19:00+00:00,103.6328125,103.63671875,103.6328125,103.63671875,1274.0
2025-06-20 13:20:00+00:00,103.62890625,103.6328125,103.62890625,103.6328125,2483.0
2025-06-20 13:21:00+00:00,103.62890625,103.62890625,103.62890625,103.62890625,232.0
2025-06-20 13:23:00+00:00,103.6328125,103.6328125,103.62890625,103.62890625,572.0
2025-06-20 13:24:00+00:00,103.6328125,103.63671875,103.6328125,103.63671875,11.0
2025-06-20 13:25:00+00:00,103.63671875,103.63671875,103.6328125,103.63671875,408.0
2025-06-20 13:26:00+00:00,103.63671875,103.63671875,103.63671875,103.63671875,177.0
2025-06-20 13:27:00+00:00,103.6328125,103.63671875,103.6328125,103.63671875,90.0
2025-06-20 13:28:00+00:00,103.6328125,103.6328125,103.6328125,103.6328125,1180.0
2025-06-20 13:29:00+00:00,103.63671875,103.63671875,103.6328125,103.6328125,615.0
2025-06-20 13:30:00+00:00,103.640625,103.640625,103.63671875,103.63671875,756.0
2025-06-20 13:31:00+00:00,103.64453125,103.64453125,103.640625,103.640625,247.0
2025-06-20 13:34:00+00:00,103.640625,103.64453125,103.640625,103.64453125,3067.0
2025-06-20 13:35:00+00:00,103.640625,103.640625,103.640625,103.640625,1855.0
2025-06-20 13:36:00+00:00,103.64453125,103.64453125,103.640625,103.640625,214.0
2025-06-20 13:37:00+00:00,103.640625,103.64453125,103.640625,103.64453125,1300.0
2025-06-20 13:39:00+00:00,103.640625,103.640625,103.63671875,103.640625,24.0
2025-06-20 13:40:00+00:00,103.640625,103.640625,103.63671875,103.640625,325.0
2025-06-20 13:41:00+00:00,103.640625,103.640625,103.640625,103.640625,886.0
2025-06-20 13:42:00+00:00,103.640625,103.64453125,103.640625,103.640625,359.0
2025-06-20 13:43:00+00:00,103.63671875,103.640625,103.63671875,103.640625,149.0
2025-06-20 13:45:00+00:00,103.63671875,103.63671875,103.6328125,103.63671875,1149.0
2025-06-20 13:46:00+00:00,103.640625,103.640625,103.640625,103.640625,259.0
2025-06-20 13:47:00+00:00,103.640625,103.640625,103.640625,103.640625,92.0
2025-06-20 13:48:00+00:00,103.640625,103.64453125,103.63671875,103.63671875,1406.0
2025-06-20 13:49:00+00:00,103.640625,103.64453125,103.640625,103.640625,263.0
2025-06-20 13:50:00+00:00,103.640625,103.640625,103.640625,103.640625,544.0
2025-06-20 13:51:00+00:00,103.640625,103.640625,103.640625,103.640625,710.0
2025-06-20 13:52:00+00:00,103.640625,103.640625,103.640625,103.640625,101.0
2025-06-20 13:54:00+00:00,103.64453125,103.64453125,103.64453125,103.64453125,1876.0
2025-06-20 13:55:00+00:00,103.64453125,103.64453125,103.64453125,103.64453125,418.0
2025-06-20 13:56:00+00:00,103.64453125,103.6484375,103.64453125,103.64453125,264.0
2025-06-20 13:57:00+00:00,103.64453125,103.6484375,103.640625,103.64453125,876.0
2025-06-20 13:58:00+00:00,103.64453125,103.64453125,103.64453125,103.64453125,341.0
2025-06-20 13:59:00+00:00,103.640625,103.64453125,103.640625,103.64453125,684.0
2025-06-20 14:00:00+00:00,103.640625,103.64453125,103.640625,103.640625,20.0
2025-06-20 14:01:00+00:00,103.64453125,103.64453125,103.64453125,103.64453125,9.0
2025-06-20 14:02:00+00:00,103.640625,103.640625,103.640625,103.640625,289.0
2025-06-20 14:03:00+00:00,103.64453125,103.64453125,103.63671875,103.640625,407.0
2025-06-20 14:05:00+00:00,103.640625,103.64453125,103.640625,103.64453125,939.0
2025-06-20 14:08:00+00:00,103.64453125,103.64453125,103.64453125,103.64453125,1567.0
2025-06-20 14:10:00+00:00,103.64453125,103.64453125,103.64453125,103.64453125,88.0
2025-06-20 14:11:00+00:00,103.640625,103.64453125,103.640625,103.64453125,11.0
2025-06-20 14:12:00+00:00,103.63671875,103.640625,103.63671875,103.640625,395.0
2025-06-20 14:13:00+00:00,103.640625,103.640625,103.63671875,103.63671875,460.0
2025-06-20 14:14:00+00:00,103.640625,103.640625,103.6328125,103.640625,2198.0
2025-06-20 14:15:00+00:00,103.63671875,103.640625,103.63671875,103.640625,472.0
2025-06-20 14:16:00+00:00,103.63671875,103.640625,103.63671875,103.640625,1037.0
2025-06-20 14:18:00+00:00,103.63671875,103.640625,103.63671875,103.63671875,2112.0
2025-06-20 14:21:00+00:00,103.63671875,103.63671875,103.63671875,103.63671875,583.0
2025-06-20 14:22:00+00:00,103.63671875,103.63671875,103.6328125,103.63671875,1616.0
2025-06-20 14:24:00+00:00,103.63671875,103.640625,103.63671875,103.63671875,524.0
2025-06-20 14:25:00+00:00,103.64453125,103.64453125,103.63671875,103.63671875,1288.0
2025-06-20 14:26:00+00:00,103.64453125,103.64453125,103.64453125,103.64453125,815.0
2025-06-20 14:27:00+00:00,103.64453125,103.6484375,103.64453125,103.64453125,1174.0
2025-06-20 14:28:00+00:00,103.64453125,103.64453125,103.64453125,103.64453125,985.0
2025-06-20 14:29:00+00:00,103.6484375,103.6484375,103.64453125,103.64453125,389.0
2025-06-20 14:31:00+00:00,103.64453125,103.6484375,103.64453125,103.6484375,2.0
2025-06-20 14:32:00+00:00,103.64453125,103.64453125,103.64453125,103.64453125,1041.0
2025-06-20 14:35:00+00:00,103.63671875,103.63671875,103.63671875,103.63671875,366.0
2025-06-20 14:37:00+00:00,103.63671875,103.640625,103.63671875,103.63671875,41.0
2025-06-20 14:39:00+00:00,103.63671875,103.640625,103.63671875,103.640625,9.0
2025-06-20 14:40:00+00:00,103.64453125,103.64453125,103.63671875,103.63671875,1640.0
2025-06-20 14:41:00+00:00,103.64453125,103.64453125,103.64453125,103.64453125,1404.0
2025-06-20 14:42:00+00:00,103.64453125,103.6484375,103.640625,103.64453125,1361.0
2025-06-20 14:43:00+00:00,103.640625,103.6484375,103.640625,103.6484375,772.0
2025-06-20 14:44:00+00:00,103.64453125,103.6484375,103.640625,103.640625,559.0
2025-06-20 14:45:00+00:00,103.64453125,103.64453125,103.64453125,103.64453125,404.0
2025-06-20 14:46:00+00:00,103.640625,103.640625,103.63671875,103.640625,1192.0
2025-06-20 14:47:00+00:00,103.640625,103.640625,103.640625,103.640625,283.0
2025-06-20 14:48:00+00:00,103.640625,103.640625,103.640625,103.640625,291.0
2025-06-20 14:49:00+00:00,103.63671875,103.63671875,103.63671875,103.63671875,503.0
2025-06-20 14:50:00+00:00,103.640625,103.640625,103.63671875,103.63671875,285.0
2025-06-20 14:53:00+00:00,103.65234375,103.65234375,103.65234375,103.65234375,4861.0
2025-06-20 14:54:00+00:00,103.65625,103.65625,103.65234375,103.65234375,824.0
2025-06-20 14:55:00+00:00,103.65234375,103.65625,103.65234375,103.65625,32.0
2025-06-20 14:56:00+00:00,103.65234375,103.65625,103.65234375,103.65625,500.0
2025-06-20 14:57:00+00:00,103.65625,103.65625,103.65234375,103.65234375,517.0
2025-06-20 14:58:00+00:00,103.65234375,103.65234375,103.65234375,103.65234375,568.0
2025-06-20 14:59:00+00:00,103.65625,103.65625,103.65234375,103.65625,436.0
2025-06-20 15:00:00+00:00,103.66015625,103.66015625,103.65625,103.65625,1626.0
2025-06-20 15:01:00+00:00,103.671875,103.671875,103.6640625,103.6640625,1770.0
2025-06-20 15:02:00+00:00,103.671875,103.671875,103.671875,103.671875,2428.0
2025-06-20 15:03:00+00:00,103.67578125,103.67578125,103.671875,103.671875,4183.0
2025-06-20 15:04:00+00:00,103.6796875,103.6796875,103.671875,103.671875,1485.0
2025-06-20 15:05:00+00:00,103.67578125,103.6796875,103.671875,103.6796875,1131.0
2025-06-20 15:06:00+00:00,103.67578125,103.67578125,103.671875,103.67578125,270.0
2025-06-20 15:08:00+00:00,103.671875,103.67578125,103.671875,103.67578125,3471.0
2025-06-20 15:12:00+00:00,103.68359375,103.68359375,103.6796875,103.68359375,2213.0
2025-06-20 15:14:00+00:00,103.6796875,103.6796875,103.6796875,103.6796875,0.0
2025-06-20 15:15:00+00:00,103.6796875,103.6796875,103.6796875,103.6796875,391780.0
2025-06-20 15:17:00+00:00,103.6875,103.6875,103.68359375,103.68359375,1219.0
2025-06-20 15:19:00+00:00,103.68359375,103.68359375,103.68359375,103.68359375,734.0
2025-06-20 15:20:00+00:00,103.68359375,103.6875,103.68359375,103.68359375,1295.0
2025-06-20 15:23:00+00:00,103.6875,103.6875,103.6875,103.6875,2735.0
2025-06-20 15:24:00+00:00,103.69140625,103.69140625,103.6875,103.6875,2131.0
2025-06-20 15:25:00+00:00,103.6953125,103.6953125,103.6875,103.69140625,732.0
2025-06-20 15:26:00+00:00,103.6953125,103.6953125,103.6953125,103.6953125,728.0
2025-06-20 15:27:00+00:00,103.6953125,103.6953125,103.69140625,103.6953125,936.0
2025-06-20 15:28:00+00:00,103.69921875,103.69921875,103.6953125,103.6953125,2570.0
2025-06-20 15:29:00+00:00,103.69921875,103.69921875,103.6953125,103.69921875,1798.0
2025-06-20 15:30:00+00:00,103.69921875,103.69921875,103.6953125,103.69921875,404.0
2025-06-20 15:31:00+00:00,103.69921875,103.69921875,103.6953125,103.69921875,148.0
2025-06-20 15:32:00+00:00,103.69921875,103.69921875,103.6953125,103.69921875,789.0
2025-06-20 15:33:00+00:00,103.6953125,103.69921875,103.6953125,103.69921875,2147.0
2025-06-20 15:34:00+00:00,103.6953125,103.69921875,103.6953125,103.69921875,51.0
2025-06-20 15:36:00+00:00,103.69921875,103.69921875,103.69921875,103.69921875,1615.0
2025-06-20 15:37:00+00:00,103.69921875,103.69921875,103.6953125,103.6953125,1754.0
2025-06-20 15:38:00+00:00,103.703125,103.703125,103.69921875,103.69921875,1194.0
2025-06-20 15:40:00+00:00,103.703125,103.703125,103.703125,103.703125,1516.0
2025-06-20 15:41:00+00:00,103.703125,103.703125,103.703125,103.703125,1160.0
2025-06-20 15:42:00+00:00,103.703125,103.703125,103.69921875,103.703125,25.0
2025-06-20 15:43:00+00:00,103.703125,103.703125,103.69921875,103.703125,29.0
2025-06-20 15:44:00+00:00,103.703125,103.703125,103.69921875,103.703125,15.0
2025-06-20 15:46:00+00:00,103.69921875,103.69921875,103.6953125,103.69921875,935.0
2025-06-20 15:47:00+00:00,103.69921875,103.69921875,103.69921875,103.69921875,205.0
2025-06-20 15:49:00+00:00,103.6953125,103.6953125,103.6953125,103.6953125,412.0
2025-06-20 15:50:00+00:00,103.69921875,103.69921875,103.6953125,103.6953125,142.0
2025-06-20 15:51:00+00:00,103.6953125,103.69921875,103.6953125,103.6953125,460.0
2025-06-20 15:53:00+00:00,103.69921875,103.69921875,103.6953125,103.6953125,139.0
2025-06-20 15:54:00+00:00,103.6953125,103.69921875,103.6953125,103.69921875,805.0
2025-06-20 15:55:00+00:00,103.69921875,103.69921875,103.69921875,103.69921875,1128.0
2025-06-20 15:56:00+00:00,103.69921875,103.69921875,103.69921875,103.69921875,283.0
2025-06-20 15:57:00+00:00,103.69921875,103.69921875,103.69921875,103.69921875,134.0
2025-06-20 15:59:00+00:00,103.69921875,103.69921875,103.69921875,103.69921875,0.0
2025-06-20 16:00:00+00:00,103.703125,103.703125,103.69921875,103.69921875,423796.0
2025-06-20 16:01:00+00:00,103.70703125,103.70703125,103.69921875,103.703125,1119.0
2025-06-20 16:02:00+00:00,103.69921875,103.70703125,103.69921875,103.70703125,957.0
2025-06-20 16:03:00+00:00,103.703125,103.70703125,103.69921875,103.69921875,768.0
2025-06-20 16:04:00+00:00,103.70703125,103.70703125,103.703125,103.703125,367.0
2025-06-20 16:05:00+00:00,103.70703125,103.7109375,103.70703125,103.70703125,83.0
2025-06-20 16:07:00+00:00,103.7109375,103.7109375,103.70703125,103.70703125,802.0
2025-06-20 16:08:00+00:00,103.70703125,103.7109375,103.70703125,103.70703125,756.0
2025-06-20 16:09:00+00:00,103.70703125,103.70703125,103.70703125,103.70703125,1.0
2025-06-20 16:11:00+00:00,103.7109375,103.7109375,103.70703125,103.70703125,158.0
2025-06-20 16:12:00+00:00,103.7109375,103.7109375,103.70703125,103.7109375,31.0
2025-06-20 16:13:00+00:00,103.71484375,103.71484375,103.70703125,103.7109375,1251.0
2025-06-20 16:14:00+00:00,103.71484375,103.71484375,103.71484375,103.71484375,279.0
2025-06-20 16:15:00+00:00,103.71484375,103.71875,103.71484375,103.71484375,733.0
2025-06-20 16:16:00+00:00,103.71484375,103.71875,103.71484375,103.71875,30.0
2025-06-20 16:17:00+00:00,103.71875,103.71875,103.71484375,103.71875,5.0
2025-06-20 16:18:00+00:00,103.71875,103.71875,103.71484375,103.71875,24.0
2025-06-20 16:19:00+00:00,103.72265625,103.72265625,103.71875,103.71875,1057.0
2025-06-20 16:20:00+00:00,103.72265625,103.72265625,103.72265625,103.72265625,13.0
2025-06-20 16:21:00+00:00,103.72265625,103.7265625,103.72265625,103.72265625,1607.0
2025-06-20 16:22:00+00:00,103.72265625,103.7265625,103.71484375,103.7265625,3020.0
2025-06-20 16:23:00+00:00,103.73046875,103.73046875,103.72265625,103.72265625,1257.0
2025-06-20 16:24:00+00:00,103.7265625,103.73046875,103.7265625,103.7265625,2397.0
2025-06-20 16:25:00+00:00,103.734375,103.734375,103.7265625,103.7265625,1001.0
2025-06-20 16:26:00+00:00,103.7265625,103.73046875,103.72265625,103.73046875,897.0
2025-06-20 16:27:00+00:00,103.73046875,103.73046875,103.7265625,103.7265625,315.0
2025-06-20 16:29:00+00:00,103.7265625,103.73046875,103.7265625,103.7265625,968.0
2025-06-20 16:30:00+00:00,103.7265625,103.7265625,103.7265625,103.7265625,1.0
2025-06-20 16:32:00+00:00,103.7265625,103.7265625,103.7265625,103.7265625,12.0
2025-06-20 16:33:00+00:00,103.7265625,103.73046875,103.7265625,103.7265625,1329.0
2025-06-20 16:34:00+00:00,103.73046875,103.73046875,103.7265625,103.7265625,506.0
2025-06-20 16:35:00+00:00,103.7265625,103.73046875,103.7265625,103.73046875,185.0
2025-06-20 16:36:00+00:00,103.73046875,103.73046875,103.73046875,103.73046875,88.0
2025-06-20 16:37:00+00:00,103.7265625,103.73046875,103.7265625,103.7265625,316.0
2025-06-20 16:38:00+00:00,103.73046875,103.73046875,103.7265625,103.7265625,141.0
2025-06-20 16:39:00+00:00,103.72265625,103.7265625,103.72265625,103.7265625,356.0
2025-06-20 16:40:00+00:00,103.7265625,103.7265625,103.7265625,103.7265625,509.0
2025-06-20 16:41:00+00:00,103.7265625,103.7265625,103.7265625,103.7265625,293.0
2025-06-20 16:42:00+00:00,103.7265625,103.7265625,103.7265625,103.7265625,131.0
2025-06-20 16:43:00+00:00,103.7265625,103.7265625,103.7265625,103.7265625,247.0
2025-06-20 16:44:00+00:00,103.7265625,103.7265625,103.7265625,103.7265625,314.0
2025-06-20 16:45:00+00:00,103.7265625,103.7265625,103.7265625,103.7265625,147.0
2025-06-20 16:46:00+00:00,103.72265625,103.7265625,103.72265625,103.7265625,32.0
2025-06-20 16:47:00+00:00,103.7265625,103.7265625,103.7265625,103.7265625,811.0
2025-06-20 16:48:00+00:00,103.73046875,103.73046875,103.7265625,103.7265625,6.0
2025-06-20 16:49:00+00:00,103.73046875,103.73046875,103.73046875,103.73046875,9.0
2025-06-20 16:50:00+00:00,103.73046875,103.73046875,103.73046875,103.73046875,8.0
2025-06-20 16:51:00+00:00,103.73046875,103.73046875,103.73046875,103.73046875,24.0
2025-06-20 16:52:00+00:00,103.7265625,103.73046875,103.7265625,103.73046875,71.0
2025-06-20 16:53:00+00:00,103.73046875,103.73046875,103.7265625,103.73046875,75.0
2025-06-20 16:54:00+00:00,103.7265625,103.73046875,103.7265625,103.73046875,146.0
2025-06-20 16:55:00+00:00,103.73046875,103.73046875,103.7265625,103.73046875,308.0
2025-06-20 16:56:00+00:00,103.734375,103.734375,103.73046875,103.73046875,851.0
2025-06-20 16:57:00+00:00,103.73046875,103.73046875,103.73046875,103.73046875,501.0
2025-06-20 16:58:00+00:00,103.73046875,103.73046875,103.7265625,103.73046875,171.0
2025-06-20 16:59:00+00:00,103.7265625,103.73046875,103.7265625,103.73046875,56.0
2025-06-20 17:00:00+00:00,103.71875,103.7265625,103.71875,103.7265625,809.0
2025-06-20 17:01:00+00:00,103.7265625,103.7265625,103.72265625,103.72265625,440.0
2025-06-20 17:02:00+00:00,103.72265625,103.7265625,103.72265625,103.72265625,60.0
2025-06-20 17:03:00+00:00,103.72265625,103.7265625,103.72265625,103.7265625,1142.0
2025-06-20 17:04:00+00:00,103.7265625,103.7265625,103.72265625,103.72265625,62.0
2025-06-20 17:05:00+00:00,103.72265625,103.7265625,103.72265625,103.72265625,757.0
2025-06-20 17:06:00+00:00,103.72265625,103.72265625,103.72265625,103.72265625,345.0
2025-06-20 17:07:00+00:00,103.72265625,103.72265625,103.71875,103.72265625,508.0
2025-06-20 17:08:00+00:00,103.7265625,103.7265625,103.72265625,103.72265625,20.0
2025-06-20 17:09:00+00:00,103.72265625,103.7265625,103.72265625,103.7265625,80.0
2025-06-20 17:10:00+00:00,103.7265625,103.73046875,103.7265625,103.7265625,893.0
2025-06-20 17:11:00+00:00,103.7265625,103.7265625,103.7265625,103.7265625,1522.0
2025-06-20 17:12:00+00:00,103.7265625,103.7265625,103.7265625,103.7265625,768.0
2025-06-20 17:13:00+00:00,103.7265625,103.7265625,103.7265625,103.7265625,557.0
2025-06-20 17:14:00+00:00,103.7265625,103.7265625,103.7265625,103.7265625,20.0
2025-06-20 17:15:00+00:00,103.72265625,103.7265625,103.72265625,103.7265625,1490.0
2025-06-20 17:19:00+00:00,103.7265625,103.7265625,103.7265625,103.7265625,1251.0
2025-06-20 17:20:00+00:00,103.7265625,103.7265625,103.7265625,103.7265625,43.0
2025-06-20 17:21:00+00:00,103.73046875,103.73046875,103.73046875,103.73046875,675.0
2025-06-20 17:22:00+00:00,103.73046875,103.734375,103.73046875,103.734375,1299.0
2025-06-20 17:23:00+00:00,103.73046875,103.73046875,103.73046875,103.73046875,165.0
2025-06-20 17:24:00+00:00,103.73046875,103.73046875,103.73046875,103.73046875,2.0
2025-06-20 17:25:00+00:00,103.73046875,103.73046875,103.73046875,103.73046875,4.0
2025-06-20 17:26:00+00:00,103.73046875,103.73046875,103.7265625,103.7265625,11.0
2025-06-20 17:27:00+00:00,103.73046875,103.73046875,103.73046875,103.73046875,6.0
2025-06-20 17:28:00+00:00,103.73046875,103.734375,103.73046875,103.73046875,1993.0
2025-06-20 17:29:00+00:00,103.734375,103.734375,103.734375,103.734375,43.0
2025-06-20 17:30:00+00:00,103.73828125,103.73828125,103.734375,103.734375,1061.0
2025-06-20 17:31:00+00:00,103.73828125,103.73828125,103.734375,103.73828125,302.0
2025-06-20 17:32:00+00:00,103.73828125,103.73828125,103.734375,103.734375,163.0
2025-06-20 17:33:00+00:00,103.73828125,103.73828125,103.734375,103.734375,402.0
2025-06-20 17:34:00+00:00,103.73828125,103.73828125,103.73828125,103.73828125,396.0
2025-06-20 17:35:00+00:00,103.73828125,103.73828125,103.734375,103.73828125,332.0
2025-06-20 17:36:00+00:00,103.73046875,103.734375,103.7265625,103.734375,591.0
2025-06-20 17:37:00+00:00,103.73046875,103.73046875,103.73046875,103.73046875,151.0
2025-06-20 17:39:00+00:00,103.7265625,103.73046875,103.7265625,103.73046875,264.0
2025-06-20 17:40:00+00:00,103.73046875,103.73046875,103.73046875,103.73046875,391.0
2025-06-20 17:41:00+00:00,103.7265625,103.7265625,103.7265625,103.7265625,200.0
2025-06-20 17:42:00+00:00,103.72265625,103.7265625,103.72265625,103.7265625,668.0
2025-06-20 17:43:00+00:00,103.7265625,103.7265625,103.7265625,103.7265625,144.0
2025-06-20 17:44:00+00:00,103.7265625,103.7265625,103.7265625,103.7265625,54.0
2025-06-20 17:45:00+00:00,103.72265625,103.72265625,103.72265625,103.72265625,2443.0
2025-06-20 17:46:00+00:00,103.71875,103.71875,103.71875,103.71875,349.0
2025-06-20 17:47:00+00:00,103.71875,103.71875,103.71875,103.71875,876.0
2025-06-20 17:48:00+00:00,103.71875,103.71875,103.71875,103.71875,50.0
2025-06-20 17:50:00+00:00,103.71484375,103.71875,103.71484375,103.71875,6856.0
2025-06-20 17:51:00+00:00,103.71484375,103.71484375,103.71484375,103.71484375,254.0
2025-06-20 17:52:00+00:00,103.71484375,103.71875,103.71484375,103.71484375,53.0
2025-06-20 17:53:00+00:00,103.71484375,103.71875,103.71484375,103.71875,2691.0
2025-06-20 17:54:00+00:00,103.71484375,103.71484375,103.71484375,103.71484375,112.0
2025-06-20 17:57:00+00:00,103.703125,103.703125,103.703125,103.703125,0.0
2025-06-20 17:58:00+00:00,103.70703125,103.70703125,103.70703125,103.70703125,490324.0
2025-06-20 17:59:00+00:00,103.70703125,103.70703125,103.70703125,103.70703125,196.0
2025-06-20 18:00:00+00:00,103.7109375,103.7109375,103.70703125,103.70703125,810.0
2025-06-20 18:01:00+00:00,103.7109375,103.7109375,103.7109375,103.7109375,11.0
2025-06-20 18:03:00+00:00,103.71484375,103.71484375,103.7109375,103.7109375,362.0
2025-06-20 18:04:00+00:00,103.71484375,103.71484375,103.71484375,103.71484375,12.0
2025-06-20 18:05:00+00:00,103.71484375,103.71484375,103.71484375,103.71484375,49.0
2025-06-20 18:06:00+00:00,103.71484375,103.71484375,103.71484375,103.71484375,14.0
2025-06-20 18:07:00+00:00,103.71484375,103.71484375,103.71484375,103.71484375,10.0
2025-06-20 18:08:00+00:00,103.71484375,103.71484375,103.7109375,103.71484375,67.0
2025-06-20 18:09:00+00:00,103.71484375,103.71484375,103.7109375,103.71484375,170.0
2025-06-20 18:10:00+00:00,103.71484375,103.71484375,103.71484375,103.71484375,143.0
2025-06-20 18:12:00+00:00,103.7109375,103.71484375,103.7109375,103.7109375,156.0
2025-06-20 18:13:00+00:00,103.71484375,103.71484375,103.71484375,103.71484375,99.0
2025-06-20 18:14:00+00:00,103.71484375,103.71484375,103.7109375,103.7109375,611.0
2025-06-20 18:15:00+00:00,103.71875,103.71875,103.71875,103.71875,14.0
2025-06-20 18:16:00+00:00,103.71875,103.71875,103.71875,103.71875,1994.0
2025-06-20 18:17:00+00:00,103.71484375,103.71484375,103.71484375,103.71484375,212.0
2025-06-20 18:18:00+00:00,103.71484375,103.71484375,103.71484375,103.71484375,433.0
2025-06-20 18:19:00+00:00,103.71875,103.71875,103.71484375,103.71484375,83.0
2025-06-20 18:20:00+00:00,103.71484375,103.71875,103.71484375,103.71484375,197.0
2025-06-20 18:21:00+00:00,103.71875,103.71875,103.71875,103.71875,10.0
2025-06-20 18:22:00+00:00,103.71875,103.71875,103.71875,103.71875,15.0
2025-06-20 18:23:00+00:00,103.72265625,103.72265625,103.71875,103.71875,485.0
2025-06-20 18:24:00+00:00,103.71875,103.71875,103.71875,103.71875,714.0
2025-06-20 18:26:00+00:00,103.71875,103.71875,103.71875,103.71875,5.0
2025-06-20 18:27:00+00:00,103.71875,103.71875,103.71875,103.71875,16.0
2025-06-20 18:28:00+00:00,103.71875,103.71875,103.71875,103.71875,11.0
2025-06-20 18:29:00+00:00,103.71875,103.71875,103.71875,103.71875,6.0
2025-06-20 18:30:00+00:00,103.71484375,103.71875,103.71484375,103.71875,287.0
2025-06-20 18:31:00+00:00,103.71484375,103.71484375,103.71484375,103.71484375,32.0
2025-06-20 18:32:00+00:00,103.71484375,103.71484375,103.71484375,103.71484375,19.0
2025-06-20 18:35:00+00:00,103.71484375,103.71875,103.71484375,103.71875,2512.0
2025-06-20 18:36:00+00:00,103.71484375,103.71484375,103.71484375,103.71484375,114.0
2025-06-20 18:37:00+00:00,103.71484375,103.71484375,103.71484375,103.71484375,21.0
2025-06-20 18:38:00+00:00,103.7109375,103.71484375,103.7109375,103.71484375,697.0
2025-06-20 18:39:00+00:00,103.71484375,103.71484375,103.7109375,103.7109375,240.0
2025-06-20 18:40:00+00:00,103.71484375,103.71484375,103.7109375,103.71484375,23.0
2025-06-20 18:41:00+00:00,103.7109375,103.71484375,103.7109375,103.71484375,115.0
2025-06-20 18:42:00+00:00,103.7109375,103.71484375,103.70703125,103.71484375,296.0
2025-06-20 18:43:00+00:00,103.7109375,103.7109375,103.70703125,103.7109375,77.0
2025-06-20 18:44:00+00:00,103.70703125,103.7109375,103.70703125,103.7109375,663.0
2025-06-20 18:45:00+00:00,103.70703125,103.7109375,103.703125,103.7109375,355.0
2025-06-20 18:46:00+00:00,103.70703125,103.70703125,103.703125,103.70703125,30.0
2025-06-20 18:47:00+00:00,103.70703125,103.70703125,103.703125,103.703125,13.0
2025-06-20 18:48:00+00:00,103.703125,103.70703125,103.703125,103.70703125,991.0
2025-06-20 18:49:00+00:00,103.703125,103.70703125,103.703125,103.70703125,13.0
2025-06-20 18:50:00+00:00,103.70703125,103.7109375,103.70703125,103.70703125,617.0
2025-06-20 18:51:00+00:00,103.7109375,103.7109375,103.70703125,103.70703125,260.0
2025-06-20 18:52:00+00:00,103.7109375,103.7109375,103.70703125,103.70703125,23.0
2025-06-20 18:53:00+00:00,103.70703125,103.7109375,103.70703125,103.7109375,17.0
2025-06-20 18:54:00+00:00,103.7109375,103.7109375,103.70703125,103.7109375,56.0
2025-06-20 18:55:00+00:00,103.7109375,103.7109375,103.70703125,103.70703125,113.0
2025-06-20 18:56:00+00:00,103.7109375,103.7109375,103.70703125,103.70703125,1693.0
2025-06-20 18:57:00+00:00,103.70703125,103.7109375,103.70703125,103.7109375,380.0
2025-06-20 18:58:00+00:00,103.70703125,103.7109375,103.70703125,103.7109375,1051.0
2025-06-20 18:59:00+00:00,103.70703125,103.7109375,103.70703125,103.7109375,2061.0
2025-06-20 19:00:00+00:00,103.70703125,103.7109375,103.703125,103.7109375,2915.0
2025-06-20 19:04:00+00:00,103.70703125,103.7109375,103.70703125,103.7109375,2217.0
2025-06-20 19:05:00+00:00,103.7109375,103.7109375,103.70703125,103.7109375,29.0
2025-06-20 19:06:00+00:00,103.70703125,103.70703125,103.703125,103.70703125,197.0
2025-06-20 19:07:00+00:00,103.70703125,103.70703125,103.703125,103.70703125,19.0
2025-06-20 19:08:00+00:00,103.703125,103.70703125,103.703125,103.703125,41.0
2025-06-20 19:09:00+00:00,103.703125,103.70703125,103.703125,103.70703125,18.0
2025-06-20 19:10:00+00:00,103.70703125,103.70703125,103.70703125,103.70703125,13.0
2025-06-20 19:11:00+00:00,103.70703125,103.70703125,103.70703125,103.70703125,15.0
2025-06-20 19:12:00+00:00,103.70703125,103.7109375,103.70703125,103.70703125,1202.0
2025-06-20 19:13:00+00:00,103.7109375,103.7109375,103.7109375,103.7109375,10.0
2025-06-20 19:14:00+00:00,103.7109375,103.7109375,103.7109375,103.7109375,425.0
2025-06-20 19:15:00+00:00,103.7109375,103.7109375,103.7109375,103.7109375,84.0
2025-06-20 19:16:00+00:00,103.70703125,103.7109375,103.70703125,103.70703125,374.0
2025-06-20 19:17:00+00:00,103.70703125,103.7109375,103.70703125,103.70703125,775.0
2025-06-20 19:18:00+00:00,103.7109375,103.7109375,103.70703125,103.7109375,21.0
2025-06-20 19:19:00+00:00,103.7109375,103.7109375,103.70703125,103.7109375,601.0
2025-06-20 19:20:00+00:00,103.7109375,103.7109375,103.70703125,103.7109375,575.0
2025-06-20 19:21:00+00:00,103.7109375,103.7109375,103.7109375,103.7109375,649.0
2025-06-20 19:22:00+00:00,103.7109375,103.7109375,103.70703125,103.7109375,30.0
2025-06-20 19:23:00+00:00,103.7109375,103.7109375,103.70703125,103.7109375,16.0
2025-06-20 19:25:00+00:00,103.7109375,103.7109375,103.7109375,103.7109375,276.0
2025-06-20 19:26:00+00:00,103.7109375,103.71484375,103.7109375,103.7109375,81.0
2025-06-20 19:27:00+00:00,103.71484375,103.71484375,103.71484375,103.71484375,695.0
2025-06-20 19:28:00+00:00,103.71484375,103.71484375,103.7109375,103.71484375,77.0
2025-06-20 19:29:00+00:00,103.71484375,103.71484375,103.7109375,103.71484375,43.0
2025-06-20 19:30:00+00:00,103.7109375,103.71484375,103.7109375,103.71484375,726.0
2025-06-20 19:31:00+00:00,103.71484375,103.71484375,103.7109375,103.71484375,310.0
2025-06-20 19:32:00+00:00,103.7109375,103.71484375,103.7109375,103.7109375,341.0
2025-06-20 19:33:00+00:00,103.71484375,103.71484375,103.7109375,103.7109375,64.0
2025-06-20 19:34:00+00:00,103.71484375,103.71484375,103.7109375,103.7109375,225.0
2025-06-20 19:35:00+00:00,103.7109375,103.71484375,103.7109375,103.71484375,517.0
2025-06-20 19:36:00+00:00,103.7109375,103.71484375,103.7109375,103.71484375,12.0
2025-06-20 19:37:00+00:00,103.7109375,103.71484375,103.7109375,103.71484375,44.0
2025-06-20 19:38:00+00:00,103.70703125,103.7109375,103.70703125,103.7109375,699.0
2025-06-20 19:39:00+00:00,103.7109375,103.7109375,103.7109375,103.7109375,14.0
2025-06-20 19:40:00+00:00,103.70703125,103.7109375,103.70703125,103.7109375,11.0
2025-06-20 19:41:00+00:00,103.70703125,103.7109375,103.70703125,103.70703125,24.0
2025-06-20 19:43:00+00:00,103.7109375,103.7109375,103.70703125,103.7109375,22.0
2025-06-20 19:45:00+00:00,103.70703125,103.7109375,103.70703125,103.7109375,793.0
2025-06-20 19:46:00+00:00,103.70703125,103.70703125,103.70703125,103.70703125,138.0
2025-06-20 19:47:00+00:00,103.70703125,103.70703125,103.70703125,103.70703125,771.0
2025-06-20 19:48:00+00:00,103.70703125,103.70703125,103.70703125,103.70703125,483.0
2025-06-20 19:49:00+00:00,103.70703125,103.70703125,103.70703125,103.70703125,220.0
2025-06-20 19:50:00+00:00,103.70703125,103.70703125,103.70703125,103.70703125,378.0
2025-06-20 19:51:00+00:00,103.70703125,103.70703125,103.70703125,103.70703125,331.0
2025-06-20 19:52:00+00:00,103.69921875,103.703125,103.69921875,103.703125,231.0
2025-06-20 19:56:00+00:00,103.6953125,103.69921875,103.6953125,103.69921875,1107.0
2025-06-20 19:57:00+00:00,103.69921875,103.69921875,103.6953125,103.6953125,667.0
2025-06-20 19:58:00+00:00,103.69921875,103.703125,103.6953125,103.69921875,282.0
2025-06-20 19:59:00+00:00,103.7109375,103.7109375,103.69921875,103.69921875,1827.0
2025-06-20 20:00:00+00:00,103.7109375,103.71484375,103.703125,103.70703125,3108.0
2025-06-20 20:01:00+00:00,103.7109375,103.7109375,103.70703125,103.70703125,445.0
2025-06-20 20:02:00+00:00,103.70703125,103.70703125,103.70703125,103.70703125,2.0
2025-06-20 20:03:00+00:00,103.70703125,103.70703125,103.70703125,103.70703125,11.0
2025-06-20 20:05:00+00:00,103.7109375,103.7109375,103.7109375,103.7109375,2.0
2025-06-20 20:06:00+00:00,103.70703125,103.70703125,103.70703125,103.70703125,1262.0
2025-06-20 20:07:00+00:00,103.7109375,103.7109375,103.70703125,103.70703125,461.0
2025-06-20 20:08:00+00:00,103.7109375,103.7109375,103.70703125,103.70703125,59.0
2025-06-20 20:10:00+00:00,103.70703125,103.70703125,103.70703125,103.70703125,86.0
2025-06-20 20:14:00+00:00,103.7109375,103.7109375,103.7109375,103.7109375,316.0
2025-06-20 20:15:00+00:00,103.7109375,103.7109375,103.7109375,103.7109375,156.0
2025-06-20 20:16:00+00:00,103.7109375,103.7109375,103.7109375,103.7109375,4.0
2025-06-20 20:18:00+00:00,103.70703125,103.70703125,103.70703125,103.70703125,310.0
2025-06-20 20:19:00+00:00,103.703125,103.70703125,103.703125,103.70703125,577.0
2025-06-20 20:20:00+00:00,103.70703125,103.70703125,103.70703125,103.70703125,4.0
2025-06-20 20:21:00+00:00,103.703125,103.703125,103.703125,103.703125,124.0
2025-06-20 20:23:00+00:00,103.703125,103.703125,103.703125,103.703125,38.0
2025-06-20 20:25:00+00:00,103.70703125,103.70703125,103.70703125,103.70703125,221.0
2025-06-20 20:26:00+00:00,103.70703125,103.70703125,103.70703125,103.70703125,234.0
2025-06-20 20:27:00+00:00,103.70703125,103.70703125,103.70703125,103.70703125,28.0
2025-06-20 20:28:00+00:00,103.70703125,103.70703125,103.70703125,103.70703125,7.0
2025-06-20 20:29:00+00:00,103.70703125,103.70703125,103.70703125,103.70703125,14.0
2025-06-20 20:30:00+00:00,103.70703125,103.70703125,103.703125,103.703125,584.0
2025-06-20 20:31:00+00:00,103.703125,103.703125,103.703125,103.703125,247.0
2025-06-20 20:32:00+00:00,103.703125,103.70703125,103.703125,103.70703125,6.0
2025-06-20 20:33:00+00:00,103.70703125,103.70703125,103.70703125,103.70703125,37.0
2025-06-20 20:35:00+00:00,103.703125,103.703125,103.703125,103.703125,39.0
2025-06-20 20:36:00+00:00,103.70703125,103.70703125,103.70703125,103.70703125,561.0
2025-06-20 20:39:00+00:00,103.70703125,103.70703125,103.70703125,103.70703125,823.0
2025-06-20 20:40:00+00:00,103.70703125,103.7109375,103.70703125,103.70703125,318.0
2025-06-20 20:42:00+00:00,103.7109375,103.7109375,103.70703125,103.70703125,493.0
2025-06-20 20:43:00+00:00,103.70703125,103.70703125,103.70703125,103.70703125,42.0
2025-06-20 20:44:00+00:00,103.7109375,103.7109375,103.70703125,103.7109375,631.0
2025-06-20 20:45:00+00:00,103.7109375,103.7109375,103.7109375,103.7109375,369.0
2025-06-20 20:46:00+00:00,103.7109375,103.71484375,103.7109375,103.7109375,200.0
2025-06-20 20:47:00+00:00,103.7109375,103.7109375,103.7109375,103.7109375,96.0
2025-06-20 20:48:00+00:00,103.70703125,103.70703125,103.70703125,103.70703125,32.0
2025-06-20 20:49:00+00:00,103.7109375,103.7109375,103.70703125,103.70703125,351.0
2025-06-20 20:50:00+00:00,103.7109375,103.71484375,103.7109375,103.7109375,239.0
2025-06-20 20:51:00+00:00,103.7109375,103.7109375,103.7109375,103.7109375,1.0
2025-06-20 20:52:00+00:00,103.7109375,103.7109375,103.7109375,103.7109375,19.0
2025-06-20 20:53:00+00:00,103.7109375,103.71484375,103.7109375,103.71484375,6.0
2025-06-20 20:54:00+00:00,103.71484375,103.71484375,103.7109375,103.71484375,128.0
2025-06-20 20:55:00+00:00,103.7109375,103.71484375,103.7109375,103.7109375,424.0
2025-06-20 20:56:00+00:00,103.7109375,103.71484375,103.7109375,103.71484375,349.0
2025-06-20 20:57:00+00:00,103.7109375,103.71484375,103.70703125,103.71484375,705.0
2025-06-20 20:58:00+00:00,103.7109375,103.7109375,103.70703125,103.7109375,536.0
2025-06-20 20:59:00+00:00,103.70703125,103.7109375,103.703125,103.70703125,547609.0
