Datetime,Close,High,Low,Open,Volume
2025-06-16 17:24:00+00:00,113.09375,113.09375,113.0625,113.0625,0.0
2025-06-16 17:25:00+00:00,113.09375,113.09375,113.09375,113.09375,206.0
2025-06-16 17:26:00+00:00,113.09375,113.125,113.09375,113.09375,17.0
2025-06-16 17:27:00+00:00,113.125,113.15625,113.125,113.125,857.0
2025-06-16 17:29:00+00:00,113.125,113.125,113.09375,113.125,410.0
2025-06-16 17:30:00+00:00,113.09375,113.09375,113.09375,113.09375,362.0
2025-06-16 17:31:00+00:00,113.09375,113.09375,113.09375,113.09375,363.0
2025-06-16 17:32:00+00:00,113.09375,113.09375,113.0625,113.09375,81.0
2025-06-16 17:35:00+00:00,112.96875,112.96875,112.96875,112.96875,2452.0
2025-06-16 17:36:00+00:00,113.0,113.0,112.96875,113.0,217.0
2025-06-16 17:37:00+00:00,112.96875,113.0,112.96875,112.96875,874.0
2025-06-16 17:38:00+00:00,112.96875,113.0,112.96875,112.96875,163.0
2025-06-16 17:39:00+00:00,113.0,113.0,112.96875,112.96875,148.0
2025-06-16 17:40:00+00:00,112.90625,113.0,112.90625,112.96875,2996.0
2025-06-16 17:41:00+00:00,112.90625,112.9375,112.90625,112.90625,157.0
2025-06-16 17:42:00+00:00,112.875,112.90625,112.875,112.90625,3474.0
2025-06-16 17:43:00+00:00,112.875,112.875,112.84375,112.875,1316.0
2025-06-16 17:44:00+00:00,112.84375,112.90625,112.84375,112.90625,573.0
2025-06-16 17:45:00+00:00,112.84375,112.875,112.84375,112.875,951.0
2025-06-16 17:46:00+00:00,112.84375,112.84375,112.8125,112.84375,34.0
2025-06-16 17:47:00+00:00,112.8125,112.84375,112.8125,112.8125,109.0
2025-06-16 17:48:00+00:00,112.875,112.875,112.8125,112.84375,615.0
2025-06-16 17:49:00+00:00,112.90625,112.90625,112.875,112.875,1110.0
2025-06-16 17:50:00+00:00,112.84375,112.90625,112.84375,112.875,462.0
2025-06-16 17:51:00+00:00,112.84375,112.875,112.84375,112.84375,1008.0
2025-06-16 17:52:00+00:00,112.8125,112.875,112.8125,112.84375,934.0
2025-06-16 17:53:00+00:00,112.8125,112.84375,112.8125,112.8125,490.0
2025-06-16 17:54:00+00:00,112.8125,112.84375,112.8125,112.8125,567.0
2025-06-16 17:55:00+00:00,112.75,112.8125,112.75,112.8125,1773.0
2025-06-16 17:56:00+00:00,112.75,112.78125,112.75,112.78125,1366.0
2025-06-16 17:57:00+00:00,112.75,112.78125,112.75,112.75,1073.0
2025-06-16 17:58:00+00:00,112.75,112.78125,112.75,112.75,509.0
2025-06-16 17:59:00+00:00,112.78125,112.78125,112.75,112.75,1216.0
2025-06-16 18:00:00+00:00,112.78125,112.8125,112.78125,112.78125,1937.0
2025-06-16 18:01:00+00:00,112.78125,112.8125,112.78125,112.78125,1335.0
2025-06-16 18:02:00+00:00,112.75,112.78125,112.75,112.75,374.0
2025-06-16 18:03:00+00:00,112.8125,112.8125,112.75,112.78125,1131.0
2025-06-16 18:04:00+00:00,112.78125,112.8125,112.78125,112.78125,335.0
2025-06-16 18:05:00+00:00,112.75,112.8125,112.75,112.8125,1005.0
2025-06-16 18:08:00+00:00,112.75,112.78125,112.75,112.75,1448.0
2025-06-16 18:09:00+00:00,112.71875,112.75,112.71875,112.75,1796.0
2025-06-16 18:10:00+00:00,112.75,112.75,112.71875,112.71875,125.0
2025-06-16 18:11:00+00:00,112.71875,112.75,112.71875,112.71875,1130.0
2025-06-16 18:12:00+00:00,112.71875,112.75,112.71875,112.75,897.0
2025-06-16 18:13:00+00:00,112.71875,112.71875,112.6875,112.71875,148.0
2025-06-16 18:14:00+00:00,112.6875,112.71875,112.6875,112.6875,792.0
2025-06-16 18:15:00+00:00,112.71875,112.71875,112.71875,112.71875,1007.0
2025-06-16 18:16:00+00:00,112.71875,112.75,112.6875,112.6875,721.0
2025-06-16 18:17:00+00:00,112.6875,112.75,112.6875,112.75,2269.0
2025-06-16 18:18:00+00:00,112.65625,112.6875,112.65625,112.6875,1219.0
2025-06-16 18:19:00+00:00,112.65625,112.6875,112.625,112.65625,578.0
2025-06-16 18:20:00+00:00,112.6875,112.6875,112.65625,112.65625,296.0
2025-06-16 18:21:00+00:00,112.71875,112.71875,112.65625,112.6875,990.0
2025-06-16 18:22:00+00:00,112.6875,112.71875,112.6875,112.71875,650.0
2025-06-16 18:23:00+00:00,112.75,112.75,112.71875,112.71875,1884.0
2025-06-16 18:24:00+00:00,112.75,112.75,112.75,112.75,1.0
2025-06-16 18:27:00+00:00,112.71875,112.75,112.71875,112.71875,1546.0
2025-06-16 18:28:00+00:00,112.6875,112.71875,112.6875,112.71875,64.0
2025-06-16 18:29:00+00:00,112.6875,112.71875,112.6875,112.6875,662.0
2025-06-16 18:30:00+00:00,112.65625,112.6875,112.65625,112.6875,154.0
2025-06-16 18:31:00+00:00,112.6875,112.71875,112.6875,112.6875,455.0
2025-06-16 18:32:00+00:00,112.6875,112.6875,112.6875,112.6875,183.0
2025-06-16 18:33:00+00:00,112.65625,112.6875,112.65625,112.6875,338.0
2025-06-16 18:34:00+00:00,112.6875,112.71875,112.6875,112.6875,1303.0
2025-06-16 18:35:00+00:00,112.6875,112.6875,112.65625,112.65625,535.0
2025-06-16 18:36:00+00:00,112.65625,112.6875,112.65625,112.65625,40.0
2025-06-16 18:37:00+00:00,112.6875,112.6875,112.65625,112.6875,458.0
2025-06-16 18:38:00+00:00,112.75,112.75,112.71875,112.71875,447.0
2025-06-16 18:39:00+00:00,112.71875,112.71875,112.71875,112.71875,40.0
2025-06-16 18:40:00+00:00,112.75,112.75,112.71875,112.75,357.0
2025-06-16 18:41:00+00:00,112.78125,112.78125,112.75,112.75,174.0
2025-06-16 18:42:00+00:00,112.75,112.78125,112.75,112.75,510.0
2025-06-16 18:43:00+00:00,112.75,112.78125,112.75,112.78125,229.0
2025-06-16 18:44:00+00:00,112.78125,112.78125,112.75,112.75,56.0
2025-06-16 18:45:00+00:00,112.71875,112.75,112.71875,112.75,1246.0
2025-06-16 18:46:00+00:00,112.71875,112.71875,112.6875,112.71875,863.0
2025-06-16 18:49:00+00:00,112.71875,112.75,112.71875,112.71875,1051.0
2025-06-16 18:50:00+00:00,112.75,112.75,112.71875,112.71875,121.0
2025-06-16 18:51:00+00:00,112.75,112.75,112.71875,112.71875,207.0
2025-06-16 18:52:00+00:00,112.71875,112.75,112.71875,112.75,58.0
2025-06-16 18:53:00+00:00,112.75,112.75,112.71875,112.75,246.0
2025-06-16 18:54:00+00:00,112.71875,112.75,112.71875,112.75,154.0
2025-06-16 18:55:00+00:00,112.6875,112.75,112.6875,112.71875,2512.0
2025-06-16 18:56:00+00:00,112.6875,112.75,112.6875,112.71875,579.0
2025-06-16 18:57:00+00:00,112.71875,112.71875,112.6875,112.6875,148.0
2025-06-16 18:58:00+00:00,112.71875,112.71875,112.6875,112.6875,2703.0
2025-06-16 18:59:00+00:00,112.625,112.71875,112.625,112.6875,3877.0
2025-06-16 19:00:00+00:00,112.59375,112.6875,112.59375,112.625,3556.0
2025-06-16 19:01:00+00:00,112.59375,112.625,112.5625,112.59375,3046.0
2025-06-16 19:04:00+00:00,112.5625,112.59375,112.5625,112.59375,1370.0
2025-06-16 19:05:00+00:00,112.59375,112.59375,112.5625,112.5625,927.0
2025-06-16 19:06:00+00:00,112.625,112.625,112.59375,112.59375,222.0
2025-06-16 19:07:00+00:00,112.625,112.65625,112.625,112.625,1320.0
2025-06-16 19:08:00+00:00,112.625,112.625,112.625,112.625,668.0
2025-06-16 19:09:00+00:00,112.625,112.625,112.59375,112.625,580.0
2025-06-16 19:10:00+00:00,112.59375,112.625,112.59375,112.625,624.0
2025-06-16 19:11:00+00:00,112.5625,112.5625,112.5625,112.5625,52.0
2025-06-16 19:12:00+00:00,112.5625,112.59375,112.5625,112.59375,2.0
2025-06-16 19:13:00+00:00,112.59375,112.59375,112.5625,112.59375,212.0
2025-06-16 19:14:00+00:00,112.59375,112.59375,112.5625,112.59375,353.0
2025-06-16 19:15:00+00:00,112.625,112.625,112.625,112.625,11.0
2025-06-16 19:16:00+00:00,112.625,112.625,112.59375,112.625,133.0
2025-06-16 19:17:00+00:00,112.59375,112.625,112.59375,112.625,1108.0
2025-06-16 19:18:00+00:00,112.625,112.65625,112.625,112.625,766.0
2025-06-16 19:19:00+00:00,112.65625,112.65625,112.625,112.625,210.0
2025-06-16 19:20:00+00:00,112.65625,112.65625,112.65625,112.65625,1.0
2025-06-16 19:21:00+00:00,112.65625,112.65625,112.625,112.65625,16.0
2025-06-16 19:24:00+00:00,112.65625,112.65625,112.625,112.65625,72.0
2025-06-16 19:25:00+00:00,112.65625,112.65625,112.625,112.65625,21.0
2025-06-16 19:26:00+00:00,112.65625,112.65625,112.625,112.65625,19.0
2025-06-16 19:27:00+00:00,112.59375,112.65625,112.59375,112.65625,577.0
2025-06-16 19:28:00+00:00,112.59375,112.625,112.59375,112.59375,508.0
2025-06-16 19:29:00+00:00,112.625,112.625,112.59375,112.59375,685.0
2025-06-16 19:30:00+00:00,112.6875,112.6875,112.625,112.625,694.0
2025-06-16 19:31:00+00:00,112.65625,112.6875,112.65625,112.65625,518.0
2025-06-16 19:32:00+00:00,112.65625,112.6875,112.65625,112.6875,2.0
2025-06-16 19:33:00+00:00,112.625,112.6875,112.625,112.65625,477.0
2025-06-16 19:34:00+00:00,112.625,112.625,112.625,112.625,22.0
2025-06-16 19:35:00+00:00,112.65625,112.65625,112.625,112.625,262.0
2025-06-16 19:36:00+00:00,112.59375,112.625,112.59375,112.625,471.0
2025-06-16 19:37:00+00:00,112.625,112.625,112.59375,112.59375,13.0
2025-06-16 19:38:00+00:00,112.65625,112.65625,112.59375,112.625,425.0
2025-06-16 19:42:00+00:00,112.65625,112.65625,112.625,112.625,1856.0
2025-06-16 19:43:00+00:00,112.625,112.625,112.625,112.625,152.0
2025-06-16 19:44:00+00:00,112.59375,112.625,112.59375,112.625,16.0
2025-06-16 19:45:00+00:00,112.625,112.65625,112.625,112.625,313.0
2025-06-16 19:46:00+00:00,112.65625,112.65625,112.625,112.625,932.0
2025-06-16 19:47:00+00:00,112.65625,112.6875,112.65625,112.65625,778.0
2025-06-16 19:48:00+00:00,112.65625,112.6875,112.65625,112.6875,102.0
2025-06-16 19:49:00+00:00,112.625,112.65625,112.625,112.65625,1129.0
2025-06-16 19:50:00+00:00,112.65625,112.65625,112.59375,112.59375,163.0
2025-06-16 19:51:00+00:00,112.65625,112.65625,112.625,112.65625,101.0
2025-06-16 19:52:00+00:00,112.65625,112.65625,112.65625,112.65625,224.0
2025-06-16 19:53:00+00:00,112.625,112.65625,112.625,112.65625,427.0
2025-06-16 19:54:00+00:00,112.65625,112.65625,112.65625,112.65625,7.0
2025-06-16 19:57:00+00:00,112.65625,112.65625,112.59375,112.625,1538.0
2025-06-16 19:58:00+00:00,112.625,112.65625,112.59375,112.65625,610.0
2025-06-16 19:59:00+00:00,112.59375,112.625,112.5625,112.625,3325.0
2025-06-16 20:00:00+00:00,112.65625,112.65625,112.59375,112.625,3095.0
2025-06-16 20:01:00+00:00,112.625,112.65625,112.625,112.625,9.0
2025-06-16 20:02:00+00:00,112.59375,112.625,112.59375,112.625,597.0
2025-06-16 20:03:00+00:00,112.59375,112.625,112.59375,112.625,181.0
2025-06-16 20:04:00+00:00,112.59375,112.625,112.59375,112.625,582.0
2025-06-16 20:05:00+00:00,112.625,112.625,112.59375,112.59375,738.0
2025-06-16 20:06:00+00:00,112.625,112.625,112.625,112.625,737.0
2025-06-16 20:07:00+00:00,112.65625,112.65625,112.625,112.625,91.0
2025-06-16 20:08:00+00:00,112.625,112.625,112.625,112.625,10.0
2025-06-16 20:10:00+00:00,112.625,112.65625,112.625,112.65625,12.0
2025-06-16 20:12:00+00:00,112.625,112.65625,112.625,112.625,65.0
2025-06-16 20:13:00+00:00,112.625,112.65625,112.625,112.625,11.0
2025-06-16 20:14:00+00:00,112.625,112.65625,112.625,112.625,242.0
2025-06-16 20:15:00+00:00,112.625,112.625,112.625,112.625,1046.0
2025-06-16 20:16:00+00:00,112.625,112.65625,112.625,112.65625,171.0
2025-06-16 20:17:00+00:00,112.625,112.65625,112.625,112.65625,50.0
2025-06-16 20:18:00+00:00,112.625,112.625,112.625,112.625,24.0
2025-06-16 20:19:00+00:00,112.625,112.625,112.59375,112.59375,40.0
2025-06-16 20:20:00+00:00,112.625,112.625,112.59375,112.625,43.0
2025-06-16 20:21:00+00:00,112.625,112.625,112.59375,112.59375,23.0
2025-06-16 20:22:00+00:00,112.59375,112.625,112.59375,112.625,24.0
2025-06-16 20:23:00+00:00,112.625,112.625,112.59375,112.59375,72.0
2025-06-16 20:24:00+00:00,112.59375,112.625,112.59375,112.59375,41.0
2025-06-16 20:25:00+00:00,112.59375,112.625,112.59375,112.59375,39.0
2025-06-16 20:26:00+00:00,112.625,112.625,112.59375,112.625,42.0
2025-06-16 20:27:00+00:00,112.59375,112.59375,112.59375,112.59375,13.0
2025-06-16 20:28:00+00:00,112.625,112.625,112.59375,112.625,154.0
2025-06-16 20:29:00+00:00,112.625,112.65625,112.59375,112.59375,959.0
2025-06-16 20:30:00+00:00,112.625,112.625,112.59375,112.59375,26.0
2025-06-16 20:31:00+00:00,112.59375,112.625,112.59375,112.625,398.0
2025-06-16 20:32:00+00:00,112.625,112.625,112.59375,112.625,174.0
2025-06-16 20:33:00+00:00,112.625,112.625,112.59375,112.59375,205.0
2025-06-16 20:34:00+00:00,112.625,112.625,112.59375,112.59375,69.0
2025-06-16 20:35:00+00:00,112.625,112.625,112.59375,112.625,65.0
2025-06-16 20:36:00+00:00,112.625,112.625,112.59375,112.625,428.0
2025-06-16 20:37:00+00:00,112.65625,112.65625,112.625,112.625,136.0
2025-06-16 20:38:00+00:00,112.625,112.65625,112.625,112.625,39.0
2025-06-16 20:41:00+00:00,112.625,112.625,112.625,112.625,821.0
2025-06-16 20:42:00+00:00,112.6875,112.6875,112.625,112.65625,1209.0
2025-06-16 20:43:00+00:00,112.6875,112.6875,112.65625,112.6875,472.0
2025-06-16 20:44:00+00:00,112.6875,112.6875,112.65625,112.6875,303.0
2025-06-16 20:45:00+00:00,112.6875,112.6875,112.6875,112.6875,247.0
2025-06-16 20:46:00+00:00,112.6875,112.6875,112.65625,112.6875,296.0
2025-06-16 20:47:00+00:00,112.71875,112.71875,112.6875,112.6875,696.0
2025-06-16 20:48:00+00:00,112.6875,112.71875,112.6875,112.71875,2270.0
2025-06-16 20:49:00+00:00,112.75,112.75,112.71875,112.71875,950.0
2025-06-16 20:50:00+00:00,112.71875,112.75,112.71875,112.75,198.0
2025-06-16 20:51:00+00:00,112.71875,112.75,112.71875,112.71875,322.0
2025-06-16 20:52:00+00:00,112.75,112.75,112.71875,112.71875,1236.0
2025-06-16 20:53:00+00:00,112.78125,112.78125,112.75,112.78125,342.0
2025-06-16 20:54:00+00:00,112.75,112.78125,112.75,112.75,352.0
2025-06-16 20:55:00+00:00,112.78125,112.78125,112.75,112.75,159.0
2025-06-16 20:56:00+00:00,112.78125,112.78125,112.78125,112.78125,588.0
2025-06-16 20:57:00+00:00,112.75,112.75,112.75,112.75,391.0
2025-06-16 20:58:00+00:00,112.78125,112.78125,112.78125,112.78125,458.0
2025-06-16 20:59:00+00:00,112.75,112.78125,112.75,112.78125,684.0
2025-06-16 22:00:00+00:00,112.78125,112.78125,112.75,112.75,0.0
2025-06-16 22:01:00+00:00,112.71875,112.78125,112.71875,112.78125,106.0
2025-06-16 22:02:00+00:00,112.6875,112.71875,112.6875,112.71875,9.0
2025-06-16 22:03:00+00:00,112.71875,112.71875,112.6875,112.6875,5.0
2025-06-16 22:04:00+00:00,112.6875,112.6875,112.6875,112.6875,1.0
2025-06-16 22:05:00+00:00,112.6875,112.6875,112.6875,112.6875,4.0
2025-06-16 22:07:00+00:00,112.6875,112.71875,112.6875,112.71875,13.0
2025-06-16 22:08:00+00:00,112.6875,112.71875,112.6875,112.6875,38.0
2025-06-16 22:09:00+00:00,112.65625,112.6875,112.65625,112.6875,72.0
2025-06-16 22:10:00+00:00,112.6875,112.6875,112.65625,112.65625,7.0
2025-06-16 22:11:00+00:00,112.6875,112.6875,112.6875,112.6875,3.0
2025-06-16 22:12:00+00:00,112.6875,112.6875,112.6875,112.6875,248.0
2025-06-16 22:16:00+00:00,112.65625,112.6875,112.65625,112.6875,32.0
2025-06-16 22:19:00+00:00,112.6875,112.6875,112.6875,112.6875,87.0
2025-06-16 22:20:00+00:00,112.71875,112.71875,112.71875,112.71875,1.0
2025-06-16 22:22:00+00:00,112.71875,112.71875,112.71875,112.71875,15.0
2025-06-16 22:23:00+00:00,112.71875,112.71875,112.71875,112.71875,3.0
2025-06-16 22:25:00+00:00,112.71875,112.71875,112.71875,112.71875,2.0
2025-06-16 22:28:00+00:00,112.71875,112.71875,112.6875,112.6875,3.0
2025-06-16 22:32:00+00:00,112.78125,112.78125,112.71875,112.71875,364.0
2025-06-16 22:33:00+00:00,112.8125,112.84375,112.78125,112.78125,65.0
2025-06-16 22:34:00+00:00,112.78125,112.8125,112.78125,112.8125,28.0
2025-06-16 22:35:00+00:00,112.78125,112.78125,112.78125,112.78125,31.0
2025-06-16 22:36:00+00:00,112.78125,112.78125,112.78125,112.78125,1.0
2025-06-16 22:38:00+00:00,112.78125,112.78125,112.78125,112.78125,60.0
2025-06-16 22:39:00+00:00,112.8125,112.8125,112.8125,112.8125,1.0
2025-06-16 22:40:00+00:00,112.875,112.875,112.8125,112.8125,202.0
2025-06-16 22:41:00+00:00,112.8125,112.875,112.8125,112.875,322.0
2025-06-16 22:42:00+00:00,112.78125,112.8125,112.78125,112.78125,12.0
2025-06-16 22:43:00+00:00,112.78125,112.78125,112.78125,112.78125,7.0
2025-06-16 22:44:00+00:00,112.78125,112.78125,112.78125,112.78125,64.0
2025-06-16 22:45:00+00:00,112.78125,112.78125,112.75,112.78125,84.0
2025-06-16 22:46:00+00:00,112.78125,112.78125,112.78125,112.78125,2.0
2025-06-16 22:49:00+00:00,112.78125,112.8125,112.78125,112.8125,21.0
2025-06-16 22:50:00+00:00,112.78125,112.78125,112.78125,112.78125,81.0
2025-06-16 22:51:00+00:00,112.75,112.75,112.75,112.75,3.0
2025-06-16 22:53:00+00:00,112.78125,112.78125,112.75,112.75,5.0
2025-06-16 22:54:00+00:00,112.78125,112.78125,112.78125,112.78125,3.0
2025-06-16 22:55:00+00:00,112.78125,112.78125,112.78125,112.78125,58.0
2025-06-16 22:56:00+00:00,112.8125,112.8125,112.78125,112.78125,21.0
2025-06-16 22:57:00+00:00,112.78125,112.8125,112.78125,112.8125,72.0
2025-06-16 22:59:00+00:00,112.78125,112.78125,112.78125,112.78125,5.0
2025-06-16 23:02:00+00:00,112.75,112.75,112.75,112.75,136.0
2025-06-16 23:03:00+00:00,112.75,112.75,112.75,112.75,45.0
2025-06-16 23:04:00+00:00,112.75,112.75,112.75,112.75,6.0
2025-06-16 23:05:00+00:00,112.78125,112.78125,112.75,112.75,37.0
2025-06-16 23:06:00+00:00,112.75,112.78125,112.75,112.78125,2.0
2025-06-16 23:07:00+00:00,112.75,112.78125,112.75,112.78125,10.0
2025-06-16 23:08:00+00:00,112.75,112.75,112.75,112.75,14.0
2025-06-16 23:10:00+00:00,112.75,112.78125,112.75,112.75,83.0
2025-06-16 23:11:00+00:00,112.78125,112.78125,112.75,112.75,26.0
2025-06-16 23:13:00+00:00,112.75,112.75,112.75,112.75,30.0
2025-06-16 23:14:00+00:00,112.75,112.75,112.71875,112.71875,9.0
2025-06-16 23:15:00+00:00,112.75,112.75,112.75,112.75,16.0
2025-06-16 23:16:00+00:00,112.75,112.75,112.75,112.75,9.0
2025-06-16 23:19:00+00:00,112.75,112.75,112.75,112.75,38.0
2025-06-16 23:20:00+00:00,112.84375,112.84375,112.78125,112.78125,385.0
2025-06-16 23:21:00+00:00,112.84375,112.84375,112.84375,112.84375,98.0
2025-06-16 23:22:00+00:00,112.84375,112.84375,112.84375,112.84375,159.0
2025-06-16 23:23:00+00:00,112.84375,112.84375,112.84375,112.84375,51.0
2025-06-16 23:24:00+00:00,112.8125,112.84375,112.8125,112.84375,32.0
2025-06-16 23:25:00+00:00,112.8125,112.8125,112.8125,112.8125,6.0
2025-06-16 23:28:00+00:00,112.78125,112.78125,112.78125,112.78125,29.0
2025-06-16 23:29:00+00:00,112.78125,112.8125,112.78125,112.8125,10.0
2025-06-16 23:30:00+00:00,112.78125,112.78125,112.75,112.78125,44.0
2025-06-16 23:32:00+00:00,112.78125,112.8125,112.78125,112.8125,8.0
2025-06-16 23:33:00+00:00,112.75,112.8125,112.75,112.8125,16.0
2025-06-16 23:34:00+00:00,112.78125,112.78125,112.78125,112.78125,30.0
2025-06-16 23:35:00+00:00,112.84375,112.84375,112.8125,112.8125,327.0
2025-06-16 23:36:00+00:00,112.8125,112.8125,112.8125,112.8125,72.0
2025-06-16 23:37:00+00:00,112.84375,112.84375,112.84375,112.84375,223.0
2025-06-16 23:38:00+00:00,112.84375,112.84375,112.84375,112.84375,10.0
2025-06-16 23:39:00+00:00,112.84375,112.84375,112.84375,112.84375,222.0
2025-06-16 23:40:00+00:00,112.84375,112.84375,112.84375,112.84375,1.0
2025-06-16 23:41:00+00:00,112.84375,112.84375,112.84375,112.84375,14.0
2025-06-16 23:42:00+00:00,112.8125,112.84375,112.8125,112.84375,3.0
2025-06-16 23:43:00+00:00,112.8125,112.8125,112.8125,112.8125,14.0
2025-06-16 23:45:00+00:00,112.8125,112.8125,112.78125,112.78125,33.0
2025-06-16 23:48:00+00:00,112.84375,112.875,112.8125,112.8125,201.0
2025-06-16 23:49:00+00:00,112.875,112.875,112.84375,112.875,136.0
2025-06-16 23:50:00+00:00,112.84375,112.875,112.84375,112.875,9.0
2025-06-16 23:51:00+00:00,112.84375,112.84375,112.84375,112.84375,21.0
2025-06-16 23:52:00+00:00,112.8125,112.84375,112.8125,112.84375,64.0
2025-06-16 23:53:00+00:00,112.875,112.875,112.8125,112.8125,150.0
2025-06-16 23:54:00+00:00,112.84375,112.84375,112.84375,112.84375,13.0
2025-06-16 23:55:00+00:00,112.84375,112.84375,112.84375,112.84375,141.0
2025-06-16 23:56:00+00:00,112.8125,112.84375,112.8125,112.84375,303.0
2025-06-16 23:57:00+00:00,112.78125,112.78125,112.78125,112.78125,53.0
2025-06-16 23:58:00+00:00,112.84375,112.84375,112.8125,112.8125,187.0
2025-06-16 23:59:00+00:00,112.875,112.875,112.84375,112.84375,49.0
2025-06-17 00:00:00+00:00,112.84375,112.84375,112.8125,112.84375,215.0
2025-06-17 00:01:00+00:00,112.84375,112.84375,112.84375,112.84375,58.0
2025-06-17 00:02:00+00:00,112.84375,112.875,112.84375,112.84375,79.0
2025-06-17 00:03:00+00:00,112.875,112.875,112.84375,112.84375,129.0
2025-06-17 00:04:00+00:00,112.875,112.875,112.875,112.875,246.0
2025-06-17 00:05:00+00:00,112.84375,112.875,112.84375,112.875,231.0
2025-06-17 00:06:00+00:00,112.875,112.875,112.875,112.875,70.0
2025-06-17 00:07:00+00:00,112.875,112.90625,112.875,112.90625,40.0
2025-06-17 00:08:00+00:00,112.90625,112.90625,112.90625,112.90625,154.0
2025-06-17 00:10:00+00:00,112.90625,112.9375,112.90625,112.9375,255.0
2025-06-17 00:11:00+00:00,112.96875,112.96875,112.9375,112.9375,271.0
2025-06-17 00:12:00+00:00,112.96875,112.96875,112.96875,112.96875,39.0
2025-06-17 00:13:00+00:00,112.96875,112.96875,112.96875,112.96875,1.0
2025-06-17 00:14:00+00:00,112.9375,112.9375,112.9375,112.9375,161.0
2025-06-17 00:15:00+00:00,112.90625,112.9375,112.90625,112.90625,109.0
2025-06-17 00:16:00+00:00,112.90625,112.90625,112.90625,112.90625,85.0
2025-06-17 00:17:00+00:00,112.9375,112.9375,112.90625,112.90625,23.0
2025-06-17 00:18:00+00:00,112.875,112.9375,112.875,112.9375,198.0
2025-06-17 00:19:00+00:00,112.90625,112.9375,112.875,112.875,210.0
2025-06-17 00:20:00+00:00,112.9375,112.96875,112.9375,112.9375,194.0
2025-06-17 00:21:00+00:00,112.9375,112.9375,112.90625,112.9375,43.0
2025-06-17 00:22:00+00:00,112.90625,112.9375,112.90625,112.90625,38.0
2025-06-17 00:23:00+00:00,112.90625,112.90625,112.90625,112.90625,41.0
2025-06-17 00:24:00+00:00,112.90625,112.90625,112.90625,112.90625,5.0
2025-06-17 00:25:00+00:00,112.90625,112.90625,112.875,112.875,34.0
2025-06-17 00:26:00+00:00,112.9375,112.9375,112.9375,112.9375,50.0
2025-06-17 00:27:00+00:00,112.875,112.9375,112.875,112.9375,264.0
2025-06-17 00:28:00+00:00,112.875,112.875,112.875,112.875,2.0
2025-06-17 00:29:00+00:00,112.84375,112.84375,112.84375,112.84375,6.0
2025-06-17 00:30:00+00:00,112.875,112.875,112.875,112.875,97.0
2025-06-17 00:31:00+00:00,112.90625,112.90625,112.90625,112.90625,66.0
2025-06-17 00:32:00+00:00,112.90625,112.90625,112.90625,112.90625,22.0
2025-06-17 00:33:00+00:00,112.9375,112.9375,112.90625,112.90625,81.0
2025-06-17 00:34:00+00:00,112.9375,112.9375,112.9375,112.9375,171.0
2025-06-17 00:35:00+00:00,112.9375,112.9375,112.9375,112.9375,131.0
2025-06-17 00:36:00+00:00,112.9375,112.9375,112.9375,112.9375,3.0
2025-06-17 00:37:00+00:00,112.90625,112.90625,112.90625,112.90625,36.0
2025-06-17 00:38:00+00:00,112.9375,112.9375,112.9375,112.9375,1.0
2025-06-17 00:39:00+00:00,112.875,112.90625,112.875,112.90625,73.0
2025-06-17 00:41:00+00:00,112.875,112.875,112.84375,112.84375,120.0
2025-06-17 00:42:00+00:00,112.90625,112.90625,112.875,112.875,28.0
2025-06-17 00:43:00+00:00,112.90625,112.90625,112.875,112.875,93.0
2025-06-17 00:44:00+00:00,112.875,112.90625,112.875,112.90625,32.0
2025-06-17 00:45:00+00:00,112.90625,112.90625,112.84375,112.84375,74.0
2025-06-17 00:46:00+00:00,112.875,112.90625,112.875,112.90625,104.0
2025-06-17 00:47:00+00:00,112.84375,112.84375,112.84375,112.84375,5.0
2025-06-17 00:49:00+00:00,112.84375,112.84375,112.8125,112.84375,72.0
2025-06-17 00:50:00+00:00,112.875,112.90625,112.875,112.875,23.0
2025-06-17 00:51:00+00:00,112.875,112.875,112.84375,112.875,37.0
2025-06-17 00:52:00+00:00,112.875,112.90625,112.84375,112.875,78.0
2025-06-17 00:53:00+00:00,112.875,112.875,112.875,112.875,3.0
2025-06-17 00:54:00+00:00,112.875,112.875,112.84375,112.84375,259.0
2025-06-17 00:55:00+00:00,112.875,112.90625,112.875,112.875,80.0
2025-06-17 00:56:00+00:00,112.875,112.90625,112.875,112.90625,80.0
2025-06-17 00:57:00+00:00,112.875,112.875,112.875,112.875,42.0
2025-06-17 00:58:00+00:00,112.875,112.90625,112.875,112.875,39.0
2025-06-17 00:59:00+00:00,112.875,112.875,112.875,112.875,17.0
2025-06-17 01:00:00+00:00,112.875,112.875,112.8125,112.84375,362.0
2025-06-17 01:01:00+00:00,112.875,112.875,112.875,112.875,58.0
2025-06-17 01:02:00+00:00,112.875,112.875,112.875,112.875,10.0
2025-06-17 01:03:00+00:00,112.84375,112.84375,112.84375,112.84375,40.0
2025-06-17 01:04:00+00:00,112.875,112.875,112.84375,112.84375,40.0
2025-06-17 01:05:00+00:00,112.875,112.875,112.875,112.875,18.0
2025-06-17 01:06:00+00:00,112.90625,112.90625,112.875,112.875,51.0
2025-06-17 01:07:00+00:00,112.90625,112.90625,112.90625,112.90625,145.0
2025-06-17 01:08:00+00:00,112.9375,112.9375,112.90625,112.90625,138.0
2025-06-17 01:09:00+00:00,112.96875,112.96875,112.9375,112.9375,41.0
2025-06-17 01:10:00+00:00,112.96875,113.0,112.96875,112.96875,122.0
2025-06-17 01:11:00+00:00,112.96875,112.96875,112.96875,112.96875,46.0
2025-06-17 01:12:00+00:00,112.96875,112.96875,112.96875,112.96875,4.0
2025-06-17 01:14:00+00:00,112.9375,112.9375,112.9375,112.9375,9.0
2025-06-17 01:16:00+00:00,113.0,113.0,112.96875,112.96875,181.0
2025-06-17 01:17:00+00:00,113.03125,113.03125,112.96875,113.0,511.0
2025-06-17 01:18:00+00:00,113.0,113.0,113.0,113.0,191.0
2025-06-17 01:19:00+00:00,113.0,113.0,112.96875,112.96875,58.0
2025-06-17 01:20:00+00:00,113.0,113.0,112.96875,113.0,77.0
2025-06-17 01:21:00+00:00,113.0,113.0,113.0,113.0,42.0
2025-06-17 01:22:00+00:00,113.0,113.0,113.0,113.0,1.0
2025-06-17 01:23:00+00:00,112.96875,112.96875,112.96875,112.96875,43.0
2025-06-17 01:24:00+00:00,112.96875,112.96875,112.9375,112.9375,43.0
2025-06-17 01:25:00+00:00,113.0,113.0,112.96875,112.96875,28.0
2025-06-17 01:26:00+00:00,113.0,113.0,112.96875,113.0,40.0
2025-06-17 01:27:00+00:00,112.96875,113.0,112.96875,113.0,77.0
2025-06-17 01:28:00+00:00,113.0,113.0,112.96875,113.0,30.0
2025-06-17 01:29:00+00:00,113.0,113.0,113.0,113.0,299.0
2025-06-17 01:30:00+00:00,113.0,113.0,113.0,113.0,101.0
2025-06-17 01:31:00+00:00,113.0,113.0,113.0,113.0,2.0
2025-06-17 01:32:00+00:00,113.0,113.0,113.0,113.0,45.0
2025-06-17 01:33:00+00:00,112.96875,113.0,112.96875,113.0,5.0
2025-06-17 01:34:00+00:00,112.96875,112.96875,112.96875,112.96875,57.0
2025-06-17 01:35:00+00:00,113.0,113.0,112.96875,112.96875,69.0
2025-06-17 01:36:00+00:00,113.0,113.0,113.0,113.0,28.0
2025-06-17 01:37:00+00:00,112.96875,113.0,112.96875,113.0,32.0
2025-06-17 01:38:00+00:00,112.96875,112.96875,112.96875,112.96875,37.0
2025-06-17 01:39:00+00:00,112.96875,113.0,112.96875,113.0,74.0
2025-06-17 01:40:00+00:00,113.0,113.0,112.96875,112.96875,53.0
2025-06-17 01:41:00+00:00,113.0,113.0,113.0,113.0,21.0
2025-06-17 01:42:00+00:00,112.96875,113.0,112.96875,113.0,30.0
2025-06-17 01:43:00+00:00,112.96875,112.96875,112.96875,112.96875,23.0
2025-06-17 01:45:00+00:00,112.96875,112.96875,112.96875,112.96875,93.0
2025-06-17 01:46:00+00:00,113.0,113.0,113.0,113.0,3.0
2025-06-17 01:49:00+00:00,113.0,113.0,112.96875,112.96875,77.0
2025-06-17 01:50:00+00:00,113.0,113.0,113.0,113.0,50.0
2025-06-17 01:51:00+00:00,113.0,113.0,113.0,113.0,201.0
2025-06-17 01:52:00+00:00,113.0,113.03125,113.0,113.0,49.0
2025-06-17 01:54:00+00:00,113.0,113.0,113.0,113.0,55.0
2025-06-17 01:55:00+00:00,113.0,113.0,113.0,113.0,142.0
2025-06-17 01:56:00+00:00,113.0,113.0,113.0,113.0,4.0
2025-06-17 01:57:00+00:00,113.0,113.0,112.96875,113.0,9.0
2025-06-17 01:58:00+00:00,112.96875,112.96875,112.96875,112.96875,107.0
2025-06-17 01:59:00+00:00,112.96875,113.0,112.96875,112.96875,107.0
2025-06-17 02:00:00+00:00,113.0,113.0,112.96875,112.96875,57.0
2025-06-17 02:02:00+00:00,112.96875,113.0,112.96875,113.0,89.0
2025-06-17 02:05:00+00:00,112.96875,112.96875,112.96875,112.96875,69.0
2025-06-17 02:06:00+00:00,113.0,113.0,112.96875,112.96875,66.0
2025-06-17 02:07:00+00:00,113.0,113.0,113.0,113.0,103.0
2025-06-17 02:08:00+00:00,113.0,113.0,113.0,113.0,107.0
2025-06-17 02:09:00+00:00,113.0,113.03125,113.0,113.03125,26.0
2025-06-17 02:10:00+00:00,113.03125,113.03125,113.0,113.0,78.0
2025-06-17 02:11:00+00:00,113.0,113.0,113.0,113.0,51.0
2025-06-17 02:12:00+00:00,113.03125,113.03125,113.0,113.0,87.0
2025-06-17 02:13:00+00:00,113.03125,113.0625,113.0,113.0,137.0
2025-06-17 02:14:00+00:00,113.03125,113.03125,113.03125,113.03125,58.0
2025-06-17 02:15:00+00:00,113.03125,113.03125,113.03125,113.03125,3.0
2025-06-17 02:16:00+00:00,113.03125,113.03125,113.03125,113.03125,23.0
2025-06-17 02:17:00+00:00,113.03125,113.03125,113.03125,113.03125,44.0
2025-06-17 02:19:00+00:00,113.03125,113.03125,113.03125,113.03125,53.0
2025-06-17 02:20:00+00:00,113.03125,113.03125,113.03125,113.03125,2.0
2025-06-17 02:21:00+00:00,113.0,113.03125,113.0,113.03125,18.0
2025-06-17 02:25:00+00:00,113.0,113.0,113.0,113.0,6.0
2025-06-17 02:26:00+00:00,113.0,113.0,113.0,113.0,140.0
2025-06-17 02:27:00+00:00,112.96875,113.0,112.9375,113.0,252.0
2025-06-17 02:28:00+00:00,112.96875,112.96875,112.96875,112.96875,25.0
2025-06-17 02:31:00+00:00,112.96875,112.96875,112.9375,112.9375,71.0
2025-06-17 02:35:00+00:00,113.0,113.0,112.96875,112.96875,52.0
2025-06-17 02:36:00+00:00,113.0,113.0,112.96875,112.96875,266.0
2025-06-17 02:37:00+00:00,112.96875,112.96875,112.96875,112.96875,67.0
2025-06-17 02:38:00+00:00,113.0,113.0,113.0,113.0,15.0
2025-06-17 02:39:00+00:00,112.96875,113.0,112.96875,112.96875,24.0
2025-06-17 02:41:00+00:00,112.96875,112.96875,112.96875,112.96875,8.0
2025-06-17 02:43:00+00:00,112.9375,112.96875,112.9375,112.96875,19.0
2025-06-17 02:44:00+00:00,112.9375,112.9375,112.9375,112.9375,18.0
2025-06-17 02:45:00+00:00,112.9375,112.96875,112.9375,112.96875,88.0
2025-06-17 02:46:00+00:00,112.90625,112.90625,112.90625,112.90625,74.0
2025-06-17 02:47:00+00:00,112.90625,112.90625,112.875,112.90625,35.0
2025-06-17 02:48:00+00:00,112.90625,112.90625,112.90625,112.90625,23.0
2025-06-17 02:50:00+00:00,112.9375,112.9375,112.90625,112.90625,48.0
2025-06-17 02:51:00+00:00,112.9375,112.9375,112.9375,112.9375,31.0
2025-06-17 02:52:00+00:00,112.875,112.90625,112.875,112.90625,74.0
2025-06-17 02:53:00+00:00,112.84375,112.84375,112.84375,112.84375,115.0
2025-06-17 02:54:00+00:00,112.84375,112.84375,112.8125,112.8125,82.0
2025-06-17 02:55:00+00:00,112.90625,112.90625,112.875,112.875,264.0
2025-06-17 02:56:00+00:00,112.875,112.90625,112.875,112.90625,55.0
2025-06-17 02:57:00+00:00,112.875,112.875,112.875,112.875,15.0
2025-06-17 02:58:00+00:00,112.875,112.875,112.875,112.875,56.0
2025-06-17 03:00:00+00:00,112.875,112.875,112.875,112.875,1.0
2025-06-17 03:01:00+00:00,112.875,112.875,112.875,112.875,9.0
2025-06-17 03:02:00+00:00,112.90625,112.90625,112.875,112.875,124.0
2025-06-17 03:05:00+00:00,112.9375,112.9375,112.9375,112.9375,19.0
2025-06-17 03:07:00+00:00,112.9375,112.9375,112.9375,112.9375,208.0
2025-06-17 03:08:00+00:00,112.90625,112.90625,112.90625,112.90625,16.0
2025-06-17 03:10:00+00:00,112.90625,112.9375,112.90625,112.9375,101.0
2025-06-17 03:11:00+00:00,112.9375,112.9375,112.90625,112.90625,100.0
2025-06-17 03:12:00+00:00,112.9375,112.9375,112.90625,112.90625,17.0
2025-06-17 03:13:00+00:00,112.90625,112.9375,112.90625,112.9375,13.0
2025-06-17 03:16:00+00:00,112.9375,112.9375,112.9375,112.9375,5.0
2025-06-17 03:17:00+00:00,112.90625,112.9375,112.90625,112.90625,20.0
2025-06-17 03:20:00+00:00,112.9375,112.9375,112.9375,112.9375,83.0
2025-06-17 03:22:00+00:00,112.9375,112.9375,112.9375,112.9375,20.0
2025-06-17 03:23:00+00:00,112.9375,112.9375,112.9375,112.9375,10.0
2025-06-17 03:26:00+00:00,112.9375,112.9375,112.9375,112.9375,59.0
2025-06-17 03:27:00+00:00,112.9375,112.9375,112.9375,112.9375,69.0
2025-06-17 03:28:00+00:00,112.9375,112.9375,112.9375,112.9375,52.0
2025-06-17 03:29:00+00:00,112.90625,112.9375,112.90625,112.9375,12.0
2025-06-17 03:30:00+00:00,112.9375,112.9375,112.9375,112.9375,8.0
2025-06-17 03:31:00+00:00,112.90625,112.9375,112.875,112.9375,270.0
2025-06-17 03:32:00+00:00,112.9375,112.9375,112.90625,112.90625,145.0
2025-06-17 03:33:00+00:00,112.9375,112.9375,112.9375,112.9375,21.0
2025-06-17 03:34:00+00:00,112.90625,112.9375,112.90625,112.9375,63.0
2025-06-17 03:35:00+00:00,112.9375,112.9375,112.9375,112.9375,54.0
2025-06-17 03:37:00+00:00,112.9375,112.9375,112.9375,112.9375,14.0
2025-06-17 03:38:00+00:00,112.9375,112.9375,112.90625,112.9375,8.0
2025-06-17 03:42:00+00:00,112.9375,112.9375,112.9375,112.9375,4.0
2025-06-17 03:48:00+00:00,112.90625,112.9375,112.90625,112.9375,4.0
2025-06-17 03:49:00+00:00,112.875,112.90625,112.875,112.90625,51.0
2025-06-17 03:50:00+00:00,112.9375,112.9375,112.875,112.875,67.0
2025-06-17 03:51:00+00:00,112.90625,112.9375,112.90625,112.9375,33.0
2025-06-17 03:52:00+00:00,112.90625,112.90625,112.90625,112.90625,19.0
2025-06-17 03:53:00+00:00,112.9375,112.9375,112.90625,112.90625,29.0
2025-06-17 03:55:00+00:00,112.9375,112.9375,112.9375,112.9375,15.0
2025-06-17 03:57:00+00:00,112.9375,112.9375,112.9375,112.9375,33.0
2025-06-17 04:00:00+00:00,112.9375,112.9375,112.90625,112.90625,3.0
2025-06-17 04:04:00+00:00,112.90625,112.90625,112.90625,112.90625,4.0
2025-06-17 04:06:00+00:00,112.9375,112.9375,112.90625,112.9375,24.0
2025-06-17 04:08:00+00:00,112.875,112.90625,112.84375,112.90625,704.0
2025-06-17 04:09:00+00:00,112.875,112.875,112.875,112.875,12.0
2025-06-17 04:10:00+00:00,112.875,112.875,112.875,112.875,25.0
2025-06-17 04:11:00+00:00,112.84375,112.875,112.84375,112.875,119.0
2025-06-17 04:12:00+00:00,112.875,112.875,112.875,112.875,8.0
2025-06-17 04:13:00+00:00,112.84375,112.875,112.84375,112.875,122.0
2025-06-17 04:14:00+00:00,112.84375,112.875,112.84375,112.875,36.0
2025-06-17 04:18:00+00:00,112.8125,112.84375,112.8125,112.84375,82.0
2025-06-17 04:19:00+00:00,112.84375,112.84375,112.84375,112.84375,61.0
2025-06-17 04:24:00+00:00,112.875,112.875,112.875,112.875,460.0
2025-06-17 04:25:00+00:00,112.90625,112.90625,112.875,112.875,56.0
2025-06-17 04:26:00+00:00,112.875,112.90625,112.875,112.90625,42.0
2025-06-17 04:27:00+00:00,112.875,112.875,112.875,112.875,7.0
2025-06-17 04:30:00+00:00,112.875,112.875,112.875,112.875,45.0
2025-06-17 04:31:00+00:00,112.875,112.875,112.875,112.875,88.0
2025-06-17 04:32:00+00:00,112.90625,112.90625,112.90625,112.90625,25.0
2025-06-17 04:33:00+00:00,112.90625,112.90625,112.90625,112.90625,1.0
2025-06-17 04:37:00+00:00,112.875,112.875,112.875,112.875,188.0
2025-06-17 04:39:00+00:00,112.875,112.875,112.875,112.875,50.0
2025-06-17 04:40:00+00:00,112.875,112.875,112.875,112.875,13.0
2025-06-17 04:41:00+00:00,112.84375,112.84375,112.84375,112.84375,71.0
2025-06-17 04:45:00+00:00,112.84375,112.84375,112.84375,112.84375,39.0
2025-06-17 04:47:00+00:00,112.84375,112.84375,112.84375,112.84375,7.0
2025-06-17 04:49:00+00:00,112.84375,112.875,112.84375,112.84375,44.0
2025-06-17 04:52:00+00:00,112.84375,112.84375,112.84375,112.84375,31.0
2025-06-17 04:55:00+00:00,112.875,112.875,112.84375,112.84375,155.0
2025-06-17 04:56:00+00:00,112.84375,112.875,112.84375,112.875,62.0
2025-06-17 04:57:00+00:00,112.8125,112.8125,112.8125,112.8125,27.0
2025-06-17 05:00:00+00:00,112.78125,112.8125,112.78125,112.8125,41.0
2025-06-17 05:02:00+00:00,112.78125,112.78125,112.78125,112.78125,221.0
2025-06-17 05:03:00+00:00,112.78125,112.78125,112.78125,112.78125,131.0
2025-06-17 05:04:00+00:00,112.78125,112.78125,112.78125,112.78125,79.0
2025-06-17 05:06:00+00:00,112.78125,112.8125,112.78125,112.8125,24.0
2025-06-17 05:07:00+00:00,112.8125,112.8125,112.78125,112.78125,4.0
2025-06-17 05:08:00+00:00,112.78125,112.8125,112.78125,112.8125,2.0
2025-06-17 05:10:00+00:00,112.8125,112.8125,112.8125,112.8125,4.0
2025-06-17 05:11:00+00:00,112.8125,112.8125,112.8125,112.8125,36.0
2025-06-17 05:12:00+00:00,112.8125,112.8125,112.8125,112.8125,16.0
2025-06-17 05:13:00+00:00,112.8125,112.8125,112.78125,112.8125,4.0
2025-06-17 05:16:00+00:00,112.78125,112.8125,112.78125,112.8125,121.0
2025-06-17 05:18:00+00:00,112.78125,112.78125,112.78125,112.78125,34.0
2025-06-17 05:20:00+00:00,112.78125,112.78125,112.78125,112.78125,14.0
2025-06-17 05:21:00+00:00,112.8125,112.8125,112.78125,112.8125,31.0
2025-06-17 05:22:00+00:00,112.8125,112.8125,112.8125,112.8125,60.0
2025-06-17 05:23:00+00:00,112.8125,112.8125,112.8125,112.8125,5.0
2025-06-17 05:24:00+00:00,112.78125,112.78125,112.78125,112.78125,48.0
2025-06-17 05:26:00+00:00,112.78125,112.8125,112.78125,112.8125,48.0
2025-06-17 05:27:00+00:00,112.8125,112.8125,112.78125,112.78125,51.0
2025-06-17 05:28:00+00:00,112.8125,112.8125,112.78125,112.78125,61.0
2025-06-17 05:29:00+00:00,112.8125,112.8125,112.8125,112.8125,81.0
2025-06-17 05:31:00+00:00,112.8125,112.84375,112.8125,112.84375,33.0
2025-06-17 05:35:00+00:00,112.8125,112.8125,112.8125,112.8125,79.0
2025-06-17 05:41:00+00:00,112.8125,112.8125,112.8125,112.8125,35.0
2025-06-17 05:42:00+00:00,112.8125,112.84375,112.8125,112.84375,37.0
2025-06-17 05:44:00+00:00,112.84375,112.84375,112.8125,112.8125,18.0
2025-06-17 05:45:00+00:00,112.84375,112.84375,112.84375,112.84375,8.0
2025-06-17 05:46:00+00:00,112.8125,112.84375,112.8125,112.84375,196.0
2025-06-17 05:47:00+00:00,112.8125,112.84375,112.8125,112.8125,80.0
2025-06-17 05:48:00+00:00,112.78125,112.8125,112.78125,112.8125,18.0
2025-06-17 05:49:00+00:00,112.8125,112.8125,112.8125,112.8125,9.0
2025-06-17 05:50:00+00:00,112.8125,112.8125,112.8125,112.8125,97.0
2025-06-17 05:51:00+00:00,112.84375,112.84375,112.8125,112.8125,38.0
2025-06-17 05:53:00+00:00,112.84375,112.84375,112.84375,112.84375,29.0
2025-06-17 05:54:00+00:00,112.84375,112.84375,112.8125,112.84375,15.0
2025-06-17 05:55:00+00:00,112.8125,112.84375,112.8125,112.84375,51.0
2025-06-17 05:56:00+00:00,112.8125,112.8125,112.8125,112.8125,11.0
2025-06-17 05:57:00+00:00,112.8125,112.8125,112.8125,112.8125,62.0
2025-06-17 05:59:00+00:00,112.78125,112.78125,112.78125,112.78125,9.0
2025-06-17 06:00:00+00:00,112.78125,112.78125,112.78125,112.78125,114.0
2025-06-17 06:01:00+00:00,112.78125,112.78125,112.78125,112.78125,16.0
2025-06-17 06:02:00+00:00,112.78125,112.78125,112.78125,112.78125,100.0
2025-06-17 06:03:00+00:00,112.8125,112.8125,112.8125,112.8125,23.0
2025-06-17 06:07:00+00:00,112.75,112.75,112.75,112.75,10.0
2025-06-17 06:09:00+00:00,112.78125,112.78125,112.78125,112.78125,200.0
2025-06-17 06:10:00+00:00,112.8125,112.8125,112.78125,112.78125,96.0
2025-06-17 06:11:00+00:00,112.78125,112.8125,112.78125,112.8125,111.0
2025-06-17 06:12:00+00:00,112.78125,112.78125,112.78125,112.78125,11.0
2025-06-17 06:14:00+00:00,112.78125,112.78125,112.78125,112.78125,6.0
2025-06-17 06:15:00+00:00,112.8125,112.8125,112.75,112.75,43.0
2025-06-17 06:16:00+00:00,112.75,112.8125,112.75,112.8125,47.0
2025-06-17 06:18:00+00:00,112.75,112.75,112.75,112.75,123.0
2025-06-17 06:20:00+00:00,112.75,112.75,112.75,112.75,29.0
2025-06-17 06:21:00+00:00,112.78125,112.78125,112.78125,112.78125,45.0
2025-06-17 06:22:00+00:00,112.8125,112.8125,112.78125,112.78125,79.0
2025-06-17 06:23:00+00:00,112.78125,112.8125,112.78125,112.8125,61.0
2025-06-17 06:27:00+00:00,112.78125,112.78125,112.78125,112.78125,97.0
2025-06-17 06:29:00+00:00,112.8125,112.8125,112.8125,112.8125,173.0
2025-06-17 06:30:00+00:00,112.8125,112.84375,112.8125,112.84375,2.0
2025-06-17 06:31:00+00:00,112.84375,112.84375,112.84375,112.84375,89.0
2025-06-17 06:33:00+00:00,112.8125,112.8125,112.8125,112.8125,32.0
2025-06-17 06:34:00+00:00,112.84375,112.84375,112.8125,112.8125,141.0
2025-06-17 06:35:00+00:00,112.84375,112.875,112.84375,112.84375,97.0
2025-06-17 06:39:00+00:00,112.84375,112.84375,112.84375,112.84375,65.0
2025-06-17 06:40:00+00:00,112.8125,112.8125,112.8125,112.8125,98.0
2025-06-17 06:41:00+00:00,112.78125,112.78125,112.78125,112.78125,54.0
2025-06-17 06:42:00+00:00,112.78125,112.78125,112.75,112.78125,72.0
2025-06-17 06:43:00+00:00,112.78125,112.78125,112.78125,112.78125,26.0
2025-06-17 06:44:00+00:00,112.8125,112.8125,112.8125,112.8125,145.0
2025-06-17 06:46:00+00:00,112.8125,112.8125,112.8125,112.8125,46.0
2025-06-17 06:49:00+00:00,112.875,112.875,112.84375,112.84375,98.0
2025-06-17 06:50:00+00:00,112.875,112.875,112.875,112.875,5.0
2025-06-17 06:51:00+00:00,112.90625,112.90625,112.875,112.875,68.0
2025-06-17 06:52:00+00:00,112.90625,112.90625,112.90625,112.90625,172.0
2025-06-17 06:53:00+00:00,112.875,112.9375,112.875,112.9375,501.0
2025-06-17 06:55:00+00:00,112.90625,112.90625,112.875,112.875,9.0
2025-06-17 06:56:00+00:00,112.90625,112.90625,112.90625,112.90625,118.0
2025-06-17 06:57:00+00:00,112.90625,112.90625,112.90625,112.90625,177.0
2025-06-17 06:59:00+00:00,112.875,112.875,112.875,112.875,334.0
2025-06-17 07:00:00+00:00,112.78125,112.875,112.78125,112.875,275.0
2025-06-17 07:01:00+00:00,112.75,112.78125,112.75,112.78125,84.0
2025-06-17 07:02:00+00:00,112.75,112.78125,112.71875,112.78125,149.0
2025-06-17 07:03:00+00:00,112.75,112.75,112.71875,112.75,241.0
2025-06-17 07:04:00+00:00,112.71875,112.75,112.71875,112.71875,89.0
2025-06-17 07:05:00+00:00,112.75,112.75,112.71875,112.75,57.0
2025-06-17 07:06:00+00:00,112.75,112.78125,112.71875,112.71875,90.0
2025-06-17 07:07:00+00:00,112.75,112.75,112.71875,112.71875,340.0
2025-06-17 07:08:00+00:00,112.75,112.75,112.75,112.75,51.0
2025-06-17 07:09:00+00:00,112.75,112.75,112.75,112.75,84.0
2025-06-17 07:10:00+00:00,112.78125,112.78125,112.75,112.75,131.0
2025-06-17 07:11:00+00:00,112.78125,112.78125,112.78125,112.78125,39.0
2025-06-17 07:14:00+00:00,112.75,112.75,112.75,112.75,218.0
2025-06-17 07:15:00+00:00,112.75,112.75,112.75,112.75,131.0
2025-06-17 07:16:00+00:00,112.75,112.75,112.75,112.75,239.0
2025-06-17 07:18:00+00:00,112.75,112.75,112.75,112.75,8.0
2025-06-17 07:19:00+00:00,112.75,112.75,112.75,112.75,173.0
2025-06-17 07:20:00+00:00,112.75,112.75,112.75,112.75,147.0
2025-06-17 07:21:00+00:00,112.71875,112.75,112.71875,112.75,413.0
2025-06-17 07:23:00+00:00,112.75,112.75,112.71875,112.71875,157.0
2025-06-17 07:24:00+00:00,112.78125,112.78125,112.78125,112.78125,139.0
2025-06-17 07:25:00+00:00,112.78125,112.78125,112.78125,112.78125,137.0
2025-06-17 07:26:00+00:00,112.84375,112.84375,112.8125,112.8125,537.0
2025-06-17 07:27:00+00:00,112.84375,112.875,112.84375,112.875,215.0
2025-06-17 07:28:00+00:00,112.84375,112.84375,112.8125,112.8125,85.0
2025-06-17 07:30:00+00:00,112.8125,112.8125,112.8125,112.8125,89.0
2025-06-17 07:31:00+00:00,112.75,112.78125,112.75,112.78125,279.0
2025-06-17 07:32:00+00:00,112.78125,112.78125,112.78125,112.78125,116.0
2025-06-17 07:33:00+00:00,112.8125,112.8125,112.78125,112.78125,114.0
2025-06-17 07:34:00+00:00,112.84375,112.84375,112.8125,112.8125,176.0
2025-06-17 07:35:00+00:00,112.84375,112.875,112.84375,112.875,338.0
2025-06-17 07:36:00+00:00,112.875,112.875,112.84375,112.84375,114.0
2025-06-17 07:37:00+00:00,112.875,112.875,112.875,112.875,123.0
2025-06-17 07:38:00+00:00,112.875,112.875,112.875,112.875,64.0
2025-06-17 07:39:00+00:00,112.90625,112.90625,112.90625,112.90625,3.0
2025-06-17 07:40:00+00:00,112.875,112.875,112.875,112.875,225.0
2025-06-17 07:43:00+00:00,112.875,112.90625,112.875,112.875,84.0
2025-06-17 07:44:00+00:00,112.875,112.875,112.875,112.875,55.0
2025-06-17 07:45:00+00:00,112.84375,112.875,112.84375,112.84375,189.0
2025-06-17 07:46:00+00:00,112.84375,112.84375,112.84375,112.84375,50.0
2025-06-17 07:47:00+00:00,112.875,112.875,112.875,112.875,34.0
2025-06-17 07:49:00+00:00,112.84375,112.875,112.84375,112.875,232.0
2025-06-17 07:50:00+00:00,112.84375,112.84375,112.8125,112.8125,140.0
2025-06-17 07:52:00+00:00,112.8125,112.84375,112.8125,112.84375,148.0
2025-06-17 07:56:00+00:00,112.84375,112.84375,112.8125,112.8125,150.0
2025-06-17 07:57:00+00:00,112.875,112.875,112.875,112.875,46.0
2025-06-17 08:00:00+00:00,112.875,112.9375,112.875,112.875,510.0
2025-06-17 08:01:00+00:00,112.84375,112.875,112.84375,112.875,84.0
2025-06-17 08:02:00+00:00,112.84375,112.84375,112.84375,112.84375,349.0
2025-06-17 08:07:00+00:00,112.78125,112.78125,112.78125,112.78125,154.0
2025-06-17 08:08:00+00:00,112.78125,112.78125,112.78125,112.78125,36.0
2025-06-17 08:09:00+00:00,112.75,112.78125,112.75,112.78125,5.0
2025-06-17 08:11:00+00:00,112.75,112.78125,112.75,112.75,8.0
2025-06-17 08:12:00+00:00,112.78125,112.78125,112.75,112.75,141.0
2025-06-17 08:17:00+00:00,112.78099822998047,112.78125,112.78099822998047,112.78125,88.0
2025-06-17 08:18:00+00:00,112.78125,112.78125,112.78125,112.78125,186.0
2025-06-17 08:19:00+00:00,112.8125,112.8125,112.8125,112.8125,2.0
2025-06-17 08:20:00+00:00,112.8125,112.8125,112.8125,112.8125,242.0
2025-06-17 08:23:00+00:00,112.84375,112.84375,112.8125,112.8125,144.0
2025-06-17 08:24:00+00:00,112.84375,112.84375,112.8125,112.84375,95.0
2025-06-17 08:26:00+00:00,112.84375,112.84375,112.84375,112.84375,4.0
2025-06-17 08:28:00+00:00,112.84375,112.84375,112.84375,112.84375,106.0
2025-06-17 08:29:00+00:00,112.8125,112.84375,112.8125,112.84375,20.0
2025-06-17 08:30:00+00:00,112.8125,112.84375,112.8125,112.84375,42.0
2025-06-17 08:31:00+00:00,112.8125,112.8125,112.78125,112.78125,22.0
2025-06-17 08:32:00+00:00,112.84375,112.84375,112.8125,112.8125,73.0
2025-06-17 08:33:00+00:00,112.84375,112.84375,112.84375,112.84375,110.0
2025-06-17 08:34:00+00:00,112.84375,112.84375,112.84375,112.84375,19.0
2025-06-17 08:35:00+00:00,112.875,112.875,112.875,112.875,71.0
2025-06-17 08:36:00+00:00,112.875,112.875,112.875,112.875,94.0
2025-06-17 08:38:00+00:00,112.875,112.875,112.875,112.875,20.0
2025-06-17 08:40:00+00:00,112.875,112.875,112.84375,112.84375,97.0
2025-06-17 08:41:00+00:00,112.84375,112.875,112.84375,112.875,6.0
2025-06-17 08:43:00+00:00,112.875,112.90625,112.875,112.875,89.0
2025-06-17 08:44:00+00:00,112.875,112.875,112.875,112.875,167.0
2025-06-17 08:45:00+00:00,112.875,112.875,112.875,112.875,96.0
2025-06-17 08:49:00+00:00,112.875,112.875,112.875,112.875,100.0
2025-06-17 08:50:00+00:00,112.9375,112.9375,112.875,112.875,678.0
2025-06-17 08:51:00+00:00,112.90625,112.9375,112.875,112.9375,69.0
2025-06-17 08:53:00+00:00,112.9375,112.9375,112.90625,112.90625,52.0
2025-06-17 08:54:00+00:00,112.90625,112.90625,112.90625,112.90625,139.0
2025-06-17 08:55:00+00:00,112.9375,112.96875,112.9375,112.9375,333.0
2025-06-17 08:56:00+00:00,112.90625,112.9375,112.90625,112.90625,351.0
2025-06-17 08:57:00+00:00,112.875,112.90625,112.875,112.90625,83.0
2025-06-17 08:58:00+00:00,112.875,112.90625,112.875,112.90625,228.0
2025-06-17 08:59:00+00:00,112.875,112.875,112.875,112.875,37.0
2025-06-17 09:00:00+00:00,112.90625,112.90625,112.84375,112.84375,303.0
2025-06-17 09:01:00+00:00,112.9375,112.9375,112.90625,112.90625,263.0
2025-06-17 09:02:00+00:00,112.9375,112.96875,112.90625,112.96875,181.0
2025-06-17 09:03:00+00:00,112.9375,112.9375,112.9375,112.9375,70.0
2025-06-17 09:04:00+00:00,112.96875,112.96875,112.9375,112.9375,126.0
2025-06-17 09:05:00+00:00,112.96875,112.96875,112.96875,112.96875,60.0
2025-06-17 09:06:00+00:00,112.96875,112.96875,112.96875,112.96875,20.0
2025-06-17 09:07:00+00:00,112.9375,112.9375,112.9375,112.9375,179.0
2025-06-17 09:08:00+00:00,112.90625,112.90625,112.90625,112.90625,223.0
2025-06-17 09:09:00+00:00,112.90625,112.90625,112.875,112.875,77.0
2025-06-17 09:10:00+00:00,112.90625,112.90625,112.875,112.875,156.0
2025-06-17 09:12:00+00:00,112.90625,112.90625,112.90625,112.90625,147.0
2025-06-17 09:14:00+00:00,112.90625,112.90625,112.90625,112.90625,229.0
2025-06-17 09:15:00+00:00,112.90625,112.90625,112.90625,112.90625,29.0
2025-06-17 09:16:00+00:00,112.9375,112.96875,112.9375,112.9375,90.0
2025-06-17 09:17:00+00:00,112.96875,112.96875,112.9375,112.9375,49.0
2025-06-17 09:18:00+00:00,112.9375,112.9375,112.9375,112.9375,323.0
2025-06-17 09:20:00+00:00,112.9375,112.9375,112.9375,112.9375,22.0
2025-06-17 09:21:00+00:00,112.9375,112.9375,112.9375,112.9375,53.0
2025-06-17 09:22:00+00:00,113.0,113.0,112.96875,112.96875,282.0
2025-06-17 09:24:00+00:00,112.96875,112.96875,112.96875,112.96875,106.0
2025-06-17 09:25:00+00:00,112.96875,112.96875,112.96875,112.96875,51.0
2025-06-17 09:26:00+00:00,112.9375,113.0,112.9375,112.96875,215.0
2025-06-17 09:27:00+00:00,112.96875,112.96875,112.96875,112.96875,30.0
2025-06-17 09:28:00+00:00,112.96875,112.96875,112.96875,112.96875,6.0
2025-06-17 09:29:00+00:00,112.96875,112.96875,112.96875,112.96875,133.0
2025-06-17 09:30:00+00:00,112.96875,112.96875,112.96875,112.96875,3.0
2025-06-17 09:32:00+00:00,112.9375,112.96875,112.9375,112.96875,142.0
2025-06-17 09:33:00+00:00,112.9375,112.9375,112.9375,112.9375,123.0
2025-06-17 09:36:00+00:00,112.875,112.90625,112.875,112.90625,79.0
2025-06-17 09:37:00+00:00,112.90625,112.90625,112.90625,112.90625,105.0
2025-06-17 09:39:00+00:00,112.875,112.90625,112.875,112.875,59.0
2025-06-17 09:40:00+00:00,112.875,112.875,112.875,112.875,35.0
2025-06-17 09:41:00+00:00,112.90625,112.90625,112.90625,112.90625,61.0
2025-06-17 09:43:00+00:00,112.90625,112.90625,112.90625,112.90625,107.0
2025-06-17 09:44:00+00:00,112.9375,112.9375,112.90625,112.90625,9.0
2025-06-17 09:46:00+00:00,112.96875,112.96875,112.9375,112.9375,193.0
2025-06-17 09:47:00+00:00,112.9375,112.9375,112.9375,112.9375,122.0
2025-06-17 09:50:00+00:00,112.90625,112.90625,112.90625,112.90625,101.0
2025-06-17 09:51:00+00:00,112.9375,112.9375,112.90625,112.90625,64.0
2025-06-17 09:55:00+00:00,112.96875,112.96875,112.90625,112.90625,49.0
2025-06-17 09:56:00+00:00,112.9375,112.96875,112.9375,112.96875,168.0
2025-06-17 09:57:00+00:00,113.0,113.0,112.9375,112.96875,227.0
2025-06-17 09:58:00+00:00,113.0,113.0,113.0,113.0,96.0
2025-06-17 09:59:00+00:00,113.0,113.0,112.96875,113.0,247.0
2025-06-17 10:00:00+00:00,113.0,113.0,113.0,113.0,216.0
2025-06-17 10:01:00+00:00,113.0625,113.0625,113.0,113.0,541.0
2025-06-17 10:02:00+00:00,113.0625,113.0625,113.03125,113.0625,30.0
2025-06-17 10:03:00+00:00,113.0625,113.0625,113.0625,113.0625,8.0
2025-06-17 10:04:00+00:00,113.0,113.03125,113.0,113.03125,298.0
2025-06-17 10:05:00+00:00,113.03125,113.03125,113.03125,113.03125,61.0
2025-06-17 10:06:00+00:00,113.03125,113.03125,113.03125,113.03125,186.0
2025-06-17 10:07:00+00:00,113.0625,113.0625,113.03125,113.03125,50.0
2025-06-17 10:08:00+00:00,113.03125,113.0625,113.03125,113.0625,205.0
2025-06-17 10:10:00+00:00,113.0625,113.0625,113.03125,113.03125,15.0
2025-06-17 10:11:00+00:00,113.03125,113.03125,113.03125,113.03125,15.0
2025-06-17 10:12:00+00:00,113.03125,113.0625,113.03125,113.03125,146.0
2025-06-17 10:13:00+00:00,113.0,113.03125,113.0,113.03125,84.0
2025-06-17 10:23:00+00:00,113.0625,113.0625,113.06199645996094,113.06199645996094,773.0
2025-06-17 10:24:00+00:00,113.0625,113.0625,113.0625,113.0625,13.0
2025-06-17 10:25:00+00:00,113.03125,113.0625,113.03125,113.0625,3.0
2025-06-17 10:26:00+00:00,113.0625,113.0625,113.0625,113.0625,6.0
2025-06-17 10:27:00+00:00,113.0625,113.09375,113.0625,113.0625,365.0
2025-06-17 10:28:00+00:00,113.0625,113.0625,113.03125,113.03125,29.0
2025-06-17 10:30:00+00:00,113.0625,113.0625,113.0625,113.0625,2.0
2025-06-17 10:31:00+00:00,113.03125,113.0625,113.03125,113.0625,125.0
2025-06-17 10:32:00+00:00,113.03125,113.0625,113.03125,113.0625,83.0
2025-06-17 10:33:00+00:00,113.03125,113.03125,113.03125,113.03125,89.0
2025-06-17 10:34:00+00:00,113.0,113.03125,113.0,113.03125,3.0
2025-06-17 10:35:00+00:00,113.03125,113.03125,113.03125,113.03125,429.0
2025-06-17 10:36:00+00:00,113.03125,113.03125,113.03125,113.03125,41.0
2025-06-17 10:37:00+00:00,113.03125,113.03125,113.03125,113.03125,184.0
2025-06-17 10:38:00+00:00,113.0625,113.0625,113.0625,113.0625,39.0
2025-06-17 10:39:00+00:00,113.0625,113.0625,113.0625,113.0625,98.0
2025-06-17 10:40:00+00:00,113.0625,113.0625,113.0625,113.0625,184.0
2025-06-17 10:41:00+00:00,113.0625,113.0625,113.0625,113.0625,19.0
2025-06-17 10:42:00+00:00,113.0625,113.0625,113.0625,113.0625,87.0
2025-06-17 10:43:00+00:00,113.0625,113.0625,113.0625,113.0625,43.0
2025-06-17 10:44:00+00:00,113.0625,113.0625,113.0625,113.0625,35.0
2025-06-17 10:45:00+00:00,113.09375,113.09375,113.09375,113.09375,1.0
2025-06-17 10:46:00+00:00,113.09375,113.09375,113.09375,113.09375,302.0
2025-06-17 10:47:00+00:00,113.09375,113.09375,113.09375,113.09375,122.0
2025-06-17 10:48:00+00:00,113.09375,113.125,113.0625,113.125,178.0
2025-06-17 10:49:00+00:00,113.09375,113.09375,113.0625,113.09375,6.0
2025-06-17 10:50:00+00:00,113.0625,113.0625,113.0625,113.0625,94.0
2025-06-17 10:51:00+00:00,113.03125,113.0625,113.03125,113.0625,85.0
2025-06-17 10:53:00+00:00,113.03125,113.0625,113.03125,113.0625,276.0
2025-06-17 10:54:00+00:00,113.03125,113.03125,113.03125,113.03125,1.0
2025-06-17 10:55:00+00:00,113.0625,113.0625,113.0625,113.0625,108.0
2025-06-17 10:56:00+00:00,113.0625,113.0625,113.0625,113.0625,5.0
2025-06-17 10:59:00+00:00,113.03125,113.0625,113.03125,113.03125,4.0
2025-06-17 11:00:00+00:00,113.03125,113.0625,113.03125,113.03125,111.0
2025-06-17 11:03:00+00:00,113.0,113.03125,113.0,113.03125,159.0
2025-06-17 11:04:00+00:00,113.03125,113.03125,113.03125,113.03125,60.0
2025-06-17 11:06:00+00:00,113.0625,113.0625,113.0625,113.0625,118.0
2025-06-17 11:07:00+00:00,113.0625,113.0625,113.0625,113.0625,153.0
2025-06-17 11:09:00+00:00,113.03125,113.0625,113.03125,113.0625,19.0
2025-06-17 11:11:00+00:00,113.0625,113.0625,113.0625,113.0625,158.0
2025-06-17 11:12:00+00:00,113.0625,113.0625,113.0625,113.0625,152.0
2025-06-17 11:13:00+00:00,113.09375,113.09375,113.09375,113.09375,27.0
2025-06-17 11:14:00+00:00,113.09375,113.09375,113.0625,113.0625,90.0
2025-06-17 11:15:00+00:00,113.0625,113.125,113.0625,113.09375,150.0
2025-06-17 11:16:00+00:00,113.0625,113.0625,113.0625,113.0625,1.0
2025-06-17 11:17:00+00:00,113.09375,113.09375,113.09375,113.09375,4.0
2025-06-17 11:20:00+00:00,113.0625,113.0625,113.0625,113.0625,20.0
2025-06-17 11:21:00+00:00,113.09375,113.09375,113.09375,113.09375,314.0
2025-06-17 11:22:00+00:00,113.125,113.125,113.0625,113.09375,1381.0
2025-06-17 11:23:00+00:00,113.125,113.125,113.125,113.125,703.0
2025-06-17 11:24:00+00:00,113.125,113.125,113.125,113.125,26.0
2025-06-17 11:25:00+00:00,113.125,113.125,113.125,113.125,220.0
2025-06-17 11:26:00+00:00,113.125,113.125,113.09375,113.125,107.0
2025-06-17 11:27:00+00:00,113.125,113.125,113.125,113.125,444.0
2025-06-17 11:28:00+00:00,113.125,113.15625,113.125,113.15625,401.0
2025-06-17 11:29:00+00:00,113.125,113.125,113.125,113.125,364.0
2025-06-17 11:30:00+00:00,113.15625,113.15625,113.125,113.125,557.0
2025-06-17 11:31:00+00:00,113.125,113.15625,113.125,113.15625,515.0
2025-06-17 11:32:00+00:00,113.15625,113.15625,113.125,113.15625,547.0
2025-06-17 11:33:00+00:00,113.1875,113.1875,113.15625,113.15625,282.0
2025-06-17 11:34:00+00:00,113.1875,113.1875,113.1875,113.1875,136.0
2025-06-17 11:35:00+00:00,113.1875,113.21875,113.1875,113.1875,138.0
2025-06-17 11:36:00+00:00,113.21875,113.21875,113.21875,113.21875,172.0
2025-06-17 11:37:00+00:00,113.15625,113.1875,113.15625,113.1875,801.0
2025-06-17 11:38:00+00:00,113.125,113.125,113.125,113.125,16.0
2025-06-17 11:39:00+00:00,113.15625,113.15625,113.15625,113.15625,1.0
2025-06-17 11:40:00+00:00,113.15625,113.15625,113.15625,113.15625,152.0
2025-06-17 11:41:00+00:00,113.1875,113.1875,113.1875,113.1875,72.0
2025-06-17 11:42:00+00:00,113.15625,113.15625,113.15625,113.15625,194.0
2025-06-17 11:43:00+00:00,113.15625,113.15625,113.15625,113.15625,177.0
2025-06-17 11:44:00+00:00,113.15625,113.1875,113.15625,113.15625,463.0
2025-06-17 11:45:00+00:00,113.1875,113.1875,113.15625,113.15625,32.0
2025-06-17 11:46:00+00:00,113.21875,113.21875,113.15625,113.1875,429.0
2025-06-17 11:47:00+00:00,113.25,113.25,113.25,113.25,390.0
2025-06-17 11:48:00+00:00,113.25,113.25,113.21875,113.25,21.0
2025-06-17 11:49:00+00:00,113.25,113.28125,113.25,113.25,698.0
2025-06-17 11:50:00+00:00,113.25,113.28125,113.25,113.25,216.0
2025-06-17 11:51:00+00:00,113.21875,113.28125,113.21875,113.28125,366.0
2025-06-17 11:52:00+00:00,113.21875,113.25,113.21875,113.21875,574.0
2025-06-17 11:53:00+00:00,113.25,113.25,113.21875,113.21875,37.0
2025-06-17 11:54:00+00:00,113.25,113.25,113.25,113.25,2.0
2025-06-17 11:55:00+00:00,113.21875,113.25,113.21875,113.25,403.0
2025-06-17 11:56:00+00:00,113.21875,113.21875,113.1875,113.21875,84.0
2025-06-17 11:57:00+00:00,113.21875,113.21875,113.1875,113.1875,43.0
2025-06-17 11:58:00+00:00,113.21875,113.21875,113.21875,113.21875,579.0
2025-06-17 11:59:00+00:00,113.21875,113.21875,113.1875,113.21875,188.0
2025-06-17 12:00:00+00:00,113.21875,113.25,113.15625,113.1875,860.0
2025-06-17 12:01:00+00:00,113.25,113.25,113.21875,113.21875,251.0
2025-06-17 12:02:00+00:00,113.21875,113.25,113.21875,113.25,232.0
2025-06-17 12:03:00+00:00,113.25,113.25,113.21875,113.21875,14.0
2025-06-17 12:04:00+00:00,113.21875,113.25,113.21875,113.21875,9.0
2025-06-17 12:05:00+00:00,113.28125,113.28125,113.21875,113.25,1060.0
2025-06-17 12:06:00+00:00,113.3125,113.3125,113.28125,113.28125,335.0
2025-06-17 12:07:00+00:00,113.3125,113.3125,113.28125,113.28125,179.0
2025-06-17 12:08:00+00:00,113.25,113.3125,113.25,113.3125,201.0
2025-06-17 12:09:00+00:00,113.3125,113.3125,113.28125,113.28125,488.0
2025-06-17 12:10:00+00:00,113.3125,113.3125,113.3125,113.3125,23.0
2025-06-17 12:11:00+00:00,113.28125,113.3125,113.25,113.3125,409.0
2025-06-17 12:12:00+00:00,113.25,113.25,113.21875,113.25,401.0
2025-06-17 12:13:00+00:00,113.28125,113.28125,113.28125,113.28125,251.0
2025-06-17 12:14:00+00:00,113.28125,113.28125,113.28125,113.28125,34.0
2025-06-17 12:16:00+00:00,113.34375,113.34375,113.3125,113.3125,587.0
2025-06-17 12:17:00+00:00,113.34375,113.34375,113.34375,113.34375,384.0
2025-06-17 12:18:00+00:00,113.375,113.375,113.375,113.375,1152.0
2025-06-17 12:19:00+00:00,113.34375,113.375,113.3125,113.375,460.0
2025-06-17 12:20:00+00:00,113.25,113.34375,113.25,113.3125,867.0
2025-06-17 12:21:00+00:00,113.25,113.28125,113.21875,113.25,721.0
2025-06-17 12:23:00+00:00,113.3125,113.3125,113.28125,113.3125,464.0
2025-06-17 12:24:00+00:00,113.25,113.3125,113.25,113.3125,386.0
2025-06-17 12:25:00+00:00,113.25,113.28125,113.25,113.28125,848.0
2025-06-17 12:26:00+00:00,113.25,113.25,113.21875,113.25,906.0
2025-06-17 12:27:00+00:00,113.28125,113.3125,113.25,113.25,496.0
2025-06-17 12:28:00+00:00,113.34375,113.375,113.28125,113.28125,898.0
2025-06-17 12:29:00+00:00,113.3125,113.34375,113.28125,113.34375,634.0
2025-06-17 12:30:00+00:00,113.28125,113.59375,113.1875,113.3125,4818.0
2025-06-17 12:31:00+00:00,113.3125,113.34375,113.25,113.28125,760.0
2025-06-17 12:32:00+00:00,113.3125,113.3125,113.28125,113.28125,700.0
2025-06-17 12:33:00+00:00,113.3125,113.375,113.3125,113.3125,1329.0
2025-06-17 12:34:00+00:00,113.40625,113.40625,113.3125,113.3125,1301.0
2025-06-17 12:35:00+00:00,113.4375,113.4375,113.40625,113.40625,2271.0
2025-06-17 12:36:00+00:00,113.3125,113.4375,113.3125,113.4375,1698.0
2025-06-17 12:37:00+00:00,113.3125,113.3125,113.28125,113.3125,691.0
2025-06-17 12:38:00+00:00,113.375,113.375,113.34375,113.34375,769.0
2025-06-17 12:39:00+00:00,113.375,113.375,113.34375,113.375,162.0
2025-06-17 12:40:00+00:00,113.40625,113.4375,113.34375,113.375,335.0
2025-06-17 12:41:00+00:00,113.40625,113.4375,113.375,113.40625,552.0
2025-06-17 12:42:00+00:00,113.40625,113.40625,113.34375,113.40625,603.0
2025-06-17 12:43:00+00:00,113.34375,113.4375,113.3125,113.40625,931.0
2025-06-17 12:44:00+00:00,113.34375,113.40625,113.34375,113.34375,512.0
2025-06-17 12:45:00+00:00,113.375,113.375,113.34375,113.375,1048.0
2025-06-17 12:46:00+00:00,113.34375,113.40625,113.34375,113.40625,1284.0
2025-06-17 12:47:00+00:00,113.3125,113.375,113.3125,113.375,865.0
2025-06-17 12:48:00+00:00,113.25,113.34375,113.25,113.3125,923.0
2025-06-17 12:49:00+00:00,113.1875,113.25,113.1875,113.25,1161.0
2025-06-17 12:51:00+00:00,113.15625,113.1875,113.15625,113.15625,1572.0
2025-06-17 12:52:00+00:00,113.15625,113.15625,113.125,113.15625,75.0
2025-06-17 12:53:00+00:00,113.15625,113.15625,113.125,113.125,289.0
2025-06-17 12:54:00+00:00,113.1875,113.1875,113.15625,113.1875,172.0
2025-06-17 12:55:00+00:00,113.125,113.1875,113.125,113.15625,195.0
2025-06-17 12:56:00+00:00,113.125,113.125,113.125,113.125,506.0
2025-06-17 12:57:00+00:00,113.125,113.125,113.09375,113.125,459.0
2025-06-17 12:58:00+00:00,113.125,113.125,113.09375,113.09375,183.0
2025-06-17 12:59:00+00:00,113.09375,113.125,113.0625,113.125,990.0
2025-06-17 13:00:00+00:00,113.125,113.125,113.09375,113.09375,471.0
2025-06-17 13:01:00+00:00,113.09375,113.125,113.09375,113.09375,826.0
2025-06-17 13:02:00+00:00,113.125,113.125,113.09375,113.09375,410.0
2025-06-17 13:03:00+00:00,113.15625,113.15625,113.125,113.125,335.0
2025-06-17 13:04:00+00:00,113.09375,113.15625,113.09375,113.15625,313.0
2025-06-17 13:05:00+00:00,113.125,113.15625,113.09375,113.09375,351.0
2025-06-17 13:06:00+00:00,113.15625,113.15625,113.125,113.125,416.0
2025-06-17 13:07:00+00:00,113.1875,113.21875,113.1875,113.1875,197.0
2025-06-17 13:08:00+00:00,113.21875,113.21875,113.15625,113.1875,595.0
2025-06-17 13:09:00+00:00,113.1875,113.21875,113.15625,113.21875,411.0
2025-06-17 13:10:00+00:00,113.1875,113.1875,113.15625,113.1875,113.0
2025-06-17 13:11:00+00:00,113.1875,113.1875,113.15625,113.1875,109.0
2025-06-17 13:12:00+00:00,113.1875,113.21875,113.1875,113.1875,300.0
2025-06-17 13:13:00+00:00,113.15625,113.15625,113.125,113.15625,226.0
2025-06-17 13:14:00+00:00,113.09375,113.125,113.09375,113.125,613.0
2025-06-17 13:15:00+00:00,113.15625,113.1875,113.09375,113.09375,230.0
2025-06-17 13:16:00+00:00,113.1875,113.21875,113.15625,113.1875,590.0
2025-06-17 13:17:00+00:00,113.15625,113.1875,113.15625,113.1875,268.0
2025-06-17 13:18:00+00:00,113.125,113.125,113.125,113.125,309.0
2025-06-17 13:19:00+00:00,113.0625,113.125,113.03125,113.125,1589.0
2025-06-17 13:22:00+00:00,113.09375,113.09375,113.0625,113.0625,1297.0
2025-06-17 13:23:00+00:00,113.09375,113.09375,113.09375,113.09375,15.0
2025-06-17 13:24:00+00:00,113.0625,113.09375,113.0625,113.09375,391.0
2025-06-17 13:25:00+00:00,113.0625,113.0625,113.03125,113.03125,257.0
2025-06-17 13:26:00+00:00,113.09375,113.09375,113.0625,113.0625,434.0
2025-06-17 13:27:00+00:00,113.125,113.15625,113.125,113.125,733.0
2025-06-17 13:28:00+00:00,113.125,113.15625,113.125,113.15625,117.0
2025-06-17 13:29:00+00:00,113.125,113.15625,113.09375,113.125,732.0
2025-06-17 13:30:00+00:00,113.125,113.125,113.09375,113.125,643.0
2025-06-17 13:31:00+00:00,113.125,113.15625,113.125,113.125,321.0
2025-06-17 13:32:00+00:00,113.15625,113.15625,113.125,113.15625,21.0
2025-06-17 13:33:00+00:00,113.15625,113.15625,113.15625,113.15625,220.0
2025-06-17 13:34:00+00:00,113.09375,113.125,113.09375,113.125,466.0
2025-06-17 13:38:00+00:00,113.0625,113.125,113.0625,113.125,1937.0
2025-06-17 13:39:00+00:00,113.0625,113.0625,113.0625,113.0625,814.0
2025-06-17 13:40:00+00:00,113.03125,113.0625,113.03125,113.0625,1099.0
2025-06-17 13:41:00+00:00,113.0625,113.0625,113.0625,113.0625,111.0
2025-06-17 13:42:00+00:00,113.0625,113.0625,113.03125,113.03125,513.0
2025-06-17 13:43:00+00:00,113.09375,113.09375,113.0625,113.0625,674.0
2025-06-17 13:45:00+00:00,113.09375,113.09375,113.03125,113.0625,581.0
2025-06-17 13:46:00+00:00,113.03125,113.0625,113.03125,113.0625,552.0
2025-06-17 13:47:00+00:00,113.0,113.03125,112.96875,113.03125,2052.0
2025-06-17 13:48:00+00:00,113.0,113.0,113.0,113.0,454.0
2025-06-17 13:49:00+00:00,113.0,113.0,113.0,113.0,441.0
2025-06-17 13:50:00+00:00,112.9375,113.0,112.9375,113.0,541.0
2025-06-17 13:51:00+00:00,112.9375,112.9375,112.9375,112.9375,34.0
2025-06-17 13:52:00+00:00,112.96875,112.96875,112.9375,112.9375,105.0
2025-06-17 13:55:00+00:00,113.0,113.0,112.96875,113.0,618.0
2025-06-17 13:56:00+00:00,112.96875,113.0,112.9375,113.0,696.0
2025-06-17 13:57:00+00:00,112.9375,112.9375,112.9375,112.9375,46.0
2025-06-17 13:58:00+00:00,112.96875,112.96875,112.96875,112.96875,475.0
2025-06-17 13:59:00+00:00,113.0,113.0,112.9375,112.96875,555.0
2025-06-17 14:00:00+00:00,113.0,113.03125,112.96875,113.0,822.0
2025-06-17 14:01:00+00:00,112.9375,112.96875,112.9375,112.96875,692.0
2025-06-17 14:03:00+00:00,112.875,112.96875,112.875,112.9375,747.0
2025-06-17 14:04:00+00:00,112.875,112.90625,112.875,112.90625,1748.0
2025-06-17 14:05:00+00:00,112.90625,112.90625,112.84375,112.875,1802.0
2025-06-17 14:06:00+00:00,112.90625,112.9375,112.90625,112.90625,404.0
2025-06-17 14:07:00+00:00,112.9375,112.9375,112.875,112.875,222.0
2025-06-17 14:08:00+00:00,112.9375,112.9375,112.9375,112.9375,435.0
2025-06-17 14:09:00+00:00,112.9375,112.96875,112.9375,112.9375,58.0
2025-06-17 14:10:00+00:00,112.96875,112.96875,112.9375,112.96875,53.0
2025-06-17 14:12:00+00:00,113.0,113.0,113.0,113.0,680.0
2025-06-17 14:13:00+00:00,113.0,113.0,112.96875,113.0,54.0
2025-06-17 14:14:00+00:00,112.96875,113.0,112.96875,113.0,229.0
2025-06-17 14:15:00+00:00,112.96875,113.0,112.96875,113.0,788.0
2025-06-17 14:16:00+00:00,113.0,113.0,113.0,113.0,287.0
2025-06-17 14:17:00+00:00,113.0,113.0,112.96875,113.0,924.0
2025-06-17 14:18:00+00:00,113.03125,113.03125,113.0,113.0,1042.0
2025-06-17 14:19:00+00:00,112.96875,113.0625,112.96875,113.03125,569.0
2025-06-17 14:20:00+00:00,113.0,113.03125,113.0,113.0,290.0
2025-06-17 14:21:00+00:00,113.03125,113.0625,113.0,113.0,484.0
2025-06-17 14:22:00+00:00,113.03125,113.03125,113.03125,113.03125,26.0
2025-06-17 14:23:00+00:00,113.03125,113.03125,113.0,113.0,49.0
2025-06-17 14:24:00+00:00,113.03125,113.0625,113.03125,113.03125,933.0
2025-06-17 14:25:00+00:00,113.0625,113.0625,113.0625,113.0625,154.0
2025-06-17 14:26:00+00:00,113.03125,113.09375,113.03125,113.0625,941.0
2025-06-17 14:27:00+00:00,113.03125,113.0625,113.03125,113.03125,492.0
2025-06-17 14:28:00+00:00,113.0625,113.0625,113.03125,113.03125,510.0
2025-06-17 14:31:00+00:00,113.125,113.125,113.09375,113.09375,1782.0
2025-06-17 14:32:00+00:00,113.125,113.125,113.0625,113.09375,467.0
2025-06-17 14:33:00+00:00,113.125,113.125,113.09375,113.09375,598.0
2025-06-17 14:34:00+00:00,113.125,113.125,113.09375,113.09375,414.0
2025-06-17 14:35:00+00:00,113.125,113.125,113.125,113.125,796.0
2025-06-17 14:36:00+00:00,113.09375,113.125,113.09375,113.125,284.0
2025-06-17 14:37:00+00:00,113.09375,113.125,113.0625,113.09375,460.0
2025-06-17 14:38:00+00:00,113.09375,113.09375,113.09375,113.09375,881.0
2025-06-17 14:39:00+00:00,113.0,113.0625,113.0,113.0625,687.0
2025-06-17 14:40:00+00:00,113.0,113.03125,113.0,113.03125,76.0
2025-06-17 14:41:00+00:00,113.03125,113.03125,113.0,113.0,30.0
2025-06-17 14:42:00+00:00,113.0,113.03125,113.0,113.0,267.0
2025-06-17 14:43:00+00:00,113.0,113.03125,113.0,113.0,122.0
2025-06-17 14:44:00+00:00,113.03125,113.03125,113.0,113.03125,271.0
2025-06-17 14:45:00+00:00,112.96875,113.03125,112.96875,113.03125,672.0
2025-06-17 14:46:00+00:00,113.0,113.0,113.0,113.0,1242.0
2025-06-17 14:50:00+00:00,113.03125,113.0625,113.03125,113.03125,2530.0
2025-06-17 14:51:00+00:00,113.0625,113.0625,113.03125,113.03125,402.0
2025-06-17 14:52:00+00:00,113.0625,113.09375,113.03125,113.0625,1518.0
2025-06-17 14:53:00+00:00,113.09375,113.09375,113.0625,113.09375,568.0
2025-06-17 14:54:00+00:00,113.125,113.125,113.09375,113.09375,274.0
2025-06-17 14:55:00+00:00,113.125,113.125,113.09375,113.125,115.0
2025-06-17 14:56:00+00:00,113.15625,113.15625,113.125,113.125,398.0
2025-06-17 14:57:00+00:00,113.15625,113.15625,113.125,113.15625,121.0
2025-06-17 14:58:00+00:00,113.15625,113.1875,113.125,113.15625,677.0
2025-06-17 14:59:00+00:00,113.125,113.15625,113.09375,113.15625,938.0
2025-06-17 15:00:00+00:00,113.15625,113.15625,113.125,113.125,792.0
2025-06-17 15:01:00+00:00,113.1875,113.1875,113.15625,113.1875,154.0
2025-06-17 15:02:00+00:00,113.15625,113.1875,113.15625,113.1875,113.0
2025-06-17 15:03:00+00:00,113.15625,113.1875,113.15625,113.15625,75.0
2025-06-17 15:04:00+00:00,113.15625,113.1875,113.15625,113.1875,276.0
2025-06-17 15:05:00+00:00,113.1875,113.1875,113.15625,113.1875,862.0
2025-06-17 15:06:00+00:00,113.1875,113.21875,113.15625,113.1875,453.0
2025-06-17 15:09:00+00:00,113.21875,113.21875,113.1875,113.21875,569.0
2025-06-17 15:10:00+00:00,113.1875,113.21875,113.15625,113.21875,346.0
2025-06-17 15:11:00+00:00,113.21875,113.21875,113.15625,113.15625,376.0
2025-06-17 15:12:00+00:00,113.15625,113.21875,113.15625,113.21875,1387.0
2025-06-17 15:13:00+00:00,113.1875,113.1875,113.1875,113.1875,312.0
2025-06-17 15:14:00+00:00,113.21875,113.21875,113.1875,113.1875,1494.0
2025-06-17 15:15:00+00:00,113.21875,113.21875,113.1875,113.1875,563.0
2025-06-17 15:16:00+00:00,113.21875,113.21875,113.21875,113.21875,503.0
2025-06-17 15:17:00+00:00,113.1875,113.21875,113.1875,113.21875,247.0
2025-06-17 15:18:00+00:00,113.21875,113.21875,113.1875,113.21875,667.0
2025-06-17 15:19:00+00:00,113.21875,113.25,113.21875,113.25,439.0
2025-06-17 15:20:00+00:00,113.21875,113.21875,113.21875,113.21875,684.0
2025-06-17 15:21:00+00:00,113.25,113.25,113.21875,113.21875,227.0
2025-06-17 15:22:00+00:00,113.1875,113.25,113.1875,113.25,627.0
2025-06-17 15:23:00+00:00,113.15625,113.1875,113.15625,113.1875,311.0
2025-06-17 15:24:00+00:00,113.1875,113.1875,113.1875,113.1875,375.0
2025-06-17 15:30:00+00:00,113.1875,113.21875,113.1875,113.21875,2898.0
2025-06-17 15:31:00+00:00,113.21875,113.21875,113.21875,113.21875,20.0
2025-06-17 15:32:00+00:00,113.1875,113.21875,113.1875,113.21875,773.0
2025-06-17 15:33:00+00:00,113.21875,113.21875,113.1875,113.1875,98.0
2025-06-17 15:34:00+00:00,113.21875,113.21875,113.1875,113.1875,243.0
2025-06-17 15:35:00+00:00,113.21875,113.21875,113.21875,113.21875,615.0
2025-06-17 15:36:00+00:00,113.25,113.25,113.21875,113.21875,204.0
2025-06-17 15:37:00+00:00,113.25,113.25,113.25,113.25,20.0
2025-06-17 15:38:00+00:00,113.25,113.25,113.21875,113.25,381.0
2025-06-17 15:39:00+00:00,113.25,113.25,113.25,113.25,506.0
2025-06-17 15:40:00+00:00,113.25,113.28125,113.25,113.25,770.0
2025-06-17 15:41:00+00:00,113.25,113.28125,113.25,113.28125,460.0
2025-06-17 15:42:00+00:00,113.25,113.25,113.21875,113.25,38.0
2025-06-17 15:43:00+00:00,113.25,113.25,113.25,113.25,17.0
2025-06-17 15:44:00+00:00,113.21875,113.25,113.21875,113.25,1001.0
2025-06-17 15:45:00+00:00,113.21875,113.25,113.21875,113.25,16.0
2025-06-17 15:46:00+00:00,113.25,113.28125,113.21875,113.25,1074.0
2025-06-17 15:49:00+00:00,113.25,113.25,113.25,113.25,1044.0
2025-06-17 15:50:00+00:00,113.28125,113.28125,113.25,113.25,329.0
2025-06-17 15:51:00+00:00,113.28125,113.28125,113.28125,113.28125,1226.0
2025-06-17 15:52:00+00:00,113.28125,113.3125,113.28125,113.28125,548.0
2025-06-17 15:53:00+00:00,113.28125,113.28125,113.25,113.28125,92.0
2025-06-17 15:54:00+00:00,113.25,113.25,113.25,113.25,15.0
2025-06-17 15:55:00+00:00,113.28125,113.28125,113.25,113.25,494.0
2025-06-17 15:56:00+00:00,113.3125,113.3125,113.28125,113.28125,94.0
2025-06-17 15:57:00+00:00,113.28125,113.3125,113.25,113.28125,548.0
2025-06-17 15:58:00+00:00,113.28125,113.28125,113.25,113.25,208.0
2025-06-17 15:59:00+00:00,113.28125,113.3125,113.28125,113.3125,90.0
2025-06-17 16:00:00+00:00,113.3125,113.3125,113.3125,113.3125,1382.0
2025-06-17 16:01:00+00:00,113.34375,113.34375,113.34375,113.34375,442.0
2025-06-17 16:02:00+00:00,113.34375,113.375,113.34375,113.34375,678.0
2025-06-17 16:03:00+00:00,113.34375,113.34375,113.34375,113.34375,296.0
2025-06-17 16:04:00+00:00,113.34375,113.375,113.34375,113.34375,699.0
2025-06-17 16:05:00+00:00,113.3125,113.34375,113.3125,113.34375,94.0
2025-06-17 16:06:00+00:00,113.3125,113.34375,113.3125,113.34375,805.0
2025-06-17 16:07:00+00:00,113.28125,113.3125,113.28125,113.3125,128.0
2025-06-17 16:08:00+00:00,113.3125,113.3125,113.28125,113.3125,249.0
2025-06-17 16:09:00+00:00,113.28125,113.3125,113.28125,113.28125,48.0
2025-06-17 16:10:00+00:00,113.3125,113.3125,113.28125,113.28125,26.0
2025-06-17 16:11:00+00:00,113.3125,113.3125,113.3125,113.3125,708.0
2025-06-17 16:14:00+00:00,113.34375,113.34375,113.3125,113.3125,523.0
2025-06-17 16:15:00+00:00,113.3125,113.34375,113.3125,113.34375,32.0
2025-06-17 16:16:00+00:00,113.375,113.375,113.34375,113.34375,124.0
2025-06-17 16:17:00+00:00,113.375,113.375,113.375,113.375,37.0
2025-06-17 16:18:00+00:00,113.375,113.375,113.375,113.375,16.0
2025-06-17 16:19:00+00:00,113.375,113.40625,113.375,113.375,882.0
2025-06-17 16:20:00+00:00,113.40625,113.40625,113.375,113.375,1174.0
2025-06-17 16:21:00+00:00,113.40625,113.40625,113.40625,113.40625,427.0
2025-06-17 16:22:00+00:00,113.4375,113.4375,113.4375,113.4375,101.0
2025-06-17 16:23:00+00:00,113.4375,113.4375,113.4375,113.4375,2.0
2025-06-17 16:24:00+00:00,113.40625,113.4375,113.40625,113.40625,979.0
2025-06-17 16:25:00+00:00,113.40625,113.4375,113.40625,113.40625,644.0
2025-06-17 16:26:00+00:00,113.40625,113.40625,113.40625,113.40625,393.0
2025-06-17 16:27:00+00:00,113.375,113.40625,113.375,113.40625,348.0
2025-06-17 16:28:00+00:00,113.40625,113.40625,113.40625,113.40625,3.0
2025-06-17 16:29:00+00:00,113.40625,113.40625,113.375,113.40625,43.0
2025-06-17 16:30:00+00:00,113.4375,113.4375,113.375,113.40625,1195.0
2025-06-17 16:31:00+00:00,113.40625,113.4375,113.40625,113.40625,413.0
2025-06-17 16:32:00+00:00,113.40625,113.40625,113.40625,113.40625,2.0
2025-06-17 16:33:00+00:00,113.4375,113.4375,113.375,113.40625,772.0
2025-06-17 16:34:00+00:00,113.40625,113.4375,113.40625,113.4375,187.0
2025-06-17 16:35:00+00:00,113.4375,113.4375,113.40625,113.4375,42.0
2025-06-17 16:38:00+00:00,113.40625,113.40625,113.40625,113.40625,1778.0
2025-06-17 16:39:00+00:00,113.40625,113.40625,113.375,113.40625,525.0
2025-06-17 16:40:00+00:00,113.375,113.40625,113.375,113.40625,1207.0
2025-06-17 16:41:00+00:00,113.40625,113.40625,113.375,113.40625,557.0
2025-06-17 16:42:00+00:00,113.4375,113.4375,113.40625,113.40625,32.0
2025-06-17 16:43:00+00:00,113.40625,113.4375,113.40625,113.4375,95.0
2025-06-17 16:44:00+00:00,113.40625,113.4375,113.40625,113.4375,161.0
2025-06-17 16:45:00+00:00,113.40625,113.40625,113.40625,113.40625,1.0
2025-06-17 16:46:00+00:00,113.40625,113.4375,113.40625,113.4375,704.0
2025-06-17 16:47:00+00:00,113.40625,113.40625,113.40625,113.40625,287.0
2025-06-17 16:48:00+00:00,113.375,113.375,113.375,113.375,281.0
2025-06-17 16:49:00+00:00,113.375,113.375,113.375,113.375,26.0
2025-06-17 16:50:00+00:00,113.4375,113.4375,113.375,113.375,1301.0
2025-06-17 16:51:00+00:00,113.4375,113.46875,113.40625,113.4375,862.0
2025-06-17 16:52:00+00:00,113.4375,113.46875,113.4375,113.4375,458.0
2025-06-17 16:56:00+00:00,113.4375,113.46875,113.4375,113.46875,2622.0
2025-06-17 16:57:00+00:00,113.40625,113.4375,113.40625,113.4375,231.0
2025-06-17 16:58:00+00:00,113.40625,113.40625,113.40625,113.40625,408.0
2025-06-17 16:59:00+00:00,113.40625,113.40625,113.375,113.40625,148.0
2025-06-17 17:00:00+00:00,113.375,113.40625,113.375,113.40625,931.0
2025-06-17 17:01:00+00:00,113.375,113.375,113.375,113.375,216.0
2025-06-17 17:02:00+00:00,113.375,113.4375,113.375,113.40625,622.0
2025-06-17 17:03:00+00:00,113.40625,113.40625,113.375,113.375,633.0
2025-06-17 17:04:00+00:00,113.40625,113.40625,113.40625,113.40625,30.0
2025-06-17 17:05:00+00:00,113.40625,113.40625,113.375,113.375,852.0
2025-06-17 17:06:00+00:00,113.40625,113.4375,113.40625,113.4375,251.0
2025-06-17 17:07:00+00:00,113.4375,113.4375,113.40625,113.40625,304.0
2025-06-17 17:08:00+00:00,113.4375,113.4375,113.4375,113.4375,665.0
2025-06-17 17:09:00+00:00,113.46875,113.46875,113.4375,113.4375,629.0
2025-06-17 17:10:00+00:00,113.40625,113.4375,113.40625,113.4375,241.0
2025-06-17 17:11:00+00:00,113.4375,113.4375,113.4375,113.4375,58.0
2025-06-17 17:12:00+00:00,113.46875,113.46875,113.4375,113.4375,208.0
2025-06-17 17:13:00+00:00,113.40625,113.4375,113.40625,113.4375,192.0
2025-06-17 17:14:00+00:00,113.4375,113.4375,113.4375,113.4375,48.0
2025-06-17 17:17:00+00:00,113.5,113.5,113.4375,113.4375,3635.0
2025-06-17 17:18:00+00:00,113.46875,113.5,113.4375,113.46875,901.0
2025-06-17 17:19:00+00:00,113.5,113.5,113.46875,113.46875,396.0
2025-06-17 17:20:00+00:00,113.5,113.53125,113.5,113.5,798.0
2025-06-17 17:21:00+00:00,113.46875,113.5,113.46875,113.5,604.0
2025-06-17 17:22:00+00:00,113.4375,113.46875,113.4375,113.4375,13.0
2025-06-17 17:23:00+00:00,113.46875,113.46875,113.4375,113.46875,266.0
2025-06-17 17:24:00+00:00,113.46875,113.46875,113.4375,113.46875,45.0
2025-06-17 17:25:00+00:00,113.46875,113.46875,113.46875,113.46875,113.0
2025-06-17 17:26:00+00:00,113.46875,113.46875,113.46875,113.46875,38.0
2025-06-17 17:27:00+00:00,113.46875,113.46875,113.40625,113.46875,1257.0
2025-06-17 17:28:00+00:00,113.46875,113.46875,113.46875,113.46875,82.0
2025-06-17 17:29:00+00:00,113.46875,113.46875,113.4375,113.46875,451.0
2025-06-17 17:32:00+00:00,113.5,113.5,113.5,113.5,841.0
2025-06-17 17:33:00+00:00,113.5,113.5,113.46875,113.5,535.0
2025-06-17 17:34:00+00:00,113.53125,113.5625,113.53125,113.53125,755.0
2025-06-17 17:35:00+00:00,113.53125,113.53125,113.5,113.53125,575.0
2025-06-17 17:36:00+00:00,113.5,113.5,113.5,113.5,250.0
2025-06-17 17:37:00+00:00,113.5,113.53125,113.5,113.5,269.0
2025-06-17 17:38:00+00:00,113.5625,113.5625,113.53125,113.53125,891.0
2025-06-17 17:39:00+00:00,113.5625,113.59375,113.5625,113.5625,483.0
2025-06-17 17:40:00+00:00,113.5625,113.59375,113.5625,113.59375,776.0
2025-06-17 17:41:00+00:00,113.59375,113.59375,113.53125,113.5625,104.0
2025-06-17 17:42:00+00:00,113.59375,113.59375,113.5625,113.5625,67.0
2025-06-17 17:43:00+00:00,113.59375,113.625,113.5625,113.5625,303.0
2025-06-17 17:44:00+00:00,113.625,113.65625,113.59375,113.625,885.0
2025-06-17 17:45:00+00:00,113.625,113.65625,113.625,113.65625,275.0
2025-06-17 17:46:00+00:00,113.59375,113.65625,113.59375,113.65625,1484.0
2025-06-17 17:47:00+00:00,113.625,113.625,113.5625,113.59375,374.0
2025-06-17 17:48:00+00:00,113.625,113.625,113.59375,113.59375,63.0
2025-06-17 17:49:00+00:00,113.625,113.625,113.59375,113.625,439.0
2025-06-17 17:50:00+00:00,113.65625,113.65625,113.59375,113.625,754.0
2025-06-17 17:51:00+00:00,113.625,113.65625,113.625,113.65625,737.0
2025-06-17 17:52:00+00:00,113.625,113.65625,113.625,113.65625,135.0
2025-06-17 17:53:00+00:00,113.59375,113.625,113.59375,113.625,811.0
2025-06-17 17:54:00+00:00,113.59375,113.625,113.59375,113.625,398.0
2025-06-17 17:55:00+00:00,113.625,113.625,113.625,113.625,36.0
2025-06-17 17:58:00+00:00,113.65625,113.65625,113.65625,113.65625,467.0
2025-06-17 17:59:00+00:00,113.625,113.65625,113.625,113.625,594.0
2025-06-17 18:00:00+00:00,113.625,113.65625,113.625,113.625,196.0
2025-06-17 18:01:00+00:00,113.625,113.65625,113.625,113.65625,514.0
2025-06-17 18:02:00+00:00,113.625,113.65625,113.625,113.65625,207.0
2025-06-17 18:03:00+00:00,113.65625,113.65625,113.625,113.625,29.0
2025-06-17 18:04:00+00:00,113.59375,113.65625,113.59375,113.625,1240.0
2025-06-17 18:05:00+00:00,113.59375,113.59375,113.59375,113.59375,28.0
2025-06-17 18:06:00+00:00,113.625,113.625,113.59375,113.625,153.0
2025-06-17 18:07:00+00:00,113.625,113.625,113.59375,113.59375,229.0
2025-06-17 18:08:00+00:00,113.625,113.625,113.59375,113.59375,619.0
2025-06-17 18:09:00+00:00,113.6875,113.6875,113.65625,113.65625,369.0
2025-06-17 18:10:00+00:00,113.71875,113.71875,113.65625,113.6875,1325.0
2025-06-17 18:11:00+00:00,113.6875,113.71875,113.6875,113.71875,1127.0
2025-06-17 18:12:00+00:00,113.6875,113.6875,113.6875,113.6875,75.0
2025-06-17 18:13:00+00:00,113.65625,113.6875,113.625,113.65625,497.0
2025-06-17 18:14:00+00:00,113.65625,113.6875,113.625,113.65625,704.0
2025-06-17 18:15:00+00:00,113.6875,113.6875,113.65625,113.65625,417.0
2025-06-17 18:16:00+00:00,113.71875,113.71875,113.6875,113.6875,750.0
2025-06-17 18:17:00+00:00,113.71875,113.71875,113.6875,113.71875,188.0
2025-06-17 18:18:00+00:00,113.75,113.75,113.6875,113.71875,1343.0
2025-06-17 18:19:00+00:00,113.75,113.75,113.71875,113.75,43.0
2025-06-17 18:20:00+00:00,113.71875,113.75,113.71875,113.75,589.0
2025-06-17 18:21:00+00:00,113.71875,113.75,113.71875,113.71875,24.0
2025-06-17 18:22:00+00:00,113.71875,113.75,113.71875,113.75,696.0
2025-06-17 18:23:00+00:00,113.71875,113.71875,113.71875,113.71875,512.0
2025-06-17 18:24:00+00:00,113.75,113.75,113.75,113.75,31.0
2025-06-17 18:25:00+00:00,113.75,113.75,113.71875,113.71875,167.0
2025-06-17 18:26:00+00:00,113.75,113.75,113.75,113.75,42.0
2025-06-17 18:27:00+00:00,113.75,113.75,113.71875,113.75,321.0
2025-06-17 18:28:00+00:00,113.75,113.78125,113.75,113.75,768.0
2025-06-17 18:29:00+00:00,113.78125,113.78125,113.78125,113.78125,541.0
2025-06-17 18:30:00+00:00,113.78125,113.8125,113.75,113.78125,755.0
2025-06-17 18:31:00+00:00,113.75,113.78125,113.75,113.78125,572.0
2025-06-17 18:33:00+00:00,113.71875,113.71875,113.71875,113.71875,730.0
2025-06-17 18:34:00+00:00,113.71875,113.71875,113.6875,113.6875,59.0
2025-06-17 18:35:00+00:00,113.6875,113.71875,113.6875,113.6875,451.0
2025-06-17 18:36:00+00:00,113.6875,113.6875,113.6875,113.6875,1021.0
2025-06-17 18:37:00+00:00,113.65625,113.6875,113.65625,113.6875,31.0
2025-06-17 18:38:00+00:00,113.625,113.6875,113.625,113.6875,1257.0
2025-06-17 18:39:00+00:00,113.625,113.6875,113.625,113.65625,815.0
2025-06-17 18:40:00+00:00,113.65625,113.65625,113.625,113.625,214.0
2025-06-17 18:41:00+00:00,113.65625,113.65625,113.625,113.65625,981.0
2025-06-17 18:42:00+00:00,113.59375,113.65625,113.59375,113.65625,532.0
2025-06-17 18:43:00+00:00,113.59375,113.625,113.59375,113.59375,1481.0
2025-06-17 18:44:00+00:00,113.5625,113.59375,113.5625,113.59375,164.0
2025-06-17 18:45:00+00:00,113.5625,113.59375,113.5625,113.59375,40.0
2025-06-17 18:46:00+00:00,113.5625,113.59375,113.5625,113.59375,1931.0
2025-06-17 18:47:00+00:00,113.5625,113.59375,113.53125,113.5625,497.0
2025-06-17 18:48:00+00:00,113.5625,113.59375,113.5625,113.5625,73.0
2025-06-17 18:49:00+00:00,113.5625,113.59375,113.5625,113.5625,269.0
2025-06-17 18:50:00+00:00,113.5625,113.59375,113.5625,113.5625,223.0
2025-06-17 18:51:00+00:00,113.59375,113.59375,113.5625,113.5625,408.0
2025-06-17 18:52:00+00:00,113.59375,113.59375,113.5625,113.59375,237.0
2025-06-17 18:53:00+00:00,113.59375,113.59375,113.59375,113.59375,339.0
2025-06-17 18:55:00+00:00,113.59375,113.625,113.59375,113.625,2055.0
2025-06-17 18:56:00+00:00,113.625,113.65625,113.625,113.625,414.0
2025-06-17 18:57:00+00:00,113.625,113.65625,113.625,113.65625,2449.0
2025-06-17 18:58:00+00:00,113.625,113.65625,113.625,113.625,1534.0
2025-06-17 18:59:00+00:00,113.65625,113.6875,113.625,113.65625,2589.0
2025-06-17 19:00:00+00:00,113.6875,113.6875,113.65625,113.65625,886.0
2025-06-17 19:01:00+00:00,113.6875,113.6875,113.65625,113.6875,56.0
2025-06-17 19:02:00+00:00,113.6875,113.6875,113.65625,113.6875,16.0
2025-06-17 19:03:00+00:00,113.6875,113.6875,113.6875,113.6875,64.0
2025-06-17 19:04:00+00:00,113.65625,113.6875,113.65625,113.6875,83.0
2025-06-17 19:05:00+00:00,113.6875,113.6875,113.65625,113.6875,46.0
2025-06-17 19:06:00+00:00,113.65625,113.6875,113.65625,113.6875,2260.0
2025-06-17 19:07:00+00:00,113.65625,113.65625,113.65625,113.65625,856.0
2025-06-17 19:08:00+00:00,113.6875,113.6875,113.65625,113.65625,12.0
2025-06-17 19:09:00+00:00,113.65625,113.65625,113.65625,113.65625,2.0
2025-06-17 19:10:00+00:00,113.6875,113.6875,113.65625,113.65625,62.0
2025-06-17 19:11:00+00:00,113.625,113.6875,113.625,113.6875,214.0
2025-06-17 19:12:00+00:00,113.65625,113.65625,113.65625,113.65625,549.0
2025-06-17 19:13:00+00:00,113.65625,113.65625,113.65625,113.65625,205.0
2025-06-17 19:14:00+00:00,113.65625,113.6875,113.65625,113.6875,151.0
2025-06-17 19:15:00+00:00,113.6875,113.6875,113.65625,113.65625,935.0
2025-06-17 19:16:00+00:00,113.65625,113.6875,113.65625,113.65625,8.0
2025-06-17 19:17:00+00:00,113.65625,113.65625,113.65625,113.65625,490.0
2025-06-17 19:18:00+00:00,113.65625,113.65625,113.625,113.625,317.0
2025-06-17 19:19:00+00:00,113.6875,113.6875,113.65625,113.65625,53.0
2025-06-17 19:20:00+00:00,113.6875,113.6875,113.65625,113.6875,185.0
2025-06-17 19:21:00+00:00,113.6875,113.6875,113.65625,113.65625,19.0
2025-06-17 19:25:00+00:00,113.6875,113.6875,113.65625,113.65625,712.0
2025-06-17 19:26:00+00:00,113.71875,113.71875,113.6875,113.6875,1775.0
2025-06-17 19:27:00+00:00,113.75,113.75,113.6875,113.6875,521.0
2025-06-17 19:28:00+00:00,113.75,113.78125,113.71875,113.75,1123.0
2025-06-17 19:29:00+00:00,113.75,113.78125,113.75,113.75,169.0
2025-06-17 19:30:00+00:00,113.71875,113.75,113.71875,113.75,108.0
2025-06-17 19:31:00+00:00,113.75,113.75,113.71875,113.71875,963.0
2025-06-17 19:32:00+00:00,113.71875,113.75,113.71875,113.75,12.0
2025-06-17 19:33:00+00:00,113.71875,113.71875,113.6875,113.71875,799.0
2025-06-17 19:34:00+00:00,113.6875,113.71875,113.6875,113.6875,27.0
2025-06-17 19:35:00+00:00,113.6875,113.71875,113.6875,113.71875,792.0
2025-06-17 19:36:00+00:00,113.71875,113.71875,113.6875,113.71875,3.0
2025-06-17 19:37:00+00:00,113.71875,113.71875,113.6875,113.6875,25.0
2025-06-17 19:38:00+00:00,113.6875,113.71875,113.6875,113.71875,9.0
2025-06-17 19:39:00+00:00,113.65625,113.6875,113.65625,113.6875,279.0
2025-06-17 19:40:00+00:00,113.65625,113.6875,113.65625,113.65625,3.0
2025-06-17 19:41:00+00:00,113.6875,113.6875,113.65625,113.65625,208.0
2025-06-17 19:42:00+00:00,113.65625,113.6875,113.65625,113.6875,137.0
2025-06-17 19:43:00+00:00,113.65625,113.6875,113.65625,113.6875,173.0
2025-06-17 19:45:00+00:00,113.6875,113.6875,113.65625,113.65625,629.0
2025-06-17 19:48:00+00:00,113.75,113.75,113.6875,113.6875,949.0
2025-06-17 19:49:00+00:00,113.71875,113.71875,113.6875,113.71875,315.0
2025-06-17 19:50:00+00:00,113.6875,113.71875,113.6875,113.6875,39.0
2025-06-17 19:51:00+00:00,113.71875,113.71875,113.6875,113.6875,339.0
2025-06-17 19:52:00+00:00,113.71875,113.71875,113.6875,113.6875,45.0
2025-06-17 19:53:00+00:00,113.65625,113.6875,113.65625,113.6875,488.0
2025-06-17 19:54:00+00:00,113.65625,113.65625,113.625,113.65625,488.0
2025-06-17 19:55:00+00:00,113.65625,113.65625,113.625,113.65625,1425.0
2025-06-17 19:56:00+00:00,113.6875,113.6875,113.65625,113.65625,536.0
2025-06-17 19:57:00+00:00,113.6875,113.71875,113.65625,113.65625,266.0
2025-06-17 19:58:00+00:00,113.65625,113.6875,113.65625,113.6875,307.0
2025-06-17 19:59:00+00:00,113.65625,113.71875,113.65625,113.65625,4052.0
2025-06-17 20:00:00+00:00,113.6875,113.6875,113.65625,113.65625,1625.0
2025-06-17 20:01:00+00:00,113.625,113.65625,113.625,113.65625,1321.0
2025-06-17 20:02:00+00:00,113.65625,113.65625,113.625,113.625,7.0
2025-06-17 20:03:00+00:00,113.65625,113.65625,113.625,113.625,289.0
2025-06-17 20:04:00+00:00,113.625,113.65625,113.625,113.65625,34.0
2025-06-17 20:05:00+00:00,113.65625,113.65625,113.65625,113.65625,209.0
2025-06-17 20:06:00+00:00,113.65625,113.6875,113.65625,113.65625,359.0
2025-06-17 20:07:00+00:00,113.625,113.625,113.625,113.625,17.0
2025-06-17 20:08:00+00:00,113.65625,113.65625,113.65625,113.65625,429.0
2025-06-17 20:09:00+00:00,113.65625,113.65625,113.65625,113.65625,781.0
2025-06-17 20:11:00+00:00,113.6875,113.6875,113.6875,113.6875,1.0
2025-06-17 20:12:00+00:00,113.71875,113.71875,113.6875,113.6875,497.0
2025-06-17 20:13:00+00:00,113.71875,113.71875,113.6875,113.71875,28.0
2025-06-17 20:16:00+00:00,113.6875,113.71875,113.6875,113.71875,1038.0
2025-06-17 20:17:00+00:00,113.6875,113.6875,113.6875,113.6875,264.0
2025-06-17 20:18:00+00:00,113.6875,113.6875,113.65625,113.6875,39.0
2025-06-17 20:19:00+00:00,113.65625,113.6875,113.65625,113.6875,110.0
2025-06-17 20:20:00+00:00,113.65625,113.65625,113.65625,113.65625,169.0
2025-06-17 20:21:00+00:00,113.6875,113.6875,113.6875,113.6875,109.0
2025-06-17 20:22:00+00:00,113.6875,113.6875,113.6875,113.6875,334.0
2025-06-17 20:23:00+00:00,113.65625,113.65625,113.65625,113.65625,384.0
2025-06-17 20:25:00+00:00,113.65625,113.65625,113.65625,113.65625,654.0
2025-06-17 20:26:00+00:00,113.65625,113.6875,113.65625,113.6875,23.0
2025-06-17 20:27:00+00:00,113.65625,113.6875,113.65625,113.65625,587.0
2025-06-17 20:28:00+00:00,113.625,113.625,113.625,113.625,39.0
2025-06-17 20:29:00+00:00,113.625,113.65625,113.625,113.625,314.0
2025-06-17 20:30:00+00:00,113.625,113.625,113.625,113.625,179.0
2025-06-17 20:31:00+00:00,113.65625,113.65625,113.625,113.625,319.0
2025-06-17 20:32:00+00:00,113.65625,113.65625,113.625,113.625,698.0
2025-06-17 20:33:00+00:00,113.625,113.625,113.625,113.625,16.0
2025-06-17 20:34:00+00:00,113.65625,113.65625,113.65625,113.65625,10.0
2025-06-17 20:35:00+00:00,113.6875,113.6875,113.625,113.65625,981.0
2025-06-17 20:37:00+00:00,113.65625,113.65625,113.65625,113.65625,590.0
2025-06-17 20:38:00+00:00,113.6875,113.6875,113.65625,113.65625,6.0
2025-06-17 20:39:00+00:00,113.6875,113.6875,113.6875,113.6875,190.0
2025-06-17 20:40:00+00:00,113.6875,113.6875,113.65625,113.6875,353.0
2025-06-17 20:41:00+00:00,113.6875,113.6875,113.6875,113.6875,4.0
2025-06-17 20:42:00+00:00,113.71875,113.71875,113.6875,113.6875,317.0
2025-06-17 20:43:00+00:00,113.6875,113.71875,113.65625,113.71875,598.0
2025-06-17 20:44:00+00:00,113.65625,113.6875,113.65625,113.6875,160.0
2025-06-17 20:45:00+00:00,113.625,113.65625,113.625,113.65625,184.0
2025-06-17 20:46:00+00:00,113.65625,113.6875,113.65625,113.65625,156.0
2025-06-17 20:47:00+00:00,113.65625,113.65625,113.625,113.625,75.0
2025-06-17 20:49:00+00:00,113.65625,113.65625,113.65625,113.65625,1.0
2025-06-17 20:50:00+00:00,113.625,113.625,113.625,113.625,71.0
2025-06-17 20:51:00+00:00,113.65625,113.65625,113.625,113.65625,322.0
2025-06-17 20:52:00+00:00,113.625,113.65625,113.625,113.65625,529.0
2025-06-17 20:53:00+00:00,113.625,113.625,113.59375,113.59375,49.0
2025-06-17 20:54:00+00:00,113.625,113.625,113.625,113.625,10.0
2025-06-17 20:55:00+00:00,113.625,113.625,113.625,113.625,344.0
2025-06-17 20:56:00+00:00,113.625,113.625,113.625,113.625,42.0
2025-06-17 20:57:00+00:00,113.625,113.65625,113.625,113.625,444.0
2025-06-17 20:58:00+00:00,113.65625,113.6875,113.625,113.625,904.0
2025-06-17 20:59:00+00:00,113.625,113.625,113.59375,113.625,0.0
2025-06-17 22:00:00+00:00,113.625,113.6875,113.59375,113.6875,64.0
2025-06-17 22:01:00+00:00,113.65625,113.65625,113.625,113.625,10.0
2025-06-17 22:02:00+00:00,113.625,113.65625,113.625,113.65625,3.0
2025-06-17 22:03:00+00:00,113.625,113.65625,113.625,113.65625,2.0
2025-06-17 22:04:00+00:00,113.65625,113.65625,113.65625,113.65625,41.0
2025-06-17 22:05:00+00:00,113.6875,113.6875,113.6875,113.6875,60.0
2025-06-17 22:06:00+00:00,113.65625,113.6875,113.65625,113.6875,125.0
2025-06-17 22:07:00+00:00,113.65625,113.6875,113.65625,113.6875,116.0
2025-06-17 22:08:00+00:00,113.6875,113.6875,113.6875,113.6875,57.0
2025-06-17 22:09:00+00:00,113.6875,113.6875,113.6875,113.6875,9.0
2025-06-17 22:10:00+00:00,113.6875,113.6875,113.6875,113.6875,18.0
2025-06-17 22:11:00+00:00,113.6875,113.6875,113.6875,113.6875,37.0
2025-06-17 22:13:00+00:00,113.6875,113.6875,113.6875,113.6875,6.0
2025-06-17 22:14:00+00:00,113.6875,113.6875,113.65625,113.65625,37.0
2025-06-17 22:22:00+00:00,113.65625,113.65625,113.65625,113.65625,66.0
2025-06-17 22:25:00+00:00,113.6875,113.6875,113.6875,113.6875,2.0
2025-06-17 22:32:00+00:00,113.6875,113.6875,113.6875,113.6875,28.0
2025-06-17 22:35:00+00:00,113.65625,113.65625,113.65625,113.65625,69.0
2025-06-17 22:36:00+00:00,113.625,113.625,113.625,113.625,73.0
2025-06-17 22:37:00+00:00,113.59375,113.59375,113.59375,113.59375,161.0
2025-06-17 22:38:00+00:00,113.59375,113.59375,113.59375,113.59375,82.0
2025-06-17 22:39:00+00:00,113.59375,113.59375,113.59375,113.59375,6.0
2025-06-17 22:40:00+00:00,113.59375,113.59375,113.59375,113.59375,17.0
2025-06-17 22:43:00+00:00,113.59375,113.59375,113.59375,113.59375,0.0
2025-06-17 22:44:00+00:00,113.59375,113.59375,113.59375,113.59375,1187.0
2025-06-17 22:47:00+00:00,113.65625,113.65625,113.65625,113.65625,180.0
2025-06-17 22:49:00+00:00,113.59375,113.59375,113.59375,113.59375,95.0
2025-06-17 22:50:00+00:00,113.59375,113.59375,113.59375,113.59375,5.0
2025-06-17 22:51:00+00:00,113.5625,113.5625,113.5625,113.5625,1.0
2025-06-17 22:53:00+00:00,113.59375,113.59375,113.59375,113.59375,13.0
2025-06-17 22:54:00+00:00,113.59375,113.59375,113.59375,113.59375,41.0
2025-06-17 22:55:00+00:00,113.59375,113.59375,113.59375,113.59375,2.0
2025-06-17 22:56:00+00:00,113.59375,113.59375,113.59375,113.59375,1.0
2025-06-17 22:57:00+00:00,113.59375,113.59375,113.59375,113.59375,24.0
2025-06-17 23:00:00+00:00,113.59375,113.625,113.59375,113.59375,24.0
2025-06-17 23:02:00+00:00,113.625,113.65625,113.625,113.625,106.0
2025-06-17 23:09:00+00:00,113.625,113.65625,113.625,113.65625,51.0
2025-06-17 23:12:00+00:00,113.625,113.625,113.625,113.625,69.0
2025-06-17 23:13:00+00:00,113.625,113.625,113.625,113.625,21.0
2025-06-17 23:22:00+00:00,113.625,113.625,113.625,113.625,1.0
2025-06-17 23:26:00+00:00,113.625,113.625,113.625,113.625,18.0
2025-06-17 23:27:00+00:00,113.625,113.625,113.625,113.625,35.0
2025-06-17 23:38:00+00:00,113.625,113.625,113.625,113.625,125.0
2025-06-17 23:40:00+00:00,113.59375,113.59375,113.59375,113.59375,197.0
2025-06-17 23:41:00+00:00,113.59375,113.59375,113.59375,113.59375,40.0
2025-06-17 23:43:00+00:00,113.5625,113.5625,113.5625,113.5625,61.0
2025-06-17 23:44:00+00:00,113.5625,113.5625,113.5625,113.5625,68.0
2025-06-17 23:45:00+00:00,113.5625,113.5625,113.5625,113.5625,84.0
2025-06-17 23:47:00+00:00,113.5625,113.59375,113.5625,113.5625,44.0
2025-06-17 23:50:00+00:00,113.59375,113.59375,113.59375,113.59375,115.0
2025-06-17 23:51:00+00:00,113.59375,113.625,113.59375,113.625,49.0
2025-06-17 23:52:00+00:00,113.59375,113.59375,113.59375,113.59375,59.0
2025-06-17 23:56:00+00:00,113.625,113.625,113.59375,113.625,131.0
2025-06-17 23:57:00+00:00,113.625,113.65625,113.625,113.625,105.0
2025-06-17 23:59:00+00:00,113.59375,113.59375,113.59375,113.59375,25.0
2025-06-18 00:00:00+00:00,113.59375,113.59375,113.5625,113.59375,63.0
2025-06-18 00:01:00+00:00,113.5625,113.5625,113.5625,113.5625,18.0
2025-06-18 00:02:00+00:00,113.5625,113.5625,113.5625,113.5625,30.0
2025-06-18 00:03:00+00:00,113.5625,113.5625,113.5625,113.5625,57.0
2025-06-18 00:04:00+00:00,113.5625,113.59375,113.5625,113.5625,28.0
2025-06-18 00:06:00+00:00,113.6875,113.71875,113.6875,113.71875,2126.0
2025-06-18 00:07:00+00:00,113.75,113.84375,113.71875,113.71875,1697.0
2025-06-18 00:08:00+00:00,113.625,113.78125,113.5,113.78125,1915.0
2025-06-18 00:09:00+00:00,113.5625,113.625,113.5625,113.59375,416.0
2025-06-18 00:10:00+00:00,113.65625,113.65625,113.5625,113.5625,427.0
2025-06-18 00:11:00+00:00,113.59375,113.65625,113.59375,113.65625,147.0
2025-06-18 00:12:00+00:00,113.59375,113.59375,113.59375,113.59375,86.0
2025-06-18 00:13:00+00:00,113.625,113.625,113.625,113.625,44.0
2025-06-18 00:14:00+00:00,113.59375,113.59375,113.59375,113.59375,148.0
2025-06-18 00:15:00+00:00,113.625,113.625,113.625,113.625,129.0
2025-06-18 00:17:00+00:00,113.5625,113.59375,113.5625,113.59375,52.0
2025-06-18 00:18:00+00:00,113.5625,113.5625,113.5625,113.5625,27.0
2025-06-18 00:19:00+00:00,113.5625,113.5625,113.53125,113.53125,105.0
2025-06-18 00:21:00+00:00,113.53125,113.59375,113.53125,113.59375,125.0
2025-06-18 00:22:00+00:00,113.53125,113.53125,113.53125,113.53125,24.0
2025-06-18 00:23:00+00:00,113.53125,113.5625,113.53125,113.5625,9.0
2025-06-18 00:24:00+00:00,113.53125,113.5625,113.53125,113.5625,4.0
2025-06-18 00:25:00+00:00,113.5,113.53125,113.5,113.53125,273.0
2025-06-18 00:26:00+00:00,113.53125,113.53125,113.53125,113.53125,35.0
2025-06-18 00:27:00+00:00,113.53125,113.53125,113.53125,113.53125,73.0
2025-06-18 00:28:00+00:00,113.53125,113.53125,113.53125,113.53125,2.0
2025-06-18 00:29:00+00:00,113.53125,113.53125,113.53125,113.53125,54.0
2025-06-18 00:30:00+00:00,113.5625,113.5625,113.53125,113.53125,77.0
2025-06-18 00:31:00+00:00,113.625,113.625,113.59375,113.59375,193.0
2025-06-18 00:32:00+00:00,113.59375,113.625,113.59375,113.625,51.0
2025-06-18 00:33:00+00:00,113.59375,113.59375,113.59375,113.59375,19.0
2025-06-18 00:34:00+00:00,113.59375,113.59375,113.59375,113.59375,36.0
2025-06-18 00:36:00+00:00,113.53125,113.5625,113.53125,113.5625,55.0
2025-06-18 00:37:00+00:00,113.53125,113.53125,113.53125,113.53125,18.0
2025-06-18 00:38:00+00:00,113.53125,113.53125,113.53125,113.53125,20.0
2025-06-18 00:39:00+00:00,113.53125,113.53125,113.53125,113.53125,5.0
2025-06-18 00:40:00+00:00,113.5625,113.5625,113.5625,113.5625,55.0
2025-06-18 00:41:00+00:00,113.53125,113.5625,113.53125,113.5625,51.0
2025-06-18 00:42:00+00:00,113.53125,113.53125,113.53125,113.53125,37.0
2025-06-18 00:43:00+00:00,113.53125,113.53125,113.5,113.53125,266.0
2025-06-18 00:44:00+00:00,113.53125,113.53125,113.53125,113.53125,44.0
2025-06-18 00:45:00+00:00,113.53125,113.53125,113.53125,113.53125,39.0
2025-06-18 00:47:00+00:00,113.53125,113.53125,113.53125,113.53125,80.0
2025-06-18 00:48:00+00:00,113.53125,113.53125,113.53125,113.53125,68.0
2025-06-18 00:49:00+00:00,113.53125,113.53125,113.53125,113.53125,29.0
2025-06-18 00:50:00+00:00,113.53125,113.53125,113.53125,113.53125,30.0
2025-06-18 00:51:00+00:00,113.5625,113.5625,113.53125,113.53125,42.0
2025-06-18 00:52:00+00:00,113.5625,113.5625,113.5625,113.5625,9.0
2025-06-18 00:54:00+00:00,113.53125,113.5625,113.53125,113.5625,112.0
2025-06-18 00:55:00+00:00,113.53125,113.53125,113.53125,113.53125,14.0
2025-06-18 00:56:00+00:00,113.53125,113.53125,113.53125,113.53125,50.0
2025-06-18 00:59:00+00:00,113.53125,113.53125,113.53125,113.53125,25.0
2025-06-18 01:00:00+00:00,113.5625,113.5625,113.53125,113.5625,96.0
2025-06-18 01:01:00+00:00,113.5625,113.5625,113.5625,113.5625,39.0
2025-06-18 01:03:00+00:00,113.5625,113.5625,113.53125,113.53125,45.0
2025-06-18 01:04:00+00:00,113.53125,113.53125,113.53125,113.53125,22.0
2025-06-18 01:06:00+00:00,113.53125,113.53125,113.53125,113.53125,52.0
2025-06-18 01:07:00+00:00,113.5625,113.5625,113.53125,113.53125,6.0
2025-06-18 01:10:00+00:00,113.53125,113.53125,113.53125,113.53125,61.0
2025-06-18 01:11:00+00:00,113.53125,113.53125,113.53125,113.53125,15.0
2025-06-18 01:15:00+00:00,113.5,113.5,113.5,113.5,7.0
2025-06-18 01:16:00+00:00,113.5,113.53125,113.5,113.53125,2.0
2025-06-18 01:17:00+00:00,113.5,113.5,113.5,113.5,104.0
2025-06-18 01:18:00+00:00,113.46875,113.46875,113.46875,113.46875,264.0
2025-06-18 01:19:00+00:00,113.46875,113.46875,113.46875,113.46875,30.0
2025-06-18 01:20:00+00:00,113.5,113.5,113.46875,113.46875,34.0
2025-06-18 01:26:00+00:00,113.53125,113.53125,113.5,113.5,65.0
2025-06-18 01:27:00+00:00,113.5,113.5,113.5,113.5,107.0
2025-06-18 01:28:00+00:00,113.5,113.5,113.5,113.5,37.0
2025-06-18 01:29:00+00:00,113.5,113.5,113.5,113.5,12.0
2025-06-18 01:30:00+00:00,113.5,113.5,113.5,113.5,3.0
2025-06-18 01:31:00+00:00,113.5,113.5,113.5,113.5,50.0
2025-06-18 01:32:00+00:00,113.5,113.5,113.5,113.5,6.0
2025-06-18 01:33:00+00:00,113.5,113.5,113.5,113.5,58.0
2025-06-18 01:34:00+00:00,113.5,113.53125,113.5,113.53125,23.0
2025-06-18 01:35:00+00:00,113.59375,113.59375,113.5,113.5,419.0
2025-06-18 01:36:00+00:00,113.59375,113.59375,113.59375,113.59375,64.0
2025-06-18 01:37:00+00:00,113.59375,113.59375,113.5625,113.59375,37.0
2025-06-18 01:39:00+00:00,113.59375,113.59375,113.59375,113.59375,16.0
2025-06-18 01:41:00+00:00,113.5625,113.59375,113.5625,113.59375,94.0
2025-06-18 01:42:00+00:00,113.59375,113.59375,113.5625,113.5625,262.0
2025-06-18 01:45:00+00:00,113.5625,113.5625,113.5625,113.5625,10.0
2025-06-18 01:46:00+00:00,113.5625,113.5625,113.5625,113.5625,49.0
2025-06-18 01:49:00+00:00,113.5625,113.5625,113.5625,113.5625,44.0
2025-06-18 01:50:00+00:00,113.5625,113.5625,113.5625,113.5625,23.0
2025-06-18 01:52:00+00:00,113.5625,113.5625,113.5625,113.5625,33.0
2025-06-18 01:53:00+00:00,113.5625,113.5625,113.5625,113.5625,4.0
2025-06-18 01:54:00+00:00,113.53125,113.53125,113.53125,113.53125,270.0
2025-06-18 01:56:00+00:00,113.5625,113.5625,113.5625,113.5625,8.0
2025-06-18 02:01:00+00:00,113.5625,113.5625,113.53125,113.53125,1.0
2025-06-18 02:02:00+00:00,113.53125,113.5625,113.53125,113.5625,64.0
2025-06-18 02:06:00+00:00,113.53125,113.53125,113.53125,113.53125,46.0
2025-06-18 02:07:00+00:00,113.53125,113.53125,113.53125,113.53125,311.0
2025-06-18 02:08:00+00:00,113.53125,113.53125,113.53125,113.53125,258.0
2025-06-18 02:09:00+00:00,113.5625,113.5625,113.5625,113.5625,13.0
2025-06-18 02:11:00+00:00,113.5625,113.5625,113.5625,113.5625,41.0
2025-06-18 02:12:00+00:00,113.5625,113.5625,113.5625,113.5625,16.0
2025-06-18 02:14:00+00:00,113.5,113.53125,113.5,113.53125,182.0
2025-06-18 02:15:00+00:00,113.5,113.5,113.5,113.5,105.0
2025-06-18 02:16:00+00:00,113.53125,113.53125,113.5,113.5,148.0
2025-06-18 02:17:00+00:00,113.5,113.5,113.46875,113.5,611.0
2025-06-18 02:18:00+00:00,113.5,113.5,113.5,113.5,253.0
2025-06-18 02:19:00+00:00,113.53125,113.53125,113.53125,113.53125,1.0
2025-06-18 02:20:00+00:00,113.5,113.5,113.5,113.5,16.0
2025-06-18 02:21:00+00:00,113.5,113.5,113.5,113.5,100.0
2025-06-18 02:23:00+00:00,113.53125,113.53125,113.53125,113.53125,502.0
2025-06-18 02:24:00+00:00,113.53125,113.53125,113.53125,113.53125,48.0
2025-06-18 02:27:00+00:00,113.53125,113.53125,113.53125,113.53125,8.0
2025-06-18 02:30:00+00:00,113.53125,113.5625,113.53125,113.53125,33.0
2025-06-18 02:35:00+00:00,113.53125,113.5625,113.53125,113.53125,154.0
2025-06-18 02:38:00+00:00,113.53125,113.53125,113.53125,113.53125,19.0
2025-06-18 02:39:00+00:00,113.5,113.5,113.5,113.5,4.0
2025-06-18 02:44:00+00:00,113.5,113.5,113.5,113.5,10.0
2025-06-18 02:45:00+00:00,113.5,113.5,113.5,113.5,18.0
2025-06-18 02:46:00+00:00,113.46875,113.46875,113.46875,113.46875,1.0
2025-06-18 02:47:00+00:00,113.5,113.5,113.5,113.5,52.0
2025-06-18 02:48:00+00:00,113.5,113.5,113.5,113.5,74.0
2025-06-18 02:49:00+00:00,113.5,113.5,113.5,113.5,56.0
2025-06-18 02:51:00+00:00,113.5,113.5,113.5,113.5,1.0
2025-06-18 02:55:00+00:00,113.5,113.5,113.5,113.5,8.0
2025-06-18 03:02:00+00:00,113.5,113.53125,113.5,113.53125,42.0
2025-06-18 03:03:00+00:00,113.53125,113.53125,113.53125,113.53125,151.0
2025-06-18 03:05:00+00:00,113.5,113.5,113.5,113.5,66.0
2025-06-18 03:06:00+00:00,113.46875,113.5,113.46875,113.46875,88.0
2025-06-18 03:07:00+00:00,113.46875,113.46875,113.46875,113.46875,118.0
2025-06-18 03:09:00+00:00,113.46875,113.46875,113.46875,113.46875,42.0
2025-06-18 03:10:00+00:00,113.46875,113.46875,113.46875,113.46875,10.0
2025-06-18 03:12:00+00:00,113.4375,113.46875,113.4375,113.4375,192.0
2025-06-18 03:13:00+00:00,113.4375,113.4375,113.4375,113.4375,1.0
2025-06-18 03:14:00+00:00,113.4375,113.4375,113.4375,113.4375,3.0
2025-06-18 03:15:00+00:00,113.46875,113.46875,113.4375,113.4375,105.0
2025-06-18 03:17:00+00:00,113.46875,113.5,113.46875,113.5,11.0
2025-06-18 03:18:00+00:00,113.5,113.5,113.5,113.5,5.0
2025-06-18 03:19:00+00:00,113.46875,113.46875,113.46875,113.46875,50.0
2025-06-18 03:24:00+00:00,113.46875,113.46875,113.46875,113.46875,4.0
2025-06-18 03:30:00+00:00,113.5,113.5,113.46875,113.46875,2.0
2025-06-18 03:33:00+00:00,113.5,113.5,113.5,113.5,48.0
2025-06-18 03:36:00+00:00,113.46875,113.46875,113.46875,113.46875,24.0
2025-06-18 03:39:00+00:00,113.46875,113.5,113.46875,113.46875,35.0
2025-06-18 03:40:00+00:00,113.46875,113.46875,113.46875,113.46875,40.0
2025-06-18 03:41:00+00:00,113.46875,113.46875,113.46875,113.46875,28.0
2025-06-18 03:42:00+00:00,113.46875,113.46875,113.46875,113.46875,72.0
2025-06-18 03:46:00+00:00,113.46875,113.46875,113.46875,113.46875,46.0
2025-06-18 03:47:00+00:00,113.46875,113.46875,113.4375,113.46875,4.0
2025-06-18 03:49:00+00:00,113.5,113.5,113.5,113.5,11.0
2025-06-18 03:53:00+00:00,113.5,113.5,113.5,113.5,17.0
2025-06-18 03:54:00+00:00,113.46875,113.5,113.46875,113.5,109.0
2025-06-18 03:55:00+00:00,113.46875,113.46875,113.46875,113.46875,63.0
2025-06-18 03:56:00+00:00,113.46875,113.46875,113.46875,113.46875,26.0
2025-06-18 03:57:00+00:00,113.46875,113.46875,113.4375,113.4375,15.0
2025-06-18 04:00:00+00:00,113.46875,113.46875,113.46875,113.46875,8.0
2025-06-18 04:01:00+00:00,113.4375,113.46875,113.4375,113.46875,20.0
2025-06-18 04:04:00+00:00,113.4375,113.4375,113.4375,113.4375,31.0
2025-06-18 04:06:00+00:00,113.4375,113.4375,113.4375,113.4375,83.0
2025-06-18 04:07:00+00:00,113.40625,113.4375,113.40625,113.4375,7.0
2025-06-18 04:08:00+00:00,113.4375,113.4375,113.4375,113.4375,6.0
2025-06-18 04:09:00+00:00,113.4375,113.4375,113.4375,113.4375,20.0
2025-06-18 04:14:00+00:00,113.46875,113.46875,113.4375,113.4375,47.0
2025-06-18 04:15:00+00:00,113.46875,113.46875,113.46875,113.46875,9.0
2025-06-18 04:16:00+00:00,113.46875,113.5,113.46875,113.5,70.0
2025-06-18 04:17:00+00:00,113.46875,113.46875,113.46875,113.46875,20.0
2025-06-18 04:20:00+00:00,113.46875,113.5,113.46875,113.46875,61.0
2025-06-18 04:22:00+00:00,113.46875,113.46875,113.46875,113.46875,13.0
2025-06-18 04:27:00+00:00,113.46875,113.46875,113.46875,113.46875,37.0
2025-06-18 04:28:00+00:00,113.46875,113.46875,113.4375,113.46875,41.0
2025-06-18 04:31:00+00:00,113.46875,113.5,113.46875,113.5,12.0
2025-06-18 04:33:00+00:00,113.4375,113.4375,113.4375,113.4375,39.0
2025-06-18 04:36:00+00:00,113.4375,113.4375,113.4375,113.4375,33.0
2025-06-18 04:37:00+00:00,113.4375,113.4375,113.4375,113.4375,26.0
2025-06-18 04:38:00+00:00,113.4375,113.4375,113.4375,113.4375,12.0
2025-06-18 04:39:00+00:00,113.4375,113.4375,113.4375,113.4375,85.0
2025-06-18 04:40:00+00:00,113.4375,113.4375,113.4375,113.4375,21.0
2025-06-18 04:46:00+00:00,113.40625,113.40625,113.40625,113.40625,10.0
2025-06-18 04:47:00+00:00,113.40625,113.40625,113.40625,113.40625,11.0
2025-06-18 04:54:00+00:00,113.40625,113.40625,113.40625,113.40625,77.0
2025-06-18 04:55:00+00:00,113.40625,113.40625,113.40625,113.40625,29.0
2025-06-18 04:56:00+00:00,113.40625,113.40625,113.40625,113.40625,9.0
2025-06-18 04:58:00+00:00,113.40625,113.40625,113.40625,113.40625,5.0
2025-06-18 04:59:00+00:00,113.40625,113.40625,113.40625,113.40625,130.0
2025-06-18 05:01:00+00:00,113.40625,113.40625,113.40625,113.40625,42.0
2025-06-18 05:02:00+00:00,113.4375,113.4375,113.40625,113.40625,55.0
2025-06-18 05:03:00+00:00,113.4375,113.46875,113.40625,113.40625,231.0
2025-06-18 05:04:00+00:00,113.4375,113.4375,113.4375,113.4375,133.0
2025-06-18 05:05:00+00:00,113.4375,113.4375,113.40625,113.40625,90.0
2025-06-18 05:08:00+00:00,113.4375,113.4375,113.4375,113.4375,13.0
2025-06-18 05:11:00+00:00,113.4375,113.4375,113.40625,113.4375,94.0
2025-06-18 05:16:00+00:00,113.4375,113.4375,113.4375,113.4375,32.0
2025-06-18 05:17:00+00:00,113.40625,113.4375,113.40625,113.4375,30.0
2025-06-18 05:21:00+00:00,113.375,113.375,113.375,113.375,0.0
2025-06-18 05:22:00+00:00,113.40625,113.40625,113.375,113.375,22140.0
2025-06-18 05:24:00+00:00,113.40625,113.40625,113.40625,113.40625,17.0
2025-06-18 05:25:00+00:00,113.40625,113.40625,113.40625,113.40625,59.0
2025-06-18 05:26:00+00:00,113.375,113.375,113.375,113.375,1.0
2025-06-18 05:27:00+00:00,113.375,113.375,113.375,113.375,4.0
2025-06-18 05:29:00+00:00,113.375,113.375,113.375,113.375,56.0
2025-06-18 05:30:00+00:00,113.375,113.375,113.34375,113.34375,31.0
2025-06-18 05:31:00+00:00,113.34375,113.34375,113.34375,113.34375,162.0
2025-06-18 05:32:00+00:00,113.34375,113.375,113.34375,113.34375,44.0
2025-06-18 05:35:00+00:00,113.375,113.375,113.375,113.375,10.0
2025-06-18 05:36:00+00:00,113.375,113.375,113.34375,113.34375,17.0
2025-06-18 05:37:00+00:00,113.375,113.375,113.375,113.375,31.0
2025-06-18 05:38:00+00:00,113.375,113.375,113.375,113.375,27.0
2025-06-18 05:42:00+00:00,113.40625,113.40625,113.375,113.375,103.0
2025-06-18 05:44:00+00:00,113.34375,113.40625,113.34375,113.375,49.0
2025-06-18 05:45:00+00:00,113.375,113.375,113.375,113.375,103.0
2025-06-18 05:46:00+00:00,113.40625,113.40625,113.375,113.375,34.0
2025-06-18 05:47:00+00:00,113.375,113.375,113.375,113.375,11.0
2025-06-18 05:54:00+00:00,113.375,113.40625,113.375,113.40625,11.0
2025-06-18 05:55:00+00:00,113.40625,113.40625,113.40625,113.40625,7.0
2025-06-18 05:56:00+00:00,113.375,113.40625,113.375,113.40625,125.0
2025-06-18 05:57:00+00:00,113.40625,113.40625,113.40625,113.40625,63.0
2025-06-18 05:58:00+00:00,113.40625,113.40625,113.375,113.375,27.0
2025-06-18 05:59:00+00:00,113.40625,113.40625,113.40625,113.40625,32.0
2025-06-18 06:00:00+00:00,113.3125,113.40625,113.3125,113.40625,303.0
2025-06-18 06:01:00+00:00,113.34375,113.375,113.3125,113.3125,39.0
2025-06-18 06:02:00+00:00,113.375,113.375,113.34375,113.34375,91.0
2025-06-18 06:03:00+00:00,113.375,113.375,113.375,113.375,76.0
2025-06-18 06:04:00+00:00,113.375,113.375,113.375,113.375,28.0
2025-06-18 06:05:00+00:00,113.375,113.375,113.375,113.375,12.0
2025-06-18 06:07:00+00:00,113.375,113.375,113.34375,113.375,210.0
2025-06-18 06:10:00+00:00,113.375,113.375,113.375,113.375,38.0
2025-06-18 06:11:00+00:00,113.40625,113.40625,113.40625,113.40625,21.0
2025-06-18 06:13:00+00:00,113.4375,113.4375,113.40625,113.40625,49.0
2025-06-18 06:15:00+00:00,113.4375,113.4375,113.40625,113.40625,37.0
2025-06-18 06:16:00+00:00,113.40625,113.4375,113.40625,113.4375,37.0
2025-06-18 06:17:00+00:00,113.40625,113.40625,113.375,113.375,43.0
2025-06-18 06:19:00+00:00,113.4375,113.4375,113.40625,113.40625,20.0
2025-06-18 06:20:00+00:00,113.40625,113.40625,113.40625,113.40625,19.0
2025-06-18 06:21:00+00:00,113.40625,113.40625,113.40625,113.40625,24.0
2025-06-18 06:22:00+00:00,113.375,113.40625,113.375,113.40625,51.0
2025-06-18 06:23:00+00:00,113.34375,113.34375,113.34375,113.34375,149.0
2025-06-18 06:24:00+00:00,113.34375,113.34375,113.34375,113.34375,33.0
2025-06-18 06:26:00+00:00,113.34375,113.34375,113.34375,113.34375,5.0
2025-06-18 06:27:00+00:00,113.375,113.375,113.34375,113.34375,56.0
2025-06-18 06:28:00+00:00,113.375,113.375,113.375,113.375,79.0
2025-06-18 06:29:00+00:00,113.375,113.375,113.375,113.375,39.0
2025-06-18 06:30:00+00:00,113.375,113.375,113.375,113.375,73.0
2025-06-18 06:32:00+00:00,113.40625,113.40625,113.375,113.375,52.0
2025-06-18 06:33:00+00:00,113.375,113.40625,113.375,113.40625,78.0
2025-06-18 06:34:00+00:00,113.375,113.375,113.375,113.375,50.0
2025-06-18 06:35:00+00:00,113.375,113.40625,113.375,113.375,47.0
2025-06-18 06:36:00+00:00,113.375,113.375,113.375,113.375,8.0
2025-06-18 06:38:00+00:00,113.375,113.375,113.375,113.375,18.0
2025-06-18 06:39:00+00:00,113.40625,113.40625,113.40625,113.40625,57.0
2025-06-18 06:40:00+00:00,113.375,113.375,113.375,113.375,58.0
2025-06-18 06:41:00+00:00,113.375,113.375,113.375,113.375,33.0
2025-06-18 06:45:00+00:00,113.375,113.375,113.375,113.375,23.0
2025-06-18 06:46:00+00:00,113.375,113.375,113.375,113.375,15.0
2025-06-18 06:47:00+00:00,113.40625,113.40625,113.34375,113.375,143.0
2025-06-18 06:48:00+00:00,113.4375,113.4375,113.4375,113.4375,4.0
2025-06-18 06:49:00+00:00,113.4375,113.4375,113.40625,113.4375,11.0
2025-06-18 06:50:00+00:00,113.40625,113.4375,113.40625,113.4375,172.0
2025-06-18 06:51:00+00:00,113.4375,113.4375,113.4375,113.4375,7.0
2025-06-18 06:54:00+00:00,113.4375,113.4375,113.4375,113.4375,60.0
2025-06-18 06:58:00+00:00,113.375,113.40625,113.375,113.40625,216.0
2025-06-18 06:59:00+00:00,113.375,113.40625,113.375,113.40625,19.0
2025-06-18 07:00:00+00:00,113.34375,113.40625,113.34375,113.375,100.0
2025-06-18 07:01:00+00:00,113.3125,113.3125,113.3125,113.3125,335.0
2025-06-18 07:02:00+00:00,113.3125,113.3125,113.3125,113.3125,176.0
2025-06-18 07:03:00+00:00,113.34375,113.34375,113.3125,113.3125,86.0
2025-06-18 07:04:00+00:00,113.375,113.375,113.34375,113.34375,52.0
2025-06-18 07:05:00+00:00,113.40625,113.40625,113.34375,113.34375,158.0
2025-06-18 07:06:00+00:00,113.4375,113.46875,113.40625,113.40625,1112.0
2025-06-18 07:07:00+00:00,113.46875,113.46875,113.4375,113.4375,136.0
2025-06-18 07:08:00+00:00,113.5,113.5,113.46875,113.46875,133.0
2025-06-18 07:09:00+00:00,113.5,113.5,113.46875,113.46875,98.0
2025-06-18 07:10:00+00:00,113.4375,113.5,113.4375,113.46875,131.0
2025-06-18 07:11:00+00:00,113.4375,113.46875,113.4375,113.4375,87.0
2025-06-18 07:12:00+00:00,113.4375,113.46875,113.4375,113.46875,14.0
2025-06-18 07:13:00+00:00,113.4375,113.46875,113.4375,113.4375,46.0
2025-06-18 07:15:00+00:00,113.40625,113.4375,113.40625,113.40625,116.0
2025-06-18 07:16:00+00:00,113.4375,113.4375,113.40625,113.40625,74.0
2025-06-18 07:17:00+00:00,113.40625,113.4375,113.40625,113.4375,36.0
2025-06-18 07:18:00+00:00,113.40625,113.40625,113.40625,113.40625,0.0
2025-06-18 07:19:00+00:00,113.40625,113.40625,113.375,113.375,28949.0
2025-06-18 07:20:00+00:00,113.375,113.40625,113.375,113.40625,28.0
2025-06-18 07:21:00+00:00,113.375,113.375,113.375,113.375,131.0
2025-06-18 07:22:00+00:00,113.34375,113.40625,113.34375,113.375,150.0
2025-06-18 07:24:00+00:00,113.375,113.375,113.34375,113.34375,45.0
2025-06-18 07:25:00+00:00,113.375,113.40625,113.375,113.375,41.0
2025-06-18 07:26:00+00:00,113.40625,113.40625,113.40625,113.40625,50.0
2025-06-18 07:27:00+00:00,113.40625,113.40625,113.40625,113.40625,25.0
2025-06-18 07:28:00+00:00,113.40625,113.40625,113.40625,113.40625,48.0
2025-06-18 07:29:00+00:00,113.4375,113.4375,113.4375,113.4375,56.0
2025-06-18 07:30:00+00:00,113.375,113.40625,113.375,113.40625,62.0
2025-06-18 07:31:00+00:00,113.34375,113.375,113.34375,113.34375,108.0
2025-06-18 07:33:00+00:00,113.34375,113.375,113.34375,113.375,96.0
2025-06-18 07:34:00+00:00,113.40625,113.40625,113.34375,113.375,1775.0
2025-06-18 07:35:00+00:00,113.375,113.40625,113.375,113.375,398.0
2025-06-18 07:36:00+00:00,113.40625,113.40625,113.375,113.375,119.0
2025-06-18 07:37:00+00:00,113.40625,113.40625,113.40625,113.40625,338.0
2025-06-18 07:39:00+00:00,113.40625,113.40625,113.40625,113.40625,13.0
2025-06-18 07:40:00+00:00,113.4375,113.46875,113.4375,113.4375,113.0
2025-06-18 07:41:00+00:00,113.4375,113.4375,113.4375,113.4375,90.0
2025-06-18 07:42:00+00:00,113.4375,113.46875,113.4375,113.46875,48.0
2025-06-18 07:43:00+00:00,113.4375,113.4375,113.4375,113.4375,87.0
2025-06-18 07:44:00+00:00,113.5,113.5,113.46875,113.46875,64.0
2025-06-18 07:45:00+00:00,113.5,113.5,113.46875,113.46875,94.0
2025-06-18 07:46:00+00:00,113.46875,113.5,113.46875,113.5,127.0
2025-06-18 07:47:00+00:00,113.4375,113.4375,113.4375,113.4375,44.0
2025-06-18 07:48:00+00:00,113.40625,113.46875,113.40625,113.4375,136.0
2025-06-18 07:49:00+00:00,113.40625,113.4375,113.40625,113.4375,137.0
2025-06-18 07:50:00+00:00,113.4375,113.46875,113.4375,113.4375,95.0
2025-06-18 07:52:00+00:00,113.4375,113.46875,113.4375,113.46875,89.0
2025-06-18 07:53:00+00:00,113.4375,113.46875,113.40625,113.40625,141.0
2025-06-18 07:54:00+00:00,113.46875,113.46875,113.4375,113.4375,39.0
2025-06-18 07:55:00+00:00,113.4375,113.46875,113.4375,113.46875,19.0
2025-06-18 07:56:00+00:00,113.4375,113.4375,113.4375,113.4375,88.0
2025-06-18 07:57:00+00:00,113.5,113.5,113.46875,113.46875,215.0
2025-06-18 07:58:00+00:00,113.5,113.5,113.5,113.5,95.0
2025-06-18 07:59:00+00:00,113.5,113.53125,113.5,113.5,78.0
2025-06-18 08:00:00+00:00,113.5,113.53125,113.5,113.53125,105.0
2025-06-18 08:01:00+00:00,113.5,113.5,113.5,113.5,166.0
2025-06-18 08:02:00+00:00,113.53125,113.53125,113.5,113.5,168.0
2025-06-18 08:03:00+00:00,113.5,113.53125,113.5,113.53125,187.0
2025-06-18 08:04:00+00:00,113.46875,113.53125,113.46875,113.5,100.0
2025-06-18 08:06:00+00:00,113.46875,113.5,113.46875,113.5,82.0
2025-06-18 08:07:00+00:00,113.46875,113.46875,113.46875,113.46875,73.0
2025-06-18 08:08:00+00:00,113.46875,113.5,113.46875,113.5,6.0
2025-06-18 08:09:00+00:00,113.5,113.5,113.46875,113.46875,135.0
2025-06-18 08:10:00+00:00,113.5,113.5,113.46875,113.46875,3.0
2025-06-18 08:11:00+00:00,113.46875,113.5,113.46875,113.5,116.0
2025-06-18 08:12:00+00:00,113.5,113.5,113.46875,113.46875,234.0
2025-06-18 08:13:00+00:00,113.46875,113.5,113.46875,113.5,125.0
2025-06-18 08:14:00+00:00,113.46875,113.46875,113.46875,113.46875,45.0
2025-06-18 08:25:00+00:00,113.59375,113.59400177001953,113.5625,113.59400177001953,3282.0
2025-06-18 08:27:00+00:00,113.625,113.625,113.59375,113.625,16.0
2025-06-18 08:28:00+00:00,113.625,113.625,113.59375,113.625,15.0
2025-06-18 08:29:00+00:00,113.65625,113.65625,113.59375,113.59375,460.0
2025-06-18 08:30:00+00:00,113.625,113.625,113.59375,113.625,73.0
2025-06-18 08:31:00+00:00,113.59375,113.59375,113.59375,113.59375,26.0
2025-06-18 08:32:00+00:00,113.59375,113.59375,113.59375,113.59375,130.0
2025-06-18 08:33:00+00:00,113.625,113.625,113.59375,113.59375,52.0
2025-06-18 08:34:00+00:00,113.59375,113.625,113.59375,113.59375,40.0
2025-06-18 08:35:00+00:00,113.59375,113.625,113.59375,113.59375,117.0
2025-06-18 08:36:00+00:00,113.59375,113.59375,113.5625,113.59375,83.0
2025-06-18 08:39:00+00:00,113.59375,113.625,113.59375,113.625,63.0
2025-06-18 08:40:00+00:00,113.625,113.625,113.59375,113.625,89.0
2025-06-18 08:41:00+00:00,113.59375,113.59375,113.59375,113.59375,69.0
2025-06-18 08:42:00+00:00,113.625,113.625,113.625,113.625,114.0
2025-06-18 08:43:00+00:00,113.59375,113.65625,113.59375,113.65625,619.0
2025-06-18 08:44:00+00:00,113.625,113.625,113.625,113.625,12.0
2025-06-18 08:45:00+00:00,113.59375,113.59375,113.59375,113.59375,116.0
2025-06-18 08:46:00+00:00,113.625,113.625,113.59375,113.59375,113.0
2025-06-18 08:48:00+00:00,113.65625,113.65625,113.625,113.625,366.0
2025-06-18 08:50:00+00:00,113.65625,113.65625,113.625,113.65625,85.0
2025-06-18 08:51:00+00:00,113.6875,113.71875,113.6875,113.6875,155.0
2025-06-18 08:52:00+00:00,113.6875,113.71875,113.6875,113.6875,160.0
2025-06-18 08:53:00+00:00,113.71875,113.71875,113.65625,113.6875,216.0
2025-06-18 08:54:00+00:00,113.75,113.75,113.71875,113.71875,253.0
2025-06-18 08:55:00+00:00,113.75,113.75,113.75,113.75,309.0
2025-06-18 08:56:00+00:00,113.71875,113.75,113.71875,113.75,475.0
2025-06-18 08:57:00+00:00,113.71875,113.75,113.71875,113.75,248.0
2025-06-18 08:58:00+00:00,113.78125,113.78125,113.75,113.75,724.0
2025-06-18 08:59:00+00:00,113.78125,113.78125,113.78125,113.78125,216.0
2025-06-18 09:00:00+00:00,113.75,113.78125,113.75,113.75,324.0
2025-06-18 09:01:00+00:00,113.75,113.75,113.75,113.75,33.0
2025-06-18 09:02:00+00:00,113.75,113.75,113.71875,113.75,137.0
2025-06-18 09:03:00+00:00,113.71875,113.71875,113.71875,113.71875,4.0
2025-06-18 09:04:00+00:00,113.75,113.75,113.71875,113.75,59.0
2025-06-18 09:05:00+00:00,113.78125,113.78125,113.75,113.78125,114.0
2025-06-18 09:06:00+00:00,113.75,113.75,113.75,113.75,196.0
2025-06-18 09:07:00+00:00,113.75,113.75,113.75,113.75,17.0
2025-06-18 09:08:00+00:00,113.71875,113.71875,113.71875,113.71875,1.0
2025-06-18 09:09:00+00:00,113.75,113.75,113.75,113.75,51.0
2025-06-18 09:10:00+00:00,113.71875,113.75,113.71875,113.75,53.0
2025-06-18 09:11:00+00:00,113.71875,113.75,113.71875,113.75,30.0
2025-06-18 09:12:00+00:00,113.6875,113.71875,113.6875,113.71875,300.0
2025-06-18 09:13:00+00:00,113.71875,113.71875,113.71875,113.71875,6.0
2025-06-18 09:14:00+00:00,113.71875,113.71875,113.6875,113.71875,24.0
2025-06-18 09:15:00+00:00,113.71875,113.71875,113.71875,113.71875,5.0
2025-06-18 09:16:00+00:00,113.71875,113.71875,113.6875,113.71875,34.0
2025-06-18 09:17:00+00:00,113.71875,113.71875,113.71875,113.71875,17.0
2025-06-18 09:18:00+00:00,113.6875,113.6875,113.6875,113.6875,139.0
2025-06-18 09:20:00+00:00,113.6875,113.6875,113.65625,113.65625,413.0
2025-06-18 09:21:00+00:00,113.65625,113.65625,113.65625,113.65625,49.0
2025-06-18 09:22:00+00:00,113.625,113.65625,113.625,113.65625,89.0
2025-06-18 09:23:00+00:00,113.625,113.625,113.625,113.625,100.0
2025-06-18 09:24:00+00:00,113.65625,113.65625,113.65625,113.65625,53.0
2025-06-18 09:25:00+00:00,113.6875,113.6875,113.65625,113.65625,97.0
2025-06-18 09:26:00+00:00,113.65625,113.6875,113.65625,113.65625,25.0
2025-06-18 09:27:00+00:00,113.65625,113.6875,113.65625,113.6875,25.0
2025-06-18 09:28:00+00:00,113.71875,113.71875,113.6875,113.6875,79.0
2025-06-18 09:29:00+00:00,113.71875,113.71875,113.71875,113.71875,53.0
2025-06-18 09:30:00+00:00,113.75,113.75,113.71875,113.71875,223.0
2025-06-18 09:31:00+00:00,113.75,113.75,113.75,113.75,149.0
2025-06-18 09:32:00+00:00,113.78125,113.78125,113.75,113.75,49.0
2025-06-18 09:33:00+00:00,113.8125,113.8125,113.78125,113.78125,523.0
2025-06-18 09:34:00+00:00,113.8125,113.8125,113.78125,113.8125,288.0
2025-06-18 09:35:00+00:00,113.8125,113.8125,113.78125,113.8125,86.0
2025-06-18 09:36:00+00:00,113.78125,113.78125,113.78125,113.78125,316.0
2025-06-18 09:37:00+00:00,113.78125,113.78125,113.75,113.78125,186.0
2025-06-18 09:38:00+00:00,113.75,113.78125,113.75,113.78125,126.0
2025-06-18 09:39:00+00:00,113.78125,113.78125,113.75,113.75,93.0
2025-06-18 09:40:00+00:00,113.75,113.75,113.75,113.75,107.0
2025-06-18 09:41:00+00:00,113.78125,113.78125,113.75,113.75,36.0
2025-06-18 09:42:00+00:00,113.78125,113.78125,113.75,113.75,18.0
2025-06-18 09:43:00+00:00,113.78125,113.78125,113.75,113.75,102.0
2025-06-18 09:44:00+00:00,113.84375,113.84375,113.78125,113.78125,973.0
2025-06-18 09:45:00+00:00,113.8125,113.84375,113.8125,113.8125,970.0
2025-06-18 09:46:00+00:00,113.8125,113.8125,113.8125,113.8125,837.0
2025-06-18 09:47:00+00:00,113.78125,113.8125,113.78125,113.8125,3.0
2025-06-18 09:48:00+00:00,113.78125,113.8125,113.78125,113.78125,15.0
2025-06-18 09:49:00+00:00,113.8125,113.8125,113.78125,113.8125,444.0
2025-06-18 09:50:00+00:00,113.8125,113.8125,113.78125,113.8125,275.0
2025-06-18 09:51:00+00:00,113.8125,113.8125,113.78125,113.78125,36.0
2025-06-18 09:52:00+00:00,113.84375,113.84375,113.78125,113.78125,192.0
2025-06-18 09:53:00+00:00,113.8125,113.84375,113.8125,113.84375,333.0
2025-06-18 09:54:00+00:00,113.8125,113.8125,113.8125,113.8125,301.0
2025-06-18 09:55:00+00:00,113.8125,113.8125,113.8125,113.8125,62.0
2025-06-18 09:56:00+00:00,113.8125,113.8125,113.8125,113.8125,149.0
2025-06-18 09:57:00+00:00,113.8125,113.8125,113.8125,113.8125,58.0
2025-06-18 09:58:00+00:00,113.8125,113.84375,113.8125,113.8125,187.0
2025-06-18 09:59:00+00:00,113.8125,113.8125,113.8125,113.8125,353.0
2025-06-18 10:01:00+00:00,113.8125,113.8125,113.8125,113.8125,123.0
2025-06-18 10:02:00+00:00,113.8125,113.875,113.8125,113.8125,326.0
2025-06-18 10:03:00+00:00,113.84375,113.84375,113.8125,113.8125,19.0
2025-06-18 10:04:00+00:00,113.84375,113.84375,113.84375,113.84375,2.0
2025-06-18 10:05:00+00:00,113.8125,113.84375,113.8125,113.84375,13.0
2025-06-18 10:06:00+00:00,113.84375,113.84375,113.8125,113.8125,59.0
2025-06-18 10:07:00+00:00,113.84375,113.84375,113.8125,113.8125,143.0
2025-06-18 10:08:00+00:00,113.8125,113.84375,113.8125,113.84375,90.0
2025-06-18 10:09:00+00:00,113.78125,113.8125,113.78125,113.8125,474.0
2025-06-18 10:10:00+00:00,113.78125,113.78125,113.78125,113.78125,335.0
2025-06-18 10:11:00+00:00,113.78125,113.78125,113.78125,113.78125,1.0
2025-06-18 10:12:00+00:00,113.75,113.75,113.75,113.75,462.0
2025-06-18 10:13:00+00:00,113.75,113.75,113.75,113.75,59.0
2025-06-18 10:14:00+00:00,113.75,113.78125,113.75,113.78125,94.0
2025-06-18 10:15:00+00:00,113.78125,113.78125,113.75,113.75,55.0
2025-06-18 10:16:00+00:00,113.78125,113.78125,113.78125,113.78125,66.0
2025-06-18 10:19:00+00:00,113.78125,113.78125,113.78125,113.78125,10.0
2025-06-18 10:20:00+00:00,113.78125,113.78125,113.78125,113.78125,99.0
2025-06-18 10:21:00+00:00,113.75,113.78125,113.75,113.78125,22.0
2025-06-18 10:22:00+00:00,113.8125,113.8125,113.78125,113.78125,640.0
2025-06-18 10:24:00+00:00,113.8125,113.8125,113.8125,113.8125,12.0
2025-06-18 10:25:00+00:00,113.8125,113.8125,113.78125,113.78125,380.0
2025-06-18 10:26:00+00:00,113.78125,113.78125,113.78125,113.78125,116.0
2025-06-18 10:27:00+00:00,113.78125,113.78125,113.78125,113.78125,118.0
2025-06-18 10:28:00+00:00,113.78125,113.78125,113.78125,113.78125,246.0
2025-06-18 10:29:00+00:00,113.84375,113.84375,113.75,113.78125,1204.0
2025-06-18 10:30:00+00:00,113.84375,113.84375,113.84375,113.84375,215.0
2025-06-18 10:31:00+00:00,113.84375,113.875,113.84375,113.875,360.0
2025-06-18 10:32:00+00:00,113.84375,113.84375,113.84375,113.84375,455.0
2025-06-18 10:33:00+00:00,113.8125,113.84375,113.8125,113.84375,328.0
2025-06-18 10:34:00+00:00,113.84375,113.84375,113.8125,113.8125,33.0
2025-06-18 10:36:00+00:00,113.84375,113.84375,113.84375,113.84375,228.0
2025-06-18 10:37:00+00:00,113.8125,113.84375,113.8125,113.84375,37.0
2025-06-18 10:38:00+00:00,113.84375,113.84375,113.84375,113.84375,10.0
2025-06-18 10:39:00+00:00,113.84375,113.84375,113.84375,113.84375,12.0
2025-06-18 10:40:00+00:00,113.8125,113.84375,113.8125,113.84375,131.0
2025-06-18 10:42:00+00:00,113.84375,113.84375,113.84375,113.84375,103.0
2025-06-18 10:43:00+00:00,113.875,113.875,113.84375,113.84375,22.0
2025-06-18 10:44:00+00:00,113.875,113.875,113.84375,113.84375,166.0
2025-06-18 10:45:00+00:00,113.84375,113.875,113.84375,113.875,133.0
2025-06-18 10:46:00+00:00,113.875,113.875,113.84375,113.875,12.0
2025-06-18 10:47:00+00:00,113.875,113.875,113.875,113.875,12.0
2025-06-18 10:48:00+00:00,113.875,113.875,113.875,113.875,211.0
2025-06-18 10:49:00+00:00,113.90625,113.90625,113.90625,113.90625,62.0
2025-06-18 10:50:00+00:00,113.90625,113.90625,113.90625,113.90625,94.0
2025-06-18 10:51:00+00:00,113.90625,113.90625,113.90625,113.90625,206.0
2025-06-18 10:52:00+00:00,113.875,113.90625,113.875,113.90625,31.0
2025-06-18 10:53:00+00:00,113.90625,113.90625,113.90625,113.90625,254.0
2025-06-18 10:55:00+00:00,113.90625,113.90625,113.90625,113.90625,366.0
2025-06-18 10:56:00+00:00,113.90625,113.90625,113.875,113.90625,244.0
2025-06-18 10:57:00+00:00,113.90625,113.90625,113.90625,113.90625,98.0
2025-06-18 10:58:00+00:00,113.90625,113.90625,113.90625,113.90625,255.0
2025-06-18 10:59:00+00:00,113.875,113.9375,113.875,113.90625,263.0
2025-06-18 11:00:00+00:00,113.875,113.90625,113.875,113.875,451.0
2025-06-18 11:01:00+00:00,113.8125,113.84375,113.8125,113.84375,314.0
2025-06-18 11:02:00+00:00,113.875,113.875,113.8125,113.84375,213.0
2025-06-18 11:03:00+00:00,113.875,113.875,113.875,113.875,11.0
2025-06-18 11:04:00+00:00,113.875,113.90625,113.875,113.875,103.0
2025-06-18 11:05:00+00:00,113.84375,113.875,113.84375,113.84375,41.0
2025-06-18 11:06:00+00:00,113.84375,113.875,113.84375,113.875,310.0
2025-06-18 11:07:00+00:00,113.84375,113.84375,113.84375,113.84375,108.0
2025-06-18 11:08:00+00:00,113.8125,113.84375,113.8125,113.8125,115.0
2025-06-18 11:09:00+00:00,113.84375,113.84375,113.84375,113.84375,17.0
2025-06-18 11:10:00+00:00,113.84375,113.84375,113.84375,113.84375,96.0
2025-06-18 11:11:00+00:00,113.84375,113.84375,113.8125,113.84375,13.0
2025-06-18 11:12:00+00:00,113.84375,113.84375,113.8125,113.84375,31.0
2025-06-18 11:13:00+00:00,113.8125,113.875,113.8125,113.84375,143.0
2025-06-18 11:14:00+00:00,113.84375,113.84375,113.84375,113.84375,1.0
2025-06-18 11:15:00+00:00,113.84375,113.84375,113.84375,113.84375,21.0
2025-06-18 11:16:00+00:00,113.84375,113.84375,113.84375,113.84375,191.0
2025-06-18 11:18:00+00:00,113.84375,113.84375,113.84375,113.84375,134.0
2025-06-18 11:19:00+00:00,113.875,113.875,113.8125,113.84375,223.0
2025-06-18 11:20:00+00:00,113.84375,113.875,113.84375,113.875,238.0
2025-06-18 11:21:00+00:00,113.875,113.875,113.875,113.875,18.0
2025-06-18 11:22:00+00:00,113.90625,113.90625,113.875,113.875,49.0
2025-06-18 11:23:00+00:00,113.90625,113.90625,113.90625,113.90625,331.0
2025-06-18 11:24:00+00:00,113.9375,113.9375,113.90625,113.90625,30.0
2025-06-18 11:25:00+00:00,113.90625,113.9375,113.90625,113.9375,29.0
2025-06-18 11:26:00+00:00,113.9375,113.96875,113.9375,113.9375,766.0
2025-06-18 11:27:00+00:00,113.9375,113.9375,113.9375,113.9375,249.0
2025-06-18 11:28:00+00:00,113.9375,113.96875,113.9375,113.9375,246.0
2025-06-18 11:29:00+00:00,113.9375,113.96875,113.9375,113.9375,192.0
2025-06-18 11:30:00+00:00,113.96875,113.96875,113.9375,113.9375,369.0
2025-06-18 11:31:00+00:00,113.90625,113.9375,113.90625,113.9375,1275.0
2025-06-18 11:32:00+00:00,113.9375,113.9375,113.90625,113.90625,67.0
2025-06-18 11:33:00+00:00,113.9375,113.9375,113.90625,113.9375,287.0
2025-06-18 11:34:00+00:00,113.9375,113.9375,113.90625,113.9375,61.0
2025-06-18 11:35:00+00:00,113.875,113.90625,113.875,113.90625,235.0
2025-06-18 11:36:00+00:00,113.90625,113.90625,113.90625,113.90625,5.0
2025-06-18 11:37:00+00:00,113.90625,113.90625,113.875,113.90625,435.0
2025-06-18 11:38:00+00:00,113.90625,113.90625,113.90625,113.90625,324.0
2025-06-18 11:40:00+00:00,113.9375,113.9375,113.90625,113.90625,210.0
2025-06-18 11:41:00+00:00,113.90625,113.90625,113.90625,113.90625,156.0
2025-06-18 11:42:00+00:00,113.9375,113.9375,113.90625,113.90625,24.0
2025-06-18 11:43:00+00:00,113.90625,113.9375,113.90625,113.9375,339.0
2025-06-18 11:44:00+00:00,113.90625,113.9375,113.90625,113.9375,94.0
2025-06-18 11:45:00+00:00,113.90625,113.90625,113.875,113.875,9.0
2025-06-18 11:46:00+00:00,113.875,113.90625,113.875,113.90625,42.0
2025-06-18 11:47:00+00:00,113.90625,113.90625,113.90625,113.90625,281.0
2025-06-18 11:50:00+00:00,113.875,113.90625,113.875,113.90625,666.0
2025-06-18 11:52:00+00:00,113.9375,113.9375,113.90625,113.90625,192.0
2025-06-18 11:53:00+00:00,113.9375,113.9375,113.9375,113.9375,9.0
2025-06-18 11:54:00+00:00,113.9375,113.9375,113.90625,113.9375,306.0
2025-06-18 11:55:00+00:00,113.9375,113.96875,113.9375,113.9375,161.0
2025-06-18 11:56:00+00:00,113.96875,113.96875,113.9375,113.96875,23.0
2025-06-18 11:57:00+00:00,113.9375,113.9375,113.90625,113.9375,259.0
2025-06-18 11:58:00+00:00,113.9375,113.9375,113.90625,113.90625,36.0
2025-06-18 11:59:00+00:00,113.90625,113.9375,113.875,113.90625,293.0
2025-06-18 12:00:00+00:00,113.875,113.90625,113.875,113.90625,553.0
2025-06-18 12:01:00+00:00,113.90625,113.90625,113.90625,113.90625,584.0
2025-06-18 12:03:00+00:00,113.90625,113.90625,113.90625,113.90625,316.0
2025-06-18 12:04:00+00:00,113.9375,113.9375,113.9375,113.9375,10.0
2025-06-18 12:05:00+00:00,113.90625,113.9375,113.90625,113.9375,133.0
2025-06-18 12:06:00+00:00,113.9375,113.9375,113.875,113.875,474.0
2025-06-18 12:07:00+00:00,113.9375,113.9375,113.90625,113.90625,6.0
2025-06-18 12:08:00+00:00,113.9375,113.9375,113.9375,113.9375,379.0
2025-06-18 12:09:00+00:00,113.9375,113.9375,113.90625,113.9375,203.0
2025-06-18 12:10:00+00:00,113.9375,113.96875,113.9375,113.9375,440.0
2025-06-18 12:11:00+00:00,113.9375,113.9375,113.9375,113.9375,114.0
2025-06-18 12:12:00+00:00,113.96875,113.96875,113.9375,113.9375,11.0
2025-06-18 12:13:00+00:00,113.96875,113.96875,113.96875,113.96875,33.0
2025-06-18 12:14:00+00:00,114.0,114.0,113.9375,113.9375,126.0
2025-06-18 12:15:00+00:00,113.9375,114.0,113.9375,114.0,352.0
2025-06-18 12:16:00+00:00,114.0,114.0,113.9375,113.9375,234.0
2025-06-18 12:17:00+00:00,114.0,114.03125,113.96875,113.96875,1095.0
2025-06-18 12:18:00+00:00,114.0,114.0,114.0,114.0,6.0
2025-06-18 12:19:00+00:00,114.0625,114.0625,114.0,114.0,1014.0
2025-06-18 12:20:00+00:00,114.0625,114.09375,114.03125,114.0625,1199.0
2025-06-18 12:21:00+00:00,114.0625,114.0625,114.03125,114.0625,534.0
2025-06-18 12:22:00+00:00,114.09375,114.09375,114.03125,114.0625,641.0
2025-06-18 12:23:00+00:00,114.09375,114.09375,114.0625,114.09375,491.0
2025-06-18 12:24:00+00:00,114.125,114.125,114.09375,114.09375,715.0
2025-06-18 12:25:00+00:00,114.125,114.125,114.09375,114.125,150.0
2025-06-18 12:26:00+00:00,114.0625,114.125,114.03125,114.125,1040.0
2025-06-18 12:27:00+00:00,114.09375,114.125,114.03125,114.03125,1699.0
2025-06-18 12:28:00+00:00,114.0625,114.09375,114.0625,114.09375,237.0
2025-06-18 12:29:00+00:00,114.0625,114.09375,114.03125,114.09375,495.0
2025-06-18 12:30:00+00:00,113.9375,114.0625,113.9375,114.03125,1735.0
2025-06-18 12:31:00+00:00,113.96875,113.96875,113.9375,113.96875,1381.0
2025-06-18 12:32:00+00:00,113.9375,113.96875,113.90625,113.96875,879.0
2025-06-18 12:33:00+00:00,113.90625,113.96875,113.90625,113.96875,418.0
2025-06-18 12:34:00+00:00,113.96875,113.96875,113.875,113.875,527.0
2025-06-18 12:37:00+00:00,114.03125,114.03125,114.0,114.0,1235.0
2025-06-18 12:38:00+00:00,113.96875,114.0625,113.9375,114.03125,2135.0
2025-06-18 12:39:00+00:00,113.96875,114.0,113.96875,113.96875,412.0
2025-06-18 12:40:00+00:00,113.9375,113.96875,113.90625,113.96875,551.0
2025-06-18 12:41:00+00:00,113.9375,113.96875,113.90625,113.96875,385.0
2025-06-18 12:42:00+00:00,113.90625,113.9375,113.90625,113.90625,199.0
2025-06-18 12:43:00+00:00,113.90625,113.90625,113.90625,113.90625,394.0
2025-06-18 12:44:00+00:00,113.84375,113.90625,113.84375,113.875,981.0
2025-06-18 12:45:00+00:00,113.875,113.875,113.84375,113.84375,775.0
2025-06-18 12:46:00+00:00,113.78125,113.84375,113.78125,113.84375,1858.0
2025-06-18 12:47:00+00:00,113.71875,113.75,113.71875,113.75,622.0
2025-06-18 12:48:00+00:00,113.78125,113.78125,113.71875,113.71875,540.0
2025-06-18 12:49:00+00:00,113.78125,113.8125,113.78125,113.78125,371.0
2025-06-18 12:50:00+00:00,113.78125,113.78125,113.75,113.75,1237.0
2025-06-18 12:51:00+00:00,113.8125,113.8125,113.78125,113.78125,23.0
2025-06-18 12:52:00+00:00,113.78125,113.8125,113.78125,113.78125,946.0
2025-06-18 12:53:00+00:00,113.78125,113.78125,113.78125,113.78125,340.0
2025-06-18 12:54:00+00:00,113.8125,113.8125,113.75,113.78125,583.0
2025-06-18 12:55:00+00:00,113.8125,113.8125,113.8125,113.8125,744.0
2025-06-18 12:56:00+00:00,113.8125,113.84375,113.8125,113.8125,199.0
2025-06-18 12:57:00+00:00,113.8125,113.8125,113.8125,113.8125,284.0
2025-06-18 12:58:00+00:00,113.8125,113.8125,113.78125,113.78125,316.0
2025-06-18 12:59:00+00:00,113.84375,113.84375,113.8125,113.8125,93.0
2025-06-18 13:00:00+00:00,113.8125,113.84375,113.78125,113.8125,736.0
2025-06-18 13:01:00+00:00,113.84375,113.84375,113.8125,113.8125,306.0
2025-06-18 13:03:00+00:00,113.875,113.875,113.875,113.875,566.0
2025-06-18 13:04:00+00:00,113.84375,113.875,113.84375,113.84375,1145.0
2025-06-18 13:05:00+00:00,113.875,113.875,113.84375,113.84375,292.0
2025-06-18 13:06:00+00:00,113.90625,113.90625,113.875,113.875,196.0
2025-06-18 13:07:00+00:00,113.90625,113.90625,113.875,113.90625,134.0
2025-06-18 13:08:00+00:00,113.90625,113.90625,113.875,113.875,618.0
2025-06-18 13:09:00+00:00,113.9375,113.9375,113.90625,113.90625,207.0
2025-06-18 13:10:00+00:00,114.0,114.0,113.9375,113.9375,631.0
2025-06-18 13:11:00+00:00,113.9375,114.0,113.9375,114.0,465.0
2025-06-18 13:12:00+00:00,113.9375,113.96875,113.9375,113.9375,453.0
2025-06-18 13:13:00+00:00,113.9375,113.9375,113.875,113.9375,1394.0
2025-06-18 13:14:00+00:00,113.90625,113.9375,113.90625,113.90625,357.0
2025-06-18 13:15:00+00:00,113.9375,113.9375,113.90625,113.90625,289.0
2025-06-18 13:16:00+00:00,113.96875,114.0,113.9375,113.9375,522.0
2025-06-18 13:17:00+00:00,113.9375,113.96875,113.9375,113.96875,404.0
2025-06-18 13:18:00+00:00,113.96875,113.96875,113.9375,113.9375,172.0
2025-06-18 13:19:00+00:00,113.96875,113.96875,113.96875,113.96875,294.0
2025-06-18 13:20:00+00:00,113.96875,113.96875,113.96875,113.96875,531.0
2025-06-18 13:21:00+00:00,113.96875,113.96875,113.96875,113.96875,111.0
2025-06-18 13:22:00+00:00,114.0,114.0,114.0,114.0,623.0
2025-06-18 13:23:00+00:00,113.96875,114.0,113.96875,114.0,705.0
2025-06-18 13:24:00+00:00,113.96875,113.96875,113.9375,113.96875,772.0
2025-06-18 13:25:00+00:00,113.96875,113.96875,113.9375,113.96875,352.0
2025-06-18 13:28:00+00:00,114.03125,114.03125,114.0,114.03125,939.0
2025-06-18 13:29:00+00:00,114.03125,114.0625,114.0,114.03125,1076.0
2025-06-18 13:30:00+00:00,114.0,114.03125,113.96875,114.03125,546.0
2025-06-18 13:31:00+00:00,114.0,114.03125,114.0,114.0,378.0
2025-06-18 13:32:00+00:00,113.96875,114.03125,113.96875,114.0,296.0
2025-06-18 13:33:00+00:00,114.0625,114.0625,113.96875,113.96875,531.0
2025-06-18 13:34:00+00:00,114.03125,114.03125,114.0,114.03125,412.0
2025-06-18 13:35:00+00:00,114.0625,114.0625,114.03125,114.0625,49.0
2025-06-18 13:37:00+00:00,114.0625,114.0625,114.0,114.03125,619.0
2025-06-18 13:38:00+00:00,114.09375,114.09375,114.0625,114.0625,1238.0
2025-06-18 13:39:00+00:00,114.09375,114.09375,114.0625,114.09375,348.0
2025-06-18 13:40:00+00:00,114.09375,114.09375,114.0625,114.09375,434.0
2025-06-18 13:44:00+00:00,114.09375,114.15625,114.09375,114.15625,2540.0
2025-06-18 13:45:00+00:00,114.125,114.125,114.09375,114.125,794.0
2025-06-18 13:46:00+00:00,114.15625,114.15625,114.125,114.125,17.0
2025-06-18 13:47:00+00:00,114.125,114.15625,114.09375,114.15625,888.0
2025-06-18 13:48:00+00:00,114.09375,114.125,114.09375,114.09375,46.0
2025-06-18 13:49:00+00:00,114.0625,114.09375,114.0625,114.09375,921.0
2025-06-18 13:50:00+00:00,114.03125,114.0625,114.03125,114.03125,25.0
2025-06-18 13:51:00+00:00,114.03125,114.0625,114.03125,114.03125,1029.0
2025-06-18 13:52:00+00:00,114.0625,114.0625,114.03125,114.0625,503.0
2025-06-18 13:53:00+00:00,114.03125,114.0625,114.03125,114.0625,191.0
2025-06-18 13:54:00+00:00,114.0625,114.0625,114.03125,114.03125,542.0
2025-06-18 13:55:00+00:00,114.0625,114.0625,114.03125,114.0625,913.0
2025-06-18 13:56:00+00:00,114.0625,114.0625,114.03125,114.03125,34.0
2025-06-18 13:57:00+00:00,114.0625,114.09375,114.0625,114.0625,1118.0
2025-06-18 13:58:00+00:00,114.0625,114.0625,114.03125,114.0625,788.0
2025-06-18 14:02:00+00:00,114.09375,114.125,114.09375,114.125,2750.0
2025-06-18 14:03:00+00:00,114.15625,114.15625,114.125,114.125,1179.0
2025-06-18 14:04:00+00:00,114.125,114.15625,114.09375,114.15625,1108.0
2025-06-18 14:05:00+00:00,114.09375,114.09375,114.09375,114.09375,877.0
2025-06-18 14:06:00+00:00,114.125,114.125,114.09375,114.125,162.0
2025-06-18 14:07:00+00:00,114.09375,114.09375,114.09375,114.09375,384.0
2025-06-18 14:08:00+00:00,114.125,114.125,114.125,114.125,268.0
2025-06-18 14:09:00+00:00,114.0625,114.09375,114.0625,114.09375,250.0
2025-06-18 14:10:00+00:00,114.09375,114.09375,114.0625,114.0625,471.0
2025-06-18 14:11:00+00:00,114.09375,114.125,114.09375,114.09375,285.0
2025-06-18 14:12:00+00:00,114.125,114.125,114.09375,114.125,816.0
2025-06-18 14:13:00+00:00,114.1875,114.1875,114.125,114.15625,483.0
2025-06-18 14:14:00+00:00,114.1875,114.21875,114.15625,114.1875,698.0
2025-06-18 14:15:00+00:00,114.1875,114.21875,114.15625,114.1875,695.0
2025-06-18 14:18:00+00:00,114.1875,114.21875,114.1875,114.21875,1064.0
2025-06-18 14:19:00+00:00,114.15625,114.1875,114.15625,114.1875,741.0
2025-06-18 14:20:00+00:00,114.125,114.1875,114.125,114.1875,1049.0
2025-06-18 14:21:00+00:00,114.09375,114.125,114.09375,114.09375,73.0
2025-06-18 14:22:00+00:00,114.125,114.125,114.0625,114.09375,376.0
2025-06-18 14:23:00+00:00,114.09375,114.125,114.0625,114.09375,155.0
2025-06-18 14:24:00+00:00,114.03125,114.0625,114.03125,114.0625,348.0
2025-06-18 14:25:00+00:00,114.03125,114.0625,114.03125,114.03125,559.0
2025-06-18 14:26:00+00:00,113.96875,114.03125,113.96875,114.0,333.0
2025-06-18 14:27:00+00:00,113.96875,114.0,113.96875,114.0,674.0
2025-06-18 14:28:00+00:00,113.9375,113.96875,113.9375,113.96875,96.0
2025-06-18 14:29:00+00:00,114.0,114.0,113.9375,113.96875,476.0
2025-06-18 14:30:00+00:00,113.90625,113.96875,113.90625,113.96875,727.0
2025-06-18 14:31:00+00:00,113.90625,113.90625,113.90625,113.90625,1.0
2025-06-18 14:34:00+00:00,113.90625,113.90625,113.90625,113.90625,2052.0
2025-06-18 14:35:00+00:00,113.90625,113.90625,113.90625,113.90625,105.0
2025-06-18 14:36:00+00:00,113.90625,113.9375,113.90625,113.90625,91.0
2025-06-18 14:37:00+00:00,113.90625,113.90625,113.90625,113.90625,612.0
2025-06-18 14:38:00+00:00,113.90625,113.90625,113.875,113.875,183.0
2025-06-18 14:39:00+00:00,113.96875,113.96875,113.90625,113.90625,453.0
2025-06-18 14:40:00+00:00,113.9375,113.96875,113.90625,113.96875,1062.0
2025-06-18 14:41:00+00:00,113.96875,113.96875,113.96875,113.96875,84.0
2025-06-18 14:43:00+00:00,113.96875,114.0,113.96875,113.96875,1458.0
2025-06-18 14:44:00+00:00,113.96875,114.0,113.9375,113.96875,454.0
2025-06-18 14:45:00+00:00,113.96875,113.96875,113.9375,113.96875,380.0
2025-06-18 14:46:00+00:00,114.03125,114.03125,113.96875,113.96875,452.0
2025-06-18 14:47:00+00:00,114.03125,114.03125,114.03125,114.03125,729.0
2025-06-18 14:48:00+00:00,114.0625,114.09375,114.03125,114.03125,284.0
2025-06-18 14:49:00+00:00,114.0625,114.09375,114.0625,114.0625,1266.0
2025-06-18 14:50:00+00:00,114.09375,114.09375,114.03125,114.0625,396.0
2025-06-18 14:51:00+00:00,114.09375,114.09375,114.0625,114.0625,1265.0
2025-06-18 14:52:00+00:00,114.09375,114.125,114.09375,114.125,260.0
2025-06-18 14:53:00+00:00,114.1875,114.1875,114.125,114.125,562.0
2025-06-18 14:54:00+00:00,114.1875,114.1875,114.15625,114.15625,271.0
2025-06-18 14:55:00+00:00,114.15625,114.1875,114.15625,114.15625,1319.0
2025-06-18 14:56:00+00:00,114.15625,114.15625,114.15625,114.15625,215.0
2025-06-18 14:58:00+00:00,114.21875,114.21875,114.1875,114.21875,1608.0
2025-06-18 14:59:00+00:00,114.1875,114.1875,114.1875,114.1875,338.0
2025-06-18 15:03:00+00:00,114.25,114.25,114.21875,114.21875,1842.0
2025-06-18 15:05:00+00:00,114.25,114.28125,114.25,114.28125,3335.0
2025-06-18 15:06:00+00:00,114.25,114.28125,114.25,114.28125,594.0
2025-06-18 15:07:00+00:00,114.25,114.25,114.25,114.25,1884.0
2025-06-18 15:08:00+00:00,114.21875,114.25,114.21875,114.25,635.0
2025-06-18 15:12:00+00:00,114.25,114.25,114.25,114.25,1589.0
2025-06-18 15:14:00+00:00,114.21875,114.25,114.21875,114.25,826.0
2025-06-18 15:15:00+00:00,114.25,114.28125,114.21875,114.21875,725.0
2025-06-18 15:17:00+00:00,114.25,114.28125,114.25,114.28125,598.0
2025-06-18 15:18:00+00:00,114.21875,114.25,114.21875,114.25,458.0
2025-06-18 15:21:00+00:00,114.1875,114.1875,114.1875,114.1875,2287.0
2025-06-18 15:22:00+00:00,114.25,114.25,114.21875,114.21875,803.0
2025-06-18 15:23:00+00:00,114.25,114.25,114.25,114.25,842.0
2025-06-18 15:26:00+00:00,114.25,114.25,114.21875,114.25,1829.0
2025-06-18 15:27:00+00:00,114.28125,114.28125,114.28125,114.28125,574.0
2025-06-18 15:30:00+00:00,114.21875,114.25,114.21875,114.21875,741.0
2025-06-18 15:31:00+00:00,114.1875,114.25,114.1875,114.21875,412.0
2025-06-18 15:32:00+00:00,114.1875,114.1875,114.1875,114.1875,1.0
2025-06-18 15:33:00+00:00,114.1875,114.1875,114.1875,114.1875,889.0
2025-06-18 15:34:00+00:00,114.1875,114.1875,114.1875,114.1875,230.0
2025-06-18 15:37:00+00:00,114.21875,114.21875,114.21875,114.21875,356.0
2025-06-18 15:39:00+00:00,114.1875,114.1875,114.1875,114.1875,413.0
2025-06-18 15:40:00+00:00,114.1875,114.21875,114.1875,114.1875,272.0
2025-06-18 15:41:00+00:00,114.21875,114.25,114.1875,114.1875,487.0
2025-06-18 15:42:00+00:00,114.21875,114.21875,114.21875,114.21875,340.0
2025-06-18 15:43:00+00:00,114.1875,114.21875,114.1875,114.21875,62.0
2025-06-18 15:44:00+00:00,114.21875,114.21875,114.1875,114.1875,9.0
2025-06-18 15:45:00+00:00,114.21875,114.21875,114.1875,114.21875,208.0
2025-06-18 15:46:00+00:00,114.21875,114.21875,114.21875,114.21875,703.0
2025-06-18 15:47:00+00:00,114.21875,114.25,114.21875,114.21875,270.0
2025-06-18 15:48:00+00:00,114.21875,114.21875,114.1875,114.1875,662.0
2025-06-18 15:49:00+00:00,114.21875,114.21875,114.21875,114.21875,242.0
2025-06-18 15:50:00+00:00,114.25,114.25,114.25,114.25,544.0
2025-06-18 15:52:00+00:00,114.28125,114.28125,114.25,114.25,1130.0
2025-06-18 15:53:00+00:00,114.25,114.28125,114.25,114.25,294.0
2025-06-18 15:57:00+00:00,114.28125,114.28125,114.25,114.25,513.0
2025-06-18 15:58:00+00:00,114.28125,114.28125,114.25,114.28125,57.0
2025-06-18 15:59:00+00:00,114.28125,114.28125,114.25,114.28125,46.0
2025-06-18 16:00:00+00:00,114.21875,114.28125,114.1875,114.28125,627.0
2025-06-18 16:01:00+00:00,114.21875,114.21875,114.1875,114.21875,299.0
2025-06-18 16:02:00+00:00,114.1875,114.21875,114.1875,114.1875,72.0
2025-06-18 16:03:00+00:00,114.1875,114.21875,114.1875,114.1875,96.0
2025-06-18 16:04:00+00:00,114.1875,114.21875,114.1875,114.1875,38.0
2025-06-18 16:05:00+00:00,114.1875,114.21875,114.1875,114.21875,11.0
2025-06-18 16:08:00+00:00,114.15625,114.1875,114.15625,114.1875,1168.0
2025-06-18 16:09:00+00:00,114.15625,114.15625,114.15625,114.15625,7.0
2025-06-18 16:10:00+00:00,114.15625,114.15625,114.15625,114.15625,17.0
2025-06-18 16:11:00+00:00,114.1875,114.1875,114.1875,114.1875,706.0
2025-06-18 16:12:00+00:00,114.1875,114.21875,114.1875,114.1875,213.0
2025-06-18 16:13:00+00:00,114.21875,114.21875,114.1875,114.1875,5.0
2025-06-18 16:14:00+00:00,114.21875,114.21875,114.21875,114.21875,2.0
2025-06-18 16:15:00+00:00,114.1875,114.21875,114.1875,114.21875,196.0
2025-06-18 16:16:00+00:00,114.1875,114.1875,114.1875,114.1875,293.0
2025-06-18 16:17:00+00:00,114.15625,114.1875,114.15625,114.1875,170.0
2025-06-18 16:18:00+00:00,114.15625,114.15625,114.15625,114.15625,5.0
2025-06-18 16:19:00+00:00,114.15625,114.15625,114.15625,114.15625,369.0
2025-06-18 16:20:00+00:00,114.15625,114.15625,114.15625,114.15625,307.0
2025-06-18 16:21:00+00:00,114.125,114.125,114.125,114.125,285.0
2025-06-18 16:22:00+00:00,114.15625,114.15625,114.15625,114.15625,56.0
2025-06-18 16:23:00+00:00,114.125,114.125,114.125,114.125,184.0
2025-06-18 16:24:00+00:00,114.125,114.15625,114.125,114.15625,712.0
2025-06-18 16:25:00+00:00,114.125,114.125,114.125,114.125,258.0
2025-06-18 16:26:00+00:00,114.125,114.15625,114.125,114.15625,193.0
2025-06-18 16:27:00+00:00,114.125,114.125,114.09375,114.09375,1369.0
2025-06-18 16:30:00+00:00,114.09375,114.125,114.09375,114.125,753.0
2025-06-18 16:31:00+00:00,114.09375,114.09375,114.09375,114.09375,38.0
2025-06-18 16:32:00+00:00,114.15625,114.15625,114.09375,114.09375,539.0
2025-06-18 16:33:00+00:00,114.15625,114.15625,114.125,114.15625,68.0
2025-06-18 16:34:00+00:00,114.09375,114.15625,114.09375,114.15625,308.0
2025-06-18 16:35:00+00:00,114.125,114.125,114.125,114.125,234.0
2025-06-18 16:36:00+00:00,114.15625,114.15625,114.125,114.125,141.0
2025-06-18 16:37:00+00:00,114.15625,114.15625,114.15625,114.15625,26.0
2025-06-18 16:38:00+00:00,114.15625,114.15625,114.15625,114.15625,197.0
2025-06-18 16:39:00+00:00,114.1875,114.1875,114.15625,114.1875,8.0
2025-06-18 16:40:00+00:00,114.21875,114.21875,114.1875,114.1875,602.0
2025-06-18 16:41:00+00:00,114.1875,114.21875,114.1875,114.21875,708.0
2025-06-18 16:42:00+00:00,114.1875,114.1875,114.1875,114.1875,213.0
2025-06-18 16:43:00+00:00,114.15625,114.1875,114.15625,114.1875,631.0
2025-06-18 16:45:00+00:00,114.1875,114.1875,114.1875,114.1875,277.0
2025-06-18 16:46:00+00:00,114.1875,114.1875,114.15625,114.1875,15.0
2025-06-18 16:47:00+00:00,114.15625,114.1875,114.15625,114.15625,14.0
2025-06-18 16:48:00+00:00,114.15625,114.1875,114.15625,114.1875,57.0
2025-06-18 16:49:00+00:00,114.15625,114.1875,114.15625,114.1875,609.0
2025-06-18 16:54:00+00:00,114.125,114.15625,114.125,114.15625,1269.0
2025-06-18 16:55:00+00:00,114.15625,114.1875,114.125,114.125,977.0
2025-06-18 16:56:00+00:00,114.125,114.15625,114.125,114.15625,28.0
2025-06-18 16:57:00+00:00,114.125,114.125,114.125,114.125,443.0
2025-06-18 16:58:00+00:00,114.09375,114.09375,114.09375,114.09375,508.0
2025-06-18 16:59:00+00:00,114.0625,114.09375,114.0625,114.0625,73.0
2025-06-18 17:00:00+00:00,114.125,114.125,114.0625,114.0625,1192.0
2025-06-18 17:01:00+00:00,114.0625,114.125,114.0625,114.125,276.0
2025-06-18 17:02:00+00:00,114.0625,114.0625,114.0625,114.0625,30.0
2025-06-18 17:03:00+00:00,114.03125,114.0625,114.03125,114.0625,881.0
2025-06-18 17:04:00+00:00,114.0,114.03125,114.0,114.03125,393.0
2025-06-18 17:05:00+00:00,114.03125,114.03125,114.0,114.0,240.0
2025-06-18 17:06:00+00:00,114.0,114.0,113.96875,114.0,468.0
2025-06-18 17:07:00+00:00,114.0,114.0,113.96875,114.0,387.0
2025-06-18 17:08:00+00:00,114.0,114.0,113.96875,114.0,314.0
2025-06-18 17:09:00+00:00,114.0,114.0,114.0,114.0,184.0
2025-06-18 17:12:00+00:00,114.0625,114.0625,114.03125,114.03125,1097.0
2025-06-18 17:13:00+00:00,114.03125,114.03125,114.03125,114.03125,215.0
2025-06-18 17:14:00+00:00,114.03125,114.0625,114.03125,114.03125,531.0
2025-06-18 17:15:00+00:00,114.0625,114.0625,114.03125,114.03125,14.0
2025-06-18 17:16:00+00:00,114.03125,114.0625,114.03125,114.03125,41.0
2025-06-18 17:17:00+00:00,114.03125,114.0625,114.03125,114.03125,35.0
2025-06-18 17:18:00+00:00,114.0625,114.0625,114.0625,114.0625,107.0
2025-06-18 17:19:00+00:00,114.03125,114.03125,114.0,114.03125,862.0
2025-06-18 17:20:00+00:00,114.03125,114.03125,114.03125,114.03125,792.0
2025-06-18 17:21:00+00:00,114.03125,114.03125,114.03125,114.03125,173.0
2025-06-18 17:22:00+00:00,114.03125,114.03125,114.03125,114.03125,1.0
2025-06-18 17:23:00+00:00,114.03125,114.03125,114.03125,114.03125,691.0
2025-06-18 17:24:00+00:00,114.0625,114.0625,114.03125,114.03125,288.0
2025-06-18 17:26:00+00:00,114.0625,114.0625,114.0625,114.0625,1.0
2025-06-18 17:27:00+00:00,114.03125,114.0625,114.03125,114.0625,13.0
2025-06-18 17:28:00+00:00,114.0625,114.0625,114.03125,114.0625,16.0
2025-06-18 17:29:00+00:00,114.03125,114.0625,114.03125,114.03125,781.0
2025-06-18 17:30:00+00:00,114.03125,114.03125,114.03125,114.03125,50.0
2025-06-18 17:31:00+00:00,114.03125,114.03125,114.0,114.0,469.0
2025-06-18 17:32:00+00:00,114.03125,114.03125,114.03125,114.03125,46.0
2025-06-18 17:33:00+00:00,114.0625,114.0625,114.03125,114.03125,9.0
2025-06-18 17:34:00+00:00,114.03125,114.03125,114.03125,114.03125,92.0
2025-06-18 17:35:00+00:00,114.0,114.0,114.0,114.0,5.0
2025-06-18 17:36:00+00:00,114.0,114.03125,114.0,114.03125,120.0
2025-06-18 17:37:00+00:00,114.0,114.0,114.0,114.0,94.0
2025-06-18 17:40:00+00:00,114.03125,114.03125,114.03125,114.03125,504.0
2025-06-18 17:41:00+00:00,114.03125,114.03125,114.0,114.0,22.0
2025-06-18 17:42:00+00:00,114.03125,114.03125,114.0,114.03125,4.0
2025-06-18 17:43:00+00:00,114.03125,114.03125,114.0,114.0,258.0
2025-06-18 17:44:00+00:00,114.0,114.03125,114.0,114.03125,203.0
2025-06-18 17:45:00+00:00,113.96875,114.0,113.96875,114.0,33.0
2025-06-18 17:46:00+00:00,114.0,114.0,113.96875,113.96875,23.0
2025-06-18 17:47:00+00:00,113.96875,114.0,113.9375,114.0,375.0
2025-06-18 17:48:00+00:00,113.96875,114.0,113.96875,114.0,364.0
2025-06-18 17:49:00+00:00,114.0,114.0,114.0,114.0,191.0
2025-06-18 17:50:00+00:00,113.96875,113.96875,113.9375,113.96875,551.0
2025-06-18 17:51:00+00:00,113.96875,113.96875,113.96875,113.96875,265.0
2025-06-18 17:52:00+00:00,114.0,114.0,113.96875,113.96875,97.0
2025-06-18 17:53:00+00:00,113.96875,114.0,113.96875,114.0,43.0
2025-06-18 17:54:00+00:00,113.96875,114.0,113.96875,113.96875,858.0
2025-06-18 17:55:00+00:00,114.0,114.0,114.0,114.0,718.0
2025-06-18 17:56:00+00:00,114.0,114.0,113.96875,114.0,317.0
2025-06-18 17:57:00+00:00,114.0,114.0,113.96875,113.96875,233.0
2025-06-18 18:00:00+00:00,114.09375,114.25,114.09375,114.25,5789.0
2025-06-18 18:01:00+00:00,114.125,114.1875,114.0625,114.125,1177.0
2025-06-18 18:02:00+00:00,114.0,114.125,114.0,114.09375,867.0
2025-06-18 18:03:00+00:00,114.0,114.03125,114.0,114.0,493.0
2025-06-18 18:04:00+00:00,113.90625,114.0,113.90625,114.0,522.0
2025-06-18 18:05:00+00:00,113.90625,113.96875,113.90625,113.90625,1542.0
2025-06-18 18:06:00+00:00,114.03125,114.0625,113.9375,113.9375,1110.0
2025-06-18 18:07:00+00:00,114.0,114.03125,114.0,114.03125,754.0
2025-06-18 18:08:00+00:00,114.03125,114.03125,114.0,114.03125,297.0
2025-06-18 18:09:00+00:00,113.9375,114.0,113.9375,114.0,453.0
2025-06-18 18:10:00+00:00,113.875,113.96875,113.875,113.9375,1322.0
2025-06-18 18:11:00+00:00,113.96875,113.96875,113.875,113.875,988.0
2025-06-18 18:12:00+00:00,113.90625,113.96875,113.90625,113.96875,984.0
2025-06-18 18:13:00+00:00,113.90625,113.9375,113.875,113.875,661.0
2025-06-18 18:14:00+00:00,113.9375,113.9375,113.9375,113.9375,330.0
2025-06-18 18:15:00+00:00,113.875,113.90625,113.875,113.90625,328.0
2025-06-18 18:16:00+00:00,113.875,113.90625,113.875,113.875,661.0
2025-06-18 18:17:00+00:00,113.90625,113.9375,113.90625,113.90625,1043.0
2025-06-18 18:18:00+00:00,113.875,113.90625,113.875,113.875,510.0
2025-06-18 18:19:00+00:00,113.875,113.90625,113.875,113.875,393.0
2025-06-18 18:21:00+00:00,113.84375,113.875,113.84375,113.875,1130.0
2025-06-18 18:22:00+00:00,113.84375,113.90625,113.84375,113.84375,575.0
2025-06-18 18:23:00+00:00,113.78125,113.84375,113.78125,113.84375,611.0
2025-06-18 18:24:00+00:00,113.78125,113.8125,113.78125,113.8125,874.0
2025-06-18 18:25:00+00:00,113.78125,113.8125,113.75,113.78125,324.0
2025-06-18 18:26:00+00:00,113.75,113.75,113.6875,113.75,1801.0
2025-06-18 18:27:00+00:00,113.8125,113.8125,113.75,113.75,1742.0
2025-06-18 18:28:00+00:00,113.78125,113.8125,113.78125,113.78125,489.0
2025-06-18 18:29:00+00:00,113.84375,113.84375,113.78125,113.78125,778.0
2025-06-18 18:30:00+00:00,113.8125,113.84375,113.8125,113.84375,356.0
2025-06-18 18:31:00+00:00,113.84375,113.84375,113.8125,113.84375,631.0
2025-06-18 18:32:00+00:00,113.875,113.875,113.78125,113.8125,405.0
2025-06-18 18:33:00+00:00,113.84375,113.875,113.8125,113.875,292.0
2025-06-18 18:34:00+00:00,113.875,113.875,113.8125,113.8125,157.0
2025-06-18 18:35:00+00:00,113.78125,113.875,113.75,113.875,1151.0
2025-06-18 18:36:00+00:00,113.78125,113.78125,113.78125,113.78125,585.0
2025-06-18 18:37:00+00:00,113.78125,113.8125,113.78125,113.78125,273.0
2025-06-18 18:38:00+00:00,113.84375,113.84375,113.78125,113.78125,425.0
2025-06-18 18:39:00+00:00,113.8125,113.84375,113.78125,113.84375,700.0
2025-06-18 18:40:00+00:00,113.75,113.8125,113.71875,113.8125,719.0
2025-06-18 18:41:00+00:00,113.8125,113.8125,113.75,113.75,1196.0
2025-06-18 18:45:00+00:00,113.71875,113.75,113.71875,113.75,4127.0
2025-06-18 18:46:00+00:00,113.75,113.75,113.6875,113.6875,826.0
2025-06-18 18:47:00+00:00,113.75,113.75,113.71875,113.71875,292.0
2025-06-18 18:48:00+00:00,113.6875,113.71875,113.6875,113.71875,467.0
2025-06-18 18:49:00+00:00,113.6875,113.71875,113.6875,113.71875,668.0
2025-06-18 18:50:00+00:00,113.625,113.71875,113.625,113.71875,505.0
2025-06-18 18:51:00+00:00,113.6875,113.6875,113.625,113.625,892.0
2025-06-18 18:52:00+00:00,113.65625,113.6875,113.625,113.6875,1358.0
2025-06-18 18:53:00+00:00,113.59375,113.65625,113.59375,113.65625,670.0
2025-06-18 18:54:00+00:00,113.59375,113.625,113.59375,113.59375,288.0
2025-06-18 18:55:00+00:00,113.59375,113.625,113.5625,113.59375,1528.0
2025-06-18 18:56:00+00:00,113.625,113.625,113.59375,113.59375,1158.0
2025-06-18 18:57:00+00:00,113.5625,113.625,113.5625,113.625,641.0
2025-06-18 18:58:00+00:00,113.59375,113.625,113.5625,113.59375,1063.0
2025-06-18 18:59:00+00:00,113.59375,113.625,113.59375,113.625,1962.0
2025-06-18 19:00:00+00:00,113.5625,113.625,113.5625,113.59375,2127.0
2025-06-18 19:01:00+00:00,113.53125,113.53125,113.5,113.53125,1710.0
2025-06-18 19:02:00+00:00,113.59375,113.59375,113.53125,113.5625,1103.0
2025-06-18 19:03:00+00:00,113.53125,113.5625,113.53125,113.5625,973.0
2025-06-18 19:04:00+00:00,113.5625,113.5625,113.5625,113.5625,362.0
2025-06-18 19:05:00+00:00,113.59375,113.59375,113.5625,113.59375,563.0
2025-06-18 19:06:00+00:00,113.59375,113.625,113.59375,113.625,509.0
2025-06-18 19:07:00+00:00,113.5625,113.59375,113.5625,113.59375,1301.0
2025-06-18 19:10:00+00:00,113.5625,113.59375,113.53125,113.53125,1750.0
2025-06-18 19:11:00+00:00,113.5625,113.5625,113.5625,113.5625,569.0
2025-06-18 19:12:00+00:00,113.5625,113.5625,113.5625,113.5625,873.0
2025-06-18 19:13:00+00:00,113.625,113.625,113.53125,113.5625,675.0
2025-06-18 19:14:00+00:00,113.65625,113.65625,113.59375,113.625,303.0
2025-06-18 19:15:00+00:00,113.65625,113.6875,113.65625,113.65625,1609.0
2025-06-18 19:16:00+00:00,113.6875,113.6875,113.65625,113.65625,891.0
2025-06-18 19:17:00+00:00,113.625,113.71875,113.625,113.71875,975.0
2025-06-18 19:18:00+00:00,113.65625,113.65625,113.625,113.625,204.0
2025-06-18 19:19:00+00:00,113.65625,113.65625,113.65625,113.65625,425.0
2025-06-18 19:20:00+00:00,113.6875,113.6875,113.65625,113.6875,556.0
2025-06-18 19:21:00+00:00,113.6875,113.6875,113.65625,113.6875,121.0
2025-06-18 19:22:00+00:00,113.71875,113.71875,113.6875,113.6875,615.0
2025-06-18 19:23:00+00:00,113.71875,113.71875,113.71875,113.71875,609.0
2025-06-18 19:24:00+00:00,113.71875,113.75,113.71875,113.71875,60.0
2025-06-18 19:25:00+00:00,113.75,113.75,113.71875,113.71875,546.0
2025-06-18 19:26:00+00:00,113.75,113.75,113.75,113.75,67.0
2025-06-18 19:27:00+00:00,113.75,113.75,113.75,113.75,54.0
2025-06-18 19:28:00+00:00,113.75,113.78125,113.75,113.75,320.0
2025-06-18 19:29:00+00:00,113.78125,113.78125,113.78125,113.78125,234.0
2025-06-18 19:30:00+00:00,113.78125,113.8125,113.75,113.75,638.0
2025-06-18 19:31:00+00:00,113.75,113.75,113.71875,113.75,1300.0
2025-06-18 19:32:00+00:00,113.78125,113.78125,113.75,113.75,762.0
2025-06-18 19:33:00+00:00,113.8125,113.8125,113.8125,113.8125,153.0
2025-06-18 19:34:00+00:00,113.78125,113.8125,113.78125,113.8125,294.0
2025-06-18 19:35:00+00:00,113.71875,113.78125,113.71875,113.78125,273.0
2025-06-18 19:36:00+00:00,113.6875,113.71875,113.6875,113.71875,356.0
2025-06-18 19:39:00+00:00,113.6875,113.6875,113.6875,113.6875,1069.0
2025-06-18 19:40:00+00:00,113.65625,113.71875,113.65625,113.6875,327.0
2025-06-18 19:41:00+00:00,113.65625,113.6875,113.65625,113.65625,18.0
2025-06-18 19:42:00+00:00,113.65625,113.65625,113.65625,113.65625,17.0
2025-06-18 19:43:00+00:00,113.6875,113.6875,113.65625,113.6875,323.0
2025-06-18 19:44:00+00:00,113.625,113.6875,113.625,113.6875,101.0
2025-06-18 19:45:00+00:00,113.65625,113.65625,113.625,113.65625,30.0
2025-06-18 19:46:00+00:00,113.65625,113.65625,113.625,113.625,316.0
2025-06-18 19:47:00+00:00,113.6875,113.6875,113.65625,113.65625,164.0
2025-06-18 19:48:00+00:00,113.65625,113.65625,113.65625,113.65625,6.0
2025-06-18 19:49:00+00:00,113.6875,113.6875,113.65625,113.65625,8.0
2025-06-18 19:50:00+00:00,113.65625,113.6875,113.65625,113.65625,180.0
2025-06-18 19:51:00+00:00,113.65625,113.6875,113.65625,113.65625,430.0
2025-06-18 19:52:00+00:00,113.65625,113.6875,113.65625,113.65625,37.0
2025-06-18 19:53:00+00:00,113.65625,113.6875,113.65625,113.65625,781.0
2025-06-18 19:54:00+00:00,113.65625,113.6875,113.65625,113.6875,624.0
2025-06-18 19:55:00+00:00,113.6875,113.6875,113.65625,113.6875,270.0
2025-06-18 20:01:00+00:00,113.625,113.65625,113.625,113.65625,10964.0
2025-06-18 20:02:00+00:00,113.65625,113.65625,113.625,113.65625,158.0
2025-06-18 20:03:00+00:00,113.65625,113.65625,113.65625,113.65625,89.0
2025-06-18 20:04:00+00:00,113.6875,113.6875,113.625,113.625,330.0
2025-06-18 20:06:00+00:00,113.6875,113.6875,113.6875,113.6875,48.0
2025-06-18 20:08:00+00:00,113.65625,113.6875,113.65625,113.65625,661.0
2025-06-18 20:09:00+00:00,113.65625,113.65625,113.65625,113.65625,272.0
2025-06-18 20:10:00+00:00,113.65625,113.65625,113.65625,113.65625,800.0
2025-06-18 20:11:00+00:00,113.65625,113.65625,113.65625,113.65625,97.0
2025-06-18 20:12:00+00:00,113.59375,113.625,113.59375,113.625,868.0
2025-06-18 20:13:00+00:00,113.59375,113.59375,113.5625,113.59375,91.0
2025-06-18 20:14:00+00:00,113.59375,113.59375,113.5625,113.59375,269.0
2025-06-18 20:15:00+00:00,113.59375,113.59375,113.5625,113.59375,105.0
2025-06-18 20:16:00+00:00,113.625,113.625,113.625,113.625,2.0
2025-06-18 20:17:00+00:00,113.59375,113.59375,113.59375,113.59375,61.0
2025-06-18 20:18:00+00:00,113.625,113.625,113.625,113.625,7.0
2025-06-18 20:20:00+00:00,113.625,113.625,113.625,113.625,27.0
2025-06-18 20:21:00+00:00,113.59375,113.625,113.59375,113.625,865.0
2025-06-18 20:22:00+00:00,113.625,113.625,113.625,113.625,293.0
2025-06-18 20:24:00+00:00,113.625,113.625,113.625,113.625,219.0
2025-06-18 20:25:00+00:00,113.625,113.625,113.625,113.625,146.0
2025-06-18 20:26:00+00:00,113.625,113.65625,113.625,113.625,137.0
2025-06-18 20:28:00+00:00,113.65625,113.65625,113.625,113.65625,99.0
2025-06-18 20:29:00+00:00,113.65625,113.65625,113.625,113.65625,169.0
2025-06-18 20:30:00+00:00,113.65625,113.65625,113.625,113.65625,417.0
2025-06-18 20:31:00+00:00,113.625,113.625,113.625,113.625,85.0
2025-06-18 20:32:00+00:00,113.625,113.65625,113.625,113.625,111.0
2025-06-18 20:33:00+00:00,113.625,113.625,113.625,113.625,205.0
2025-06-18 20:34:00+00:00,113.625,113.625,113.625,113.625,79.0
2025-06-18 20:35:00+00:00,113.625,113.625,113.59375,113.59375,8.0
2025-06-18 20:36:00+00:00,113.625,113.625,113.625,113.625,59.0
2025-06-18 20:37:00+00:00,113.625,113.625,113.625,113.625,339.0
2025-06-18 20:38:00+00:00,113.625,113.625,113.625,113.625,64.0
2025-06-18 20:39:00+00:00,113.625,113.625,113.625,113.625,226.0
2025-06-18 20:40:00+00:00,113.625,113.625,113.625,113.625,147.0
2025-06-18 20:41:00+00:00,113.625,113.625,113.625,113.625,297.0
2025-06-18 20:42:00+00:00,113.625,113.625,113.625,113.625,113.0
2025-06-18 20:43:00+00:00,113.625,113.625,113.625,113.625,112.0
2025-06-18 20:44:00+00:00,113.65625,113.65625,113.65625,113.65625,13.0
2025-06-18 20:45:00+00:00,113.625,113.625,113.625,113.625,296.0
2025-06-18 20:46:00+00:00,113.625,113.625,113.625,113.625,15.0
2025-06-18 20:47:00+00:00,113.625,113.625,113.625,113.625,13.0
2025-06-18 20:48:00+00:00,113.59375,113.625,113.59375,113.625,245.0
2025-06-18 20:49:00+00:00,113.625,113.625,113.59375,113.59375,531.0
2025-06-18 20:50:00+00:00,113.59375,113.625,113.59375,113.625,324.0
2025-06-18 20:53:00+00:00,113.5625,113.5625,113.5625,113.5625,150.0
2025-06-18 20:54:00+00:00,113.59375,113.59375,113.5625,113.5625,57.0
2025-06-18 20:55:00+00:00,113.59375,113.59375,113.5625,113.59375,259.0
2025-06-18 20:56:00+00:00,113.59375,113.59375,113.59375,113.59375,389.0
2025-06-18 20:57:00+00:00,113.5625,113.59375,113.5625,113.5625,41.0
2025-06-18 20:58:00+00:00,113.59375,113.59375,113.5625,113.59375,120.0
2025-06-18 20:59:00+00:00,113.59375,113.625,113.59375,113.59375,125.0
2025-06-18 22:00:00+00:00,113.53125,113.5625,113.53125,113.5625,0.0
2025-06-18 22:02:00+00:00,113.5625,113.5625,113.53125,113.5625,70.0
2025-06-18 22:05:00+00:00,113.53125,113.5625,113.53125,113.5625,87.0
2025-06-18 22:06:00+00:00,113.5625,113.5625,113.5625,113.5625,31.0
2025-06-18 22:07:00+00:00,113.59375,113.59375,113.5625,113.5625,27.0
2025-06-18 22:09:00+00:00,113.59375,113.59375,113.59375,113.59375,94.0
2025-06-18 22:11:00+00:00,113.59375,113.59375,113.59375,113.59375,38.0
2025-06-18 22:13:00+00:00,113.625,113.625,113.625,113.625,3.0
2025-06-18 22:17:00+00:00,113.625,113.625,113.625,113.625,5.0
2025-06-18 22:18:00+00:00,113.59375,113.59375,113.59375,113.59375,117.0
2025-06-18 22:23:00+00:00,113.625,113.625,113.625,113.625,33.0
2025-06-18 22:32:00+00:00,113.59375,113.625,113.59375,113.625,3.0
2025-06-18 22:33:00+00:00,113.625,113.625,113.625,113.625,65.0
2025-06-18 22:38:00+00:00,113.65625,113.6875,113.65625,113.65625,178.0
2025-06-18 22:42:00+00:00,113.625,113.625,113.625,113.625,86.0
2025-06-18 22:46:00+00:00,113.59375,113.59375,113.59375,113.59375,71.0
2025-06-18 22:49:00+00:00,113.5625,113.5625,113.5625,113.5625,11.0
2025-06-18 22:51:00+00:00,113.5625,113.5625,113.5625,113.5625,50.0
2025-06-18 22:52:00+00:00,113.53125,113.53125,113.53125,113.53125,131.0
2025-06-18 22:53:00+00:00,113.53125,113.53125,113.53125,113.53125,82.0
2025-06-18 22:56:00+00:00,113.5625,113.5625,113.5625,113.5625,24.0
2025-06-18 22:57:00+00:00,113.5625,113.5625,113.5625,113.5625,25.0
2025-06-18 22:58:00+00:00,113.5625,113.5625,113.5625,113.5625,12.0
2025-06-18 23:00:00+00:00,113.59375,113.59375,113.5625,113.5625,10.0
2025-06-18 23:01:00+00:00,113.5625,113.59375,113.5625,113.59375,106.0
2025-06-18 23:03:00+00:00,113.53125,113.53125,113.53125,113.53125,55.0
2025-06-18 23:04:00+00:00,113.5625,113.5625,113.5625,113.5625,5.0
2025-06-18 23:07:00+00:00,113.5625,113.5625,113.5625,113.5625,3.0
2025-06-18 23:08:00+00:00,113.5625,113.5625,113.5625,113.5625,37.0
2025-06-18 23:11:00+00:00,113.5625,113.5625,113.5625,113.5625,7.0
2025-06-18 23:14:00+00:00,113.59375,113.59375,113.59375,113.59375,33.0
2025-06-18 23:15:00+00:00,113.5625,113.59375,113.5625,113.59375,97.0
2025-06-18 23:17:00+00:00,113.5625,113.5625,113.5625,113.5625,69.0
2025-06-18 23:20:00+00:00,113.5625,113.5625,113.5625,113.5625,32.0
2025-06-18 23:22:00+00:00,113.5625,113.5625,113.5625,113.5625,29.0
2025-06-18 23:23:00+00:00,113.53125,113.53125,113.53125,113.53125,10.0
2025-06-18 23:24:00+00:00,113.5625,113.5625,113.5625,113.5625,42.0
2025-06-18 23:33:00+00:00,113.59375,113.59375,113.59375,113.59375,11.0
2025-06-18 23:34:00+00:00,113.5625,113.59375,113.5625,113.59375,132.0
2025-06-18 23:35:00+00:00,113.59375,113.59375,113.5625,113.59375,67.0
2025-06-18 23:40:00+00:00,113.625,113.625,113.625,113.625,38.0
2025-06-18 23:43:00+00:00,113.59375,113.59375,113.59375,113.59375,8.0
2025-06-18 23:47:00+00:00,113.59375,113.59375,113.59375,113.59375,132.0
2025-06-18 23:48:00+00:00,113.59375,113.59375,113.59375,113.59375,7.0
2025-06-18 23:50:00+00:00,113.59375,113.59375,113.59375,113.59375,126.0
2025-06-18 23:58:00+00:00,113.59375,113.59375,113.59375,113.59375,15.0
2025-06-19 00:01:00+00:00,113.59375,113.59375,113.59375,113.59375,18.0
2025-06-19 00:06:00+00:00,113.625,113.625,113.625,113.625,23.0
2025-06-19 00:14:00+00:00,113.65625,113.65625,113.625,113.65625,3.0
2025-06-19 00:15:00+00:00,113.65625,113.65625,113.65625,113.65625,14.0
2025-06-19 00:17:00+00:00,113.625,113.625,113.625,113.625,22.0
2025-06-19 00:18:00+00:00,113.625,113.625,113.625,113.625,41.0
2025-06-19 00:19:00+00:00,113.65625,113.65625,113.625,113.625,6.0
2025-06-19 00:20:00+00:00,113.65625,113.65625,113.625,113.625,17.0
2025-06-19 00:22:00+00:00,113.625,113.625,113.59375,113.625,123.0
2025-06-19 00:23:00+00:00,113.59375,113.625,113.59375,113.625,91.0
2025-06-19 00:28:00+00:00,113.59375,113.59375,113.59375,113.59375,51.0
2025-06-19 00:31:00+00:00,113.59375,113.59375,113.59375,113.59375,20.0
2025-06-19 00:33:00+00:00,113.59375,113.59375,113.59375,113.59375,77.0
2025-06-19 00:34:00+00:00,113.59375,113.59375,113.59375,113.59375,29.0
2025-06-19 00:43:00+00:00,113.59375,113.59375,113.59375,113.59375,37.0
2025-06-19 00:57:00+00:00,113.625,113.625,113.625,113.625,14.0
2025-06-19 01:00:00+00:00,113.65625,113.65625,113.625,113.625,43.0
2025-06-19 01:01:00+00:00,113.65625,113.65625,113.65625,113.65625,37.0
2025-06-19 01:04:00+00:00,113.71875,113.71875,113.65625,113.65625,514.0
2025-06-19 01:05:00+00:00,113.71875,113.8125,113.6875,113.71875,710.0
2025-06-19 01:07:00+00:00,113.6875,113.71875,113.6875,113.71875,432.0
2025-06-19 01:08:00+00:00,113.6875,113.6875,113.6875,113.6875,5.0
2025-06-19 01:10:00+00:00,113.6875,113.6875,113.6875,113.6875,99.0
2025-06-19 01:11:00+00:00,113.71875,113.71875,113.71875,113.71875,15.0
2025-06-19 01:12:00+00:00,113.6875,113.6875,113.6875,113.6875,7.0
2025-06-19 01:13:00+00:00,113.71875,113.71875,113.71875,113.71875,51.0
2025-06-19 01:15:00+00:00,113.6875,113.6875,113.6875,113.6875,11.0
2025-06-19 01:18:00+00:00,113.71875,113.71875,113.71875,113.71875,26.0
2025-06-19 01:22:00+00:00,113.71875,113.71875,113.71875,113.71875,68.0
2025-06-19 01:23:00+00:00,113.71875,113.71875,113.71875,113.71875,7.0
2025-06-19 01:24:00+00:00,113.71875,113.71875,113.71875,113.71875,33.0
2025-06-19 01:25:00+00:00,113.71875,113.71875,113.71875,113.71875,11.0
2025-06-19 01:26:00+00:00,113.6875,113.71875,113.6875,113.71875,29.0
2025-06-19 01:27:00+00:00,113.6875,113.6875,113.6875,113.6875,19.0
2025-06-19 01:29:00+00:00,113.6875,113.6875,113.6875,113.6875,101.0
2025-06-19 01:30:00+00:00,113.65625,113.6875,113.65625,113.6875,17.0
2025-06-19 01:32:00+00:00,113.65625,113.65625,113.65625,113.65625,43.0
2025-06-19 01:33:00+00:00,113.65625,113.65625,113.65625,113.65625,23.0
2025-06-19 01:34:00+00:00,113.65625,113.65625,113.65625,113.65625,20.0
2025-06-19 01:36:00+00:00,113.65625,113.65625,113.65625,113.65625,27.0
2025-06-19 01:37:00+00:00,113.65625,113.65625,113.65625,113.65625,4.0
2025-06-19 01:40:00+00:00,113.6875,113.71875,113.6875,113.6875,42.0
2025-06-19 01:41:00+00:00,113.6875,113.6875,113.6875,113.6875,3.0
2025-06-19 01:45:00+00:00,113.65625,113.65625,113.65625,113.65625,28.0
2025-06-19 01:47:00+00:00,113.65625,113.65625,113.65625,113.65625,18.0
2025-06-19 02:04:00+00:00,113.625,113.625,113.625,113.625,0.0
2025-06-19 02:05:00+00:00,113.625,113.625,113.625,113.625,6217.0
2025-06-19 02:06:00+00:00,113.625,113.625,113.625,113.625,28.0
2025-06-19 02:07:00+00:00,113.625,113.625,113.625,113.625,8.0
2025-06-19 02:13:00+00:00,113.625,113.625,113.59375,113.59375,35.0
2025-06-19 02:14:00+00:00,113.65625,113.65625,113.65625,113.65625,3.0
2025-06-19 02:15:00+00:00,113.625,113.625,113.625,113.625,20.0
2025-06-19 02:18:00+00:00,113.625,113.625,113.625,113.625,9.0
2025-06-19 02:29:00+00:00,113.59375,113.59375,113.59375,113.59375,10.0
2025-06-19 02:30:00+00:00,113.625,113.625,113.59375,113.59375,159.0
2025-06-19 02:41:00+00:00,113.59375,113.59375,113.59375,113.59375,3.0
2025-06-19 02:46:00+00:00,113.5625,113.5625,113.5625,113.5625,46.0
2025-06-19 02:59:00+00:00,113.59375,113.59375,113.59375,113.59375,73.0
2025-06-19 03:03:00+00:00,113.5625,113.5625,113.5625,113.5625,40.0
2025-06-19 03:06:00+00:00,113.5625,113.5625,113.5625,113.5625,6.0
2025-06-19 03:07:00+00:00,113.5625,113.5625,113.5625,113.5625,28.0
2025-06-19 03:11:00+00:00,113.59375,113.59375,113.59375,113.59375,4.0
2025-06-19 03:28:00+00:00,113.5625,113.5625,113.5625,113.5625,198.0
2025-06-19 03:31:00+00:00,113.59375,113.59375,113.59375,113.59375,27.0
2025-06-19 03:34:00+00:00,113.5625,113.59375,113.5625,113.59375,35.0
2025-06-19 03:36:00+00:00,113.5625,113.59375,113.5625,113.59375,4.0
2025-06-19 03:38:00+00:00,113.625,113.625,113.59375,113.59375,26.0
2025-06-19 03:40:00+00:00,113.625,113.625,113.59375,113.59375,4.0
2025-06-19 03:41:00+00:00,113.625,113.625,113.59375,113.59375,2.0
2025-06-19 03:46:00+00:00,113.59375,113.59375,113.59375,113.59375,104.0
2025-06-19 03:47:00+00:00,113.59375,113.59375,113.59375,113.59375,12.0
2025-06-19 03:51:00+00:00,113.625,113.625,113.625,113.625,58.0
2025-06-19 03:58:00+00:00,113.59375,113.625,113.59375,113.625,6.0
2025-06-19 04:01:00+00:00,113.59375,113.625,113.59375,113.625,2.0
2025-06-19 04:04:00+00:00,113.625,113.625,113.625,113.625,109.0
2025-06-19 04:07:00+00:00,113.65625,113.65625,113.625,113.625,34.0
2025-06-19 04:12:00+00:00,113.625,113.625,113.625,113.625,34.0
2025-06-19 04:17:00+00:00,113.65625,113.65625,113.65625,113.65625,15.0
2025-06-19 04:29:00+00:00,113.65625,113.65625,113.65625,113.65625,47.0
2025-06-19 04:43:00+00:00,113.65625,113.65625,113.65625,113.65625,29.0
2025-06-19 04:56:00+00:00,113.6875,113.6875,113.6875,113.6875,55.0
2025-06-19 04:58:00+00:00,113.6875,113.6875,113.6875,113.6875,71.0
2025-06-19 05:02:00+00:00,113.71875,113.71875,113.6875,113.6875,65.0
2025-06-19 05:03:00+00:00,113.71875,113.71875,113.71875,113.71875,2.0
2025-06-19 05:05:00+00:00,113.6875,113.71875,113.65625,113.71875,53.0
2025-06-19 05:12:00+00:00,113.65625,113.6875,113.65625,113.6875,3.0
2025-06-19 05:23:00+00:00,113.6875,113.6875,113.6875,113.6875,33.0
2025-06-19 05:27:00+00:00,113.6875,113.6875,113.65625,113.65625,32.0
2025-06-19 05:31:00+00:00,113.6875,113.6875,113.6875,113.6875,8.0
2025-06-19 05:33:00+00:00,113.71875,113.71875,113.71875,113.71875,3.0
2025-06-19 05:34:00+00:00,113.71875,113.71875,113.6875,113.6875,15.0
2025-06-19 05:35:00+00:00,113.71875,113.71875,113.6875,113.6875,10.0
2025-06-19 05:36:00+00:00,113.6875,113.71875,113.6875,113.71875,15.0
2025-06-19 05:38:00+00:00,113.6875,113.6875,113.6875,113.6875,29.0
2025-06-19 05:56:00+00:00,113.6875,113.6875,113.6875,113.6875,72.0
2025-06-19 05:57:00+00:00,113.71875,113.71875,113.6875,113.6875,13.0
2025-06-19 05:58:00+00:00,113.71875,113.71875,113.6875,113.71875,5.0
2025-06-19 05:59:00+00:00,113.6875,113.71875,113.6875,113.71875,23.0
2025-06-19 06:03:00+00:00,113.59375,113.65625,113.59375,113.65625,423.0
2025-06-19 06:04:00+00:00,113.59375,113.59375,113.59375,113.59375,58.0
2025-06-19 06:06:00+00:00,113.59375,113.59375,113.59375,113.59375,53.0
2025-06-19 06:11:00+00:00,113.5625,113.5625,113.5625,113.5625,2.0
2025-06-19 06:16:00+00:00,113.53125,113.53125,113.53125,113.53125,175.0
2025-06-19 06:18:00+00:00,113.5,113.5,113.5,113.5,93.0
2025-06-19 06:19:00+00:00,113.5,113.5,113.5,113.5,97.0
2025-06-19 06:22:00+00:00,113.46875,113.46875,113.46875,113.46875,83.0
2025-06-19 06:30:00+00:00,113.46875,113.46875,113.46875,113.46875,208.0
2025-06-19 06:31:00+00:00,113.46875,113.46875,113.46875,113.46875,312.0
2025-06-19 06:33:00+00:00,113.4375,113.4375,113.4375,113.4375,107.0
2025-06-19 06:35:00+00:00,113.40625,113.4375,113.375,113.4375,231.0
2025-06-19 06:36:00+00:00,113.4375,113.4375,113.40625,113.40625,153.0
2025-06-19 06:38:00+00:00,113.46875,113.46875,113.4375,113.4375,112.0
2025-06-19 06:43:00+00:00,113.4375,113.4375,113.4375,113.4375,57.0
2025-06-19 06:44:00+00:00,113.40625,113.40625,113.40625,113.40625,88.0
2025-06-19 06:45:00+00:00,113.40625,113.40625,113.40625,113.40625,78.0
2025-06-19 06:49:00+00:00,113.40625,113.40625,113.40625,113.40625,47.0
2025-06-19 06:50:00+00:00,113.40625,113.40625,113.375,113.40625,171.0
2025-06-19 06:52:00+00:00,113.40625,113.40625,113.40625,113.40625,11455.0
2025-06-19 06:56:00+00:00,113.40625,113.4375,113.40625,113.40625,343.0
2025-06-19 06:57:00+00:00,113.40625,113.40625,113.40625,113.40625,131.0
2025-06-19 06:58:00+00:00,113.40625,113.40625,113.40625,113.40625,69.0
2025-06-19 07:00:00+00:00,113.34375,113.40625,113.34375,113.40625,74.0
2025-06-19 07:01:00+00:00,113.34375,113.34375,113.3125,113.34375,98.0
2025-06-19 07:02:00+00:00,113.3125,113.34375,113.3125,113.3125,14.0
2025-06-19 07:03:00+00:00,113.3125,113.34375,113.3125,113.3125,7.0
2025-06-19 07:04:00+00:00,113.3125,113.3125,113.28125,113.3125,152.0
2025-06-19 07:05:00+00:00,113.28125,113.3125,113.28125,113.3125,252.0
2025-06-19 07:06:00+00:00,113.28125,113.3125,113.25,113.28125,109.0
2025-06-19 07:07:00+00:00,113.25,113.25,113.25,113.25,65.0
2025-06-19 07:08:00+00:00,113.25,113.28125,113.25,113.25,84.0
2025-06-19 07:09:00+00:00,113.28125,113.28125,113.25,113.25,69.0
2025-06-19 07:10:00+00:00,113.25,113.25,113.25,113.25,29.0
2025-06-19 07:11:00+00:00,113.28125,113.28125,113.25,113.25,6.0
2025-06-19 07:13:00+00:00,113.28125,113.28125,113.25,113.25,243.0
2025-06-19 07:15:00+00:00,113.28125,113.28125,113.28125,113.28125,104.0
2025-06-19 07:16:00+00:00,113.3125,113.3125,113.28125,113.3125,603.0
2025-06-19 07:17:00+00:00,113.34375,113.34375,113.3125,113.3125,102.0
2025-06-19 07:18:00+00:00,113.3125,113.3125,113.3125,113.3125,16.0
2025-06-19 07:19:00+00:00,113.28125,113.34375,113.28125,113.34375,65.0
2025-06-19 07:20:00+00:00,113.3125,113.3125,113.3125,113.3125,4.0
2025-06-19 07:21:00+00:00,113.28125,113.28125,113.28125,113.28125,70.0
2025-06-19 07:22:00+00:00,113.28125,113.28125,113.28125,113.28125,23.0
2025-06-19 07:23:00+00:00,113.21875,113.25,113.21875,113.25,332.0
2025-06-19 07:24:00+00:00,113.21875,113.25,113.21875,113.21875,35.0
2025-06-19 07:25:00+00:00,113.1875,113.21875,113.1875,113.21875,266.0
2025-06-19 07:26:00+00:00,113.21875,113.21875,113.1875,113.1875,147.0
2025-06-19 07:27:00+00:00,113.21875,113.21875,113.1875,113.21875,147.0
2025-06-19 07:28:00+00:00,113.1875,113.21875,113.1875,113.21875,87.0
2025-06-19 07:29:00+00:00,113.15625,113.1875,113.15625,113.1875,12.0
2025-06-19 07:30:00+00:00,113.15625,113.1875,113.125,113.1875,163.0
2025-06-19 07:31:00+00:00,113.1875,113.1875,113.125,113.15625,610.0
2025-06-19 07:32:00+00:00,113.1875,113.1875,113.1875,113.1875,2.0
2025-06-19 07:33:00+00:00,113.21875,113.21875,113.21875,113.21875,140.0
2025-06-19 07:34:00+00:00,113.1875,113.1875,113.1875,113.1875,48.0
2025-06-19 07:35:00+00:00,113.1875,113.1875,113.1875,113.1875,74.0
2025-06-19 07:36:00+00:00,113.21875,113.21875,113.1875,113.1875,57.0
2025-06-19 07:37:00+00:00,113.21875,113.21875,113.21875,113.21875,103.0
2025-06-19 07:38:00+00:00,113.25,113.25,113.25,113.25,30.0
2025-06-19 07:39:00+00:00,113.21875,113.25,113.21875,113.25,138.0
2025-06-19 07:40:00+00:00,113.21875,113.25,113.21875,113.25,6.0
2025-06-19 07:41:00+00:00,113.21875,113.21875,113.21875,113.21875,4.0
2025-06-19 07:42:00+00:00,113.25,113.25,113.25,113.25,174.0
2025-06-19 07:43:00+00:00,113.21875,113.25,113.21875,113.25,313.0
2025-06-19 07:44:00+00:00,113.25,113.25,113.21875,113.21875,24.0
2025-06-19 07:45:00+00:00,113.25,113.25,113.25,113.25,1.0
2025-06-19 07:46:00+00:00,113.28125,113.28125,113.25,113.25,193.0
2025-06-19 07:47:00+00:00,113.28125,113.28125,113.28125,113.28125,3.0
2025-06-19 07:48:00+00:00,113.25,113.25,113.25,113.25,197.0
2025-06-19 07:49:00+00:00,113.28125,113.28125,113.28125,113.28125,63.0
2025-06-19 07:50:00+00:00,113.28125,113.3125,113.28125,113.3125,185.0
2025-06-19 07:52:00+00:00,113.28125,113.28125,113.28125,113.28125,68.0
2025-06-19 07:54:00+00:00,113.3125,113.3125,113.28125,113.28125,54.0
2025-06-19 07:55:00+00:00,113.28125,113.28125,113.28125,113.28125,58.0
2025-06-19 07:56:00+00:00,113.28125,113.28125,113.28125,113.28125,138.0
2025-06-19 07:58:00+00:00,113.3125,113.3125,113.3125,113.3125,3.0
2025-06-19 07:59:00+00:00,113.3125,113.3125,113.3125,113.3125,1.0
2025-06-19 08:00:00+00:00,113.25,113.28125,113.25,113.28125,111.0
2025-06-19 08:01:00+00:00,113.28125,113.28125,113.25,113.25,47.0
2025-06-19 08:02:00+00:00,113.28125,113.28125,113.28125,113.28125,91.0
2025-06-19 08:04:00+00:00,113.25,113.28125,113.25,113.28125,54.0
2025-06-19 08:05:00+00:00,113.25,113.28125,113.25,113.28125,43.0
2025-06-19 08:06:00+00:00,113.28125,113.28125,113.28125,113.28125,27.0
2025-06-19 08:07:00+00:00,113.28125,113.28125,113.28125,113.28125,14.0
2025-06-19 08:08:00+00:00,113.28125,113.28125,113.28125,113.28125,35.0
2025-06-19 08:09:00+00:00,113.28125,113.28125,113.28125,113.28125,108.0
2025-06-19 08:10:00+00:00,113.28125,113.28125,113.28125,113.28125,168.0
2025-06-19 08:11:00+00:00,113.25,113.25,113.25,113.25,9.0
2025-06-19 08:12:00+00:00,113.28125,113.28125,113.28125,113.28125,1.0
2025-06-19 08:13:00+00:00,113.25,113.25,113.25,113.25,88.0
2025-06-19 08:14:00+00:00,113.25,113.25,113.25,113.25,23.0
2025-06-19 08:15:00+00:00,113.28125,113.28125,113.25,113.25,72.0
2025-06-19 08:16:00+00:00,113.28099822998047,113.3125,113.28099822998047,113.3125,527.0
2025-06-19 08:17:00+00:00,113.28125,113.28125,113.28125,113.28125,0.0
2025-06-19 08:19:00+00:00,113.3125,113.3125,113.28125,113.28125,84.0
2025-06-19 08:21:00+00:00,113.3125,113.3125,113.3125,113.3125,126.0
2025-06-19 08:22:00+00:00,113.34375,113.34375,113.3125,113.3125,30.0
2025-06-19 08:24:00+00:00,113.3125,113.34375,113.3125,113.34375,63.0
2025-06-19 08:26:00+00:00,113.28125,113.28125,113.28125,113.28125,74.0
2025-06-19 08:28:00+00:00,113.28125,113.28125,113.25,113.28125,235.0
2025-06-19 08:29:00+00:00,113.28125,113.28125,113.28125,113.28125,30.0
2025-06-19 08:30:00+00:00,113.3125,113.3125,113.3125,113.3125,129.0
2025-06-19 08:32:00+00:00,113.25,113.28125,113.25,113.28125,24.0
2025-06-19 08:34:00+00:00,113.28125,113.28125,113.25,113.25,37.0
2025-06-19 08:37:00+00:00,113.25,113.25,113.25,113.25,293.0
2025-06-19 08:39:00+00:00,113.28125,113.28125,113.25,113.25,41.0
2025-06-19 08:42:00+00:00,113.25,113.25,113.25,113.25,69.0
2025-06-19 08:43:00+00:00,113.28125,113.28125,113.28125,113.28125,59.0
2025-06-19 08:44:00+00:00,113.28125,113.28125,113.28125,113.28125,52.0
2025-06-19 08:48:00+00:00,113.28125,113.28125,113.28125,113.28125,94.0
2025-06-19 08:49:00+00:00,113.28125,113.28125,113.28125,113.28125,124.0
2025-06-19 08:51:00+00:00,113.3125,113.3125,113.3125,113.3125,2.0
2025-06-19 08:56:00+00:00,113.28125,113.28125,113.28125,113.28125,178.0
2025-06-19 08:57:00+00:00,113.34375,113.34375,113.28125,113.28125,53.0
2025-06-19 08:59:00+00:00,113.3125,113.34375,113.3125,113.34375,2.0
2025-06-19 09:00:00+00:00,113.375,113.375,113.3125,113.3125,118.0
2025-06-19 09:03:00+00:00,113.375,113.40625,113.375,113.375,155.0
2025-06-19 09:04:00+00:00,113.375,113.375,113.375,113.375,57.0
2025-06-19 09:05:00+00:00,113.34375,113.34375,113.34375,113.34375,1.0
2025-06-19 09:06:00+00:00,113.34375,113.34375,113.34375,113.34375,97.0
2025-06-19 09:08:00+00:00,113.3125,113.3125,113.3125,113.3125,10.0
2025-06-19 09:09:00+00:00,113.3125,113.3125,113.3125,113.3125,35.0
2025-06-19 09:10:00+00:00,113.3125,113.3125,113.3125,113.3125,116.0
2025-06-19 09:11:00+00:00,113.3125,113.34375,113.3125,113.3125,46.0
2025-06-19 09:12:00+00:00,113.34375,113.34375,113.34375,113.34375,10.0
2025-06-19 09:13:00+00:00,113.34375,113.34375,113.34375,113.34375,31.0
2025-06-19 09:14:00+00:00,113.34375,113.34375,113.34375,113.34375,145.0
2025-06-19 09:16:00+00:00,113.34375,113.34375,113.34375,113.34375,41.0
2025-06-19 09:17:00+00:00,113.3125,113.3125,113.3125,113.3125,76.0
2025-06-19 09:18:00+00:00,113.3125,113.3125,113.3125,113.3125,49.0
2025-06-19 09:19:00+00:00,113.34375,113.34375,113.34375,113.34375,40.0
2025-06-19 09:20:00+00:00,113.3125,113.3125,113.3125,113.3125,69.0
2025-06-19 09:21:00+00:00,113.3125,113.3125,113.3125,113.3125,53.0
2025-06-19 09:25:00+00:00,113.25,113.28125,113.25,113.28125,251.0
2025-06-19 09:28:00+00:00,113.28125,113.28125,113.28125,113.28125,2.0
2025-06-19 09:30:00+00:00,113.25,113.28125,113.25,113.28125,2.0
2025-06-19 09:33:00+00:00,113.28125,113.28125,113.28125,113.28125,13.0
2025-06-19 09:35:00+00:00,113.28125,113.28125,113.28125,113.28125,42.0
2025-06-19 09:40:00+00:00,113.28125,113.28125,113.28125,113.28125,78.0
2025-06-19 09:44:00+00:00,113.3125,113.3125,113.3125,113.3125,11.0
2025-06-19 09:45:00+00:00,113.3125,113.3125,113.3125,113.3125,54.0
2025-06-19 09:46:00+00:00,113.3125,113.3125,113.3125,113.3125,13.0
2025-06-19 09:47:00+00:00,113.3125,113.3125,113.3125,113.3125,22.0
2025-06-19 09:48:00+00:00,113.34375,113.34375,113.3125,113.3125,24.0
2025-06-19 09:50:00+00:00,113.34375,113.34375,113.34375,113.34375,105.0
2025-06-19 09:51:00+00:00,113.34375,113.375,113.34375,113.34375,32.0
2025-06-19 09:52:00+00:00,113.34375,113.34375,113.34375,113.34375,8.0
2025-06-19 09:58:00+00:00,113.34375,113.34375,113.34375,113.34375,12.0
2025-06-19 10:01:00+00:00,113.34375,113.375,113.34375,113.375,5.0
2025-06-19 10:02:00+00:00,113.34375,113.375,113.34375,113.375,7.0
2025-06-19 10:03:00+00:00,113.34375,113.34375,113.3125,113.34375,121.0
2025-06-19 10:06:00+00:00,113.34375,113.34375,113.34375,113.34375,70.0
2025-06-19 10:08:00+00:00,113.34375,113.34375,113.34375,113.34375,50.0
2025-06-19 10:09:00+00:00,113.34375,113.34375,113.34375,113.34375,2.0
2025-06-19 10:11:00+00:00,113.34375,113.34375,113.34375,113.34375,79.0
2025-06-19 10:13:00+00:00,113.375,113.375,113.34375,113.375,199.0
2025-06-19 10:14:00+00:00,113.40625,113.40625,113.375,113.375,96.0
2025-06-19 10:15:00+00:00,113.375,113.375,113.375,113.375,151.0
2025-06-19 10:16:00+00:00,113.375,113.375,113.34375,113.375,114.0
2025-06-19 10:17:00+00:00,113.34375,113.375,113.34375,113.375,74.0
2025-06-19 10:22:00+00:00,113.375,113.375,113.34375,113.34375,61.0
2025-06-19 10:23:00+00:00,113.34375,113.375,113.34375,113.375,61.0
2025-06-19 10:24:00+00:00,113.34375,113.34375,113.34375,113.34375,22.0
2025-06-19 10:25:00+00:00,113.34375,113.34375,113.34375,113.34375,77.0
2025-06-19 10:28:00+00:00,113.375,113.375,113.34375,113.34375,14.0
2025-06-19 10:31:00+00:00,113.34375,113.34375,113.34375,113.34375,45.0
2025-06-19 10:32:00+00:00,113.34375,113.34375,113.34375,113.34375,66.0
2025-06-19 10:33:00+00:00,113.375,113.375,113.34375,113.34375,311.0
2025-06-19 10:37:00+00:00,113.375,113.375,113.375,113.375,95.0
2025-06-19 10:38:00+00:00,113.34375,113.375,113.34375,113.375,115.0
2025-06-19 10:40:00+00:00,113.34375,113.34375,113.34375,113.34375,60.0
2025-06-19 10:49:00+00:00,113.34375,113.34375,113.3125,113.3125,31.0
2025-06-19 10:50:00+00:00,113.3125,113.3125,113.3125,113.3125,62.0
2025-06-19 10:53:00+00:00,113.3125,113.3125,113.3125,113.3125,157.0
2025-06-19 10:57:00+00:00,113.3125,113.3125,113.3125,113.3125,39.0
2025-06-19 10:58:00+00:00,113.3125,113.3125,113.3125,113.3125,26.0
2025-06-19 10:59:00+00:00,113.3125,113.3125,113.28125,113.3125,54.0
2025-06-19 11:00:00+00:00,113.3125,113.34375,113.3125,113.34375,88.0
2025-06-19 11:03:00+00:00,113.34375,113.34375,113.3125,113.3125,126.0
2025-06-19 11:04:00+00:00,113.3125,113.3125,113.3125,113.3125,68.0
2025-06-19 11:07:00+00:00,113.28125,113.28125,113.28125,113.28125,21.0
2025-06-19 11:08:00+00:00,113.25,113.25,113.25,113.25,112.0
2025-06-19 11:09:00+00:00,113.28125,113.28125,113.28125,113.28125,31.0
2025-06-19 11:11:00+00:00,113.25,113.25,113.25,113.25,27.0
2025-06-19 11:12:00+00:00,113.28125,113.28125,113.28125,113.28125,17.0
2025-06-19 11:14:00+00:00,113.28125,113.28125,113.28125,113.28125,20.0
2025-06-19 11:15:00+00:00,113.28125,113.28125,113.25,113.28125,20.0
2025-06-19 11:16:00+00:00,113.21875,113.25,113.21875,113.25,39.0
2025-06-19 11:21:00+00:00,113.25,113.25,113.21875,113.21875,90.0
2025-06-19 11:22:00+00:00,113.25,113.25,113.25,113.25,14.0
2025-06-19 11:23:00+00:00,113.25,113.25,113.25,113.25,56.0
2025-06-19 11:25:00+00:00,113.28125,113.28125,113.28125,113.28125,96.0
2025-06-19 11:26:00+00:00,113.28125,113.28125,113.28125,113.28125,33.0
2025-06-19 11:27:00+00:00,113.3125,113.3125,113.3125,113.3125,70.0
2025-06-19 11:28:00+00:00,113.3125,113.3125,113.3125,113.3125,32.0
2025-06-19 11:30:00+00:00,113.28125,113.28125,113.25,113.28125,104.0
2025-06-19 11:34:00+00:00,113.28125,113.28125,113.28125,113.28125,86.0
2025-06-19 11:35:00+00:00,113.28125,113.28125,113.28125,113.28125,29.0
2025-06-19 11:39:00+00:00,113.25,113.25,113.25,113.25,178.0
2025-06-19 11:43:00+00:00,113.25,113.25,113.25,113.25,22.0
2025-06-19 11:44:00+00:00,113.25,113.25,113.21875,113.21875,17.0
2025-06-19 11:45:00+00:00,113.25,113.25,113.25,113.25,70.0
2025-06-19 11:46:00+00:00,113.25,113.25,113.25,113.25,134.0
2025-06-19 11:50:00+00:00,113.28125,113.28125,113.28125,113.28125,81.0
2025-06-19 11:54:00+00:00,113.34375,113.34375,113.3125,113.3125,70.0
2025-06-19 11:55:00+00:00,113.34375,113.34375,113.34375,113.34375,47.0
2025-06-19 11:56:00+00:00,113.34375,113.34375,113.34375,113.34375,21.0
2025-06-19 11:59:00+00:00,113.3125,113.3125,113.28125,113.28125,95.0
2025-06-19 12:00:00+00:00,113.28125,113.28125,113.28125,113.28125,120.0
2025-06-19 12:02:00+00:00,113.3125,113.3125,113.3125,113.3125,43.0
2025-06-19 12:12:00+00:00,113.3125,113.3125,113.28125,113.28125,215.0
2025-06-19 12:15:00+00:00,113.3125,113.3125,113.3125,113.3125,36.0
2025-06-19 12:16:00+00:00,113.34375,113.34375,113.3125,113.3125,88.0
2025-06-19 12:17:00+00:00,113.34375,113.34375,113.34375,113.34375,46.0
2025-06-19 12:18:00+00:00,113.375,113.375,113.375,113.375,2.0
2025-06-19 12:19:00+00:00,113.375,113.375,113.34375,113.34375,181.0
2025-06-19 12:20:00+00:00,113.375,113.40625,113.375,113.40625,99.0
2025-06-19 12:21:00+00:00,113.40625,113.40625,113.40625,113.40625,253.0
2025-06-19 12:22:00+00:00,113.40625,113.40625,113.40625,113.40625,128.0
2025-06-19 12:23:00+00:00,113.40625,113.40625,113.40625,113.40625,83.0
2025-06-19 12:25:00+00:00,113.40625,113.40625,113.40625,113.40625,94.0
2025-06-19 12:26:00+00:00,113.40625,113.40625,113.40625,113.40625,89.0
2025-06-19 12:27:00+00:00,113.46875,113.46875,113.4375,113.4375,199.0
2025-06-19 12:28:00+00:00,113.4375,113.46875,113.4375,113.46875,23.0
2025-06-19 12:29:00+00:00,113.46875,113.46875,113.46875,113.46875,198.0
2025-06-19 12:30:00+00:00,113.46875,113.5,113.46875,113.46875,40.0
2025-06-19 12:31:00+00:00,113.46875,113.5,113.46875,113.5,34.0
2025-06-19 12:32:00+00:00,113.5,113.5,113.5,113.5,275.0
2025-06-19 12:33:00+00:00,113.53125,113.53125,113.5,113.5,167.0
2025-06-19 12:34:00+00:00,113.5,113.53125,113.5,113.53125,147.0
2025-06-19 12:35:00+00:00,113.46875,113.5,113.46875,113.5,158.0
2025-06-19 12:36:00+00:00,113.5,113.5,113.5,113.5,2.0
2025-06-19 12:38:00+00:00,113.5,113.5,113.5,113.5,43.0
2025-06-19 12:39:00+00:00,113.5,113.5,113.5,113.5,159.0
2025-06-19 12:40:00+00:00,113.53125,113.53125,113.5,113.5,57.0
2025-06-19 12:44:00+00:00,113.5,113.5,113.5,113.5,261.0
2025-06-19 12:46:00+00:00,113.53125,113.53125,113.5,113.5,49.0
2025-06-19 12:48:00+00:00,113.53125,113.53125,113.53125,113.53125,79.0
2025-06-19 12:49:00+00:00,113.53125,113.53125,113.5,113.5,36.0
2025-06-19 12:50:00+00:00,113.53125,113.53125,113.53125,113.53125,277.0
2025-06-19 12:51:00+00:00,113.53125,113.5625,113.53125,113.5625,17.0
2025-06-19 12:52:00+00:00,113.5,113.53125,113.5,113.53125,52.0
2025-06-19 12:54:00+00:00,113.5625,113.5625,113.5,113.5,72.0
2025-06-19 12:55:00+00:00,113.5625,113.5625,113.5625,113.5625,122.0
2025-06-19 12:56:00+00:00,113.5625,113.5625,113.5625,113.5625,167.0
2025-06-19 12:57:00+00:00,113.5625,113.5625,113.5625,113.5625,45.0
2025-06-19 13:00:00+00:00,113.59375,113.625,113.5625,113.59375,502.0
2025-06-19 13:01:00+00:00,113.5625,113.625,113.5625,113.59375,132.0
2025-06-19 13:07:00+00:00,113.59375,113.59375,113.59375,113.59375,216.0
2025-06-19 13:08:00+00:00,113.625,113.65625,113.59375,113.625,547.0
2025-06-19 13:09:00+00:00,113.625,113.625,113.625,113.625,324.0
2025-06-19 13:13:00+00:00,113.625,113.625,113.625,113.625,207.0
2025-06-19 13:14:00+00:00,113.65625,113.65625,113.59375,113.59375,44.0
2025-06-19 13:15:00+00:00,113.625,113.625,113.625,113.625,76.0
2025-06-19 13:16:00+00:00,113.65625,113.65625,113.625,113.625,3.0
2025-06-19 13:17:00+00:00,113.625,113.65625,113.625,113.65625,61.0
2025-06-19 13:21:00+00:00,113.625,113.65625,113.625,113.625,71.0
2025-06-19 13:22:00+00:00,113.625,113.65625,113.625,113.625,5.0
2025-06-19 13:23:00+00:00,113.625,113.625,113.625,113.625,61.0
2025-06-19 13:24:00+00:00,113.65625,113.65625,113.625,113.625,15.0
2025-06-19 13:27:00+00:00,113.65625,113.65625,113.65625,113.65625,0.0
2025-06-19 13:29:00+00:00,113.65625,113.65625,113.65625,113.65625,34452.0
2025-06-19 13:30:00+00:00,113.65625,113.6875,113.65625,113.6875,11.0
2025-06-19 13:33:00+00:00,113.65625,113.6875,113.65625,113.6875,92.0
2025-06-19 13:35:00+00:00,113.65625,113.6875,113.65625,113.6875,4.0
2025-06-19 13:36:00+00:00,113.65625,113.65625,113.65625,113.65625,5.0
2025-06-19 13:37:00+00:00,113.6875,113.6875,113.6875,113.6875,298.0
2025-06-19 13:38:00+00:00,113.6875,113.71875,113.6875,113.71875,118.0
2025-06-19 13:40:00+00:00,113.6875,113.6875,113.6875,113.6875,187.0
2025-06-19 13:41:00+00:00,113.6875,113.6875,113.6875,113.6875,119.0
2025-06-19 13:42:00+00:00,113.71875,113.71875,113.71875,113.71875,124.0
2025-06-19 13:43:00+00:00,113.6875,113.71875,113.6875,113.71875,17.0
2025-06-19 13:44:00+00:00,113.75,113.75,113.71875,113.71875,243.0
2025-06-19 13:45:00+00:00,113.75,113.75,113.75,113.75,16.0
2025-06-19 13:46:00+00:00,113.75,113.75,113.71875,113.75,19.0
2025-06-19 13:47:00+00:00,113.78125,113.78125,113.71875,113.71875,80.0
2025-06-19 13:49:00+00:00,113.78125,113.78125,113.78125,113.78125,0.0
2025-06-19 13:50:00+00:00,113.78125,113.78125,113.75,113.75,35972.0
2025-06-19 13:51:00+00:00,113.75,113.78125,113.75,113.78125,306.0
2025-06-19 13:53:00+00:00,113.75,113.75,113.75,113.75,2.0
2025-06-19 13:54:00+00:00,113.75,113.75,113.71875,113.71875,142.0
2025-06-19 13:55:00+00:00,113.6875,113.75,113.6875,113.71875,133.0
2025-06-19 13:58:00+00:00,113.6875,113.6875,113.6875,113.6875,166.0
2025-06-19 13:59:00+00:00,113.71875,113.71875,113.71875,113.71875,74.0
2025-06-19 14:00:00+00:00,113.71875,113.71875,113.6875,113.71875,213.0
2025-06-19 14:01:00+00:00,113.6875,113.71875,113.6875,113.71875,69.0
2025-06-19 14:05:00+00:00,113.6875,113.6875,113.6875,113.6875,283.0
2025-06-19 14:06:00+00:00,113.6875,113.71875,113.6875,113.71875,25.0
2025-06-19 14:07:00+00:00,113.65625,113.65625,113.65625,113.65625,203.0
2025-06-19 14:08:00+00:00,113.65625,113.65625,113.625,113.65625,44.0
2025-06-19 14:09:00+00:00,113.65625,113.65625,113.65625,113.65625,9.0
2025-06-19 14:11:00+00:00,113.65625,113.65625,113.65625,113.65625,7.0
2025-06-19 14:16:00+00:00,113.65625,113.65625,113.625,113.625,135.0
2025-06-19 14:18:00+00:00,113.65625,113.65625,113.65625,113.65625,90.0
2025-06-19 14:20:00+00:00,113.65625,113.65625,113.625,113.625,230.0
2025-06-19 14:21:00+00:00,113.625,113.65625,113.625,113.65625,24.0
2025-06-19 14:22:00+00:00,113.65625,113.65625,113.625,113.625,20.0
2025-06-19 14:23:00+00:00,113.65625,113.65625,113.65625,113.65625,92.0
2025-06-19 14:24:00+00:00,113.65625,113.65625,113.65625,113.65625,24.0
2025-06-19 14:25:00+00:00,113.65625,113.65625,113.65625,113.65625,11.0
2025-06-19 14:27:00+00:00,113.625,113.625,113.625,113.625,319.0
2025-06-19 14:30:00+00:00,113.59375,113.625,113.59375,113.625,61.0
2025-06-19 14:39:00+00:00,113.65625,113.65625,113.625,113.625,56.0
2025-06-19 14:41:00+00:00,113.65625,113.65625,113.65625,113.65625,22.0
2025-06-19 14:42:00+00:00,113.65625,113.6875,113.65625,113.65625,30.0
2025-06-19 14:43:00+00:00,113.65625,113.65625,113.65625,113.65625,25.0
2025-06-19 14:46:00+00:00,113.65625,113.65625,113.65625,113.65625,16.0
2025-06-19 14:47:00+00:00,113.625,113.65625,113.625,113.65625,144.0
2025-06-19 14:54:00+00:00,113.625,113.625,113.625,113.625,107.0
2025-06-19 14:55:00+00:00,113.59375,113.625,113.59375,113.625,11.0
2025-06-19 14:57:00+00:00,113.625,113.625,113.59375,113.59375,44.0
2025-06-19 14:58:00+00:00,113.625,113.625,113.625,113.625,4.0
2025-06-19 15:08:00+00:00,113.59375,113.59375,113.59375,113.59375,144.0
2025-06-19 15:14:00+00:00,113.59375,113.59375,113.59375,113.59375,40026.0
2025-06-19 15:18:00+00:00,113.625,113.625,113.625,113.625,40349.0
2025-06-19 15:19:00+00:00,113.625,113.625,113.625,113.625,265.0
2025-06-19 15:23:00+00:00,113.65625,113.65625,113.65625,113.65625,184.0
2025-06-19 15:25:00+00:00,113.65625,113.65625,113.65625,113.65625,121.0
2025-06-19 15:26:00+00:00,113.65625,113.65625,113.65625,113.65625,46.0
2025-06-19 15:27:00+00:00,113.65625,113.65625,113.65625,113.65625,19.0
2025-06-19 15:30:00+00:00,113.65625,113.65625,113.65625,113.65625,191.0
2025-06-19 15:42:00+00:00,113.59375,113.59375,113.59375,113.59375,41867.0
2025-06-19 15:44:00+00:00,113.59375,113.59375,113.59375,113.59375,98.0
2025-06-19 15:45:00+00:00,113.59375,113.59375,113.59375,113.59375,85.0
2025-06-19 15:52:00+00:00,113.625,113.625,113.625,113.625,115.0
2025-06-19 15:53:00+00:00,113.65625,113.65625,113.625,113.625,54.0
2025-06-19 15:56:00+00:00,113.625,113.625,113.625,113.625,77.0
2025-06-19 16:06:00+00:00,113.59375,113.59375,113.59375,113.59375,90.0
2025-06-19 16:08:00+00:00,113.5625,113.5625,113.53125,113.5625,114.0
2025-06-19 16:09:00+00:00,113.5625,113.5625,113.5625,113.5625,34.0
2025-06-19 16:12:00+00:00,113.5625,113.5625,113.5625,113.5625,83.0
2025-06-19 16:13:00+00:00,113.5625,113.5625,113.5625,113.5625,64.0
2025-06-19 16:14:00+00:00,113.5625,113.5625,113.5625,113.5625,35.0
2025-06-19 16:19:00+00:00,113.5625,113.5625,113.53125,113.5625,68.0
2025-06-19 16:21:00+00:00,113.5625,113.59375,113.5625,113.59375,5.0
2025-06-19 16:25:00+00:00,113.59375,113.59375,113.59375,113.59375,23.0
2025-06-19 16:30:00+00:00,113.59375,113.59375,113.5625,113.59375,10.0
2025-06-19 16:36:00+00:00,113.625,113.625,113.59375,113.59375,6.0
2025-06-19 16:38:00+00:00,113.625,113.625,113.59375,113.59375,43.0
2025-06-19 16:51:00+00:00,113.625,113.625,113.59375,113.59375,7.0
2025-06-19 16:57:00+00:00,113.625,113.625,113.59375,113.59375,30.0
2025-06-19 16:58:00+00:00,113.625,113.625,113.59375,113.625,9.0
2025-06-19 16:59:00+00:00,113.625,113.625,113.625,113.625,90.0
2025-06-19 22:00:00+00:00,113.625,113.65625,113.5625,113.625,178.0
2025-06-19 22:01:00+00:00,113.5625,113.625,113.5625,113.625,40.0
2025-06-19 22:02:00+00:00,113.59375,113.59375,113.5625,113.59375,16.0
2025-06-19 22:03:00+00:00,113.59375,113.59375,113.59375,113.59375,14.0
2025-06-19 22:11:00+00:00,113.59375,113.59375,113.59375,113.59375,9.0
2025-06-19 22:17:00+00:00,113.5625,113.59375,113.5625,113.59375,107.0
2025-06-19 22:20:00+00:00,113.5625,113.5625,113.5625,113.5625,93.0
2025-06-19 22:27:00+00:00,113.5625,113.5625,113.5625,113.5625,47.0
2025-06-19 22:32:00+00:00,113.5625,113.5625,113.5625,113.5625,19.0
2025-06-19 22:46:00+00:00,113.53125,113.53125,113.53125,113.53125,76.0
2025-06-19 22:48:00+00:00,113.53125,113.53125,113.53125,113.53125,4.0
2025-06-19 22:52:00+00:00,113.5625,113.5625,113.5625,113.5625,80.0
2025-06-19 22:55:00+00:00,113.59375,113.59375,113.59375,113.59375,391.0
2025-06-19 22:57:00+00:00,113.625,113.625,113.59375,113.59375,279.0
2025-06-19 23:04:00+00:00,113.625,113.625,113.625,113.625,144.0
2025-06-19 23:10:00+00:00,113.65625,113.65625,113.625,113.625,8.0
2025-06-19 23:11:00+00:00,113.65625,113.65625,113.65625,113.65625,145.0
2025-06-19 23:15:00+00:00,113.625,113.625,113.625,113.625,52.0
2025-06-19 23:23:00+00:00,113.65625,113.65625,113.65625,113.65625,61.0
2025-06-19 23:24:00+00:00,113.6875,113.6875,113.6875,113.6875,196.0
2025-06-19 23:28:00+00:00,113.71875,113.71875,113.71875,113.71875,27.0
2025-06-19 23:29:00+00:00,113.71875,113.71875,113.71875,113.71875,73.0
2025-06-19 23:30:00+00:00,113.71875,113.71875,113.71875,113.71875,85.0
2025-06-19 23:33:00+00:00,113.71875,113.71875,113.71875,113.71875,32.0
2025-06-19 23:34:00+00:00,113.71875,113.71875,113.71875,113.71875,50.0
2025-06-19 23:41:00+00:00,113.75,113.75,113.71875,113.71875,246.0
2025-06-19 23:44:00+00:00,113.75,113.75,113.75,113.75,36.0
2025-06-19 23:45:00+00:00,113.75,113.75,113.75,113.75,81.0
2025-06-19 23:48:00+00:00,113.71875,113.71875,113.71875,113.71875,55.0
2025-06-19 23:49:00+00:00,113.71875,113.71875,113.71875,113.71875,35.0
2025-06-19 23:52:00+00:00,113.6875,113.6875,113.6875,113.6875,52.0
2025-06-19 23:53:00+00:00,113.6875,113.6875,113.6875,113.6875,82.0
2025-06-20 00:00:00+00:00,113.75,113.75,113.71875,113.71875,195.0
2025-06-20 00:01:00+00:00,113.75,113.75,113.75,113.75,1.0
2025-06-20 00:04:00+00:00,113.75,113.75,113.75,113.75,86.0
2025-06-20 00:11:00+00:00,113.625,113.65625,113.625,113.65625,47413.0
2025-06-20 00:15:00+00:00,113.65625,113.65625,113.625,113.625,68.0
2025-06-20 00:17:00+00:00,113.625,113.625,113.625,113.625,83.0
2025-06-20 00:23:00+00:00,113.625,113.625,113.625,113.625,11.0
2025-06-20 00:24:00+00:00,113.59375,113.59375,113.59375,113.59375,120.0
2025-06-20 00:25:00+00:00,113.625,113.625,113.59375,113.59375,73.0
2025-06-20 00:26:00+00:00,113.625,113.625,113.625,113.625,53.0
2025-06-20 00:29:00+00:00,113.625,113.65625,113.625,113.65625,10.0
2025-06-20 00:33:00+00:00,113.625,113.65625,113.625,113.65625,237.0
2025-06-20 00:38:00+00:00,113.625,113.625,113.625,113.625,119.0
2025-06-20 00:40:00+00:00,113.59375,113.59375,113.59375,113.59375,192.0
2025-06-20 00:47:00+00:00,113.53125,113.59375,113.53125,113.59375,145.0
2025-06-20 00:48:00+00:00,113.5625,113.5625,113.5625,113.5625,56.0
2025-06-20 00:50:00+00:00,113.53125,113.53125,113.53125,113.53125,74.0
2025-06-20 00:51:00+00:00,113.53125,113.53125,113.53125,113.53125,130.0
2025-06-20 00:54:00+00:00,113.53125,113.53125,113.53125,113.53125,123.0
2025-06-20 00:55:00+00:00,113.53125,113.53125,113.53125,113.53125,58.0
2025-06-20 01:00:00+00:00,113.59375,113.59375,113.5625,113.5625,157.0
2025-06-20 01:01:00+00:00,113.5625,113.59375,113.5625,113.59375,38.0
2025-06-20 01:03:00+00:00,113.59375,113.59375,113.59375,113.59375,52.0
2025-06-20 01:07:00+00:00,113.625,113.65625,113.625,113.65625,153.0
2025-06-20 01:08:00+00:00,113.625,113.625,113.625,113.625,46.0
2025-06-20 01:09:00+00:00,113.625,113.625,113.625,113.625,40.0
2025-06-20 01:13:00+00:00,113.5625,113.59375,113.5625,113.59375,278.0
2025-06-20 01:16:00+00:00,113.53125,113.53125,113.53125,113.53125,493.0
2025-06-20 01:17:00+00:00,113.53125,113.53125,113.53125,113.53125,28.0
2025-06-20 01:19:00+00:00,113.5,113.5,113.5,113.5,82.0
2025-06-20 01:20:00+00:00,113.5,113.5,113.5,113.5,86.0
2025-06-20 01:23:00+00:00,113.5,113.5,113.5,113.5,77.0
2025-06-20 01:24:00+00:00,113.5,113.5,113.5,113.5,35.0
2025-06-20 01:25:00+00:00,113.5,113.5,113.5,113.5,25.0
2025-06-20 01:26:00+00:00,113.53125,113.53125,113.53125,113.53125,21.0
2025-06-20 01:28:00+00:00,113.53125,113.53125,113.53125,113.53125,51.0
2025-06-20 01:29:00+00:00,113.5625,113.5625,113.53125,113.53125,36.0
2025-06-20 01:30:00+00:00,113.53125,113.53125,113.53125,113.53125,3.0
2025-06-20 01:31:00+00:00,113.5625,113.5625,113.5625,113.5625,20.0
2025-06-20 01:35:00+00:00,113.5625,113.5625,113.5625,113.5625,107.0
2025-06-20 01:36:00+00:00,113.59375,113.59375,113.5625,113.5625,39.0
2025-06-20 01:37:00+00:00,113.59375,113.59375,113.59375,113.59375,66.0
2025-06-20 01:46:00+00:00,113.53125,113.53125,113.53125,113.53125,83.0
2025-06-20 01:47:00+00:00,113.53125,113.53125,113.53125,113.53125,16.0
2025-06-20 01:49:00+00:00,113.53125,113.53125,113.53125,113.53125,12.0
2025-06-20 01:51:00+00:00,113.53125,113.53125,113.53125,113.53125,9.0
2025-06-20 02:02:00+00:00,113.53125,113.53125,113.5,113.5,68.0
2025-06-20 02:09:00+00:00,113.46875,113.46875,113.46875,113.46875,62.0
2025-06-20 02:10:00+00:00,113.5,113.5,113.5,113.5,26.0
2025-06-20 02:11:00+00:00,113.5,113.5,113.5,113.5,62.0
2025-06-20 02:18:00+00:00,113.53125,113.53125,113.53125,113.53125,32.0
2025-06-20 02:21:00+00:00,113.5,113.53125,113.46875,113.53125,192.0
2025-06-20 02:23:00+00:00,113.5,113.5,113.5,113.5,28.0
2025-06-20 02:24:00+00:00,113.5,113.5,113.5,113.5,31.0
2025-06-20 02:28:00+00:00,113.46875,113.5,113.46875,113.5,4.0
2025-06-20 02:31:00+00:00,113.53125,113.53125,113.53125,113.53125,17.0
2025-06-20 02:33:00+00:00,113.5,113.5,113.5,113.5,76.0
2025-06-20 02:36:00+00:00,113.5,113.5,113.5,113.5,20.0
2025-06-20 02:38:00+00:00,113.53125,113.53125,113.53125,113.53125,42.0
2025-06-20 02:39:00+00:00,113.53125,113.53125,113.53125,113.53125,11.0
2025-06-20 02:48:00+00:00,113.5,113.5,113.5,113.5,38.0
2025-06-20 02:50:00+00:00,113.5,113.5,113.5,113.5,30.0
2025-06-20 02:52:00+00:00,113.5,113.5,113.5,113.5,14.0
2025-06-20 03:09:00+00:00,113.53125,113.53125,113.53125,113.53125,53.0
2025-06-20 03:11:00+00:00,113.53125,113.53125,113.53125,113.53125,34.0
2025-06-20 03:16:00+00:00,113.5625,113.5625,113.5625,113.5625,106.0
2025-06-20 03:20:00+00:00,113.53125,113.5625,113.53125,113.53125,3.0
2025-06-20 03:26:00+00:00,113.5,113.53125,113.5,113.53125,15.0
2025-06-20 03:34:00+00:00,113.5625,113.5625,113.5625,113.5625,21.0
2025-06-20 03:39:00+00:00,113.5625,113.5625,113.5625,113.5625,66.0
2025-06-20 03:40:00+00:00,113.5625,113.5625,113.5625,113.5625,43.0
2025-06-20 03:49:00+00:00,113.59375,113.59375,113.59375,113.59375,89.0
2025-06-20 03:51:00+00:00,113.59375,113.59375,113.59375,113.59375,63.0
2025-06-20 03:57:00+00:00,113.625,113.625,113.59375,113.59375,15.0
2025-06-20 04:00:00+00:00,113.625,113.625,113.59375,113.59375,57.0
2025-06-20 04:01:00+00:00,113.59375,113.59375,113.59375,113.59375,48.0
2025-06-20 04:32:00+00:00,113.5625,113.5625,113.53125,113.53125,43.0
2025-06-20 04:33:00+00:00,113.53125,113.53125,113.53125,113.53125,133.0
2025-06-20 04:34:00+00:00,113.53125,113.53125,113.53125,113.53125,27.0
2025-06-20 04:43:00+00:00,113.53125,113.53125,113.53125,113.53125,72.0
2025-06-20 04:53:00+00:00,113.53125,113.53125,113.53125,113.53125,75.0
2025-06-20 04:55:00+00:00,113.53125,113.53125,113.53125,113.53125,33.0
2025-06-20 05:01:00+00:00,113.53125,113.53125,113.53125,113.53125,31.0
2025-06-20 05:04:00+00:00,113.53125,113.53125,113.53125,113.53125,45.0
2025-06-20 05:13:00+00:00,113.53125,113.53125,113.53125,113.53125,67.0
2025-06-20 05:14:00+00:00,113.53125,113.5625,113.53125,113.5625,45.0
2025-06-20 05:15:00+00:00,113.53125,113.53125,113.53125,113.53125,13.0
2025-06-20 05:16:00+00:00,113.5,113.5,113.5,113.5,118.0
2025-06-20 05:19:00+00:00,113.46875,113.46875,113.46875,113.46875,61.0
2025-06-20 05:22:00+00:00,113.46875,113.46875,113.46875,113.46875,44.0
2025-06-20 05:23:00+00:00,113.46875,113.46875,113.46875,113.46875,12.0
2025-06-20 05:24:00+00:00,113.46875,113.46875,113.46875,113.46875,56.0
2025-06-20 05:28:00+00:00,113.5,113.5,113.5,113.5,46.0
2025-06-20 05:30:00+00:00,113.46875,113.5,113.46875,113.5,16.0
2025-06-20 05:35:00+00:00,113.5,113.5,113.46875,113.46875,140.0
2025-06-20 05:36:00+00:00,113.53125,113.53125,113.53125,113.53125,77.0
2025-06-20 05:37:00+00:00,113.5625,113.5625,113.5625,113.5625,85.0
2025-06-20 05:38:00+00:00,113.5625,113.5625,113.5625,113.5625,15.0
2025-06-20 05:39:00+00:00,113.5625,113.5625,113.53125,113.5625,92.0
2025-06-20 05:42:00+00:00,113.625,113.625,113.59375,113.59375,117.0
2025-06-20 05:48:00+00:00,113.625,113.625,113.59375,113.59375,31.0
2025-06-20 05:51:00+00:00,113.65625,113.65625,113.65625,113.65625,38.0
2025-06-20 05:52:00+00:00,113.625,113.625,113.625,113.625,143.0
2025-06-20 05:53:00+00:00,113.625,113.65625,113.625,113.625,97.0
2025-06-20 05:57:00+00:00,113.625,113.625,113.625,113.625,57.0
2025-06-20 06:00:00+00:00,113.6875,113.6875,113.65625,113.65625,400.0
2025-06-20 06:01:00+00:00,113.6875,113.6875,113.6875,113.6875,141.0
2025-06-20 06:02:00+00:00,113.6875,113.6875,113.6875,113.6875,110.0
2025-06-20 06:07:00+00:00,113.71875,113.71875,113.71875,113.71875,29.0
2025-06-20 06:08:00+00:00,113.71875,113.71875,113.71875,113.71875,70.0
2025-06-20 06:09:00+00:00,113.75,113.75,113.71875,113.71875,38.0
2025-06-20 06:11:00+00:00,113.75,113.75,113.75,113.75,153.0
2025-06-20 06:12:00+00:00,113.78125,113.78125,113.75,113.75,70.0
2025-06-20 06:13:00+00:00,113.8125,113.84375,113.78125,113.78125,438.0
2025-06-20 06:14:00+00:00,113.84375,113.84375,113.78125,113.8125,72.0
2025-06-20 06:15:00+00:00,113.90625,113.90625,113.84375,113.84375,371.0
2025-06-20 06:16:00+00:00,113.90625,113.9375,113.875,113.875,200.0
2025-06-20 06:17:00+00:00,113.90625,113.9375,113.90625,113.90625,75.0
2025-06-20 06:18:00+00:00,113.9375,113.9375,113.90625,113.90625,130.0
2025-06-20 06:19:00+00:00,113.9375,113.9375,113.9375,113.9375,50.0
2025-06-20 06:20:00+00:00,113.96875,113.96875,113.9375,113.9375,44.0
2025-06-20 06:21:00+00:00,113.9375,113.9375,113.90625,113.9375,140.0
2025-06-20 06:22:00+00:00,113.96875,113.96875,113.9375,113.9375,40.0
2025-06-20 06:23:00+00:00,113.9375,113.9375,113.9375,113.9375,3.0
2025-06-20 06:24:00+00:00,113.96875,113.96875,113.9375,113.96875,422.0
2025-06-20 06:25:00+00:00,113.96875,113.96875,113.96875,113.96875,1.0
2025-06-20 06:26:00+00:00,113.96875,113.96875,113.96875,113.96875,108.0
2025-06-20 06:27:00+00:00,113.9375,113.96875,113.9375,113.96875,140.0
2025-06-20 06:28:00+00:00,113.9375,113.9375,113.9375,113.9375,120.0
2025-06-20 06:29:00+00:00,113.9375,113.9375,113.9375,113.9375,63.0
2025-06-20 06:30:00+00:00,113.9375,113.9375,113.9375,113.9375,62.0
2025-06-20 06:31:00+00:00,114.0,114.0,113.96875,113.96875,133.0
2025-06-20 06:32:00+00:00,113.96875,114.0,113.96875,113.96875,38.0
2025-06-20 06:33:00+00:00,113.96875,113.96875,113.9375,113.9375,82.0
2025-06-20 06:34:00+00:00,113.96875,113.96875,113.9375,113.96875,97.0
2025-06-20 06:36:00+00:00,113.9375,113.9375,113.9375,113.9375,255.0
2025-06-20 06:37:00+00:00,113.9375,113.9375,113.90625,113.9375,62.0
2025-06-20 06:38:00+00:00,113.9375,113.9375,113.90625,113.9375,236.0
2025-06-20 06:39:00+00:00,113.90625,113.9375,113.90625,113.9375,126.0
2025-06-20 06:40:00+00:00,113.90625,113.90625,113.90625,113.90625,67.0
2025-06-20 06:41:00+00:00,113.90625,113.90625,113.90625,113.90625,52.0
2025-06-20 06:42:00+00:00,113.90625,113.90625,113.875,113.90625,147.0
2025-06-20 06:43:00+00:00,113.90625,113.90625,113.90625,113.90625,25.0
2025-06-20 06:44:00+00:00,113.875,113.90625,113.875,113.90625,41.0
2025-06-20 06:45:00+00:00,113.875,113.875,113.875,113.875,41.0
2025-06-20 06:46:00+00:00,113.90625,113.90625,113.90625,113.90625,30.0
2025-06-20 06:47:00+00:00,113.90625,113.90625,113.90625,113.90625,40.0
2025-06-20 06:48:00+00:00,113.9375,113.9375,113.90625,113.90625,39.0
2025-06-20 06:49:00+00:00,113.90625,113.9375,113.90625,113.9375,55.0
2025-06-20 06:50:00+00:00,113.875,113.875,113.875,113.875,9.0
2025-06-20 06:51:00+00:00,113.875,113.875,113.875,113.875,124.0
2025-06-20 06:52:00+00:00,113.90625,113.90625,113.90625,113.90625,142.0
2025-06-20 06:53:00+00:00,113.90625,113.90625,113.90625,113.90625,49.0
2025-06-20 06:57:00+00:00,113.875,113.875,113.875,113.875,111.0
2025-06-20 06:59:00+00:00,113.84375,113.84375,113.84375,113.84375,11.0
2025-06-20 07:00:00+00:00,113.875,113.875,113.875,113.875,166.0
2025-06-20 07:01:00+00:00,113.90625,113.90625,113.90625,113.90625,208.0
2025-06-20 07:02:00+00:00,113.90625,113.90625,113.90625,113.90625,106.0
2025-06-20 07:04:00+00:00,113.90625,113.90625,113.90625,113.90625,73.0
2025-06-20 07:07:00+00:00,113.90625,113.90625,113.90625,113.90625,199.0
2025-06-20 07:08:00+00:00,113.90625,113.90625,113.90625,113.90625,88.0
2025-06-20 07:09:00+00:00,113.90625,113.90625,113.90625,113.90625,46.0
2025-06-20 07:10:00+00:00,113.90625,113.90625,113.90625,113.90625,113.0
2025-06-20 07:11:00+00:00,113.90625,113.90625,113.875,113.90625,36.0
2025-06-20 07:12:00+00:00,113.90625,113.90625,113.90625,113.90625,4.0
2025-06-20 07:13:00+00:00,113.90625,113.90625,113.90625,113.90625,7.0
2025-06-20 07:14:00+00:00,113.90625,113.90625,113.90625,113.90625,79.0
2025-06-20 07:15:00+00:00,113.90625,113.90625,113.90625,113.90625,82.0
2025-06-20 07:16:00+00:00,113.9375,113.9375,113.9375,113.9375,271.0
2025-06-20 07:17:00+00:00,113.9375,113.96875,113.9375,113.9375,316.0
2025-06-20 07:18:00+00:00,113.96875,113.96875,113.96875,113.96875,168.0
2025-06-20 07:19:00+00:00,113.96875,113.96875,113.9375,113.9375,152.0
2025-06-20 07:20:00+00:00,113.96875,113.96875,113.96875,113.96875,11.0
2025-06-20 07:21:00+00:00,113.90625,113.9375,113.90625,113.9375,138.0
2025-06-20 07:22:00+00:00,113.90625,113.90625,113.90625,113.90625,132.0
2025-06-20 07:24:00+00:00,113.90625,113.90625,113.90625,113.90625,50.0
2025-06-20 07:25:00+00:00,113.875,113.90625,113.875,113.90625,238.0
2025-06-20 07:26:00+00:00,113.875,113.875,113.84375,113.875,195.0
2025-06-20 07:28:00+00:00,113.875,113.875,113.875,113.875,1.0
2025-06-20 07:29:00+00:00,113.875,113.875,113.84375,113.84375,278.0
2025-06-20 07:30:00+00:00,113.84375,113.84375,113.84375,113.84375,99.0
2025-06-20 07:31:00+00:00,113.8125,113.84375,113.8125,113.84375,47.0
2025-06-20 07:32:00+00:00,113.8125,113.8125,113.8125,113.8125,13.0
2025-06-20 07:33:00+00:00,113.875,113.875,113.8125,113.8125,116.0
2025-06-20 07:34:00+00:00,113.84375,113.84375,113.84375,113.84375,142.0
2025-06-20 07:35:00+00:00,113.8125,113.8125,113.8125,113.8125,41.0
2025-06-20 07:36:00+00:00,113.78125,113.78125,113.75,113.78125,433.0
2025-06-20 07:38:00+00:00,113.75,113.78125,113.75,113.75,57.0
2025-06-20 07:39:00+00:00,113.75,113.78125,113.75,113.75,85.0
2025-06-20 07:40:00+00:00,113.71875,113.75,113.71875,113.75,26.0
2025-06-20 07:41:00+00:00,113.71875,113.71875,113.71875,113.71875,44.0
2025-06-20 07:42:00+00:00,113.71875,113.71875,113.71875,113.71875,81.0
2025-06-20 07:43:00+00:00,113.75,113.75,113.71875,113.75,212.0
2025-06-20 07:44:00+00:00,113.71875,113.75,113.71875,113.75,59.0
2025-06-20 07:45:00+00:00,113.71875,113.71875,113.71875,113.71875,19.0
2025-06-20 07:46:00+00:00,113.71875,113.71875,113.6875,113.6875,182.0
2025-06-20 07:47:00+00:00,113.6875,113.71875,113.6875,113.71875,94.0
2025-06-20 07:49:00+00:00,113.65625,113.65625,113.65625,113.65625,138.0
2025-06-20 07:50:00+00:00,113.65625,113.65625,113.625,113.625,154.0
2025-06-20 07:51:00+00:00,113.65625,113.65625,113.65625,113.65625,73.0
2025-06-20 07:52:00+00:00,113.6875,113.6875,113.65625,113.65625,41.0
2025-06-20 07:53:00+00:00,113.65625,113.65625,113.65625,113.65625,75.0
2025-06-20 07:54:00+00:00,113.65625,113.6875,113.65625,113.6875,153.0
2025-06-20 07:55:00+00:00,113.65625,113.65625,113.65625,113.65625,95.0
2025-06-20 07:56:00+00:00,113.65625,113.65625,113.65625,113.65625,159.0
2025-06-20 07:58:00+00:00,113.625,113.65625,113.625,113.65625,41.0
2025-06-20 07:59:00+00:00,113.65625,113.65625,113.65625,113.65625,39.0
2025-06-20 08:00:00+00:00,113.71875,113.71875,113.65625,113.65625,496.0
2025-06-20 08:01:00+00:00,113.71875,113.71875,113.71875,113.71875,109.0
2025-06-20 08:02:00+00:00,113.71875,113.75,113.71875,113.75,161.0
2025-06-20 08:03:00+00:00,113.71875,113.71875,113.71875,113.71875,219.0
2025-06-20 08:05:00+00:00,113.6875,113.71875,113.65625,113.71875,56.0
2025-06-20 08:09:00+00:00,113.71875,113.71875,113.6875,113.6875,181.0
2025-06-20 08:10:00+00:00,113.71875,113.71875,113.6875,113.6875,88.0
2025-06-20 08:11:00+00:00,113.71875,113.71875,113.6875,113.6875,370.0
2025-06-20 08:13:00+00:00,113.71875,113.71875,113.71875,113.71875,135.0
2025-06-20 08:14:00+00:00,113.71875,113.71875,113.6875,113.6875,241.0
2025-06-20 08:15:00+00:00,113.71875,113.71900177001953,113.71875,113.71875,41.0
2025-06-20 08:16:00+00:00,113.6875,113.6875,113.6875,113.6875,171.0
2025-06-20 08:17:00+00:00,113.6875,113.6875,113.6875,113.6875,56.0
2025-06-20 08:18:00+00:00,113.6875,113.6875,113.6875,113.6875,93.0
2025-06-20 08:19:00+00:00,113.6875,113.6875,113.6875,113.6875,42.0
2025-06-20 08:21:00+00:00,113.6875,113.6875,113.6875,113.6875,365.0
2025-06-20 08:22:00+00:00,113.65625,113.6875,113.65625,113.6875,294.0
2025-06-20 08:24:00+00:00,113.65625,113.65625,113.65625,113.65625,148.0
2025-06-20 08:26:00+00:00,113.53125,113.625,113.53125,113.625,680.0
2025-06-20 08:27:00+00:00,113.5625,113.5625,113.5625,113.5625,217.0
2025-06-20 08:28:00+00:00,113.5625,113.5625,113.5625,113.5625,75.0
2025-06-20 08:29:00+00:00,113.59375,113.59375,113.5625,113.5625,94.0
2025-06-20 08:30:00+00:00,113.53125,113.5625,113.53125,113.5625,592.0
2025-06-20 08:31:00+00:00,113.53125,113.53125,113.53125,113.53125,223.0
2025-06-20 08:32:00+00:00,113.53125,113.53125,113.53125,113.53125,78.0
2025-06-20 08:33:00+00:00,113.46875,113.5,113.46875,113.5,155.0
2025-06-20 08:34:00+00:00,113.4375,113.5,113.4375,113.5,359.0
2025-06-20 08:35:00+00:00,113.46875,113.46875,113.4375,113.46875,17.0
2025-06-20 08:36:00+00:00,113.46875,113.46875,113.4375,113.46875,517.0
2025-06-20 08:37:00+00:00,113.5,113.53125,113.46875,113.46875,112.0
2025-06-20 08:38:00+00:00,113.5,113.5,113.5,113.5,116.0
2025-06-20 08:39:00+00:00,113.4375,113.46875,113.4375,113.46875,517.0
2025-06-20 08:40:00+00:00,113.46875,113.46875,113.4375,113.4375,78.0
2025-06-20 08:41:00+00:00,113.46875,113.46875,113.4375,113.4375,4.0
2025-06-20 08:42:00+00:00,113.46875,113.46875,113.4375,113.4375,51.0
2025-06-20 08:43:00+00:00,113.46875,113.46875,113.4375,113.4375,178.0
2025-06-20 08:44:00+00:00,113.46875,113.46875,113.46875,113.46875,110.0
2025-06-20 08:45:00+00:00,113.46875,113.46875,113.46875,113.46875,55.0
2025-06-20 08:48:00+00:00,113.46875,113.46875,113.46875,113.46875,201.0
2025-06-20 08:49:00+00:00,113.46875,113.46875,113.46875,113.46875,68.0
2025-06-20 08:50:00+00:00,113.5,113.5,113.46875,113.46875,55.0
2025-06-20 08:52:00+00:00,113.46875,113.46875,113.4375,113.46875,129.0
2025-06-20 08:53:00+00:00,113.46875,113.46875,113.46875,113.46875,138.0
2025-06-20 08:54:00+00:00,113.46875,113.46875,113.46875,113.46875,21.0
2025-06-20 08:56:00+00:00,113.5,113.5,113.46875,113.46875,72.0
2025-06-20 08:57:00+00:00,113.46875,113.46875,113.46875,113.46875,120.0
2025-06-20 08:59:00+00:00,113.46875,113.46875,113.46875,113.46875,36.0
2025-06-20 09:00:00+00:00,113.46875,113.46875,113.46875,113.46875,70.0
2025-06-20 09:01:00+00:00,113.46875,113.46875,113.46875,113.46875,170.0
2025-06-20 09:04:00+00:00,113.4375,113.46875,113.4375,113.46875,28.0
2025-06-20 09:07:00+00:00,113.46875,113.46875,113.46875,113.46875,27.0
2025-06-20 09:08:00+00:00,113.4375,113.4375,113.4375,113.4375,23.0
2025-06-20 09:09:00+00:00,113.4375,113.4375,113.4375,113.4375,102.0
2025-06-20 09:11:00+00:00,113.46875,113.46875,113.46875,113.46875,101.0
2025-06-20 09:12:00+00:00,113.5,113.5,113.46875,113.46875,127.0
2025-06-20 09:13:00+00:00,113.46875,113.46875,113.46875,113.46875,79.0
2025-06-20 09:14:00+00:00,113.4375,113.4375,113.40625,113.4375,124.0
2025-06-20 09:15:00+00:00,113.4375,113.4375,113.4375,113.4375,52.0
2025-06-20 09:16:00+00:00,113.4375,113.4375,113.40625,113.4375,74.0
2025-06-20 09:17:00+00:00,113.4375,113.4375,113.4375,113.4375,74.0
2025-06-20 09:19:00+00:00,113.4375,113.46875,113.4375,113.46875,29.0
2025-06-20 09:20:00+00:00,113.46875,113.46875,113.46875,113.46875,25.0
2025-06-20 09:21:00+00:00,113.46875,113.46875,113.46875,113.46875,117.0
2025-06-20 09:24:00+00:00,113.46875,113.46875,113.46875,113.46875,52.0
2025-06-20 09:26:00+00:00,113.5,113.5,113.4375,113.4375,149.0
2025-06-20 09:27:00+00:00,113.53125,113.53125,113.5,113.5,58.0
2025-06-20 09:28:00+00:00,113.5625,113.5625,113.53125,113.53125,314.0
2025-06-20 09:29:00+00:00,113.53125,113.5625,113.53125,113.5625,85.0
2025-06-20 09:32:00+00:00,113.53125,113.53125,113.53125,113.53125,69.0
2025-06-20 09:35:00+00:00,113.53125,113.53125,113.53125,113.53125,36.0
2025-06-20 09:36:00+00:00,113.5625,113.5625,113.53125,113.5625,102.0
2025-06-20 09:37:00+00:00,113.5625,113.5625,113.5625,113.5625,94.0
2025-06-20 09:38:00+00:00,113.5625,113.5625,113.5625,113.5625,70.0
2025-06-20 09:39:00+00:00,113.53125,113.5625,113.53125,113.5625,179.0
2025-06-20 09:41:00+00:00,113.53125,113.53125,113.53125,113.53125,263.0
2025-06-20 09:43:00+00:00,113.5,113.53125,113.5,113.53125,55.0
2025-06-20 09:45:00+00:00,113.5625,113.5625,113.53125,113.53125,72.0
2025-06-20 09:47:00+00:00,113.46875,113.5,113.46875,113.5,23.0
2025-06-20 09:49:00+00:00,113.5,113.53125,113.5,113.5,67.0
2025-06-20 09:52:00+00:00,113.5,113.5,113.5,113.5,156.0
2025-06-20 09:55:00+00:00,113.5,113.5,113.46875,113.5,117.0
2025-06-20 09:56:00+00:00,113.5,113.5,113.5,113.5,94.0
2025-06-20 09:59:00+00:00,113.53125,113.53125,113.5,113.5,89.0
2025-06-20 10:00:00+00:00,113.53125,113.5625,113.53125,113.5625,18.0
2025-06-20 10:01:00+00:00,113.5625,113.5625,113.53125,113.53125,115.0
2025-06-20 10:03:00+00:00,113.5,113.5625,113.5,113.53125,45.0
2025-06-20 10:04:00+00:00,113.46875,113.5,113.46875,113.5,219.0
2025-06-20 10:05:00+00:00,113.46875,113.46875,113.46875,113.46875,6.0
2025-06-20 10:06:00+00:00,113.46875,113.46875,113.46875,113.46875,57.0
2025-06-20 10:07:00+00:00,113.46875,113.46875,113.46875,113.46875,119.0
2025-06-20 10:08:00+00:00,113.4375,113.4375,113.4375,113.4375,79.0
2025-06-20 10:09:00+00:00,113.375,113.40625,113.375,113.40625,48.0
2025-06-20 10:10:00+00:00,113.34375,113.375,113.34375,113.375,178.0
2025-06-20 10:11:00+00:00,113.34375,113.34375,113.34375,113.34375,11.0
2025-06-20 10:12:00+00:00,113.34375,113.34375,113.34375,113.34375,243.0
2025-06-20 10:13:00+00:00,113.34375,113.34375,113.3125,113.34375,234.0
2025-06-20 10:14:00+00:00,113.34375,113.34375,113.34375,113.34375,226.0
2025-06-20 10:24:00+00:00,113.25,113.28125,113.25,113.25,2121.0
2025-06-20 10:25:00+00:00,113.25,113.28125,113.25,113.25,119.0
2025-06-20 10:26:00+00:00,113.21875,113.25,113.21875,113.21875,222.0
2025-06-20 10:28:00+00:00,113.21875,113.21875,113.1875,113.21875,541.0
2025-06-20 10:29:00+00:00,113.21875,113.25,113.21875,113.25,15.0
2025-06-20 10:30:00+00:00,113.25,113.25,113.21875,113.21875,9.0
2025-06-20 10:31:00+00:00,113.28125,113.28125,113.25,113.25,365.0
2025-06-20 10:32:00+00:00,113.21875,113.25,113.21875,113.25,337.0
2025-06-20 10:33:00+00:00,113.21875,113.21875,113.21875,113.21875,115.0
2025-06-20 10:34:00+00:00,113.1875,113.21875,113.1875,113.21875,180.0
2025-06-20 10:35:00+00:00,113.21875,113.21875,113.21875,113.21875,238.0
2025-06-20 10:36:00+00:00,113.21875,113.21875,113.1875,113.1875,23.0
2025-06-20 10:37:00+00:00,113.21875,113.25,113.21875,113.21875,240.0
2025-06-20 10:38:00+00:00,113.25,113.25,113.21875,113.21875,469.0
2025-06-20 10:39:00+00:00,113.28125,113.28125,113.28125,113.28125,423.0
2025-06-20 10:40:00+00:00,113.28125,113.28125,113.28125,113.28125,137.0
2025-06-20 10:41:00+00:00,113.28125,113.28125,113.25,113.28125,193.0
2025-06-20 10:42:00+00:00,113.25,113.25,113.25,113.25,10.0
2025-06-20 10:43:00+00:00,113.25,113.25,113.25,113.25,35.0
2025-06-20 10:45:00+00:00,113.25,113.28125,113.25,113.28125,85.0
2025-06-20 10:48:00+00:00,113.25,113.25,113.25,113.25,125.0
2025-06-20 10:50:00+00:00,113.28125,113.28125,113.25,113.25,54.0
2025-06-20 10:52:00+00:00,113.21875,113.25,113.21875,113.25,366.0
2025-06-20 10:53:00+00:00,113.21875,113.21875,113.21875,113.21875,176.0
2025-06-20 10:54:00+00:00,113.1875,113.1875,113.1875,113.1875,177.0
2025-06-20 10:55:00+00:00,113.1875,113.1875,113.15625,113.1875,134.0
2025-06-20 10:56:00+00:00,113.21875,113.21875,113.15625,113.1875,149.0
2025-06-20 10:57:00+00:00,113.21875,113.21875,113.1875,113.21875,116.0
2025-06-20 10:58:00+00:00,113.21875,113.21875,113.1875,113.21875,52.0
2025-06-20 10:59:00+00:00,113.1875,113.21875,113.1875,113.21875,367.0
2025-06-20 11:00:00+00:00,113.15625,113.1875,113.125,113.15625,433.0
2025-06-20 11:01:00+00:00,113.15625,113.1875,113.15625,113.15625,123.0
2025-06-20 11:02:00+00:00,113.1875,113.1875,113.15625,113.15625,102.0
2025-06-20 11:03:00+00:00,113.1875,113.1875,113.15625,113.15625,254.0
2025-06-20 11:06:00+00:00,113.1875,113.1875,113.1875,113.1875,266.0
2025-06-20 11:08:00+00:00,113.1875,113.1875,113.1875,113.1875,31.0
2025-06-20 11:09:00+00:00,113.1875,113.1875,113.1875,113.1875,13.0
2025-06-20 11:10:00+00:00,113.1875,113.21875,113.1875,113.1875,12.0
2025-06-20 11:11:00+00:00,113.1875,113.21875,113.1875,113.1875,568.0
2025-06-20 11:12:00+00:00,113.21875,113.21875,113.1875,113.21875,143.0
2025-06-20 11:13:00+00:00,113.25,113.25,113.25,113.25,286.0
2025-06-20 11:14:00+00:00,113.25,113.25,113.25,113.25,84.0
2025-06-20 11:15:00+00:00,113.1875,113.21875,113.1875,113.21875,138.0
2025-06-20 11:16:00+00:00,113.1875,113.21875,113.1875,113.1875,23.0
2025-06-20 11:17:00+00:00,113.15625,113.1875,113.15625,113.1875,184.0
2025-06-20 11:18:00+00:00,113.125,113.15625,113.125,113.15625,335.0
2025-06-20 11:19:00+00:00,113.15625,113.1875,113.125,113.15625,350.0
2025-06-20 11:20:00+00:00,113.15625,113.15625,113.15625,113.15625,92.0
2025-06-20 11:21:00+00:00,113.1875,113.1875,113.15625,113.15625,320.0
2025-06-20 11:22:00+00:00,113.1875,113.1875,113.1875,113.1875,1.0
2025-06-20 11:23:00+00:00,113.15625,113.15625,113.15625,113.15625,7.0
2025-06-20 11:24:00+00:00,113.15625,113.1875,113.15625,113.15625,129.0
2025-06-20 11:25:00+00:00,113.125,113.15625,113.125,113.15625,312.0
2025-06-20 11:27:00+00:00,113.15625,113.15625,113.15625,113.15625,325.0
2025-06-20 11:28:00+00:00,113.15625,113.15625,113.15625,113.15625,205.0
2025-06-20 11:29:00+00:00,113.1875,113.1875,113.15625,113.15625,408.0
2025-06-20 11:30:00+00:00,113.15625,113.15625,113.15625,113.15625,348.0
2025-06-20 11:31:00+00:00,113.15625,113.15625,113.15625,113.15625,114.0
2025-06-20 11:32:00+00:00,113.15625,113.1875,113.15625,113.15625,106.0
2025-06-20 11:33:00+00:00,113.15625,113.1875,113.15625,113.15625,153.0
2025-06-20 11:34:00+00:00,113.15625,113.1875,113.15625,113.15625,187.0
2025-06-20 11:37:00+00:00,113.1875,113.1875,113.1875,113.1875,0.0
2025-06-20 11:38:00+00:00,113.21875,113.21875,113.21875,113.21875,96612.0
2025-06-20 11:39:00+00:00,113.15625,113.1875,113.15625,113.1875,110.0
2025-06-20 11:40:00+00:00,113.1875,113.1875,113.15625,113.15625,120.0
2025-06-20 11:42:00+00:00,113.1875,113.1875,113.15625,113.15625,19.0
2025-06-20 11:43:00+00:00,113.21875,113.21875,113.15625,113.15625,338.0
2025-06-20 11:44:00+00:00,113.15625,113.1875,113.15625,113.1875,528.0
2025-06-20 11:45:00+00:00,113.1875,113.21875,113.15625,113.1875,275.0
2025-06-20 11:46:00+00:00,113.1875,113.1875,113.15625,113.1875,574.0
2025-06-20 11:47:00+00:00,113.21875,113.21875,113.21875,113.21875,518.0
2025-06-20 11:48:00+00:00,113.15625,113.1875,113.15625,113.1875,310.0
2025-06-20 11:49:00+00:00,113.09375,113.15625,113.09375,113.15625,1423.0
2025-06-20 11:50:00+00:00,113.0625,113.09375,113.0625,113.09375,576.0
2025-06-20 11:51:00+00:00,113.03125,113.0625,113.03125,113.0625,825.0
2025-06-20 11:52:00+00:00,113.03125,113.03125,113.0,113.03125,1485.0
2025-06-20 11:53:00+00:00,113.03125,113.0625,113.03125,113.03125,346.0
2025-06-20 11:54:00+00:00,113.0,113.03125,113.0,113.03125,172.0
2025-06-20 11:55:00+00:00,113.03125,113.03125,113.0,113.0,487.0
2025-06-20 11:56:00+00:00,113.03125,113.03125,113.0,113.03125,303.0
2025-06-20 11:57:00+00:00,113.03125,113.03125,113.03125,113.03125,27.0
2025-06-20 11:59:00+00:00,113.0,113.0,113.0,113.0,970.0
2025-06-20 12:00:00+00:00,113.0,113.0,112.96875,113.0,1154.0
2025-06-20 12:01:00+00:00,112.96875,113.0,112.96875,113.0,322.0
2025-06-20 12:02:00+00:00,113.03125,113.03125,112.96875,113.0,537.0
2025-06-20 12:03:00+00:00,113.03125,113.03125,113.0,113.0,571.0
2025-06-20 12:04:00+00:00,113.0625,113.0625,113.03125,113.0625,594.0
2025-06-20 12:05:00+00:00,113.03125,113.0625,113.03125,113.0625,203.0
2025-06-20 12:06:00+00:00,113.03125,113.0625,113.03125,113.03125,161.0
2025-06-20 12:07:00+00:00,113.03125,113.03125,113.0,113.03125,478.0
2025-06-20 12:08:00+00:00,113.0,113.03125,113.0,113.0,90.0
2025-06-20 12:09:00+00:00,113.0,113.03125,113.0,113.0,30.0
2025-06-20 12:10:00+00:00,113.0,113.03125,113.0,113.0,744.0
2025-06-20 12:11:00+00:00,112.96875,113.03125,112.96875,113.03125,364.0
2025-06-20 12:12:00+00:00,113.03125,113.03125,112.96875,112.96875,1034.0
2025-06-20 12:13:00+00:00,113.03125,113.0625,113.03125,113.03125,561.0
2025-06-20 12:14:00+00:00,113.03125,113.03125,113.0,113.0,108.0
2025-06-20 12:15:00+00:00,113.03125,113.03125,113.0,113.03125,220.0
2025-06-20 12:16:00+00:00,113.03125,113.03125,113.0,113.03125,131.0
2025-06-20 12:17:00+00:00,113.03125,113.03125,113.03125,113.03125,126.0
2025-06-20 12:18:00+00:00,113.03125,113.03125,113.03125,113.03125,873.0
2025-06-20 12:19:00+00:00,113.03125,113.0625,113.03125,113.03125,542.0
2025-06-20 12:20:00+00:00,112.96875,113.03125,112.96875,113.03125,182.0
2025-06-20 12:21:00+00:00,112.96875,113.0,112.9375,112.96875,805.0
2025-06-20 12:22:00+00:00,112.96875,113.0,112.96875,113.0,71.0
2025-06-20 12:23:00+00:00,113.03125,113.03125,112.96875,113.0,924.0
2025-06-20 12:24:00+00:00,112.96875,113.03125,112.96875,113.0,556.0
2025-06-20 12:25:00+00:00,112.9375,112.96875,112.9375,112.96875,547.0
2025-06-20 12:26:00+00:00,112.9375,112.9375,112.90625,112.9375,1430.0
2025-06-20 12:27:00+00:00,112.9375,112.9375,112.90625,112.90625,241.0
2025-06-20 12:28:00+00:00,112.9375,112.96875,112.9375,112.9375,598.0
2025-06-20 12:29:00+00:00,112.9375,112.96875,112.90625,112.9375,312.0
2025-06-20 12:30:00+00:00,112.9375,113.0,112.9375,112.9375,1684.0
2025-06-20 12:31:00+00:00,112.96875,112.96875,112.9375,112.9375,648.0
2025-06-20 12:32:00+00:00,113.0,113.0,112.96875,112.96875,380.0
2025-06-20 12:33:00+00:00,113.03125,113.125,113.0,113.0,3847.0
2025-06-20 12:34:00+00:00,113.125,113.15625,113.03125,113.03125,1758.0
2025-06-20 12:35:00+00:00,113.09375,113.15625,113.0625,113.125,1260.0
2025-06-20 12:38:00+00:00,113.15625,113.15625,113.125,113.125,2501.0
2025-06-20 12:39:00+00:00,113.125,113.15625,113.09375,113.15625,414.0
2025-06-20 12:40:00+00:00,113.15625,113.1875,113.125,113.125,731.0
2025-06-20 12:41:00+00:00,113.125,113.15625,113.125,113.15625,960.0
2025-06-20 12:42:00+00:00,113.125,113.15625,113.09375,113.09375,559.0
2025-06-20 12:43:00+00:00,113.0625,113.09375,113.0625,113.09375,719.0
2025-06-20 12:44:00+00:00,113.0625,113.0625,113.03125,113.0625,254.0
2025-06-20 12:45:00+00:00,113.0625,113.09375,113.03125,113.09375,341.0
2025-06-20 12:46:00+00:00,113.0625,113.09375,113.0625,113.0625,538.0
2025-06-20 12:47:00+00:00,113.0,113.0625,113.0,113.0625,199.0
2025-06-20 12:48:00+00:00,113.0625,113.0625,112.96875,113.0,402.0
2025-06-20 12:49:00+00:00,112.96875,113.0625,112.9375,113.03125,940.0
2025-06-20 12:50:00+00:00,112.9375,112.96875,112.90625,112.9375,439.0
2025-06-20 12:51:00+00:00,112.9375,112.96875,112.90625,112.96875,367.0
2025-06-20 12:52:00+00:00,112.90625,112.9375,112.90625,112.9375,221.0
2025-06-20 12:53:00+00:00,112.9375,112.9375,112.90625,112.90625,1052.0
2025-06-20 12:54:00+00:00,112.9375,112.9375,112.90625,112.90625,92.0
2025-06-20 12:55:00+00:00,112.9375,112.96875,112.9375,112.9375,679.0
2025-06-20 12:56:00+00:00,112.9375,112.9375,112.90625,112.90625,426.0
2025-06-20 12:57:00+00:00,112.90625,112.96875,112.90625,112.9375,369.0
2025-06-20 12:58:00+00:00,113.03125,113.03125,112.9375,112.9375,725.0
2025-06-20 12:59:00+00:00,113.03125,113.0625,113.0,113.03125,737.0
2025-06-20 13:00:00+00:00,113.125,113.15625,113.0625,113.0625,2182.0
2025-06-20 13:01:00+00:00,113.1875,113.1875,113.125,113.125,471.0
2025-06-20 13:02:00+00:00,113.1875,113.21875,113.1875,113.1875,983.0
2025-06-20 13:03:00+00:00,113.15625,113.21875,113.15625,113.1875,572.0
2025-06-20 13:08:00+00:00,113.1875,113.21875,113.1875,113.1875,1831.0
2025-06-20 13:09:00+00:00,113.15625,113.21875,113.15625,113.21875,561.0
2025-06-20 13:10:00+00:00,113.1875,113.21875,113.15625,113.15625,675.0
2025-06-20 13:11:00+00:00,113.1875,113.21875,113.1875,113.1875,313.0
2025-06-20 13:12:00+00:00,113.1875,113.1875,113.15625,113.1875,448.0
2025-06-20 13:13:00+00:00,113.1875,113.21875,113.15625,113.21875,422.0
2025-06-20 13:14:00+00:00,113.21875,113.21875,113.1875,113.1875,22.0
2025-06-20 13:15:00+00:00,113.15625,113.1875,113.15625,113.1875,214.0
2025-06-20 13:16:00+00:00,113.1875,113.1875,113.15625,113.15625,90.0
2025-06-20 13:17:00+00:00,113.15625,113.1875,113.15625,113.1875,1476.0
2025-06-20 13:18:00+00:00,113.15625,113.15625,113.125,113.15625,641.0
2025-06-20 13:19:00+00:00,113.15625,113.1875,113.125,113.15625,751.0
2025-06-20 13:20:00+00:00,113.125,113.125,113.09375,113.125,90.0
2025-06-20 13:21:00+00:00,113.09375,113.125,113.09375,113.09375,22.0
2025-06-20 13:22:00+00:00,113.09375,113.125,113.09375,113.09375,86.0
2025-06-20 13:23:00+00:00,113.1875,113.1875,113.09375,113.09375,267.0
2025-06-20 13:24:00+00:00,113.1875,113.1875,113.1875,113.1875,5.0
2025-06-20 13:25:00+00:00,113.1875,113.21875,113.15625,113.15625,431.0
2025-06-20 13:26:00+00:00,113.1875,113.21875,113.1875,113.1875,380.0
2025-06-20 13:27:00+00:00,113.1875,113.21875,113.1875,113.21875,122.0
2025-06-20 13:28:00+00:00,113.1875,113.21875,113.15625,113.1875,520.0
2025-06-20 13:29:00+00:00,113.25,113.25,113.21875,113.21875,232.0
2025-06-20 13:30:00+00:00,113.25,113.25,113.21875,113.25,779.0
2025-06-20 13:31:00+00:00,113.28125,113.28125,113.25,113.25,302.0
2025-06-20 13:34:00+00:00,113.21875,113.21875,113.21875,113.21875,1731.0
2025-06-20 13:35:00+00:00,113.21875,113.25,113.21875,113.25,650.0
2025-06-20 13:36:00+00:00,113.25,113.25,113.1875,113.1875,578.0
2025-06-20 13:37:00+00:00,113.21875,113.21875,113.21875,113.21875,236.0
2025-06-20 13:38:00+00:00,113.1875,113.1875,113.1875,113.1875,233.0
2025-06-20 13:39:00+00:00,113.1875,113.1875,113.1875,113.1875,202.0
2025-06-20 13:40:00+00:00,113.21875,113.21875,113.1875,113.1875,175.0
2025-06-20 13:41:00+00:00,113.1875,113.1875,113.1875,113.1875,448.0
2025-06-20 13:42:00+00:00,113.21875,113.21875,113.21875,113.21875,398.0
2025-06-20 13:43:00+00:00,113.1875,113.21875,113.1875,113.21875,391.0
2025-06-20 13:44:00+00:00,113.15625,113.1875,113.15625,113.1875,109.0
2025-06-20 13:45:00+00:00,113.125,113.125,113.125,113.125,137.0
2025-06-20 13:46:00+00:00,113.125,113.125,113.125,113.125,380.0
2025-06-20 13:47:00+00:00,113.125,113.125,113.125,113.125,213.0
2025-06-20 13:48:00+00:00,113.15625,113.15625,113.125,113.125,404.0
2025-06-20 13:49:00+00:00,113.09375,113.125,113.09375,113.125,166.0
2025-06-20 13:50:00+00:00,113.09375,113.125,113.09375,113.09375,338.0
2025-06-20 13:51:00+00:00,113.09375,113.09375,113.09375,113.09375,85.0
2025-06-20 13:52:00+00:00,113.09375,113.125,113.09375,113.125,258.0
2025-06-20 13:54:00+00:00,113.21875,113.21875,113.1875,113.1875,736.0
2025-06-20 13:55:00+00:00,113.25,113.25,113.21875,113.21875,215.0
2025-06-20 13:56:00+00:00,113.1875,113.21875,113.1875,113.21875,254.0
2025-06-20 13:57:00+00:00,113.1875,113.21875,113.1875,113.1875,36.0
2025-06-20 13:58:00+00:00,113.21875,113.21875,113.1875,113.1875,66.0
2025-06-20 13:59:00+00:00,113.1875,113.21875,113.1875,113.1875,351.0
2025-06-20 14:00:00+00:00,113.15625,113.1875,113.15625,113.1875,567.0
2025-06-20 14:01:00+00:00,113.15625,113.15625,113.15625,113.15625,133.0
2025-06-20 14:02:00+00:00,113.125,113.125,113.09375,113.125,360.0
2025-06-20 14:03:00+00:00,113.15625,113.1875,113.125,113.125,365.0
2025-06-20 14:04:00+00:00,113.15625,113.1875,113.125,113.15625,310.0
2025-06-20 14:05:00+00:00,113.125,113.15625,113.125,113.15625,37.0
2025-06-20 14:07:00+00:00,113.1875,113.1875,113.1875,113.1875,438.0
2025-06-20 14:08:00+00:00,113.15625,113.1875,113.15625,113.1875,324.0
2025-06-20 14:09:00+00:00,113.15625,113.15625,113.15625,113.15625,236.0
2025-06-20 14:10:00+00:00,113.125,113.15625,113.125,113.15625,371.0
2025-06-20 14:11:00+00:00,113.15625,113.15625,113.125,113.125,172.0
2025-06-20 14:12:00+00:00,113.09375,113.125,113.09375,113.125,414.0
2025-06-20 14:13:00+00:00,113.09375,113.09375,113.0625,113.0625,289.0
2025-06-20 14:14:00+00:00,113.09375,113.125,113.09375,113.09375,582.0
2025-06-20 14:15:00+00:00,113.125,113.125,113.09375,113.125,485.0
2025-06-20 14:16:00+00:00,113.09375,113.125,113.09375,113.125,303.0
2025-06-20 14:17:00+00:00,113.125,113.125,113.09375,113.125,169.0
2025-06-20 14:18:00+00:00,113.15625,113.15625,113.125,113.125,173.0
2025-06-20 14:21:00+00:00,113.09375,113.125,113.09375,113.125,1748.0
2025-06-20 14:22:00+00:00,113.09375,113.125,113.09375,113.125,885.0
2025-06-20 14:23:00+00:00,113.09375,113.125,113.09375,113.125,9.0
2025-06-20 14:24:00+00:00,113.09375,113.09375,113.09375,113.09375,697.0
2025-06-20 14:25:00+00:00,113.125,113.125,113.09375,113.09375,332.0
2025-06-20 14:26:00+00:00,113.15625,113.15625,113.15625,113.15625,378.0
2025-06-20 14:27:00+00:00,113.1875,113.21875,113.1875,113.1875,243.0
2025-06-20 14:28:00+00:00,113.1875,113.1875,113.15625,113.1875,6.0
2025-06-20 14:29:00+00:00,113.1875,113.1875,113.15625,113.15625,356.0
2025-06-20 14:30:00+00:00,113.21875,113.21875,113.1875,113.1875,283.0
2025-06-20 14:31:00+00:00,113.21875,113.21875,113.1875,113.1875,39.0
2025-06-20 14:32:00+00:00,113.15625,113.21875,113.15625,113.21875,470.0
2025-06-20 14:35:00+00:00,113.125,113.125,113.125,113.125,0.0
2025-06-20 14:36:00+00:00,113.125,113.125,113.125,113.125,179566.0
2025-06-20 14:37:00+00:00,113.125,113.125,113.125,113.125,320.0
2025-06-20 14:38:00+00:00,113.125,113.125,113.125,113.125,3.0
2025-06-20 14:39:00+00:00,113.125,113.125,113.09375,113.09375,3.0
2025-06-20 14:40:00+00:00,113.15625,113.15625,113.0625,113.125,1581.0
2025-06-20 14:41:00+00:00,113.15625,113.1875,113.125,113.15625,426.0
2025-06-20 14:42:00+00:00,113.15625,113.15625,113.15625,113.15625,202.0
2025-06-20 14:43:00+00:00,113.15625,113.15625,113.15625,113.15625,609.0
2025-06-20 14:44:00+00:00,113.15625,113.15625,113.15625,113.15625,343.0
2025-06-20 14:45:00+00:00,113.125,113.15625,113.125,113.15625,327.0
2025-06-20 14:46:00+00:00,113.0625,113.125,113.0625,113.125,367.0
2025-06-20 14:47:00+00:00,113.0625,113.09375,113.0625,113.0625,20.0
2025-06-20 14:48:00+00:00,113.0625,113.09375,113.0625,113.09375,6.0
2025-06-20 14:49:00+00:00,113.0625,113.0625,113.0625,113.0625,456.0
2025-06-20 14:50:00+00:00,113.0625,113.0625,113.03125,113.03125,363.0
2025-06-20 14:53:00+00:00,113.1875,113.21875,113.1875,113.1875,2971.0
2025-06-20 14:54:00+00:00,113.21875,113.21875,113.1875,113.1875,372.0
2025-06-20 14:55:00+00:00,113.1875,113.21875,113.1875,113.1875,503.0
2025-06-20 14:56:00+00:00,113.1875,113.1875,113.15625,113.1875,182.0
2025-06-20 14:57:00+00:00,113.1875,113.1875,113.15625,113.1875,406.0
2025-06-20 14:58:00+00:00,113.1875,113.1875,113.15625,113.1875,423.0
2025-06-20 14:59:00+00:00,113.21875,113.21875,113.1875,113.1875,585.0
2025-06-20 15:01:00+00:00,113.3125,113.34375,113.21875,113.21875,1398.0
2025-06-20 15:02:00+00:00,113.3125,113.34375,113.3125,113.34375,464.0
2025-06-20 15:03:00+00:00,113.3125,113.34375,113.3125,113.34375,1530.0
2025-06-20 15:04:00+00:00,113.34375,113.34375,113.34375,113.34375,1184.0
2025-06-20 15:05:00+00:00,113.3125,113.34375,113.3125,113.34375,75.0
2025-06-20 15:06:00+00:00,113.3125,113.3125,113.3125,113.3125,21.0
2025-06-20 15:12:00+00:00,113.34375,113.34375,113.34375,113.34375,2205.0
2025-06-20 15:13:00+00:00,113.34375,113.34375,113.34375,113.34375,138.0
2025-06-20 15:17:00+00:00,113.4375,113.4375,113.4375,113.4375,199475.0
2025-06-20 15:19:00+00:00,113.375,113.375,113.375,113.375,314.0
2025-06-20 15:20:00+00:00,113.40625,113.4375,113.40625,113.4375,473.0
2025-06-20 15:23:00+00:00,113.40625,113.40625,113.375,113.375,916.0
2025-06-20 15:25:00+00:00,113.46875,113.46875,113.40625,113.4375,1149.0
2025-06-20 15:26:00+00:00,113.4375,113.4375,113.4375,113.4375,570.0
2025-06-20 15:27:00+00:00,113.4375,113.4375,113.40625,113.40625,786.0
2025-06-20 15:28:00+00:00,113.4375,113.4375,113.4375,113.4375,544.0
2025-06-20 15:29:00+00:00,113.46875,113.5,113.4375,113.46875,834.0
2025-06-20 15:30:00+00:00,113.5,113.5,113.46875,113.46875,252.0
2025-06-20 15:31:00+00:00,113.5,113.5,113.5,113.5,820.0
2025-06-20 15:33:00+00:00,113.5,113.53125,113.5,113.5,1377.0
2025-06-20 15:34:00+00:00,113.5,113.5,113.5,113.5,127.0
2025-06-20 15:37:00+00:00,113.53125,113.53125,113.5,113.5,859.0
2025-06-20 15:38:00+00:00,113.53125,113.53125,113.53125,113.53125,339.0
2025-06-20 15:41:00+00:00,113.5625,113.59375,113.53125,113.53125,1998.0
2025-06-20 15:42:00+00:00,113.53125,113.5625,113.5,113.5625,1160.0
2025-06-20 15:43:00+00:00,113.53125,113.5625,113.53125,113.5625,23.0
2025-06-20 15:44:00+00:00,113.53125,113.53125,113.53125,113.53125,388.0
2025-06-20 15:45:00+00:00,113.53125,113.5625,113.53125,113.5625,32.0
2025-06-20 15:46:00+00:00,113.53125,113.5625,113.5,113.5625,618.0
2025-06-20 15:47:00+00:00,113.53125,113.5625,113.53125,113.53125,118.0
2025-06-20 15:48:00+00:00,113.53125,113.53125,113.53125,113.53125,445.0
2025-06-20 15:49:00+00:00,113.53125,113.53125,113.53125,113.53125,396.0
2025-06-20 15:50:00+00:00,113.5,113.53125,113.5,113.53125,349.0
2025-06-20 15:51:00+00:00,113.5,113.5,113.46875,113.5,1051.0
2025-06-20 15:52:00+00:00,113.46875,113.5,113.46875,113.5,30.0
2025-06-20 15:53:00+00:00,113.46875,113.5,113.46875,113.46875,119.0
2025-06-20 15:54:00+00:00,113.46875,113.5,113.46875,113.46875,715.0
2025-06-20 15:55:00+00:00,113.46875,113.5,113.46875,113.46875,284.0
2025-06-20 15:56:00+00:00,113.46875,113.46875,113.46875,113.46875,262.0
2025-06-20 15:57:00+00:00,113.46875,113.46875,113.4375,113.46875,454.0
2025-06-20 15:59:00+00:00,113.46875,113.46875,113.46875,113.46875,578.0
2025-06-20 16:00:00+00:00,113.46875,113.46875,113.4375,113.4375,661.0
2025-06-20 16:01:00+00:00,113.53125,113.53125,113.5,113.5,290.0
2025-06-20 16:02:00+00:00,113.5,113.53125,113.5,113.53125,361.0
2025-06-20 16:03:00+00:00,113.5,113.5,113.46875,113.5,33.0
2025-06-20 16:04:00+00:00,113.5,113.5,113.5,113.5,938.0
2025-06-20 16:05:00+00:00,113.5,113.5,113.5,113.5,361.0
2025-06-20 16:06:00+00:00,113.5,113.53125,113.5,113.53125,274.0
2025-06-20 16:07:00+00:00,113.53125,113.53125,113.5,113.5,28.0
2025-06-20 16:08:00+00:00,113.53125,113.53125,113.53125,113.53125,215.0
2025-06-20 16:09:00+00:00,113.5625,113.5625,113.53125,113.53125,14.0
2025-06-20 16:10:00+00:00,113.53125,113.53125,113.53125,113.53125,95.0
2025-06-20 16:11:00+00:00,113.53125,113.53125,113.53125,113.53125,251.0
2025-06-20 16:12:00+00:00,113.53125,113.53125,113.53125,113.53125,96.0
2025-06-20 16:13:00+00:00,113.5625,113.5625,113.53125,113.53125,179.0
2025-06-20 16:14:00+00:00,113.5,113.5625,113.5,113.5625,284.0
2025-06-20 16:15:00+00:00,113.5625,113.5625,113.53125,113.53125,410.0
2025-06-20 16:16:00+00:00,113.5625,113.59375,113.5625,113.59375,426.0
2025-06-20 16:17:00+00:00,113.5625,113.5625,113.5625,113.5625,172.0
2025-06-20 16:19:00+00:00,113.5625,113.5625,113.5625,113.5625,151.0
2025-06-20 16:21:00+00:00,113.59375,113.625,113.59375,113.59375,282.0
2025-06-20 16:22:00+00:00,113.59375,113.59375,113.5625,113.59375,1625.0
2025-06-20 16:23:00+00:00,113.625,113.625,113.59375,113.59375,1360.0
2025-06-20 16:24:00+00:00,113.625,113.625,113.59375,113.625,258.0
2025-06-20 16:25:00+00:00,113.6875,113.71875,113.625,113.625,1949.0
2025-06-20 16:26:00+00:00,113.71875,113.71875,113.6875,113.6875,83.0
2025-06-20 16:27:00+00:00,113.6875,113.71875,113.6875,113.6875,1054.0
2025-06-20 16:30:00+00:00,113.6875,113.6875,113.65625,113.6875,1730.0
2025-06-20 16:31:00+00:00,113.6875,113.6875,113.6875,113.6875,224.0
2025-06-20 16:32:00+00:00,113.6875,113.71875,113.6875,113.71875,287.0
2025-06-20 16:34:00+00:00,113.71875,113.71875,113.6875,113.71875,374.0
2025-06-20 16:35:00+00:00,113.6875,113.71875,113.6875,113.6875,102.0
2025-06-20 16:36:00+00:00,113.6875,113.71875,113.6875,113.71875,244.0
2025-06-20 16:37:00+00:00,113.6875,113.71875,113.6875,113.71875,412.0
2025-06-20 16:38:00+00:00,113.71875,113.71875,113.6875,113.71875,574.0
2025-06-20 16:40:00+00:00,113.71875,113.75,113.6875,113.6875,519.0
2025-06-20 16:41:00+00:00,113.71875,113.71875,113.71875,113.71875,12.0
2025-06-20 16:42:00+00:00,113.71875,113.71875,113.6875,113.6875,38.0
2025-06-20 16:43:00+00:00,113.6875,113.71875,113.6875,113.6875,49.0
2025-06-20 16:44:00+00:00,113.71875,113.71875,113.6875,113.6875,55.0
2025-06-20 16:45:00+00:00,113.71875,113.71875,113.6875,113.6875,89.0
2025-06-20 16:46:00+00:00,113.6875,113.6875,113.6875,113.6875,1154.0
2025-06-20 16:47:00+00:00,113.71875,113.71875,113.71875,113.71875,531.0
2025-06-20 16:48:00+00:00,113.71875,113.71875,113.71875,113.71875,119.0
2025-06-20 16:49:00+00:00,113.75,113.75,113.75,113.75,20.0
2025-06-20 16:50:00+00:00,113.75,113.75,113.75,113.75,11.0
2025-06-20 16:51:00+00:00,113.75,113.75,113.71875,113.75,656.0
2025-06-20 16:52:00+00:00,113.75,113.75,113.71875,113.71875,499.0
2025-06-20 16:53:00+00:00,113.75,113.75,113.75,113.75,738.0
2025-06-20 16:54:00+00:00,113.78125,113.78125,113.75,113.75,734.0
2025-06-20 16:55:00+00:00,113.78125,113.78125,113.75,113.78125,617.0
2025-06-20 16:56:00+00:00,113.78125,113.78125,113.78125,113.78125,17.0
2025-06-20 16:57:00+00:00,113.75,113.78125,113.75,113.78125,7.0
2025-06-20 16:58:00+00:00,113.78125,113.78125,113.75,113.78125,13.0
2025-06-20 16:59:00+00:00,113.75,113.78125,113.71875,113.75,2204.0
2025-06-20 17:00:00+00:00,113.71875,113.75,113.6875,113.71875,300.0
2025-06-20 17:01:00+00:00,113.75,113.75,113.6875,113.6875,301.0
2025-06-20 17:02:00+00:00,113.71875,113.75,113.71875,113.75,306.0
2025-06-20 17:03:00+00:00,113.71875,113.71875,113.6875,113.71875,155.0
2025-06-20 17:04:00+00:00,113.71875,113.71875,113.6875,113.6875,7.0
2025-06-20 17:05:00+00:00,113.75,113.75,113.71875,113.71875,244.0
2025-06-20 17:06:00+00:00,113.71875,113.75,113.71875,113.75,134.0
2025-06-20 17:07:00+00:00,113.71875,113.71875,113.6875,113.6875,311.0
2025-06-20 17:08:00+00:00,113.71875,113.75,113.71875,113.71875,225.0
2025-06-20 17:09:00+00:00,113.78125,113.78125,113.71875,113.71875,1515.0
2025-06-20 17:10:00+00:00,113.8125,113.8125,113.78125,113.78125,2082.0
2025-06-20 17:11:00+00:00,113.8125,113.84375,113.78125,113.78125,3498.0
2025-06-20 17:12:00+00:00,113.8125,113.84375,113.8125,113.8125,23.0
2025-06-20 17:13:00+00:00,113.84375,113.84375,113.8125,113.84375,848.0
2025-06-20 17:14:00+00:00,113.84375,113.84375,113.84375,113.84375,85.0
2025-06-20 17:15:00+00:00,113.84375,113.84375,113.8125,113.84375,580.0
2025-06-20 17:16:00+00:00,113.875,113.875,113.84375,113.84375,671.0
2025-06-20 17:19:00+00:00,113.875,113.875,113.875,113.875,1626.0
2025-06-20 17:20:00+00:00,113.875,113.875,113.875,113.875,516.0
2025-06-20 17:21:00+00:00,113.875,113.90625,113.875,113.875,1795.0
2025-06-20 17:22:00+00:00,113.875,113.90625,113.875,113.875,529.0
2025-06-20 17:23:00+00:00,113.84375,113.875,113.84375,113.875,14.0
2025-06-20 17:24:00+00:00,113.875,113.875,113.875,113.875,33.0
2025-06-20 17:25:00+00:00,113.875,113.875,113.875,113.875,7.0
2025-06-20 17:26:00+00:00,113.875,113.875,113.84375,113.875,297.0
2025-06-20 17:27:00+00:00,113.875,113.875,113.875,113.875,38.0
2025-06-20 17:28:00+00:00,113.875,113.875,113.84375,113.875,621.0
2025-06-20 17:29:00+00:00,113.90625,113.90625,113.84375,113.875,673.0
2025-06-20 17:30:00+00:00,113.96875,113.96875,113.875,113.875,6762.0
2025-06-20 17:31:00+00:00,113.96875,113.96875,113.9375,113.9375,1739.0
2025-06-20 17:32:00+00:00,113.96875,113.96875,113.9375,113.96875,425.0
2025-06-20 17:33:00+00:00,113.9375,113.96875,113.90625,113.96875,1427.0
2025-06-20 17:34:00+00:00,113.9375,113.96875,113.9375,113.9375,343.0
2025-06-20 17:35:00+00:00,113.90625,113.96875,113.90625,113.96875,392.0
2025-06-20 17:36:00+00:00,113.875,113.90625,113.84375,113.90625,1615.0
2025-06-20 17:37:00+00:00,113.90625,113.90625,113.84375,113.875,1030.0
2025-06-20 17:38:00+00:00,113.875,113.90625,113.875,113.875,227.0
2025-06-20 17:39:00+00:00,113.875,113.875,113.84375,113.875,9.0
2025-06-20 17:41:00+00:00,113.84375,113.875,113.84375,113.84375,1107.0
2025-06-20 17:42:00+00:00,113.8125,113.84375,113.8125,113.84375,226.0
2025-06-20 17:43:00+00:00,113.84375,113.84375,113.84375,113.84375,329.0
2025-06-20 17:44:00+00:00,113.84375,113.84375,113.84375,113.84375,492.0
2025-06-20 17:45:00+00:00,113.8125,113.8125,113.8125,113.8125,348.0
2025-06-20 17:47:00+00:00,113.8125,113.8125,113.78125,113.8125,59.0
2025-06-20 17:48:00+00:00,113.78125,113.8125,113.78125,113.8125,648.0
2025-06-20 17:49:00+00:00,113.8125,113.8125,113.8125,113.8125,36.0
2025-06-20 17:50:00+00:00,113.8125,113.8125,113.78125,113.8125,183.0
2025-06-20 17:51:00+00:00,113.8125,113.8125,113.78125,113.8125,1321.0
2025-06-20 17:52:00+00:00,113.78125,113.84375,113.78125,113.8125,318.0
2025-06-20 17:53:00+00:00,113.8125,113.8125,113.8125,113.8125,48.0
2025-06-20 17:57:00+00:00,113.75,113.75,113.75,113.75,461.0
2025-06-20 17:58:00+00:00,113.78125,113.78125,113.75,113.75,821.0
2025-06-20 17:59:00+00:00,113.78125,113.78125,113.75,113.78125,331.0
2025-06-20 18:00:00+00:00,113.8125,113.84375,113.75,113.75,1124.0
2025-06-20 18:01:00+00:00,113.8125,113.8125,113.78125,113.8125,105.0
2025-06-20 18:02:00+00:00,113.8125,113.8125,113.8125,113.8125,8.0
2025-06-20 18:03:00+00:00,113.84375,113.84375,113.8125,113.8125,232.0
2025-06-20 18:04:00+00:00,113.8125,113.84375,113.8125,113.84375,504.0
2025-06-20 18:05:00+00:00,113.78125,113.78125,113.78125,113.78125,150.0
2025-06-20 18:06:00+00:00,113.8125,113.8125,113.78125,113.78125,93.0
2025-06-20 18:07:00+00:00,113.8125,113.8125,113.8125,113.8125,35.0
2025-06-20 18:08:00+00:00,113.78125,113.8125,113.78125,113.8125,119.0
2025-06-20 18:09:00+00:00,113.84375,113.84375,113.78125,113.8125,507.0
2025-06-20 18:10:00+00:00,113.84375,113.84375,113.84375,113.84375,25.0
2025-06-20 18:11:00+00:00,113.8125,113.84375,113.8125,113.84375,304.0
2025-06-20 18:12:00+00:00,113.8125,113.8125,113.78125,113.8125,18.0
2025-06-20 18:14:00+00:00,113.8125,113.8125,113.78125,113.8125,626.0
2025-06-20 18:15:00+00:00,113.8125,113.8125,113.8125,113.8125,314.0
2025-06-20 18:16:00+00:00,113.84375,113.84375,113.78125,113.8125,193.0
2025-06-20 18:17:00+00:00,113.8125,113.84375,113.8125,113.84375,417.0
2025-06-20 18:18:00+00:00,113.8125,113.8125,113.78125,113.8125,15.0
2025-06-20 18:19:00+00:00,113.8125,113.8125,113.78125,113.8125,264.0
2025-06-20 18:20:00+00:00,113.8125,113.8125,113.8125,113.8125,283.0
2025-06-20 18:21:00+00:00,113.8125,113.8125,113.8125,113.8125,14.0
2025-06-20 18:22:00+00:00,113.8125,113.8125,113.8125,113.8125,63.0
2025-06-20 18:23:00+00:00,113.8125,113.8125,113.8125,113.8125,11.0
2025-06-20 18:24:00+00:00,113.78125,113.8125,113.78125,113.8125,347.0
2025-06-20 18:25:00+00:00,113.78125,113.78125,113.78125,113.78125,3.0
2025-06-20 18:26:00+00:00,113.8125,113.8125,113.78125,113.8125,41.0
2025-06-20 18:27:00+00:00,113.78125,113.8125,113.78125,113.8125,12.0
2025-06-20 18:28:00+00:00,113.78125,113.8125,113.78125,113.8125,27.0
2025-06-20 18:29:00+00:00,113.8125,113.8125,113.78125,113.78125,53.0
2025-06-20 18:30:00+00:00,113.78125,113.8125,113.78125,113.8125,485.0
2025-06-20 18:31:00+00:00,113.75,113.78125,113.75,113.75,16.0
2025-06-20 18:32:00+00:00,113.78125,113.78125,113.75,113.75,56.0
2025-06-20 18:33:00+00:00,113.78125,113.78125,113.78125,113.78125,343.0
2025-06-20 18:35:00+00:00,113.78125,113.8125,113.78125,113.8125,45.0
2025-06-20 18:36:00+00:00,113.78125,113.8125,113.78125,113.8125,21.0
2025-06-20 18:37:00+00:00,113.8125,113.8125,113.78125,113.78125,92.0
2025-06-20 18:38:00+00:00,113.78125,113.8125,113.78125,113.8125,305.0
2025-06-20 18:39:00+00:00,113.8125,113.8125,113.78125,113.78125,11.0
2025-06-20 18:40:00+00:00,113.78125,113.8125,113.78125,113.8125,36.0
2025-06-20 18:41:00+00:00,113.78125,113.78125,113.78125,113.78125,12.0
2025-06-20 18:42:00+00:00,113.75,113.8125,113.75,113.8125,1050.0
2025-06-20 18:43:00+00:00,113.75,113.78125,113.75,113.78125,37.0
2025-06-20 18:44:00+00:00,113.75,113.75,113.75,113.75,776.0
2025-06-20 18:45:00+00:00,113.75,113.75,113.71875,113.75,198.0
2025-06-20 18:46:00+00:00,113.75,113.78125,113.75,113.75,798.0
2025-06-20 18:47:00+00:00,113.75,113.75,113.75,113.75,8.0
2025-06-20 18:49:00+00:00,113.78125,113.78125,113.75,113.75,568.0
2025-06-20 18:50:00+00:00,113.78125,113.78125,113.75,113.75,11.0
2025-06-20 18:51:00+00:00,113.75,113.75,113.75,113.75,5.0
2025-06-20 18:53:00+00:00,113.75,113.78125,113.75,113.78125,9.0
2025-06-20 18:54:00+00:00,113.75,113.78125,113.75,113.78125,6.0
2025-06-20 18:55:00+00:00,113.78125,113.78125,113.75,113.78125,4.0
2025-06-20 18:56:00+00:00,113.75,113.78125,113.75,113.78125,5.0
2025-06-20 18:57:00+00:00,113.78125,113.78125,113.78125,113.78125,165.0
2025-06-20 18:58:00+00:00,113.78125,113.78125,113.75,113.75,350.0
2025-06-20 18:59:00+00:00,113.75,113.8125,113.75,113.78125,2536.0
2025-06-20 19:00:00+00:00,113.75,113.78125,113.75,113.78125,1081.0
2025-06-20 19:04:00+00:00,113.71875,113.71875,113.71875,113.71875,1299.0
2025-06-20 19:06:00+00:00,113.75,113.75,113.71875,113.75,798.0
2025-06-20 19:08:00+00:00,113.71875,113.71875,113.71875,113.71875,37.0
2025-06-20 19:09:00+00:00,113.71875,113.71875,113.71875,113.71875,36.0
2025-06-20 19:10:00+00:00,113.75,113.75,113.71875,113.71875,34.0
2025-06-20 19:13:00+00:00,113.75,113.75,113.75,113.75,419.0
2025-06-20 19:15:00+00:00,113.75,113.78125,113.75,113.78125,524.0
2025-06-20 19:19:00+00:00,113.71875,113.71875,113.71875,113.71875,198.0
2025-06-20 19:22:00+00:00,113.71875,113.75,113.71875,113.71875,336.0
2025-06-20 19:23:00+00:00,113.71875,113.71875,113.71875,113.71875,40.0
2025-06-20 19:25:00+00:00,113.75,113.75,113.71875,113.71875,33.0
2025-06-20 19:27:00+00:00,113.75,113.75,113.71875,113.71875,28.0
2025-06-20 19:28:00+00:00,113.71875,113.75,113.71875,113.75,4.0
2025-06-20 19:29:00+00:00,113.71875,113.75,113.71875,113.75,2.0
2025-06-20 19:31:00+00:00,113.71875,113.75,113.71875,113.71875,37.0
2025-06-20 19:32:00+00:00,113.71875,113.75,113.71875,113.75,21.0
2025-06-20 19:33:00+00:00,113.75,113.75,113.75,113.75,124.0
2025-06-20 19:34:00+00:00,113.75,113.75,113.71875,113.71875,12.0
2025-06-20 19:35:00+00:00,113.75,113.75,113.71875,113.71875,15.0
2025-06-20 19:36:00+00:00,113.75,113.75,113.71875,113.71875,218.0
2025-06-20 19:37:00+00:00,113.75,113.75,113.71875,113.75,21.0
2025-06-20 19:38:00+00:00,113.6875,113.75,113.6875,113.75,938.0
2025-06-20 19:40:00+00:00,113.6875,113.71875,113.6875,113.6875,358.0
2025-06-20 19:41:00+00:00,113.71875,113.71875,113.6875,113.71875,252.0
2025-06-20 19:43:00+00:00,113.71875,113.71875,113.6875,113.6875,19.0
2025-06-20 19:44:00+00:00,113.71875,113.71875,113.6875,113.6875,12.0
2025-06-20 19:47:00+00:00,113.6875,113.6875,113.65625,113.6875,450.0
2025-06-20 19:48:00+00:00,113.65625,113.65625,113.65625,113.65625,188.0
2025-06-20 19:49:00+00:00,113.65625,113.65625,113.65625,113.65625,60.0
2025-06-20 19:52:00+00:00,113.59375,113.65625,113.59375,113.65625,1958.0
2025-06-20 19:56:00+00:00,113.625,113.625,113.625,113.625,1948.0
2025-06-20 19:57:00+00:00,113.625,113.65625,113.625,113.625,107.0
2025-06-20 19:58:00+00:00,113.65625,113.65625,113.625,113.65625,2283.0
2025-06-20 19:59:00+00:00,113.625,113.6875,113.625,113.65625,4762.0
2025-06-20 20:00:00+00:00,113.6875,113.6875,113.625,113.65625,3389.0
2025-06-20 20:01:00+00:00,113.65625,113.6875,113.65625,113.6875,529.0
2025-06-20 20:02:00+00:00,113.6875,113.6875,113.65625,113.65625,281.0
2025-06-20 20:03:00+00:00,113.6875,113.71875,113.6875,113.71875,137.0
2025-06-20 20:04:00+00:00,113.71875,113.71875,113.6875,113.6875,5.0
2025-06-20 20:07:00+00:00,113.71875,113.71875,113.71875,113.71875,569.0
2025-06-20 20:08:00+00:00,113.75,113.75,113.75,113.75,6.0
2025-06-20 20:10:00+00:00,113.71875,113.75,113.71875,113.71875,491.0
2025-06-20 20:13:00+00:00,113.71875,113.71875,113.71875,113.71875,562.0
2025-06-20 20:15:00+00:00,113.75,113.75,113.75,113.75,32.0
2025-06-20 20:18:00+00:00,113.71875,113.71875,113.71875,113.71875,1057.0
2025-06-20 20:24:00+00:00,113.6875,113.6875,113.6875,113.6875,532.0
2025-06-20 20:30:00+00:00,113.6875,113.71875,113.6875,113.6875,222.0
2025-06-20 20:32:00+00:00,113.71875,113.71875,113.6875,113.71875,553.0
2025-06-20 20:33:00+00:00,113.71875,113.71875,113.71875,113.71875,295.0
2025-06-20 20:34:00+00:00,113.71875,113.71875,113.71875,113.71875,89.0
2025-06-20 20:36:00+00:00,113.6875,113.6875,113.6875,113.6875,25.0
2025-06-20 20:41:00+00:00,113.71875,113.71875,113.6875,113.71875,56.0
2025-06-20 20:42:00+00:00,113.71875,113.71875,113.71875,113.71875,101.0
2025-06-20 20:43:00+00:00,113.71875,113.75,113.71875,113.75,31.0
2025-06-20 20:44:00+00:00,113.75,113.75,113.71875,113.71875,503.0
2025-06-20 20:46:00+00:00,113.71875,113.75,113.71875,113.75,18.0
2025-06-20 20:49:00+00:00,113.71875,113.75,113.71875,113.75,181.0
2025-06-20 20:50:00+00:00,113.71875,113.75,113.71875,113.71875,157.0
2025-06-20 20:51:00+00:00,113.71875,113.75,113.71875,113.71875,434.0
2025-06-20 20:52:00+00:00,113.71875,113.75,113.71875,113.71875,23.0
2025-06-20 20:53:00+00:00,113.71875,113.71875,113.71875,113.71875,65.0
2025-06-20 20:55:00+00:00,113.75,113.75,113.71875,113.71875,834.0
2025-06-20 20:56:00+00:00,113.75,113.78125,113.71875,113.71875,981.0
2025-06-20 20:57:00+00:00,113.71875,113.78125,113.71875,113.78125,549.0
2025-06-20 20:58:00+00:00,113.71875,113.71875,113.71875,113.71875,227.0
2025-06-20 20:59:00+00:00,113.71875,113.78125,113.71875,113.71875,163.0
2025-06-22 22:00:00+00:00,113.78125,114.0625,113.75,114.0,0.0
2025-06-22 22:01:00+00:00,113.75,113.78125,113.6875,113.75,422.0
2025-06-22 22:02:00+00:00,113.78125,113.78125,113.71875,113.75,179.0
2025-06-22 22:03:00+00:00,113.78125,113.8125,113.78125,113.78125,169.0
2025-06-22 22:04:00+00:00,113.84375,113.84375,113.78125,113.78125,224.0
2025-06-22 22:05:00+00:00,113.84375,113.84375,113.8125,113.84375,26.0
2025-06-22 22:06:00+00:00,113.84375,113.84375,113.8125,113.84375,50.0
2025-06-22 22:07:00+00:00,113.8125,113.84375,113.8125,113.84375,237.0
2025-06-22 22:08:00+00:00,113.8125,113.84375,113.8125,113.84375,155.0
2025-06-22 22:09:00+00:00,113.84375,113.84375,113.78125,113.8125,196.0
2025-06-22 22:10:00+00:00,113.84375,113.84375,113.78125,113.84375,349.0
2025-06-22 22:11:00+00:00,113.9375,113.9375,113.8125,113.84375,675.0
2025-06-22 22:12:00+00:00,113.9375,113.9375,113.875,113.9375,231.0
2025-06-22 22:13:00+00:00,113.90625,113.9375,113.90625,113.9375,23.0
2025-06-22 22:14:00+00:00,113.875,113.875,113.875,113.875,176.0
2025-06-22 22:15:00+00:00,113.84375,113.84375,113.84375,113.84375,107.0
2025-06-22 22:16:00+00:00,113.84375,113.84375,113.8125,113.8125,114.0
2025-06-22 22:17:00+00:00,113.84375,113.875,113.84375,113.875,78.0
2025-06-22 22:18:00+00:00,113.84375,113.84375,113.84375,113.84375,56.0
2025-06-22 22:19:00+00:00,113.84375,113.875,113.84375,113.875,11.0
2025-06-22 22:20:00+00:00,113.84375,113.84375,113.84375,113.84375,4.0
2025-06-22 22:21:00+00:00,113.84375,113.84375,113.8125,113.84375,226.0
2025-06-22 22:22:00+00:00,113.875,113.90625,113.875,113.875,247.0
2025-06-22 22:23:00+00:00,113.9375,113.96875,113.90625,113.90625,485.0
2025-06-22 22:24:00+00:00,113.9375,113.96875,113.90625,113.9375,288.0
2025-06-22 22:25:00+00:00,113.9375,113.96875,113.9375,113.9375,122.0
2025-06-22 22:26:00+00:00,113.9375,113.9375,113.9375,113.9375,83.0
2025-06-22 22:27:00+00:00,113.9375,113.9375,113.90625,113.90625,365.0
2025-06-22 22:28:00+00:00,113.96875,113.96875,113.9375,113.9375,81.0
2025-06-22 22:29:00+00:00,113.9375,113.9375,113.9375,113.9375,1.0
2025-06-22 22:30:00+00:00,113.9375,113.9375,113.9375,113.9375,12.0
2025-06-22 22:31:00+00:00,113.96875,113.96875,113.9375,113.9375,174.0
2025-06-22 22:32:00+00:00,113.9375,113.96875,113.9375,113.96875,226.0
2025-06-22 22:33:00+00:00,113.9375,113.9375,113.9375,113.9375,194.0
2025-06-22 22:36:00+00:00,113.90625,113.90625,113.90625,113.90625,256.0
2025-06-22 22:37:00+00:00,113.875,113.90625,113.875,113.90625,44.0
2025-06-22 22:38:00+00:00,113.84375,113.875,113.84375,113.875,275.0
2025-06-22 22:40:00+00:00,113.8125,113.8125,113.8125,113.8125,177.0
2025-06-22 22:41:00+00:00,113.84375,113.84375,113.8125,113.8125,89.0
2025-06-22 22:42:00+00:00,113.84375,113.84375,113.84375,113.84375,60.0
2025-06-22 22:43:00+00:00,113.84375,113.84375,113.84375,113.84375,42.0
2025-06-22 22:47:00+00:00,113.84375,113.84375,113.8125,113.84375,164.0
2025-06-22 22:51:00+00:00,113.84375,113.84375,113.84375,113.84375,22.0
2025-06-22 22:55:00+00:00,113.84375,113.84375,113.8125,113.84375,213.0
2025-06-22 22:57:00+00:00,113.84375,113.84375,113.84375,113.84375,121.0
2025-06-22 23:00:00+00:00,113.84375,113.84375,113.84375,113.84375,26.0
2025-06-22 23:01:00+00:00,113.84375,113.84375,113.84375,113.84375,100.0
2025-06-22 23:02:00+00:00,113.84375,113.84375,113.8125,113.8125,61.0
2025-06-22 23:04:00+00:00,113.84375,113.84375,113.84375,113.84375,35.0
2025-06-22 23:05:00+00:00,113.8125,113.8125,113.8125,113.8125,2.0
2025-06-22 23:06:00+00:00,113.8125,113.8125,113.8125,113.8125,64.0
2025-06-22 23:07:00+00:00,113.8125,113.8125,113.8125,113.8125,49.0
2025-06-22 23:11:00+00:00,113.84375,113.875,113.84375,113.84375,113.0
2025-06-22 23:12:00+00:00,113.875,113.90625,113.875,113.875,207.0
2025-06-22 23:13:00+00:00,113.84375,113.875,113.84375,113.875,195.0
2025-06-22 23:14:00+00:00,113.84375,113.84375,113.84375,113.84375,24.0
2025-06-22 23:16:00+00:00,113.84375,113.875,113.84375,113.84375,22.0
2025-06-22 23:18:00+00:00,113.84375,113.84375,113.84375,113.84375,8.0
2025-06-22 23:20:00+00:00,113.84375,113.84375,113.84375,113.84375,7.0
2025-06-22 23:22:00+00:00,113.84375,113.84375,113.84375,113.84375,45.0
2025-06-22 23:24:00+00:00,113.84375,113.84375,113.84375,113.84375,5.0
2025-06-22 23:30:00+00:00,113.84375,113.84375,113.84375,113.84375,13.0
2025-06-22 23:31:00+00:00,113.8125,113.8125,113.8125,113.8125,1.0
2025-06-22 23:32:00+00:00,113.8125,113.8125,113.8125,113.8125,31.0
2025-06-22 23:33:00+00:00,113.78125,113.8125,113.78125,113.8125,184.0
2025-06-22 23:34:00+00:00,113.78125,113.8125,113.78125,113.8125,15.0
2025-06-22 23:35:00+00:00,113.78125,113.78125,113.78125,113.78125,2.0
2025-06-22 23:36:00+00:00,113.78125,113.78125,113.78125,113.78125,69.0
2025-06-22 23:39:00+00:00,113.8125,113.8125,113.78125,113.78125,12.0
2025-06-22 23:40:00+00:00,113.8125,113.8125,113.8125,113.8125,46.0
2025-06-22 23:41:00+00:00,113.84375,113.84375,113.84375,113.84375,68.0
2025-06-22 23:44:00+00:00,113.8125,113.8125,113.8125,113.8125,132.0
2025-06-22 23:46:00+00:00,113.8125,113.8125,113.8125,113.8125,3.0
2025-06-22 23:47:00+00:00,113.8125,113.8125,113.8125,113.8125,69.0
2025-06-22 23:49:00+00:00,113.8125,113.8125,113.8125,113.8125,50.0
2025-06-22 23:50:00+00:00,113.8125,113.8125,113.8125,113.8125,281.0
2025-06-22 23:54:00+00:00,113.8125,113.8125,113.8125,113.8125,111.0
2025-06-22 23:55:00+00:00,113.78125,113.78125,113.78125,113.78125,94.0
2025-06-22 23:56:00+00:00,113.78125,113.78125,113.78125,113.78125,8.0
2025-06-22 23:58:00+00:00,113.78125,113.78125,113.78125,113.78125,146.0
2025-06-22 23:59:00+00:00,113.78125,113.8125,113.78125,113.8125,29.0
2025-06-23 00:00:00+00:00,113.8125,113.8125,113.78125,113.78125,50.0
2025-06-23 00:01:00+00:00,113.84375,113.84375,113.78125,113.8125,145.0
2025-06-23 00:02:00+00:00,113.84375,113.875,113.84375,113.875,108.0
2025-06-23 00:03:00+00:00,113.84375,113.875,113.84375,113.84375,106.0
2025-06-23 00:04:00+00:00,113.8125,113.84375,113.8125,113.84375,25.0
2025-06-23 00:05:00+00:00,113.8125,113.84375,113.8125,113.84375,35.0
2025-06-23 00:07:00+00:00,113.84375,113.84375,113.78125,113.8125,704.0
2025-06-23 00:08:00+00:00,113.71875,113.8125,113.71875,113.8125,218.0
2025-06-23 00:09:00+00:00,113.71875,113.78125,113.71875,113.75,300.0
2025-06-23 00:10:00+00:00,113.75,113.75,113.75,113.75,881.0
2025-06-23 00:11:00+00:00,113.71875,113.75,113.71875,113.75,1080.0
2025-06-23 00:12:00+00:00,113.71875,113.71875,113.71875,113.71875,678.0
2025-06-23 00:13:00+00:00,113.6875,113.71875,113.6875,113.71875,5.0
2025-06-23 00:14:00+00:00,113.65625,113.71875,113.65625,113.6875,1360.0
2025-06-23 00:15:00+00:00,113.625,113.65625,113.625,113.65625,307.0
2025-06-23 00:16:00+00:00,113.625,113.625,113.59375,113.625,69.0
2025-06-23 00:17:00+00:00,113.625,113.625,113.59375,113.625,894.0
2025-06-23 00:18:00+00:00,113.625,113.625,113.625,113.625,51.0
2025-06-23 00:19:00+00:00,113.625,113.65625,113.625,113.65625,54.0
2025-06-23 00:20:00+00:00,113.53125,113.59375,113.53125,113.59375,453.0
2025-06-23 00:21:00+00:00,113.5,113.5625,113.5,113.5625,46.0
2025-06-23 00:22:00+00:00,113.46875,113.5,113.46875,113.5,777.0
2025-06-23 00:23:00+00:00,113.5,113.5,113.46875,113.46875,615.0
2025-06-23 00:25:00+00:00,113.5,113.5,113.46875,113.46875,53.0
2025-06-23 00:27:00+00:00,113.46875,113.5,113.46875,113.5,21.0
2025-06-23 00:28:00+00:00,113.46875,113.5,113.46875,113.46875,156.0
2025-06-23 00:29:00+00:00,113.46875,113.46875,113.46875,113.46875,5.0
2025-06-23 00:31:00+00:00,113.5,113.5,113.5,113.5,198.0
2025-06-23 00:33:00+00:00,113.46875,113.46875,113.46875,113.46875,125.0
2025-06-23 00:35:00+00:00,113.46875,113.46875,113.4375,113.46875,181.0
2025-06-23 00:36:00+00:00,113.46875,113.46875,113.46875,113.46875,59.0
2025-06-23 00:37:00+00:00,113.5,113.5,113.46875,113.46875,58.0
2025-06-23 00:38:00+00:00,113.5,113.5,113.5,113.5,60.0
2025-06-23 00:39:00+00:00,113.46875,113.46875,113.46875,113.46875,29.0
2025-06-23 00:42:00+00:00,113.46875,113.46875,113.4375,113.4375,59.0
2025-06-23 00:45:00+00:00,113.46875,113.46875,113.46875,113.46875,17.0
2025-06-23 00:48:00+00:00,113.46875,113.46875,113.4375,113.4375,41.0
2025-06-23 00:50:00+00:00,113.46875,113.46875,113.46875,113.46875,80.0
2025-06-23 00:57:00+00:00,113.4375,113.46875,113.4375,113.46875,86.0
2025-06-23 00:58:00+00:00,113.4375,113.4375,113.40625,113.4375,145.0
2025-06-23 01:00:00+00:00,113.375,113.4375,113.375,113.4375,716.0
2025-06-23 01:01:00+00:00,113.375,113.375,113.34375,113.375,100.0
2025-06-23 01:02:00+00:00,113.40625,113.40625,113.375,113.375,6.0
2025-06-23 01:03:00+00:00,113.40625,113.40625,113.375,113.40625,33.0
2025-06-23 01:04:00+00:00,113.40625,113.40625,113.375,113.375,7.0
2025-06-23 01:06:00+00:00,113.40625,113.40625,113.375,113.375,220.0
2025-06-23 01:07:00+00:00,113.40625,113.40625,113.375,113.40625,488.0
2025-06-23 01:09:00+00:00,113.4375,113.4375,113.40625,113.40625,91.0
2025-06-23 01:10:00+00:00,113.40625,113.4375,113.40625,113.4375,33.0
2025-06-23 01:11:00+00:00,113.40625,113.40625,113.40625,113.40625,61.0
2025-06-23 01:12:00+00:00,113.40625,113.40625,113.40625,113.40625,23.0
2025-06-23 01:13:00+00:00,113.40625,113.40625,113.40625,113.40625,16.0
2025-06-23 01:14:00+00:00,113.40625,113.40625,113.40625,113.40625,8.0
2025-06-23 01:16:00+00:00,113.4375,113.4375,113.4375,113.4375,127.0
2025-06-23 01:17:00+00:00,113.4375,113.4375,113.4375,113.4375,19.0
2025-06-23 01:18:00+00:00,113.46875,113.46875,113.4375,113.4375,204.0
2025-06-23 01:21:00+00:00,113.4375,113.4375,113.4375,113.4375,5.0
2025-06-23 01:22:00+00:00,113.40625,113.4375,113.40625,113.4375,35.0
2025-06-23 01:23:00+00:00,113.375,113.40625,113.375,113.40625,2.0
2025-06-23 01:29:00+00:00,113.375,113.375,113.375,113.375,7.0
2025-06-23 01:30:00+00:00,113.40625,113.40625,113.40625,113.40625,58.0
2025-06-23 01:32:00+00:00,113.40625,113.40625,113.40625,113.40625,18.0
2025-06-23 01:33:00+00:00,113.4375,113.4375,113.40625,113.40625,15.0
2025-06-23 01:34:00+00:00,113.40625,113.40625,113.40625,113.40625,71.0
2025-06-23 01:35:00+00:00,113.40625,113.40625,113.40625,113.40625,144.0
2025-06-23 01:36:00+00:00,113.40625,113.40625,113.40625,113.40625,111.0
2025-06-23 01:39:00+00:00,113.375,113.375,113.375,113.375,61.0
2025-06-23 01:41:00+00:00,113.375,113.375,113.375,113.375,3.0
2025-06-23 01:42:00+00:00,113.34375,113.34375,113.34375,113.34375,85.0
2025-06-23 01:46:00+00:00,113.375,113.375,113.3125,113.3125,249.0
2025-06-23 01:47:00+00:00,113.34375,113.34375,113.34375,113.34375,71.0
2025-06-23 01:48:00+00:00,113.34375,113.34375,113.34375,113.34375,3.0
2025-06-23 01:50:00+00:00,113.375,113.375,113.375,113.375,104.0
2025-06-23 01:56:00+00:00,113.4375,113.4375,113.40625,113.4375,48.0
2025-06-23 01:57:00+00:00,113.4375,113.4375,113.4375,113.4375,29.0
2025-06-23 01:59:00+00:00,113.4375,113.4375,113.40625,113.4375,14.0
2025-06-23 02:01:00+00:00,113.46875,113.46875,113.4375,113.4375,62.0
2025-06-23 02:03:00+00:00,113.4375,113.4375,113.4375,113.4375,71.0
2025-06-23 02:04:00+00:00,113.4375,113.46875,113.4375,113.46875,21.0
2025-06-23 02:06:00+00:00,113.46875,113.46875,113.46875,113.46875,3.0
2025-06-23 02:09:00+00:00,113.46875,113.46875,113.46875,113.46875,60.0
2025-06-23 02:10:00+00:00,113.46875,113.5,113.46875,113.5,178.0
2025-06-23 02:16:00+00:00,113.5,113.5,113.5,113.5,88.0
2025-06-23 02:24:00+00:00,113.5,113.53125,113.5,113.5,11.0
2025-06-23 02:26:00+00:00,113.46875,113.5,113.46875,113.5,61.0
2025-06-23 02:28:00+00:00,113.5,113.5,113.5,113.5,199.0
2025-06-23 02:31:00+00:00,113.53125,113.53125,113.5,113.5,35.0
2025-06-23 02:33:00+00:00,113.5,113.5,113.5,113.5,45.0
2025-06-23 02:35:00+00:00,113.46875,113.5,113.46875,113.5,18.0
2025-06-23 02:37:00+00:00,113.46875,113.46875,113.46875,113.46875,84.0
2025-06-23 02:42:00+00:00,113.5,113.5,113.5,113.5,15.0
2025-06-23 02:47:00+00:00,113.5,113.5,113.5,113.5,87.0
2025-06-23 02:56:00+00:00,113.46875,113.46875,113.46875,113.46875,241.0
2025-06-23 02:57:00+00:00,113.46875,113.46875,113.46875,113.46875,14.0
2025-06-23 03:01:00+00:00,113.46875,113.46875,113.46875,113.46875,143.0
2025-06-23 03:04:00+00:00,113.46875,113.46875,113.46875,113.46875,141.0
2025-06-23 03:10:00+00:00,113.5,113.5,113.46875,113.5,28.0
2025-06-23 03:13:00+00:00,113.5,113.5,113.5,113.5,0.0
2025-06-23 03:15:00+00:00,113.5,113.5,113.5,113.5,27009.0
2025-06-23 03:18:00+00:00,113.46875,113.46875,113.46875,113.46875,2.0
2025-06-23 03:21:00+00:00,113.5,113.5,113.5,113.5,27.0
2025-06-23 03:28:00+00:00,113.5,113.5,113.46875,113.46875,31.0
2025-06-23 03:39:00+00:00,113.46875,113.5,113.46875,113.46875,17.0
2025-06-23 03:40:00+00:00,113.46875,113.46875,113.46875,113.46875,18.0
2025-06-23 03:47:00+00:00,113.5,113.5,113.46875,113.46875,48.0
2025-06-23 04:01:00+00:00,113.46875,113.46875,113.46875,113.46875,91.0
2025-06-23 04:15:00+00:00,113.46875,113.46875,113.46875,113.46875,49.0
2025-06-23 04:16:00+00:00,113.46875,113.46875,113.46875,113.46875,15.0
2025-06-23 04:29:00+00:00,113.4375,113.5,113.4375,113.5,54.0
2025-06-23 04:30:00+00:00,113.46875,113.46875,113.4375,113.4375,57.0
2025-06-23 04:34:00+00:00,113.5,113.5,113.46875,113.46875,132.0
2025-06-23 04:35:00+00:00,113.46875,113.5,113.46875,113.5,3.0
2025-06-23 04:38:00+00:00,113.5,113.5,113.5,113.5,33.0
2025-06-23 04:40:00+00:00,113.46875,113.46875,113.46875,113.46875,7.0
2025-06-23 04:41:00+00:00,113.46875,113.46875,113.46875,113.46875,11.0
2025-06-23 04:42:00+00:00,113.46875,113.46875,113.4375,113.4375,8.0
2025-06-23 04:56:00+00:00,113.46875,113.46875,113.4375,113.4375,14.0
2025-06-23 04:58:00+00:00,113.46875,113.46875,113.46875,113.46875,202.0
2025-06-23 04:59:00+00:00,113.4375,113.4375,113.4375,113.4375,11.0
2025-06-23 05:02:00+00:00,113.46875,113.46875,113.4375,113.46875,723.0
2025-06-23 05:03:00+00:00,113.5,113.5,113.5,113.5,155.0
2025-06-23 05:05:00+00:00,113.5,113.53125,113.5,113.53125,66.0
2025-06-23 05:10:00+00:00,113.5,113.5,113.46875,113.46875,4.0
2025-06-23 05:11:00+00:00,113.5,113.5,113.5,113.5,79.0
2025-06-23 05:13:00+00:00,113.53125,113.53125,113.5,113.5,41.0
2025-06-23 05:18:00+00:00,113.5,113.53125,113.5,113.53125,9.0
2025-06-23 05:28:00+00:00,113.5625,113.5625,113.53125,113.53125,352.0
2025-06-23 05:29:00+00:00,113.53125,113.5625,113.53125,113.5625,40.0
2025-06-23 05:30:00+00:00,113.5625,113.5625,113.53125,113.53125,125.0
2025-06-23 05:37:00+00:00,113.53125,113.5625,113.53125,113.5625,130.0
2025-06-23 05:44:00+00:00,113.5625,113.5625,113.5625,113.5625,116.0
2025-06-23 05:51:00+00:00,113.53125,113.53125,113.53125,113.53125,105.0
2025-06-23 05:54:00+00:00,113.5,113.5,113.5,113.5,9.0
2025-06-23 06:00:00+00:00,113.53125,113.53125,113.5,113.5,199.0
2025-06-23 06:01:00+00:00,113.5,113.53125,113.5,113.53125,29.0
2025-06-23 06:02:00+00:00,113.53125,113.53125,113.5,113.5,3.0
2025-06-23 06:03:00+00:00,113.46875,113.5,113.46875,113.5,117.0
2025-06-23 06:04:00+00:00,113.53125,113.53125,113.5,113.5,26.0
2025-06-23 06:05:00+00:00,113.5,113.5,113.5,113.5,101.0
2025-06-23 06:09:00+00:00,113.46875,113.46875,113.46875,113.46875,54.0
2025-06-23 06:16:00+00:00,113.375,113.4375,113.375,113.4375,167.0
2025-06-23 06:17:00+00:00,113.375,113.40625,113.375,113.375,100.0
2025-06-23 06:18:00+00:00,113.4375,113.4375,113.40625,113.40625,35.0
2025-06-23 06:19:00+00:00,113.40625,113.4375,113.40625,113.4375,29.0
2025-06-23 06:20:00+00:00,113.375,113.40625,113.375,113.40625,64.0
2025-06-23 06:21:00+00:00,113.375,113.375,113.375,113.375,13.0
2025-06-23 06:22:00+00:00,113.40625,113.40625,113.375,113.375,419.0
2025-06-23 06:23:00+00:00,113.375,113.375,113.375,113.375,278.0
2025-06-23 06:24:00+00:00,113.3125,113.375,113.3125,113.375,235.0
2025-06-23 06:27:00+00:00,113.375,113.375,113.34375,113.34375,365.0
2025-06-23 06:28:00+00:00,113.34375,113.34375,113.34375,113.34375,83.0
2025-06-23 06:30:00+00:00,113.375,113.375,113.34375,113.34375,44.0
2025-06-23 06:31:00+00:00,113.375,113.375,113.375,113.375,97.0
2025-06-23 06:32:00+00:00,113.34375,113.34375,113.34375,113.34375,32.0
2025-06-23 06:34:00+00:00,113.34375,113.34375,113.34375,113.34375,9.0
2025-06-23 06:36:00+00:00,113.375,113.375,113.375,113.375,121.0
2025-06-23 06:37:00+00:00,113.34375,113.375,113.34375,113.375,32.0
2025-06-23 06:38:00+00:00,113.40625,113.40625,113.375,113.375,159.0
2025-06-23 06:39:00+00:00,113.40625,113.40625,113.375,113.40625,313.0
2025-06-23 06:40:00+00:00,113.375,113.375,113.375,113.375,92.0
2025-06-23 06:45:00+00:00,113.375,113.375,113.375,113.375,29.0
2025-06-23 06:46:00+00:00,113.375,113.375,113.375,113.375,36.0
2025-06-23 06:47:00+00:00,113.375,113.375,113.375,113.375,30.0
2025-06-23 06:48:00+00:00,113.34375,113.34375,113.34375,113.34375,75.0
2025-06-23 06:49:00+00:00,113.34375,113.34375,113.34375,113.34375,81.0
2025-06-23 06:50:00+00:00,113.34375,113.34375,113.34375,113.34375,19.0
2025-06-23 06:51:00+00:00,113.34375,113.34375,113.34375,113.34375,0.0
2025-06-23 06:52:00+00:00,113.34375,113.34375,113.34375,113.34375,35008.0
2025-06-23 06:54:00+00:00,113.34375,113.34375,113.34375,113.34375,150.0
2025-06-23 06:55:00+00:00,113.40625,113.40625,113.34375,113.34375,223.0
2025-06-23 06:56:00+00:00,113.40625,113.40625,113.40625,113.40625,166.0
2025-06-23 06:57:00+00:00,113.40625,113.40625,113.40625,113.40625,90.0
2025-06-23 06:58:00+00:00,113.40625,113.40625,113.40625,113.40625,31.0
2025-06-23 07:00:00+00:00,113.375,113.40625,113.375,113.375,262.0
2025-06-23 07:01:00+00:00,113.40625,113.40625,113.375,113.375,158.0
2025-06-23 07:02:00+00:00,113.40625,113.4375,113.40625,113.40625,337.0
2025-06-23 07:04:00+00:00,113.40625,113.40625,113.40625,113.40625,226.0
2025-06-23 07:05:00+00:00,113.40625,113.4375,113.40625,113.4375,304.0
2025-06-23 07:06:00+00:00,113.40625,113.40625,113.40625,113.40625,104.0
2025-06-23 07:08:00+00:00,113.4375,113.4375,113.4375,113.4375,158.0
2025-06-23 07:10:00+00:00,113.4375,113.46875,113.4375,113.46875,197.0
2025-06-23 07:11:00+00:00,113.40625,113.4375,113.40625,113.4375,131.0
2025-06-23 07:12:00+00:00,113.40625,113.40625,113.40625,113.40625,122.0
2025-06-23 07:13:00+00:00,113.40625,113.40625,113.40625,113.40625,60.0
2025-06-23 07:14:00+00:00,113.4375,113.4375,113.4375,113.4375,213.0
2025-06-23 07:15:00+00:00,113.5,113.5,113.4375,113.46875,572.0
2025-06-23 07:16:00+00:00,113.4375,113.46875,113.4375,113.46875,329.0
2025-06-23 07:17:00+00:00,113.40625,113.4375,113.40625,113.40625,69.0
2025-06-23 07:18:00+00:00,113.40625,113.40625,113.40625,113.40625,211.0
2025-06-23 07:19:00+00:00,113.375,113.4375,113.375,113.4375,127.0
2025-06-23 07:20:00+00:00,113.375,113.375,113.375,113.375,162.0
2025-06-23 07:22:00+00:00,113.375,113.375,113.375,113.375,9.0
2025-06-23 07:25:00+00:00,113.34375,113.34375,113.34375,113.34375,275.0
2025-06-23 07:26:00+00:00,113.34375,113.34375,113.34375,113.34375,271.0
2025-06-23 07:27:00+00:00,113.375,113.375,113.34375,113.34375,101.0
2025-06-23 07:28:00+00:00,113.34375,113.34375,113.34375,113.34375,132.0
2025-06-23 07:29:00+00:00,113.3125,113.34375,113.3125,113.34375,431.0
2025-06-23 07:30:00+00:00,113.25,113.3125,113.25,113.3125,571.0
2025-06-23 07:31:00+00:00,113.3125,113.3125,113.28125,113.28125,316.0
2025-06-23 07:32:00+00:00,113.34375,113.34375,113.34375,113.34375,128.0
2025-06-23 07:35:00+00:00,113.34375,113.375,113.34375,113.375,125.0
2025-06-23 07:36:00+00:00,113.40625,113.40625,113.375,113.375,186.0
2025-06-23 07:38:00+00:00,113.40625,113.40625,113.40625,113.40625,35.0
2025-06-23 07:39:00+00:00,113.40625,113.4375,113.40625,113.40625,65.0
2025-06-23 07:41:00+00:00,113.375,113.40625,113.375,113.40625,111.0
2025-06-23 07:42:00+00:00,113.375,113.375,113.375,113.375,80.0
2025-06-23 07:43:00+00:00,113.375,113.375,113.34375,113.375,29.0
2025-06-23 07:44:00+00:00,113.34375,113.375,113.34375,113.375,159.0
2025-06-23 07:45:00+00:00,113.40625,113.4375,113.34375,113.375,382.0
2025-06-23 07:46:00+00:00,113.40625,113.40625,113.40625,113.40625,4.0
2025-06-23 07:50:00+00:00,113.40625,113.40625,113.40625,113.40625,117.0
2025-06-23 07:52:00+00:00,113.4375,113.4375,113.4375,113.4375,200.0
2025-06-23 07:53:00+00:00,113.4375,113.4375,113.4375,113.4375,243.0
2025-06-23 07:54:00+00:00,113.40625,113.4375,113.40625,113.4375,132.0
2025-06-23 07:55:00+00:00,113.4375,113.4375,113.40625,113.40625,22.0
2025-06-23 07:56:00+00:00,113.4375,113.4375,113.4375,113.4375,208.0
2025-06-23 07:57:00+00:00,113.4375,113.4375,113.4375,113.4375,270.0
2025-06-23 07:58:00+00:00,113.40625,113.40625,113.40625,113.40625,205.0
2025-06-23 07:59:00+00:00,113.375,113.40625,113.375,113.40625,31.0
2025-06-23 08:00:00+00:00,113.375,113.40625,113.375,113.40625,659.0
2025-06-23 08:01:00+00:00,113.375,113.375,113.375,113.375,21.0
2025-06-23 08:03:00+00:00,113.46875,113.46875,113.40625,113.40625,527.0
2025-06-23 08:04:00+00:00,113.40625,113.4375,113.40625,113.4375,474.0
2025-06-23 08:06:00+00:00,113.4375,113.4375,113.40625,113.4375,192.0
2025-06-23 08:07:00+00:00,113.4375,113.4375,113.40625,113.4375,16.0
2025-06-23 08:08:00+00:00,113.40625,113.40625,113.40625,113.40625,132.0
2025-06-23 08:09:00+00:00,113.4375,113.4375,113.4375,113.4375,212.0
2025-06-23 08:10:00+00:00,113.4375,113.4375,113.4375,113.4375,238.0
2025-06-23 08:11:00+00:00,113.4375,113.4375,113.40625,113.4375,196.0
2025-06-23 08:12:00+00:00,113.40625,113.4375,113.40625,113.4375,16.0
2025-06-23 08:13:00+00:00,113.375,113.40625,113.375,113.40625,43.0
2025-06-23 08:14:00+00:00,113.375,113.375,113.375,113.375,94.0
2025-06-23 08:24:00+00:00,113.40625,113.40625,113.40599822998047,113.40599822998047,1801.0
2025-06-23 08:26:00+00:00,113.4375,113.4375,113.40625,113.40625,9.0
2025-06-23 08:28:00+00:00,113.40625,113.40625,113.40625,113.40625,85.0
2025-06-23 08:29:00+00:00,113.375,113.40625,113.375,113.40625,150.0
2025-06-23 08:30:00+00:00,113.375,113.375,113.34375,113.375,95.0
2025-06-23 08:34:00+00:00,113.375,113.375,113.375,113.375,53.0
2025-06-23 08:37:00+00:00,113.40625,113.40625,113.375,113.375,166.0
2025-06-23 08:38:00+00:00,113.4375,113.4375,113.40625,113.40625,176.0
2025-06-23 08:39:00+00:00,113.4375,113.4375,113.4375,113.4375,91.0
2025-06-23 08:40:00+00:00,113.40625,113.4375,113.40625,113.4375,100.0
2025-06-23 08:42:00+00:00,113.4375,113.4375,113.4375,113.4375,257.0
2025-06-23 08:43:00+00:00,113.4375,113.46875,113.4375,113.4375,97.0
2025-06-23 08:44:00+00:00,113.4375,113.46875,113.4375,113.46875,54.0
2025-06-23 08:45:00+00:00,113.4375,113.46875,113.4375,113.4375,109.0
2025-06-23 08:48:00+00:00,113.4375,113.4375,113.40625,113.40625,219.0
2025-06-23 08:51:00+00:00,113.40625,113.40625,113.40625,113.40625,167.0
2025-06-23 08:52:00+00:00,113.40625,113.4375,113.40625,113.4375,3.0
2025-06-23 08:54:00+00:00,113.375,113.375,113.375,113.375,105.0
2025-06-23 08:57:00+00:00,113.375,113.375,113.375,113.375,71.0
2025-06-23 08:58:00+00:00,113.40625,113.40625,113.40625,113.40625,101.0
2025-06-23 08:59:00+00:00,113.40625,113.40625,113.40625,113.40625,54.0
2025-06-23 09:01:00+00:00,113.40625,113.40625,113.40625,113.40625,102.0
2025-06-23 09:02:00+00:00,113.40625,113.40625,113.40625,113.40625,203.0
2025-06-23 09:03:00+00:00,113.40625,113.40625,113.40625,113.40625,309.0
2025-06-23 09:05:00+00:00,113.40625,113.40625,113.40625,113.40625,114.0
2025-06-23 09:08:00+00:00,113.4375,113.4375,113.40625,113.4375,135.0
2025-06-23 09:09:00+00:00,113.40625,113.40625,113.40625,113.40625,443.0
2025-06-23 09:10:00+00:00,113.375,113.40625,113.375,113.40625,365.0
2025-06-23 09:11:00+00:00,113.375,113.375,113.375,113.375,22.0
2025-06-23 09:12:00+00:00,113.375,113.375,113.34375,113.34375,70.0
2025-06-23 09:14:00+00:00,113.375,113.40625,113.375,113.40625,52.0
2025-06-23 09:16:00+00:00,113.375,113.375,113.375,113.375,49.0
2025-06-23 09:19:00+00:00,113.40625,113.40625,113.40625,113.40625,339.0
2025-06-23 09:22:00+00:00,113.4375,113.4375,113.40625,113.40625,322.0
2025-06-23 09:23:00+00:00,113.46875,113.46875,113.46875,113.46875,148.0
2025-06-23 09:24:00+00:00,113.5,113.5,113.5,113.5,312.0
2025-06-23 09:25:00+00:00,113.53125,113.53125,113.53125,113.53125,114.0
2025-06-23 09:26:00+00:00,113.5625,113.5625,113.53125,113.53125,693.0
2025-06-23 09:27:00+00:00,113.5625,113.59375,113.5625,113.5625,207.0
2025-06-23 09:28:00+00:00,113.625,113.65625,113.59375,113.59375,150.0
2025-06-23 09:29:00+00:00,113.59375,113.65625,113.59375,113.625,197.0
2025-06-23 09:35:00+00:00,113.5625,113.59375,113.5625,113.59375,83.0
2025-06-23 09:36:00+00:00,113.5625,113.5625,113.5625,113.5625,261.0
2025-06-23 09:37:00+00:00,113.53125,113.5625,113.53125,113.5625,58.0
2025-06-23 09:38:00+00:00,113.53125,113.53125,113.53125,113.53125,86.0
2025-06-23 09:42:00+00:00,113.5625,113.5625,113.5625,113.5625,125.0
2025-06-23 09:43:00+00:00,113.59375,113.59375,113.59375,113.59375,186.0
2025-06-23 09:44:00+00:00,113.59375,113.59375,113.59375,113.59375,42.0
2025-06-23 09:46:00+00:00,113.5625,113.59375,113.5625,113.59375,335.0
2025-06-23 09:50:00+00:00,113.53125,113.53125,113.53125,113.53125,7.0
2025-06-23 09:51:00+00:00,113.53125,113.5625,113.53125,113.53125,131.0
2025-06-23 09:54:00+00:00,113.5625,113.5625,113.5625,113.5625,73.0
2025-06-23 09:55:00+00:00,113.5625,113.5625,113.5625,113.5625,76.0
2025-06-23 09:56:00+00:00,113.53125,113.5625,113.53125,113.5625,544.0
2025-06-23 10:00:00+00:00,113.53125,113.53125,113.53125,113.53125,57.0
2025-06-23 10:01:00+00:00,113.5625,113.5625,113.53125,113.53125,206.0
2025-06-23 10:02:00+00:00,113.53125,113.5625,113.53125,113.5625,101.0
2025-06-23 10:03:00+00:00,113.53125,113.53125,113.53125,113.53125,176.0
2025-06-23 10:04:00+00:00,113.53125,113.53125,113.53125,113.53125,26.0
2025-06-23 10:08:00+00:00,113.5,113.53125,113.46875,113.53125,451.0
2025-06-23 10:09:00+00:00,113.53125,113.53125,113.5,113.5,61.0
2025-06-23 10:10:00+00:00,113.5,113.5,113.5,113.5,150.0
2025-06-23 10:12:00+00:00,113.46875,113.5,113.46875,113.46875,59.0
2025-06-23 10:23:00+00:00,113.40625,113.43800354003906,113.40625,113.43800354003906,1113.0
2025-06-23 10:27:00+00:00,113.40625,113.4375,113.40625,113.4375,60.0
2025-06-23 10:28:00+00:00,113.40625,113.40625,113.40625,113.40625,27.0
2025-06-23 10:30:00+00:00,113.4375,113.4375,113.4375,113.4375,268.0
2025-06-23 10:31:00+00:00,113.46875,113.46875,113.4375,113.4375,43.0
2025-06-23 10:33:00+00:00,113.4375,113.46875,113.4375,113.46875,2.0
2025-06-23 10:35:00+00:00,113.5,113.5,113.46875,113.46875,70.0
2025-06-23 10:37:00+00:00,113.5,113.5,113.5,113.5,51.0
2025-06-23 10:38:00+00:00,113.5,113.5,113.5,113.5,121.0
2025-06-23 10:40:00+00:00,113.46875,113.46875,113.46875,113.46875,197.0
2025-06-23 10:44:00+00:00,113.46875,113.46875,113.4375,113.4375,73.0
2025-06-23 10:54:00+00:00,113.46875,113.46875,113.46875,113.46875,58.0
2025-06-23 10:56:00+00:00,113.46875,113.46875,113.46875,113.46875,33.0
2025-06-23 10:57:00+00:00,113.46875,113.46875,113.46875,113.46875,32.0
2025-06-23 11:03:00+00:00,113.53125,113.5625,113.53125,113.53125,212.0
2025-06-23 11:06:00+00:00,113.5,113.5,113.5,113.5,41.0
2025-06-23 11:09:00+00:00,113.46875,113.5,113.46875,113.46875,6.0
2025-06-23 11:11:00+00:00,113.5,113.5,113.5,113.5,13.0
2025-06-23 11:12:00+00:00,113.53125,113.53125,113.5,113.5,164.0
2025-06-23 11:13:00+00:00,113.5,113.53125,113.5,113.53125,388.0
2025-06-23 11:15:00+00:00,113.4375,113.46875,113.4375,113.46875,253.0
2025-06-23 11:19:00+00:00,113.4375,113.46875,113.4375,113.46875,254.0
2025-06-23 11:20:00+00:00,113.4375,113.4375,113.4375,113.4375,258.0
2025-06-23 11:22:00+00:00,113.4375,113.46875,113.4375,113.46875,790.0
2025-06-23 11:23:00+00:00,113.4375,113.4375,113.4375,113.4375,92.0
2025-06-23 11:25:00+00:00,113.40625,113.4375,113.40625,113.4375,47.0
2025-06-23 11:26:00+00:00,113.375,113.40625,113.375,113.40625,21.0
2025-06-23 11:27:00+00:00,113.40625,113.40625,113.375,113.40625,297.0
2025-06-23 11:28:00+00:00,113.40625,113.40625,113.375,113.375,13.0
2025-06-23 11:29:00+00:00,113.375,113.375,113.34375,113.375,387.0
2025-06-23 11:30:00+00:00,113.375,113.375,113.375,113.375,115.0
2025-06-23 11:31:00+00:00,113.40625,113.40625,113.375,113.40625,128.0
2025-06-23 11:32:00+00:00,113.40625,113.40625,113.40625,113.40625,176.0
2025-06-23 11:33:00+00:00,113.4375,113.4375,113.4375,113.4375,41.0
2025-06-23 11:34:00+00:00,113.4375,113.4375,113.4375,113.4375,63.0
2025-06-23 11:36:00+00:00,113.46875,113.46875,113.46875,113.46875,184.0
2025-06-23 11:38:00+00:00,113.5,113.5,113.5,113.5,151.0
2025-06-23 11:39:00+00:00,113.53125,113.53125,113.5,113.5,47.0
2025-06-23 11:40:00+00:00,113.5625,113.5625,113.53125,113.53125,238.0
2025-06-23 11:41:00+00:00,113.5625,113.59375,113.5625,113.5625,247.0
2025-06-23 11:42:00+00:00,113.59375,113.59375,113.5625,113.5625,26.0
2025-06-23 11:43:00+00:00,113.5625,113.59375,113.5625,113.59375,3.0
2025-06-23 11:44:00+00:00,113.5625,113.59375,113.5625,113.59375,7.0
2025-06-23 11:45:00+00:00,113.65625,113.6875,113.59375,113.59375,807.0
2025-06-23 11:46:00+00:00,113.71875,113.71875,113.6875,113.6875,1222.0
2025-06-23 11:47:00+00:00,113.71875,113.71875,113.71875,113.71875,125.0
2025-06-23 11:48:00+00:00,113.75,113.75,113.6875,113.71875,362.0
2025-06-23 11:49:00+00:00,113.75,113.78125,113.75,113.75,270.0
2025-06-23 11:50:00+00:00,113.8125,113.8125,113.78125,113.78125,1365.0
2025-06-23 11:51:00+00:00,113.8125,113.84375,113.78125,113.84375,198.0
2025-06-23 11:52:00+00:00,113.84375,113.84375,113.78125,113.78125,552.0
2025-06-23 11:53:00+00:00,113.84375,113.84375,113.8125,113.84375,751.0
2025-06-23 11:54:00+00:00,113.84375,113.84375,113.84375,113.84375,810.0
2025-06-23 11:55:00+00:00,113.84375,113.875,113.84375,113.84375,256.0
2025-06-23 11:56:00+00:00,113.84375,113.84375,113.84375,113.84375,335.0
2025-06-23 11:57:00+00:00,113.875,113.90625,113.875,113.875,1069.0
2025-06-23 11:58:00+00:00,113.8125,113.875,113.8125,113.875,692.0
2025-06-23 12:02:00+00:00,113.90625,113.9375,113.90625,113.90625,2082.0
2025-06-23 12:03:00+00:00,113.875,113.90625,113.875,113.90625,256.0
2025-06-23 12:04:00+00:00,113.875,113.875,113.84375,113.84375,322.0
2025-06-23 12:05:00+00:00,113.875,113.875,113.84375,113.875,445.0
2025-06-23 12:06:00+00:00,113.84375,113.875,113.84375,113.875,486.0
2025-06-23 12:07:00+00:00,113.84375,113.84375,113.84375,113.84375,190.0
2025-06-23 12:08:00+00:00,113.84375,113.84375,113.84375,113.84375,327.0
2025-06-23 12:09:00+00:00,113.84375,113.875,113.84375,113.84375,828.0
2025-06-23 12:10:00+00:00,113.875,113.875,113.84375,113.875,254.0
2025-06-23 12:11:00+00:00,113.875,113.875,113.875,113.875,112.0
2025-06-23 12:12:00+00:00,113.875,113.90625,113.875,113.875,101.0
2025-06-23 12:13:00+00:00,113.875,113.90625,113.875,113.90625,264.0
2025-06-23 12:14:00+00:00,113.84375,113.90625,113.8125,113.90625,542.0
2025-06-23 12:15:00+00:00,113.84375,113.90625,113.84375,113.84375,329.0
2025-06-23 12:16:00+00:00,113.8125,113.875,113.8125,113.875,85.0
2025-06-23 12:17:00+00:00,113.8125,113.84375,113.8125,113.84375,690.0
2025-06-23 12:18:00+00:00,113.875,113.875,113.84375,113.84375,504.0
2025-06-23 12:19:00+00:00,113.90625,113.90625,113.90625,113.90625,702.0
2025-06-23 12:20:00+00:00,113.875,113.9375,113.875,113.875,411.0
2025-06-23 12:21:00+00:00,113.90625,113.96875,113.90625,113.90625,447.0
2025-06-23 12:22:00+00:00,113.9375,113.9375,113.90625,113.9375,235.0
2025-06-23 12:23:00+00:00,113.9375,113.96875,113.90625,113.9375,618.0
2025-06-23 12:24:00+00:00,114.0,114.0,113.9375,113.96875,272.0
2025-06-23 12:25:00+00:00,113.96875,114.0,113.96875,114.0,567.0
2025-06-23 12:26:00+00:00,114.0,114.0,114.0,114.0,58.0
2025-06-23 12:27:00+00:00,114.0,114.03125,114.0,114.0,900.0
2025-06-23 12:28:00+00:00,114.0,114.03125,114.0,114.0,796.0
2025-06-23 12:29:00+00:00,114.0625,114.0625,114.03125,114.03125,353.0
2025-06-23 12:30:00+00:00,114.125,114.125,114.03125,114.03125,866.0
2025-06-23 12:31:00+00:00,114.09375,114.125,114.09375,114.125,1204.0
2025-06-23 12:32:00+00:00,114.09375,114.15625,114.09375,114.09375,1144.0
2025-06-23 12:33:00+00:00,114.125,114.15625,114.125,114.125,1264.0
2025-06-23 12:34:00+00:00,114.125,114.15625,114.09375,114.125,448.0
2025-06-23 12:35:00+00:00,114.15625,114.15625,114.125,114.15625,43.0
2025-06-23 12:36:00+00:00,114.1875,114.1875,114.15625,114.15625,1632.0
2025-06-23 12:37:00+00:00,114.15625,114.1875,114.125,114.1875,743.0
2025-06-23 12:38:00+00:00,114.15625,114.15625,114.125,114.15625,30.0
2025-06-23 12:39:00+00:00,114.15625,114.15625,114.125,114.15625,19.0
2025-06-23 12:40:00+00:00,114.1875,114.1875,114.15625,114.15625,1433.0
2025-06-23 12:41:00+00:00,114.1875,114.1875,114.15625,114.15625,19.0
2025-06-23 12:42:00+00:00,114.21875,114.25,114.1875,114.1875,1362.0
2025-06-23 12:43:00+00:00,114.21875,114.25,114.1875,114.21875,190.0
2025-06-23 12:44:00+00:00,114.21875,114.21875,114.1875,114.1875,1394.0
2025-06-23 12:45:00+00:00,114.1875,114.25,114.1875,114.1875,1117.0
2025-06-23 12:46:00+00:00,114.21875,114.21875,114.1875,114.21875,118.0
2025-06-23 12:47:00+00:00,114.1875,114.21875,114.1875,114.1875,80.0
2025-06-23 12:48:00+00:00,114.15625,114.21875,114.15625,114.21875,553.0
2025-06-23 12:49:00+00:00,114.125,114.15625,114.09375,114.15625,450.0
2025-06-23 12:50:00+00:00,114.1875,114.1875,114.125,114.125,525.0
2025-06-23 12:51:00+00:00,114.125,114.15625,114.125,114.15625,222.0
2025-06-23 12:52:00+00:00,114.15625,114.1875,114.125,114.15625,157.0
2025-06-23 12:53:00+00:00,114.15625,114.21875,114.15625,114.1875,494.0
2025-06-23 12:54:00+00:00,114.15625,114.1875,114.15625,114.1875,197.0
2025-06-23 12:55:00+00:00,114.15625,114.1875,114.15625,114.15625,839.0
2025-06-23 12:56:00+00:00,114.15625,114.15625,114.125,114.15625,579.0
2025-06-23 12:57:00+00:00,114.15625,114.1875,114.15625,114.15625,87.0
2025-06-23 12:58:00+00:00,114.1875,114.1875,114.15625,114.15625,25.0
2025-06-23 12:59:00+00:00,114.1875,114.1875,114.15625,114.1875,118.0
2025-06-23 13:02:00+00:00,114.125,114.125,114.125,114.125,2082.0
2025-06-23 13:03:00+00:00,114.125,114.15625,114.125,114.15625,1324.0
2025-06-23 13:04:00+00:00,114.125,114.15625,114.125,114.125,56.0
2025-06-23 13:05:00+00:00,114.125,114.15625,114.125,114.125,561.0
2025-06-23 13:06:00+00:00,114.09375,114.125,114.09375,114.125,15.0
2025-06-23 13:07:00+00:00,114.125,114.15625,114.09375,114.125,388.0
2025-06-23 13:08:00+00:00,114.125,114.15625,114.125,114.15625,322.0
2025-06-23 13:09:00+00:00,114.125,114.125,114.125,114.125,2.0
2025-06-23 13:10:00+00:00,114.125,114.15625,114.09375,114.125,927.0
2025-06-23 13:11:00+00:00,114.125,114.15625,114.125,114.15625,458.0
2025-06-23 13:12:00+00:00,114.125,114.125,114.125,114.125,66.0
2025-06-23 13:13:00+00:00,114.1875,114.1875,114.125,114.125,98.0
2025-06-23 13:14:00+00:00,114.15625,114.1875,114.15625,114.1875,91.0
2025-06-23 13:15:00+00:00,114.125,114.1875,114.125,114.1875,749.0
2025-06-23 13:16:00+00:00,114.125,114.125,114.0625,114.125,1025.0
2025-06-23 13:17:00+00:00,114.15625,114.15625,114.125,114.15625,348.0
2025-06-23 13:18:00+00:00,114.15625,114.1875,114.15625,114.15625,267.0
2025-06-23 13:19:00+00:00,114.21875,114.21875,114.1875,114.1875,1463.0
2025-06-23 13:20:00+00:00,114.21875,114.25,114.1875,114.21875,436.0
2025-06-23 13:21:00+00:00,114.1875,114.25,114.1875,114.25,516.0
2025-06-23 13:22:00+00:00,114.1875,114.1875,114.1875,114.1875,1742.0
2025-06-23 13:23:00+00:00,114.1875,114.1875,114.15625,114.1875,561.0
2025-06-23 13:24:00+00:00,114.21875,114.25,114.1875,114.21875,577.0
2025-06-23 13:25:00+00:00,114.1875,114.25,114.1875,114.25,1984.0
2025-06-23 13:26:00+00:00,114.1875,114.21875,114.1875,114.21875,1918.0
2025-06-23 13:27:00+00:00,114.15625,114.1875,114.15625,114.1875,30.0
2025-06-23 13:28:00+00:00,114.1875,114.21875,114.15625,114.15625,494.0
2025-06-23 13:29:00+00:00,114.1875,114.21875,114.1875,114.21875,207.0
2025-06-23 13:30:00+00:00,114.15625,114.1875,114.15625,114.1875,629.0
2025-06-23 13:31:00+00:00,114.125,114.15625,114.125,114.15625,125.0
2025-06-23 13:32:00+00:00,114.125,114.1875,114.125,114.15625,766.0
2025-06-23 13:33:00+00:00,114.15625,114.15625,114.125,114.15625,498.0
2025-06-23 13:34:00+00:00,114.1875,114.1875,114.15625,114.15625,916.0
2025-06-23 13:35:00+00:00,114.15625,114.1875,114.15625,114.1875,740.0
2025-06-23 13:36:00+00:00,114.1875,114.1875,114.1875,114.1875,1270.0
2025-06-23 13:37:00+00:00,114.1875,114.1875,114.15625,114.15625,711.0
2025-06-23 13:38:00+00:00,114.1875,114.21875,114.1875,114.21875,889.0
2025-06-23 13:39:00+00:00,114.21875,114.21875,114.1875,114.21875,788.0
2025-06-23 13:40:00+00:00,114.21875,114.21875,114.1875,114.21875,485.0
2025-06-23 13:41:00+00:00,114.15625,114.21875,114.15625,114.21875,1397.0
2025-06-23 13:42:00+00:00,114.15625,114.1875,114.15625,114.1875,1110.0
2025-06-23 13:43:00+00:00,114.15625,114.1875,114.15625,114.1875,204.0
2025-06-23 13:44:00+00:00,114.1875,114.1875,114.15625,114.15625,356.0
2025-06-23 13:45:00+00:00,114.03125,114.15625,114.03125,114.15625,1891.0
2025-06-23 13:47:00+00:00,114.0625,114.0625,114.03125,114.03125,2188.0
2025-06-23 13:48:00+00:00,114.0625,114.09375,114.0625,114.09375,265.0
2025-06-23 13:49:00+00:00,114.125,114.125,114.0625,114.0625,1220.0
2025-06-23 13:50:00+00:00,114.15625,114.1875,114.125,114.125,2048.0
2025-06-23 13:51:00+00:00,114.15625,114.1875,114.15625,114.15625,1413.0
2025-06-23 13:52:00+00:00,114.15625,114.1875,114.15625,114.15625,485.0
2025-06-23 13:53:00+00:00,114.21875,114.21875,114.1875,114.1875,865.0
2025-06-23 13:54:00+00:00,114.25,114.25,114.21875,114.21875,399.0
2025-06-23 13:55:00+00:00,114.21875,114.28125,114.21875,114.25,632.0
2025-06-23 13:56:00+00:00,114.21875,114.25,114.21875,114.21875,300.0
2025-06-23 13:57:00+00:00,114.21875,114.21875,114.21875,114.21875,985.0
2025-06-23 13:58:00+00:00,114.1875,114.25,114.1875,114.25,356.0
2025-06-23 13:59:00+00:00,114.125,114.1875,114.09375,114.1875,2300.0
2025-06-23 14:00:00+00:00,114.3125,114.34375,114.125,114.125,5721.0
2025-06-23 14:01:00+00:00,114.375,114.4375,114.3125,114.3125,2894.0
2025-06-23 14:02:00+00:00,114.375,114.4375,114.375,114.40625,1864.0
2025-06-23 14:03:00+00:00,114.40625,114.40625,114.34375,114.375,1744.0
2025-06-23 14:04:00+00:00,114.40625,114.4375,114.375,114.40625,1527.0
2025-06-23 14:05:00+00:00,114.40625,114.4375,114.40625,114.40625,635.0
2025-06-23 14:06:00+00:00,114.40625,114.4375,114.40625,114.4375,721.0
2025-06-23 14:07:00+00:00,114.4375,114.4375,114.40625,114.4375,238.0
2025-06-23 14:08:00+00:00,114.46875,114.46875,114.40625,114.40625,1131.0
2025-06-23 14:09:00+00:00,114.46875,114.46875,114.40625,114.46875,965.0
2025-06-23 14:10:00+00:00,114.5,114.5,114.4375,114.46875,1178.0
2025-06-23 14:11:00+00:00,114.46875,114.5,114.46875,114.5,149.0
2025-06-23 14:12:00+00:00,114.5,114.5,114.46875,114.46875,1482.0
2025-06-23 14:13:00+00:00,114.5,114.53125,114.46875,114.46875,1212.0
2025-06-23 14:14:00+00:00,114.53125,114.53125,114.5,114.53125,497.0
2025-06-23 14:15:00+00:00,114.5,114.53125,114.46875,114.53125,770.0
2025-06-23 14:16:00+00:00,114.4375,114.46875,114.40625,114.46875,826.0
2025-06-23 14:19:00+00:00,114.46875,114.46875,114.4375,114.46875,2071.0
2025-06-23 14:20:00+00:00,114.46875,114.5,114.4375,114.46875,355.0
2025-06-23 14:21:00+00:00,114.53125,114.53125,114.46875,114.5,1263.0
2025-06-23 14:22:00+00:00,114.5,114.5,114.4375,114.5,1955.0
2025-06-23 14:23:00+00:00,114.5,114.53125,114.5,114.5,205.0
2025-06-23 14:24:00+00:00,114.5,114.5,114.46875,114.5,82.0
2025-06-23 14:25:00+00:00,114.40625,114.5,114.40625,114.46875,1625.0
2025-06-23 14:26:00+00:00,114.40625,114.4375,114.40625,114.40625,366.0
2025-06-23 14:27:00+00:00,114.4375,114.4375,114.40625,114.40625,1717.0
2025-06-23 14:28:00+00:00,114.4375,114.4375,114.40625,114.40625,208.0
2025-06-23 14:29:00+00:00,114.4375,114.4375,114.375,114.40625,348.0
2025-06-23 14:30:00+00:00,114.375,114.4375,114.375,114.40625,634.0
2025-06-23 14:31:00+00:00,114.40625,114.40625,114.375,114.40625,776.0
2025-06-23 14:32:00+00:00,114.4375,114.4375,114.40625,114.40625,244.0
2025-06-23 14:33:00+00:00,114.4375,114.4375,114.375,114.40625,472.0
2025-06-23 14:34:00+00:00,114.40625,114.4375,114.40625,114.40625,821.0
2025-06-23 14:35:00+00:00,114.4375,114.46875,114.4375,114.4375,760.0
2025-06-23 14:36:00+00:00,114.40625,114.4375,114.40625,114.4375,590.0
2025-06-23 14:37:00+00:00,114.375,114.40625,114.375,114.40625,922.0
2025-06-23 14:38:00+00:00,114.3125,114.375,114.28125,114.375,2592.0
2025-06-23 14:39:00+00:00,114.3125,114.3125,114.28125,114.3125,305.0
2025-06-23 14:40:00+00:00,114.28125,114.3125,114.21875,114.28125,3068.0
2025-06-23 14:41:00+00:00,114.28125,114.28125,114.25,114.25,1525.0
2025-06-23 14:42:00+00:00,114.28125,114.28125,114.25,114.25,754.0
2025-06-23 14:43:00+00:00,114.28125,114.3125,114.28125,114.3125,435.0
2025-06-23 14:44:00+00:00,114.3125,114.3125,114.3125,114.3125,120.0
2025-06-23 14:47:00+00:00,114.34375,114.375,114.34375,114.34375,3274.0
2025-06-23 14:48:00+00:00,114.34375,114.375,114.34375,114.34375,431.0
2025-06-23 14:49:00+00:00,114.375,114.375,114.375,114.375,598.0
2025-06-23 14:50:00+00:00,114.375,114.375,114.375,114.375,57.0
2025-06-23 14:51:00+00:00,114.34375,114.375,114.34375,114.375,768.0
2025-06-23 14:52:00+00:00,114.375,114.375,114.34375,114.375,531.0
2025-06-23 14:53:00+00:00,114.375,114.375,114.34375,114.375,114.0
2025-06-23 14:54:00+00:00,114.375,114.40625,114.375,114.375,1581.0
2025-06-23 14:55:00+00:00,114.4375,114.4375,114.375,114.375,317.0
2025-06-23 14:56:00+00:00,114.34375,114.4375,114.34375,114.4375,2474.0
2025-06-23 14:59:00+00:00,114.34375,114.375,114.34375,114.34375,1464.0
2025-06-23 15:03:00+00:00,114.375,114.40625,114.375,114.40625,1998.0
2025-06-23 15:04:00+00:00,114.375,114.375,114.375,114.375,90.0
2025-06-23 15:06:00+00:00,114.375,114.375,114.375,114.375,346.0
2025-06-23 15:07:00+00:00,114.34375,114.34375,114.34375,114.34375,16.0
2025-06-23 15:09:00+00:00,114.34375,114.34375,114.34375,114.34375,968.0
2025-06-23 15:12:00+00:00,114.4375,114.4375,114.40625,114.40625,718.0
2025-06-23 15:16:00+00:00,114.40625,114.46875,114.40625,114.4375,1330.0
2025-06-23 15:17:00+00:00,114.4375,114.4375,114.40625,114.4375,1224.0
2025-06-23 15:18:00+00:00,114.4375,114.46875,114.4375,114.46875,745.0
2025-06-23 15:19:00+00:00,114.40625,114.40625,114.40625,114.40625,109.0
2025-06-23 15:20:00+00:00,114.4375,114.4375,114.4375,114.4375,813.0
2025-06-23 15:21:00+00:00,114.4375,114.4375,114.4375,114.4375,24.0
2025-06-23 15:22:00+00:00,114.40625,114.40625,114.40625,114.40625,91.0
2025-06-23 15:24:00+00:00,114.40625,114.40625,114.40625,114.40625,851.0
2025-06-23 15:25:00+00:00,114.46875,114.46875,114.40625,114.4375,1213.0
2025-06-23 15:26:00+00:00,114.46875,114.46875,114.46875,114.46875,49.0
2025-06-23 15:29:00+00:00,114.46875,114.46875,114.4375,114.46875,1251.0
2025-06-23 15:30:00+00:00,114.46875,114.46875,114.4375,114.4375,6.0
2025-06-23 15:31:00+00:00,114.46875,114.46875,114.4375,114.46875,15.0
2025-06-23 15:32:00+00:00,114.46875,114.46875,114.46875,114.46875,110.0
2025-06-23 15:34:00+00:00,114.5,114.5,114.46875,114.46875,189.0
2025-06-23 15:35:00+00:00,114.46875,114.5,114.46875,114.46875,557.0
2025-06-23 15:38:00+00:00,114.46875,114.46875,114.46875,114.46875,265.0
2025-06-23 15:39:00+00:00,114.5,114.5,114.46875,114.46875,52.0
2025-06-23 15:40:00+00:00,114.5,114.5,114.46875,114.5,167.0
2025-06-23 15:41:00+00:00,114.46875,114.46875,114.46875,114.46875,1.0
2025-06-23 15:42:00+00:00,114.53125,114.53125,114.46875,114.5,986.0
2025-06-23 15:43:00+00:00,114.53125,114.53125,114.5,114.53125,50.0
2025-06-23 15:44:00+00:00,114.53125,114.53125,114.53125,114.53125,12.0
2025-06-23 15:45:00+00:00,114.5625,114.59375,114.53125,114.53125,2848.0
2025-06-23 15:46:00+00:00,114.53125,114.5625,114.53125,114.5625,12.0
2025-06-23 15:47:00+00:00,114.5625,114.59375,114.5625,114.5625,1558.0
2025-06-23 15:48:00+00:00,114.5625,114.59375,114.5625,114.5625,765.0
2025-06-23 15:49:00+00:00,114.53125,114.5625,114.53125,114.5625,9.0
2025-06-23 15:50:00+00:00,114.5625,114.59375,114.5625,114.5625,764.0
2025-06-23 15:51:00+00:00,114.5625,114.5625,114.53125,114.53125,453.0
2025-06-23 15:52:00+00:00,114.5625,114.59375,114.5625,114.5625,1341.0
2025-06-23 15:53:00+00:00,114.5625,114.5625,114.53125,114.5625,653.0
2025-06-23 15:54:00+00:00,114.59375,114.59375,114.5625,114.5625,875.0
2025-06-23 15:55:00+00:00,114.59375,114.59375,114.5625,114.59375,109.0
2025-06-23 15:56:00+00:00,114.59375,114.59375,114.5625,114.5625,1041.0
2025-06-23 15:57:00+00:00,114.59375,114.59375,114.5625,114.59375,598.0
2025-06-23 15:58:00+00:00,114.5625,114.59375,114.5625,114.5625,816.0
2025-06-23 15:59:00+00:00,114.59375,114.59375,114.5625,114.59375,211.0
2025-06-23 16:00:00+00:00,114.53125,114.59375,114.53125,114.59375,205.0
2025-06-23 16:01:00+00:00,114.59375,114.59375,114.5625,114.5625,246.0
2025-06-23 16:02:00+00:00,114.59375,114.59375,114.59375,114.59375,37.0
2025-06-23 16:03:00+00:00,114.59375,114.59375,114.59375,114.59375,52.0
2025-06-23 16:04:00+00:00,114.59375,114.59375,114.59375,114.59375,444.0
2025-06-23 16:05:00+00:00,114.5625,114.59375,114.5625,114.59375,163.0
2025-06-23 16:06:00+00:00,114.59375,114.625,114.59375,114.59375,337.0
2025-06-23 16:07:00+00:00,114.59375,114.59375,114.59375,114.59375,134.0
2025-06-23 16:08:00+00:00,114.59375,114.59375,114.59375,114.59375,10.0
2025-06-23 16:09:00+00:00,114.59375,114.59375,114.5625,114.5625,175.0
2025-06-23 16:12:00+00:00,114.59375,114.625,114.59375,114.59375,924.0
2025-06-23 16:13:00+00:00,114.59375,114.625,114.59375,114.59375,358.0
2025-06-23 16:14:00+00:00,114.59375,114.625,114.59375,114.625,523.0
2025-06-23 16:15:00+00:00,114.625,114.625,114.59375,114.59375,1363.0
2025-06-23 16:16:00+00:00,114.59375,114.625,114.59375,114.625,24.0
2025-06-23 16:17:00+00:00,114.625,114.625,114.625,114.625,643.0
2025-06-23 16:18:00+00:00,114.625,114.65625,114.59375,114.625,570.0
2025-06-23 16:19:00+00:00,114.59375,114.625,114.59375,114.625,252.0
2025-06-23 16:20:00+00:00,114.59375,114.625,114.59375,114.625,5.0
2025-06-23 16:21:00+00:00,114.59375,114.625,114.59375,114.625,138.0
2025-06-23 16:22:00+00:00,114.59375,114.625,114.59375,114.59375,365.0
2025-06-23 16:23:00+00:00,114.59375,114.625,114.59375,114.59375,737.0
2025-06-23 16:24:00+00:00,114.59375,114.59375,114.59375,114.59375,42.0
2025-06-23 16:25:00+00:00,114.5625,114.59375,114.5625,114.59375,380.0
2025-06-23 16:26:00+00:00,114.625,114.625,114.59375,114.59375,565.0
2025-06-23 16:27:00+00:00,114.625,114.625,114.625,114.625,1221.0
2025-06-23 16:28:00+00:00,114.59375,114.625,114.59375,114.625,17.0
2025-06-23 16:29:00+00:00,114.65625,114.65625,114.625,114.625,1007.0
2025-06-23 16:30:00+00:00,114.625,114.65625,114.625,114.625,21.0
2025-06-23 16:31:00+00:00,114.6875,114.6875,114.65625,114.65625,490.0
2025-06-23 16:32:00+00:00,114.6875,114.6875,114.65625,114.6875,37.0
2025-06-23 16:33:00+00:00,114.6875,114.6875,114.65625,114.6875,10.0
2025-06-23 16:34:00+00:00,114.71875,114.71875,114.6875,114.6875,286.0
2025-06-23 16:35:00+00:00,114.6875,114.6875,114.6875,114.6875,1993.0
2025-06-23 16:36:00+00:00,114.71875,114.71875,114.6875,114.71875,1130.0
2025-06-23 16:37:00+00:00,114.625,114.71875,114.625,114.71875,3384.0
2025-06-23 16:38:00+00:00,114.6875,114.6875,114.625,114.65625,882.0
2025-06-23 16:39:00+00:00,114.59375,114.65625,114.59375,114.65625,1299.0
2025-06-23 16:40:00+00:00,114.625,114.625,114.59375,114.59375,2167.0
2025-06-23 16:41:00+00:00,114.5625,114.625,114.5625,114.625,1448.0
2025-06-23 16:42:00+00:00,114.5,114.59375,114.5,114.5625,1317.0
2025-06-23 16:43:00+00:00,114.53125,114.5625,114.5,114.53125,575.0
2025-06-23 16:44:00+00:00,114.53125,114.53125,114.5,114.53125,183.0
2025-06-23 16:46:00+00:00,114.53125,114.53125,114.5,114.5,849.0
2025-06-23 16:47:00+00:00,114.5625,114.59375,114.5625,114.5625,1184.0
2025-06-23 16:48:00+00:00,114.59375,114.625,114.5625,114.5625,707.0
2025-06-23 16:52:00+00:00,114.625,114.625,114.59375,114.625,985.0
2025-06-23 16:53:00+00:00,114.5625,114.625,114.5625,114.625,347.0
2025-06-23 16:54:00+00:00,114.5625,114.5625,114.5625,114.5625,3.0
2025-06-23 16:55:00+00:00,114.59375,114.59375,114.59375,114.59375,912.0
2025-06-23 16:56:00+00:00,114.625,114.625,114.59375,114.59375,291.0
2025-06-23 16:57:00+00:00,114.59375,114.625,114.59375,114.625,511.0
2025-06-23 16:58:00+00:00,114.625,114.625,114.625,114.625,11.0
2025-06-23 16:59:00+00:00,114.625,114.625,114.59375,114.625,762.0
2025-06-23 17:00:00+00:00,114.625,114.625,114.625,114.625,2.0
2025-06-23 17:01:00+00:00,114.625,114.65625,114.59375,114.625,628.0
2025-06-23 17:02:00+00:00,114.59375,114.625,114.59375,114.625,900.0
2025-06-23 17:03:00+00:00,114.5625,114.625,114.5625,114.59375,378.0
2025-06-23 17:04:00+00:00,114.59375,114.59375,114.53125,114.5625,595.0
2025-06-23 17:05:00+00:00,114.53125,114.5625,114.53125,114.5625,611.0
2025-06-23 17:06:00+00:00,114.53125,114.5625,114.53125,114.5625,1017.0
2025-06-23 17:07:00+00:00,114.53125,114.53125,114.5,114.53125,813.0
2025-06-23 17:08:00+00:00,114.5,114.53125,114.5,114.53125,651.0
2025-06-23 17:09:00+00:00,114.5,114.53125,114.46875,114.5,646.0
2025-06-23 17:10:00+00:00,114.5,114.5,114.46875,114.5,568.0
2025-06-23 17:11:00+00:00,114.53125,114.53125,114.5,114.5,87.0
2025-06-23 17:12:00+00:00,114.53125,114.53125,114.53125,114.53125,55.0
2025-06-23 17:13:00+00:00,114.53125,114.53125,114.53125,114.53125,30.0
2025-06-23 17:14:00+00:00,114.46875,114.53125,114.46875,114.53125,672.0
2025-06-23 17:15:00+00:00,114.4375,114.46875,114.4375,114.46875,357.0
2025-06-23 17:16:00+00:00,114.40625,114.4375,114.40625,114.4375,962.0
2025-06-23 17:17:00+00:00,114.40625,114.4375,114.40625,114.40625,99.0
2025-06-23 17:18:00+00:00,114.46875,114.46875,114.4375,114.4375,591.0
2025-06-23 17:19:00+00:00,114.5,114.5,114.46875,114.46875,320.0
2025-06-23 17:20:00+00:00,114.5,114.5,114.5,114.5,33.0
2025-06-23 17:21:00+00:00,114.5,114.5,114.46875,114.5,24.0
2025-06-23 17:22:00+00:00,114.46875,114.5,114.46875,114.5,616.0
2025-06-23 17:23:00+00:00,114.46875,114.5,114.46875,114.46875,30.0
2025-06-23 17:24:00+00:00,114.4375,114.46875,114.4375,114.46875,27.0
2025-06-23 17:25:00+00:00,114.5,114.5,114.4375,114.4375,452.0
2025-06-23 17:26:00+00:00,114.53125,114.53125,114.5,114.53125,147.0
2025-06-23 17:27:00+00:00,114.5,114.53125,114.5,114.53125,40.0
2025-06-23 17:28:00+00:00,114.5,114.5,114.5,114.5,757.0
2025-06-23 17:29:00+00:00,114.5,114.5,114.46875,114.46875,74.0
2025-06-23 17:30:00+00:00,114.46875,114.46875,114.4375,114.46875,403.0
2025-06-23 17:35:00+00:00,114.46875,114.5,114.46875,114.46875,1322.0
2025-06-23 17:36:00+00:00,114.5,114.5,114.46875,114.46875,121.0
2025-06-23 17:37:00+00:00,114.46875,114.46875,114.46875,114.46875,321.0
2025-06-23 17:38:00+00:00,114.5,114.5,114.46875,114.46875,83.0
2025-06-23 17:39:00+00:00,114.5,114.5,114.46875,114.46875,138.0
2025-06-23 17:40:00+00:00,114.5,114.5,114.5,114.5,524.0
2025-06-23 17:41:00+00:00,114.5625,114.5625,114.5,114.53125,363.0
2025-06-23 17:42:00+00:00,114.5625,114.5625,114.53125,114.5625,707.0
2025-06-23 17:43:00+00:00,114.5625,114.5625,114.53125,114.5625,188.0
2025-06-23 17:44:00+00:00,114.5625,114.5625,114.5625,114.5625,74.0
2025-06-23 17:45:00+00:00,114.53125,114.5625,114.53125,114.5625,160.0
2025-06-23 17:46:00+00:00,114.53125,114.5625,114.53125,114.53125,256.0
2025-06-23 17:47:00+00:00,114.59375,114.59375,114.5625,114.5625,1712.0
2025-06-23 17:48:00+00:00,114.5625,114.5625,114.5625,114.5625,358.0
2025-06-23 17:49:00+00:00,114.5625,114.5625,114.5625,114.5625,256.0
2025-06-23 17:50:00+00:00,114.5625,114.5625,114.5625,114.5625,376.0
2025-06-23 17:51:00+00:00,114.5625,114.5625,114.5625,114.5625,144.0
2025-06-23 17:52:00+00:00,114.59375,114.59375,114.59375,114.59375,25.0
2025-06-23 17:53:00+00:00,114.59375,114.59375,114.59375,114.59375,2.0
2025-06-23 17:54:00+00:00,114.5625,114.59375,114.5625,114.59375,510.0
2025-06-23 17:55:00+00:00,114.59375,114.59375,114.5625,114.5625,1989.0
2025-06-23 17:56:00+00:00,114.5625,114.59375,114.5625,114.59375,984.0
2025-06-23 17:57:00+00:00,114.5625,114.59375,114.5625,114.5625,359.0
2025-06-23 17:58:00+00:00,114.53125,114.5625,114.53125,114.5625,288.0
2025-06-23 17:59:00+00:00,114.5625,114.59375,114.5625,114.5625,154.0
2025-06-23 18:00:00+00:00,114.5625,114.5625,114.53125,114.5625,534.0
2025-06-23 18:01:00+00:00,114.59375,114.59375,114.5625,114.59375,401.0
2025-06-23 18:02:00+00:00,114.59375,114.59375,114.5625,114.59375,80.0
2025-06-23 18:03:00+00:00,114.59375,114.59375,114.5625,114.5625,498.0
2025-06-23 18:04:00+00:00,114.59375,114.625,114.59375,114.59375,475.0
2025-06-23 18:05:00+00:00,114.59375,114.625,114.59375,114.59375,107.0
2025-06-23 18:06:00+00:00,114.59375,114.625,114.5625,114.59375,410.0
2025-06-23 18:07:00+00:00,114.625,114.625,114.5625,114.59375,758.0
2025-06-23 18:09:00+00:00,114.59375,114.59375,114.59375,114.59375,1702.0
2025-06-23 18:10:00+00:00,114.5625,114.59375,114.5625,114.59375,391.0
2025-06-23 18:11:00+00:00,114.5625,114.59375,114.5625,114.5625,93.0
2025-06-23 18:12:00+00:00,114.59375,114.59375,114.5625,114.5625,43.0
2025-06-23 18:13:00+00:00,114.625,114.625,114.5625,114.59375,438.0
2025-06-23 18:14:00+00:00,114.5625,114.59375,114.5625,114.59375,449.0
2025-06-23 18:15:00+00:00,114.5,114.53125,114.5,114.53125,1056.0
2025-06-23 18:16:00+00:00,114.46875,114.5,114.46875,114.5,2160.0
2025-06-23 18:17:00+00:00,114.46875,114.46875,114.4375,114.46875,5.0
2025-06-23 18:18:00+00:00,114.46875,114.46875,114.4375,114.4375,89.0
2025-06-23 18:19:00+00:00,114.46875,114.46875,114.4375,114.46875,1688.0
2025-06-23 18:20:00+00:00,114.46875,114.46875,114.40625,114.4375,1058.0
2025-06-23 18:21:00+00:00,114.4375,114.46875,114.4375,114.4375,341.0
2025-06-23 18:22:00+00:00,114.46875,114.46875,114.46875,114.46875,785.0
2025-06-23 18:23:00+00:00,114.4375,114.46875,114.4375,114.46875,39.0
2025-06-23 18:24:00+00:00,114.46875,114.46875,114.46875,114.46875,621.0
2025-06-23 18:25:00+00:00,114.5,114.5,114.5,114.5,1.0
2025-06-23 18:26:00+00:00,114.46875,114.46875,114.46875,114.46875,41.0
2025-06-23 18:27:00+00:00,114.46875,114.46875,114.46875,114.46875,424.0
2025-06-23 18:28:00+00:00,114.4375,114.46875,114.4375,114.4375,14.0
2025-06-23 18:29:00+00:00,114.5,114.5,114.4375,114.46875,185.0
2025-06-23 18:31:00+00:00,114.46875,114.5,114.46875,114.5,560.0
2025-06-23 18:32:00+00:00,114.40625,114.46875,114.40625,114.46875,622.0
2025-06-23 18:33:00+00:00,114.40625,114.46875,114.40625,114.40625,1758.0
2025-06-23 18:34:00+00:00,114.34375,114.40625,114.34375,114.40625,1234.0
2025-06-23 18:35:00+00:00,114.40625,114.40625,114.375,114.375,85.0
2025-06-23 18:40:00+00:00,114.3125,114.34375,114.3125,114.34375,2378.0
2025-06-23 18:41:00+00:00,114.34375,114.34375,114.3125,114.3125,21.0
2025-06-23 18:42:00+00:00,114.34375,114.34375,114.3125,114.34375,436.0
2025-06-23 18:43:00+00:00,114.34375,114.375,114.34375,114.375,25.0
2025-06-23 18:44:00+00:00,114.34375,114.34375,114.34375,114.34375,450.0
2025-06-23 18:45:00+00:00,114.40625,114.40625,114.34375,114.34375,491.0
2025-06-23 18:46:00+00:00,114.40625,114.40625,114.40625,114.40625,184.0
2025-06-23 18:47:00+00:00,114.40625,114.4375,114.40625,114.40625,244.0
2025-06-23 18:48:00+00:00,114.40625,114.40625,114.40625,114.40625,32.0
2025-06-23 18:49:00+00:00,114.375,114.40625,114.375,114.40625,41.0
2025-06-23 18:50:00+00:00,114.375,114.375,114.375,114.375,457.0
2025-06-23 18:51:00+00:00,114.34375,114.375,114.34375,114.375,228.0
2025-06-23 18:52:00+00:00,114.375,114.375,114.375,114.375,616.0
2025-06-23 18:53:00+00:00,114.375,114.375,114.375,114.375,5.0
2025-06-23 18:54:00+00:00,114.375,114.375,114.375,114.375,659.0
2025-06-23 18:55:00+00:00,114.40625,114.40625,114.375,114.375,330.0
2025-06-23 18:56:00+00:00,114.40625,114.4375,114.375,114.40625,1016.0
2025-06-23 18:57:00+00:00,114.40625,114.4375,114.375,114.40625,918.0
2025-06-23 18:58:00+00:00,114.34375,114.40625,114.3125,114.40625,3197.0
2025-06-23 18:59:00+00:00,114.34375,114.375,114.3125,114.34375,5635.0
2025-06-23 19:00:00+00:00,114.3125,114.375,114.3125,114.34375,1986.0
2025-06-23 19:01:00+00:00,114.3125,114.3125,114.28125,114.3125,1385.0
2025-06-23 19:02:00+00:00,114.34375,114.34375,114.3125,114.3125,410.0
2025-06-23 19:03:00+00:00,114.3125,114.34375,114.28125,114.34375,508.0
2025-06-23 19:04:00+00:00,114.3125,114.3125,114.28125,114.28125,21.0
2025-06-23 19:05:00+00:00,114.28125,114.28125,114.28125,114.28125,11.0
2025-06-23 19:06:00+00:00,114.3125,114.3125,114.28125,114.28125,11.0
2025-06-23 19:07:00+00:00,114.3125,114.3125,114.28125,114.28125,25.0
2025-06-23 19:08:00+00:00,114.28125,114.28125,114.28125,114.28125,109.0
2025-06-23 19:09:00+00:00,114.25,114.28125,114.25,114.28125,1414.0
2025-06-23 19:10:00+00:00,114.28125,114.28125,114.25,114.25,968.0
2025-06-23 19:11:00+00:00,114.25,114.3125,114.25,114.28125,704.0
2025-06-23 19:12:00+00:00,114.25,114.28125,114.25,114.25,1129.0
2025-06-23 19:13:00+00:00,114.25,114.25,114.25,114.25,379.0
2025-06-23 19:14:00+00:00,114.21875,114.25,114.21875,114.21875,1610.0
2025-06-23 19:15:00+00:00,114.21875,114.21875,114.21875,114.21875,281.0
2025-06-23 19:16:00+00:00,114.25,114.25,114.1875,114.1875,649.0
2025-06-23 19:17:00+00:00,114.21875,114.21875,114.21875,114.21875,104.0
2025-06-23 19:18:00+00:00,114.21875,114.21875,114.21875,114.21875,17.0
2025-06-23 19:19:00+00:00,114.25,114.25,114.1875,114.21875,258.0
2025-06-23 19:20:00+00:00,114.21875,114.25,114.21875,114.25,40.0
2025-06-23 19:21:00+00:00,114.21875,114.25,114.1875,114.21875,888.0
2025-06-23 19:22:00+00:00,114.21875,114.21875,114.21875,114.21875,5.0
2025-06-23 19:23:00+00:00,114.1875,114.21875,114.1875,114.21875,12.0
2025-06-23 19:24:00+00:00,114.1875,114.21875,114.1875,114.21875,125.0
2025-06-23 19:25:00+00:00,114.1875,114.1875,114.1875,114.1875,1173.0
2025-06-23 19:26:00+00:00,114.1875,114.21875,114.1875,114.21875,38.0
2025-06-23 19:27:00+00:00,114.1875,114.1875,114.1875,114.1875,2.0
2025-06-23 19:28:00+00:00,114.15625,114.1875,114.15625,114.1875,402.0
2025-06-23 19:29:00+00:00,114.1875,114.1875,114.1875,114.1875,265.0
2025-06-23 19:30:00+00:00,114.1875,114.1875,114.1875,114.1875,100.0
2025-06-23 19:31:00+00:00,114.21875,114.21875,114.1875,114.1875,262.0
2025-06-23 19:33:00+00:00,114.1875,114.1875,114.1875,114.1875,274.0
2025-06-23 19:34:00+00:00,114.15625,114.1875,114.15625,114.1875,1051.0
2025-06-23 19:35:00+00:00,114.15625,114.15625,114.125,114.15625,751.0
2025-06-23 19:36:00+00:00,114.15625,114.15625,114.15625,114.15625,99.0
2025-06-23 19:37:00+00:00,114.125,114.15625,114.125,114.15625,9.0
2025-06-23 19:38:00+00:00,114.15625,114.15625,114.15625,114.15625,717.0
2025-06-23 19:39:00+00:00,114.15625,114.15625,114.15625,114.15625,74.0
2025-06-23 19:40:00+00:00,114.125,114.15625,114.125,114.15625,405.0
2025-06-23 19:41:00+00:00,114.15625,114.15625,114.125,114.125,458.0
2025-06-23 19:43:00+00:00,114.15625,114.15625,114.15625,114.15625,363.0
2025-06-23 19:46:00+00:00,114.125,114.125,114.125,114.125,49.0
2025-06-23 19:48:00+00:00,114.125,114.15625,114.125,114.15625,567.0
2025-06-23 19:49:00+00:00,114.09375,114.125,114.09375,114.125,636.0
2025-06-23 19:50:00+00:00,114.09375,114.125,114.09375,114.125,7.0
2025-06-23 19:51:00+00:00,114.09375,114.125,114.09375,114.09375,63.0
2025-06-23 19:52:00+00:00,114.09375,114.09375,114.09375,114.09375,1146.0
2025-06-23 19:53:00+00:00,114.125,114.125,114.125,114.125,288.0
2025-06-23 19:54:00+00:00,114.125,114.125,114.09375,114.09375,792.0
2025-06-23 19:55:00+00:00,114.09375,114.125,114.09375,114.125,73.0
2025-06-23 19:56:00+00:00,114.09375,114.125,114.09375,114.125,1347.0
2025-06-23 19:57:00+00:00,114.09375,114.09375,114.0625,114.0625,798.0
2025-06-23 19:58:00+00:00,114.09375,114.125,114.09375,114.09375,288.0
2025-06-23 19:59:00+00:00,114.09375,114.125,114.0625,114.09375,2645.0
2025-06-23 20:00:00+00:00,114.125,114.15625,114.09375,114.09375,1735.0
2025-06-23 20:01:00+00:00,114.125,114.15625,114.125,114.125,14.0
2025-06-23 20:02:00+00:00,114.125,114.125,114.125,114.125,17.0
2025-06-23 20:03:00+00:00,114.125,114.125,114.09375,114.125,650.0
2025-06-23 20:04:00+00:00,114.15625,114.15625,114.15625,114.15625,10.0
2025-06-23 20:05:00+00:00,114.125,114.15625,114.125,114.15625,280.0
2025-06-23 20:06:00+00:00,114.125,114.125,114.09375,114.125,16.0
2025-06-23 20:07:00+00:00,114.09375,114.125,114.09375,114.125,228.0
2025-06-23 20:08:00+00:00,114.125,114.125,114.125,114.125,42.0
2025-06-23 20:10:00+00:00,114.09375,114.125,114.09375,114.125,485.0
2025-06-23 20:11:00+00:00,114.09375,114.09375,114.09375,114.09375,20.0
2025-06-23 20:12:00+00:00,114.09375,114.09375,114.0625,114.0625,455.0
2025-06-23 20:14:00+00:00,114.0625,114.0625,114.0625,114.0625,8.0
2025-06-23 20:15:00+00:00,114.09375,114.09375,114.0625,114.09375,625.0
2025-06-23 20:16:00+00:00,114.09375,114.09375,114.0625,114.09375,43.0
2025-06-23 20:17:00+00:00,114.09375,114.09375,114.0625,114.09375,176.0
2025-06-23 20:18:00+00:00,114.09375,114.09375,114.09375,114.09375,8.0
2025-06-23 20:19:00+00:00,114.09375,114.09375,114.09375,114.09375,10.0
2025-06-23 20:20:00+00:00,114.09375,114.09375,114.09375,114.09375,9.0
2025-06-23 20:25:00+00:00,114.125,114.125,114.09375,114.09375,1307.0
2025-06-23 20:26:00+00:00,114.125,114.125,114.09375,114.09375,11.0
2025-06-23 20:27:00+00:00,114.09375,114.125,114.09375,114.125,61.0
2025-06-23 20:28:00+00:00,114.125,114.125,114.09375,114.09375,122.0
2025-06-23 20:29:00+00:00,114.09375,114.125,114.09375,114.125,329.0
2025-06-23 20:30:00+00:00,114.125,114.125,114.09375,114.09375,13.0
2025-06-23 20:31:00+00:00,114.09375,114.125,114.09375,114.125,11.0
2025-06-23 20:32:00+00:00,114.09375,114.09375,114.09375,114.09375,11.0
2025-06-23 20:34:00+00:00,114.09375,114.09375,114.09375,114.09375,26.0
2025-06-23 20:35:00+00:00,114.09375,114.09375,114.09375,114.09375,18.0
2025-06-23 20:36:00+00:00,114.125,114.125,114.125,114.125,62.0
2025-06-23 20:37:00+00:00,114.09375,114.09375,114.09375,114.09375,66.0
2025-06-23 20:40:00+00:00,114.09375,114.09375,114.09375,114.09375,34.0
2025-06-23 20:42:00+00:00,114.09375,114.09375,114.09375,114.09375,1343.0
2025-06-23 20:43:00+00:00,114.09375,114.09375,114.09375,114.09375,12.0
2025-06-23 20:44:00+00:00,114.09375,114.09375,114.09375,114.09375,136.0
2025-06-23 20:46:00+00:00,114.09375,114.09375,114.09375,114.09375,55.0
2025-06-23 20:47:00+00:00,114.09375,114.125,114.09375,114.09375,812.0
2025-06-23 20:48:00+00:00,114.0625,114.0625,114.0625,114.0625,493.0
2025-06-23 20:49:00+00:00,114.0625,114.0625,114.03125,114.03125,584.0
2025-06-23 20:50:00+00:00,114.0625,114.0625,114.03125,114.03125,320.0
2025-06-23 20:51:00+00:00,114.0625,114.0625,114.03125,114.0625,198.0
2025-06-23 20:52:00+00:00,114.0625,114.0625,114.03125,114.0625,99.0
2025-06-23 20:53:00+00:00,114.0625,114.09375,114.03125,114.0625,332.0
2025-06-23 20:54:00+00:00,114.09375,114.09375,114.0625,114.09375,12.0
2025-06-23 20:55:00+00:00,114.0625,114.09375,114.0625,114.0625,130.0
2025-06-23 20:56:00+00:00,114.0625,114.0625,114.0625,114.0625,93.0
2025-06-23 20:57:00+00:00,114.0625,114.0625,114.0625,114.0625,299.0
2025-06-23 20:58:00+00:00,114.03125,114.03125,114.03125,114.03125,75.0
2025-06-23 20:59:00+00:00,114.03125,114.0625,114.03125,114.03125,551.0
2025-06-23 22:00:00+00:00,114.0625,114.0625,114.03125,114.03125,0.0
2025-06-23 22:02:00+00:00,114.0625,114.0625,114.0625,114.0625,71.0
2025-06-23 22:03:00+00:00,114.0,114.0625,114.0,114.0625,244.0
2025-06-23 22:04:00+00:00,114.0,114.0,113.96875,114.0,112.0
2025-06-23 22:05:00+00:00,114.0,114.0,114.0,114.0,100.0
2025-06-23 22:06:00+00:00,114.0625,114.0625,114.0,114.0,136.0
2025-06-23 22:07:00+00:00,114.09375,114.125,114.03125,114.03125,386.0
2025-06-23 22:08:00+00:00,114.125,114.125,114.09375,114.09375,100.0
2025-06-23 22:09:00+00:00,114.15625,114.15625,114.125,114.125,11.0
2025-06-23 22:10:00+00:00,114.09375,114.125,114.09375,114.125,202.0
2025-06-23 22:11:00+00:00,114.0625,114.09375,114.0625,114.09375,84.0
2025-06-23 22:16:00+00:00,114.09375,114.09375,114.09375,114.09375,133.0
2025-06-23 22:17:00+00:00,114.09375,114.125,114.09375,114.125,56.0
2025-06-23 22:18:00+00:00,114.125,114.125,114.125,114.125,116.0
2025-06-23 22:19:00+00:00,114.125,114.125,114.09375,114.09375,111.0
2025-06-23 22:20:00+00:00,114.125,114.15625,114.09375,114.09375,86.0
2025-06-23 22:22:00+00:00,114.0625,114.09375,114.0625,114.0625,97.0
2025-06-23 22:23:00+00:00,114.0625,114.0625,114.03125,114.0625,30.0
2025-06-23 22:24:00+00:00,114.03125,114.0625,114.03125,114.03125,148.0
2025-06-23 22:25:00+00:00,114.0625,114.0625,114.03125,114.03125,93.0
2025-06-23 22:26:00+00:00,114.0,114.03125,114.0,114.03125,75.0
2025-06-23 22:27:00+00:00,113.96875,114.03125,113.9375,114.0,1441.0
2025-06-23 22:28:00+00:00,113.96875,114.0,113.96875,113.96875,45.0
2025-06-23 22:29:00+00:00,113.96875,113.96875,113.96875,113.96875,15.0
2025-06-23 22:30:00+00:00,114.0,114.0,113.96875,113.96875,7.0
2025-06-23 22:31:00+00:00,114.03125,114.03125,113.96875,113.96875,121.0
2025-06-23 22:32:00+00:00,114.03125,114.03125,114.0,114.0,28.0
2025-06-23 22:33:00+00:00,114.03125,114.03125,114.03125,114.03125,9.0
2025-06-23 22:36:00+00:00,114.03125,114.03125,114.03125,114.03125,8.0
2025-06-23 22:39:00+00:00,114.03125,114.03125,114.03125,114.03125,159.0
2025-06-23 22:41:00+00:00,114.0,114.0,114.0,114.0,2.0
2025-06-23 22:42:00+00:00,114.03125,114.03125,114.03125,114.03125,61.0
2025-06-23 22:43:00+00:00,114.03125,114.03125,114.03125,114.03125,185.0
2025-06-23 22:44:00+00:00,114.03125,114.03125,114.03125,114.03125,44.0
2025-06-23 22:45:00+00:00,114.03125,114.03125,114.03125,114.03125,13.0
2025-06-23 22:46:00+00:00,114.03125,114.0625,114.03125,114.0625,10.0
2025-06-23 22:47:00+00:00,114.03125,114.03125,114.03125,114.03125,2.0
2025-06-23 22:51:00+00:00,114.03125,114.03125,114.03125,114.03125,21.0
2025-06-23 22:53:00+00:00,114.0,114.0,114.0,114.0,13.0
2025-06-23 22:54:00+00:00,114.0,114.0,114.0,114.0,8.0
2025-06-23 22:57:00+00:00,114.0,114.0,114.0,114.0,31.0
2025-06-23 23:00:00+00:00,114.0,114.0,114.0,114.0,87.0
2025-06-23 23:03:00+00:00,113.96875,113.96875,113.96875,113.96875,25.0
2025-06-23 23:04:00+00:00,113.96875,113.96875,113.96875,113.96875,51.0
2025-06-23 23:05:00+00:00,113.96875,114.0,113.96875,114.0,8.0
2025-06-23 23:07:00+00:00,113.96875,113.96875,113.96875,113.96875,2.0
2025-06-23 23:10:00+00:00,113.96875,113.96875,113.96875,113.96875,5.0
2025-06-23 23:19:00+00:00,114.0,114.0,114.0,114.0,20.0
2025-06-23 23:20:00+00:00,114.0,114.0,114.0,114.0,1.0
2025-06-23 23:21:00+00:00,114.0,114.0,114.0,114.0,24.0
2025-06-23 23:23:00+00:00,114.0,114.0,114.0,114.0,14.0
2025-06-23 23:24:00+00:00,113.96875,113.96875,113.96875,113.96875,12.0
2025-06-23 23:25:00+00:00,114.0,114.0,114.0,114.0,15.0
2025-06-23 23:29:00+00:00,114.0,114.0,114.0,114.0,49.0
2025-06-23 23:30:00+00:00,113.96875,114.0,113.96875,114.0,17.0
2025-06-23 23:31:00+00:00,113.96875,114.0,113.96875,114.0,23.0
2025-06-23 23:35:00+00:00,113.96875,113.96875,113.96875,113.96875,27.0
2025-06-23 23:36:00+00:00,113.9375,113.9375,113.9375,113.9375,64.0
2025-06-23 23:37:00+00:00,113.9375,113.9375,113.9375,113.9375,16.0
2025-06-23 23:38:00+00:00,113.9375,113.9375,113.9375,113.9375,59.0
2025-06-23 23:39:00+00:00,113.9375,113.9375,113.90625,113.9375,37.0
2025-06-23 23:40:00+00:00,113.9375,113.9375,113.9375,113.9375,15.0
2025-06-23 23:42:00+00:00,113.9375,113.9375,113.9375,113.9375,24.0
2025-06-23 23:43:00+00:00,113.96875,113.96875,113.9375,113.9375,97.0
2025-06-23 23:44:00+00:00,113.9375,113.96875,113.9375,113.96875,4.0
2025-06-23 23:46:00+00:00,113.96875,113.96875,113.96875,113.96875,83.0
2025-06-23 23:49:00+00:00,113.96875,113.96875,113.9375,113.9375,51.0
2025-06-23 23:50:00+00:00,113.96875,113.96875,113.96875,113.96875,26.0
2025-06-23 23:51:00+00:00,113.96875,113.96875,113.96875,113.96875,16.0
2025-06-23 23:52:00+00:00,113.96875,113.96875,113.96875,113.96875,13.0
2025-06-23 23:53:00+00:00,113.9375,113.96875,113.9375,113.96875,33.0
2025-06-23 23:55:00+00:00,113.9375,113.9375,113.9375,113.9375,4.0
2025-06-23 23:56:00+00:00,113.9375,113.96875,113.9375,113.96875,17.0
2025-06-24 00:00:00+00:00,114.0,114.0,113.96875,113.96875,34.0
2025-06-24 00:02:00+00:00,114.0,114.03125,114.0,114.03125,130.0
2025-06-24 00:04:00+00:00,114.03125,114.03125,114.03125,114.03125,11.0
2025-06-24 00:05:00+00:00,113.96875,114.03125,113.96875,114.03125,171.0
2025-06-24 00:06:00+00:00,113.96875,113.96875,113.96875,113.96875,86.0
2025-06-24 00:07:00+00:00,113.9375,113.9375,113.9375,113.9375,55.0
2025-06-24 00:08:00+00:00,113.9375,113.9375,113.9375,113.9375,99.0
2025-06-24 00:09:00+00:00,113.9375,113.9375,113.9375,113.9375,43.0
2025-06-24 00:10:00+00:00,113.9375,113.9375,113.9375,113.9375,13.0
2025-06-24 00:13:00+00:00,113.90625,113.90625,113.90625,113.90625,70.0
2025-06-24 00:15:00+00:00,113.96875,113.96875,113.9375,113.9375,136.0
2025-06-24 00:16:00+00:00,113.96875,114.0,113.96875,114.0,24.0
2025-06-24 00:17:00+00:00,113.96875,114.0,113.96875,113.96875,50.0
2025-06-24 00:18:00+00:00,113.96875,113.96875,113.96875,113.96875,135.0
2025-06-24 00:19:00+00:00,114.0,114.0,114.0,114.0,88.0
2025-06-24 00:20:00+00:00,113.9375,114.0,113.9375,114.0,144.0
2025-06-24 00:21:00+00:00,113.9375,113.9375,113.9375,113.9375,32.0
2025-06-24 00:22:00+00:00,113.9375,113.9375,113.9375,113.9375,77.0
2025-06-24 00:26:00+00:00,113.9375,113.9375,113.9375,113.9375,34.0
2025-06-24 00:27:00+00:00,113.96875,113.96875,113.96875,113.96875,65.0
2025-06-24 00:28:00+00:00,113.9375,113.9375,113.9375,113.9375,37.0
2025-06-24 00:30:00+00:00,113.96875,113.96875,113.96875,113.96875,49.0
2025-06-24 00:32:00+00:00,113.96875,113.96875,113.96875,113.96875,20.0
2025-06-24 00:33:00+00:00,114.0,114.0,114.0,114.0,48.0
2025-06-24 00:34:00+00:00,113.96875,114.0,113.96875,114.0,13.0
2025-06-24 00:35:00+00:00,113.96875,114.0,113.96875,114.0,3.0
2025-06-24 00:36:00+00:00,114.0,114.0,113.96875,113.96875,37.0
2025-06-24 00:37:00+00:00,114.03125,114.03125,114.0,114.0,73.0
2025-06-24 00:38:00+00:00,114.03125,114.0625,114.03125,114.03125,44.0
2025-06-24 00:39:00+00:00,114.0625,114.0625,114.03125,114.03125,51.0
2025-06-24 00:40:00+00:00,114.0625,114.0625,114.0625,114.0625,153.0
2025-06-24 00:41:00+00:00,114.0625,114.0625,114.0625,114.0625,61.0
2025-06-24 00:42:00+00:00,114.03125,114.0625,114.03125,114.0625,19.0
2025-06-24 00:43:00+00:00,114.03125,114.0625,114.03125,114.03125,156.0
2025-06-24 00:45:00+00:00,114.03125,114.03125,114.03125,114.03125,14.0
2025-06-24 00:46:00+00:00,114.0625,114.0625,114.0625,114.0625,216.0
2025-06-24 00:48:00+00:00,114.0625,114.0625,114.0625,114.0625,34.0
2025-06-24 00:50:00+00:00,114.0625,114.09375,114.03125,114.03125,36.0
2025-06-24 00:51:00+00:00,114.0625,114.0625,114.0625,114.0625,109.0
2025-06-24 00:52:00+00:00,114.0625,114.0625,114.0625,114.0625,20.0
2025-06-24 00:54:00+00:00,114.09375,114.09375,114.09375,114.09375,1.0
2025-06-24 00:55:00+00:00,114.0625,114.0625,114.0625,114.0625,3.0
2025-06-24 00:58:00+00:00,114.09375,114.09375,114.09375,114.09375,195.0
2025-06-24 00:59:00+00:00,114.09375,114.09375,114.09375,114.09375,54.0
2025-06-24 01:02:00+00:00,114.09375,114.09375,114.09375,114.09375,14.0
2025-06-24 01:04:00+00:00,114.0625,114.09375,114.0625,114.09375,20.0
2025-06-24 01:07:00+00:00,114.0625,114.0625,114.0625,114.0625,290.0
2025-06-24 01:08:00+00:00,114.0625,114.0625,114.0625,114.0625,16.0
2025-06-24 01:10:00+00:00,114.09375,114.09375,114.0625,114.0625,27.0
2025-06-24 01:14:00+00:00,114.0625,114.0625,114.0625,114.0625,79.0
2025-06-24 01:18:00+00:00,114.0625,114.0625,114.0625,114.0625,55.0
2025-06-24 01:19:00+00:00,114.0625,114.0625,114.03125,114.0625,170.0
2025-06-24 01:20:00+00:00,114.0625,114.0625,114.0625,114.0625,76.0
2025-06-24 01:21:00+00:00,114.0625,114.0625,114.0625,114.0625,43.0
2025-06-24 01:22:00+00:00,114.0625,114.0625,114.0625,114.0625,6.0
2025-06-24 01:23:00+00:00,114.0625,114.09375,114.0625,114.09375,21.0
2025-06-24 01:24:00+00:00,114.0,114.0625,114.0,114.0625,44.0
2025-06-24 01:26:00+00:00,114.03125,114.03125,114.03125,114.03125,228.0
2025-06-24 01:29:00+00:00,114.0,114.03125,114.0,114.03125,26.0
2025-06-24 01:30:00+00:00,114.03125,114.03125,114.03125,114.03125,43.0
2025-06-24 01:31:00+00:00,114.03125,114.03125,114.03125,114.03125,10.0
2025-06-24 01:32:00+00:00,114.03125,114.03125,114.03125,114.03125,37.0
2025-06-24 01:33:00+00:00,114.03125,114.03125,114.03125,114.03125,12.0
2025-06-24 01:34:00+00:00,114.03125,114.03125,114.03125,114.03125,32.0
2025-06-24 01:35:00+00:00,114.03125,114.03125,114.03125,114.03125,6.0
2025-06-24 01:37:00+00:00,114.03125,114.03125,114.03125,114.03125,78.0
2025-06-24 01:38:00+00:00,114.03125,114.03125,114.03125,114.03125,39.0
2025-06-24 01:41:00+00:00,114.03125,114.03125,114.03125,114.03125,4.0
2025-06-24 01:43:00+00:00,114.03125,114.03125,114.03125,114.03125,16.0
2025-06-24 01:45:00+00:00,114.0625,114.0625,114.0625,114.0625,5.0
2025-06-24 01:47:00+00:00,114.03125,114.03125,114.03125,114.03125,95.0
2025-06-24 01:49:00+00:00,114.03125,114.03125,114.0,114.0,47.0
2025-06-24 01:50:00+00:00,114.03125,114.03125,114.0,114.0,78.0
2025-06-24 01:55:00+00:00,114.03125,114.03125,114.03125,114.03125,63.0
2025-06-24 01:57:00+00:00,114.03125,114.03125,114.03125,114.03125,51.0
2025-06-24 02:00:00+00:00,114.0,114.0,114.0,114.0,129.0
2025-06-24 02:02:00+00:00,114.0,114.0,114.0,114.0,132.0
2025-06-24 02:03:00+00:00,114.0,114.0,114.0,114.0,9.0
2025-06-24 02:06:00+00:00,114.0,114.0,113.96875,113.96875,81.0
2025-06-24 02:12:00+00:00,114.0,114.0,114.0,114.0,168.0
2025-06-24 02:13:00+00:00,114.0,114.03125,114.0,114.0,3.0
2025-06-24 02:14:00+00:00,114.0,114.03125,114.0,114.03125,125.0
2025-06-24 02:15:00+00:00,114.0,114.0,114.0,114.0,11.0
2025-06-24 02:17:00+00:00,114.03125,114.03125,114.03125,114.03125,216.0
2025-06-24 02:18:00+00:00,114.0,114.03125,114.0,114.03125,108.0
2025-06-24 02:19:00+00:00,114.03125,114.03125,114.0,114.03125,6.0
2025-06-24 02:23:00+00:00,114.03125,114.03125,114.0,114.0,107.0
2025-06-24 02:29:00+00:00,114.03125,114.03125,114.03125,114.03125,3.0
2025-06-24 02:35:00+00:00,114.03125,114.03125,114.0,114.0,9.0
2025-06-24 02:40:00+00:00,114.03125,114.03125,114.03125,114.03125,29.0
2025-06-24 02:41:00+00:00,114.03125,114.03125,114.03125,114.03125,7.0
2025-06-24 02:42:00+00:00,114.03125,114.03125,114.03125,114.03125,107.0
2025-06-24 02:44:00+00:00,114.03125,114.03125,114.0,114.0,60.0
2025-06-24 02:50:00+00:00,114.03125,114.03125,114.03125,114.03125,70.0
2025-06-24 02:55:00+00:00,114.0625,114.0625,114.0625,114.0625,77.0
2025-06-24 02:56:00+00:00,114.0625,114.0625,114.0625,114.0625,100.0
2025-06-24 03:00:00+00:00,114.09375,114.125,114.09375,114.09375,210.0
2025-06-24 03:03:00+00:00,114.09375,114.09375,114.09375,114.09375,100.0
2025-06-24 03:05:00+00:00,114.09375,114.09375,114.0625,114.09375,97.0
2025-06-24 03:06:00+00:00,114.09375,114.09375,114.09375,114.09375,6.0
2025-06-24 03:07:00+00:00,114.09375,114.09375,114.09375,114.09375,43.0
2025-06-24 03:08:00+00:00,114.09375,114.09375,114.09375,114.09375,30.0
2025-06-24 03:09:00+00:00,114.09375,114.09375,114.09375,114.09375,208.0
2025-06-24 03:10:00+00:00,114.09375,114.09375,114.09375,114.09375,76.0
2025-06-24 03:11:00+00:00,114.09375,114.125,114.09375,114.125,102.0
2025-06-24 03:13:00+00:00,114.09375,114.09375,114.09375,114.09375,56.0
2025-06-24 03:14:00+00:00,114.09375,114.09375,114.09375,114.09375,101.0
2025-06-24 03:16:00+00:00,114.125,114.125,114.125,114.125,15.0
2025-06-24 03:17:00+00:00,114.125,114.125,114.09375,114.09375,222.0
2025-06-24 03:18:00+00:00,114.15625,114.15625,114.125,114.125,257.0
2025-06-24 03:19:00+00:00,114.15625,114.15625,114.125,114.125,9.0
2025-06-24 03:21:00+00:00,114.125,114.125,114.125,114.125,4.0
2025-06-24 03:22:00+00:00,114.15625,114.15625,114.15625,114.15625,95.0
2025-06-24 03:23:00+00:00,114.1875,114.1875,114.15625,114.15625,3.0
2025-06-24 03:24:00+00:00,114.1875,114.1875,114.1875,114.1875,372.0
2025-06-24 03:25:00+00:00,114.15625,114.15625,114.15625,114.15625,194.0
2025-06-24 03:26:00+00:00,114.15625,114.15625,114.15625,114.15625,138.0
2025-06-24 03:27:00+00:00,114.1875,114.1875,114.15625,114.15625,32.0
2025-06-24 03:29:00+00:00,114.15625,114.15625,114.15625,114.15625,69.0
2025-06-24 03:30:00+00:00,114.15625,114.15625,114.15625,114.15625,77.0
2025-06-24 03:31:00+00:00,114.15625,114.15625,114.15625,114.15625,25.0
2025-06-24 03:32:00+00:00,114.15625,114.15625,114.15625,114.15625,15.0
2025-06-24 03:34:00+00:00,114.15625,114.15625,114.15625,114.15625,20.0
2025-06-24 03:35:00+00:00,114.15625,114.15625,114.15625,114.15625,6.0
2025-06-24 03:36:00+00:00,114.15625,114.15625,114.15625,114.15625,246.0
2025-06-24 03:37:00+00:00,114.15625,114.15625,114.15625,114.15625,112.0
2025-06-24 03:40:00+00:00,114.15625,114.15625,114.15625,114.15625,149.0
2025-06-24 03:41:00+00:00,114.1875,114.1875,114.1875,114.1875,3.0
2025-06-24 03:44:00+00:00,114.15625,114.15625,114.15625,114.15625,4.0
2025-06-24 03:46:00+00:00,114.125,114.15625,114.125,114.15625,214.0
2025-06-24 03:47:00+00:00,114.125,114.125,114.125,114.125,23.0
2025-06-24 03:49:00+00:00,114.125,114.125,114.125,114.125,200.0
2025-06-24 03:52:00+00:00,114.15625,114.15625,114.15625,114.15625,2.0
2025-06-24 03:54:00+00:00,114.15625,114.15625,114.15625,114.15625,19.0
2025-06-24 03:57:00+00:00,114.15625,114.15625,114.15625,114.15625,1.0
2025-06-24 03:58:00+00:00,114.15625,114.15625,114.15625,114.15625,152.0
2025-06-24 04:00:00+00:00,114.09375,114.09375,114.09375,114.09375,203.0
2025-06-24 04:04:00+00:00,114.09375,114.09375,114.09375,114.09375,59.0
2025-06-24 04:06:00+00:00,114.09375,114.09375,114.09375,114.09375,2.0
2025-06-24 04:12:00+00:00,114.125,114.125,114.125,114.125,30.0
2025-06-24 04:19:00+00:00,114.125,114.125,114.125,114.125,36.0
2025-06-24 04:21:00+00:00,114.125,114.125,114.09375,114.125,22.0
2025-06-24 04:22:00+00:00,114.15625,114.15625,114.125,114.125,12.0
2025-06-24 04:26:00+00:00,114.125,114.125,114.125,114.125,35.0
2025-06-24 04:27:00+00:00,114.15625,114.15625,114.125,114.125,24.0
2025-06-24 04:30:00+00:00,114.125,114.125,114.125,114.125,72.0
2025-06-24 04:32:00+00:00,114.125,114.125,114.125,114.125,26.0
2025-06-24 04:33:00+00:00,114.15625,114.15625,114.15625,114.15625,161.0
2025-06-24 04:36:00+00:00,114.125,114.125,114.125,114.125,100.0
2025-06-24 04:39:00+00:00,114.15625,114.15625,114.15625,114.15625,29.0
2025-06-24 04:44:00+00:00,114.15625,114.15625,114.15625,114.15625,61.0
2025-06-24 04:53:00+00:00,114.15625,114.15625,114.15625,114.15625,12.0
2025-06-24 04:57:00+00:00,114.15625,114.15625,114.15625,114.15625,23.0
2025-06-24 04:59:00+00:00,114.15625,114.15625,114.15625,114.15625,3.0
2025-06-24 05:01:00+00:00,114.15625,114.15625,114.15625,114.15625,130.0
2025-06-24 05:03:00+00:00,114.1875,114.1875,114.1875,114.1875,93.0
2025-06-24 05:04:00+00:00,114.1875,114.1875,114.1875,114.1875,111.0
2025-06-24 05:05:00+00:00,114.1875,114.1875,114.1875,114.1875,60.0
2025-06-24 05:12:00+00:00,114.1875,114.1875,114.1875,114.1875,89.0
2025-06-24 05:14:00+00:00,114.1875,114.1875,114.1875,114.1875,21.0
2025-06-24 05:15:00+00:00,114.1875,114.1875,114.1875,114.1875,86.0
2025-06-24 05:18:00+00:00,114.1875,114.1875,114.1875,114.1875,44.0
2025-06-24 05:19:00+00:00,114.1875,114.1875,114.1875,114.1875,125.0
2025-06-24 05:20:00+00:00,114.1875,114.1875,114.1875,114.1875,57.0
2025-06-24 05:22:00+00:00,114.1875,114.1875,114.1875,114.1875,30.0
2025-06-24 05:23:00+00:00,114.21875,114.21875,114.1875,114.1875,110.0
2025-06-24 05:24:00+00:00,114.1875,114.1875,114.1875,114.1875,62.0
2025-06-24 05:27:00+00:00,114.1875,114.1875,114.1875,114.1875,40.0
2025-06-24 05:28:00+00:00,114.1875,114.21875,114.1875,114.21875,6.0
2025-06-24 05:29:00+00:00,114.1875,114.1875,114.1875,114.1875,67.0
2025-06-24 05:30:00+00:00,114.1875,114.1875,114.1875,114.1875,20.0
2025-06-24 05:35:00+00:00,114.1875,114.21875,114.1875,114.21875,25.0
2025-06-24 05:37:00+00:00,114.15625,114.1875,114.15625,114.1875,62.0
2025-06-24 05:38:00+00:00,114.1875,114.1875,114.1875,114.1875,38.0
2025-06-24 05:43:00+00:00,114.1875,114.1875,114.1875,114.1875,15.0
2025-06-24 05:44:00+00:00,114.1875,114.1875,114.1875,114.1875,42.0
2025-06-24 05:45:00+00:00,114.1875,114.1875,114.1875,114.1875,46.0
2025-06-24 05:47:00+00:00,114.21875,114.21875,114.21875,114.21875,1.0
2025-06-24 05:50:00+00:00,114.1875,114.1875,114.1875,114.1875,6.0
2025-06-24 05:51:00+00:00,114.1875,114.1875,114.1875,114.1875,45.0
2025-06-24 05:52:00+00:00,114.1875,114.1875,114.1875,114.1875,28.0
2025-06-24 05:53:00+00:00,114.1875,114.1875,114.1875,114.1875,5.0
2025-06-24 05:55:00+00:00,114.1875,114.1875,114.1875,114.1875,11.0
2025-06-24 05:56:00+00:00,114.1875,114.1875,114.1875,114.1875,65.0
2025-06-24 05:58:00+00:00,114.21875,114.21875,114.21875,114.21875,9.0
2025-06-24 05:59:00+00:00,114.21875,114.21875,114.21875,114.21875,120.0
2025-06-24 06:01:00+00:00,114.21875,114.21875,114.21875,114.21875,10.0
2025-06-24 06:02:00+00:00,114.25,114.28125,114.21875,114.21875,140.0
2025-06-24 06:04:00+00:00,114.25,114.25,114.25,114.25,613.0
2025-06-24 06:05:00+00:00,114.25,114.25,114.25,114.25,75.0
2025-06-24 06:06:00+00:00,114.25,114.25,114.25,114.25,13.0
2025-06-24 06:09:00+00:00,114.25,114.28125,114.25,114.28125,10.0
2025-06-24 06:10:00+00:00,114.28125,114.28125,114.25,114.25,32.0
2025-06-24 06:12:00+00:00,114.28125,114.28125,114.28125,114.28125,15.0
2025-06-24 06:13:00+00:00,114.25,114.25,114.25,114.25,117.0
2025-06-24 06:14:00+00:00,114.28125,114.28125,114.25,114.25,321.0
2025-06-24 06:15:00+00:00,114.25,114.25,114.25,114.25,93.0
2025-06-24 06:16:00+00:00,114.21875,114.21875,114.21875,114.21875,171.0
2025-06-24 06:17:00+00:00,114.15625,114.1875,114.15625,114.1875,301.0
2025-06-24 06:19:00+00:00,114.1875,114.1875,114.1875,114.1875,263.0
2025-06-24 06:20:00+00:00,114.1875,114.1875,114.15625,114.15625,59.0
2025-06-24 06:22:00+00:00,114.1875,114.1875,114.1875,114.1875,217.0
2025-06-24 06:23:00+00:00,114.1875,114.1875,114.1875,114.1875,97.0
2025-06-24 06:24:00+00:00,114.1875,114.1875,114.1875,114.1875,22.0
2025-06-24 06:25:00+00:00,114.21875,114.21875,114.1875,114.1875,20.0
2025-06-24 06:26:00+00:00,114.21875,114.21875,114.21875,114.21875,87.0
2025-06-24 06:27:00+00:00,114.21875,114.25,114.21875,114.21875,43.0
2025-06-24 06:28:00+00:00,114.25,114.25,114.25,114.25,2.0
2025-06-24 06:29:00+00:00,114.25,114.25,114.25,114.25,281.0
2025-06-24 06:30:00+00:00,114.21875,114.25,114.21875,114.25,139.0
2025-06-24 06:31:00+00:00,114.1875,114.21875,114.1875,114.21875,98.0
2025-06-24 06:32:00+00:00,114.21875,114.21875,114.21875,114.21875,21.0
2025-06-24 06:33:00+00:00,114.25,114.25,114.25,114.25,1.0
2025-06-24 06:34:00+00:00,114.21875,114.21875,114.21875,114.21875,116.0
2025-06-24 06:35:00+00:00,114.21875,114.21875,114.21875,114.21875,18.0
2025-06-24 06:36:00+00:00,114.21875,114.25,114.21875,114.21875,53.0
2025-06-24 06:38:00+00:00,114.25,114.25,114.25,114.25,60.0
2025-06-24 06:39:00+00:00,114.28125,114.28125,114.25,114.25,39.0
2025-06-24 06:40:00+00:00,114.28125,114.28125,114.28125,114.28125,24.0
2025-06-24 06:42:00+00:00,114.28125,114.28125,114.28125,114.28125,1.0
2025-06-24 06:43:00+00:00,114.3125,114.3125,114.3125,114.3125,264.0
2025-06-24 06:44:00+00:00,114.3125,114.3125,114.28125,114.28125,31.0
2025-06-24 06:45:00+00:00,114.28125,114.3125,114.28125,114.28125,22.0
2025-06-24 06:46:00+00:00,114.25,114.28125,114.25,114.28125,237.0
2025-06-24 06:47:00+00:00,114.28125,114.28125,114.25,114.25,13.0
2025-06-24 06:48:00+00:00,114.28125,114.28125,114.28125,114.28125,53.0
2025-06-24 06:49:00+00:00,114.28125,114.28125,114.28125,114.28125,30.0
2025-06-24 06:50:00+00:00,114.28125,114.28125,114.28125,114.28125,18.0
2025-06-24 06:54:00+00:00,114.3125,114.3125,114.3125,114.3125,640.0
2025-06-24 06:55:00+00:00,114.3125,114.34375,114.28125,114.34375,424.0
2025-06-24 06:57:00+00:00,114.3125,114.3125,114.3125,114.3125,157.0
2025-06-24 06:58:00+00:00,114.3125,114.3125,114.3125,114.3125,29.0
2025-06-24 06:59:00+00:00,114.28125,114.28125,114.28125,114.28125,46.0
2025-06-24 07:01:00+00:00,114.3125,114.3125,114.3125,114.3125,141.0
2025-06-24 07:03:00+00:00,114.3125,114.3125,114.3125,114.3125,14.0
2025-06-24 07:04:00+00:00,114.28125,114.28125,114.28125,114.28125,175.0
2025-06-24 07:05:00+00:00,114.25,114.28125,114.25,114.28125,39.0
2025-06-24 07:06:00+00:00,114.21875,114.25,114.21875,114.25,367.0
2025-06-24 07:08:00+00:00,114.1875,114.1875,114.1875,114.1875,626.0
2025-06-24 07:09:00+00:00,114.15625,114.1875,114.15625,114.1875,83.0
2025-06-24 07:12:00+00:00,114.1875,114.1875,114.15625,114.15625,286.0
2025-06-24 07:13:00+00:00,114.1875,114.21875,114.1875,114.1875,107.0
2025-06-24 07:14:00+00:00,114.1875,114.1875,114.1875,114.1875,225.0
2025-06-24 07:15:00+00:00,114.1875,114.1875,114.1875,114.1875,216.0
2025-06-24 07:16:00+00:00,114.1875,114.1875,114.15625,114.1875,98.0
2025-06-24 07:17:00+00:00,114.15625,114.1875,114.125,114.1875,291.0
2025-06-24 07:18:00+00:00,114.15625,114.15625,114.125,114.15625,136.0
2025-06-24 07:19:00+00:00,114.1875,114.1875,114.15625,114.1875,26.0
2025-06-24 07:20:00+00:00,114.15625,114.1875,114.125,114.15625,484.0
2025-06-24 07:21:00+00:00,114.15625,114.15625,114.09375,114.125,247.0
2025-06-24 07:22:00+00:00,114.15625,114.15625,114.125,114.15625,33.0
2025-06-24 07:23:00+00:00,114.15625,114.15625,114.125,114.15625,277.0
2025-06-24 07:24:00+00:00,114.15625,114.15625,114.125,114.15625,20.0
2025-06-24 07:25:00+00:00,114.15625,114.15625,114.15625,114.15625,8.0
2025-06-24 07:26:00+00:00,114.15625,114.15625,114.125,114.15625,301.0
2025-06-24 07:27:00+00:00,114.1875,114.1875,114.15625,114.15625,148.0
2025-06-24 07:28:00+00:00,114.1875,114.1875,114.15625,114.1875,10.0
2025-06-24 07:29:00+00:00,114.1875,114.1875,114.1875,114.1875,384.0
2025-06-24 07:30:00+00:00,114.15625,114.1875,114.15625,114.1875,385.0
2025-06-24 07:31:00+00:00,114.1875,114.1875,114.15625,114.15625,188.0
2025-06-24 07:32:00+00:00,114.1875,114.1875,114.1875,114.1875,246.0
2025-06-24 07:33:00+00:00,114.21875,114.25,114.1875,114.1875,606.0
2025-06-24 07:34:00+00:00,114.25,114.25,114.21875,114.21875,410.0
2025-06-24 07:35:00+00:00,114.25,114.25,114.25,114.25,65.0
2025-06-24 07:36:00+00:00,114.25,114.25,114.25,114.25,97.0
2025-06-24 07:38:00+00:00,114.25,114.25,114.21875,114.21875,402.0
2025-06-24 07:39:00+00:00,114.28125,114.28125,114.28125,114.28125,224.0
2025-06-24 07:40:00+00:00,114.25,114.25,114.25,114.25,124.0
2025-06-24 07:42:00+00:00,114.25,114.25,114.25,114.25,94.0
2025-06-24 07:43:00+00:00,114.21875,114.25,114.21875,114.25,24.0
2025-06-24 07:44:00+00:00,114.21875,114.25,114.21875,114.25,438.0
2025-06-24 07:45:00+00:00,114.21875,114.21875,114.21875,114.21875,66.0
2025-06-24 07:46:00+00:00,114.21875,114.21875,114.21875,114.21875,72.0
2025-06-24 07:48:00+00:00,114.21875,114.21875,114.21875,114.21875,192.0
2025-06-24 07:49:00+00:00,114.25,114.25,114.21875,114.21875,105.0
2025-06-24 07:50:00+00:00,114.21875,114.21875,114.21875,114.21875,225.0
2025-06-24 07:52:00+00:00,114.1875,114.21875,114.1875,114.21875,1593.0
2025-06-24 07:53:00+00:00,114.21875,114.21875,114.1875,114.1875,663.0
2025-06-24 07:54:00+00:00,114.1875,114.1875,114.1875,114.1875,204.0
2025-06-24 07:56:00+00:00,114.15625,114.15625,114.15625,114.15625,18.0
2025-06-24 07:57:00+00:00,114.1875,114.1875,114.1875,114.1875,376.0
2025-06-24 07:58:00+00:00,114.1875,114.21875,114.1875,114.1875,102.0
2025-06-24 07:59:00+00:00,114.1875,114.1875,114.1875,114.1875,9.0
2025-06-24 08:00:00+00:00,114.1875,114.1875,114.15625,114.1875,747.0
2025-06-24 08:01:00+00:00,114.21875,114.21875,114.1875,114.21875,154.0
2025-06-24 08:02:00+00:00,114.1875,114.1875,114.1875,114.1875,78.0
2025-06-24 08:03:00+00:00,114.1875,114.1875,114.1875,114.1875,118.0
2025-06-24 08:05:00+00:00,114.1875,114.21875,114.1875,114.21875,420.0
2025-06-24 08:06:00+00:00,114.21875,114.21875,114.21875,114.21875,77.0
2025-06-24 08:09:00+00:00,114.25,114.25,114.21875,114.21875,104.0
2025-06-24 08:10:00+00:00,114.21875,114.21875,114.21875,114.21875,50.0
2025-06-24 08:12:00+00:00,114.1875,114.21875,114.1875,114.21875,53.0
2025-06-24 08:13:00+00:00,114.1875,114.1875,114.1875,114.1875,121.0
2025-06-24 08:14:00+00:00,114.21875,114.21875,114.21875,114.21875,80.0
2025-06-24 08:15:00+00:00,114.25,114.25,114.25,114.25,154.0
2025-06-24 08:16:00+00:00,114.25,114.25,114.25,114.25,29.0
2025-06-24 08:18:00+00:00,114.21875,114.21875,114.21875,114.21875,132.0
2025-06-24 08:19:00+00:00,114.1875,114.21875,114.1875,114.21875,363.0
2025-06-24 08:22:00+00:00,114.15625,114.1875,114.15625,114.1875,218.0
2025-06-24 08:23:00+00:00,114.1875,114.1875,114.1875,114.1875,41.0
2025-06-24 08:24:00+00:00,114.1875,114.1875,114.1875,114.1875,25.0
2025-06-24 08:25:00+00:00,114.21875,114.21875,114.1875,114.1875,46.0
2025-06-24 08:26:00+00:00,114.25,114.25,114.21875,114.25,28.0
2025-06-24 08:29:00+00:00,114.21875,114.21875,114.21875,114.21875,217.0
2025-06-24 08:30:00+00:00,114.21875,114.21875,114.21875,114.21875,393.0
2025-06-24 08:31:00+00:00,114.21875,114.21875,114.21875,114.21875,441.0
2025-06-24 08:32:00+00:00,114.25,114.25,114.21875,114.21875,81.0
2025-06-24 08:33:00+00:00,114.25,114.25,114.25,114.25,233.0
2025-06-24 08:34:00+00:00,114.21875,114.25,114.21875,114.25,122.0
2025-06-24 08:35:00+00:00,114.21875,114.21875,114.1875,114.21875,162.0
2025-06-24 08:36:00+00:00,114.21875,114.25,114.21875,114.21875,220.0
2025-06-24 08:37:00+00:00,114.21875,114.21875,114.21875,114.21875,102.0
2025-06-24 08:38:00+00:00,114.25,114.25,114.21875,114.21875,55.0
2025-06-24 08:39:00+00:00,114.25,114.25,114.25,114.25,129.0
2025-06-24 08:40:00+00:00,114.21875,114.21875,114.21875,114.21875,4.0
2025-06-24 08:41:00+00:00,114.21875,114.25,114.21875,114.21875,186.0
2025-06-24 08:42:00+00:00,114.1875,114.21875,114.1875,114.21875,20.0
2025-06-24 08:43:00+00:00,114.21875,114.21875,114.21875,114.21875,45.0
2025-06-24 08:45:00+00:00,114.21875,114.21875,114.21875,114.21875,179.0
2025-06-24 08:46:00+00:00,114.1875,114.21875,114.1875,114.21875,3.0
2025-06-24 08:47:00+00:00,114.21875,114.21875,114.1875,114.1875,15.0
2025-06-24 08:49:00+00:00,114.21875,114.21875,114.21875,114.21875,68.0
2025-06-24 08:50:00+00:00,114.21875,114.21875,114.21875,114.21875,190.0
2025-06-24 08:51:00+00:00,114.1875,114.21875,114.1875,114.21875,208.0
2025-06-24 08:52:00+00:00,114.21875,114.21875,114.1875,114.1875,4.0
2025-06-24 08:53:00+00:00,114.1875,114.1875,114.1875,114.1875,71.0
2025-06-24 08:54:00+00:00,114.1875,114.1875,114.1875,114.1875,117.0
2025-06-24 08:58:00+00:00,114.09375,114.15625,114.09375,114.15625,461.0
2025-06-24 08:59:00+00:00,114.125,114.125,114.09375,114.09375,298.0
2025-06-24 09:00:00+00:00,114.03125,114.125,114.03125,114.125,1570.0
2025-06-24 09:01:00+00:00,114.03125,114.03125,114.03125,114.03125,125.0
2025-06-24 09:02:00+00:00,114.0625,114.0625,114.0625,114.0625,300.0
2025-06-24 09:04:00+00:00,114.0,114.03125,114.0,114.03125,252.0
2025-06-24 09:06:00+00:00,113.90625,113.9375,113.90625,113.9375,1650.0
2025-06-24 09:07:00+00:00,113.9375,113.9375,113.90625,113.90625,518.0
2025-06-24 09:08:00+00:00,113.90625,113.9375,113.90625,113.9375,449.0
2025-06-24 09:09:00+00:00,113.875,113.90625,113.875,113.90625,386.0
2025-06-24 09:10:00+00:00,113.84375,113.90625,113.84375,113.90625,1038.0
2025-06-24 09:11:00+00:00,113.84375,113.875,113.84375,113.84375,497.0
2025-06-24 09:12:00+00:00,113.8125,113.875,113.8125,113.84375,709.0
2025-06-24 09:13:00+00:00,113.78125,113.8125,113.78125,113.8125,759.0
2025-06-24 09:14:00+00:00,113.8125,113.8125,113.8125,113.8125,270.0
2025-06-24 09:15:00+00:00,113.84375,113.84375,113.8125,113.8125,21.0
2025-06-24 09:16:00+00:00,113.8125,113.8125,113.8125,113.8125,173.0
2025-06-24 09:17:00+00:00,113.75,113.8125,113.75,113.8125,736.0
2025-06-24 09:18:00+00:00,113.71875,113.78125,113.71875,113.75,352.0
2025-06-24 09:19:00+00:00,113.6875,113.75,113.6875,113.75,527.0
2025-06-24 09:20:00+00:00,113.71875,113.75,113.6875,113.6875,249.0
2025-06-24 09:21:00+00:00,113.71875,113.71875,113.71875,113.71875,258.0
2025-06-24 09:22:00+00:00,113.75,113.75,113.71875,113.71875,952.0
2025-06-24 09:23:00+00:00,113.75,113.75,113.71875,113.75,319.0
2025-06-24 09:24:00+00:00,113.6875,113.75,113.6875,113.75,135.0
2025-06-24 09:25:00+00:00,113.71875,113.71875,113.6875,113.6875,926.0
2025-06-24 09:26:00+00:00,113.75,113.75,113.71875,113.71875,293.0
2025-06-24 09:27:00+00:00,113.8125,113.8125,113.78125,113.78125,771.0
2025-06-24 09:28:00+00:00,113.8125,113.8125,113.78125,113.78125,68.0
2025-06-24 09:29:00+00:00,113.78125,113.8125,113.78125,113.78125,186.0
2025-06-24 09:30:00+00:00,113.8125,113.8125,113.78125,113.78125,464.0
2025-06-24 09:31:00+00:00,113.8125,113.8125,113.78125,113.8125,535.0
2025-06-24 09:32:00+00:00,113.75,113.8125,113.75,113.78125,417.0
2025-06-24 09:33:00+00:00,113.78125,113.78125,113.75,113.75,323.0
2025-06-24 09:34:00+00:00,113.8125,113.8125,113.78125,113.78125,49.0
2025-06-24 09:35:00+00:00,113.78125,113.8125,113.78125,113.8125,355.0
2025-06-24 09:36:00+00:00,113.78125,113.78125,113.78125,113.78125,15.0
2025-06-24 09:37:00+00:00,113.8125,113.84375,113.8125,113.8125,281.0
2025-06-24 09:38:00+00:00,113.84375,113.84375,113.8125,113.8125,1067.0
2025-06-24 09:39:00+00:00,113.8125,113.875,113.8125,113.875,478.0
2025-06-24 09:40:00+00:00,113.78125,113.8125,113.78125,113.8125,548.0
2025-06-24 09:41:00+00:00,113.8125,113.8125,113.78125,113.78125,121.0
2025-06-24 09:42:00+00:00,113.84375,113.84375,113.8125,113.84375,498.0
2025-06-24 09:43:00+00:00,113.90625,113.90625,113.8125,113.8125,113.0
2025-06-24 09:44:00+00:00,113.90625,113.90625,113.875,113.875,83.0
2025-06-24 09:45:00+00:00,113.875,113.90625,113.875,113.90625,241.0
2025-06-24 09:47:00+00:00,113.875,113.875,113.84375,113.84375,139.0
2025-06-24 09:48:00+00:00,113.875,113.875,113.84375,113.875,222.0
2025-06-24 09:49:00+00:00,113.875,113.875,113.84375,113.84375,239.0
2025-06-24 09:50:00+00:00,113.875,113.875,113.875,113.875,2.0
2025-06-24 09:51:00+00:00,113.875,113.90625,113.875,113.875,45.0
2025-06-24 09:52:00+00:00,113.90625,113.90625,113.875,113.875,50.0
2025-06-24 09:53:00+00:00,113.875,113.90625,113.875,113.90625,8.0
2025-06-24 09:54:00+00:00,113.90625,113.90625,113.90625,113.90625,47.0
2025-06-24 09:55:00+00:00,113.9375,113.9375,113.90625,113.9375,31.0
2025-06-24 09:58:00+00:00,114.0,114.0,113.96875,113.96875,93.0
2025-06-24 09:59:00+00:00,113.96875,113.96875,113.96875,113.96875,95.0
2025-06-24 10:00:00+00:00,114.0,114.03125,114.0,114.0,93.0
2025-06-24 10:03:00+00:00,113.96875,113.96875,113.96875,113.96875,36.0
2025-06-24 10:04:00+00:00,113.96875,113.96875,113.96875,113.96875,143.0
2025-06-24 10:05:00+00:00,113.9375,113.9375,113.9375,113.9375,5.0
2025-06-24 10:06:00+00:00,113.96875,113.96875,113.96875,113.96875,297.0
2025-06-24 10:07:00+00:00,113.96875,114.0,113.96875,114.0,172.0
2025-06-24 10:09:00+00:00,113.96875,114.0,113.96875,113.96875,239.0
2025-06-24 10:10:00+00:00,114.0,114.0,113.96875,113.96875,243.0
2025-06-24 10:11:00+00:00,114.0,114.0,114.0,114.0,227.0
2025-06-24 10:12:00+00:00,113.96875,114.0,113.96875,114.0,32.0
2025-06-24 10:13:00+00:00,114.0,114.0,114.0,114.0,116.0
2025-06-24 10:14:00+00:00,114.0,114.0,114.0,114.0,22.0
2025-06-24 10:24:00+00:00,113.9375,113.93800354003906,113.90625,113.93800354003906,608.0
2025-06-24 10:25:00+00:00,113.9375,113.9375,113.90625,113.90625,19.0
2025-06-24 10:26:00+00:00,113.9375,113.9375,113.90625,113.9375,64.0
2025-06-24 10:27:00+00:00,113.90625,113.90625,113.90625,113.90625,2.0
2025-06-24 10:29:00+00:00,113.875,113.90625,113.875,113.90625,63.0
2025-06-24 10:31:00+00:00,113.90625,113.90625,113.90625,113.90625,118.0
2025-06-24 10:32:00+00:00,113.90625,113.9375,113.90625,113.9375,104.0
2025-06-24 10:33:00+00:00,113.9375,113.96875,113.9375,113.9375,228.0
2025-06-24 10:34:00+00:00,113.9375,113.9375,113.90625,113.9375,226.0
2025-06-24 10:35:00+00:00,113.96875,113.96875,113.9375,113.9375,316.0
2025-06-24 10:36:00+00:00,113.9375,113.96875,113.9375,113.96875,11.0
2025-06-24 10:37:00+00:00,113.96875,113.96875,113.9375,113.9375,139.0
2025-06-24 10:38:00+00:00,113.96875,113.96875,113.9375,113.96875,401.0
2025-06-24 10:39:00+00:00,113.9375,113.96875,113.9375,113.96875,103.0
2025-06-24 10:40:00+00:00,113.96875,114.0,113.96875,113.96875,80.0
2025-06-24 10:41:00+00:00,114.0,114.0,114.0,114.0,97.0
2025-06-24 10:42:00+00:00,113.96875,114.0,113.96875,114.0,2.0
2025-06-24 10:44:00+00:00,113.96875,113.96875,113.96875,113.96875,163.0
2025-06-24 10:45:00+00:00,113.96875,113.96875,113.96875,113.96875,60.0
2025-06-24 10:46:00+00:00,113.96875,113.96875,113.96875,113.96875,137.0
2025-06-24 10:47:00+00:00,114.0,114.0,113.96875,113.96875,776.0
2025-06-24 10:49:00+00:00,114.0,114.03125,114.0,114.0,16.0
2025-06-24 10:54:00+00:00,113.96875,113.96875,113.96875,113.96875,79.0
2025-06-24 10:55:00+00:00,113.96875,113.96875,113.96875,113.96875,133.0
2025-06-24 10:56:00+00:00,113.9375,113.96875,113.9375,113.96875,47.0
2025-06-24 10:57:00+00:00,113.9375,113.9375,113.9375,113.9375,118.0
2025-06-24 10:59:00+00:00,113.90625,113.9375,113.90625,113.9375,106.0
2025-06-24 11:00:00+00:00,113.90625,113.9375,113.90625,113.90625,37.0
2025-06-24 11:01:00+00:00,113.90625,113.90625,113.90625,113.90625,135.0
2025-06-24 11:02:00+00:00,113.90625,113.90625,113.90625,113.90625,26.0
2025-06-24 11:04:00+00:00,113.90625,113.90625,113.875,113.875,90.0
2025-06-24 11:05:00+00:00,113.90625,113.90625,113.90625,113.90625,183.0
2025-06-24 11:06:00+00:00,113.90625,113.90625,113.90625,113.90625,61.0
2025-06-24 11:08:00+00:00,113.90625,113.9375,113.90625,113.9375,6.0
2025-06-24 11:09:00+00:00,113.90625,113.90625,113.90625,113.90625,17.0
2025-06-24 11:10:00+00:00,113.875,113.9375,113.875,113.9375,352.0
2025-06-24 11:11:00+00:00,113.875,113.875,113.875,113.875,3.0
2025-06-24 11:12:00+00:00,113.90625,113.90625,113.90625,113.90625,112.0
2025-06-24 11:13:00+00:00,113.9375,113.9375,113.9375,113.9375,75.0
2025-06-24 11:14:00+00:00,113.9375,113.9375,113.9375,113.9375,45.0
2025-06-24 11:15:00+00:00,114.03125,114.03125,113.9375,113.9375,2430.0
2025-06-24 11:16:00+00:00,114.09375,114.09375,114.0625,114.0625,666.0
2025-06-24 11:17:00+00:00,114.09375,114.09375,114.0625,114.09375,1712.0
2025-06-24 11:18:00+00:00,114.0625,114.09375,114.0625,114.09375,14.0
2025-06-24 11:19:00+00:00,114.03125,114.0625,114.03125,114.0625,369.0
2025-06-24 11:20:00+00:00,114.09375,114.09375,114.0625,114.0625,397.0
2025-06-24 11:21:00+00:00,114.125,114.125,114.09375,114.125,768.0
2025-06-24 11:22:00+00:00,114.125,114.15625,114.125,114.125,650.0
2025-06-24 11:23:00+00:00,114.09375,114.125,114.09375,114.125,282.0
2025-06-24 11:24:00+00:00,114.09375,114.09375,114.09375,114.09375,112.0
2025-06-24 11:25:00+00:00,114.125,114.125,114.09375,114.125,434.0
2025-06-24 11:26:00+00:00,114.09375,114.125,114.09375,114.125,198.0
2025-06-24 11:27:00+00:00,114.09375,114.09375,114.09375,114.09375,67.0
2025-06-24 11:28:00+00:00,114.09375,114.09375,114.09375,114.09375,916.0
2025-06-24 11:29:00+00:00,114.09375,114.125,114.09375,114.09375,483.0
2025-06-24 11:30:00+00:00,114.15625,114.15625,114.125,114.125,287.0
2025-06-24 11:31:00+00:00,114.15625,114.15625,114.15625,114.15625,544.0
2025-06-24 11:32:00+00:00,114.15625,114.1875,114.15625,114.15625,52.0
2025-06-24 11:33:00+00:00,114.1875,114.1875,114.15625,114.15625,526.0
2025-06-24 11:34:00+00:00,114.1875,114.1875,114.15625,114.15625,669.0
2025-06-24 11:35:00+00:00,114.1875,114.21875,114.1875,114.1875,156.0
2025-06-24 11:36:00+00:00,114.15625,114.1875,114.15625,114.1875,179.0
2025-06-24 11:37:00+00:00,114.125,114.15625,114.125,114.15625,251.0
2025-06-24 11:38:00+00:00,114.09375,114.125,114.09375,114.125,68.0
2025-06-24 11:39:00+00:00,114.09375,114.09375,114.09375,114.09375,25.0
2025-06-24 11:40:00+00:00,114.09375,114.125,114.09375,114.09375,373.0
2025-06-24 11:41:00+00:00,114.0625,114.09375,114.0625,114.09375,385.0
2025-06-24 11:42:00+00:00,114.09375,114.09375,114.0625,114.0625,48.0
2025-06-24 11:43:00+00:00,114.09375,114.09375,114.0625,114.0625,336.0
2025-06-24 11:46:00+00:00,114.0625,114.0625,114.03125,114.0625,1106.0
2025-06-24 11:47:00+00:00,114.0625,114.0625,114.0625,114.0625,60.0
2025-06-24 11:48:00+00:00,114.0625,114.09375,114.0625,114.0625,75.0
2025-06-24 11:49:00+00:00,114.03125,114.09375,114.03125,114.0625,309.0
2025-06-24 11:50:00+00:00,114.0625,114.0625,114.0625,114.0625,33.0
2025-06-24 11:51:00+00:00,114.03125,114.0625,114.03125,114.03125,354.0
2025-06-24 11:52:00+00:00,114.03125,114.0625,114.03125,114.0625,396.0
2025-06-24 11:53:00+00:00,114.0,114.0,114.0,114.0,40.0
2025-06-24 11:54:00+00:00,113.96875,114.0,113.96875,114.0,115.0
2025-06-24 11:55:00+00:00,113.9375,113.9375,113.90625,113.9375,231.0
2025-06-24 11:56:00+00:00,114.0,114.0,113.9375,113.96875,455.0
2025-06-24 11:57:00+00:00,114.0,114.0,114.0,114.0,76.0
2025-06-24 11:58:00+00:00,114.0,114.03125,113.96875,114.0,367.0
2025-06-24 11:59:00+00:00,114.0,114.03125,114.0,114.03125,8.0
2025-06-24 12:00:00+00:00,113.96875,114.03125,113.9375,114.03125,801.0
2025-06-24 12:01:00+00:00,113.96875,114.0,113.96875,113.96875,378.0
2025-06-24 12:02:00+00:00,113.9375,114.0,113.9375,113.96875,509.0
2025-06-24 12:03:00+00:00,113.96875,113.96875,113.96875,113.96875,411.0
2025-06-24 12:04:00+00:00,113.90625,113.96875,113.90625,113.96875,805.0
2025-06-24 12:05:00+00:00,113.90625,113.90625,113.875,113.90625,481.0
2025-06-24 12:06:00+00:00,113.8125,113.875,113.8125,113.875,725.0
2025-06-24 12:07:00+00:00,113.84375,113.84375,113.8125,113.8125,986.0
2025-06-24 12:08:00+00:00,113.84375,113.84375,113.84375,113.84375,397.0
2025-06-24 12:09:00+00:00,113.84375,113.84375,113.8125,113.84375,339.0
2025-06-24 12:10:00+00:00,113.84375,113.84375,113.8125,113.84375,501.0
2025-06-24 12:11:00+00:00,113.875,113.875,113.84375,113.84375,211.0
2025-06-24 12:12:00+00:00,113.875,113.875,113.875,113.875,131.0
2025-06-24 12:14:00+00:00,113.875,113.875,113.875,113.875,237.0
2025-06-24 12:17:00+00:00,113.84375,113.875,113.84375,113.875,1901.0
2025-06-24 12:19:00+00:00,113.84375,113.875,113.84375,113.84375,489.0
2025-06-24 12:20:00+00:00,113.90625,113.90625,113.84375,113.84375,410.0
2025-06-24 12:21:00+00:00,113.90625,113.90625,113.875,113.875,591.0
2025-06-24 12:22:00+00:00,113.90625,113.90625,113.875,113.90625,377.0
2025-06-24 12:23:00+00:00,113.90625,113.9375,113.875,113.90625,1309.0
2025-06-24 12:24:00+00:00,113.9375,113.96875,113.9375,113.9375,1908.0
2025-06-24 12:25:00+00:00,113.9375,113.96875,113.90625,113.9375,646.0
2025-06-24 12:26:00+00:00,113.96875,113.96875,113.9375,113.9375,222.0
2025-06-24 12:27:00+00:00,113.96875,113.96875,113.9375,113.96875,270.0
2025-06-24 12:28:00+00:00,113.90625,113.9375,113.90625,113.9375,920.0
2025-06-24 12:29:00+00:00,113.9375,113.9375,113.875,113.9375,361.0
2025-06-24 12:30:00+00:00,113.84375,113.9375,113.78125,113.9375,2311.0
2025-06-24 12:31:00+00:00,113.90625,113.90625,113.8125,113.84375,934.0
2025-06-24 12:32:00+00:00,113.90625,113.9375,113.875,113.90625,458.0
2025-06-24 12:33:00+00:00,113.90625,113.90625,113.875,113.875,708.0
2025-06-24 12:34:00+00:00,113.90625,113.9375,113.875,113.875,553.0
2025-06-24 12:35:00+00:00,113.9375,113.9375,113.875,113.90625,746.0
2025-06-24 12:36:00+00:00,113.96875,113.96875,113.90625,113.90625,932.0
2025-06-24 12:37:00+00:00,113.9375,114.0,113.9375,113.96875,4244.0
2025-06-24 12:38:00+00:00,113.96875,113.96875,113.9375,113.9375,1215.0
2025-06-24 12:39:00+00:00,114.0,114.0,113.96875,113.96875,226.0
2025-06-24 12:40:00+00:00,113.90625,113.96875,113.875,113.96875,784.0
2025-06-24 12:41:00+00:00,113.875,113.90625,113.84375,113.90625,1103.0
2025-06-24 12:42:00+00:00,113.8125,113.84375,113.8125,113.84375,845.0
2025-06-24 12:43:00+00:00,113.8125,113.8125,113.78125,113.8125,1074.0
2025-06-24 12:44:00+00:00,113.8125,113.8125,113.8125,113.8125,1154.0
2025-06-24 12:45:00+00:00,113.75,113.8125,113.75,113.8125,666.0
2025-06-24 12:46:00+00:00,113.78125,113.78125,113.75,113.75,1260.0
2025-06-24 12:47:00+00:00,113.84375,113.84375,113.78125,113.78125,539.0
2025-06-24 12:48:00+00:00,113.84375,113.875,113.84375,113.875,367.0
2025-06-24 12:49:00+00:00,113.84375,113.84375,113.8125,113.84375,988.0
2025-06-24 12:50:00+00:00,113.78125,113.8125,113.78125,113.8125,136.0
2025-06-24 12:51:00+00:00,113.75,113.78125,113.71875,113.78125,1236.0
2025-06-24 12:52:00+00:00,113.78125,113.78125,113.71875,113.75,1642.0
2025-06-24 12:53:00+00:00,113.78125,113.8125,113.78125,113.78125,183.0
2025-06-24 12:54:00+00:00,113.78125,113.78125,113.78125,113.78125,392.0
2025-06-24 12:55:00+00:00,113.84375,113.84375,113.78125,113.8125,1040.0
2025-06-24 12:56:00+00:00,113.84375,113.875,113.84375,113.84375,1069.0
2025-06-24 12:57:00+00:00,113.875,113.875,113.8125,113.8125,1182.0
2025-06-24 12:58:00+00:00,113.875,113.90625,113.875,113.875,341.0
2025-06-24 12:59:00+00:00,113.84375,113.875,113.84375,113.875,678.0
2025-06-24 13:00:00+00:00,113.90625,113.9375,113.875,113.875,613.0
2025-06-24 13:01:00+00:00,113.875,113.9375,113.84375,113.9375,1272.0
2025-06-24 13:02:00+00:00,113.84375,113.875,113.84375,113.875,213.0
2025-06-24 13:03:00+00:00,113.78125,113.84375,113.78125,113.84375,597.0
2025-06-24 13:04:00+00:00,113.75,113.78125,113.75,113.78125,993.0
2025-06-24 13:05:00+00:00,113.78125,113.78125,113.75,113.78125,493.0
2025-06-24 13:06:00+00:00,113.78125,113.8125,113.78125,113.78125,490.0
2025-06-24 13:08:00+00:00,113.78125,113.8125,113.78125,113.8125,1351.0
2025-06-24 13:09:00+00:00,113.75,113.78125,113.75,113.75,2690.0
2025-06-24 13:10:00+00:00,113.75,113.78125,113.75,113.75,146.0
2025-06-24 13:11:00+00:00,113.78125,113.8125,113.75,113.75,1109.0
2025-06-24 13:12:00+00:00,113.78125,113.8125,113.78125,113.78125,250.0
2025-06-24 13:13:00+00:00,113.78125,113.78125,113.78125,113.78125,51.0
2025-06-24 13:14:00+00:00,113.78125,113.8125,113.78125,113.78125,659.0
2025-06-24 13:15:00+00:00,113.71875,113.75,113.71875,113.75,2096.0
2025-06-24 13:16:00+00:00,113.6875,113.75,113.6875,113.71875,914.0
2025-06-24 13:21:00+00:00,113.59375,113.59375,113.59375,113.59375,5571.0
2025-06-24 13:22:00+00:00,113.625,113.625,113.59375,113.59375,1349.0
2025-06-24 13:23:00+00:00,113.5625,113.625,113.5625,113.625,934.0
2025-06-24 13:24:00+00:00,113.59375,113.59375,113.5625,113.59375,448.0
2025-06-24 13:25:00+00:00,113.625,113.625,113.5625,113.5625,1390.0
2025-06-24 13:26:00+00:00,113.6875,113.6875,113.65625,113.65625,653.0
2025-06-24 13:27:00+00:00,113.75,113.75,113.6875,113.6875,1495.0
2025-06-24 13:28:00+00:00,113.71875,113.75,113.71875,113.71875,325.0
2025-06-24 13:29:00+00:00,113.8125,113.84375,113.71875,113.71875,2394.0
2025-06-24 13:30:00+00:00,113.78125,113.84375,113.78125,113.8125,5233.0
2025-06-24 13:31:00+00:00,113.8125,113.84375,113.8125,113.8125,1660.0
2025-06-24 13:32:00+00:00,113.8125,113.8125,113.78125,113.78125,287.0
2025-06-24 13:33:00+00:00,113.90625,113.9375,113.84375,113.84375,1899.0
2025-06-24 13:34:00+00:00,113.875,113.9375,113.875,113.90625,557.0
2025-06-24 13:35:00+00:00,113.96875,113.96875,113.90625,113.90625,849.0
2025-06-24 13:37:00+00:00,113.84375,113.90625,113.84375,113.90625,1384.0
2025-06-24 13:38:00+00:00,113.84375,113.875,113.8125,113.84375,326.0
2025-06-24 13:39:00+00:00,113.90625,113.90625,113.84375,113.84375,1746.0
2025-06-24 13:40:00+00:00,113.9375,113.96875,113.90625,113.9375,1436.0
2025-06-24 13:41:00+00:00,113.9375,113.9375,113.9375,113.9375,935.0
2025-06-24 13:42:00+00:00,113.96875,113.96875,113.9375,113.9375,391.0
2025-06-24 13:44:00+00:00,113.96875,113.96875,113.9375,113.96875,1657.0
2025-06-24 13:45:00+00:00,113.875,113.9375,113.84375,113.9375,1693.0
2025-06-24 13:46:00+00:00,113.84375,113.875,113.84375,113.84375,448.0
2025-06-24 13:47:00+00:00,113.8125,113.84375,113.8125,113.84375,641.0
2025-06-24 13:48:00+00:00,113.8125,113.8125,113.8125,113.8125,737.0
2025-06-24 13:50:00+00:00,113.8125,113.84375,113.8125,113.8125,515.0
2025-06-24 13:51:00+00:00,113.8125,113.8125,113.8125,113.8125,366.0
2025-06-24 13:52:00+00:00,113.8125,113.84375,113.8125,113.8125,248.0
2025-06-24 13:53:00+00:00,113.84375,113.875,113.84375,113.84375,600.0
2025-06-24 13:54:00+00:00,113.78125,113.8125,113.78125,113.8125,356.0
2025-06-24 13:55:00+00:00,113.8125,113.8125,113.8125,113.8125,472.0
2025-06-24 13:56:00+00:00,113.84375,113.875,113.84375,113.84375,60.0
2025-06-24 13:57:00+00:00,113.84375,113.875,113.84375,113.875,157.0
2025-06-24 13:58:00+00:00,113.8125,113.84375,113.78125,113.84375,1654.0
2025-06-24 13:59:00+00:00,113.78125,113.84375,113.78125,113.8125,362.0
2025-06-24 14:00:00+00:00,113.90625,113.90625,113.8125,113.8125,1378.0
2025-06-24 14:01:00+00:00,113.90625,113.9375,113.90625,113.90625,324.0
2025-06-24 14:02:00+00:00,114.0,114.0,113.90625,113.90625,907.0
2025-06-24 14:03:00+00:00,113.96875,114.0,113.9375,114.0,1251.0
2025-06-24 14:04:00+00:00,113.96875,113.96875,113.96875,113.96875,221.0
2025-06-24 14:05:00+00:00,114.03125,114.0625,113.96875,114.0,1256.0
2025-06-24 14:06:00+00:00,114.09375,114.09375,114.0625,114.0625,772.0
2025-06-24 14:09:00+00:00,114.0625,114.0625,114.0625,114.0625,2456.0
2025-06-24 14:10:00+00:00,114.09375,114.125,114.0625,114.09375,1150.0
2025-06-24 14:11:00+00:00,114.09375,114.09375,114.09375,114.09375,197.0
2025-06-24 14:12:00+00:00,114.1875,114.1875,114.09375,114.09375,835.0
2025-06-24 14:13:00+00:00,114.1875,114.21875,114.15625,114.15625,988.0
2025-06-24 14:14:00+00:00,114.1875,114.21875,114.1875,114.1875,707.0
2025-06-24 14:15:00+00:00,114.15625,114.1875,114.15625,114.1875,1316.0
2025-06-24 14:16:00+00:00,114.1875,114.21875,114.125,114.15625,2524.0
2025-06-24 14:17:00+00:00,114.21875,114.21875,114.1875,114.1875,809.0
2025-06-24 14:18:00+00:00,114.28125,114.3125,114.1875,114.1875,3048.0
2025-06-24 14:19:00+00:00,114.28125,114.28125,114.21875,114.25,372.0
2025-06-24 14:20:00+00:00,114.3125,114.3125,114.25,114.28125,673.0
2025-06-24 14:21:00+00:00,114.34375,114.34375,114.28125,114.3125,793.0
2025-06-24 14:22:00+00:00,114.375,114.375,114.3125,114.34375,1323.0
2025-06-24 14:23:00+00:00,114.28125,114.34375,114.25,114.34375,1228.0
2025-06-24 14:24:00+00:00,114.3125,114.3125,114.28125,114.28125,600.0
2025-06-24 14:25:00+00:00,114.34375,114.34375,114.3125,114.3125,980.0
2025-06-24 14:26:00+00:00,114.375,114.40625,114.3125,114.34375,1801.0
2025-06-24 14:27:00+00:00,114.4375,114.4375,114.375,114.375,1557.0
2025-06-24 14:28:00+00:00,114.4375,114.4375,114.40625,114.4375,875.0
2025-06-24 14:29:00+00:00,114.40625,114.40625,114.375,114.40625,1058.0
2025-06-24 14:30:00+00:00,114.40625,114.4375,114.375,114.375,2412.0
2025-06-24 14:31:00+00:00,114.40625,114.40625,114.34375,114.40625,1876.0
2025-06-24 14:32:00+00:00,114.4375,114.4375,114.40625,114.40625,1316.0
2025-06-24 14:33:00+00:00,114.46875,114.5,114.4375,114.4375,1640.0
2025-06-24 14:34:00+00:00,114.46875,114.5,114.46875,114.46875,559.0
2025-06-24 14:35:00+00:00,114.46875,114.5,114.46875,114.46875,249.0
2025-06-24 14:36:00+00:00,114.4375,114.5,114.4375,114.5,864.0
2025-06-24 14:39:00+00:00,114.34375,114.375,114.34375,114.375,2487.0
2025-06-24 14:40:00+00:00,114.375,114.40625,114.34375,114.375,877.0
2025-06-24 14:41:00+00:00,114.375,114.40625,114.375,114.375,1332.0
2025-06-24 14:42:00+00:00,114.46875,114.46875,114.375,114.375,339.0
2025-06-24 14:43:00+00:00,114.46875,114.46875,114.4375,114.4375,865.0
2025-06-24 14:44:00+00:00,114.4375,114.4375,114.40625,114.4375,163.0
2025-06-24 14:45:00+00:00,114.46875,114.46875,114.40625,114.40625,626.0
2025-06-24 14:46:00+00:00,114.46875,114.5,114.4375,114.46875,1253.0
2025-06-24 14:47:00+00:00,114.46875,114.46875,114.46875,114.46875,434.0
2025-06-24 14:48:00+00:00,114.53125,114.53125,114.46875,114.46875,1540.0
2025-06-24 14:49:00+00:00,114.46875,114.5,114.4375,114.5,2286.0
2025-06-24 14:50:00+00:00,114.5,114.53125,114.46875,114.46875,1270.0
2025-06-24 14:51:00+00:00,114.53125,114.5625,114.53125,114.53125,702.0
2025-06-24 14:52:00+00:00,114.53125,114.53125,114.53125,114.53125,13.0
2025-06-24 14:53:00+00:00,114.5,114.53125,114.5,114.5,581.0
2025-06-24 14:54:00+00:00,114.5,114.5,114.5,114.5,305.0
2025-06-24 14:57:00+00:00,114.5,114.5,114.46875,114.5,2340.0
2025-06-24 14:58:00+00:00,114.46875,114.5,114.46875,114.46875,388.0
2025-06-24 14:59:00+00:00,114.53125,114.53125,114.5,114.5,386.0
2025-06-24 15:03:00+00:00,114.5625,114.5625,114.5625,114.5625,3196.0
2025-06-24 15:05:00+00:00,114.625,114.625,114.625,114.625,1704.0
2025-06-24 15:06:00+00:00,114.625,114.625,114.625,114.625,480.0
2025-06-24 15:08:00+00:00,114.625,114.65625,114.625,114.65625,3131.0
2025-06-24 15:09:00+00:00,114.625,114.625,114.625,114.625,688.0
2025-06-24 15:12:00+00:00,114.65625,114.65625,114.65625,114.65625,1192.0
2025-06-24 15:13:00+00:00,114.6875,114.6875,114.65625,114.6875,683.0
2025-06-24 15:14:00+00:00,114.65625,114.6875,114.625,114.6875,1392.0
2025-06-24 15:15:00+00:00,114.6875,114.6875,114.625,114.65625,611.0
2025-06-24 15:16:00+00:00,114.65625,114.6875,114.625,114.6875,512.0
2025-06-24 15:17:00+00:00,114.625,114.65625,114.625,114.65625,1167.0
2025-06-24 15:18:00+00:00,114.65625,114.65625,114.65625,114.65625,10.0
2025-06-24 15:20:00+00:00,114.625,114.65625,114.625,114.65625,1145.0
2025-06-24 15:21:00+00:00,114.625,114.625,114.625,114.625,201.0
2025-06-24 15:22:00+00:00,114.65625,114.65625,114.65625,114.65625,176.0
2025-06-24 15:24:00+00:00,114.59375,114.625,114.59375,114.625,1552.0
2025-06-24 15:25:00+00:00,114.59375,114.625,114.5625,114.59375,924.0
2025-06-24 15:28:00+00:00,114.625,114.625,114.625,114.625,1821.0
2025-06-24 15:29:00+00:00,114.625,114.625,114.625,114.625,474.0
2025-06-24 15:30:00+00:00,114.59375,114.625,114.59375,114.625,56.0
2025-06-24 15:33:00+00:00,114.5,114.53125,114.5,114.53125,3529.0
2025-06-24 15:34:00+00:00,114.5,114.5,114.5,114.5,387.0
2025-06-24 15:35:00+00:00,114.46875,114.5,114.46875,114.5,29.0
2025-06-24 15:36:00+00:00,114.5,114.5,114.46875,114.5,67.0
2025-06-24 15:37:00+00:00,114.5,114.5,114.46875,114.5,112.0
2025-06-24 15:38:00+00:00,114.46875,114.5,114.46875,114.5,194.0
2025-06-24 15:39:00+00:00,114.46875,114.46875,114.46875,114.46875,773.0
2025-06-24 15:40:00+00:00,114.4375,114.46875,114.4375,114.46875,786.0
2025-06-24 15:41:00+00:00,114.40625,114.4375,114.40625,114.4375,1329.0
2025-06-24 15:42:00+00:00,114.40625,114.4375,114.40625,114.40625,63.0
2025-06-24 15:43:00+00:00,114.4375,114.4375,114.4375,114.4375,355.0
2025-06-24 15:44:00+00:00,114.4375,114.46875,114.4375,114.46875,42.0
2025-06-24 15:45:00+00:00,114.4375,114.46875,114.4375,114.4375,15.0
2025-06-24 15:46:00+00:00,114.46875,114.46875,114.4375,114.46875,75.0
2025-06-24 15:47:00+00:00,114.40625,114.46875,114.40625,114.4375,726.0
2025-06-24 15:48:00+00:00,114.4375,114.46875,114.40625,114.40625,363.0
2025-06-24 15:49:00+00:00,114.5,114.5,114.4375,114.46875,298.0
2025-06-24 15:51:00+00:00,114.5,114.53125,114.5,114.53125,894.0
2025-06-24 15:52:00+00:00,114.5,114.53125,114.5,114.5,742.0
2025-06-24 15:53:00+00:00,114.5,114.5,114.5,114.5,388.0
2025-06-24 15:54:00+00:00,114.53125,114.53125,114.53125,114.53125,426.0
2025-06-24 15:55:00+00:00,114.5,114.5,114.5,114.5,281.0
2025-06-24 15:56:00+00:00,114.5,114.53125,114.5,114.5,107.0
2025-06-24 15:57:00+00:00,114.5,114.5,114.5,114.5,150.0
2025-06-24 15:58:00+00:00,114.5,114.53125,114.5,114.53125,524.0
2025-06-24 15:59:00+00:00,114.5625,114.5625,114.53125,114.53125,264.0
2025-06-24 16:00:00+00:00,114.53125,114.5625,114.53125,114.53125,187.0
2025-06-24 16:01:00+00:00,114.53125,114.53125,114.5,114.53125,188.0
2025-06-24 16:03:00+00:00,114.46875,114.5,114.46875,114.5,297.0
2025-06-24 16:04:00+00:00,114.5,114.5,114.5,114.5,288.0
2025-06-24 16:05:00+00:00,114.5,114.5,114.5,114.5,178.0
2025-06-24 16:06:00+00:00,114.46875,114.5,114.46875,114.5,948.0
2025-06-24 16:07:00+00:00,114.5,114.5,114.46875,114.46875,20.0
2025-06-24 16:08:00+00:00,114.46875,114.46875,114.46875,114.46875,268.0
2025-06-24 16:09:00+00:00,114.5,114.5,114.46875,114.46875,95.0
2025-06-24 16:10:00+00:00,114.5,114.53125,114.5,114.5,182.0
2025-06-24 16:11:00+00:00,114.5,114.5,114.5,114.5,138.0
2025-06-24 16:12:00+00:00,114.53125,114.53125,114.5,114.53125,393.0
2025-06-24 16:13:00+00:00,114.53125,114.53125,114.53125,114.53125,136.0
2025-06-24 16:14:00+00:00,114.53125,114.53125,114.53125,114.53125,10.0
2025-06-24 16:15:00+00:00,114.5625,114.5625,114.5625,114.5625,10.0
2025-06-24 16:16:00+00:00,114.53125,114.5625,114.53125,114.5625,30.0
2025-06-24 16:17:00+00:00,114.5,114.5625,114.5,114.53125,352.0
2025-06-24 16:18:00+00:00,114.5,114.53125,114.5,114.53125,11.0
2025-06-24 16:19:00+00:00,114.5,114.53125,114.5,114.5,10.0
2025-06-24 16:20:00+00:00,114.53125,114.53125,114.5,114.5,44.0
2025-06-24 16:21:00+00:00,114.5,114.53125,114.5,114.53125,184.0
2025-06-24 16:22:00+00:00,114.5625,114.5625,114.5,114.53125,1229.0
2025-06-24 16:23:00+00:00,114.59375,114.59375,114.59375,114.59375,4.0
2025-06-24 16:25:00+00:00,114.5625,114.5625,114.5625,114.5625,100.0
2025-06-24 16:26:00+00:00,114.53125,114.5625,114.53125,114.5625,1431.0
2025-06-24 16:27:00+00:00,114.5625,114.5625,114.53125,114.53125,289.0
2025-06-24 16:28:00+00:00,114.5625,114.59375,114.5625,114.5625,455.0
2025-06-24 16:29:00+00:00,114.5625,114.59375,114.5625,114.5625,32.0
2025-06-24 16:30:00+00:00,114.53125,114.5625,114.53125,114.5625,755.0
2025-06-24 16:33:00+00:00,114.59375,114.625,114.59375,114.59375,914.0
2025-06-24 16:34:00+00:00,114.59375,114.59375,114.59375,114.59375,140.0
2025-06-24 16:35:00+00:00,114.59375,114.59375,114.59375,114.59375,695.0
2025-06-24 16:36:00+00:00,114.59375,114.59375,114.59375,114.59375,177.0
2025-06-24 16:37:00+00:00,114.59375,114.59375,114.59375,114.59375,168.0
2025-06-24 16:38:00+00:00,114.59375,114.625,114.59375,114.625,519.0
2025-06-24 16:39:00+00:00,114.625,114.625,114.625,114.625,779.0
2025-06-24 16:40:00+00:00,114.65625,114.65625,114.625,114.625,24.0
2025-06-24 16:41:00+00:00,114.71875,114.75,114.625,114.65625,2768.0
2025-06-24 16:42:00+00:00,114.71875,114.71875,114.6875,114.71875,405.0
2025-06-24 16:43:00+00:00,114.65625,114.71875,114.65625,114.71875,650.0
2025-06-24 16:44:00+00:00,114.6875,114.71875,114.6875,114.6875,247.0
2025-06-24 16:45:00+00:00,114.71875,114.71875,114.65625,114.71875,991.0
2025-06-24 16:46:00+00:00,114.6875,114.71875,114.65625,114.71875,949.0
2025-06-24 16:47:00+00:00,114.65625,114.65625,114.625,114.65625,1670.0
2025-06-24 16:48:00+00:00,114.65625,114.65625,114.625,114.625,246.0
2025-06-24 16:49:00+00:00,114.65625,114.6875,114.625,114.65625,558.0
2025-06-24 16:50:00+00:00,114.625,114.65625,114.625,114.65625,298.0
2025-06-24 16:51:00+00:00,114.59375,114.625,114.59375,114.625,883.0
2025-06-24 16:52:00+00:00,114.625,114.65625,114.59375,114.59375,930.0
2025-06-24 16:53:00+00:00,114.625,114.625,114.625,114.625,1189.0
2025-06-24 16:54:00+00:00,114.625,114.65625,114.625,114.65625,248.0
2025-06-24 16:55:00+00:00,114.625,114.625,114.625,114.625,438.0
2025-06-24 16:56:00+00:00,114.625,114.65625,114.625,114.625,173.0
2025-06-24 16:57:00+00:00,114.625,114.625,114.625,114.625,174.0
2025-06-24 16:58:00+00:00,114.5625,114.625,114.5625,114.625,522.0
2025-06-24 16:59:00+00:00,114.59375,114.59375,114.5625,114.59375,595.0
2025-06-24 17:00:00+00:00,114.5625,114.59375,114.5625,114.59375,104.0
2025-06-24 17:01:00+00:00,114.59375,114.59375,114.5625,114.59375,78.0
2025-06-24 17:02:00+00:00,114.5625,114.59375,114.5625,114.59375,569.0
2025-06-24 17:03:00+00:00,114.5625,114.5625,114.53125,114.5625,553.0
2025-06-24 17:04:00+00:00,114.53125,114.53125,114.5,114.53125,1468.0
2025-06-24 17:05:00+00:00,114.5,114.53125,114.5,114.5,1206.0
2025-06-24 17:06:00+00:00,114.46875,114.5,114.46875,114.5,566.0
2025-06-24 17:07:00+00:00,114.5,114.5,114.5,114.5,1012.0
2025-06-24 17:08:00+00:00,114.53125,114.5625,114.5,114.53125,283.0
2025-06-24 17:09:00+00:00,114.53125,114.53125,114.53125,114.53125,353.0
2025-06-24 17:10:00+00:00,114.53125,114.53125,114.53125,114.53125,673.0
2025-06-24 17:11:00+00:00,114.53125,114.5625,114.53125,114.53125,304.0
2025-06-24 17:12:00+00:00,114.53125,114.53125,114.53125,114.53125,404.0
2025-06-24 17:13:00+00:00,114.53125,114.53125,114.53125,114.53125,0.0
