Datetime,Close,High,Low,Open,Volume
2025-06-16 13:30:00+00:00,42419.328125,42429.46875,42300.12890625,42300.12890625,0.0
2025-06-16 13:31:00+00:00,42444.28125,42446.25,42417.44140625,42417.44140625,3415883.0
2025-06-16 13:32:00+00:00,42444.2890625,42452.1796875,42422.62109375,42438.2109375,2786233.0
2025-06-16 13:33:00+00:00,42455.66015625,42463.37890625,42444.078125,42447.359375,2039067.0
2025-06-16 13:34:00+00:00,42472.3515625,42475.421875,42450.1796875,42458.98046875,2184404.0
2025-06-16 13:35:00+00:00,42483.75,42486.6796875,42457.78125,42470.26171875,2504438.0
2025-06-16 13:36:00+00:00,42459.75,42482.1015625,42446.12890625,42481.6796875,2073664.0
2025-06-16 13:37:00+00:00,42469.8203125,42481.25,42455.69140625,42459.53125,1861657.0
2025-06-16 13:38:00+00:00,42470.0390625,42474.359375,42465.9609375,42470.53125,1658468.0
2025-06-16 13:39:00+00:00,42454.1484375,42471.76171875,42451.25,42469.4609375,1511735.0
2025-06-16 13:40:00+00:00,42473.0,42473.98828125,42450.390625,42453.48828125,1921440.0
2025-06-16 13:41:00+00:00,42479.0703125,42482.6015625,42471.6796875,42476.5703125,1364608.0
2025-06-16 13:42:00+00:00,42481.390625,42495.23046875,42476.03125,42477.48046875,1441487.0
2025-06-16 13:43:00+00:00,42491.390625,42492.41015625,42476.76953125,42481.05859375,1195983.0
2025-06-16 13:44:00+00:00,42477.0,42498.91015625,42472.12109375,42489.26953125,1704496.0
2025-06-16 13:45:00+00:00,42520.140625,42520.140625,42476.3203125,42476.3203125,1814427.0
2025-06-16 13:46:00+00:00,42537.55078125,42541.96875,42528.73046875,42529.2890625,1617846.0
2025-06-16 13:47:00+00:00,42502.1015625,42538.28125,42500.0,42537.03125,1637555.0
2025-06-16 13:48:00+00:00,42517.19140625,42521.87109375,42497.05078125,42500.75,1185944.0
2025-06-16 13:49:00+00:00,42560.01171875,42571.48046875,42518.80078125,42518.80078125,2802770.0
2025-06-16 13:50:00+00:00,42546.25,42562.640625,42543.5703125,42562.640625,1415958.0
2025-06-16 13:51:00+00:00,42530.9609375,42553.37890625,42523.3515625,42543.94921875,1536139.0
2025-06-16 13:52:00+00:00,42561.140625,42562.48046875,42529.2109375,42529.2109375,1326270.0
2025-06-16 13:53:00+00:00,42582.46875,42585.23046875,42558.578125,42560.62890625,2038686.0
2025-06-16 13:54:00+00:00,42583.9296875,42607.890625,42577.578125,42582.16015625,1805720.0
2025-06-16 13:55:00+00:00,42608.78125,42608.8515625,42578.390625,42583.5703125,2241010.0
2025-06-16 13:56:00+00:00,42632.421875,42632.421875,42608.8515625,42609.1796875,2064527.0
2025-06-16 13:57:00+00:00,42620.8515625,42631.98046875,42617.62890625,42631.171875,1565745.0
2025-06-16 13:58:00+00:00,42597.30078125,42623.05859375,42592.640625,42621.3984375,2171959.0
2025-06-16 13:59:00+00:00,42610.0390625,42614.87890625,42607.0390625,42614.48046875,2150187.0
2025-06-16 14:00:00+00:00,42619.16015625,42638.30859375,42610.4609375,42610.4609375,2345685.0
2025-06-16 14:01:00+00:00,42631.23046875,42635.890625,42618.44921875,42618.96875,1405323.0
2025-06-16 14:02:00+00:00,42641.28125,42648.01953125,42628.25,42632.171875,1331312.0
2025-06-16 14:03:00+00:00,42627.37109375,42641.640625,42621.75,42641.640625,1129645.0
2025-06-16 14:04:00+00:00,42640.94140625,42641.1484375,42627.01953125,42627.01953125,1186988.0
2025-06-16 14:05:00+00:00,42643.21875,42650.55859375,42637.76953125,42640.76953125,1384571.0
2025-06-16 14:06:00+00:00,42615.0390625,42648.69140625,42615.0390625,42644.21875,1446587.0
2025-06-16 14:07:00+00:00,42632.08984375,42637.80859375,42631.328125,42632.37890625,1198972.0
2025-06-16 14:08:00+00:00,42610.8515625,42630.37109375,42610.6484375,42630.37109375,1099295.0
2025-06-16 14:09:00+00:00,42623.98828125,42634.640625,42609.69140625,42609.69140625,1362940.0
2025-06-16 14:10:00+00:00,42622.1015625,42631.44921875,42619.171875,42623.76953125,1198604.0
2025-06-16 14:11:00+00:00,42628.69921875,42629.51171875,42612.25,42622.94140625,999309.0
2025-06-16 14:12:00+00:00,42652.359375,42652.94140625,42630.33984375,42630.33984375,2463637.0
2025-06-16 14:13:00+00:00,42652.98046875,42657.3984375,42643.41015625,42653.69140625,1425745.0
2025-06-16 14:14:00+00:00,42662.30859375,42668.7890625,42652.55078125,42652.55078125,1041774.0
2025-06-16 14:15:00+00:00,42659.6796875,42671.8203125,42659.6796875,42662.78125,1156538.0
2025-06-16 14:16:00+00:00,42659.05078125,42662.9609375,42656.37109375,42658.26171875,1003747.0
2025-06-16 14:17:00+00:00,42666.76953125,42678.828125,42660.23046875,42660.23046875,1221462.0
2025-06-16 14:18:00+00:00,42697.55859375,42699.19140625,42666.25,42666.25,1179828.0
2025-06-16 14:19:00+00:00,42691.109375,42698.51171875,42686.359375,42696.44140625,1003150.0
2025-06-16 14:20:00+00:00,42685.890625,42692.80078125,42685.2890625,42691.671875,1330260.0
2025-06-16 14:21:00+00:00,42701.078125,42702.28125,42686.26953125,42687.5390625,1123653.0
2025-06-16 14:22:00+00:00,42688.7109375,42706.71875,42688.7109375,42701.2109375,1043173.0
2025-06-16 14:23:00+00:00,42677.98046875,42689.76953125,42676.0390625,42689.75,944551.0
2025-06-16 14:24:00+00:00,42684.44921875,42688.80078125,42678.87109375,42678.87109375,1004517.0
2025-06-16 14:25:00+00:00,42674.5703125,42685.9296875,42666.51953125,42684.3515625,1087524.0
2025-06-16 14:26:00+00:00,42677.328125,42680.48046875,42669.87890625,42674.9609375,793464.0
2025-06-16 14:27:00+00:00,42680.1484375,42684.19140625,42677.921875,42681.359375,1011139.0
2025-06-16 14:28:00+00:00,42678.7890625,42687.33984375,42678.7890625,42681.2890625,995194.0
2025-06-16 14:29:00+00:00,42663.6015625,42681.44921875,42659.8984375,42679.73046875,1058485.0
2025-06-16 14:30:00+00:00,42666.30859375,42673.7109375,42665.01171875,42665.01171875,1050222.0
2025-06-16 14:31:00+00:00,42677.390625,42678.1484375,42664.66015625,42665.671875,917821.0
2025-06-16 14:32:00+00:00,42697.421875,42702.23828125,42677.7109375,42677.9609375,861174.0
2025-06-16 14:33:00+00:00,42698.87890625,42705.71875,42695.62109375,42700.48046875,1339059.0
2025-06-16 14:34:00+00:00,42691.46875,42703.26953125,42690.21875,42699.46875,1189880.0
2025-06-16 14:35:00+00:00,42689.08984375,42692.80078125,42683.8515625,42690.6796875,1076267.0
2025-06-16 14:36:00+00:00,42681.1796875,42695.3515625,42675.4296875,42687.4609375,1090528.0
2025-06-16 14:37:00+00:00,42667.1796875,42697.41015625,42666.140625,42680.80859375,1084078.0
2025-06-16 14:38:00+00:00,42660.55078125,42669.08984375,42658.25,42667.859375,762077.0
2025-06-16 14:39:00+00:00,42655.33984375,42662.83984375,42653.48046875,42661.48046875,749850.0
2025-06-16 14:40:00+00:00,42651.078125,42657.9609375,42647.80078125,42655.12890625,787886.0
2025-06-16 14:41:00+00:00,42653.25,42655.0390625,42650.828125,42651.44140625,1308657.0
2025-06-16 14:42:00+00:00,42670.46875,42671.578125,42653.08984375,42654.828125,1091606.0
2025-06-16 14:43:00+00:00,42695.19140625,42697.390625,42668.6484375,42669.98828125,1337389.0
2025-06-16 14:44:00+00:00,42704.48046875,42704.48046875,42695.8984375,42697.80859375,1309622.0
2025-06-16 14:45:00+00:00,42699.12890625,42705.2109375,42695.96875,42704.3515625,854215.0
2025-06-16 14:46:00+00:00,42706.3203125,42706.4296875,42696.6796875,42699.921875,1205065.0
2025-06-16 14:47:00+00:00,42696.140625,42707.73046875,42692.96875,42706.921875,1062256.0
2025-06-16 14:48:00+00:00,42688.8515625,42697.25,42683.8203125,42695.921875,928535.0
2025-06-16 14:49:00+00:00,42678.9296875,42688.140625,42676.328125,42688.140625,763442.0
2025-06-16 14:50:00+00:00,42679.48046875,42690.16015625,42677.4296875,42678.3203125,1023481.0
2025-06-16 14:51:00+00:00,42684.828125,42689.6015625,42677.1484375,42679.359375,834651.0
2025-06-16 14:52:00+00:00,42675.921875,42685.609375,42668.359375,42684.80078125,1050136.0
2025-06-16 14:53:00+00:00,42687.53125,42690.62890625,42675.21875,42675.21875,1067571.0
2025-06-16 14:54:00+00:00,42672.8984375,42688.578125,42671.69921875,42687.91015625,759475.0
2025-06-16 14:55:00+00:00,42665.98046875,42676.48046875,42664.76953125,42671.83984375,908589.0
2025-06-16 14:56:00+00:00,42662.109375,42665.671875,42660.25,42665.30078125,899792.0
2025-06-16 14:57:00+00:00,42663.171875,42669.37109375,42660.98046875,42663.91015625,821488.0
2025-06-16 14:58:00+00:00,42651.6484375,42667.80078125,42650.28125,42662.37890625,1633544.0
2025-06-16 14:59:00+00:00,42667.16015625,42667.16015625,42649.66015625,42651.140625,1124842.0
2025-06-16 15:00:00+00:00,42665.46875,42668.7890625,42661.6484375,42665.8984375,1442703.0
2025-06-16 15:01:00+00:00,42669.58984375,42670.8515625,42662.2109375,42665.578125,1448039.0
2025-06-16 15:02:00+00:00,42660.8203125,42670.7109375,42654.80859375,42670.12890625,1658572.0
2025-06-16 15:03:00+00:00,42645.55859375,42665.23046875,42645.55859375,42665.23046875,2031707.0
2025-06-16 15:04:00+00:00,42640.6484375,42648.1015625,42640.26953125,42645.30078125,6972484.0
2025-06-16 15:05:00+00:00,42626.3203125,42642.5390625,42620.26953125,42641.76953125,2761588.0
2025-06-16 15:06:00+00:00,42626.01171875,42633.2109375,42622.91015625,42626.828125,1898160.0
2025-06-16 15:07:00+00:00,42604.109375,42626.6484375,42604.109375,42626.0390625,1641120.0
2025-06-16 15:08:00+00:00,42594.30078125,42603.73828125,42594.30078125,42603.73828125,1590720.0
2025-06-16 15:09:00+00:00,42597.37890625,42598.26171875,42592.6796875,42594.23828125,1428245.0
2025-06-16 15:10:00+00:00,42611.01953125,42611.01953125,42590.7109375,42596.80859375,1774083.0
2025-06-16 15:11:00+00:00,42596.51953125,42611.08984375,42593.1484375,42611.08984375,4054250.0
2025-06-16 15:12:00+00:00,42603.578125,42604.12109375,42596.12109375,42596.12109375,1658971.0
2025-06-16 15:13:00+00:00,42600.73828125,42606.96875,42595.26171875,42603.73046875,1258952.0
2025-06-16 15:14:00+00:00,42603.71875,42604.80078125,42595.76171875,42601.94921875,1078806.0
2025-06-16 15:15:00+00:00,42616.1015625,42625.96875,42604.1015625,42604.578125,1255810.0
2025-06-16 15:16:00+00:00,42597.23828125,42617.2890625,42596.6796875,42616.2890625,846589.0
2025-06-16 15:17:00+00:00,42609.66015625,42609.66015625,42597.08984375,42600.078125,941862.0
2025-06-16 15:18:00+00:00,42622.51171875,42623.48828125,42619.94140625,42621.5703125,1082040.0
2025-06-16 15:19:00+00:00,42614.01171875,42622.87890625,42612.140625,42622.87890625,920557.0
2025-06-16 15:20:00+00:00,42613.12109375,42617.140625,42610.140625,42613.9609375,1228288.0
2025-06-16 15:21:00+00:00,42637.30859375,42637.75,42612.5703125,42613.171875,875322.0
2025-06-16 15:22:00+00:00,42629.62890625,42640.859375,42628.828125,42637.5,1034343.0
2025-06-16 15:23:00+00:00,42625.73046875,42633.55078125,42625.53125,42628.78125,851231.0
2025-06-16 15:24:00+00:00,42628.87890625,42632.8984375,42625.640625,42625.640625,987322.0
2025-06-16 15:25:00+00:00,42615.578125,42634.08984375,42615.578125,42629.48046875,1131745.0
2025-06-16 15:26:00+00:00,42594.69140625,42616.03125,42594.66015625,42616.03125,1421057.0
2025-06-16 15:27:00+00:00,42587.46875,42597.23046875,42585.75,42593.1796875,1194044.0
2025-06-16 15:28:00+00:00,42596.421875,42596.55078125,42585.76953125,42587.01171875,1025676.0
2025-06-16 15:29:00+00:00,42585.9609375,42596.94140625,42582.80859375,42596.94140625,1062723.0
2025-06-16 15:30:00+00:00,42587.66015625,42590.55859375,42584.6484375,42587.9609375,838740.0
2025-06-16 15:31:00+00:00,42590.7109375,42592.71875,42581.1484375,42587.71875,969057.0
2025-06-16 15:32:00+00:00,42579.109375,42590.44140625,42579.109375,42590.44140625,668792.0
2025-06-16 15:33:00+00:00,42579.9609375,42583.19140625,42578.26171875,42579.640625,789582.0
2025-06-16 15:34:00+00:00,42577.4609375,42581.671875,42577.03125,42577.94140625,856521.0
2025-06-16 15:35:00+00:00,42575.78125,42577.58984375,42565.12890625,42577.58984375,1047992.0
2025-06-16 15:36:00+00:00,42589.37109375,42590.859375,42585.23828125,42586.03125,752626.0
2025-06-16 15:37:00+00:00,42595.3515625,42606.4609375,42589.6796875,42589.6796875,781681.0
2025-06-16 15:38:00+00:00,42608.578125,42608.62109375,42591.71875,42596.53125,862852.0
2025-06-16 15:39:00+00:00,42599.6015625,42609.1484375,42597.62890625,42608.75,522898.0
2025-06-16 15:40:00+00:00,42608.05859375,42608.05859375,42597.6796875,42600.3515625,819681.0
2025-06-16 15:41:00+00:00,42602.140625,42607.76953125,42602.140625,42607.76953125,717435.0
2025-06-16 15:42:00+00:00,42604.1796875,42605.33984375,42600.91015625,42603.41015625,642529.0
2025-06-16 15:43:00+00:00,42610.4609375,42618.55859375,42606.19140625,42606.19140625,710226.0
2025-06-16 15:44:00+00:00,42597.98046875,42611.12109375,42597.98046875,42610.16015625,665943.0
2025-06-16 15:45:00+00:00,42597.8984375,42603.390625,42593.94921875,42598.359375,657163.0
2025-06-16 15:46:00+00:00,42618.76953125,42618.76953125,42598.5,42598.5,570930.0
2025-06-16 15:47:00+00:00,42610.3515625,42618.44140625,42608.80859375,42618.171875,509518.0
2025-06-16 15:48:00+00:00,42609.46875,42611.578125,42608.03125,42610.5,445096.0
2025-06-16 15:49:00+00:00,42604.51171875,42608.578125,42598.87890625,42608.578125,589254.0
2025-06-16 15:50:00+00:00,42601.21875,42604.48828125,42597.58984375,42604.48828125,505376.0
2025-06-16 15:51:00+00:00,42594.01171875,42602.0390625,42593.5,42601.1015625,574092.0
2025-06-16 15:52:00+00:00,42584.41015625,42595.30859375,42581.01953125,42594.8515625,621385.0
2025-06-16 15:53:00+00:00,42579.421875,42586.5703125,42576.8203125,42584.37109375,781860.0
2025-06-16 15:54:00+00:00,42574.87109375,42581.828125,42574.05859375,42579.3203125,709751.0
2025-06-16 15:56:00+00:00,42557.5,42572.05859375,42545.4296875,42569.91015625,2329376.0
2025-06-16 15:57:00+00:00,42565.921875,42568.03125,42554.69140625,42557.3515625,813739.0
2025-06-16 15:58:00+00:00,42565.12890625,42568.4296875,42562.01171875,42566.19140625,658441.0
2025-06-16 15:59:00+00:00,42561.12109375,42569.26953125,42561.109375,42564.76171875,737569.0
2025-06-16 16:00:00+00:00,42574.8515625,42576.51953125,42561.1796875,42561.1796875,757149.0
2025-06-16 16:01:00+00:00,42555.578125,42575.05078125,42555.578125,42575.05078125,600175.0
2025-06-16 16:02:00+00:00,42546.48828125,42555.1015625,42544.75,42555.01953125,535380.0
2025-06-16 16:03:00+00:00,42543.1015625,42547.12109375,42540.80078125,42547.12109375,493130.0
2025-06-16 16:04:00+00:00,42548.1015625,42548.1015625,42539.23046875,42543.03125,683458.0
2025-06-16 16:05:00+00:00,42545.25,42553.51171875,42543.1015625,42547.9609375,653435.0
2025-06-16 16:06:00+00:00,42549.578125,42553.3984375,42542.37890625,42544.96875,594817.0
2025-06-16 16:07:00+00:00,42567.30078125,42567.30078125,42548.2890625,42551.03125,727833.0
2025-06-16 16:08:00+00:00,42561.44921875,42568.4296875,42560.7109375,42567.21875,611826.0
2025-06-16 16:09:00+00:00,42550.0703125,42562.37109375,42549.23828125,42561.5,735984.0
2025-06-16 16:10:00+00:00,42554.19921875,42554.53125,42541.671875,42550.69140625,650091.0
2025-06-16 16:11:00+00:00,42556.6796875,42557.91015625,42553.37109375,42554.19921875,563584.0
2025-06-16 16:12:00+00:00,42569.9296875,42569.94140625,42556.62890625,42557.01953125,764631.0
2025-06-16 16:13:00+00:00,42582.6484375,42582.6484375,42569.8515625,42569.8515625,693664.0
2025-06-16 16:15:00+00:00,42577.37109375,42577.66015625,42565.01171875,42574.98828125,2197477.0
2025-06-16 16:16:00+00:00,42581.80078125,42583.26953125,42576.5,42577.109375,734645.0
2025-06-16 16:17:00+00:00,42593.46875,42596.33984375,42580.08984375,42581.76953125,822436.0
2025-06-16 16:18:00+00:00,42592.66015625,42595.9296875,42592.41015625,42594.08984375,762054.0
2025-06-16 16:19:00+00:00,42584.5,42592.6796875,42584.5,42592.6796875,624949.0
2025-06-16 16:20:00+00:00,42601.609375,42601.76171875,42579.80078125,42583.7109375,770899.0
2025-06-16 16:21:00+00:00,42608.62890625,42609.48828125,42601.76171875,42602.1796875,560531.0
2025-06-16 16:22:00+00:00,42595.80859375,42611.23828125,42595.73828125,42608.75,749761.0
2025-06-16 16:23:00+00:00,42595.328125,42598.1015625,42594.19140625,42594.828125,652014.0
2025-06-16 16:24:00+00:00,42594.48828125,42597.25,42588.48046875,42595.671875,929200.0
2025-06-16 16:25:00+00:00,42578.87109375,42594.73828125,42576.71875,42594.609375,715025.0
2025-06-16 16:26:00+00:00,42566.51171875,42578.921875,42566.4296875,42578.921875,633880.0
2025-06-16 16:27:00+00:00,42564.6796875,42568.76953125,42560.9296875,42566.21875,600684.0
2025-06-16 16:28:00+00:00,42571.78125,42572.3203125,42559.9296875,42564.03125,704598.0
2025-06-16 16:29:00+00:00,42564.80859375,42573.76171875,42564.80859375,42570.83984375,684684.0
2025-06-16 16:30:00+00:00,42568.30078125,42568.76953125,42565.671875,42567.6015625,663545.0
2025-06-16 16:31:00+00:00,42574.87890625,42574.87890625,42567.16015625,42568.0,621821.0
2025-06-16 16:32:00+00:00,42578.80859375,42580.05078125,42570.94921875,42574.83984375,634628.0
2025-06-16 16:33:00+00:00,42569.8515625,42581.48046875,42569.8515625,42578.71875,617624.0
2025-06-16 16:34:00+00:00,42568.8203125,42571.109375,42566.94921875,42569.640625,547402.0
2025-06-16 16:35:00+00:00,42559.30078125,42568.94140625,42558.71875,42566.87109375,536833.0
2025-06-16 16:36:00+00:00,42567.98828125,42567.98828125,42555.37109375,42559.23046875,583627.0
2025-06-16 16:37:00+00:00,42565.171875,42578.30078125,42565.0703125,42568.6015625,645205.0
2025-06-16 16:38:00+00:00,42564.94921875,42566.44921875,42562.33984375,42565.3203125,677794.0
2025-06-16 16:39:00+00:00,42566.16015625,42568.6015625,42563.80078125,42566.3203125,583484.0
2025-06-16 16:40:00+00:00,42558.01171875,42566.3203125,42556.66015625,42566.01953125,648699.0
2025-06-16 16:41:00+00:00,42564.91015625,42570.140625,42558.7109375,42558.71875,643151.0
2025-06-16 16:42:00+00:00,42555.05078125,42565.0390625,42554.609375,42564.26953125,747046.0
2025-06-16 16:43:00+00:00,42547.30078125,42555.62890625,42544.53125,42554.26953125,586443.0
2025-06-16 16:44:00+00:00,42541.44140625,42547.58984375,42536.8515625,42546.73828125,691174.0
2025-06-16 16:45:00+00:00,42543.30078125,42544.1484375,42536.6015625,42540.859375,497557.0
2025-06-16 16:46:00+00:00,42563.21875,42564.03125,42542.9296875,42543.4609375,762272.0
2025-06-16 16:47:00+00:00,42569.51171875,42570.23828125,42562.671875,42563.08984375,643188.0
2025-06-16 16:48:00+00:00,42561.16015625,42561.76171875,42559.76953125,42559.76953125,461900.0
2025-06-16 16:49:00+00:00,42557.5,42562.46875,42556.71875,42561.0390625,394027.0
2025-06-16 16:50:00+00:00,42562.19140625,42562.19921875,42557.9609375,42558.55078125,454042.0
2025-06-16 16:51:00+00:00,42562.96875,42565.33984375,42560.05078125,42562.23828125,488247.0
2025-06-16 16:52:00+00:00,42573.76953125,42573.9296875,42561.140625,42563.1015625,578164.0
2025-06-16 16:53:00+00:00,42578.46875,42579.8203125,42571.73046875,42573.94140625,946788.0
2025-06-16 16:54:00+00:00,42577.30859375,42578.23828125,42573.01953125,42578.23828125,443786.0
2025-06-16 16:55:00+00:00,42569.4296875,42577.859375,42569.390625,42577.7109375,427508.0
2025-06-16 16:56:00+00:00,42567.98046875,42571.078125,42567.41015625,42569.55859375,468513.0
2025-06-16 16:57:00+00:00,42560.4296875,42568.87109375,42560.4296875,42568.48828125,438585.0
2025-06-16 16:58:00+00:00,42554.8203125,42562.73046875,42554.8203125,42560.859375,513396.0
2025-06-16 16:59:00+00:00,42553.078125,42554.640625,42544.01171875,42554.33984375,647440.0
2025-06-16 17:00:00+00:00,42557.2890625,42557.69140625,42551.078125,42554.0390625,422053.0
2025-06-16 17:01:00+00:00,42556.2890625,42559.25,42552.26953125,42557.46875,486178.0
2025-06-16 17:02:00+00:00,42553.91015625,42560.71875,42550.5,42555.8203125,548119.0
2025-06-16 17:03:00+00:00,42550.9296875,42554.2890625,42550.9296875,42554.0390625,367247.0
2025-06-16 17:04:00+00:00,42544.7890625,42553.76171875,42540.98046875,42550.8984375,540394.0
2025-06-16 17:05:00+00:00,42535.6015625,42548.37109375,42532.58984375,42544.76953125,650684.0
2025-06-16 17:06:00+00:00,42535.98046875,42536.98828125,42533.94140625,42535.46875,716913.0
2025-06-16 17:07:00+00:00,42540.28125,42543.4609375,42536.01171875,42536.01171875,502841.0
2025-06-16 17:08:00+00:00,42545.87109375,42546.66015625,42536.578125,42540.5390625,424188.0
2025-06-16 17:09:00+00:00,42549.98046875,42550.03125,42546.44140625,42546.44140625,456108.0
2025-06-16 17:10:00+00:00,42548.1796875,42548.1796875,42545.48828125,42545.48828125,427587.0
2025-06-16 17:11:00+00:00,42541.328125,42554.80859375,42540.25,42547.6484375,529178.0
2025-06-16 17:12:00+00:00,42529.25,42540.828125,42529.25,42540.58984375,531750.0
2025-06-16 17:13:00+00:00,42536.16015625,42536.16015625,42527.62890625,42529.4296875,707565.0
2025-06-16 17:14:00+00:00,42530.46875,42538.0390625,42530.46875,42536.08984375,605197.0
2025-06-16 17:15:00+00:00,42531.6015625,42531.6015625,42526.1796875,42530.9296875,694789.0
2025-06-16 17:16:00+00:00,42536.05078125,42536.05078125,42530.76171875,42531.6015625,627782.0
2025-06-16 17:17:00+00:00,42536.390625,42537.26953125,42532.21875,42537.26953125,583580.0
2025-06-16 17:18:00+00:00,42538.890625,42538.890625,42532.1015625,42536.3203125,696526.0
2025-06-16 17:19:00+00:00,42542.23046875,42544.05078125,42538.1796875,42538.76171875,546500.0
2025-06-16 17:20:00+00:00,42536.94921875,42547.51953125,42535.37109375,42541.62109375,716743.0
2025-06-16 17:21:00+00:00,42532.9609375,42538.0,42532.9609375,42536.80078125,456300.0
2025-06-16 17:22:00+00:00,42534.80078125,42536.8203125,42532.390625,42533.359375,499237.0
2025-06-16 17:23:00+00:00,42536.98046875,42538.859375,42534.12109375,42534.58984375,613768.0
2025-06-16 17:24:00+00:00,42540.6484375,42545.578125,42535.7109375,42535.7109375,567960.0
2025-06-16 17:25:00+00:00,42557.73046875,42558.01171875,42539.73046875,42540.6015625,714643.0
2025-06-16 17:26:00+00:00,42567.7109375,42568.12890625,42558.01953125,42558.01953125,461427.0
2025-06-16 17:27:00+00:00,42570.44140625,42570.44140625,42564.359375,42568.109375,479342.0
2025-06-16 17:28:00+00:00,42601.98046875,42603.76171875,42570.21875,42571.1015625,907953.0
2025-06-16 17:29:00+00:00,42594.16015625,42601.6484375,42593.98046875,42601.6484375,457462.0
2025-06-16 17:30:00+00:00,42611.21875,42613.80859375,42594.4296875,42594.4296875,611204.0
2025-06-16 17:31:00+00:00,42606.21875,42616.921875,42600.69921875,42616.4296875,809661.0
2025-06-16 17:32:00+00:00,42601.5390625,42607.98828125,42599.2890625,42606.58984375,645604.0
2025-06-16 17:33:00+00:00,42598.9296875,42611.6796875,42598.9296875,42601.76171875,531030.0
2025-06-16 17:34:00+00:00,42601.01171875,42601.98828125,42592.94921875,42597.578125,783512.0
2025-06-16 17:35:00+00:00,42588.53125,42604.46875,42585.75,42600.94921875,659437.0
2025-06-16 17:36:00+00:00,42587.5703125,42594.671875,42587.28125,42588.55078125,594809.0
2025-06-16 17:37:00+00:00,42584.859375,42589.8515625,42583.83984375,42587.71875,448484.0
2025-06-16 17:38:00+00:00,42581.30078125,42585.140625,42574.9609375,42583.87890625,514794.0
2025-06-16 17:39:00+00:00,42576.078125,42582.26953125,42575.05859375,42581.37109375,424855.0
2025-06-16 17:40:00+00:00,42580.390625,42581.0703125,42573.53125,42574.98828125,473971.0
2025-06-16 17:41:00+00:00,42585.69140625,42588.23828125,42579.62890625,42580.23046875,481881.0
2025-06-16 17:42:00+00:00,42576.76953125,42585.94140625,42576.76953125,42585.94140625,411826.0
2025-06-16 17:44:00+00:00,42571.7109375,42577.921875,42570.9296875,42573.328125,1125702.0
2025-06-16 17:45:00+00:00,42571.98046875,42578.76171875,42571.55859375,42571.55859375,575042.0
2025-06-16 17:46:00+00:00,42563.33984375,42572.390625,42559.58984375,42572.390625,461235.0
2025-06-16 17:47:00+00:00,42559.98828125,42564.6796875,42558.5703125,42564.0703125,557685.0
2025-06-16 17:48:00+00:00,42556.69921875,42560.37890625,42554.94921875,42559.80078125,469049.0
2025-06-16 17:49:00+00:00,42561.828125,42562.0390625,42556.0,42556.7890625,428845.0
2025-06-16 17:50:00+00:00,42563.73046875,42563.828125,42560.3984375,42562.48046875,422255.0
2025-06-16 17:51:00+00:00,42571.0703125,42571.0703125,42562.2109375,42564.2109375,428316.0
2025-06-16 17:52:00+00:00,42552.12890625,42572.0390625,42551.78125,42571.25,670701.0
2025-06-16 17:53:00+00:00,42555.328125,42558.1015625,42552.48828125,42552.48828125,469455.0
2025-06-16 17:54:00+00:00,42542.5703125,42556.96875,42542.5703125,42555.33984375,574486.0
2025-06-16 17:55:00+00:00,42535.55859375,42541.05859375,42529.5,42541.05859375,845285.0
2025-06-16 17:56:00+00:00,42535.96875,42537.62109375,42534.62890625,42535.359375,469514.0
2025-06-16 17:57:00+00:00,42520.609375,42536.2109375,42519.46875,42535.94140625,628382.0
2025-06-16 17:58:00+00:00,42511.078125,42520.140625,42511.078125,42519.640625,652095.0
2025-06-16 17:59:00+00:00,42516.96875,42517.05078125,42508.3984375,42510.94921875,592435.0
2025-06-16 18:00:00+00:00,42517.05859375,42519.69921875,42513.55078125,42517.01171875,525773.0
2025-06-16 18:01:00+00:00,42526.51171875,42529.03125,42515.23828125,42517.671875,746139.0
2025-06-16 18:02:00+00:00,42526.03125,42528.9296875,42524.16015625,42526.7890625,523114.0
2025-06-16 18:03:00+00:00,42535.48046875,42535.48046875,42526.55078125,42526.55078125,525935.0
2025-06-16 18:04:00+00:00,42538.87109375,42540.23046875,42535.359375,42535.80078125,454023.0
2025-06-16 18:05:00+00:00,42548.4296875,42548.609375,42539.03125,42539.03125,418119.0
2025-06-16 18:06:00+00:00,42552.0,42557.2109375,42548.5,42548.5,448961.0
2025-06-16 18:07:00+00:00,42543.671875,42552.0390625,42541.4609375,42552.0390625,445595.0
2025-06-16 18:08:00+00:00,42540.94140625,42544.4296875,42538.87109375,42543.41015625,418758.0
2025-06-16 18:09:00+00:00,42538.78125,42540.890625,42535.0703125,42540.890625,479959.0
2025-06-16 18:10:00+00:00,42539.8515625,42541.19140625,42538.12890625,42538.921875,420474.0
2025-06-16 18:11:00+00:00,42531.62890625,42539.87890625,42531.609375,42539.87890625,512743.0
2025-06-16 18:12:00+00:00,42534.01171875,42536.8984375,42531.6484375,42532.0390625,608566.0
2025-06-16 18:13:00+00:00,42540.3984375,42541.94921875,42531.41015625,42533.890625,465611.0
2025-06-16 18:14:00+00:00,42544.62890625,42544.62890625,42539.87109375,42540.55859375,966693.0
2025-06-16 18:15:00+00:00,42537.1796875,42545.05859375,42535.21875,42544.75,603064.0
2025-06-16 18:16:00+00:00,42532.62890625,42535.78125,42532.62890625,42535.71875,597035.0
2025-06-16 18:17:00+00:00,42532.37109375,42534.359375,42531.0703125,42532.48828125,513099.0
2025-06-16 18:18:00+00:00,42527.51171875,42533.25,42525.30078125,42532.4296875,405526.0
2025-06-16 18:19:00+00:00,42524.2890625,42527.3515625,42520.78125,42527.3515625,395073.0
2025-06-16 18:20:00+00:00,42517.078125,42525.0,42516.78125,42524.76171875,574671.0
2025-06-16 18:21:00+00:00,42517.16015625,42518.359375,42512.4296875,42516.66015625,459699.0
2025-06-16 18:22:00+00:00,42526.30859375,42526.390625,42515.96875,42517.5,392458.0
2025-06-16 18:23:00+00:00,42531.98046875,42533.578125,42524.30859375,42526.26953125,456301.0
2025-06-16 18:24:00+00:00,42542.76171875,42543.80078125,42532.0390625,42532.0390625,449205.0
2025-06-16 18:25:00+00:00,42536.5390625,42544.5703125,42535.5703125,42542.80078125,543037.0
2025-06-16 18:26:00+00:00,42537.44140625,42537.62109375,42532.21875,42536.2109375,388633.0
2025-06-16 18:27:00+00:00,42536.62890625,42542.0390625,42536.390625,42537.46875,1026407.0
2025-06-16 18:28:00+00:00,42534.6015625,42539.55859375,42533.640625,42536.7109375,399538.0
2025-06-16 18:29:00+00:00,42525.2109375,42534.48828125,42525.2109375,42534.05078125,378507.0
2025-06-16 18:30:00+00:00,42519.55859375,42528.8515625,42518.7890625,42525.19140625,548129.0
2025-06-16 18:31:00+00:00,42510.80078125,42521.0,42510.2109375,42519.75,630012.0
2025-06-16 18:32:00+00:00,42514.8515625,42515.03125,42507.6796875,42511.890625,472462.0
2025-06-16 18:33:00+00:00,42518.78125,42519.98828125,42514.28125,42514.5,437410.0
2025-06-16 18:34:00+00:00,42512.578125,42518.828125,42512.578125,42518.76171875,395426.0
2025-06-16 18:35:00+00:00,42500.41015625,42507.91015625,42500.41015625,42507.91015625,499863.0
2025-06-16 18:36:00+00:00,42498.08984375,42500.08984375,42490.859375,42500.08984375,666982.0
2025-06-16 18:37:00+00:00,42496.73046875,42498.28125,42493.671875,42497.98046875,447675.0
2025-06-16 18:38:00+00:00,42495.19921875,42502.3515625,42495.19921875,42496.87890625,405781.0
2025-06-16 18:39:00+00:00,42495.0,42496.94921875,42493.76171875,42494.48828125,511850.0
2025-06-16 18:40:00+00:00,42500.71875,42500.71875,42495.12109375,42495.12109375,559396.0
2025-06-16 18:41:00+00:00,42501.28125,42502.8984375,42499.66015625,42500.9296875,429705.0
2025-06-16 18:42:00+00:00,42499.12109375,42502.62109375,42498.19140625,42501.5390625,470288.0
2025-06-16 18:43:00+00:00,42498.69140625,42502.421875,42498.69140625,42499.859375,389993.0
2025-06-16 18:44:00+00:00,42494.08984375,42499.2890625,42494.08984375,42498.55859375,446755.0
2025-06-16 18:45:00+00:00,42487.44921875,42493.62109375,42483.1484375,42493.62109375,600913.0
2025-06-16 18:46:00+00:00,42487.4296875,42490.171875,42486.33984375,42486.33984375,621840.0
2025-06-16 18:47:00+00:00,42480.8984375,42486.6484375,42479.76953125,42485.76171875,419144.0
2025-06-16 18:48:00+00:00,42483.5703125,42485.30859375,42479.30078125,42480.55859375,549946.0
2025-06-16 18:49:00+00:00,42478.98046875,42485.08984375,42478.73046875,42483.578125,1070242.0
2025-06-16 18:50:00+00:00,42479.2109375,42484.80078125,42477.109375,42479.1796875,706910.0
2025-06-16 18:51:00+00:00,42480.19921875,42480.96875,42471.0390625,42478.9609375,598551.0
2025-06-16 18:52:00+00:00,42490.078125,42492.33984375,42479.9296875,42480.140625,729572.0
2025-06-16 18:53:00+00:00,42496.80078125,42500.578125,42488.0390625,42490.16015625,1000555.0
2025-06-16 18:54:00+00:00,42503.8515625,42503.8515625,42494.44921875,42496.78125,677508.0
2025-06-16 18:55:00+00:00,42508.73046875,42510.44921875,42503.828125,42503.828125,756815.0
2025-06-16 18:56:00+00:00,42519.28125,42520.01953125,42508.4296875,42508.640625,583561.0
2025-06-16 18:57:00+00:00,42525.03125,42525.76171875,42523.8203125,42525.76171875,589472.0
2025-06-16 18:58:00+00:00,42517.25,42526.6484375,42516.3203125,42524.671875,1110518.0
2025-06-16 18:59:00+00:00,42514.1015625,42518.55859375,42513.62109375,42517.08984375,618622.0
2025-06-16 19:00:00+00:00,42514.8515625,42515.05078125,42505.609375,42514.23828125,757862.0
2025-06-16 19:01:00+00:00,42501.19921875,42514.8515625,42500.2890625,42514.8515625,585578.0
2025-06-16 19:02:00+00:00,42499.48828125,42502.078125,42497.91015625,42501.328125,509390.0
2025-06-16 19:03:00+00:00,42485.0703125,42499.25,42485.0703125,42499.2109375,618177.0
2025-06-16 19:04:00+00:00,42483.87109375,42485.7890625,42482.41015625,42484.98046875,564438.0
2025-06-16 19:05:00+00:00,42476.30859375,42483.48046875,42475.73828125,42483.48046875,701857.0
2025-06-16 19:06:00+00:00,42475.6796875,42479.73828125,42472.30078125,42475.75,783265.0
2025-06-16 19:07:00+00:00,42472.53125,42477.859375,42472.53125,42475.94140625,632631.0
2025-06-16 19:08:00+00:00,42470.30859375,42473.2890625,42468.87890625,42472.91015625,773102.0
2025-06-16 19:09:00+00:00,42465.98828125,42470.12890625,42464.62109375,42469.98828125,853469.0
2025-06-16 19:10:00+00:00,42461.78125,42465.6484375,42458.3515625,42465.3203125,764482.0
2025-06-16 19:11:00+00:00,42466.5703125,42467.01953125,42457.94921875,42462.55859375,1138417.0
2025-06-16 19:12:00+00:00,42468.1484375,42468.3984375,42467.6015625,42468.30859375,668956.0
2025-06-16 19:13:00+00:00,42483.109375,42484.921875,42466.1796875,42468.140625,1010526.0
2025-06-16 19:14:00+00:00,42468.6484375,42486.23046875,42466.5,42483.83984375,766418.0
2025-06-16 19:15:00+00:00,42464.328125,42469.44140625,42464.03125,42468.6484375,638198.0
2025-06-16 19:16:00+00:00,42476.96875,42476.96875,42464.0,42464.30078125,778938.0
2025-06-16 19:17:00+00:00,42467.640625,42477.4296875,42466.94921875,42477.26953125,694451.0
2025-06-16 19:18:00+00:00,42463.76953125,42469.66015625,42463.16015625,42467.44140625,570380.0
2025-06-16 19:19:00+00:00,42457.98046875,42466.44140625,42457.6484375,42463.4296875,798220.0
2025-06-16 19:20:00+00:00,42454.37109375,42459.26171875,42451.44140625,42457.921875,773811.0
2025-06-16 19:21:00+00:00,42479.80078125,42486.328125,42447.51171875,42454.55859375,2080601.0
2025-06-16 19:22:00+00:00,42483.578125,42490.25,42478.5390625,42481.890625,825331.0
2025-06-16 19:23:00+00:00,42492.671875,42493.9609375,42484.41015625,42484.41015625,931674.0
2025-06-16 19:24:00+00:00,42470.80078125,42493.1796875,42468.19140625,42492.69921875,825700.0
2025-06-16 19:25:00+00:00,42470.19140625,42470.828125,42465.55859375,42470.828125,751667.0
2025-06-16 19:26:00+00:00,42478.75,42480.73046875,42469.7890625,42470.12890625,850430.0
2025-06-16 19:27:00+00:00,42477.30859375,42488.55859375,42475.05859375,42478.75,1376741.0
2025-06-16 19:28:00+00:00,42466.76171875,42477.73046875,42466.3203125,42477.6484375,665706.0
2025-06-16 19:29:00+00:00,42462.9296875,42467.80859375,42462.6015625,42467.578125,683205.0
2025-06-16 19:30:00+00:00,42467.30078125,42470.98046875,42460.33984375,42462.51171875,937469.0
2025-06-16 19:31:00+00:00,42468.1484375,42474.5703125,42463.33984375,42466.98046875,1331393.0
2025-06-16 19:33:00+00:00,42450.01171875,42453.328125,42448.80078125,42449.98828125,2012057.0
2025-06-16 19:34:00+00:00,42462.98828125,42465.859375,42449.69140625,42449.69140625,747590.0
2025-06-16 19:35:00+00:00,42471.75,42477.9296875,42459.94921875,42461.26953125,854491.0
2025-06-16 19:36:00+00:00,42476.78125,42477.6796875,42468.078125,42471.1484375,943248.0
2025-06-16 19:37:00+00:00,42472.0703125,42480.33984375,42472.0703125,42477.6484375,985617.0
2025-06-16 19:38:00+00:00,42478.94921875,42479.01953125,42472.1796875,42472.1796875,991497.0
2025-06-16 19:39:00+00:00,42477.109375,42483.28125,42474.8515625,42479.1484375,1043454.0
2025-06-16 19:40:00+00:00,42477.66015625,42480.171875,42476.30078125,42477.46875,871152.0
2025-06-16 19:41:00+00:00,42482.80859375,42483.26953125,42474.41015625,42477.33984375,1083714.0
2025-06-16 19:42:00+00:00,42484.640625,42486.46875,42484.12890625,42485.33984375,653676.0
2025-06-16 19:43:00+00:00,42482.58984375,42485.640625,42479.62109375,42485.0703125,955658.0
2025-06-16 19:44:00+00:00,42484.921875,42484.921875,42475.80078125,42482.01953125,931326.0
2025-06-16 19:45:00+00:00,42498.7109375,42498.7109375,42484.94140625,42485.0,972481.0
2025-06-16 19:46:00+00:00,42504.1484375,42505.73828125,42494.75,42498.55859375,1030301.0
2025-06-16 19:47:00+00:00,42505.19140625,42508.828125,42499.98828125,42503.44140625,1145141.0
2025-06-16 19:48:00+00:00,42517.078125,42517.078125,42497.4609375,42504.83984375,1423984.0
2025-06-16 19:49:00+00:00,42503.3203125,42518.58984375,42503.3203125,42516.73046875,1491358.0
2025-06-16 19:50:00+00:00,42476.9609375,42487.01171875,42473.83984375,42486.98828125,2150593.0
2025-06-16 19:51:00+00:00,42485.94921875,42485.94921875,42473.5703125,42476.4609375,1820606.0
2025-06-16 19:52:00+00:00,42495.69921875,42497.5390625,42481.890625,42484.91015625,1624779.0
2025-06-16 19:53:00+00:00,42492.359375,42498.66015625,42489.91015625,42495.55859375,1805139.0
2025-06-16 19:54:00+00:00,42501.3984375,42511.890625,42484.5703125,42492.05859375,2907469.0
2025-06-16 19:55:00+00:00,42507.421875,42521.8203125,42493.0390625,42501.0703125,3253196.0
2025-06-16 19:56:00+00:00,42502.578125,42516.9609375,42502.578125,42509.0,2882146.0
2025-06-16 19:57:00+00:00,42464.05078125,42504.37890625,42464.05078125,42504.37890625,3522576.0
2025-06-16 19:58:00+00:00,42470.921875,42475.4296875,42463.078125,42464.30859375,4853734.0
2025-06-16 19:59:00+00:00,42519.140625,42523.0703125,42464.2890625,42469.28125,9328962.0
2025-06-17 13:30:00+00:00,42341.96875,42364.05859375,42341.96875,42364.05859375,19694002.0
2025-06-17 13:31:00+00:00,42379.16015625,42380.33984375,42343.4609375,42343.4609375,2953239.0
2025-06-17 13:32:00+00:00,42402.7109375,42405.94140625,42370.26171875,42376.80078125,2460019.0
2025-06-17 13:33:00+00:00,42374.44921875,42407.26953125,42371.44140625,42403.62890625,1791250.0
2025-06-17 13:34:00+00:00,42397.48046875,42409.9296875,42374.55078125,42374.640625,2262039.0
2025-06-17 13:35:00+00:00,42375.578125,42397.44140625,42371.53125,42392.80078125,2094685.0
2025-06-17 13:36:00+00:00,42367.1796875,42382.390625,42365.83984375,42376.3203125,1505863.0
2025-06-17 13:37:00+00:00,42352.83984375,42367.44140625,42350.73828125,42367.44140625,1597652.0
2025-06-17 13:38:00+00:00,42376.30078125,42377.48828125,42353.78125,42353.78125,1246036.0
2025-06-17 13:39:00+00:00,42373.2890625,42383.83984375,42366.9609375,42376.21875,1387082.0
2025-06-17 13:40:00+00:00,42388.71875,42388.94140625,42372.69140625,42373.8515625,1438369.0
2025-06-17 13:41:00+00:00,42385.578125,42396.671875,42383.66015625,42387.30078125,1595911.0
2025-06-17 13:42:00+00:00,42356.83984375,42383.26953125,42344.87109375,42382.48046875,1948416.0
2025-06-17 13:43:00+00:00,42376.2109375,42381.2109375,42353.12109375,42357.140625,1292813.0
2025-06-17 13:44:00+00:00,42398.62890625,42398.62890625,42376.51171875,42376.671875,1575074.0
2025-06-17 13:46:00+00:00,42404.80859375,42414.98046875,42401.05859375,42403.140625,3148162.0
2025-06-17 13:47:00+00:00,42409.80859375,42414.94921875,42404.01953125,42408.55078125,1317914.0
2025-06-17 13:48:00+00:00,42392.01171875,42415.55078125,42390.28125,42407.5,1348588.0
2025-06-17 13:49:00+00:00,42385.6484375,42394.76171875,42381.73046875,42392.828125,1269901.0
2025-06-17 13:50:00+00:00,42365.94921875,42385.671875,42365.94921875,42385.55859375,1255275.0
2025-06-17 13:51:00+00:00,42381.03125,42381.5,42367.80078125,42367.80078125,937122.0
2025-06-17 13:52:00+00:00,42409.96875,42411.6796875,42380.5390625,42384.66015625,1620394.0
2025-06-17 13:53:00+00:00,42406.2890625,42414.23046875,42405.109375,42409.8515625,878021.0
2025-06-17 13:54:00+00:00,42396.609375,42406.75,42396.33984375,42403.921875,1167624.0
2025-06-17 13:55:00+00:00,42393.44140625,42406.83984375,42393.12109375,42395.328125,970307.0
2025-06-17 13:56:00+00:00,42406.80859375,42407.73828125,42380.94921875,42394.55078125,1606743.0
2025-06-17 13:57:00+00:00,42405.69921875,42410.421875,42402.44140625,42404.8515625,1153897.0
2025-06-17 13:58:00+00:00,42395.48828125,42408.3515625,42395.48828125,42406.80859375,936147.0
2025-06-17 13:59:00+00:00,42405.44140625,42405.44140625,42390.75,42395.44921875,993872.0
2025-06-17 14:00:00+00:00,42415.75,42426.421875,42405.3984375,42405.3984375,1531840.0
2025-06-17 14:01:00+00:00,42404.46875,42417.19921875,42402.2109375,42413.44140625,1155932.0
2025-06-17 14:02:00+00:00,42406.1484375,42413.2109375,42401.58984375,42404.23828125,1019893.0
2025-06-17 14:03:00+00:00,42406.87109375,42414.87890625,42406.16015625,42407.26953125,1009951.0
2025-06-17 14:04:00+00:00,42404.3515625,42408.6796875,42394.390625,42407.078125,1137849.0
2025-06-17 14:05:00+00:00,42425.30078125,42426.359375,42402.8203125,42405.05859375,1208242.0
2025-06-17 14:06:00+00:00,42426.41015625,42433.76953125,42424.44140625,42424.859375,961048.0
2025-06-17 14:07:00+00:00,42423.328125,42440.23046875,42423.328125,42426.83984375,1379499.0
2025-06-17 14:08:00+00:00,42425.94140625,42426.9609375,42417.96875,42422.1484375,999449.0
2025-06-17 14:09:00+00:00,42438.8984375,42440.96875,42415.28125,42424.828125,1037340.0
2025-06-17 14:10:00+00:00,42436.23046875,42451.9609375,42435.421875,42438.640625,1107393.0
2025-06-17 14:11:00+00:00,42452.19921875,42452.19921875,42435.578125,42438.5,1053686.0
2025-06-17 14:12:00+00:00,42468.44921875,42468.44921875,42450.58984375,42451.69921875,1018468.0
2025-06-17 14:13:00+00:00,42461.12109375,42472.26953125,42457.71875,42468.390625,825340.0
2025-06-17 14:14:00+00:00,42468.25,42469.8984375,42459.87890625,42460.9609375,1086094.0
2025-06-17 14:15:00+00:00,42462.26953125,42476.94921875,42459.16015625,42467.71875,918236.0
2025-06-17 14:16:00+00:00,42464.44921875,42464.44921875,42457.28125,42461.94921875,1314719.0
2025-06-17 14:17:00+00:00,42463.4609375,42468.96875,42460.96875,42465.30078125,836553.0
2025-06-17 14:18:00+00:00,42450.71875,42467.94921875,42448.98828125,42463.5,1103690.0
2025-06-17 14:19:00+00:00,42455.69140625,42459.28125,42445.6015625,42449.9609375,746357.0
2025-06-17 14:20:00+00:00,42472.8984375,42473.0,42455.0703125,42456.1484375,750391.0
2025-06-17 14:21:00+00:00,42489.5703125,42489.5703125,42480.828125,42481.109375,801532.0
2025-06-17 14:22:00+00:00,42485.671875,42493.62890625,42484.609375,42489.73828125,1587243.0
2025-06-17 14:23:00+00:00,42488.41015625,42492.33984375,42484.8984375,42487.51171875,838523.0
2025-06-17 14:24:00+00:00,42470.1484375,42492.19140625,42470.0,42488.30859375,1023747.0
2025-06-17 14:25:00+00:00,42466.328125,42477.828125,42463.98828125,42469.91015625,831740.0
2025-06-17 14:26:00+00:00,42466.8203125,42473.33984375,42463.94140625,42466.7890625,905361.0
2025-06-17 14:27:00+00:00,42470.12890625,42471.55078125,42463.08984375,42465.1015625,846094.0
2025-06-17 14:28:00+00:00,42471.3203125,42474.03125,42467.8203125,42469.51953125,817256.0
2025-06-17 14:29:00+00:00,42474.46875,42476.1015625,42470.30078125,42471.76953125,732814.0
2025-06-17 14:30:00+00:00,42481.51953125,42484.37890625,42473.390625,42473.94921875,1095185.0
2025-06-17 14:31:00+00:00,42492.140625,42497.37890625,42480.44140625,42480.80078125,741083.0
2025-06-17 14:32:00+00:00,42481.25,42494.98828125,42481.25,42491.890625,642713.0
2025-06-17 14:33:00+00:00,42475.26953125,42481.51953125,42475.26953125,42481.51953125,879007.0
2025-06-17 14:34:00+00:00,42470.890625,42477.2109375,42470.58984375,42475.828125,684922.0
2025-06-17 14:35:00+00:00,42453.5703125,42470.76171875,42452.578125,42470.390625,817217.0
2025-06-17 14:36:00+00:00,42457.8515625,42469.58984375,42453.23828125,42453.23828125,649065.0
2025-06-17 14:37:00+00:00,42455.30859375,42458.1015625,42448.83984375,42457.8515625,898391.0
2025-06-17 14:38:00+00:00,42462.2109375,42466.12890625,42456.23828125,42456.23828125,795823.0
2025-06-17 14:39:00+00:00,42460.91015625,42463.7890625,42458.0,42462.23828125,560413.0
2025-06-17 14:40:00+00:00,42438.8984375,42463.421875,42438.8984375,42461.4609375,1001903.0
2025-06-17 14:41:00+00:00,42427.19140625,42440.33984375,42427.19140625,42439.7109375,687206.0
2025-06-17 14:42:00+00:00,42424.37109375,42431.26953125,42416.921875,42427.359375,835151.0
2025-06-17 14:43:00+00:00,42435.25,42438.828125,42424.16015625,42424.51171875,734689.0
2025-06-17 14:44:00+00:00,42426.359375,42436.73828125,42423.80859375,42435.328125,763709.0
2025-06-17 14:45:00+00:00,42431.7109375,42434.83984375,42423.76953125,42426.359375,953035.0
2025-06-17 14:46:00+00:00,42438.01171875,42440.51171875,42428.08984375,42431.9296875,633127.0
2025-06-17 14:47:00+00:00,42440.6796875,42448.640625,42438.671875,42438.671875,673018.0
2025-06-17 14:48:00+00:00,42435.078125,42442.69140625,42433.12109375,42440.2890625,733515.0
2025-06-17 14:49:00+00:00,42428.890625,42436.33984375,42420.2890625,42434.98828125,723864.0
2025-06-17 14:50:00+00:00,42448.87109375,42448.87109375,42425.55859375,42428.421875,735702.0
2025-06-17 14:51:00+00:00,42433.98828125,42457.4296875,42432.6796875,42448.859375,742159.0
2025-06-17 14:52:00+00:00,42416.3984375,42434.609375,42415.3515625,42434.609375,685264.0
2025-06-17 14:53:00+00:00,42420.7890625,42423.7890625,42414.171875,42416.19140625,868137.0
2025-06-17 14:54:00+00:00,42434.26953125,42434.73046875,42420.9609375,42420.9609375,540137.0
2025-06-17 14:55:00+00:00,42439.80859375,42440.69140625,42429.8984375,42434.73046875,603116.0
2025-06-17 14:56:00+00:00,42432.94140625,42439.48828125,42429.2890625,42438.8984375,724045.0
2025-06-17 14:57:00+00:00,42424.87890625,42424.87890625,42422.69140625,42423.53125,824616.0
2025-06-17 14:58:00+00:00,42433.58984375,42437.41015625,42423.51171875,42424.421875,714378.0
2025-06-17 14:59:00+00:00,42433.37890625,42437.66015625,42429.28125,42434.30859375,597033.0
2025-06-17 15:00:00+00:00,42434.2890625,42435.94140625,42427.859375,42433.26171875,1010990.0
2025-06-17 15:01:00+00:00,42428.359375,42432.94140625,42423.94140625,42432.51953125,996831.0
2025-06-17 15:02:00+00:00,42429.28125,42431.08984375,42423.0703125,42427.078125,586130.0
2025-06-17 15:03:00+00:00,42453.1484375,42453.1484375,42427.80078125,42428.609375,855409.0
2025-06-17 15:04:00+00:00,42465.51953125,42465.8203125,42453.44921875,42454.0390625,762305.0
2025-06-17 15:05:00+00:00,42471.8515625,42476.1796875,42461.23828125,42465.48828125,559811.0
2025-06-17 15:06:00+00:00,42472.33984375,42473.37890625,42468.171875,42470.98828125,1286118.0
2025-06-17 15:07:00+00:00,42485.109375,42486.3984375,42472.66015625,42473.05078125,631730.0
2025-06-17 15:08:00+00:00,42484.96875,42491.1796875,42483.19140625,42485.69921875,676800.0
2025-06-17 15:09:00+00:00,42483.01171875,42485.19921875,42478.76953125,42484.62890625,491433.0
2025-06-17 15:10:00+00:00,42489.01953125,42491.41015625,42479.01953125,42483.6796875,952920.0
2025-06-17 15:11:00+00:00,42508.2890625,42511.98828125,42485.640625,42486.5390625,1011556.0
2025-06-17 15:12:00+00:00,42504.55078125,42510.08984375,42502.55078125,42508.94140625,1116339.0
2025-06-17 15:13:00+00:00,42493.94140625,42504.94140625,42492.83984375,42504.94140625,959824.0
2025-06-17 15:14:00+00:00,42529.328125,42529.328125,42496.98046875,42496.98046875,984870.0
2025-06-17 15:15:00+00:00,42519.828125,42530.828125,42519.2109375,42529.83984375,989090.0
2025-06-17 15:16:00+00:00,42491.80859375,42519.23046875,42489.5703125,42519.23046875,1566904.0
2025-06-17 15:17:00+00:00,42487.01171875,42490.21875,42486.6796875,42489.76953125,740641.0
2025-06-17 15:18:00+00:00,42490.55859375,42491.828125,42482.1796875,42487.640625,628711.0
2025-06-17 15:19:00+00:00,42479.921875,42494.2890625,42478.9296875,42489.671875,702278.0
2025-06-17 15:20:00+00:00,42477.05859375,42479.921875,42463.609375,42479.921875,630677.0
2025-06-17 15:21:00+00:00,42466.91015625,42478.41015625,42466.4609375,42476.921875,702545.0
2025-06-17 15:22:00+00:00,42461.96875,42469.66015625,42461.96875,42467.37109375,752310.0
2025-06-17 15:23:00+00:00,42469.390625,42470.30078125,42459.80859375,42462.609375,539107.0
2025-06-17 15:24:00+00:00,42464.01171875,42471.87890625,42464.01171875,42469.41015625,628167.0
2025-06-17 15:25:00+00:00,42443.1796875,42466.421875,42441.08984375,42464.03125,684488.0
2025-06-17 15:26:00+00:00,42438.91015625,42448.05078125,42438.3984375,42443.421875,663173.0
2025-06-17 15:27:00+00:00,42442.1796875,42447.609375,42437.53125,42438.19921875,682597.0
2025-06-17 15:28:00+00:00,42443.25,42443.78125,42438.5703125,42442.1484375,704855.0
2025-06-17 15:29:00+00:00,42432.421875,42442.80859375,42426.48046875,42442.80859375,1048018.0
2025-06-17 15:30:00+00:00,42430.5,42439.94921875,42428.640625,42432.94140625,632990.0
2025-06-17 15:31:00+00:00,42419.73046875,42429.69921875,42413.76953125,42429.69921875,820142.0
2025-06-17 15:32:00+00:00,42407.94921875,42420.26953125,42407.08984375,42419.80078125,639880.0
2025-06-17 15:33:00+00:00,42409.0703125,42411.01953125,42403.828125,42406.44921875,790906.0
2025-06-17 15:34:00+00:00,42422.48046875,42424.05859375,42408.94140625,42408.94140625,710932.0
2025-06-17 15:35:00+00:00,42415.66015625,42422.48828125,42408.6796875,42422.48828125,757719.0
2025-06-17 15:36:00+00:00,42437.78125,42437.78125,42416.109375,42416.109375,991458.0
2025-06-17 15:38:00+00:00,42442.0,42442.25,42434.73828125,42441.62890625,1435855.0
2025-06-17 15:39:00+00:00,42428.75,42443.390625,42427.76171875,42443.390625,754771.0
2025-06-17 15:40:00+00:00,42438.1796875,42438.80078125,42426.58984375,42427.9296875,742952.0
2025-06-17 15:41:00+00:00,42441.83984375,42444.6484375,42438.25,42438.4296875,687325.0
2025-06-17 15:42:00+00:00,42454.51953125,42454.671875,42441.98828125,42441.98828125,1009459.0
2025-06-17 15:43:00+00:00,42447.078125,42454.96875,42446.4609375,42454.48046875,596368.0
2025-06-17 15:44:00+00:00,42447.46875,42452.53125,42444.328125,42446.9609375,755775.0
2025-06-17 15:45:00+00:00,42443.05859375,42453.83984375,42443.05859375,42447.3515625,625867.0
2025-06-17 15:46:00+00:00,42450.1015625,42450.69140625,42442.37890625,42442.48828125,624913.0
2025-06-17 15:47:00+00:00,42453.75,42456.41015625,42450.01171875,42450.01953125,563853.0
2025-06-17 15:48:00+00:00,42432.01171875,42453.8515625,42431.4296875,42453.8515625,874167.0
2025-06-17 15:49:00+00:00,42444.03125,42444.69921875,42427.7890625,42432.171875,670750.0
2025-06-17 15:50:00+00:00,42446.078125,42452.16015625,42444.80859375,42444.80859375,501628.0
2025-06-17 15:51:00+00:00,42451.171875,42451.171875,42441.76171875,42445.578125,625194.0
2025-06-17 15:52:00+00:00,42459.578125,42460.140625,42450.78125,42450.78125,573078.0
2025-06-17 15:53:00+00:00,42465.359375,42465.890625,42458.859375,42459.48046875,549436.0
2025-06-17 15:54:00+00:00,42455.109375,42466.05859375,42454.94921875,42465.30078125,424803.0
2025-06-17 15:55:00+00:00,42427.94921875,42455.30859375,42427.94921875,42455.21875,643687.0
2025-06-17 15:56:00+00:00,42441.8984375,42444.5,42427.25,42427.76171875,564838.0
2025-06-17 15:57:00+00:00,42441.6796875,42443.33984375,42441.6796875,42443.2109375,462066.0
2025-06-17 15:58:00+00:00,42442.3515625,42444.62109375,42434.12109375,42441.7109375,486825.0
2025-06-17 15:59:00+00:00,42439.640625,42445.12890625,42438.80078125,42442.21875,584125.0
2025-06-17 16:00:00+00:00,42446.328125,42448.08984375,42439.859375,42440.1015625,812320.0
2025-06-17 16:01:00+00:00,42461.30078125,42461.76171875,42444.6796875,42446.80859375,482072.0
2025-06-17 16:02:00+00:00,42466.37890625,42470.48046875,42461.46875,42461.46875,419961.0
2025-06-17 16:03:00+00:00,42464.87109375,42467.19140625,42463.23046875,42466.0390625,514717.0
2025-06-17 16:04:00+00:00,42473.5703125,42478.55859375,42465.03125,42465.03125,548856.0
2025-06-17 16:05:00+00:00,42460.19921875,42476.7109375,42460.0,42473.23046875,621095.0
2025-06-17 16:06:00+00:00,42464.69921875,42465.23046875,42454.51953125,42460.21875,1313019.0
2025-06-17 16:07:00+00:00,42465.19921875,42471.19921875,42462.6796875,42464.73046875,744915.0
2025-06-17 16:08:00+00:00,42470.640625,42474.4609375,42465.390625,42465.671875,648334.0
2025-06-17 16:09:00+00:00,42441.4609375,42471.51953125,42429.5390625,42470.6015625,1722694.0
2025-06-17 16:10:00+00:00,42468.69921875,42470.71875,42441.3984375,42441.3984375,642826.0
2025-06-17 16:11:00+00:00,42483.26953125,42484.05078125,42467.7890625,42467.7890625,595594.0
2025-06-17 16:12:00+00:00,42478.01171875,42485.94140625,42475.69140625,42484.859375,508786.0
2025-06-17 16:13:00+00:00,42475.890625,42481.73828125,42475.890625,42477.80078125,610054.0
2025-06-17 16:14:00+00:00,42484.62890625,42484.62890625,42474.44921875,42475.73046875,531737.0
2025-06-17 16:15:00+00:00,42482.01171875,42486.3515625,42481.890625,42483.75,492910.0
2025-06-17 16:16:00+00:00,42479.48828125,42482.109375,42477.73828125,42481.58984375,420232.0
2025-06-17 16:17:00+00:00,42485.01171875,42492.01953125,42480.01171875,42480.01171875,518391.0
2025-06-17 16:18:00+00:00,42479.1484375,42486.73046875,42477.671875,42485.26953125,538455.0
2025-06-17 16:19:00+00:00,42486.16015625,42486.16015625,42478.7109375,42479.26953125,879572.0
2025-06-17 16:20:00+00:00,42485.76953125,42489.12109375,42482.9296875,42486.12109375,538069.0
2025-06-17 16:21:00+00:00,42471.01953125,42486.87109375,42468.76953125,42486.3203125,548096.0
2025-06-17 16:22:00+00:00,42467.91015625,42472.87109375,42467.91015625,42472.87109375,543743.0
2025-06-17 16:23:00+00:00,42473.828125,42475.7109375,42467.8203125,42468.28125,502039.0
2025-06-17 16:24:00+00:00,42468.8515625,42480.4609375,42468.8515625,42473.671875,558872.0
2025-06-17 16:25:00+00:00,42472.62109375,42474.21875,42464.6484375,42469.2890625,506577.0
2025-06-17 16:26:00+00:00,42465.41015625,42473.51953125,42465.26953125,42473.19921875,520413.0
2025-06-17 16:27:00+00:00,42470.578125,42471.3984375,42463.6484375,42466.671875,599317.0
2025-06-17 16:28:00+00:00,42468.98828125,42470.6015625,42466.2109375,42469.578125,581137.0
2025-06-17 16:29:00+00:00,42460.26953125,42471.3515625,42459.671875,42469.48046875,504120.0
2025-06-17 16:30:00+00:00,42460.96875,42465.94921875,42459.0,42459.80078125,437657.0
2025-06-17 16:31:00+00:00,42467.19921875,42469.55078125,42457.1015625,42460.48828125,439819.0
2025-06-17 16:32:00+00:00,42477.1015625,42477.76171875,42466.7109375,42467.01171875,392619.0
2025-06-17 16:33:00+00:00,42482.51953125,42485.5390625,42475.87109375,42477.1796875,449170.0
2025-06-17 16:34:00+00:00,42484.609375,42486.12890625,42481.37890625,42481.91015625,436326.0
2025-06-17 16:35:00+00:00,42489.01171875,42489.01171875,42484.37890625,42484.37890625,477037.0
2025-06-17 16:36:00+00:00,42484.23046875,42490.19921875,42483.26953125,42488.578125,461332.0
2025-06-17 16:37:00+00:00,42480.55078125,42484.73046875,42479.359375,42484.73046875,369957.0
2025-06-17 16:38:00+00:00,42490.76171875,42492.6484375,42480.359375,42480.359375,469882.0
2025-06-17 16:39:00+00:00,42481.25,42492.44140625,42481.25,42490.69140625,427902.0
2025-06-17 16:40:00+00:00,42478.30078125,42481.26171875,42477.9609375,42481.16015625,490573.0
2025-06-17 16:41:00+00:00,42467.21875,42478.1484375,42466.1796875,42478.1484375,554972.0
2025-06-17 16:42:00+00:00,42466.76171875,42467.55078125,42465.171875,42467.37890625,456936.0
2025-06-17 16:43:00+00:00,42469.08984375,42471.73046875,42461.0390625,42466.6484375,435820.0
2025-06-17 16:44:00+00:00,42432.87890625,42469.55859375,42427.78125,42469.55859375,1041835.0
2025-06-17 16:45:00+00:00,42448.41015625,42456.12109375,42432.69921875,42433.3515625,770671.0
2025-06-17 16:46:00+00:00,42456.6015625,42456.6015625,42456.33984375,42456.33984375,442192.0
2025-06-17 16:47:00+00:00,42456.2109375,42463.671875,42454.921875,42457.0703125,403886.0
2025-06-17 16:48:00+00:00,42444.55078125,42456.44921875,42442.44140625,42456.26171875,454182.0
2025-06-17 16:49:00+00:00,42435.19140625,42444.94140625,42418.2109375,42444.48828125,1154211.0
2025-06-17 16:50:00+00:00,42428.28125,42443.05078125,42418.23046875,42435.1015625,703107.0
2025-06-17 16:51:00+00:00,42433.44140625,42435.3984375,42427.890625,42429.80859375,719810.0
2025-06-17 16:52:00+00:00,42419.828125,42435.26953125,42412.28125,42433.76171875,748319.0
2025-06-17 16:53:00+00:00,42417.9609375,42420.73828125,42414.6796875,42417.44140625,860296.0
2025-06-17 16:54:00+00:00,42430.76171875,42432.51953125,42415.71875,42418.75,585936.0
2025-06-17 16:55:00+00:00,42403.578125,42429.25,42403.578125,42429.25,619600.0
2025-06-17 16:56:00+00:00,42402.98828125,42406.51953125,42398.69140625,42403.6015625,670964.0
2025-06-17 16:57:00+00:00,42391.96875,42403.1015625,42391.7890625,42403.1015625,840969.0
2025-06-17 16:58:00+00:00,42374.578125,42393.05078125,42374.390625,42392.8984375,616279.0
2025-06-17 16:59:00+00:00,42372.5703125,42375.0703125,42362.0703125,42375.0703125,747399.0
2025-06-17 17:00:00+00:00,42371.91015625,42374.69140625,42368.19921875,42372.51171875,649315.0
2025-06-17 17:01:00+00:00,42367.66015625,42373.80078125,42364.80859375,42372.25,598038.0
2025-06-17 17:02:00+00:00,42395.80859375,42395.98828125,42368.73046875,42368.96875,876011.0
2025-06-17 17:03:00+00:00,42405.58984375,42405.58984375,42393.44140625,42396.0,778670.0
2025-06-17 17:04:00+00:00,42400.859375,42407.41015625,42400.66015625,42407.41015625,659817.0
2025-06-17 17:05:00+00:00,42378.75,42400.921875,42377.80078125,42400.87890625,732614.0
2025-06-17 17:06:00+00:00,42373.69921875,42378.6484375,42371.7890625,42378.6484375,506660.0
2025-06-17 17:07:00+00:00,42379.44921875,42379.44921875,42366.03125,42373.08984375,675065.0
2025-06-17 17:08:00+00:00,42393.41015625,42394.7890625,42380.01953125,42380.01953125,610090.0
2025-06-17 17:09:00+00:00,42390.0390625,42392.94921875,42386.9296875,42392.94921875,536687.0
2025-06-17 17:10:00+00:00,42396.26953125,42399.8515625,42385.12890625,42389.94140625,689368.0
2025-06-17 17:11:00+00:00,42383.171875,42394.640625,42382.2890625,42394.640625,650115.0
2025-06-17 17:12:00+00:00,42381.4609375,42384.9296875,42380.69921875,42383.91015625,617707.0
2025-06-17 17:13:00+00:00,42384.76953125,42388.30859375,42379.75,42381.26953125,500776.0
2025-06-17 17:14:00+00:00,42384.16015625,42385.30859375,42379.94921875,42384.859375,621649.0
2025-06-17 17:15:00+00:00,42382.05859375,42384.69921875,42380.7109375,42383.41015625,533129.0
2025-06-17 17:16:00+00:00,42371.171875,42382.0703125,42364.26953125,42382.0703125,817736.0
2025-06-17 17:17:00+00:00,42367.87109375,42372.828125,42366.12890625,42371.08984375,1618965.0
2025-06-17 17:18:00+00:00,42373.3984375,42373.828125,42359.8984375,42367.08984375,570080.0
2025-06-17 17:19:00+00:00,42359.359375,42373.1484375,42359.359375,42371.73046875,504884.0
2025-06-17 17:20:00+00:00,42352.859375,42359.7890625,42348.12109375,42359.7890625,829599.0
2025-06-17 17:21:00+00:00,42346.51953125,42353.01953125,42341.16015625,42352.98046875,564868.0
2025-06-17 17:22:00+00:00,42340.0,42346.28125,42337.76171875,42346.28125,465756.0
2025-06-17 17:23:00+00:00,42339.140625,42342.671875,42337.44140625,42342.421875,494306.0
2025-06-17 17:24:00+00:00,42339.1484375,42350.87109375,42338.921875,42339.03125,1194992.0
2025-06-17 17:25:00+00:00,42325.12890625,42326.01171875,42323.76953125,42326.01171875,711750.0
2025-06-17 17:26:00+00:00,42319.421875,42327.58984375,42310.7890625,42325.30859375,787018.0
2025-06-17 17:27:00+00:00,42322.69921875,42322.859375,42317.26953125,42319.98828125,386695.0
2025-06-17 17:28:00+00:00,42304.5,42322.51171875,42304.1796875,42322.51171875,627057.0
2025-06-17 17:29:00+00:00,42304.1015625,42306.41015625,42301.80859375,42304.76953125,674268.0
2025-06-17 17:30:00+00:00,42295.26953125,42304.25,42283.5,42304.25,1145982.0
2025-06-17 17:31:00+00:00,42314.390625,42314.390625,42295.66015625,42295.66015625,613492.0
2025-06-17 17:32:00+00:00,42321.828125,42322.30078125,42312.3984375,42314.98828125,512112.0
2025-06-17 17:33:00+00:00,42330.26171875,42334.2109375,42319.19140625,42322.1015625,817971.0
2025-06-17 17:34:00+00:00,42338.6796875,42340.55078125,42330.73046875,42330.73046875,564481.0
2025-06-17 17:35:00+00:00,42352.16015625,42354.23828125,42337.359375,42338.69921875,490522.0
2025-06-17 17:36:00+00:00,42346.5,42351.4296875,42344.69140625,42351.4296875,693436.0
2025-06-17 17:37:00+00:00,42351.8203125,42352.6484375,42346.0,42346.05859375,544720.0
2025-06-17 17:38:00+00:00,42330.48828125,42357.05859375,42330.48828125,42352.0390625,574296.0
2025-06-17 17:39:00+00:00,42323.05078125,42332.578125,42316.921875,42330.16015625,534569.0
2025-06-17 17:41:00+00:00,42336.12890625,42344.359375,42335.171875,42335.359375,1160807.0
2025-06-17 17:42:00+00:00,42326.921875,42336.4609375,42326.890625,42336.390625,388462.0
2025-06-17 17:43:00+00:00,42313.01953125,42327.8203125,42313.01953125,42327.8203125,546597.0
2025-06-17 17:44:00+00:00,42290.78125,42312.390625,42284.48046875,42312.390625,680772.0
2025-06-17 17:45:00+00:00,42294.078125,42296.140625,42285.12890625,42289.87890625,576487.0
2025-06-17 17:46:00+00:00,42269.26171875,42291.8515625,42249.2890625,42291.8515625,1114513.0
2025-06-17 17:47:00+00:00,42259.578125,42277.78125,42259.05859375,42277.78125,887177.0
2025-06-17 17:48:00+00:00,42246.3984375,42259.6796875,42243.6015625,42259.6796875,738403.0
2025-06-17 17:49:00+00:00,42249.55078125,42250.62109375,42228.33984375,42246.3984375,1158300.0
2025-06-17 17:50:00+00:00,42237.91015625,42249.53125,42233.1015625,42249.53125,637460.0
2025-06-17 17:51:00+00:00,42227.44140625,42239.5703125,42216.80078125,42237.171875,982407.0
2025-06-17 17:52:00+00:00,42230.2109375,42238.51171875,42225.98828125,42226.69921875,652803.0
2025-06-17 17:53:00+00:00,42248.4296875,42249.140625,42231.921875,42232.41015625,637370.0
2025-06-17 17:54:00+00:00,42246.140625,42248.16015625,42237.828125,42248.16015625,546773.0
2025-06-17 17:55:00+00:00,42257.71875,42262.23046875,42246.140625,42246.44921875,652790.0
2025-06-17 17:56:00+00:00,42266.76171875,42267.73828125,42257.91015625,42258.3203125,522536.0
2025-06-17 17:57:00+00:00,42266.6484375,42272.75,42266.6484375,42267.328125,537618.0
2025-06-17 17:58:00+00:00,42254.8203125,42267.05078125,42254.33984375,42266.7109375,571426.0
2025-06-17 17:59:00+00:00,42247.94140625,42254.390625,42246.26171875,42254.390625,561037.0
2025-06-17 18:00:00+00:00,42217.55078125,42247.5,42199.37890625,42247.5,1295336.0
2025-06-17 18:01:00+00:00,42211.58984375,42217.171875,42197.0703125,42217.171875,844281.0
2025-06-17 18:02:00+00:00,42208.26953125,42214.69921875,42190.96875,42210.390625,1422099.0
2025-06-17 18:03:00+00:00,42190.01953125,42211.25,42186.921875,42208.03125,708736.0
2025-06-17 18:04:00+00:00,42193.53125,42193.76953125,42183.98828125,42192.21875,813210.0
2025-06-17 18:05:00+00:00,42210.05078125,42211.98046875,42193.98046875,42193.98046875,1090534.0
2025-06-17 18:06:00+00:00,42206.1796875,42220.2890625,42204.55859375,42214.62890625,1090914.0
2025-06-17 18:07:00+00:00,42225.359375,42225.44140625,42205.2109375,42206.12109375,667251.0
2025-06-17 18:08:00+00:00,42214.78125,42225.578125,42214.6796875,42225.578125,700767.0
2025-06-17 18:09:00+00:00,42224.9296875,42224.9296875,42210.1484375,42213.33984375,882016.0
2025-06-17 18:10:00+00:00,42235.2890625,42236.30859375,42223.87890625,42224.05859375,634190.0
2025-06-17 18:11:00+00:00,42234.12109375,42235.109375,42229.37890625,42234.80078125,484578.0
2025-06-17 18:12:00+00:00,42213.0,42235.48046875,42210.26171875,42234.19140625,623214.0
2025-06-17 18:13:00+00:00,42228.80859375,42228.80859375,42209.98046875,42213.12890625,505031.0
2025-06-17 18:14:00+00:00,42213.30859375,42228.328125,42213.28125,42228.328125,361634.0
2025-06-17 18:15:00+00:00,42197.12109375,42216.4609375,42195.421875,42212.08984375,824497.0
2025-06-17 18:16:00+00:00,42202.51953125,42207.71875,42196.80078125,42196.859375,663359.0
2025-06-17 18:17:00+00:00,42216.87109375,42216.96875,42196.6484375,42202.51953125,187545.0
2025-06-17 18:18:00+00:00,42208.69140625,42216.8515625,42205.0703125,42216.3984375,498312.0
2025-06-17 18:19:00+00:00,42205.76953125,42210.140625,42201.01171875,42208.87890625,468864.0
2025-06-17 18:20:00+00:00,42211.44921875,42211.44921875,42203.3515625,42206.3984375,680331.0
2025-06-17 18:21:00+00:00,42209.62890625,42214.51171875,42204.9296875,42211.2890625,507321.0
2025-06-17 18:22:00+00:00,42201.80859375,42209.46875,42200.859375,42209.37890625,564554.0
2025-06-17 18:23:00+00:00,42195.48828125,42203.30078125,42193.578125,42201.9296875,567350.0
2025-06-17 18:24:00+00:00,42189.12109375,42197.1484375,42188.4609375,42194.01953125,558880.0
2025-06-17 18:25:00+00:00,42187.4296875,42192.48046875,42177.3515625,42189.1484375,874216.0
2025-06-17 18:26:00+00:00,42183.08984375,42187.26953125,42174.80078125,42187.26953125,863769.0
2025-06-17 18:27:00+00:00,42171.26953125,42183.55859375,42165.87890625,42182.33984375,597466.0
2025-06-17 18:28:00+00:00,42168.6484375,42175.671875,42158.2890625,42170.96875,764405.0
2025-06-17 18:29:00+00:00,42178.2109375,42181.6796875,42166.55859375,42169.0703125,616479.0
2025-06-17 18:30:00+00:00,42189.3984375,42192.62890625,42174.2890625,42177.8984375,738569.0
2025-06-17 18:31:00+00:00,42187.671875,42194.25,42185.73046875,42189.58984375,681194.0
2025-06-17 18:32:00+00:00,42181.0703125,42190.66015625,42175.26171875,42187.5703125,496830.0
2025-06-17 18:33:00+00:00,42179.23828125,42184.8984375,42177.1796875,42180.73046875,421684.0
2025-06-17 18:34:00+00:00,42198.1015625,42198.1015625,42179.3984375,42179.3984375,710064.0
2025-06-17 18:35:00+00:00,42204.73046875,42206.1015625,42197.58984375,42197.58984375,558119.0
2025-06-17 18:36:00+00:00,42187.75,42205.3203125,42184.23046875,42204.80859375,572747.0
2025-06-17 18:37:00+00:00,42187.28125,42190.0390625,42179.51171875,42187.55859375,698924.0
2025-06-17 18:38:00+00:00,42183.48828125,42195.5,42183.48828125,42187.33984375,499708.0
2025-06-17 18:39:00+00:00,42168.23828125,42183.3984375,42163.19921875,42183.3984375,607056.0
2025-06-17 18:40:00+00:00,42154.26953125,42168.37890625,42150.8515625,42168.19921875,590237.0
2025-06-17 18:41:00+00:00,42150.1015625,42157.69921875,42144.05859375,42154.03125,749021.0
2025-06-17 18:42:00+00:00,42154.26953125,42157.0,42151.9609375,42151.9609375,689084.0
2025-06-17 18:43:00+00:00,42157.87890625,42165.58984375,42151.2890625,42153.3203125,591055.0
2025-06-17 18:44:00+00:00,42150.05859375,42159.69140625,42132.6484375,42157.76953125,1070740.0
2025-06-17 18:45:00+00:00,42166.41015625,42166.41015625,42150.26171875,42150.609375,655309.0
2025-06-17 18:46:00+00:00,42173.76171875,42174.0390625,42165.3515625,42166.7109375,523427.0
2025-06-17 18:47:00+00:00,42159.80078125,42177.25,42158.91015625,42174.05078125,602228.0
2025-06-17 18:48:00+00:00,42159.6015625,42160.578125,42149.859375,42160.01953125,551435.0
2025-06-17 18:49:00+00:00,42162.69140625,42165.2890625,42159.4609375,42159.609375,405220.0
2025-06-17 18:50:00+00:00,42166.25,42168.87109375,42160.109375,42162.44140625,558353.0
2025-06-17 18:51:00+00:00,42155.6484375,42167.26171875,42153.80078125,42166.51953125,571099.0
2025-06-17 18:52:00+00:00,42151.078125,42157.66015625,42150.87890625,42155.19921875,513616.0
2025-06-17 18:53:00+00:00,42156.05859375,42156.078125,42148.0390625,42151.359375,426294.0
2025-06-17 18:54:00+00:00,42155.80078125,42155.94921875,42145.69921875,42155.94921875,673774.0
2025-06-17 18:55:00+00:00,42175.0,42175.0,42155.76171875,42155.76171875,780698.0
2025-06-17 18:56:00+00:00,42180.23828125,42182.671875,42173.7109375,42173.7109375,532579.0
2025-06-17 18:57:00+00:00,42190.109375,42190.4609375,42178.328125,42180.96875,629968.0
2025-06-17 18:58:00+00:00,42195.1796875,42195.44921875,42191.5703125,42191.5703125,565168.0
2025-06-17 18:59:00+00:00,42205.7890625,42205.7890625,42195.328125,42195.55859375,862262.0
2025-06-17 19:00:00+00:00,42202.078125,42214.3515625,42201.3984375,42205.51171875,568473.0
2025-06-17 19:01:00+00:00,42197.55078125,42204.5390625,42197.078125,42201.73828125,884831.0
2025-06-17 19:02:00+00:00,42200.37890625,42205.890625,42195.171875,42198.41015625,529877.0
2025-06-17 19:03:00+00:00,42186.109375,42201.5,42185.421875,42200.48828125,577674.0
2025-06-17 19:04:00+00:00,42178.23046875,42183.75,42178.01171875,42183.75,422392.0
2025-06-17 19:05:00+00:00,42172.23828125,42178.6796875,42166.6015625,42178.171875,692736.0
2025-06-17 19:06:00+00:00,42180.0390625,42180.12890625,42169.828125,42170.109375,493791.0
2025-06-17 19:07:00+00:00,42187.76953125,42187.76953125,42178.1484375,42179.640625,552370.0
2025-06-17 19:08:00+00:00,42196.46875,42196.46875,42186.12109375,42188.01953125,613724.0
2025-06-17 19:09:00+00:00,42198.078125,42199.03125,42192.94140625,42196.109375,506407.0
2025-06-17 19:10:00+00:00,42185.859375,42199.1015625,42183.23046875,42197.83984375,740845.0
2025-06-17 19:11:00+00:00,42213.83984375,42214.87890625,42185.55859375,42185.55859375,719372.0
2025-06-17 19:12:00+00:00,42225.640625,42225.9609375,42213.578125,42213.76171875,671992.0
2025-06-17 19:13:00+00:00,42211.8984375,42225.7890625,42211.8984375,42225.5390625,510822.0
2025-06-17 19:14:00+00:00,42212.83984375,42216.390625,42211.83984375,42211.87109375,540847.0
2025-06-17 19:15:00+00:00,42222.23046875,42224.08984375,42212.78125,42212.78125,481219.0
2025-06-17 19:16:00+00:00,42219.53125,42225.55078125,42217.03125,42222.23828125,575081.0
2025-06-17 19:17:00+00:00,42195.8203125,42220.6484375,42195.62890625,42219.69921875,957199.0
2025-06-17 19:18:00+00:00,42198.73828125,42204.26953125,42195.78125,42195.78125,588104.0
2025-06-17 19:19:00+00:00,42197.01953125,42201.98828125,42197.01953125,42198.03125,607576.0
2025-06-17 19:20:00+00:00,42209.94140625,42209.94140625,42194.5390625,42197.140625,699313.0
2025-06-17 19:21:00+00:00,42216.1796875,42220.41015625,42210.23046875,42210.23046875,674875.0
2025-06-17 19:22:00+00:00,42230.0703125,42231.30859375,42216.859375,42216.98046875,539243.0
2025-06-17 19:23:00+00:00,42232.609375,42232.83984375,42229.671875,42229.671875,542042.0
2025-06-17 19:24:00+00:00,42232.01953125,42232.75,42227.671875,42232.75,513415.0
2025-06-17 19:25:00+00:00,42235.0390625,42237.19140625,42230.44140625,42232.2109375,628757.0
2025-06-17 19:26:00+00:00,42230.62890625,42234.28125,42224.390625,42234.12109375,586475.0
2025-06-17 19:27:00+00:00,42228.62109375,42233.51171875,42226.6796875,42230.8203125,522168.0
2025-06-17 19:28:00+00:00,42231.9296875,42232.94140625,42228.23828125,42228.9296875,549740.0
2025-06-17 19:29:00+00:00,42230.96875,42233.80078125,42229.3203125,42232.0,538965.0
2025-06-17 19:30:00+00:00,42223.359375,42234.9296875,42223.359375,42230.828125,818560.0
2025-06-17 19:31:00+00:00,42205.62890625,42225.62890625,42204.12109375,42223.51953125,921624.0
2025-06-17 19:32:00+00:00,42210.328125,42213.48046875,42210.328125,42213.48046875,685392.0
2025-06-17 19:33:00+00:00,42208.9296875,42212.7109375,42202.390625,42210.359375,607492.0
2025-06-17 19:34:00+00:00,42218.3515625,42218.9609375,42208.87109375,42208.87109375,687741.0
2025-06-17 19:35:00+00:00,42228.03125,42228.4296875,42217.94921875,42217.94921875,722047.0
2025-06-17 19:36:00+00:00,42228.75,42233.73828125,42226.62109375,42227.3984375,692735.0
2025-06-17 19:37:00+00:00,42228.1484375,42230.69140625,42224.80859375,42229.03125,908335.0
2025-06-17 19:38:00+00:00,42227.5703125,42228.390625,42223.44921875,42228.21875,770968.0
2025-06-17 19:39:00+00:00,42209.0703125,42228.640625,42208.859375,42227.421875,1156522.0
2025-06-17 19:40:00+00:00,42199.96875,42211.9296875,42199.3515625,42208.7890625,933235.0
2025-06-17 19:41:00+00:00,42194.30859375,42202.4296875,42182.671875,42199.94140625,1111342.0
2025-06-17 19:42:00+00:00,42186.578125,42195.53125,42185.26953125,42195.53125,762609.0
2025-06-17 19:43:00+00:00,42199.58984375,42203.01171875,42186.73828125,42186.73828125,889880.0
2025-06-17 19:44:00+00:00,42201.23828125,42205.640625,42194.58984375,42199.421875,877978.0
2025-06-17 19:45:00+00:00,42220.390625,42220.390625,42198.3203125,42201.76171875,1316813.0
2025-06-17 19:46:00+00:00,42208.9296875,42222.859375,42206.96875,42220.98046875,1278095.0
2025-06-17 19:47:00+00:00,42228.12109375,42229.98046875,42209.0,42209.23046875,1021002.0
2025-06-17 19:48:00+00:00,42238.41015625,42239.73828125,42228.44921875,42228.44921875,975307.0
2025-06-17 19:49:00+00:00,42237.390625,42241.078125,42233.9296875,42238.1796875,1135898.0
2025-06-17 19:50:00+00:00,42240.98828125,42245.05859375,42226.171875,42237.58984375,2499000.0
2025-06-17 19:51:00+00:00,42235.62109375,42239.96875,42227.359375,42239.96875,1694920.0
2025-06-17 19:52:00+00:00,42220.51953125,42233.5,42218.8984375,42233.5,1631789.0
2025-06-17 19:53:00+00:00,42237.2890625,42238.8203125,42216.41015625,42220.5,1646898.0
2025-06-17 19:54:00+00:00,42208.109375,42237.21875,42206.5703125,42237.21875,2413656.0
2025-06-17 19:55:00+00:00,42226.28125,42228.46875,42182.51171875,42208.0,4094312.0
2025-06-17 19:56:00+00:00,42231.2890625,42237.30859375,42223.5703125,42226.4609375,2428600.0
2025-06-17 19:57:00+00:00,42214.30859375,42222.25,42207.5703125,42221.05078125,2886510.0
2025-06-17 19:58:00+00:00,42209.19140625,42221.3515625,42208.55078125,42215.28125,4133739.0
2025-06-17 19:59:00+00:00,42211.0703125,42220.0390625,42197.37890625,42206.5703125,8838847.0
2025-06-18 13:30:00+00:00,42211.8515625,42266.19140625,42195.37890625,42236.03125,19333195.0
2025-06-18 13:31:00+00:00,42209.0,42228.19140625,42200.1484375,42211.66015625,2466310.0
2025-06-18 13:32:00+00:00,42228.578125,42232.12890625,42200.8515625,42207.12890625,1818191.0
2025-06-18 13:33:00+00:00,42224.921875,42235.01171875,42212.37890625,42227.83984375,2314218.0
2025-06-18 13:34:00+00:00,42230.51171875,42234.37109375,42221.2890625,42225.21875,1286922.0
2025-06-18 13:35:00+00:00,42249.8515625,42250.87890625,42218.16015625,42233.0703125,1585807.0
2025-06-18 13:36:00+00:00,42249.48828125,42251.30859375,42244.2890625,42250.25,1548228.0
2025-06-18 13:37:00+00:00,42279.4609375,42279.4609375,42240.23046875,42248.21875,1242034.0
2025-06-18 13:38:00+00:00,42265.78125,42282.03125,42264.96875,42279.30078125,1197787.0
2025-06-18 13:39:00+00:00,42276.6796875,42276.6796875,42263.94921875,42267.37890625,1075681.0
2025-06-18 13:40:00+00:00,42244.19140625,42278.44921875,42241.08984375,42277.0703125,1347647.0
2025-06-18 13:41:00+00:00,42245.41015625,42249.609375,42232.3515625,42243.171875,1537605.0
2025-06-18 13:42:00+00:00,42222.26953125,42245.87890625,42222.2109375,42245.87890625,1288284.0
2025-06-18 13:43:00+00:00,42239.83984375,42240.0390625,42222.0703125,42222.3203125,1085701.0
2025-06-18 13:44:00+00:00,42248.28125,42250.4609375,42234.671875,42239.80078125,1122161.0
2025-06-18 13:45:00+00:00,42245.1484375,42254.171875,42239.78125,42247.41015625,1098601.0
2025-06-18 13:46:00+00:00,42246.921875,42246.921875,42240.7890625,42242.1015625,677928.0
2025-06-18 13:47:00+00:00,42252.890625,42256.76171875,42241.55078125,42252.83984375,1852663.0
2025-06-18 13:48:00+00:00,42282.23046875,42282.23046875,42252.05859375,42253.53125,1344313.0
2025-06-18 13:49:00+00:00,42279.87109375,42288.80859375,42277.5703125,42283.0703125,998128.0
2025-06-18 13:50:00+00:00,42284.91015625,42285.7890625,42276.2109375,42279.6015625,1098121.0
2025-06-18 13:51:00+00:00,42292.1796875,42302.5,42287.78125,42287.78125,987993.0
2025-06-18 13:52:00+00:00,42297.328125,42306.23046875,42287.73828125,42290.53125,1393761.0
2025-06-18 13:53:00+00:00,42322.01171875,42324.578125,42297.75,42297.75,1029024.0
2025-06-18 13:54:00+00:00,42321.7890625,42333.69140625,42317.51171875,42322.3515625,1201693.0
2025-06-18 13:55:00+00:00,42314.7890625,42325.3515625,42314.30859375,42322.16015625,1068889.0
2025-06-18 13:56:00+00:00,42326.0390625,42331.25,42314.48046875,42314.8203125,988566.0
2025-06-18 13:57:00+00:00,42321.46875,42330.76171875,42320.078125,42325.73828125,791225.0
2025-06-18 13:58:00+00:00,42331.921875,42332.03125,42314.0,42319.6484375,831259.0
2025-06-18 13:59:00+00:00,42315.1015625,42338.0,42314.30078125,42330.12109375,1126139.0
2025-06-18 14:00:00+00:00,42301.0390625,42319.19921875,42298.55078125,42316.078125,1325821.0
2025-06-18 14:01:00+00:00,42301.48828125,42308.80859375,42294.3203125,42299.3203125,1141644.0
2025-06-18 14:02:00+00:00,42321.8515625,42321.8515625,42301.421875,42301.5390625,1212955.0
2025-06-18 14:03:00+00:00,42334.73828125,42334.73828125,42310.51953125,42321.12890625,1190533.0
2025-06-18 14:04:00+00:00,42341.48046875,42344.51953125,42335.8203125,42340.51171875,1094841.0
2025-06-18 14:05:00+00:00,42328.9296875,42341.19140625,42325.6484375,42341.19140625,1159617.0
2025-06-18 14:06:00+00:00,42328.83984375,42341.75,42328.73828125,42329.921875,1046015.0
2025-06-18 14:07:00+00:00,42309.3984375,42333.37890625,42309.3984375,42329.390625,961891.0
2025-06-18 14:08:00+00:00,42348.16015625,42348.16015625,42310.8984375,42310.8984375,1132934.0
2025-06-18 14:09:00+00:00,42336.359375,42354.23046875,42336.2890625,42349.19140625,817944.0
2025-06-18 14:10:00+00:00,42321.359375,42337.58984375,42321.359375,42333.01953125,1020096.0
2025-06-18 14:11:00+00:00,42334.5,42335.51953125,42321.0390625,42321.23046875,891595.0
2025-06-18 14:12:00+00:00,42353.5390625,42353.5390625,42329.0703125,42331.19140625,1173307.0
2025-06-18 14:13:00+00:00,42367.73828125,42368.98046875,42353.1015625,42353.1015625,1034022.0
2025-06-18 14:14:00+00:00,42384.55078125,42389.3984375,42368.55078125,42368.55078125,1188506.0
2025-06-18 14:15:00+00:00,42377.9609375,42389.75,42377.6015625,42384.890625,2336521.0
2025-06-18 14:16:00+00:00,42394.3984375,42394.3984375,42377.26953125,42377.26953125,1257824.0
2025-06-18 14:17:00+00:00,42409.5390625,42410.1015625,42392.98828125,42394.48828125,1062923.0
2025-06-18 14:18:00+00:00,42421.890625,42426.73046875,42409.5,42410.140625,1044050.0
2025-06-18 14:19:00+00:00,42410.05859375,42421.69140625,42408.16015625,42421.69140625,770080.0
2025-06-18 14:20:00+00:00,42438.23828125,42444.62890625,42409.0703125,42409.0703125,1592953.0
2025-06-18 14:21:00+00:00,42426.4609375,42446.33984375,42426.12890625,42439.75,1626373.0
2025-06-18 14:22:00+00:00,42433.83984375,42439.3203125,42426.51953125,42426.51953125,1068238.0
2025-06-18 14:23:00+00:00,42430.69921875,42433.91015625,42425.12890625,42431.98828125,962392.0
2025-06-18 14:24:00+00:00,42447.48046875,42447.71875,42430.21875,42430.859375,1068667.0
2025-06-18 14:25:00+00:00,42466.01171875,42470.62109375,42448.2109375,42448.2109375,1053502.0
2025-06-18 14:26:00+00:00,42480.6796875,42480.6796875,42466.1015625,42466.1015625,1049878.0
2025-06-18 14:27:00+00:00,42477.55859375,42485.58984375,42475.55859375,42481.19140625,1006509.0
2025-06-18 14:28:00+00:00,42475.55078125,42483.48828125,42474.75,42478.19921875,1106274.0
2025-06-18 14:29:00+00:00,42460.109375,42478.140625,42459.98828125,42476.0703125,802287.0
2025-06-18 14:30:00+00:00,42462.12109375,42465.69921875,42457.6796875,42458.91015625,1220146.0
2025-06-18 14:31:00+00:00,42487.91015625,42487.91015625,42462.078125,42462.078125,1277983.0
2025-06-18 14:32:00+00:00,42476.671875,42488.30078125,42476.671875,42487.421875,845887.0
2025-06-18 14:33:00+00:00,42479.0,42485.71875,42476.671875,42477.19140625,932956.0
2025-06-18 14:34:00+00:00,42493.828125,42494.5,42478.53125,42480.08984375,1034346.0
2025-06-18 14:35:00+00:00,42496.19140625,42501.44921875,42483.4296875,42493.96875,1128283.0
2025-06-18 14:36:00+00:00,42502.30078125,42505.78125,42492.19921875,42495.890625,996811.0
2025-06-18 14:37:00+00:00,42485.05078125,42502.76171875,42484.3984375,42502.76171875,1237953.0
2025-06-18 14:38:00+00:00,42494.28125,42495.05078125,42483.0,42484.73046875,1466688.0
2025-06-18 14:39:00+00:00,42489.0703125,42497.51171875,42487.98046875,42495.1796875,978128.0
2025-06-18 14:40:00+00:00,42482.28125,42500.140625,42482.28125,42490.4296875,1266036.0
2025-06-18 14:41:00+00:00,42492.01953125,42493.0390625,42475.69921875,42481.859375,1339404.0
2025-06-18 14:42:00+00:00,42504.44140625,42508.58984375,42502.83984375,42507.46875,1190494.0
2025-06-18 14:43:00+00:00,42499.62890625,42505.62109375,42497.171875,42504.37890625,884822.0
2025-06-18 14:44:00+00:00,42497.078125,42502.62109375,42487.01953125,42499.4296875,902490.0
2025-06-18 14:45:00+00:00,42506.94921875,42508.44921875,42494.3515625,42497.44140625,897903.0
2025-06-18 14:46:00+00:00,42501.41015625,42507.94140625,42497.51171875,42506.16015625,888841.0
2025-06-18 14:47:00+00:00,42509.0,42509.7890625,42502.12109375,42502.12109375,694451.0
2025-06-18 14:48:00+00:00,42487.390625,42510.0703125,42487.37890625,42509.25,1052992.0
2025-06-18 14:49:00+00:00,42490.9296875,42495.4609375,42478.73046875,42487.8515625,879529.0
2025-06-18 14:50:00+00:00,42499.6796875,42500.12109375,42491.71875,42491.71875,888042.0
2025-06-18 14:51:00+00:00,42487.87109375,42504.62109375,42487.87109375,42499.75,759837.0
2025-06-18 14:52:00+00:00,42478.05078125,42480.9609375,42477.6484375,42479.58984375,938975.0
2025-06-18 14:53:00+00:00,42484.37890625,42485.58984375,42477.9296875,42477.9296875,863524.0
2025-06-18 14:54:00+00:00,42481.078125,42486.37890625,42478.609375,42483.8515625,745401.0
2025-06-18 14:55:00+00:00,42471.28125,42482.9296875,42471.28125,42479.73828125,755538.0
2025-06-18 14:56:00+00:00,42483.01171875,42483.3984375,42471.3984375,42471.3984375,919659.0
2025-06-18 14:57:00+00:00,42490.421875,42491.78125,42483.73046875,42483.8984375,719747.0
2025-06-18 14:58:00+00:00,42481.26171875,42490.75,42480.859375,42490.75,725797.0
2025-06-18 14:59:00+00:00,42479.890625,42485.76953125,42477.0,42481.16015625,780144.0
2025-06-18 15:00:00+00:00,42479.96875,42481.7890625,42476.51171875,42479.55078125,761834.0
2025-06-18 15:01:00+00:00,42470.390625,42480.640625,42469.46875,42479.69921875,725575.0
2025-06-18 15:02:00+00:00,42473.41015625,42474.3984375,42467.9609375,42470.609375,763759.0
2025-06-18 15:03:00+00:00,42472.2109375,42473.53125,42466.23828125,42473.53125,604722.0
2025-06-18 15:04:00+00:00,42482.109375,42483.73828125,42472.328125,42472.328125,666103.0
2025-06-18 15:05:00+00:00,42483.80078125,42488.51953125,42480.5703125,42481.76171875,730303.0
2025-06-18 15:06:00+00:00,42457.01953125,42483.8984375,42457.01953125,42483.8984375,784276.0
2025-06-18 15:08:00+00:00,42454.76953125,42455.2890625,42445.66015625,42445.66015625,1202665.0
2025-06-18 15:09:00+00:00,42453.23046875,42453.58984375,42451.87109375,42453.58984375,461916.0
2025-06-18 15:13:00+00:00,42437.30859375,42438.94921875,42435.671875,42438.76953125,3220765.0
2025-06-18 15:15:00+00:00,42441.3515625,42448.1484375,42441.23828125,42448.1484375,1480212.0
2025-06-18 15:16:00+00:00,42441.58984375,42441.87890625,42438.37109375,42438.37109375,456035.0
2025-06-18 15:17:00+00:00,42439.80859375,42440.6484375,42438.21875,42438.21875,1181691.0
2025-06-18 15:18:00+00:00,42436.078125,42439.53125,42434.08984375,42439.53125,758634.0
2025-06-18 15:21:00+00:00,42422.44921875,42426.66015625,42422.44921875,42426.26171875,1839373.0
2025-06-18 15:22:00+00:00,42417.26171875,42425.46875,42416.51953125,42425.421875,986315.0
2025-06-18 15:24:00+00:00,42401.1015625,42402.71875,42398.03125,42398.03125,1676346.0
2025-06-18 15:25:00+00:00,42385.48046875,42400.23046875,42385.48046875,42400.23046875,832981.0
2025-06-18 15:27:00+00:00,42403.3203125,42403.359375,42384.71875,42384.71875,2740100.0
2025-06-18 15:28:00+00:00,42396.7890625,42407.62109375,42386.30859375,42402.94140625,1285377.0
2025-06-18 15:29:00+00:00,42398.3984375,42398.3984375,42397.16015625,42397.16015625,30415.0
2025-06-18 15:31:00+00:00,42418.08984375,42418.3984375,42416.8515625,42417.7109375,2224571.0
2025-06-18 15:32:00+00:00,42414.4296875,42423.53125,42412.28125,42423.53125,984496.0
2025-06-18 15:33:00+00:00,42410.16015625,42418.80078125,42407.609375,42417.6796875,334805.0
2025-06-18 15:36:00+00:00,42375.4296875,42384.421875,42375.4296875,42383.46875,2590975.0
2025-06-18 15:37:00+00:00,42385.48828125,42389.921875,42374.0703125,42375.671875,687148.0
2025-06-18 15:40:00+00:00,42375.23828125,42390.6796875,42367.08984375,42386.0,3005337.0
2025-06-18 15:41:00+00:00,42378.12109375,42380.69921875,42371.69921875,42375.03125,866552.0
2025-06-18 15:42:00+00:00,42380.4609375,42380.4609375,42378.9296875,42378.9296875,37748.0
2025-06-18 15:43:00+00:00,42367.87890625,42372.140625,42366.55078125,42372.140625,1041153.0
2025-06-18 15:44:00+00:00,42370.78125,42370.828125,42350.828125,42356.23046875,1087185.0
2025-06-18 15:47:00+00:00,42373.421875,42375.21875,42372.8515625,42374.01171875,2277291.0
2025-06-18 15:48:00+00:00,42377.71875,42377.91015625,42372.01953125,42374.25,617426.0
2025-06-18 15:49:00+00:00,42382.48828125,42388.23828125,42376.91015625,42377.6015625,770132.0
2025-06-18 15:50:00+00:00,42390.62890625,42391.66015625,42379.3984375,42382.421875,788533.0
2025-06-18 15:51:00+00:00,42409.62890625,42409.78125,42390.5703125,42391.12890625,836616.0
2025-06-18 15:52:00+00:00,42406.6015625,42409.48046875,42403.21875,42409.390625,633358.0
2025-06-18 15:53:00+00:00,42394.69140625,42407.25,42391.078125,42406.609375,607420.0
2025-06-18 15:54:00+00:00,42393.55859375,42395.28125,42385.26953125,42394.53125,490826.0
2025-06-18 15:55:00+00:00,42387.21875,42397.01953125,42386.9609375,42392.5703125,536042.0
2025-06-18 15:56:00+00:00,42389.171875,42393.48046875,42385.171875,42387.30078125,588038.0
2025-06-18 15:57:00+00:00,42373.44140625,42391.3203125,42373.44140625,42389.3984375,593974.0
2025-06-18 15:58:00+00:00,42343.9609375,42373.05078125,42343.9609375,42373.05078125,733450.0
2025-06-18 15:59:00+00:00,42348.51953125,42348.51953125,42337.87890625,42344.08984375,638143.0
2025-06-18 16:00:00+00:00,42347.48046875,42351.1796875,42341.4609375,42348.51171875,765733.0
2025-06-18 16:02:00+00:00,42365.37109375,42366.51171875,42355.6484375,42356.6796875,1792833.0
2025-06-18 16:03:00+00:00,42361.3515625,42370.2109375,42361.3515625,42364.9296875,665494.0
2025-06-18 16:04:00+00:00,42364.078125,42364.9609375,42363.9609375,42364.9609375,614616.0
2025-06-18 16:05:00+00:00,42363.26171875,42364.2109375,42358.30078125,42364.03125,501407.0
2025-06-18 16:06:00+00:00,42358.140625,42363.53125,42356.671875,42363.2890625,475778.0
2025-06-18 16:07:00+00:00,42363.9296875,42372.25,42359.76171875,42359.76171875,495721.0
2025-06-18 16:08:00+00:00,42382.30859375,42383.109375,42364.12890625,42366.0,726092.0
2025-06-18 16:09:00+00:00,42389.69921875,42392.30078125,42382.05078125,42382.69921875,654208.0
2025-06-18 16:10:00+00:00,42384.6484375,42395.2890625,42384.6484375,42389.83984375,494305.0
2025-06-18 16:11:00+00:00,42391.609375,42395.4609375,42380.7890625,42384.1015625,533259.0
2025-06-18 16:12:00+00:00,42393.0390625,42395.828125,42389.8203125,42391.62890625,541372.0
2025-06-18 16:13:00+00:00,42394.08984375,42396.44140625,42390.08984375,42393.21875,393931.0
2025-06-18 16:14:00+00:00,42394.890625,42400.03125,42394.609375,42395.75,515577.0
2025-06-18 16:15:00+00:00,42395.0703125,42400.69140625,42393.69921875,42395.421875,651828.0
2025-06-18 16:16:00+00:00,42378.87109375,42396.4296875,42378.46875,42393.76953125,720775.0
2025-06-18 16:17:00+00:00,42371.328125,42379.3984375,42367.94140625,42378.41015625,557674.0
2025-06-18 16:18:00+00:00,42380.87890625,42383.55078125,42372.3203125,42372.3203125,550422.0
2025-06-18 16:19:00+00:00,42368.16015625,42382.51171875,42367.44921875,42381.73046875,462782.0
2025-06-18 16:20:00+00:00,42379.359375,42380.19140625,42367.75,42368.41015625,978861.0
2025-06-18 16:21:00+00:00,42366.6015625,42379.37109375,42366.1796875,42379.37109375,717604.0
2025-06-18 16:22:00+00:00,42359.30078125,42369.69140625,42359.30078125,42366.41015625,635805.0
2025-06-18 16:23:00+00:00,42349.58984375,42360.08984375,42349.58984375,42358.62890625,710920.0
2025-06-18 16:24:00+00:00,42355.51171875,42355.5390625,42344.01171875,42349.05859375,630811.0
2025-06-18 16:25:00+00:00,42353.328125,42355.609375,42348.62109375,42355.2890625,522558.0
2025-06-18 16:26:00+00:00,42328.05859375,42353.23828125,42325.78125,42353.21875,543018.0
2025-06-18 16:27:00+00:00,42318.05859375,42328.4296875,42311.01171875,42328.4296875,516072.0
2025-06-18 16:28:00+00:00,42307.08984375,42319.66015625,42299.91015625,42319.66015625,742585.0
2025-06-18 16:29:00+00:00,42313.4609375,42317.2109375,42307.16015625,42307.62109375,716617.0
2025-06-18 16:30:00+00:00,42320.33984375,42321.16015625,42312.05859375,42313.12890625,607648.0
2025-06-18 16:31:00+00:00,42335.55078125,42339.03125,42318.12109375,42319.8984375,519539.0
2025-06-18 16:32:00+00:00,42316.55859375,42336.05078125,42316.390625,42335.78125,475575.0
2025-06-18 16:33:00+00:00,42312.98828125,42322.2109375,42309.94140625,42318.26171875,526690.0
2025-06-18 16:34:00+00:00,42312.80859375,42323.01171875,42312.62890625,42312.62890625,550380.0
2025-06-18 16:35:00+00:00,42308.6015625,42313.19921875,42305.921875,42313.1484375,548447.0
2025-06-18 16:36:00+00:00,42313.2109375,42313.2109375,42306.30859375,42308.69140625,389225.0
2025-06-18 16:37:00+00:00,42306.078125,42316.5,42303.4296875,42313.2890625,382027.0
2025-06-18 16:38:00+00:00,42313.828125,42315.48046875,42306.0703125,42306.0703125,563896.0
2025-06-18 16:39:00+00:00,42325.26953125,42325.94921875,42312.87890625,42312.9296875,457712.0
2025-06-18 16:40:00+00:00,42320.28125,42327.73046875,42317.62109375,42325.26171875,436968.0
2025-06-18 16:41:00+00:00,42321.6484375,42325.94140625,42315.16015625,42319.9296875,427083.0
2025-06-18 16:42:00+00:00,42319.6484375,42323.51953125,42317.4609375,42321.23828125,374681.0
2025-06-18 16:43:00+00:00,42315.640625,42320.71875,42315.1015625,42319.05078125,389064.0
2025-06-18 16:44:00+00:00,42333.78125,42334.1484375,42312.80078125,42315.62109375,581227.0
2025-06-18 16:45:00+00:00,42350.73828125,42351.94140625,42334.87890625,42334.98046875,465928.0
2025-06-18 16:46:00+00:00,42341.37109375,42352.30859375,42341.0703125,42350.7109375,496707.0
2025-06-18 16:47:00+00:00,42338.19140625,42343.7109375,42338.1484375,42340.6796875,433816.0
2025-06-18 16:48:00+00:00,42325.859375,42339.69140625,42325.48828125,42339.48046875,445510.0
2025-06-18 16:49:00+00:00,42331.5390625,42333.55078125,42325.55078125,42326.859375,423628.0
2025-06-18 16:50:00+00:00,42352.4296875,42352.69921875,42331.55078125,42332.1796875,543140.0
2025-06-18 16:51:00+00:00,42369.21875,42375.3515625,42353.9296875,42353.9296875,519125.0
2025-06-18 16:52:00+00:00,42349.8984375,42369.73828125,42349.6796875,42369.1015625,443923.0
2025-06-18 16:53:00+00:00,42343.98828125,42352.2109375,42343.1015625,42349.87109375,407654.0
2025-06-18 16:54:00+00:00,42327.609375,42343.98828125,42326.58984375,42343.98828125,481753.0
2025-06-18 16:55:00+00:00,42327.26953125,42333.44921875,42325.80078125,42327.1796875,454944.0
2025-06-18 16:56:00+00:00,42326.26171875,42337.37109375,42326.26171875,42327.37109375,414852.0
2025-06-18 16:57:00+00:00,42326.87109375,42327.5,42320.96875,42326.91015625,434555.0
2025-06-18 16:58:00+00:00,42324.8203125,42327.80078125,42323.05078125,42325.5390625,605669.0
2025-06-18 16:59:00+00:00,42317.91015625,42326.359375,42317.05078125,42323.83984375,934600.0
2025-06-18 17:00:00+00:00,42321.55859375,42321.55859375,42320.80859375,42321.01953125,1060335.0
2025-06-18 17:01:00+00:00,42332.3203125,42332.9609375,42321.609375,42321.609375,801725.0
2025-06-18 17:02:00+00:00,42319.66015625,42332.5390625,42316.1796875,42331.7109375,765043.0
2025-06-18 17:03:00+00:00,42332.9609375,42337.8203125,42323.41015625,42323.44140625,565508.0
2025-06-18 17:04:00+00:00,42334.5,42345.19140625,42332.55078125,42332.80078125,589431.0
2025-06-18 17:05:00+00:00,42336.76171875,42341.23828125,42335.0703125,42336.71875,531633.0
2025-06-18 17:06:00+00:00,42336.05078125,42339.08984375,42330.859375,42337.44140625,588916.0
2025-06-18 17:07:00+00:00,42323.1015625,42336.33984375,42320.2890625,42336.33984375,503118.0
2025-06-18 17:08:00+00:00,42326.30078125,42329.1796875,42319.26171875,42323.6484375,431666.0
2025-06-18 17:09:00+00:00,42330.30078125,42330.421875,42321.12890625,42326.3203125,423667.0
2025-06-18 17:10:00+00:00,42327.44140625,42335.609375,42326.55859375,42330.578125,483266.0
2025-06-18 17:11:00+00:00,42330.25,42332.16015625,42325.53125,42327.94140625,471166.0
2025-06-18 17:12:00+00:00,42317.51953125,42329.83984375,42315.62890625,42329.83984375,431688.0
2025-06-18 17:13:00+00:00,42308.828125,42324.6796875,42306.05078125,42318.80859375,473223.0
2025-06-18 17:14:00+00:00,42306.08984375,42312.6015625,42306.08984375,42309.8984375,521455.0
2025-06-18 17:15:00+00:00,42324.62109375,42325.140625,42307.390625,42307.390625,502106.0
2025-06-18 17:16:00+00:00,42323.4296875,42324.51953125,42319.46875,42324.1015625,502968.0
2025-06-18 17:17:00+00:00,42319.078125,42328.26953125,42318.30078125,42324.6484375,551877.0
2025-06-18 17:18:00+00:00,42322.25,42322.25,42316.8515625,42319.37109375,486158.0
2025-06-18 17:19:00+00:00,42320.37109375,42329.6796875,42320.37109375,42322.51953125,519546.0
2025-06-18 17:20:00+00:00,42323.83984375,42324.75,42323.0,42323.55078125,564670.0
2025-06-18 17:21:00+00:00,42316.33984375,42323.78125,42314.171875,42323.78125,597871.0
2025-06-18 17:22:00+00:00,42321.671875,42322.44140625,42311.21875,42315.75,634899.0
2025-06-18 17:23:00+00:00,42308.78125,42321.53125,42308.140625,42321.53125,486728.0
2025-06-18 17:24:00+00:00,42307.76953125,42311.578125,42302.91015625,42308.19140625,802167.0
2025-06-18 17:25:00+00:00,42313.1484375,42315.26953125,42305.44921875,42307.66015625,932348.0
2025-06-18 17:26:00+00:00,42320.9296875,42320.9296875,42310.53125,42313.19921875,456047.0
2025-06-18 17:27:00+00:00,42323.26953125,42323.44921875,42319.83984375,42320.9296875,516917.0
2025-06-18 17:28:00+00:00,42317.671875,42323.6484375,42310.8984375,42323.25,593847.0
2025-06-18 17:29:00+00:00,42314.9609375,42319.2109375,42314.9609375,42317.5703125,475551.0
2025-06-18 17:30:00+00:00,42315.21875,42325.98046875,42312.01953125,42315.44140625,766110.0
2025-06-18 17:31:00+00:00,42283.7109375,42314.640625,42274.80859375,42314.640625,1150364.0
2025-06-18 17:32:00+00:00,42281.828125,42284.578125,42277.75,42283.83984375,665718.0
2025-06-18 17:33:00+00:00,42271.390625,42282.44921875,42264.16015625,42282.23828125,686372.0
2025-06-18 17:34:00+00:00,42288.12890625,42288.98828125,42269.921875,42271.55859375,626084.0
2025-06-18 17:35:00+00:00,42269.5390625,42288.0703125,42266.05859375,42287.66015625,776722.0
2025-06-18 17:36:00+00:00,42284.609375,42284.78125,42267.76953125,42269.421875,660229.0
2025-06-18 17:37:00+00:00,42299.671875,42300.73046875,42281.328125,42284.890625,712011.0
2025-06-18 17:38:00+00:00,42294.44921875,42302.2890625,42293.7890625,42299.26953125,506037.0
2025-06-18 17:39:00+00:00,42303.48828125,42303.48828125,42291.12109375,42294.3515625,643589.0
2025-06-18 17:40:00+00:00,42298.19140625,42304.37890625,42295.859375,42303.44140625,621254.0
2025-06-18 17:41:00+00:00,42308.109375,42308.109375,42297.8984375,42298.33984375,586810.0
2025-06-18 17:42:00+00:00,42324.48828125,42326.87109375,42306.1484375,42308.140625,621886.0
2025-06-18 17:43:00+00:00,42329.03125,42329.25,42325.0703125,42325.0703125,532159.0
2025-06-18 17:44:00+00:00,42323.9296875,42332.1484375,42323.1015625,42328.578125,623513.0
2025-06-18 17:45:00+00:00,42323.9609375,42329.48046875,42321.140625,42325.30859375,552773.0
2025-06-18 17:46:00+00:00,42337.8515625,42337.8515625,42323.53125,42323.62890625,528420.0
2025-06-18 17:47:00+00:00,42347.96875,42347.96875,42338.75,42338.75,618084.0
2025-06-18 17:48:00+00:00,42364.890625,42365.5703125,42348.01171875,42348.21875,596238.0
2025-06-18 17:49:00+00:00,42347.01953125,42357.4296875,42347.01953125,42356.76171875,679974.0
2025-06-18 17:50:00+00:00,42332.1484375,42347.80859375,42331.109375,42347.2890625,568276.0
2025-06-18 17:51:00+00:00,42342.98046875,42344.921875,42332.0703125,42332.0703125,598033.0
2025-06-18 17:52:00+00:00,42354.609375,42354.609375,42344.01171875,42344.01171875,595856.0
2025-06-18 17:53:00+00:00,42355.7109375,42362.23828125,42353.76953125,42353.76953125,879385.0
2025-06-18 17:54:00+00:00,42356.44140625,42361.609375,42354.3515625,42355.69921875,521686.0
2025-06-18 17:55:00+00:00,42354.19921875,42359.98828125,42351.640625,42356.2890625,491192.0
2025-06-18 17:56:00+00:00,42364.75,42366.21875,42351.21875,42353.69921875,780164.0
2025-06-18 17:57:00+00:00,42351.671875,42365.19140625,42351.46875,42364.3515625,477358.0
2025-06-18 17:58:00+00:00,42338.171875,42351.30078125,42337.4609375,42351.23828125,514123.0
2025-06-18 17:59:00+00:00,42339.80078125,42340.8203125,42331.30859375,42338.0390625,655857.0
2025-06-18 18:00:00+00:00,42396.87890625,42429.109375,42336.73828125,42336.73828125,2203650.0
2025-06-18 18:01:00+00:00,42376.66015625,42404.05078125,42370.62109375,42397.3515625,885981.0
2025-06-18 18:02:00+00:00,42321.37109375,42376.55078125,42321.37109375,42376.55078125,908544.0
2025-06-18 18:03:00+00:00,42332.73046875,42346.5390625,42319.328125,42319.55078125,688940.0
2025-06-18 18:04:00+00:00,42304.08984375,42345.3515625,42303.51953125,42333.05859375,762745.0
2025-06-18 18:05:00+00:00,42310.5703125,42321.26171875,42294.859375,42304.0390625,1138113.0
2025-06-18 18:06:00+00:00,42332.26953125,42333.3203125,42309.53125,42311.55859375,628652.0
2025-06-18 18:07:00+00:00,42340.58984375,42341.62109375,42326.3515625,42333.76953125,722668.0
2025-06-18 18:08:00+00:00,42333.171875,42354.3984375,42333.171875,42354.3984375,906097.0
2025-06-18 18:09:00+00:00,42320.69140625,42331.44921875,42317.03125,42331.109375,653301.0
2025-06-18 18:10:00+00:00,42314.9609375,42321.51953125,42305.828125,42321.08984375,590981.0
2025-06-18 18:11:00+00:00,42332.55859375,42332.58984375,42314.23046875,42317.1015625,639496.0
2025-06-18 18:12:00+00:00,42323.55078125,42340.609375,42323.55078125,42332.3515625,617020.0
2025-06-18 18:13:00+00:00,42324.87109375,42325.75,42314.2109375,42322.921875,604660.0
2025-06-18 18:14:00+00:00,42345.51953125,42345.890625,42323.37890625,42324.66015625,578761.0
2025-06-18 18:15:00+00:00,42342.01953125,42346.01953125,42326.4296875,42345.46875,610032.0
2025-06-18 18:16:00+00:00,42339.12109375,42348.421875,42333.6015625,42341.640625,563143.0
2025-06-18 18:17:00+00:00,42357.3203125,42357.80078125,42338.48828125,42339.671875,621326.0
2025-06-18 18:18:00+00:00,42336.91015625,42358.5390625,42336.91015625,42356.578125,605584.0
2025-06-18 18:19:00+00:00,42321.44140625,42336.55859375,42321.421875,42336.55859375,548928.0
2025-06-18 18:20:00+00:00,42318.421875,42322.828125,42311.9609375,42322.828125,520260.0
2025-06-18 18:21:00+00:00,42316.1015625,42327.0,42316.1015625,42318.6015625,579698.0
2025-06-18 18:22:00+00:00,42318.30859375,42318.48828125,42309.109375,42315.1015625,623978.0
2025-06-18 18:23:00+00:00,42316.0,42318.5703125,42308.62890625,42317.71875,607457.0
2025-06-18 18:24:00+00:00,42322.78125,42324.03125,42306.828125,42316.359375,806495.0
2025-06-18 18:25:00+00:00,42340.5703125,42340.73046875,42319.28125,42323.0,678998.0
2025-06-18 18:26:00+00:00,42337.390625,42346.48828125,42337.390625,42340.578125,637739.0
2025-06-18 18:27:00+00:00,42341.6015625,42341.6015625,42327.421875,42337.6015625,530900.0
2025-06-18 18:28:00+00:00,42320.73046875,42344.5390625,42319.16015625,42341.76171875,710310.0
2025-06-18 18:29:00+00:00,42334.26171875,42341.48046875,42320.51171875,42320.51171875,434463.0
2025-06-18 18:30:00+00:00,42324.140625,42334.7109375,42323.921875,42333.76171875,526016.0
2025-06-18 18:31:00+00:00,42337.33984375,42338.21875,42322.55078125,42324.03125,531940.0
2025-06-18 18:32:00+00:00,42377.62109375,42377.62109375,42337.609375,42337.609375,875386.0
2025-06-18 18:33:00+00:00,42376.05078125,42380.51953125,42374.12109375,42377.3515625,800378.0
2025-06-18 18:34:00+00:00,42377.76171875,42383.26953125,42376.46875,42376.6484375,799767.0
2025-06-18 18:35:00+00:00,42312.609375,42377.80859375,42312.5703125,42377.53125,1297403.0
2025-06-18 18:36:00+00:00,42335.48046875,42338.53125,42309.41015625,42313.12890625,779721.0
2025-06-18 18:37:00+00:00,42328.16015625,42338.05078125,42324.9296875,42335.5390625,525427.0
2025-06-18 18:38:00+00:00,42364.51953125,42364.51953125,42325.71875,42328.12890625,800856.0
2025-06-18 18:39:00+00:00,42357.390625,42371.62890625,42357.390625,42365.05078125,647011.0
2025-06-18 18:40:00+00:00,42380.83984375,42382.37890625,42349.01171875,42357.23828125,807040.0
2025-06-18 18:41:00+00:00,42414.421875,42414.421875,42380.80078125,42380.80078125,850966.0
2025-06-18 18:42:00+00:00,42419.921875,42427.2890625,42411.6484375,42414.51171875,1094816.0
2025-06-18 18:43:00+00:00,42402.71875,42419.51171875,42399.80078125,42419.51171875,713081.0
2025-06-18 18:44:00+00:00,42404.30078125,42411.69921875,42401.30859375,42403.1015625,607858.0
2025-06-18 18:45:00+00:00,42361.19921875,42404.19921875,42359.48828125,42404.19921875,819580.0
2025-06-18 18:46:00+00:00,42367.25,42367.3515625,42345.1015625,42361.23046875,672334.0
2025-06-18 18:47:00+00:00,42363.6015625,42372.19140625,42358.8515625,42368.1796875,586454.0
2025-06-18 18:48:00+00:00,42343.41015625,42364.421875,42337.23046875,42363.5,656406.0
2025-06-18 18:49:00+00:00,42340.7890625,42350.16015625,42336.609375,42343.44921875,654168.0
2025-06-18 18:50:00+00:00,42325.0,42341.55859375,42321.3203125,42341.55859375,709342.0
2025-06-18 18:51:00+00:00,42331.171875,42332.4609375,42303.7890625,42325.21875,768046.0
2025-06-18 18:52:00+00:00,42308.8515625,42330.4609375,42308.8515625,42330.4609375,611435.0
2025-06-18 18:53:00+00:00,42274.8515625,42286.421875,42269.8984375,42286.421875,1120697.0
2025-06-18 18:54:00+00:00,42276.4296875,42276.62890625,42260.0,42276.3203125,1138791.0
2025-06-18 18:55:00+00:00,42249.03125,42276.37890625,42241.12109375,42276.37890625,1133652.0
2025-06-18 18:56:00+00:00,42219.76953125,42248.5,42208.51171875,42248.1484375,1591807.0
2025-06-18 18:57:00+00:00,42183.37890625,42217.44921875,42179.1015625,42217.390625,1449041.0
2025-06-18 18:58:00+00:00,42195.03125,42209.7890625,42157.671875,42184.109375,2342404.0
2025-06-18 18:59:00+00:00,42183.01953125,42195.25,42174.37890625,42194.1796875,980040.0
2025-06-18 19:00:00+00:00,42159.69140625,42181.48828125,42152.05078125,42181.48828125,1453445.0
2025-06-18 19:01:00+00:00,42176.640625,42179.609375,42138.5,42158.140625,1726539.0
2025-06-18 19:02:00+00:00,42190.03125,42198.1796875,42165.55078125,42176.0703125,1074996.0
2025-06-18 19:03:00+00:00,42196.7109375,42204.859375,42190.3515625,42190.3515625,919933.0
2025-06-18 19:04:00+00:00,42235.1015625,42237.828125,42197.25,42197.25,1215445.0
2025-06-18 19:05:00+00:00,42218.71875,42249.2890625,42216.73046875,42233.671875,1160611.0
2025-06-18 19:06:00+00:00,42219.51171875,42233.8984375,42218.55859375,42219.5390625,760154.0
2025-06-18 19:07:00+00:00,42200.0,42225.44921875,42196.0,42220.0703125,961352.0
2025-06-18 19:08:00+00:00,42192.6484375,42199.609375,42191.83984375,42199.19921875,690842.0
2025-06-18 19:09:00+00:00,42180.140625,42186.7109375,42171.05859375,42186.5703125,768987.0
2025-06-18 19:10:00+00:00,42175.87109375,42180.80078125,42163.640625,42180.80078125,690123.0
2025-06-18 19:11:00+00:00,42191.62890625,42193.4609375,42175.6796875,42176.1015625,954006.0
2025-06-18 19:12:00+00:00,42158.19140625,42194.8203125,42157.921875,42192.078125,1141036.0
2025-06-18 19:13:00+00:00,42235.46875,42236.890625,42140.51171875,42158.51171875,2097718.0
2025-06-18 19:14:00+00:00,42230.1015625,42260.30859375,42229.16015625,42235.48828125,1199654.0
2025-06-18 19:15:00+00:00,42208.98828125,42230.19140625,42201.640625,42230.19140625,1558285.0
2025-06-18 19:16:00+00:00,42209.640625,42210.171875,42192.87109375,42209.9296875,903602.0
2025-06-18 19:17:00+00:00,42194.109375,42216.6796875,42193.5,42209.1015625,906895.0
2025-06-18 19:18:00+00:00,42204.46875,42204.46875,42193.44140625,42193.44140625,712849.0
2025-06-18 19:19:00+00:00,42223.53125,42224.05078125,42198.69921875,42203.98828125,882017.0
2025-06-18 19:20:00+00:00,42224.71875,42224.96875,42215.140625,42223.3515625,765362.0
2025-06-18 19:21:00+00:00,42243.8984375,42244.87109375,42224.5703125,42224.5703125,767890.0
2025-06-18 19:22:00+00:00,42245.28125,42262.4609375,42240.19140625,42244.23046875,973567.0
2025-06-18 19:23:00+00:00,42250.03125,42254.4609375,42244.69140625,42244.69140625,812277.0
2025-06-18 19:24:00+00:00,42235.83984375,42255.48046875,42235.83984375,42249.921875,807727.0
2025-06-18 19:25:00+00:00,42226.51953125,42235.25,42205.66015625,42235.25,1040258.0
2025-06-18 19:26:00+00:00,42208.390625,42226.9609375,42205.5,42225.96875,720214.0
2025-06-18 19:27:00+00:00,42181.5390625,42208.26953125,42180.5,42207.78125,827402.0
2025-06-18 19:28:00+00:00,42140.76953125,42180.51953125,42138.33984375,42180.51953125,1248876.0
2025-06-18 19:29:00+00:00,42130.46875,42140.05078125,42129.01171875,42139.98828125,789180.0
2025-06-18 19:30:00+00:00,42142.62109375,42148.69921875,42118.23046875,42130.8515625,1385996.0
2025-06-18 19:31:00+00:00,42170.44140625,42170.44140625,42141.0703125,42142.8203125,1005057.0
2025-06-18 19:32:00+00:00,42180.0703125,42184.3984375,42163.578125,42172.08984375,838234.0
2025-06-18 19:33:00+00:00,42183.921875,42184.0390625,42170.390625,42178.73046875,819816.0
2025-06-18 19:34:00+00:00,42180.16015625,42187.62109375,42179.01171875,42183.19140625,709686.0
2025-06-18 19:35:00+00:00,42201.53125,42202.0,42171.80859375,42179.5390625,942172.0
2025-06-18 19:36:00+00:00,42206.3984375,42218.3984375,42202.76953125,42203.05859375,1066796.0
2025-06-18 19:37:00+00:00,42207.01953125,42215.0703125,42205.6484375,42205.6484375,1097285.0
2025-06-18 19:38:00+00:00,42200.7890625,42212.94140625,42198.609375,42206.98046875,1174783.0
2025-06-18 19:39:00+00:00,42197.51171875,42200.3203125,42191.91015625,42199.98828125,1204257.0
2025-06-18 19:40:00+00:00,42208.01953125,42214.46875,42196.75,42197.46875,1187090.0
2025-06-18 19:41:00+00:00,42211.359375,42212.25,42204.30859375,42206.30078125,1186952.0
2025-06-18 19:42:00+00:00,42204.48046875,42212.55859375,42192.48828125,42212.1484375,1468243.0
2025-06-18 19:43:00+00:00,42236.44140625,42236.44140625,42202.30859375,42203.94921875,1301763.0
2025-06-18 19:44:00+00:00,42243.6484375,42243.6484375,42229.80078125,42236.75,1332793.0
2025-06-18 19:45:00+00:00,42232.73046875,42249.05078125,42227.21875,42243.9609375,1713807.0
2025-06-18 19:46:00+00:00,42226.359375,42232.66015625,42218.01953125,42232.55078125,1280652.0
2025-06-18 19:47:00+00:00,42240.3203125,42240.3203125,42233.890625,42238.05078125,1242331.0
2025-06-18 19:48:00+00:00,42243.578125,42243.578125,42233.76953125,42240.41015625,1084517.0
2025-06-18 19:49:00+00:00,42221.05859375,42244.828125,42220.21875,42244.828125,1564573.0
2025-06-18 19:50:00+00:00,42193.80859375,42238.51171875,42193.80859375,42221.390625,5622074.0
2025-06-18 19:51:00+00:00,42187.28125,42193.9296875,42170.37890625,42193.9296875,2587225.0
2025-06-18 19:52:00+00:00,42186.91015625,42193.8203125,42174.01953125,42186.62109375,2591114.0
2025-06-18 19:53:00+00:00,42195.78125,42199.390625,42177.80859375,42179.80859375,2427136.0
2025-06-18 19:54:00+00:00,42163.76953125,42195.05859375,42163.76953125,42194.28125,3671310.0
2025-06-18 19:55:00+00:00,42176.05859375,42195.359375,42162.62890625,42162.62890625,5617069.0
2025-06-18 19:56:00+00:00,42187.19140625,42188.83984375,42169.08984375,42176.4609375,4018859.0
2025-06-18 19:57:00+00:00,42159.5703125,42186.19921875,42156.0703125,42186.19921875,4798871.0
2025-06-18 19:58:00+00:00,42150.578125,42169.359375,42145.9609375,42159.73828125,5990711.0
2025-06-18 19:59:00+00:00,42173.44140625,42181.0703125,42150.6796875,42150.96875,13326440.0
2025-06-20 13:30:00+00:00,42312.37890625,42328.48046875,42291.08984375,42291.08984375,0.0
2025-06-20 13:31:00+00:00,42294.75,42333.83984375,42292.48828125,42317.98046875,8241827.0
2025-06-20 13:32:00+00:00,42291.05859375,42321.69140625,42288.98828125,42295.8515625,2818758.0
2025-06-20 13:33:00+00:00,42293.41015625,42316.828125,42286.6015625,42291.66015625,4093689.0
2025-06-20 13:34:00+00:00,42324.30078125,42324.30078125,42282.30859375,42291.51171875,2398520.0
2025-06-20 13:35:00+00:00,42323.16015625,42340.7109375,42310.51953125,42326.921875,2949606.0
2025-06-20 13:36:00+00:00,42315.0,42332.421875,42313.0390625,42326.41015625,2746641.0
2025-06-20 13:37:00+00:00,42350.828125,42350.828125,42309.7109375,42315.55078125,1831751.0
2025-06-20 13:38:00+00:00,42388.55859375,42388.55859375,42342.4296875,42342.4296875,2568371.0
2025-06-20 13:39:00+00:00,42389.19140625,42400.48828125,42382.66015625,42388.80859375,2517724.0
2025-06-20 13:40:00+00:00,42398.859375,42405.48828125,42383.21875,42389.08984375,2161191.0
2025-06-20 13:41:00+00:00,42391.51171875,42401.578125,42389.73046875,42396.078125,1594836.0
2025-06-20 13:42:00+00:00,42407.109375,42408.48046875,42386.5703125,42391.80859375,1505099.0
2025-06-20 13:43:00+00:00,42406.01953125,42408.69140625,42387.87890625,42407.1015625,1510364.0
2025-06-20 13:44:00+00:00,42421.890625,42425.3515625,42408.91015625,42408.91015625,1521707.0
2025-06-20 13:45:00+00:00,42403.62890625,42432.19140625,42403.62890625,42422.0390625,1861223.0
2025-06-20 13:46:00+00:00,42383.3984375,42406.7109375,42383.3984375,42400.890625,2280083.0
2025-06-20 13:47:00+00:00,42391.98828125,42391.98828125,42378.76953125,42383.2109375,1492633.0
2025-06-20 13:48:00+00:00,42366.3984375,42397.69140625,42364.8203125,42392.78125,1414963.0
2025-06-20 13:49:00+00:00,42338.76953125,42366.21875,42338.73828125,42366.21875,1358823.0
2025-06-20 13:50:00+00:00,42315.5703125,42339.76171875,42305.7109375,42338.7890625,1381316.0
2025-06-20 13:51:00+00:00,42319.94140625,42333.8984375,42319.94140625,42328.3515625,904137.0
2025-06-20 13:52:00+00:00,42317.37890625,42332.51171875,42301.94921875,42305.37109375,1815728.0
2025-06-20 13:53:00+00:00,42291.2890625,42316.578125,42287.37109375,42316.578125,1646004.0
2025-06-20 13:54:00+00:00,42316.94921875,42321.2890625,42294.41015625,42294.41015625,1232870.0
2025-06-20 13:55:00+00:00,42328.73828125,42331.80078125,42316.9609375,42318.62890625,1366949.0
2025-06-20 13:56:00+00:00,42328.33984375,42334.9609375,42323.421875,42329.23046875,1553867.0
2025-06-20 13:57:00+00:00,42325.171875,42335.8515625,42322.109375,42327.421875,1647185.0
2025-06-20 13:58:00+00:00,42312.7890625,42325.7109375,42309.41015625,42325.28125,1103829.0
2025-06-20 13:59:00+00:00,42304.41015625,42313.0390625,42295.94921875,42312.421875,1374253.0
2025-06-20 14:00:00+00:00,42318.87109375,42319.46875,42300.76171875,42300.76171875,2357604.0
2025-06-20 14:01:00+00:00,42316.69921875,42320.28125,42302.01171875,42318.30078125,1342804.0
2025-06-20 14:02:00+00:00,42320.5703125,42329.078125,42308.16015625,42316.91015625,1640502.0
2025-06-20 14:03:00+00:00,42313.78125,42315.9296875,42305.5,42310.3984375,1342572.0
2025-06-20 14:04:00+00:00,42322.80078125,42325.109375,42314.5,42314.5,1726446.0
2025-06-20 14:05:00+00:00,42301.94140625,42325.9609375,42301.94140625,42324.23828125,1350709.0
2025-06-20 14:06:00+00:00,42303.19921875,42305.171875,42289.421875,42300.41015625,1455169.0
2025-06-20 14:07:00+00:00,42292.1015625,42303.80078125,42292.0390625,42303.03125,1404113.0
2025-06-20 14:08:00+00:00,42280.62890625,42293.62109375,42277.1484375,42292.890625,1157894.0
2025-06-20 14:09:00+00:00,42298.91015625,42301.30859375,42280.48046875,42281.21875,1010338.0
2025-06-20 14:10:00+00:00,42291.62890625,42301.26953125,42281.75,42297.23828125,1045778.0
2025-06-20 14:11:00+00:00,42283.1484375,42294.71875,42276.26171875,42291.62109375,1470205.0
2025-06-20 14:12:00+00:00,42291.12890625,42291.921875,42274.87890625,42282.8203125,1207159.0
2025-06-20 14:13:00+00:00,42297.7109375,42299.62109375,42289.1484375,42291.51171875,1435576.0
2025-06-20 14:14:00+00:00,42301.16015625,42305.890625,42294.33984375,42299.140625,1115783.0
2025-06-20 14:15:00+00:00,42299.12109375,42302.26953125,42289.171875,42301.328125,1304038.0
2025-06-20 14:16:00+00:00,42313.66015625,42314.109375,42303.8515625,42307.48828125,1432706.0
2025-06-20 14:17:00+00:00,42317.921875,42322.25,42307.6015625,42314.05859375,1327809.0
2025-06-20 14:18:00+00:00,42336.76171875,42336.76171875,42317.48828125,42318.58984375,1190928.0
2025-06-20 14:19:00+00:00,42333.05859375,42339.25,42331.44921875,42336.3984375,967823.0
2025-06-20 14:20:00+00:00,42342.890625,42345.23046875,42329.6015625,42332.98828125,1124789.0
2025-06-20 14:21:00+00:00,42354.23828125,42354.46875,42341.609375,42341.609375,2522054.0
2025-06-20 14:22:00+00:00,42352.01953125,42358.12890625,42338.80078125,42354.55859375,1529071.0
2025-06-20 14:23:00+00:00,42315.7109375,42351.73046875,42314.828125,42351.4296875,1405475.0
2025-06-20 14:24:00+00:00,42271.2890625,42315.73046875,42271.05078125,42315.73046875,1771523.0
2025-06-20 14:25:00+00:00,42259.828125,42271.55078125,42235.87109375,42271.55078125,1922461.0
2025-06-20 14:26:00+00:00,42239.73046875,42258.76953125,42235.0,42258.76953125,1743474.0
2025-06-20 14:27:00+00:00,42257.75,42259.23828125,42235.26171875,42238.48828125,1274687.0
2025-06-20 14:28:00+00:00,42293.51953125,42293.7890625,42258.55078125,42258.55078125,1216720.0
2025-06-20 14:29:00+00:00,42281.58984375,42284.0703125,42277.8515625,42282.33984375,1141364.0
2025-06-20 14:30:00+00:00,42274.140625,42281.30078125,42272.62890625,42281.30078125,1137383.0
2025-06-20 14:31:00+00:00,42269.94140625,42284.71875,42268.55859375,42274.98828125,957432.0
2025-06-20 14:32:00+00:00,42262.4296875,42282.94140625,42262.4296875,42272.48828125,997965.0
2025-06-20 14:33:00+00:00,42258.26953125,42262.5703125,42250.26953125,42262.5703125,935376.0
2025-06-20 14:34:00+00:00,42245.73046875,42257.6484375,42245.28125,42257.6484375,1006762.0
2025-06-20 14:35:00+00:00,42254.48828125,42255.4609375,42243.12109375,42245.19140625,1097264.0
2025-06-20 14:36:00+00:00,42262.640625,42269.48046875,42254.859375,42254.859375,1029526.0
2025-06-20 14:37:00+00:00,42286.16015625,42287.8515625,42262.2109375,42262.25,812327.0
2025-06-20 14:38:00+00:00,42292.94140625,42298.03125,42285.8984375,42286.109375,962463.0
2025-06-20 14:39:00+00:00,42287.8984375,42293.75,42283.328125,42292.73828125,883855.0
2025-06-20 14:40:00+00:00,42253.4296875,42310.26953125,42252.671875,42287.87109375,1856650.0
2025-06-20 14:41:00+00:00,42229.4609375,42258.01171875,42217.69921875,42252.859375,1768936.0
2025-06-20 14:42:00+00:00,42231.41015625,42237.78125,42219.30078125,42228.94140625,1684256.0
2025-06-20 14:43:00+00:00,42250.0703125,42253.7890625,42229.671875,42231.1015625,1050905.0
2025-06-20 14:44:00+00:00,42275.8203125,42277.6796875,42248.6484375,42252.71875,1937021.0
2025-06-20 14:45:00+00:00,42252.421875,42275.640625,42251.1484375,42275.640625,1198552.0
2025-06-20 14:46:00+00:00,42265.69140625,42265.87109375,42243.94140625,42254.44921875,1790189.0
2025-06-20 14:47:00+00:00,42235.16015625,42264.98828125,42234.4296875,42264.98828125,1235882.0
2025-06-20 14:48:00+00:00,42247.94921875,42248.3515625,42234.58984375,42235.66015625,1134166.0
2025-06-20 14:49:00+00:00,42258.41015625,42262.640625,42248.12890625,42248.75,1030533.0
2025-06-20 14:50:00+00:00,42217.578125,42258.25,42217.578125,42258.01171875,1389509.0
2025-06-20 14:51:00+00:00,42217.19140625,42217.44921875,42207.421875,42217.28125,1586915.0
2025-06-20 14:52:00+00:00,42231.9609375,42233.5390625,42215.578125,42216.4296875,1178741.0
2025-06-20 14:53:00+00:00,42229.26171875,42246.23046875,42229.26171875,42231.53125,1904270.0
2025-06-20 14:54:00+00:00,42214.75,42229.19921875,42213.80859375,42228.87890625,1533875.0
2025-06-20 14:55:00+00:00,42225.76953125,42226.359375,42206.6796875,42213.55078125,1241509.0
2025-06-20 14:56:00+00:00,42231.3515625,42231.3515625,42219.23046875,42223.19921875,1272380.0
2025-06-20 14:57:00+00:00,42234.12109375,42236.2109375,42226.6796875,42233.33984375,1138033.0
2025-06-20 14:58:00+00:00,42227.01171875,42241.9296875,42225.48046875,42232.2890625,1491965.0
2025-06-20 14:59:00+00:00,42217.140625,42227.37890625,42211.08984375,42226.890625,971411.0
2025-06-20 15:00:00+00:00,42191.44921875,42216.8515625,42186.609375,42216.8515625,2144625.0
2025-06-20 15:01:00+00:00,42190.48046875,42195.26171875,42190.0703125,42195.26171875,1323799.0
2025-06-20 15:02:00+00:00,42186.05859375,42202.55078125,42177.3203125,42191.828125,1183610.0
2025-06-20 15:03:00+00:00,42178.16015625,42196.3515625,42177.890625,42186.80078125,1022425.0
2025-06-20 15:04:00+00:00,42168.5,42182.0390625,42163.3515625,42177.96875,809401.0
2025-06-20 15:05:00+00:00,42214.23828125,42214.23828125,42167.51171875,42168.5,1309815.0
2025-06-20 15:06:00+00:00,42210.3515625,42217.12109375,42200.48828125,42213.87890625,991669.0
2025-06-20 15:07:00+00:00,42217.7890625,42218.16015625,42198.8515625,42209.83984375,794019.0
2025-06-20 15:08:00+00:00,42209.66015625,42218.6484375,42208.94140625,42218.6484375,744990.0
2025-06-20 15:09:00+00:00,42210.69140625,42211.80078125,42204.3984375,42209.87890625,859597.0
2025-06-20 15:10:00+00:00,42238.12890625,42238.96875,42208.41015625,42210.69140625,978801.0
2025-06-20 15:11:00+00:00,42252.94921875,42254.9609375,42235.12109375,42236.48046875,1223436.0
2025-06-20 15:12:00+00:00,42247.66015625,42253.4609375,42243.359375,42253.4609375,999455.0
2025-06-20 15:13:00+00:00,42256.51171875,42257.921875,42246.37109375,42247.6015625,906072.0
2025-06-20 15:14:00+00:00,42258.53125,42258.53125,42252.26953125,42257.62890625,1522036.0
2025-06-20 15:15:00+00:00,42253.80078125,42258.69140625,42251.44921875,42258.4296875,854707.0
2025-06-20 15:16:00+00:00,42256.2109375,42256.2109375,42252.7109375,42253.58984375,554997.0
2025-06-20 15:18:00+00:00,42282.23828125,42282.91015625,42280.890625,42282.828125,1980624.0
2025-06-20 15:22:00+00:00,42269.53125,42270.51171875,42267.1015625,42267.1015625,3267355.0
2025-06-20 15:23:00+00:00,42269.94921875,42270.359375,42266.51171875,42266.53125,453398.0
2025-06-20 15:24:00+00:00,42289.3984375,42289.3984375,42288.5390625,42288.609375,1050060.0
2025-06-20 15:25:00+00:00,42294.3515625,42294.3515625,42288.55078125,42289.6015625,560025.0
2025-06-20 15:27:00+00:00,42279.078125,42287.2890625,42279.078125,42286.23828125,2212995.0
2025-06-20 15:28:00+00:00,42278.6484375,42279.33984375,42278.171875,42279.12890625,137181.0
2025-06-20 15:29:00+00:00,42261.62890625,42269.80078125,42261.62890625,42269.62890625,1768216.0
2025-06-20 15:30:00+00:00,42291.76953125,42295.4296875,42278.859375,42278.859375,1063391.0
2025-06-20 15:33:00+00:00,42305.8203125,42305.828125,42298.390625,42300.30859375,3005334.0
2025-06-20 15:34:00+00:00,42311.23828125,42313.05078125,42306.3984375,42306.3984375,1911131.0
2025-06-20 15:35:00+00:00,42302.66015625,42317.890625,42302.140625,42313.16015625,1997818.0
2025-06-20 15:36:00+00:00,42303.69140625,42305.30078125,42303.53125,42304.5703125,1092084.0
2025-06-20 15:37:00+00:00,42312.69921875,42314.5,42303.0,42303.0,707319.0
2025-06-20 15:38:00+00:00,42322.8984375,42323.73828125,42312.12890625,42312.12890625,666424.0
2025-06-20 15:39:00+00:00,42338.16015625,42339.16015625,42323.96875,42326.0703125,3300276.0
2025-06-20 15:40:00+00:00,42338.21875,42340.91015625,42336.5390625,42339.140625,792641.0
2025-06-20 15:41:00+00:00,42340.5,42340.8203125,42337.2109375,42338.8984375,250336.0
2025-06-20 15:42:00+00:00,42325.140625,42328.23828125,42324.7890625,42327.0390625,1713327.0
2025-06-20 15:43:00+00:00,42337.73828125,42338.12109375,42322.87109375,42322.87109375,1184261.0
2025-06-20 15:44:00+00:00,42338.7890625,42339.26171875,42337.8515625,42337.8515625,150579.0
2025-06-20 15:46:00+00:00,42321.140625,42322.7109375,42320.87890625,42322.7109375,2095856.0
2025-06-20 15:47:00+00:00,42330.41015625,42331.16015625,42306.03125,42321.37109375,709907.0
2025-06-20 15:48:00+00:00,42319.30859375,42330.41015625,42318.640625,42330.359375,454426.0
2025-06-20 15:50:00+00:00,42303.890625,42304.48046875,42303.4609375,42304.4609375,1483148.0
2025-06-20 15:51:00+00:00,42289.2890625,42303.30078125,42289.2890625,42303.30078125,714779.0
2025-06-20 15:52:00+00:00,42292.46875,42294.94140625,42285.33984375,42288.828125,722259.0
2025-06-20 15:53:00+00:00,42279.578125,42292.58984375,42277.73828125,42292.58984375,904725.0
2025-06-20 15:54:00+00:00,42254.66015625,42279.44140625,42254.6484375,42279.44140625,1002699.0
2025-06-20 15:55:00+00:00,42259.75,42260.19140625,42248.71875,42254.0,771493.0
2025-06-20 15:56:00+00:00,42249.6484375,42259.48046875,42240.44140625,42259.48046875,872894.0
2025-06-20 15:57:00+00:00,42245.12109375,42250.390625,42245.12109375,42248.8515625,747457.0
2025-06-20 15:58:00+00:00,42241.23828125,42246.62109375,42240.1484375,42245.44921875,773989.0
2025-06-20 15:59:00+00:00,42233.859375,42243.5,42231.80078125,42241.0390625,730290.0
2025-06-20 16:00:00+00:00,42220.25,42236.78125,42220.25,42233.9609375,907277.0
2025-06-20 16:01:00+00:00,42219.0,42235.58984375,42217.7890625,42220.23828125,568933.0
2025-06-20 16:02:00+00:00,42219.55859375,42224.87109375,42218.19140625,42218.921875,617324.0
2025-06-20 16:03:00+00:00,42223.4609375,42223.73046875,42211.83984375,42219.1484375,1895638.0
2025-06-20 16:04:00+00:00,42222.73828125,42223.46875,42209.69921875,42223.46875,571609.0
2025-06-20 16:05:00+00:00,42223.30859375,42231.98046875,42218.62109375,42222.48828125,1219161.0
2025-06-20 16:06:00+00:00,42207.9609375,42226.0703125,42207.9609375,42222.55859375,1169063.0
2025-06-20 16:07:00+00:00,42216.71875,42216.71875,42205.91015625,42207.87890625,562079.0
2025-06-20 16:08:00+00:00,42223.16015625,42225.21875,42219.98046875,42221.03125,558744.0
2025-06-20 16:09:00+00:00,42239.5390625,42239.5390625,42221.78125,42223.05078125,1956483.0
2025-06-20 16:10:00+00:00,42253.48046875,42254.609375,42234.5703125,42239.01953125,585337.0
2025-06-20 16:11:00+00:00,42260.58984375,42261.44921875,42250.48046875,42254.03125,545933.0
2025-06-20 16:12:00+00:00,42242.1484375,42262.55078125,42242.1484375,42260.5,577236.0
2025-06-20 16:13:00+00:00,42224.19140625,42242.109375,42223.171875,42242.109375,659440.0
2025-06-20 16:14:00+00:00,42211.23828125,42224.98046875,42207.1796875,42224.859375,586144.0
2025-06-20 16:15:00+00:00,42218.05859375,42221.6015625,42207.359375,42211.1796875,374417.0
2025-06-20 16:16:00+00:00,42202.26953125,42207.44140625,42202.26953125,42206.76953125,496251.0
2025-06-20 16:17:00+00:00,42210.30078125,42211.8984375,42198.83984375,42201.890625,758301.0
2025-06-20 16:18:00+00:00,42214.078125,42215.05859375,42208.25,42210.08984375,486180.0
2025-06-20 16:19:00+00:00,42225.23828125,42225.23828125,42216.26171875,42216.26171875,506274.0
2025-06-20 16:20:00+00:00,42213.7890625,42228.0390625,42212.26953125,42225.44140625,557454.0
2025-06-20 16:21:00+00:00,42221.48046875,42223.55078125,42205.71875,42213.69921875,604371.0
2025-06-20 16:22:00+00:00,42227.4609375,42227.6796875,42218.30859375,42221.87890625,446757.0
2025-06-20 16:23:00+00:00,42210.30859375,42227.66015625,42207.0703125,42227.48046875,940790.0
2025-06-20 16:24:00+00:00,42238.2109375,42238.2109375,42210.55859375,42211.0,734986.0
2025-06-20 16:25:00+00:00,42232.51171875,42245.8984375,42228.78125,42239.51953125,548248.0
2025-06-20 16:26:00+00:00,42238.94921875,42241.109375,42232.609375,42232.921875,484502.0
2025-06-20 16:27:00+00:00,42255.41015625,42256.109375,42238.23828125,42238.73046875,515180.0
2025-06-20 16:28:00+00:00,42248.05078125,42260.078125,42247.98828125,42256.69921875,500788.0
2025-06-20 16:29:00+00:00,42252.23046875,42252.23046875,42241.98828125,42248.26953125,429204.0
2025-06-20 16:30:00+00:00,42260.5,42263.0390625,42252.171875,42252.171875,451199.0
2025-06-20 16:31:00+00:00,42258.859375,42260.328125,42249.9609375,42260.328125,1226686.0
2025-06-20 16:32:00+00:00,42266.078125,42269.28125,42258.2109375,42258.859375,566572.0
2025-06-20 16:33:00+00:00,42261.078125,42266.12890625,42259.55078125,42266.01171875,390554.0
2025-06-20 16:34:00+00:00,42270.48046875,42272.46875,42260.87109375,42261.23046875,1918812.0
2025-06-20 16:35:00+00:00,42277.171875,42277.44140625,42267.6484375,42270.421875,755834.0
2025-06-20 16:36:00+00:00,42281.41015625,42283.94140625,42276.01171875,42276.73046875,526371.0
2025-06-20 16:37:00+00:00,42281.1796875,42281.91015625,42277.8515625,42280.73046875,462319.0
2025-06-20 16:38:00+00:00,42281.171875,42281.890625,42280.5703125,42281.5390625,815736.0
2025-06-20 16:39:00+00:00,42285.0703125,42288.44921875,42281.26953125,42281.328125,438810.0
2025-06-20 16:40:00+00:00,42275.21875,42285.30859375,42273.171875,42285.30859375,434202.0
2025-06-20 16:41:00+00:00,42269.7890625,42278.53125,42269.578125,42275.1015625,548000.0
2025-06-20 16:42:00+00:00,42256.76953125,42270.30859375,42256.76953125,42269.609375,637033.0
2025-06-20 16:43:00+00:00,42254.9609375,42256.76953125,42245.578125,42256.76953125,624235.0
2025-06-20 16:44:00+00:00,42258.66015625,42259.05859375,42253.41015625,42255.0703125,537732.0
2025-06-20 16:45:00+00:00,42268.05859375,42268.87890625,42254.640625,42259.140625,635144.0
2025-06-20 16:46:00+00:00,42265.73046875,42274.859375,42265.421875,42268.51953125,523314.0
2025-06-20 16:47:00+00:00,42250.3203125,42266.0390625,42250.3203125,42265.83984375,471805.0
2025-06-20 16:48:00+00:00,42245.2109375,42252.1015625,42241.53125,42250.671875,586410.0
2025-06-20 16:49:00+00:00,42239.359375,42246.83984375,42239.26171875,42245.19921875,939758.0
2025-06-20 16:50:00+00:00,42251.51171875,42252.7109375,42238.03125,42239.53125,459605.0
2025-06-20 16:51:00+00:00,42241.66015625,42251.26953125,42236.94140625,42251.23046875,3151169.0
2025-06-20 16:52:00+00:00,42255.03125,42255.51171875,42241.80078125,42242.12109375,875284.0
2025-06-20 16:53:00+00:00,42266.5,42267.0390625,42250.37109375,42255.1796875,491166.0
2025-06-20 16:54:00+00:00,42274.359375,42275.37109375,42266.7109375,42267.078125,749433.0
2025-06-20 16:55:00+00:00,42271.26953125,42278.5703125,42270.671875,42273.6796875,411056.0
2025-06-20 16:56:00+00:00,42281.26171875,42281.609375,42269.12109375,42270.5703125,633623.0
2025-06-20 16:57:00+00:00,42285.4609375,42289.66015625,42280.48828125,42281.28125,490160.0
2025-06-20 16:58:00+00:00,42283.80859375,42288.9296875,42283.78125,42286.01171875,594823.0
2025-06-20 16:59:00+00:00,42262.3515625,42283.80859375,42242.6015625,42283.80859375,1268626.0
2025-06-20 17:00:00+00:00,42289.7890625,42289.7890625,42259.9296875,42262.91015625,708709.0
2025-06-20 17:01:00+00:00,42293.859375,42299.12890625,42286.44140625,42289.640625,515480.0
2025-06-20 17:02:00+00:00,42289.48046875,42294.3203125,42285.19921875,42293.328125,443349.0
2025-06-20 17:03:00+00:00,42273.171875,42289.96875,42272.96875,42289.9296875,585330.0
2025-06-20 17:04:00+00:00,42253.28125,42273.3203125,42251.62890625,42273.3203125,546410.0
2025-06-20 17:05:00+00:00,42247.03125,42253.140625,42242.0390625,42253.140625,849139.0
2025-06-20 17:06:00+00:00,42239.0390625,42247.76953125,42239.0390625,42247.66015625,561159.0
2025-06-20 17:07:00+00:00,42249.73046875,42249.73046875,42236.9609375,42238.921875,610245.0
2025-06-20 17:08:00+00:00,42252.62109375,42259.609375,42247.3984375,42249.73828125,488701.0
2025-06-20 17:09:00+00:00,42253.37109375,42258.26171875,42251.5703125,42253.0390625,559605.0
2025-06-20 17:10:00+00:00,42255.80078125,42255.80078125,42247.28125,42253.26953125,540477.0
2025-06-20 17:11:00+00:00,42252.94140625,42257.6796875,42251.640625,42255.94140625,458833.0
2025-06-20 17:12:00+00:00,42266.69921875,42266.69921875,42252.7890625,42252.7890625,626564.0
2025-06-20 17:13:00+00:00,42268.421875,42270.55078125,42265.6484375,42266.46875,552940.0
2025-06-20 17:14:00+00:00,42263.1015625,42269.01171875,42260.25,42267.9296875,637660.0
2025-06-20 17:15:00+00:00,42275.5,42287.23828125,42262.94921875,42262.94921875,1305323.0
2025-06-20 17:16:00+00:00,42255.51953125,42277.19140625,42255.51953125,42275.78125,647629.0
2025-06-20 17:17:00+00:00,42229.6796875,42255.609375,42229.6796875,42255.609375,632392.0
2025-06-20 17:18:00+00:00,42222.46875,42232.3203125,42222.23828125,42230.05078125,487378.0
2025-06-20 17:19:00+00:00,42218.01171875,42226.8515625,42218.01171875,42223.08984375,515836.0
2025-06-20 17:20:00+00:00,42217.078125,42221.171875,42205.87890625,42217.55078125,696401.0
2025-06-20 17:21:00+00:00,42206.3203125,42217.359375,42204.421875,42216.28125,464259.0
2025-06-20 17:22:00+00:00,42208.71875,42212.2109375,42205.5390625,42206.28125,341803.0
2025-06-20 17:23:00+00:00,42189.05859375,42209.01953125,42188.26171875,42209.01953125,737563.0
2025-06-20 17:24:00+00:00,42193.0703125,42194.171875,42189.0,42189.71875,528935.0
2025-06-20 17:25:00+00:00,42195.46875,42200.01171875,42191.05859375,42193.2890625,1027248.0
2025-06-20 17:26:00+00:00,42180.76171875,42196.9609375,42178.66015625,42195.91015625,695880.0
2025-06-20 17:27:00+00:00,42167.30859375,42167.640625,42166.859375,42167.640625,1451887.0
2025-06-20 17:28:00+00:00,42148.19921875,42167.4296875,42144.98828125,42166.91015625,2151530.0
2025-06-20 17:29:00+00:00,42147.44140625,42156.23046875,42147.44140625,42147.66015625,1587612.0
2025-06-20 17:30:00+00:00,42139.16015625,42147.33984375,42123.01953125,42147.33984375,852914.0
2025-06-20 17:31:00+00:00,42150.41015625,42150.66015625,42131.0703125,42139.80078125,612960.0
2025-06-20 17:32:00+00:00,42147.359375,42151.80859375,42141.5703125,42149.890625,459793.0
2025-06-20 17:33:00+00:00,42131.140625,42148.26171875,42130.19140625,42147.51953125,591070.0
2025-06-20 17:34:00+00:00,42136.421875,42137.51953125,42131.03125,42131.140625,801950.0
2025-06-20 17:35:00+00:00,42129.2890625,42142.73828125,42129.2890625,42136.62890625,1032327.0
2025-06-20 17:36:00+00:00,42110.94140625,42129.37109375,42108.01953125,42129.37109375,749834.0
2025-06-20 17:37:00+00:00,42110.19140625,42111.08984375,42089.98828125,42110.80859375,1025226.0
2025-06-20 17:38:00+00:00,42108.671875,42112.0,42104.21875,42110.48828125,576291.0
2025-06-20 17:39:00+00:00,42099.421875,42107.921875,42093.671875,42107.921875,646164.0
2025-06-20 17:40:00+00:00,42119.859375,42119.859375,42099.390625,42099.390625,546957.0
2025-06-20 17:41:00+00:00,42129.05859375,42129.05859375,42115.2109375,42119.80078125,759768.0
2025-06-20 17:42:00+00:00,42142.55078125,42148.0390625,42127.75,42129.578125,721627.0
2025-06-20 17:43:00+00:00,42131.9609375,42145.109375,42131.6796875,42141.55859375,622622.0
2025-06-20 17:44:00+00:00,42120.51171875,42133.421875,42120.51171875,42131.94921875,559709.0
2025-06-20 17:45:00+00:00,42121.8984375,42129.1484375,42116.46875,42117.51171875,499620.0
2025-06-20 17:46:00+00:00,42124.01171875,42126.78125,42121.8203125,42121.9609375,1293655.0
2025-06-20 17:47:00+00:00,42116.76171875,42124.421875,42116.76171875,42124.421875,460703.0
2025-06-20 17:48:00+00:00,42114.359375,42116.9609375,42107.94140625,42116.58984375,749257.0
2025-06-20 17:49:00+00:00,42110.73828125,42114.08984375,42108.51953125,42114.08984375,476499.0
2025-06-20 17:50:00+00:00,42121.53125,42122.0,42111.6484375,42111.6484375,532623.0
2025-06-20 17:51:00+00:00,42114.5,42125.01953125,42114.5,42120.80078125,565973.0
2025-06-20 17:52:00+00:00,42105.87109375,42115.12109375,42100.21875,42114.9296875,1077505.0
2025-06-20 17:53:00+00:00,42115.6796875,42116.328125,42102.1015625,42106.19921875,554967.0
2025-06-20 17:54:00+00:00,42112.87109375,42118.08984375,42109.3515625,42116.1484375,485221.0
2025-06-20 17:55:00+00:00,42116.359375,42117.578125,42112.890625,42114.5703125,550284.0
2025-06-20 17:56:00+00:00,42124.73828125,42129.1796875,42116.3203125,42116.98828125,917106.0
2025-06-20 17:57:00+00:00,42135.62890625,42135.62890625,42123.51171875,42123.5703125,497357.0
2025-06-20 17:58:00+00:00,42137.44921875,42140.23828125,42134.140625,42135.5390625,553799.0
2025-06-20 17:59:00+00:00,42138.48828125,42140.01953125,42135.58984375,42137.578125,795625.0
2025-06-20 18:00:00+00:00,42139.2890625,42143.859375,42132.609375,42138.37109375,618740.0
2025-06-20 18:01:00+00:00,42142.3515625,42144.640625,42138.921875,42139.80859375,549239.0
2025-06-20 18:02:00+00:00,42142.0703125,42149.6796875,42142.0703125,42143.01953125,644321.0
2025-06-20 18:03:00+00:00,42138.5703125,42142.16015625,42137.44140625,42142.16015625,537791.0
2025-06-20 18:04:00+00:00,42160.01171875,42161.0,42137.98046875,42137.98046875,637030.0
2025-06-20 18:05:00+00:00,42150.87890625,42160.0703125,42149.6796875,42160.0703125,337780.0
2025-06-20 18:06:00+00:00,42150.55078125,42159.1796875,42150.55078125,42151.01171875,514057.0
2025-06-20 18:07:00+00:00,42151.44140625,42152.87890625,42146.25,42150.94140625,631154.0
2025-06-20 18:08:00+00:00,42147.1484375,42155.0703125,42145.828125,42152.12109375,714881.0
2025-06-20 18:09:00+00:00,42150.828125,42150.828125,42141.51171875,42147.08984375,605361.0
2025-06-20 18:10:00+00:00,42153.73046875,42155.44921875,42150.1796875,42150.73046875,756146.0
2025-06-20 18:11:00+00:00,42158.69921875,42158.9609375,42151.640625,42153.6484375,510338.0
2025-06-20 18:12:00+00:00,42160.3203125,42163.0703125,42158.12109375,42158.6484375,648787.0
2025-06-20 18:13:00+00:00,42165.83984375,42167.25,42160.51171875,42160.828125,548890.0
2025-06-20 18:14:00+00:00,42171.5,42172.3515625,42165.390625,42165.390625,551385.0
2025-06-20 18:15:00+00:00,42169.83984375,42173.30859375,42167.91015625,42170.73828125,471808.0
2025-06-20 18:16:00+00:00,42170.12109375,42171.578125,42163.5703125,42170.109375,505636.0
2025-06-20 18:17:00+00:00,42183.4296875,42184.0703125,42170.5703125,42170.5703125,792476.0
2025-06-20 18:18:00+00:00,42200.51953125,42201.12109375,42183.21875,42183.69140625,885483.0
2025-06-20 18:19:00+00:00,42226.890625,42227.01171875,42198.55859375,42200.05859375,1230778.0
2025-06-20 18:20:00+00:00,42219.7109375,42228.30078125,42219.578125,42226.359375,807407.0
2025-06-20 18:21:00+00:00,42218.5390625,42223.2890625,42217.0,42219.55078125,504954.0
2025-06-20 18:22:00+00:00,42213.73828125,42220.76171875,42213.73828125,42218.0390625,512534.0
2025-06-20 18:23:00+00:00,42223.26171875,42224.05078125,42213.921875,42213.921875,789666.0
2025-06-20 18:24:00+00:00,42228.1015625,42228.359375,42222.75,42222.75,524301.0
2025-06-20 18:25:00+00:00,42223.37109375,42229.140625,42221.328125,42228.171875,545749.0
2025-06-20 18:26:00+00:00,42218.0,42222.87890625,42215.0390625,42222.87890625,648069.0
2025-06-20 18:27:00+00:00,42218.58984375,42221.28125,42218.03125,42218.26953125,482030.0
2025-06-20 18:28:00+00:00,42202.609375,42218.44140625,42202.609375,42218.44140625,614601.0
2025-06-20 18:29:00+00:00,42199.7109375,42208.671875,42196.98828125,42202.890625,545058.0
2025-06-20 18:30:00+00:00,42212.33984375,42214.51171875,42199.96875,42199.96875,1208981.0
2025-06-20 18:31:00+00:00,42200.80859375,42213.3203125,42198.16015625,42212.76953125,728523.0
2025-06-20 18:32:00+00:00,42220.6796875,42220.75,42201.48828125,42201.48828125,706223.0
2025-06-20 18:33:00+00:00,42212.51171875,42221.87890625,42212.51171875,42220.3515625,578148.0
2025-06-20 18:34:00+00:00,42215.62109375,42220.23828125,42212.7109375,42212.7109375,663242.0
2025-06-20 18:35:00+00:00,42206.87890625,42215.4296875,42205.73046875,42215.4296875,572614.0
2025-06-20 18:36:00+00:00,42214.3203125,42218.4609375,42206.01953125,42206.53125,507171.0
2025-06-20 18:37:00+00:00,42191.44921875,42214.12109375,42191.37109375,42214.12109375,667522.0
2025-06-20 18:38:00+00:00,42196.25,42197.19140625,42188.171875,42189.66015625,532373.0
2025-06-20 18:39:00+00:00,42197.19921875,42201.69140625,42196.48828125,42196.48828125,474397.0
2025-06-20 18:40:00+00:00,42187.55859375,42197.73046875,42183.69921875,42197.08984375,700444.0
2025-06-20 18:41:00+00:00,42194.30859375,42194.71875,42186.01953125,42187.80078125,816709.0
2025-06-20 18:42:00+00:00,42200.6796875,42201.98046875,42194.1015625,42194.1015625,813553.0
2025-06-20 18:43:00+00:00,42183.4296875,42200.7109375,42182.91015625,42200.7109375,531859.0
2025-06-20 18:44:00+00:00,42186.19921875,42188.0390625,42183.4296875,42183.44921875,797187.0
2025-06-20 18:45:00+00:00,42185.03125,42186.48828125,42178.80859375,42186.48828125,503217.0
2025-06-20 18:46:00+00:00,42195.9296875,42196.328125,42185.05859375,42185.05859375,699411.0
2025-06-20 18:47:00+00:00,42192.96875,42197.6484375,42191.23828125,42196.21875,510144.0
2025-06-20 18:48:00+00:00,42188.0390625,42195.2890625,42187.4609375,42192.73828125,513681.0
2025-06-20 18:49:00+00:00,42190.62109375,42191.80859375,42185.1015625,42187.83984375,499207.0
2025-06-20 18:50:00+00:00,42181.08984375,42190.6796875,42181.08984375,42190.6796875,761052.0
2025-06-20 18:51:00+00:00,42183.28125,42184.01171875,42177.76953125,42181.69140625,665432.0
2025-06-20 18:52:00+00:00,42176.25,42184.0390625,42175.23828125,42182.66015625,655291.0
2025-06-20 18:53:00+00:00,42178.30859375,42179.0,42171.1484375,42176.19921875,539712.0
2025-06-20 18:54:00+00:00,42181.0703125,42189.44921875,42178.0,42178.12890625,657344.0
2025-06-20 18:55:00+00:00,42178.48828125,42181.0,42177.1796875,42180.8515625,674644.0
2025-06-20 18:56:00+00:00,42117.609375,42178.37109375,42116.87890625,42178.37109375,1542541.0
2025-06-20 18:57:00+00:00,42135.9609375,42141.30859375,42119.1796875,42119.44140625,1261261.0
2025-06-20 18:58:00+00:00,42136.26171875,42142.62890625,42135.48046875,42135.6015625,2916743.0
2025-06-20 18:59:00+00:00,42137.96875,42137.96875,42131.16015625,42136.2109375,680032.0
2025-06-20 19:00:00+00:00,42142.12890625,42143.8984375,42124.96875,42136.5,819963.0
2025-06-20 19:01:00+00:00,42152.80859375,42160.46875,42142.30859375,42142.30859375,954040.0
2025-06-20 19:02:00+00:00,42153.48828125,42162.578125,42151.1015625,42151.78125,588133.0
2025-06-20 19:03:00+00:00,42143.73828125,42154.921875,42143.73828125,42154.109375,552907.0
2025-06-20 19:04:00+00:00,42147.890625,42149.9609375,42143.33984375,42143.69140625,1174352.0
2025-06-20 19:05:00+00:00,42141.6015625,42147.30078125,42131.30859375,42147.30078125,1065028.0
2025-06-20 19:06:00+00:00,42150.51953125,42155.83984375,42141.01953125,42141.30859375,833037.0
2025-06-20 19:07:00+00:00,42142.9609375,42156.16015625,42140.62109375,42151.01953125,593826.0
2025-06-20 19:08:00+00:00,42138.48046875,42145.609375,42137.9296875,42142.9609375,701865.0
2025-06-20 19:09:00+00:00,42139.58984375,42150.05078125,42138.25,42138.25,961233.0
2025-06-20 19:10:00+00:00,42151.609375,42151.83984375,42137.640625,42139.71875,647238.0
2025-06-20 19:11:00+00:00,42146.37890625,42152.0390625,42144.828125,42151.71875,523077.0
2025-06-20 19:12:00+00:00,42152.5,42154.359375,42143.94140625,42144.3203125,661787.0
2025-06-20 19:13:00+00:00,42154.51953125,42164.46875,42152.16015625,42152.4609375,782850.0
2025-06-20 19:14:00+00:00,42149.91015625,42154.83984375,42146.78125,42154.5390625,755811.0
2025-06-20 19:15:00+00:00,42140.28125,42150.078125,42135.98046875,42150.078125,600412.0
2025-06-20 19:16:00+00:00,42141.80859375,42146.1796875,42139.7890625,42139.7890625,757374.0
2025-06-20 19:17:00+00:00,42151.76953125,42151.76953125,42141.73828125,42141.828125,802728.0
2025-06-20 19:18:00+00:00,42153.4609375,42155.1796875,42150.01171875,42152.21875,831849.0
2025-06-20 19:19:00+00:00,42162.3203125,42164.19140625,42152.921875,42154.140625,826158.0
2025-06-20 19:20:00+00:00,42161.23828125,42169.078125,42160.01171875,42162.48046875,708540.0
2025-06-20 19:21:00+00:00,42155.62109375,42161.109375,42151.078125,42161.109375,834464.0
2025-06-20 19:22:00+00:00,42151.53125,42158.890625,42150.80859375,42155.55078125,685068.0
2025-06-20 19:23:00+00:00,42165.0703125,42169.671875,42150.62109375,42151.76171875,785134.0
2025-06-20 19:24:00+00:00,42164.51953125,42175.3203125,42162.51171875,42164.9609375,317970.0
2025-06-20 19:25:00+00:00,42156.7890625,42167.76953125,42156.7890625,42164.421875,772651.0
2025-06-20 19:26:00+00:00,42153.21875,42157.26171875,42146.75,42157.26171875,1005931.0
2025-06-20 19:27:00+00:00,42142.30078125,42153.1015625,42141.96875,42152.96875,812500.0
2025-06-20 19:28:00+00:00,42130.62890625,42142.91015625,42126.640625,42142.2890625,1113074.0
2025-06-20 19:29:00+00:00,42135.859375,42142.109375,42130.171875,42130.19921875,1207628.0
2025-06-20 19:30:00+00:00,42151.80859375,42154.33984375,42136.48828125,42136.48828125,949714.0
2025-06-20 19:31:00+00:00,42154.671875,42157.3984375,42145.76953125,42152.44140625,1588570.0
2025-06-20 19:32:00+00:00,42150.921875,42160.75,42145.7109375,42156.6484375,859690.0
2025-06-20 19:33:00+00:00,42148.578125,42153.0703125,42144.80078125,42152.6015625,914554.0
2025-06-20 19:34:00+00:00,42158.03125,42160.19921875,42148.640625,42148.640625,1949888.0
2025-06-20 19:35:00+00:00,42151.19921875,42161.30859375,42150.3984375,42158.05859375,1033948.0
2025-06-20 19:36:00+00:00,42156.0390625,42159.08984375,42151.78125,42153.37109375,871908.0
2025-06-20 19:37:00+00:00,42158.73828125,42158.73828125,42145.921875,42155.859375,861067.0
2025-06-20 19:38:00+00:00,42172.078125,42177.578125,42159.62109375,42159.76953125,1034699.0
2025-06-20 19:39:00+00:00,42159.51953125,42171.75,42159.05078125,42171.75,860228.0
2025-06-20 19:40:00+00:00,42155.2890625,42159.8984375,42145.609375,42158.2890625,1261608.0
2025-06-20 19:41:00+00:00,42157.4609375,42160.2890625,42155.76953125,42155.76953125,1146152.0
2025-06-20 19:42:00+00:00,42156.0390625,42159.51171875,42154.5703125,42157.94921875,1248510.0
2025-06-20 19:43:00+00:00,42156.2890625,42158.55859375,42153.25,42155.8203125,1157839.0
2025-06-20 19:44:00+00:00,42163.51953125,42167.8984375,42153.8515625,42159.25,1423168.0
2025-06-20 19:45:00+00:00,42174.640625,42175.46875,42154.98046875,42163.828125,1633075.0
2025-06-20 19:46:00+00:00,42168.46875,42174.890625,42167.6015625,42174.890625,1357738.0
2025-06-20 19:47:00+00:00,42173.75,42174.98046875,42161.1484375,42166.83984375,1536358.0
2025-06-20 19:48:00+00:00,42178.48046875,42185.0390625,42172.640625,42172.640625,1615568.0
2025-06-20 19:49:00+00:00,42169.48828125,42184.5390625,42169.48828125,42177.8515625,1397784.0
2025-06-20 19:50:00+00:00,42201.26953125,42208.73046875,42168.94140625,42168.94140625,4126028.0
2025-06-20 19:51:00+00:00,42209.69921875,42220.859375,42198.98046875,42201.6484375,2554118.0
2025-06-20 19:52:00+00:00,42219.2109375,42222.51171875,42209.19140625,42209.19140625,2436560.0
2025-06-20 19:53:00+00:00,42225.3515625,42227.80859375,42216.33984375,42219.140625,2863731.0
2025-06-20 19:54:00+00:00,42226.94921875,42244.98046875,42218.37109375,42226.73828125,4925553.0
2025-06-20 19:55:00+00:00,42237.4609375,42256.8984375,42228.46875,42228.46875,6668715.0
2025-06-20 19:56:00+00:00,42224.05078125,42251.109375,42224.05078125,42238.19140625,4688707.0
2025-06-20 19:57:00+00:00,42191.3515625,42226.26953125,42191.3515625,42223.69140625,6543852.0
2025-06-20 19:58:00+00:00,42188.46875,42196.78125,42185.2890625,42191.78125,7163151.0
2025-06-20 19:59:00+00:00,42210.12890625,42212.6015625,42159.08984375,42185.96875,17719068.0
2025-06-23 13:30:00+00:00,42143.69140625,42207.66015625,42143.69140625,42178.55078125,21140294.0
2025-06-23 13:31:00+00:00,42185.9609375,42187.609375,42126.91015625,42145.21875,3353799.0
2025-06-23 13:32:00+00:00,42153.30078125,42211.48828125,42147.73828125,42198.66015625,2765343.0
2025-06-23 13:33:00+00:00,42142.578125,42151.6484375,42109.80859375,42151.6484375,2475403.0
2025-06-23 13:34:00+00:00,42173.8515625,42175.3203125,42126.48828125,42141.328125,1934146.0
2025-06-23 13:35:00+00:00,42190.51953125,42190.98828125,42162.16015625,42169.76171875,2512953.0
2025-06-23 13:36:00+00:00,42207.12890625,42223.75,42191.4609375,42191.4609375,2250265.0
2025-06-23 13:37:00+00:00,42220.421875,42224.78125,42202.328125,42206.2109375,1879949.0
2025-06-23 13:38:00+00:00,42229.62890625,42233.98046875,42212.44921875,42221.53125,1506276.0
2025-06-23 13:39:00+00:00,42265.390625,42265.390625,42227.05859375,42230.171875,1761385.0
2025-06-23 13:40:00+00:00,42257.26953125,42265.33984375,42248.80859375,42265.33984375,1467907.0
2025-06-23 13:41:00+00:00,42271.21875,42276.7109375,42254.80859375,42257.23828125,1615167.0
2025-06-23 13:42:00+00:00,42247.26171875,42272.0703125,42246.6484375,42271.0703125,1903470.0
2025-06-23 13:43:00+00:00,42241.76953125,42250.859375,42238.359375,42247.58984375,1700256.0
2025-06-23 13:44:00+00:00,42232.33984375,42241.55859375,42220.8515625,42241.55859375,1283403.0
2025-06-23 13:45:00+00:00,42256.62109375,42262.55078125,42231.3515625,42231.3515625,1676738.0
2025-06-23 13:46:00+00:00,42242.94921875,42255.19921875,42242.0,42252.5703125,1262319.0
2025-06-23 13:47:00+00:00,42278.23046875,42278.53125,42255.03125,42255.6796875,1872867.0
2025-06-23 13:48:00+00:00,42274.44140625,42285.55078125,42268.48828125,42278.03125,1453100.0
2025-06-23 13:49:00+00:00,42287.5703125,42287.73828125,42271.30078125,42274.0703125,1205255.0
2025-06-23 13:50:00+00:00,42282.421875,42300.3515625,42282.421875,42286.01171875,1675178.0
2025-06-23 13:51:00+00:00,42280.609375,42287.96875,42280.609375,42284.078125,1192737.0
2025-06-23 13:52:00+00:00,42293.71875,42293.71875,42275.69140625,42278.7890625,1143465.0
2025-06-23 13:53:00+00:00,42313.33984375,42314.578125,42294.01953125,42294.01953125,1174345.0
2025-06-23 13:54:00+00:00,42312.421875,42322.8203125,42309.26953125,42314.3515625,1264059.0
2025-06-23 13:55:00+00:00,42330.0390625,42330.0390625,42314.62109375,42316.30078125,1164823.0
2025-06-23 13:56:00+00:00,42327.421875,42331.0,42324.140625,42327.44921875,981313.0
2025-06-23 13:57:00+00:00,42301.91015625,42325.98828125,42301.23046875,42325.98828125,910509.0
2025-06-23 13:58:00+00:00,42334.171875,42334.671875,42301.98046875,42302.41015625,938704.0
2025-06-23 13:59:00+00:00,42332.12109375,42336.12109375,42329.41015625,42334.0390625,959121.0
2025-06-23 14:00:00+00:00,42339.171875,42371.5703125,42332.12890625,42332.12890625,1723164.0
2025-06-23 14:01:00+00:00,42359.08984375,42363.73046875,42338.3984375,42338.3984375,1206021.0
2025-06-23 14:02:00+00:00,42366.94140625,42380.26171875,42357.83984375,42357.83984375,1367280.0
2025-06-23 14:03:00+00:00,42359.140625,42368.46875,42353.26171875,42366.390625,1204302.0
2025-06-23 14:04:00+00:00,42370.2109375,42373.5703125,42358.8203125,42358.8203125,1550840.0
2025-06-23 14:05:00+00:00,42382.96875,42384.01171875,42365.328125,42370.23828125,1398176.0
2025-06-23 14:06:00+00:00,42394.6796875,42395.21875,42383.83984375,42383.83984375,1326089.0
2025-06-23 14:07:00+00:00,42380.7109375,42398.5703125,42372.28125,42394.12109375,1180984.0
2025-06-23 14:08:00+00:00,42390.0,42398.51171875,42381.171875,42381.26171875,979400.0
2025-06-23 14:09:00+00:00,42380.6484375,42390.62109375,42370.80859375,42389.9296875,1096716.0
2025-06-23 14:10:00+00:00,42375.62890625,42383.6015625,42369.1015625,42381.05859375,1165433.0
2025-06-23 14:11:00+00:00,42349.171875,42378.53125,42348.8515625,42375.3515625,1268286.0
2025-06-23 14:12:00+00:00,42366.30078125,42366.30078125,42342.25,42349.3515625,1514301.0
2025-06-23 14:13:00+00:00,42380.921875,42385.94140625,42365.30859375,42365.30859375,1140620.0
2025-06-23 14:14:00+00:00,42397.66015625,42397.66015625,42380.7109375,42380.9609375,1322304.0
2025-06-23 14:15:00+00:00,42389.91015625,42408.19140625,42389.8203125,42399.98046875,1048962.0
2025-06-23 14:16:00+00:00,42388.609375,42392.33984375,42383.23046875,42391.41015625,759549.0
2025-06-23 14:17:00+00:00,42389.859375,42398.19140625,42386.12890625,42389.26953125,860064.0
2025-06-23 14:18:00+00:00,42414.171875,42418.390625,42390.05859375,42390.05859375,1132295.0
2025-06-23 14:19:00+00:00,42400.94140625,42413.75,42400.328125,42413.75,885623.0
2025-06-23 14:20:00+00:00,42420.51953125,42420.51953125,42400.53125,42400.53125,897505.0
2025-06-23 14:21:00+00:00,42415.62109375,42421.80859375,42412.828125,42420.62890625,762509.0
2025-06-23 14:22:00+00:00,42409.55078125,42420.01171875,42409.41015625,42415.640625,1038886.0
2025-06-23 14:23:00+00:00,42393.0390625,42418.5703125,42393.0390625,42411.71875,868743.0
2025-06-23 14:24:00+00:00,42405.01171875,42408.0,42390.33984375,42392.55078125,746490.0
2025-06-23 14:25:00+00:00,42391.53125,42405.8984375,42390.41015625,42405.71875,805787.0
2025-06-23 14:26:00+00:00,42386.6796875,42392.94921875,42384.62890625,42391.1484375,953091.0
2025-06-23 14:27:00+00:00,42371.140625,42380.8984375,42370.8984375,42380.8984375,1019145.0
2025-06-23 14:28:00+00:00,42370.21875,42373.55078125,42359.109375,42370.69921875,1148607.0
2025-06-23 14:29:00+00:00,42364.96875,42369.94921875,42362.51953125,42369.94921875,694654.0
2025-06-23 14:30:00+00:00,42352.76953125,42376.96875,42352.62890625,42364.75,1195573.0
2025-06-23 14:31:00+00:00,42357.83984375,42359.23046875,42343.44140625,42354.80859375,895574.0
2025-06-23 14:32:00+00:00,42362.828125,42365.87109375,42355.8984375,42358.05859375,901863.0
2025-06-23 14:33:00+00:00,42366.48046875,42370.25,42361.8203125,42362.76953125,903041.0
2025-06-23 14:34:00+00:00,42361.01171875,42366.109375,42357.1796875,42365.390625,893601.0
2025-06-23 14:35:00+00:00,42350.1796875,42365.83984375,42348.578125,42360.94140625,1069535.0
2025-06-23 14:36:00+00:00,42329.96875,42349.828125,42323.98046875,42349.828125,761384.0
2025-06-23 14:37:00+00:00,42319.0703125,42334.1796875,42319.0703125,42330.7109375,703536.0
2025-06-23 14:38:00+00:00,42313.3984375,42319.71875,42306.05078125,42319.71875,707190.0
2025-06-23 14:39:00+00:00,42312.328125,42318.328125,42310.6484375,42314.41015625,817041.0
2025-06-23 14:40:00+00:00,42320.08984375,42321.25,42310.1015625,42311.9296875,799693.0
2025-06-23 14:41:00+00:00,42317.30859375,42322.75,42317.30859375,42321.30078125,843174.0
2025-06-23 14:42:00+00:00,42300.28125,42318.03125,42297.05859375,42318.03125,878129.0
2025-06-23 14:43:00+00:00,42285.26953125,42300.46875,42285.109375,42300.46875,1553818.0
2025-06-23 14:44:00+00:00,42285.609375,42289.83984375,42277.87890625,42285.83984375,913987.0
2025-06-23 14:45:00+00:00,42306.25,42315.23046875,42286.6015625,42286.6015625,1292025.0
2025-06-23 14:46:00+00:00,42289.33984375,42305.12109375,42288.7890625,42305.12109375,820559.0
2025-06-23 14:47:00+00:00,42285.44921875,42295.609375,42285.44921875,42289.640625,1076554.0
2025-06-23 14:48:00+00:00,42281.26953125,42287.109375,42277.359375,42285.1484375,1026660.0
2025-06-23 14:49:00+00:00,42276.30078125,42282.33984375,42276.2890625,42281.359375,738653.0
2025-06-23 14:50:00+00:00,42287.5703125,42291.69140625,42274.1015625,42276.58984375,1037669.0
2025-06-23 14:51:00+00:00,42283.80859375,42287.71875,42279.33984375,42285.87890625,1072301.0
2025-06-23 14:52:00+00:00,42277.76171875,42283.3515625,42272.05859375,42283.3515625,758296.0
2025-06-23 14:53:00+00:00,42280.30078125,42280.62890625,42270.44921875,42277.03125,719900.0
2025-06-23 14:54:00+00:00,42268.87890625,42280.69140625,42267.01953125,42280.30078125,871479.0
2025-06-23 14:55:00+00:00,42262.5390625,42269.328125,42261.69921875,42269.328125,909927.0
2025-06-23 14:56:00+00:00,42263.390625,42268.41015625,42262.390625,42262.390625,965739.0
2025-06-23 14:57:00+00:00,42278.51953125,42279.08984375,42260.53125,42263.28125,836341.0
2025-06-23 14:58:00+00:00,42268.87890625,42279.2109375,42268.8515625,42278.23046875,886382.0
2025-06-23 14:59:00+00:00,42247.8203125,42270.3203125,42247.078125,42268.8515625,916828.0
2025-06-23 15:00:00+00:00,42255.58984375,42261.8203125,42245.73828125,42247.328125,1020595.0
2025-06-23 15:01:00+00:00,42286.640625,42287.12109375,42255.87109375,42255.87109375,1031793.0
2025-06-23 15:02:00+00:00,42289.921875,42290.44140625,42281.37109375,42285.28125,791415.0
2025-06-23 15:03:00+00:00,42303.05859375,42304.48046875,42289.76171875,42289.76171875,970674.0
2025-06-23 15:04:00+00:00,42309.359375,42312.8203125,42302.26953125,42302.26953125,781046.0
2025-06-23 15:05:00+00:00,42307.30859375,42311.5390625,42306.12109375,42309.01953125,759599.0
2025-06-23 15:06:00+00:00,42315.71875,42316.41015625,42308.12109375,42308.12109375,687709.0
2025-06-23 15:07:00+00:00,42322.71875,42323.76171875,42315.80078125,42315.80078125,539255.0
2025-06-23 15:09:00+00:00,42309.46875,42316.51953125,42309.46875,42316.08984375,1728681.0
2025-06-23 15:13:00+00:00,42307.96875,42309.21875,42307.62890625,42308.98046875,5429303.0
2025-06-23 15:14:00+00:00,42317.46875,42318.9609375,42307.58984375,42307.58984375,398394.0
2025-06-23 15:16:00+00:00,42317.078125,42319.2890625,42315.69921875,42318.87890625,1636784.0
2025-06-23 15:17:00+00:00,42321.3515625,42321.71875,42318.55859375,42318.55859375,164530.0
2025-06-23 15:19:00+00:00,42332.01171875,42332.7109375,42329.23828125,42330.01171875,1845143.0
2025-06-23 15:22:00+00:00,42309.5390625,42312.05859375,42308.921875,42309.6796875,2502780.0
2025-06-23 15:25:00+00:00,42303.41015625,42310.5,42303.21875,42310.5,1914567.0
2025-06-23 15:26:00+00:00,42294.75,42305.8515625,42293.578125,42305.8515625,926731.0
2025-06-23 15:27:00+00:00,42283.78125,42283.78125,42283.78125,42283.78125,0.0
