Datetime,Close,High,Low,Open,Volume
2025-06-16 13:30:00+00:00,6015.31982421875,6015.7001953125,6004.0,6004.0,0.0
2025-06-16 13:31:00+00:00,6018.39990234375,6020.14013671875,6015.490234375,6015.490234375,15397384.0
2025-06-16 13:32:00+00:00,6018.490234375,6020.5400390625,6017.7001953125,6018.2001953125,14787415.0
2025-06-16 13:33:00+00:00,6020.919921875,6021.3798828125,6018.43994140625,6018.43994140625,12228115.0
2025-06-16 13:34:00+00:00,6021.490234375,6022.0,6019.72021484375,6021.0498046875,10287173.0
2025-06-16 13:35:00+00:00,6020.56982421875,6021.39990234375,6018.7900390625,6021.31982421875,13107540.0
2025-06-16 13:36:00+00:00,6019.5,6020.18994140625,6017.5498046875,6020.08984375,10249340.0
2025-06-16 13:37:00+00:00,6020.8798828125,6022.4599609375,6019.490234375,6019.6298828125,7953955.0
2025-06-16 13:38:00+00:00,6021.06982421875,6021.8701171875,6020.25,6021.2001953125,8143828.0
2025-06-16 13:39:00+00:00,6022.2998046875,6023.6201171875,6019.9501953125,6021.14990234375,8504668.0
2025-06-16 13:40:00+00:00,6021.4501953125,6023.31982421875,6021.27001953125,6022.31005859375,9499643.0
2025-06-16 13:41:00+00:00,6021.58984375,6023.60986328125,6020.85009765625,6021.6201171875,8237932.0
2025-06-16 13:42:00+00:00,6020.330078125,6022.0400390625,6020.14990234375,6021.52978515625,7212671.0
2025-06-16 13:43:00+00:00,6021.080078125,6021.2900390625,6018.89013671875,6020.3701171875,7381139.0
2025-06-16 13:44:00+00:00,6020.3798828125,6022.58984375,6019.7099609375,6021.2998046875,9607976.0
2025-06-16 13:45:00+00:00,6024.919921875,6025.0498046875,6020.3701171875,6020.3701171875,9579178.0
2025-06-16 13:46:00+00:00,6023.7900390625,6024.47998046875,6023.43994140625,6024.18994140625,8580155.0
2025-06-16 13:47:00+00:00,6019.25,6023.97021484375,6019.2001953125,6023.7001953125,8636578.0
2025-06-16 13:48:00+00:00,6021.2998046875,6021.58984375,6019.3701171875,6019.3701171875,7589826.0
2025-06-16 13:49:00+00:00,6028.6201171875,6029.33984375,6021.31982421875,6021.330078125,12638949.0
2025-06-16 13:50:00+00:00,6027.77001953125,6028.740234375,6026.68994140625,6028.72021484375,7998784.0
2025-06-16 13:51:00+00:00,6026.6298828125,6028.43017578125,6026.14013671875,6027.7099609375,8136470.0
2025-06-16 13:52:00+00:00,6029.85009765625,6030.259765625,6026.419921875,6026.419921875,7420687.0
2025-06-16 13:53:00+00:00,6034.31005859375,6034.75,6029.25,6029.89990234375,10071417.0
2025-06-16 13:54:00+00:00,6034.43017578125,6036.77978515625,6033.31005859375,6034.08984375,9120904.0
2025-06-16 13:55:00+00:00,6037.6201171875,6037.91015625,6033.83984375,6034.3701171875,8699976.0
2025-06-16 13:56:00+00:00,6039.169921875,6039.56005859375,6037.39990234375,6037.39990234375,8870723.0
2025-06-16 13:57:00+00:00,6038.009765625,6039.8701171875,6038.009765625,6039.27001953125,8235372.0
2025-06-16 13:58:00+00:00,6035.27978515625,6038.33984375,6034.60986328125,6037.9501953125,8725556.0
2025-06-16 13:59:00+00:00,6036.64990234375,6036.81982421875,6035.83984375,6036.60009765625,9058061.0
2025-06-16 14:00:00+00:00,6039.35986328125,6041.9599609375,6036.39013671875,6036.39013671875,11439211.0
2025-06-16 14:01:00+00:00,6040.52001953125,6040.7001953125,6039.22021484375,6039.22021484375,8214918.0
2025-06-16 14:02:00+00:00,6040.64013671875,6041.2900390625,6039.8798828125,6040.68994140625,7998359.0
2025-06-16 14:03:00+00:00,6039.330078125,6040.81982421875,6038.97998046875,6040.64990234375,7504212.0
2025-06-16 14:04:00+00:00,6040.39013671875,6040.56982421875,6039.06005859375,6039.33984375,7079272.0
2025-06-16 14:05:00+00:00,6041.31982421875,6041.9599609375,6040.47998046875,6040.47998046875,8407778.0
2025-06-16 14:06:00+00:00,6038.81005859375,6042.2900390625,6037.72021484375,6041.31005859375,8007976.0
2025-06-16 14:07:00+00:00,6039.669921875,6040.31982421875,6039.669921875,6040.2900390625,7801732.0
2025-06-16 14:08:00+00:00,6036.9501953125,6039.14013671875,6036.77001953125,6039.14013671875,6874755.0
2025-06-16 14:09:00+00:00,6036.81982421875,6038.47021484375,6036.7099609375,6037.02978515625,7445345.0
2025-06-16 14:10:00+00:00,6037.89990234375,6038.580078125,6036.7099609375,6036.75,7036776.0
2025-06-16 14:11:00+00:00,6039.31982421875,6039.31982421875,6037.259765625,6037.83984375,5912354.0
2025-06-16 14:12:00+00:00,6042.4599609375,6042.52978515625,6039.2900390625,6039.41015625,7618009.0
2025-06-16 14:13:00+00:00,6041.93017578125,6042.8798828125,6041.31982421875,6042.58984375,7330420.0
2025-06-16 14:14:00+00:00,6043.080078125,6043.27001953125,6041.81982421875,6041.81982421875,6261074.0
2025-06-16 14:15:00+00:00,6042.72021484375,6043.14990234375,6041.72021484375,6042.9501953125,7098542.0
2025-06-16 14:16:00+00:00,6041.740234375,6042.7998046875,6041.60009765625,6042.58984375,7239390.0
2025-06-16 14:17:00+00:00,6042.8798828125,6043.60986328125,6041.9501953125,6041.9501953125,7746933.0
2025-06-16 14:18:00+00:00,6045.89013671875,6046.2099609375,6043.0400390625,6043.0400390625,7435244.0
2025-06-16 14:19:00+00:00,6046.22998046875,6046.33984375,6045.5,6045.93017578125,7225977.0
2025-06-16 14:20:00+00:00,6045.740234375,6046.47998046875,6045.740234375,6046.2998046875,7581457.0
2025-06-16 14:21:00+00:00,6047.10009765625,6047.259765625,6045.93994140625,6046.10986328125,7473986.0
2025-06-16 14:22:00+00:00,6045.580078125,6047.2998046875,6045.47998046875,6047.06982421875,6417054.0
2025-06-16 14:23:00+00:00,6044.669921875,6045.64990234375,6044.47021484375,6045.56005859375,6401452.0
2025-06-16 14:24:00+00:00,6046.7998046875,6047.72021484375,6044.72021484375,6044.72021484375,7301625.0
2025-06-16 14:25:00+00:00,6045.31005859375,6047.08984375,6044.5400390625,6046.77978515625,6563529.0
2025-06-16 14:26:00+00:00,6045.81005859375,6046.169921875,6044.8701171875,6045.43017578125,5726989.0
2025-06-16 14:27:00+00:00,6046.0,6046.2998046875,6045.509765625,6046.009765625,6398808.0
2025-06-16 14:28:00+00:00,6047.25,6047.81005859375,6046.02978515625,6046.02978515625,6054823.0
2025-06-16 14:29:00+00:00,6046.72998046875,6047.669921875,6046.47998046875,6047.47021484375,6734296.0
2025-06-16 14:30:00+00:00,6047.60986328125,6048.1298828125,6046.89990234375,6046.89990234375,7066547.0
2025-06-16 14:31:00+00:00,6047.490234375,6047.8798828125,6047.14990234375,6047.5400390625,5578725.0
2025-06-16 14:32:00+00:00,6049.58984375,6049.91015625,6047.47021484375,6047.509765625,6521024.0
2025-06-16 14:33:00+00:00,6049.81005859375,6050.330078125,6049.41015625,6049.77978515625,7241890.0
2025-06-16 14:34:00+00:00,6050.2900390625,6050.56005859375,6049.8701171875,6049.9599609375,7719350.0
2025-06-16 14:35:00+00:00,6049.97998046875,6050.830078125,6049.33984375,6050.22998046875,6738773.0
2025-06-16 14:36:00+00:00,6047.580078125,6050.3798828125,6047.06982421875,6049.89013671875,6922384.0
2025-06-16 14:37:00+00:00,6046.33984375,6048.89990234375,6045.93017578125,6047.58984375,6548896.0
2025-06-16 14:38:00+00:00,6046.080078125,6047.10009765625,6045.64013671875,6046.509765625,6343187.0
2025-06-16 14:39:00+00:00,6046.83984375,6047.08984375,6046.27978515625,6046.2998046875,5804202.0
2025-06-16 14:40:00+00:00,6044.990234375,6047.56982421875,6044.990234375,6046.8701171875,6378098.0
2025-06-16 14:41:00+00:00,6045.22998046875,6045.33984375,6044.6298828125,6045.02001953125,6993348.0
2025-06-16 14:42:00+00:00,6045.7001953125,6045.97998046875,6044.27001953125,6045.35009765625,6097794.0
2025-06-16 14:43:00+00:00,6047.8701171875,6047.8701171875,6045.58984375,6045.75,9204318.0
2025-06-16 14:44:00+00:00,6048.91015625,6049.08984375,6048.2099609375,6048.330078125,11256585.0
2025-06-16 14:45:00+00:00,6049.1201171875,6049.39013671875,6048.10986328125,6048.97021484375,5544432.0
2025-06-16 14:46:00+00:00,6049.02001953125,6049.56005859375,6048.419921875,6049.10009765625,7107650.0
2025-06-16 14:47:00+00:00,6047.56982421875,6049.169921875,6047.43017578125,6049.169921875,6891530.0
2025-06-16 14:48:00+00:00,6047.2001953125,6047.919921875,6046.64990234375,6047.7001953125,6214078.0
2025-06-16 14:49:00+00:00,6046.3701171875,6047.47998046875,6046.0400390625,6047.080078125,5285908.0
2025-06-16 14:50:00+00:00,6045.8798828125,6046.830078125,6045.85986328125,6046.35009765625,7000399.0
2025-06-16 14:51:00+00:00,6046.419921875,6046.5498046875,6045.2900390625,6045.77001953125,7343287.0
2025-06-16 14:52:00+00:00,6046.41015625,6046.75,6045.4501953125,6046.43017578125,5485554.0
2025-06-16 14:53:00+00:00,6047.52978515625,6047.91015625,6046.41015625,6046.41015625,5178849.0
2025-06-16 14:54:00+00:00,6045.7001953125,6047.47021484375,6045.5,6047.47021484375,5443982.0
2025-06-16 14:55:00+00:00,6045.93994140625,6046.83984375,6045.669921875,6045.72021484375,6253472.0
2025-06-16 14:56:00+00:00,6045.080078125,6045.830078125,6044.66015625,6045.64990234375,6595879.0
2025-06-16 14:57:00+00:00,6045.77978515625,6045.85986328125,6044.91015625,6045.35009765625,5075333.0
2025-06-16 14:58:00+00:00,6045.0400390625,6045.77978515625,6044.27978515625,6045.77978515625,6471220.0
2025-06-16 14:59:00+00:00,6046.080078125,6046.080078125,6044.43017578125,6045.2001953125,6513954.0
2025-06-16 15:00:00+00:00,6045.72998046875,6046.31982421875,6045.31005859375,6045.7900390625,6670886.0
2025-06-16 15:01:00+00:00,6047.27978515625,6047.27978515625,6045.740234375,6045.93994140625,6244422.0
2025-06-16 15:02:00+00:00,6047.0400390625,6047.39013671875,6045.93017578125,6047.2099609375,6727568.0
2025-06-16 15:03:00+00:00,6043.83984375,6047.02978515625,6043.83984375,6047.02978515625,7472248.0
2025-06-16 15:04:00+00:00,6044.47021484375,6044.6201171875,6043.39013671875,6043.7099609375,13219312.0
2025-06-16 15:05:00+00:00,6042.27001953125,6044.85986328125,6041.9501953125,6044.56982421875,9330166.0
2025-06-16 15:06:00+00:00,6043.31982421875,6043.91015625,6042.35009765625,6042.35009765625,7992414.0
2025-06-16 15:07:00+00:00,6042.22021484375,6043.4599609375,6042.1201171875,6043.35986328125,7497334.0
2025-06-16 15:08:00+00:00,6041.669921875,6042.2998046875,6041.52001953125,6042.22998046875,6605022.0
2025-06-16 15:09:00+00:00,6041.85009765625,6042.31982421875,6041.60009765625,6041.60009765625,6030398.0
2025-06-16 15:10:00+00:00,6043.75,6043.75,6041.7099609375,6041.97021484375,7595353.0
2025-06-16 15:11:00+00:00,6042.41015625,6043.77001953125,6042.2900390625,6043.72998046875,9911465.0
2025-06-16 15:12:00+00:00,6042.419921875,6042.52001953125,6041.6201171875,6042.33984375,6143397.0
2025-06-16 15:13:00+00:00,6042.5400390625,6043.009765625,6042.02001953125,6042.5,6792563.0
2025-06-16 15:14:00+00:00,6042.97021484375,6043.02001953125,6041.91015625,6042.490234375,5887531.0
2025-06-16 15:15:00+00:00,6044.43017578125,6045.2998046875,6043.14990234375,6043.14990234375,7968212.0
2025-06-16 15:16:00+00:00,6042.81982421875,6044.39013671875,6042.66015625,6044.39013671875,5964219.0
2025-06-16 15:17:00+00:00,6044.81982421875,6044.990234375,6042.89990234375,6043.16015625,5645935.0
2025-06-16 15:18:00+00:00,6046.16015625,6046.419921875,6045.97998046875,6046.27978515625,5316165.0
2025-06-16 15:19:00+00:00,6045.35986328125,6046.2099609375,6045.330078125,6046.2001953125,4959631.0
2025-06-16 15:20:00+00:00,6044.72998046875,6045.47998046875,6044.18017578125,6045.2998046875,5868336.0
2025-06-16 15:21:00+00:00,6046.60009765625,6046.77001953125,6044.66015625,6044.81982421875,5495109.0
2025-06-16 15:22:00+00:00,6045.68994140625,6047.259765625,6045.56005859375,6046.6298828125,6603895.0
2025-06-16 15:23:00+00:00,6044.89013671875,6045.85986328125,6044.85009765625,6045.68994140625,5766066.0
2025-06-16 15:24:00+00:00,6046.5498046875,6046.60986328125,6044.81982421875,6044.830078125,6179404.0
2025-06-16 15:25:00+00:00,6045.169921875,6047.1298828125,6045.14990234375,6046.5,6951741.0
2025-06-16 15:26:00+00:00,6041.35009765625,6045.33984375,6041.2001953125,6045.240234375,6553037.0
2025-06-16 15:27:00+00:00,6039.72998046875,6041.77978515625,6039.64990234375,6041.10009765625,5297801.0
2025-06-16 15:28:00+00:00,6040.8701171875,6040.89990234375,6039.83984375,6039.83984375,5452823.0
2025-06-16 15:29:00+00:00,6040.18017578125,6040.990234375,6039.52978515625,6040.990234375,6322252.0
2025-06-16 15:30:00+00:00,6041.7001953125,6041.81982421875,6039.9501953125,6040.3798828125,6000475.0
2025-06-16 15:31:00+00:00,6041.7001953125,6042.47021484375,6040.580078125,6041.81005859375,5893804.0
2025-06-16 15:32:00+00:00,6040.06982421875,6041.669921875,6039.8798828125,6041.669921875,4410501.0
2025-06-16 15:33:00+00:00,6040.43994140625,6040.66015625,6039.85986328125,6040.14990234375,4764867.0
2025-06-16 15:34:00+00:00,6040.830078125,6041.14990234375,6040.35986328125,6040.56982421875,4554782.0
2025-06-16 15:35:00+00:00,6039.72021484375,6040.8798828125,6038.97021484375,6040.8798828125,5630000.0
2025-06-16 15:36:00+00:00,6041.39990234375,6041.75,6041.16015625,6041.16015625,5511000.0
2025-06-16 15:37:00+00:00,6041.990234375,6043.16015625,6041.169921875,6041.4501953125,5803000.0
2025-06-16 15:38:00+00:00,6043.02978515625,6043.02978515625,6041.1298828125,6042.33984375,5583000.0
2025-06-16 15:39:00+00:00,6041.43017578125,6042.93994140625,6041.41015625,6042.93017578125,4405000.0
2025-06-16 15:40:00+00:00,6042.240234375,6042.43017578125,6041.08984375,6041.60009765625,5585000.0
2025-06-16 15:41:00+00:00,6042.25,6042.6298828125,6041.93017578125,6042.2099609375,4787000.0
2025-06-16 15:42:00+00:00,6042.2900390625,6042.35009765625,6041.580078125,6042.33984375,4620000.0
2025-06-16 15:43:00+00:00,6043.02978515625,6043.5,6042.4501953125,6042.52001953125,5010000.0
2025-06-16 15:44:00+00:00,6042.1201171875,6043.1201171875,6042.0498046875,6042.990234375,5197000.0
2025-06-16 15:45:00+00:00,6042.2099609375,6043.16015625,6041.93994140625,6042.10986328125,4516000.0
2025-06-16 15:46:00+00:00,6044.81982421875,6044.81982421875,6042.33984375,6042.33984375,3955000.0
2025-06-16 15:47:00+00:00,6044.330078125,6044.7998046875,6043.89990234375,6044.7998046875,3990000.0
2025-06-16 15:48:00+00:00,6043.9599609375,6044.47998046875,6043.8701171875,6044.3798828125,3837000.0
2025-06-16 15:49:00+00:00,6043.64013671875,6043.93994140625,6043.0498046875,6043.85986328125,4340000.0
2025-06-16 15:50:00+00:00,6043.080078125,6043.669921875,6042.5,6043.669921875,3992000.0
2025-06-16 15:51:00+00:00,6041.64013671875,6043.080078125,6041.6298828125,6043.06005859375,4068000.0
2025-06-16 15:52:00+00:00,6040.41015625,6041.56982421875,6039.8798828125,6041.56982421875,5150000.0
2025-06-16 15:53:00+00:00,6040.0400390625,6040.66015625,6039.5,6040.4599609375,4104000.0
2025-06-16 15:54:00+00:00,6039.0400390625,6040.22998046875,6038.97021484375,6039.93017578125,3951000.0
2025-06-16 15:56:00+00:00,6036.7099609375,6039.08984375,6035.39990234375,6039.08984375,14706000.0
2025-06-16 15:57:00+00:00,6037.3701171875,6037.6201171875,6035.9501953125,6036.669921875,4929000.0
2025-06-16 15:58:00+00:00,6038.10986328125,6038.35986328125,6037.10986328125,6037.4599609375,4606000.0
2025-06-16 15:59:00+00:00,6037.93994140625,6038.919921875,6037.81005859375,6038.10986328125,3999000.0
2025-06-16 16:00:00+00:00,6040.60986328125,6040.669921875,6037.97021484375,6037.97021484375,4383000.0
2025-06-16 16:01:00+00:00,6037.39990234375,6040.60986328125,6037.39990234375,6040.580078125,4288000.0
2025-06-16 16:02:00+00:00,6036.6201171875,6037.43994140625,6036.47021484375,6037.43994140625,3854000.0
2025-06-16 16:03:00+00:00,6035.9599609375,6036.72998046875,6035.740234375,6036.7099609375,3281000.0
2025-06-16 16:04:00+00:00,6036.919921875,6036.919921875,6035.5400390625,6035.93994140625,3830000.0
2025-06-16 16:05:00+00:00,6036.25,6037.3701171875,6035.990234375,6036.9599609375,4311000.0
2025-06-16 16:06:00+00:00,6036.43017578125,6036.91015625,6036.0400390625,6036.259765625,3135000.0
2025-06-16 16:07:00+00:00,6037.83984375,6037.83984375,6035.31005859375,6036.509765625,4722000.0
2025-06-16 16:08:00+00:00,6037.60986328125,6038.0400390625,6037.56005859375,6037.85986328125,2977000.0
2025-06-16 16:09:00+00:00,6037.3798828125,6037.93017578125,6036.7998046875,6037.75,3954000.0
2025-06-16 16:10:00+00:00,6037.7001953125,6037.72998046875,6036.8798828125,6037.419921875,3450000.0
2025-06-16 16:11:00+00:00,6038.080078125,6038.2998046875,6037.7099609375,6037.7099609375,3207000.0
2025-06-16 16:12:00+00:00,6039.31005859375,6039.31982421875,6038.18017578125,6038.18017578125,3947000.0
2025-06-16 16:13:00+00:00,6040.33984375,6040.3701171875,6039.27978515625,6039.27978515625,4697000.0
2025-06-16 16:15:00+00:00,6039.52001953125,6039.669921875,6038.5,6039.43017578125,8574000.0
2025-06-16 16:16:00+00:00,6040.64990234375,6040.9501953125,6039.52978515625,6039.52978515625,3530000.0
2025-06-16 16:17:00+00:00,6041.8701171875,6042.18017578125,6040.35009765625,6040.60009765625,4495000.0
2025-06-16 16:18:00+00:00,6042.10009765625,6042.5498046875,6041.89013671875,6041.89013671875,3416000.0
2025-06-16 16:19:00+00:00,6041.1201171875,6042.10009765625,6041.1201171875,6042.10009765625,3714000.0
2025-06-16 16:20:00+00:00,6041.81982421875,6041.83984375,6040.56005859375,6041.080078125,4068000.0
2025-06-16 16:21:00+00:00,6042.22998046875,6042.33984375,6041.7099609375,6041.85986328125,3506000.0
2025-06-16 16:22:00+00:00,6041.27978515625,6043.009765625,6041.240234375,6042.18017578125,4630000.0
2025-06-16 16:23:00+00:00,6041.08984375,6042.10986328125,6041.080078125,6041.16015625,4167000.0
2025-06-16 16:24:00+00:00,6039.919921875,6041.06005859375,6039.31005859375,6040.97998046875,4310000.0
2025-06-16 16:25:00+00:00,6038.080078125,6040.0400390625,6037.68994140625,6040.02001953125,3890000.0
2025-06-16 16:26:00+00:00,6037.009765625,6038.16015625,6036.9501953125,6038.1298828125,3569000.0
2025-06-16 16:27:00+00:00,6037.02001953125,6037.669921875,6036.759765625,6036.9599609375,3235000.0
2025-06-16 16:28:00+00:00,6038.08984375,6038.08984375,6036.31982421875,6036.990234375,5463000.0
2025-06-16 16:29:00+00:00,6037.14013671875,6038.080078125,6036.97998046875,6038.0400390625,3216000.0
2025-06-16 16:30:00+00:00,6037.72021484375,6037.759765625,6037.2998046875,6037.58984375,3123000.0
2025-06-16 16:31:00+00:00,6037.2900390625,6037.66015625,6036.7998046875,6037.66015625,3585000.0
2025-06-16 16:32:00+00:00,6038.22021484375,6038.31982421875,6037.06982421875,6037.25,2915000.0
2025-06-16 16:33:00+00:00,6038.009765625,6038.52001953125,6037.7998046875,6038.14013671875,2995000.0
2025-06-16 16:34:00+00:00,6037.25,6038.31982421875,6037.25,6037.990234375,3663000.0
2025-06-16 16:35:00+00:00,6035.77001953125,6037.10986328125,6035.58984375,6037.10986328125,3044000.0
2025-06-16 16:36:00+00:00,6036.97998046875,6036.97998046875,6035.06005859375,6035.77001953125,3394000.0
2025-06-16 16:37:00+00:00,6037.22021484375,6038.16015625,6036.93017578125,6036.97021484375,4035000.0
2025-06-16 16:38:00+00:00,6036.72021484375,6037.240234375,6036.169921875,6037.240234375,3444000.0
2025-06-16 16:39:00+00:00,6036.72998046875,6037.2099609375,6036.490234375,6036.7998046875,2691000.0
2025-06-16 16:40:00+00:00,6035.14990234375,6036.77001953125,6035.14990234375,6036.7099609375,3263000.0
2025-06-16 16:41:00+00:00,6035.080078125,6036.43994140625,6034.85986328125,6035.18994140625,3867000.0
2025-06-16 16:42:00+00:00,6034.72021484375,6035.06982421875,6033.8798828125,6035.0498046875,3737000.0
2025-06-16 16:43:00+00:00,6034.06982421875,6034.990234375,6033.33984375,6034.7001953125,3862000.0
2025-06-16 16:44:00+00:00,6033.06005859375,6034.0498046875,6032.490234375,6034.0400390625,3992000.0
2025-06-16 16:45:00+00:00,6032.56005859375,6032.85986328125,6032.08984375,6032.85986328125,2887000.0
2025-06-16 16:46:00+00:00,6034.2998046875,6034.43017578125,6032.06982421875,6032.64990234375,4815000.0
2025-06-16 16:47:00+00:00,6035.3798828125,6035.60009765625,6034.2900390625,6034.2900390625,3603000.0
2025-06-16 16:48:00+00:00,6034.47021484375,6034.580078125,6034.25,6034.31005859375,3392000.0
2025-06-16 16:49:00+00:00,6033.72998046875,6034.580078125,6033.7099609375,6034.47998046875,2686000.0
2025-06-16 16:50:00+00:00,6034.490234375,6034.490234375,6033.58984375,6033.72998046875,3417000.0
2025-06-16 16:51:00+00:00,6035.509765625,6035.580078125,6034.2998046875,6034.52001953125,3031000.0
2025-06-16 16:52:00+00:00,6037.16015625,6037.16015625,6035.330078125,6035.5498046875,5517000.0
2025-06-16 16:53:00+00:00,6038.009765625,6038.06982421875,6037.06005859375,6037.14013671875,3793000.0
2025-06-16 16:54:00+00:00,6037.35009765625,6037.8701171875,6036.759765625,6037.8701171875,3488000.0
2025-06-16 16:55:00+00:00,6036.7998046875,6037.39990234375,6036.39990234375,6037.3798828125,3638000.0
2025-06-16 16:56:00+00:00,6036.41015625,6037.0,6036.18017578125,6036.830078125,3221000.0
2025-06-16 16:57:00+00:00,6035.06982421875,6036.43017578125,6034.97998046875,6036.43017578125,3027000.0
2025-06-16 16:58:00+00:00,6034.2001953125,6035.39013671875,6034.2001953125,6035.06005859375,3049000.0
2025-06-16 16:59:00+00:00,6033.740234375,6034.0400390625,6032.4599609375,6034.0400390625,4803000.0
2025-06-16 17:00:00+00:00,6034.83984375,6034.85986328125,6033.330078125,6033.7998046875,2820000.0
2025-06-16 17:01:00+00:00,6033.7998046875,6034.77001953125,6033.58984375,6034.75,2874000.0
2025-06-16 17:02:00+00:00,6033.2001953125,6034.68994140625,6032.93994140625,6033.77978515625,4068000.0
2025-06-16 17:03:00+00:00,6032.7900390625,6033.2998046875,6032.7900390625,6033.25,3412000.0
2025-06-16 17:04:00+00:00,6033.2001953125,6033.56982421875,6032.77001953125,6032.7900390625,3653000.0
2025-06-16 17:05:00+00:00,6031.8701171875,6033.60986328125,6031.259765625,6033.2001953125,4071000.0
2025-06-16 17:06:00+00:00,6031.5,6031.89013671875,6031.27978515625,6031.8701171875,3446000.0
2025-06-16 17:07:00+00:00,6032.31005859375,6032.7099609375,6031.6201171875,6031.6201171875,3293000.0
2025-06-16 17:08:00+00:00,6032.60986328125,6032.68994140625,6031.5,6032.27001953125,3847000.0
2025-06-16 17:09:00+00:00,6033.93017578125,6033.93017578125,6032.60986328125,6032.6201171875,3389000.0
2025-06-16 17:10:00+00:00,6033.509765625,6034.009765625,6033.25,6033.25,3659000.0
2025-06-16 17:11:00+00:00,6032.7998046875,6034.759765625,6032.66015625,6033.52001953125,3826000.0
2025-06-16 17:12:00+00:00,6031.25,6032.7998046875,6031.25,6032.7998046875,3468000.0
2025-06-16 17:13:00+00:00,6032.0400390625,6032.0400390625,6030.7900390625,6031.27001953125,4504000.0
2025-06-16 17:14:00+00:00,6031.35986328125,6032.0498046875,6031.35009765625,6032.0498046875,4344000.0
2025-06-16 17:15:00+00:00,6030.77001953125,6031.31982421875,6030.39990234375,6031.31982421875,3975000.0
2025-06-16 17:16:00+00:00,6031.91015625,6032.009765625,6030.68994140625,6030.7900390625,4888000.0
2025-06-16 17:17:00+00:00,6032.2900390625,6032.2900390625,6031.740234375,6032.009765625,3355000.0
2025-06-16 17:18:00+00:00,6033.06005859375,6033.06005859375,6031.509765625,6032.35986328125,3995000.0
2025-06-16 17:19:00+00:00,6034.080078125,6034.1201171875,6033.0498046875,6033.1298828125,3410000.0
2025-06-16 17:20:00+00:00,6034.27001953125,6035.58984375,6033.8798828125,6034.06005859375,5240000.0
2025-06-16 17:21:00+00:00,6033.89013671875,6034.72021484375,6033.85009765625,6034.2998046875,3341000.0
2025-06-16 17:22:00+00:00,6033.9501953125,6034.14990234375,6033.8701171875,6033.93017578125,3778000.0
2025-06-16 17:23:00+00:00,6034.490234375,6034.5,6033.52001953125,6033.89013671875,4131000.0
2025-06-16 17:24:00+00:00,6034.97021484375,6035.58984375,6034.41015625,6034.47021484375,4348000.0
2025-06-16 17:25:00+00:00,6037.39990234375,6037.43017578125,6034.740234375,6034.9599609375,4520000.0
2025-06-16 17:26:00+00:00,6037.31982421875,6037.7900390625,6037.16015625,6037.39990234375,3915000.0
2025-06-16 17:27:00+00:00,6037.89990234375,6037.89990234375,6036.35009765625,6037.35009765625,4028000.0
2025-06-16 17:28:00+00:00,6041.39990234375,6041.830078125,6037.77978515625,6037.85986328125,6208000.0
2025-06-16 17:29:00+00:00,6040.31982421875,6041.3701171875,6040.31982421875,6041.3701171875,3398000.0
2025-06-16 17:30:00+00:00,6042.64013671875,6042.83984375,6040.3701171875,6040.3701171875,4513000.0
2025-06-16 17:31:00+00:00,6041.85009765625,6043.2099609375,6040.72998046875,6043.2001953125,5079000.0
2025-06-16 17:32:00+00:00,6041.18994140625,6042.169921875,6040.990234375,6041.85009765625,3629000.0
2025-06-16 17:33:00+00:00,6040.41015625,6041.91015625,6040.41015625,6041.2001953125,4181000.0
2025-06-16 17:34:00+00:00,6041.169921875,6041.169921875,6039.89990234375,6040.2099609375,4917000.0
2025-06-16 17:35:00+00:00,6039.52001953125,6041.759765625,6039.330078125,6041.169921875,3751000.0
2025-06-16 17:36:00+00:00,6039.77001953125,6040.669921875,6039.41015625,6039.47021484375,3634000.0
2025-06-16 17:37:00+00:00,6039.41015625,6040.1298828125,6039.39013671875,6039.81005859375,3240000.0
2025-06-16 17:38:00+00:00,6039.009765625,6039.5400390625,6038.39013671875,6039.41015625,3745000.0
2025-06-16 17:39:00+00:00,6038.27001953125,6039.2001953125,6038.27001953125,6039.02978515625,3101000.0
2025-06-16 17:40:00+00:00,6038.8701171875,6038.89013671875,6037.97021484375,6038.2099609375,3363000.0
2025-06-16 17:41:00+00:00,6039.9501953125,6040.16015625,6038.83984375,6038.83984375,3078000.0
2025-06-16 17:42:00+00:00,6038.8798828125,6040.25,6038.8798828125,6039.990234375,3009000.0
2025-06-16 17:44:00+00:00,6037.8798828125,6038.52001953125,6037.830078125,6038.08984375,6515000.0
2025-06-16 17:45:00+00:00,6038.2001953125,6039.06982421875,6037.81982421875,6037.89013671875,3674000.0
2025-06-16 17:46:00+00:00,6037.43994140625,6038.22998046875,6036.58984375,6038.22998046875,3239000.0
2025-06-16 17:47:00+00:00,6036.77978515625,6037.91015625,6036.64990234375,6037.490234375,3161000.0
2025-06-16 17:48:00+00:00,6037.06005859375,6037.06005859375,6036.22021484375,6036.60986328125,2772000.0
2025-06-16 17:49:00+00:00,6036.9501953125,6037.60009765625,6036.85009765625,6036.97021484375,3361000.0
2025-06-16 17:50:00+00:00,6037.31005859375,6037.419921875,6036.72021484375,6036.990234375,2903000.0
2025-06-16 17:51:00+00:00,6037.93017578125,6037.93017578125,6036.72998046875,6037.3701171875,3402000.0
2025-06-16 17:52:00+00:00,6035.52001953125,6037.9599609375,6035.33984375,6037.8701171875,4602000.0
2025-06-16 17:53:00+00:00,6035.89013671875,6036.10986328125,6035.43994140625,6035.4501953125,2493000.0
2025-06-16 17:54:00+00:00,6033.919921875,6036.02001953125,6033.919921875,6035.830078125,4147000.0
2025-06-16 17:55:00+00:00,6032.6298828125,6033.56005859375,6031.89990234375,6033.56005859375,4581000.0
2025-06-16 17:56:00+00:00,6032.3798828125,6032.81982421875,6032.22998046875,6032.66015625,3070000.0
2025-06-16 17:57:00+00:00,6030.41015625,6032.3798828125,6030.33984375,6032.35986328125,4010000.0
2025-06-16 17:58:00+00:00,6029.31005859375,6030.47021484375,6029.2998046875,6030.35009765625,4021000.0
2025-06-16 17:59:00+00:00,6029.97021484375,6030.0498046875,6028.68994140625,6029.2998046875,3797000.0
2025-06-16 18:00:00+00:00,6030.35986328125,6030.580078125,6029.72998046875,6029.9501953125,3840000.0
2025-06-16 18:01:00+00:00,6032.0400390625,6032.31005859375,6030.16015625,6030.41015625,5027000.0
2025-06-16 18:02:00+00:00,6031.60009765625,6032.1298828125,6031.35009765625,6032.02978515625,3976000.0
2025-06-16 18:03:00+00:00,6032.85009765625,6032.9599609375,6031.72021484375,6031.740234375,3216000.0
2025-06-16 18:04:00+00:00,6032.93994140625,6033.0400390625,6032.52001953125,6032.85009765625,3738000.0
2025-06-16 18:05:00+00:00,6033.97998046875,6034.18017578125,6032.9501953125,6032.9599609375,4017000.0
2025-06-16 18:06:00+00:00,6034.2001953125,6034.93017578125,6033.89013671875,6033.9501953125,3456000.0
2025-06-16 18:07:00+00:00,6033.02001953125,6034.2900390625,6032.6201171875,6034.2900390625,3522000.0
2025-06-16 18:08:00+00:00,6032.52001953125,6033.25,6032.52001953125,6033.02001953125,3279000.0
2025-06-16 18:09:00+00:00,6032.3701171875,6032.5,6031.85009765625,6032.47021484375,3718000.0
2025-06-16 18:10:00+00:00,6032.490234375,6032.6201171875,6032.02001953125,6032.41015625,3453000.0
2025-06-16 18:11:00+00:00,6030.91015625,6032.509765625,6030.91015625,6032.509765625,4132000.0
2025-06-16 18:12:00+00:00,6031.16015625,6031.9501953125,6030.7099609375,6030.919921875,4491000.0
2025-06-16 18:13:00+00:00,6031.93994140625,6032.2998046875,6031.0498046875,6031.2001953125,4095000.0
2025-06-16 18:14:00+00:00,6032.85986328125,6032.85986328125,6031.7998046875,6031.9501953125,5122000.0
2025-06-16 18:15:00+00:00,6032.8798828125,6033.22998046875,6032.18017578125,6032.89013671875,4295000.0
2025-06-16 18:16:00+00:00,6032.31005859375,6032.740234375,6032.31005859375,6032.740234375,4110000.0
2025-06-16 18:17:00+00:00,6032.2099609375,6032.56005859375,6032.10009765625,6032.27978515625,3661000.0
2025-06-16 18:18:00+00:00,6031.85009765625,6032.68017578125,6031.83984375,6032.2099609375,2924000.0
2025-06-16 18:19:00+00:00,6031.68994140625,6031.68994140625,6030.9501953125,6031.60009765625,3753000.0
2025-06-16 18:20:00+00:00,6030.14990234375,6031.93994140625,6030.0498046875,6031.669921875,3869000.0
2025-06-16 18:21:00+00:00,6030.47021484375,6030.75,6029.7998046875,6030.080078125,3356000.0
2025-06-16 18:22:00+00:00,6031.259765625,6031.259765625,6030.31005859375,6030.5,3422000.0
2025-06-16 18:23:00+00:00,6032.419921875,6032.47998046875,6030.93994140625,6031.27001953125,3411000.0
2025-06-16 18:24:00+00:00,6033.669921875,6033.68994140625,6032.4501953125,6032.4599609375,3713000.0
2025-06-16 18:25:00+00:00,6032.740234375,6033.990234375,6032.669921875,6033.669921875,3502000.0
2025-06-16 18:26:00+00:00,6032.669921875,6032.759765625,6032.16015625,6032.64013671875,2990000.0
2025-06-16 18:27:00+00:00,6032.77978515625,6033.4501953125,6032.64013671875,6032.7099609375,3851000.0
2025-06-16 18:28:00+00:00,6033.08984375,6033.47998046875,6032.72998046875,6032.740234375,3017000.0
2025-06-16 18:29:00+00:00,6032.31005859375,6033.080078125,6032.1201171875,6033.0498046875,3454000.0
2025-06-16 18:30:00+00:00,6031.25,6032.93994140625,6031.25,6032.39013671875,3717000.0
2025-06-16 18:31:00+00:00,6030.419921875,6031.7001953125,6030.3798828125,6031.27001953125,3342000.0
2025-06-16 18:32:00+00:00,6030.56982421875,6030.56982421875,6029.8798828125,6030.43994140625,3603000.0
2025-06-16 18:33:00+00:00,6031.169921875,6031.3798828125,6030.58984375,6030.60986328125,3779000.0
2025-06-16 18:34:00+00:00,6030.64013671875,6031.2099609375,6030.64013671875,6031.2099609375,3238000.0
2025-06-16 18:35:00+00:00,6029.009765625,6030.27001953125,6029.009765625,6030.22998046875,3739000.0
2025-06-16 18:36:00+00:00,6029.35009765625,6029.43994140625,6028.72021484375,6028.93017578125,3816000.0
2025-06-16 18:37:00+00:00,6029.3701171875,6029.52978515625,6028.8701171875,6029.3701171875,3201000.0
2025-06-16 18:38:00+00:00,6029.60009765625,6030.3701171875,6029.39013671875,6029.39990234375,3037000.0
2025-06-16 18:39:00+00:00,6029.5,6029.58984375,6029.22998046875,6029.58984375,3293000.0
2025-06-16 18:40:00+00:00,6029.93994140625,6029.990234375,6029.06982421875,6029.5,4038000.0
2025-06-16 18:41:00+00:00,6030.330078125,6030.39990234375,6029.7099609375,6030.0,3122000.0
2025-06-16 18:42:00+00:00,6029.83984375,6030.35009765625,6029.64990234375,6030.35009765625,3037000.0
2025-06-16 18:43:00+00:00,6029.68017578125,6030.14990234375,6029.64990234375,6029.8798828125,2986000.0
2025-06-16 18:44:00+00:00,6029.72998046875,6029.85986328125,6029.60009765625,6029.7099609375,2915000.0
2025-06-16 18:45:00+00:00,6028.3701171875,6029.72021484375,6027.89990234375,6029.72021484375,3692000.0
2025-06-16 18:46:00+00:00,6028.2900390625,6028.75,6028.2001953125,6028.35986328125,3057000.0
2025-06-16 18:47:00+00:00,6027.7001953125,6028.169921875,6027.5400390625,6028.16015625,3192000.0
2025-06-16 18:48:00+00:00,6027.56005859375,6028.02978515625,6027.35009765625,6027.68994140625,3494000.0
2025-06-16 18:49:00+00:00,6026.4599609375,6027.56982421875,6026.4599609375,6027.56982421875,4018000.0
2025-06-16 18:50:00+00:00,6026.56005859375,6027.52001953125,6026.10009765625,6026.5400390625,4072000.0
2025-06-16 18:51:00+00:00,6027.009765625,6027.080078125,6025.43017578125,6026.56005859375,4155000.0
2025-06-16 18:52:00+00:00,6028.2998046875,6028.66015625,6027.02001953125,6027.02001953125,4319000.0
2025-06-16 18:53:00+00:00,6029.5,6029.93017578125,6028.2998046875,6028.330078125,4330000.0
2025-06-16 18:54:00+00:00,6030.60986328125,6030.60986328125,6029.240234375,6029.5400390625,4390000.0
2025-06-16 18:55:00+00:00,6031.6298828125,6032.0,6030.669921875,6030.669921875,4714000.0
2025-06-16 18:56:00+00:00,6032.7001953125,6033.259765625,6031.6201171875,6031.6201171875,4219000.0
2025-06-16 18:57:00+00:00,6033.330078125,6033.330078125,6033.330078125,6033.330078125,3942000.0
2025-06-16 18:58:00+00:00,6032.5498046875,6033.7998046875,6032.5498046875,6033.27001953125,4538000.0
2025-06-16 18:59:00+00:00,6031.97998046875,6032.8798828125,6031.97998046875,6032.509765625,4382000.0
2025-06-16 19:00:00+00:00,6032.33984375,6032.5498046875,6031.240234375,6031.97021484375,4893000.0
2025-06-16 19:01:00+00:00,6030.990234375,6032.33984375,6030.64990234375,6032.330078125,4695000.0
2025-06-16 19:02:00+00:00,6030.5498046875,6031.10009765625,6030.509765625,6031.06005859375,3278000.0
2025-06-16 19:03:00+00:00,6028.81982421875,6030.5,6028.81982421875,6030.5,3938000.0
2025-06-16 19:04:00+00:00,6029.240234375,6029.35009765625,6028.68994140625,6028.77001953125,3643000.0
2025-06-16 19:05:00+00:00,6028.35009765625,6029.22998046875,6028.18994140625,6029.22998046875,4224000.0
2025-06-16 19:06:00+00:00,6027.97021484375,6028.58984375,6027.68017578125,6028.27978515625,5181000.0
2025-06-16 19:07:00+00:00,6027.52978515625,6028.10009765625,6027.5,6027.990234375,4043000.0
2025-06-16 19:08:00+00:00,6026.72021484375,6027.580078125,6026.60009765625,6027.5400390625,4219000.0
2025-06-16 19:09:00+00:00,6026.02001953125,6026.7001953125,6025.759765625,6026.7001953125,4613000.0
2025-06-16 19:10:00+00:00,6024.89990234375,6025.9599609375,6024.490234375,6025.9599609375,4422000.0
2025-06-16 19:11:00+00:00,6025.08984375,6025.10986328125,6024.1298828125,6024.9501953125,5747000.0
2025-06-16 19:12:00+00:00,6024.91015625,6024.97021484375,6024.43994140625,6024.5,4551000.0
2025-06-16 19:13:00+00:00,6027.93994140625,6028.0498046875,6024.81982421875,6024.919921875,6776000.0
2025-06-16 19:14:00+00:00,6026.06982421875,6028.43994140625,6025.8798828125,6028.06982421875,5603000.0
2025-06-16 19:15:00+00:00,6025.97021484375,6026.259765625,6025.72021484375,6026.10009765625,3903000.0
2025-06-16 19:16:00+00:00,6028.1298828125,6028.2998046875,6025.8701171875,6025.93017578125,5053000.0
2025-06-16 19:17:00+00:00,6025.9599609375,6028.10009765625,6025.89990234375,6028.06005859375,5010000.0
2025-06-16 19:18:00+00:00,6025.56005859375,6026.2900390625,6025.43017578125,6025.97998046875,4721000.0
2025-06-16 19:19:00+00:00,6025.14013671875,6025.759765625,6025.14013671875,6025.509765625,5487000.0
2025-06-16 19:20:00+00:00,6024.2001953125,6025.1298828125,6024.14990234375,6025.1298828125,4909000.0
2025-06-16 19:21:00+00:00,6029.18994140625,6030.669921875,6023.39990234375,6024.2001953125,14035000.0
2025-06-16 19:22:00+00:00,6029.93994140625,6030.7001953125,6028.60986328125,6029.35986328125,5597000.0
2025-06-16 19:23:00+00:00,6030.72998046875,6031.0498046875,6030.240234375,6030.240234375,5338000.0
2025-06-16 19:24:00+00:00,6028.0,6030.830078125,6027.22998046875,6030.72998046875,6807000.0
2025-06-16 19:25:00+00:00,6028.02978515625,6028.02978515625,6027.27001953125,6027.990234375,4382000.0
2025-06-16 19:26:00+00:00,6029.08984375,6029.31005859375,6028.02978515625,6028.0400390625,5918000.0
2025-06-16 19:27:00+00:00,6028.89013671875,6030.759765625,6028.759765625,6029.10986328125,9288000.0
2025-06-16 19:28:00+00:00,6027.93994140625,6028.9501953125,6027.93994140625,6028.89013671875,5478000.0
2025-06-16 19:29:00+00:00,6027.06982421875,6028.02978515625,6027.06982421875,6027.9501953125,5383000.0
2025-06-16 19:30:00+00:00,6027.60009765625,6028.259765625,6026.990234375,6027.08984375,6659000.0
2025-06-16 19:31:00+00:00,6026.56982421875,6027.56005859375,6026.25,6027.56005859375,6635000.0
2025-06-16 19:33:00+00:00,6025.10986328125,6025.5,6024.81005859375,6024.81005859375,12101000.0
2025-06-16 19:34:00+00:00,6026.16015625,6026.35986328125,6025.0498046875,6025.10009765625,5524000.0
2025-06-16 19:35:00+00:00,6027.080078125,6027.83984375,6025.72998046875,6025.990234375,6399000.0
2025-06-16 19:36:00+00:00,6027.9599609375,6028.22021484375,6026.39013671875,6026.93994140625,6177000.0
2025-06-16 19:37:00+00:00,6027.080078125,6028.580078125,6027.080078125,6028.0,6648000.0
2025-06-16 19:38:00+00:00,6027.5498046875,6027.64013671875,6026.85009765625,6027.10986328125,5966000.0
2025-06-16 19:39:00+00:00,6027.10986328125,6028.22021484375,6026.75,6027.6201171875,6455000.0
2025-06-16 19:40:00+00:00,6027.43017578125,6027.6298828125,6026.919921875,6027.2001953125,6729000.0
2025-06-16 19:41:00+00:00,6028.27001953125,6028.39013671875,6026.8798828125,6027.3701171875,7498000.0
2025-06-16 19:42:00+00:00,6027.83984375,6028.5400390625,6027.7001953125,6028.4599609375,6321000.0
2025-06-16 19:43:00+00:00,6027.7900390625,6027.83984375,6027.0400390625,6027.83984375,6334000.0
2025-06-16 19:44:00+00:00,6028.9599609375,6028.9599609375,6027.18017578125,6027.72998046875,6732000.0
2025-06-16 19:45:00+00:00,6030.93994140625,6030.990234375,6028.93017578125,6028.9501953125,8083000.0
2025-06-16 19:46:00+00:00,6030.9501953125,6031.240234375,6030.0498046875,6030.89990234375,7329000.0
2025-06-16 19:47:00+00:00,6031.1201171875,6031.31005859375,6030.22021484375,6030.93994140625,7441000.0
2025-06-16 19:48:00+00:00,6032.3701171875,6032.3701171875,6030.18994140625,6031.10986328125,9955000.0
2025-06-16 19:49:00+00:00,6031.35009765625,6032.85009765625,6031.35009765625,6032.39990234375,9508000.0
2025-06-16 19:50:00+00:00,6027.97021484375,6029.5,6027.0498046875,6028.990234375,16650000.0
2025-06-16 19:51:00+00:00,6028.259765625,6028.60009765625,6026.97998046875,6027.93017578125,13747000.0
2025-06-16 19:52:00+00:00,6029.91015625,6030.0498046875,6027.93017578125,6028.18994140625,13463000.0
2025-06-16 19:53:00+00:00,6028.47021484375,6029.9599609375,6028.009765625,6029.91015625,13404000.0
2025-06-16 19:54:00+00:00,6031.10986328125,6033.1298828125,6027.240234375,6028.39013671875,19133000.0
2025-06-16 19:55:00+00:00,6032.25,6034.39990234375,6030.7900390625,6031.10986328125,24990000.0
2025-06-16 19:56:00+00:00,6031.60986328125,6033.10986328125,6031.60986328125,6032.240234375,22479000.0
2025-06-16 19:57:00+00:00,6027.02978515625,6031.6201171875,6026.830078125,6031.6201171875,28995000.0
2025-06-16 19:58:00+00:00,6026.64990234375,6027.39990234375,6026.31005859375,6027.06982421875,43184000.0
2025-06-16 19:59:00+00:00,6033.3798828125,6033.68994140625,6025.27001953125,6026.43017578125,73504000.0
2025-06-17 13:30:00+00:00,6013.14990234375,6014.759765625,6013.14990234375,6014.759765625,74621589.0
2025-06-17 13:31:00+00:00,6012.240234375,6014.85009765625,6009.91015625,6012.77001953125,15001626.0
2025-06-17 13:32:00+00:00,6012.14990234375,6012.47021484375,6009.52001953125,6012.16015625,13858046.0
2025-06-17 13:33:00+00:00,6010.240234375,6012.580078125,6009.669921875,6012.10986328125,9649698.0
2025-06-17 13:34:00+00:00,6011.5,6011.7001953125,6009.6201171875,6010.0400390625,10760641.0
2025-06-17 13:35:00+00:00,6010.31982421875,6011.830078125,6009.27001953125,6011.77978515625,11342945.0
2025-06-17 13:36:00+00:00,6008.990234375,6010.64990234375,6008.990234375,6010.06982421875,8653627.0
2025-06-17 13:37:00+00:00,6007.83984375,6009.27001953125,6007.68994140625,6009.14990234375,9594835.0
2025-06-17 13:38:00+00:00,6011.02001953125,6011.16015625,6007.68017578125,6007.91015625,7839270.0
2025-06-17 13:39:00+00:00,6012.64990234375,6012.9599609375,6011.0498046875,6011.0498046875,8385641.0
2025-06-17 13:40:00+00:00,6013.77001953125,6014.2900390625,6012.47021484375,6012.7001953125,9104542.0
2025-06-17 13:41:00+00:00,6012.77001953125,6015.22998046875,6012.77001953125,6013.81005859375,9356722.0
2025-06-17 13:42:00+00:00,6007.4501953125,6011.97998046875,6005.81982421875,6011.9599609375,11121473.0
2025-06-17 13:43:00+00:00,6007.66015625,6008.58984375,6006.72021484375,6007.52001953125,7715191.0
2025-06-17 13:44:00+00:00,6007.31982421875,6007.7099609375,6005.81982421875,6007.7099609375,8911695.0
2025-06-17 13:46:00+00:00,6009.490234375,6009.580078125,6008.0,6008.08984375,17699016.0
2025-06-17 13:47:00+00:00,6010.91015625,6011.9599609375,6009.60009765625,6009.60009765625,8175258.0
2025-06-17 13:48:00+00:00,6009.7001953125,6012.16015625,6009.56005859375,6010.7998046875,7372206.0
2025-06-17 13:49:00+00:00,6009.47021484375,6010.81005859375,6008.2099609375,6009.72998046875,7356487.0
2025-06-17 13:50:00+00:00,6008.16015625,6009.7900390625,6008.16015625,6009.18017578125,7538676.0
2025-06-17 13:51:00+00:00,6011.06005859375,6011.2001953125,6008.77978515625,6008.77978515625,5441167.0
2025-06-17 13:52:00+00:00,6014.43017578125,6015.7001953125,6011.5400390625,6011.89013671875,10375449.0
2025-06-17 13:53:00+00:00,6012.7001953125,6014.3798828125,6012.6298828125,6014.27001953125,7551652.0
2025-06-17 13:54:00+00:00,6012.5498046875,6013.3798828125,6012.27001953125,6012.77978515625,8682038.0
2025-06-17 13:55:00+00:00,6011.16015625,6012.72998046875,6011.0400390625,6012.509765625,6781341.0
2025-06-17 13:56:00+00:00,6014.8701171875,6015.41015625,6010.22998046875,6011.16015625,9007440.0
2025-06-17 13:57:00+00:00,6015.06982421875,6015.240234375,6014.35986328125,6014.97021484375,7306976.0
2025-06-17 13:58:00+00:00,6014.06982421875,6015.2099609375,6013.81982421875,6015.06005859375,6758599.0
2025-06-17 13:59:00+00:00,6015.06005859375,6015.06005859375,6014.0,6014.1201171875,6271435.0
2025-06-17 14:00:00+00:00,6015.97021484375,6018.27978515625,6015.58984375,6015.58984375,9138855.0
2025-06-17 14:01:00+00:00,6013.33984375,6016.41015625,6013.080078125,6015.85986328125,7803605.0
2025-06-17 14:03:00+00:00,6013.1201171875,6013.85986328125,6013.06982421875,6013.75,14040201.0
2025-06-17 14:04:00+00:00,6011.81982421875,6013.6201171875,6010.9501953125,6013.1201171875,7619383.0
2025-06-17 14:05:00+00:00,6013.81982421875,6013.89013671875,6011.31982421875,6011.8798828125,7640930.0
2025-06-17 14:06:00+00:00,6014.669921875,6014.77978515625,6013.64013671875,6013.77978515625,7275524.0
2025-06-17 14:07:00+00:00,6015.77001953125,6016.64990234375,6014.97998046875,6014.97998046875,8313891.0
2025-06-17 14:08:00+00:00,6016.68994140625,6016.81982421875,6015.4501953125,6015.60009765625,5714511.0
2025-06-17 14:09:00+00:00,6018.6201171875,6018.7099609375,6016.35009765625,6016.669921875,7069875.0
2025-06-17 14:10:00+00:00,6018.6201171875,6019.52001953125,6018.419921875,6018.52978515625,7339978.0
2025-06-17 14:11:00+00:00,6019.759765625,6020.0498046875,6018.35986328125,6018.56005859375,6055758.0
2025-06-17 14:12:00+00:00,6021.7900390625,6021.81005859375,6019.77001953125,6019.77001953125,6579775.0
2025-06-17 14:13:00+00:00,6021.43994140625,6022.77978515625,6021.16015625,6022.02001953125,5883022.0
2025-06-17 14:14:00+00:00,6022.5400390625,6023.25,6021.25,6021.3701171875,6418794.0
2025-06-17 14:15:00+00:00,6021.31982421875,6022.89013671875,6021.1201171875,6022.47021484375,7050552.0
2025-06-17 14:16:00+00:00,6021.6298828125,6022.16015625,6021.240234375,6021.240234375,7383639.0
2025-06-17 14:17:00+00:00,6021.16015625,6022.43017578125,6021.009765625,6021.830078125,5845729.0
2025-06-17 14:18:00+00:00,6018.7998046875,6021.3798828125,6018.60986328125,6021.02978515625,6770965.0
2025-06-17 14:19:00+00:00,6019.10009765625,6019.6298828125,6018.1201171875,6018.759765625,6267110.0
2025-06-17 14:20:00+00:00,6020.56005859375,6020.58984375,6019.14013671875,6019.14013671875,5606602.0
2025-06-17 14:21:00+00:00,6020.89990234375,6020.919921875,6019.85986328125,6019.93994140625,5904814.0
2025-06-17 14:22:00+00:00,6019.43017578125,6020.9599609375,6019.39013671875,6020.830078125,6358830.0
2025-06-17 14:23:00+00:00,6020.1201171875,6020.419921875,6019.509765625,6019.509765625,5094945.0
2025-06-17 14:24:00+00:00,6018.02978515625,6020.5498046875,6017.56982421875,6020.16015625,6680725.0
2025-06-17 14:25:00+00:00,6018.47021484375,6018.7001953125,6017.77001953125,6018.02001953125,5617218.0
2025-06-17 14:26:00+00:00,6018.14990234375,6018.89013671875,6017.4501953125,6018.43017578125,5558439.0
2025-06-17 14:27:00+00:00,6019.02978515625,6019.02978515625,6017.5400390625,6018.0,5460777.0
2025-06-17 14:28:00+00:00,6018.7900390625,6019.5498046875,6018.5498046875,6019.06005859375,5370105.0
2025-06-17 14:29:00+00:00,6018.68017578125,6018.9599609375,6018.08984375,6018.77001953125,4688108.0
2025-06-17 14:30:00+00:00,6019.490234375,6019.64013671875,6018.3798828125,6018.5498046875,6476192.0
2025-06-17 14:31:00+00:00,6019.47998046875,6020.419921875,6019.08984375,6019.43994140625,5916205.0
2025-06-17 14:32:00+00:00,6019.240234375,6019.64990234375,6019.080078125,6019.33984375,4871127.0
2025-06-17 14:33:00+00:00,6018.509765625,6019.4501953125,6018.509765625,6019.18017578125,5189769.0
2025-06-17 14:34:00+00:00,6017.9599609375,6018.7900390625,6017.85009765625,6018.72998046875,4941343.0
2025-06-17 14:35:00+00:00,6014.68017578125,6017.81005859375,6014.16015625,6017.81005859375,5493465.0
2025-06-17 14:36:00+00:00,6015.8701171875,6016.06982421875,6014.43994140625,6014.68994140625,5524655.0
2025-06-17 14:37:00+00:00,6014.93994140625,6015.68017578125,6013.77978515625,6015.68017578125,5755515.0
2025-06-17 14:38:00+00:00,6016.8798828125,6017.06982421875,6015.06005859375,6015.06005859375,4937832.0
2025-06-17 14:39:00+00:00,6016.3798828125,6017.10986328125,6016.25,6016.990234375,4434371.0
2025-06-17 14:40:00+00:00,6014.27978515625,6016.58984375,6014.2099609375,6016.35986328125,7008813.0
2025-06-17 14:41:00+00:00,6013.6298828125,6015.1298828125,6013.60986328125,6014.240234375,6433773.0
2025-06-17 14:42:00+00:00,6013.3701171875,6013.89013671875,6012.10986328125,6013.64013671875,6606734.0
2025-06-17 14:43:00+00:00,6014.27001953125,6014.77978515625,6013.35986328125,6013.41015625,5674566.0
2025-06-17 14:44:00+00:00,6013.06982421875,6014.58984375,6013.06982421875,6014.27978515625,5764123.0
2025-06-17 14:45:00+00:00,6015.0498046875,6015.08984375,6012.990234375,6012.990234375,5934148.0
2025-06-17 14:46:00+00:00,6015.43017578125,6015.9501953125,6014.85009765625,6015.080078125,5249475.0
2025-06-17 14:47:00+00:00,6016.4501953125,6017.169921875,6015.5,6015.5,4784486.0
2025-06-17 14:48:00+00:00,6015.68017578125,6016.9599609375,6015.22998046875,6016.5,4802199.0
2025-06-17 14:49:00+00:00,6015.89013671875,6015.89013671875,6014.5400390625,6015.68017578125,5431557.0
2025-06-17 14:50:00+00:00,6017.77978515625,6017.7998046875,6015.2998046875,6015.91015625,5583782.0
2025-06-17 14:51:00+00:00,6015.169921875,6017.85009765625,6015.14013671875,6017.740234375,6284053.0
2025-06-17 14:52:00+00:00,6013.43994140625,6015.240234375,6013.2998046875,6015.240234375,6622169.0
2025-06-17 14:53:00+00:00,6013.97021484375,6014.52978515625,6013.31982421875,6013.39990234375,5552364.0
2025-06-17 14:54:00+00:00,6014.72021484375,6014.830078125,6013.89013671875,6013.89013671875,4949895.0
2025-06-17 14:55:00+00:00,6014.47021484375,6014.9501953125,6014.1298828125,6014.68017578125,5444350.0
2025-06-17 14:56:00+00:00,6012.8798828125,6014.4599609375,6012.8798828125,6014.419921875,4962199.0
2025-06-17 14:57:00+00:00,6011.77978515625,6011.77978515625,6011.47021484375,6011.77978515625,5907430.0
2025-06-17 14:58:00+00:00,6012.43994140625,6012.91015625,6011.64013671875,6011.64990234375,5044691.0
2025-06-17 14:59:00+00:00,6011.60009765625,6012.97021484375,6011.27978515625,6012.56982421875,5369653.0
2025-06-17 15:00:00+00:00,6013.64013671875,6013.64013671875,6011.02001953125,6011.52978515625,7512419.0
2025-06-17 15:01:00+00:00,6013.0400390625,6013.72021484375,6012.3798828125,6013.58984375,5978196.0
2025-06-17 15:02:00+00:00,6012.7998046875,6013.27001953125,6012.759765625,6012.9599609375,5002977.0
2025-06-17 15:03:00+00:00,6015.5400390625,6015.5400390625,6012.4599609375,6012.740234375,5657305.0
2025-06-17 15:04:00+00:00,6016.419921875,6016.6298828125,6015.52978515625,6015.6298828125,4745563.0
2025-06-17 15:05:00+00:00,6016.22021484375,6016.5,6015.9501953125,6016.41015625,5479277.0
2025-06-17 15:06:00+00:00,6016.759765625,6016.81005859375,6015.990234375,6016.02978515625,5496471.0
2025-06-17 15:07:00+00:00,6017.93017578125,6018.25,6016.72998046875,6016.7900390625,4912991.0
2025-06-17 15:08:00+00:00,6017.85009765625,6018.64013671875,6017.39990234375,6017.93994140625,4897701.0
2025-06-17 15:09:00+00:00,6018.3701171875,6018.56982421875,6017.7001953125,6017.72998046875,3844886.0
2025-06-17 15:10:00+00:00,6019.64990234375,6019.7099609375,6018.169921875,6018.4599609375,4958688.0
2025-06-17 15:11:00+00:00,6021.39990234375,6021.4501953125,6019.25,6019.56982421875,5458139.0
2025-06-17 15:12:00+00:00,6021.0498046875,6021.81005859375,6020.83984375,6021.3701171875,6294688.0
2025-06-17 15:13:00+00:00,6020.509765625,6021.06982421875,6019.97021484375,6021.02978515625,5321782.0
2025-06-17 15:14:00+00:00,6023.25,6023.25,6020.6201171875,6020.6201171875,5591384.0
2025-06-17 15:15:00+00:00,6020.89990234375,6023.18994140625,6020.8701171875,6023.1298828125,7082426.0
2025-06-17 15:16:00+00:00,6017.080078125,6020.89013671875,6016.08984375,6020.89013671875,8133538.0
2025-06-17 15:17:00+00:00,6018.02978515625,6018.08984375,6017.7001953125,6018.0400390625,4425909.0
2025-06-17 15:18:00+00:00,6018.52978515625,6018.81005859375,6017.47021484375,6018.02001953125,4365974.0
2025-06-17 15:19:00+00:00,6018.7001953125,6019.35009765625,6018.43994140625,6018.5400390625,4584839.0
2025-06-17 15:20:00+00:00,6017.97998046875,6018.66015625,6017.009765625,6018.66015625,4782109.0
2025-06-17 15:21:00+00:00,6016.3798828125,6018.080078125,6016.18994140625,6017.97998046875,4842777.0
2025-06-17 15:22:00+00:00,6014.97998046875,6016.8701171875,6014.97998046875,6016.47998046875,5037242.0
2025-06-17 15:23:00+00:00,6015.72021484375,6015.81005859375,6014.58984375,6015.1201171875,4313092.0
2025-06-17 15:24:00+00:00,6015.43994140625,6015.8701171875,6015.39013671875,6015.6298828125,4146860.0
2025-06-17 15:25:00+00:00,6013.0,6015.47021484375,6012.91015625,6015.47021484375,4737947.0
2025-06-17 15:26:00+00:00,6013.31005859375,6013.97021484375,6012.85009765625,6012.97021484375,4934517.0
2025-06-17 15:27:00+00:00,6013.91015625,6014.14990234375,6013.009765625,6013.259765625,7543093.0
2025-06-17 15:28:00+00:00,6012.77001953125,6013.93017578125,6012.56982421875,6013.89990234375,4511342.0
2025-06-17 15:29:00+00:00,6011.68017578125,6012.6298828125,6010.85986328125,6012.6298828125,6756955.0
2025-06-17 15:30:00+00:00,6011.3701171875,6012.56005859375,6010.91015625,6011.72998046875,4549925.0
2025-06-17 15:31:00+00:00,6010.39990234375,6011.35009765625,6009.43994140625,6011.35009765625,5967831.0
2025-06-17 15:32:00+00:00,6009.81005859375,6010.81005859375,6009.81005859375,6010.5,5725240.0
2025-06-17 15:33:00+00:00,6009.990234375,6010.02978515625,6009.56005859375,6009.81005859375,5299683.0
2025-06-17 15:34:00+00:00,6010.83984375,6011.16015625,6009.89013671875,6009.93017578125,4426112.0
2025-06-17 15:35:00+00:00,6010.3798828125,6010.85009765625,6008.89013671875,6010.85009765625,5888318.0
2025-06-17 15:36:00+00:00,6013.7998046875,6014.02001953125,6010.39013671875,6010.39013671875,5908118.0
2025-06-17 15:38:00+00:00,6014.1201171875,6014.2998046875,6013.2900390625,6014.10009765625,9938380.0
2025-06-17 15:39:00+00:00,6012.7001953125,6014.02978515625,6011.89990234375,6013.97998046875,4767971.0
2025-06-17 15:40:00+00:00,6014.8798828125,6015.0498046875,6012.77978515625,6012.77978515625,4322708.0
2025-06-17 15:41:00+00:00,6014.85009765625,6015.4599609375,6014.81005859375,6014.81005859375,4456575.0
2025-06-17 15:42:00+00:00,6016.7001953125,6016.7001953125,6014.580078125,6014.81982421875,5252614.0
2025-06-17 15:43:00+00:00,6016.31982421875,6016.77001953125,6016.14990234375,6016.669921875,5055991.0
2025-06-17 15:44:00+00:00,6017.14990234375,6017.52978515625,6016.35986328125,6016.4599609375,4383229.0
2025-06-17 15:45:00+00:00,6016.93994140625,6017.89990234375,6016.919921875,6017.16015625,4527129.0
2025-06-17 15:46:00+00:00,6017.080078125,6017.39013671875,6016.68017578125,6016.7998046875,5994317.0
2025-06-17 15:47:00+00:00,6016.77978515625,6017.66015625,6016.509765625,6017.06005859375,4781732.0
2025-06-17 15:48:00+00:00,6013.0400390625,6016.68994140625,6013.0400390625,6016.68994140625,4847582.0
2025-06-17 15:49:00+00:00,6014.6201171875,6014.68994140625,6012.2001953125,6012.89990234375,4025355.0
2025-06-17 15:50:00+00:00,6014.7900390625,6015.81982421875,6014.7001953125,6014.7001953125,4950681.0
2025-06-17 15:51:00+00:00,6016.83984375,6016.83984375,6014.759765625,6014.759765625,4222809.0
2025-06-17 15:52:00+00:00,6018.0498046875,6018.259765625,6016.830078125,6016.83984375,3655467.0
2025-06-17 15:53:00+00:00,6017.919921875,6018.6298828125,6017.91015625,6018.0498046875,3975485.0
2025-06-17 15:54:00+00:00,6016.91015625,6017.8798828125,6016.72021484375,6017.8798828125,3431721.0
2025-06-17 15:55:00+00:00,6014.06982421875,6016.93017578125,6013.97021484375,6016.93017578125,5689242.0
2025-06-17 15:56:00+00:00,6015.169921875,6015.35986328125,6013.56005859375,6013.97021484375,4528440.0
2025-06-17 15:57:00+00:00,6015.06982421875,6015.16015625,6014.89013671875,6015.10009765625,2884529.0
2025-06-17 15:58:00+00:00,6014.9501953125,6015.27978515625,6014.08984375,6015.0498046875,3266028.0
2025-06-17 15:59:00+00:00,6013.9501953125,6015.31005859375,6013.91015625,6014.97998046875,3659355.0
2025-06-17 16:00:00+00:00,6016.080078125,6016.27001953125,6014.0,6014.0,4551471.0
2025-06-17 16:01:00+00:00,6017.5400390625,6017.5498046875,6015.85986328125,6016.14013671875,3884000.0
2025-06-17 16:02:00+00:00,6018.009765625,6018.580078125,6017.580078125,6017.580078125,3865000.0
2025-06-17 16:03:00+00:00,6018.60009765625,6018.68017578125,6017.93994140625,6018.0400390625,3238000.0
2025-06-17 16:04:00+00:00,6019.240234375,6020.009765625,6018.56982421875,6018.56982421875,4994000.0
2025-06-17 16:05:00+00:00,6017.93994140625,6019.64990234375,6017.81005859375,6019.2001953125,4338000.0
2025-06-17 16:06:00+00:00,6019.27978515625,6019.41015625,6017.72998046875,6017.97998046875,5514000.0
2025-06-17 16:07:00+00:00,6019.89013671875,6020.6201171875,6019.330078125,6019.330078125,4286000.0
2025-06-17 16:08:00+00:00,6019.759765625,6020.35986328125,6019.759765625,6019.8701171875,4055000.0
2025-06-17 16:09:00+00:00,6015.990234375,6019.9501953125,6013.27978515625,6019.7900390625,11120000.0
2025-06-17 16:10:00+00:00,6019.31005859375,6019.39013671875,6015.9599609375,6016.0498046875,4544000.0
2025-06-17 16:11:00+00:00,6020.8798828125,6020.8798828125,6019.22998046875,6019.22998046875,3875000.0
2025-06-17 16:12:00+00:00,6020.60986328125,6021.14013671875,6020.27978515625,6021.0400390625,3041000.0
2025-06-17 16:13:00+00:00,6020.22998046875,6020.97998046875,6020.22998046875,6020.58984375,3063000.0
2025-06-17 16:14:00+00:00,6020.93017578125,6020.93017578125,6020.02001953125,6020.240234375,3028000.0
2025-06-17 16:15:00+00:00,6020.60009765625,6021.22998046875,6020.580078125,6020.85009765625,2973000.0
2025-06-17 16:16:00+00:00,6020.08984375,6020.580078125,6019.7998046875,6020.509765625,2913000.0
2025-06-17 16:17:00+00:00,6021.4599609375,6022.06005859375,6020.240234375,6020.240234375,3738000.0
2025-06-17 16:18:00+00:00,6020.8798828125,6021.60009765625,6020.10986328125,6021.47998046875,3542000.0
2025-06-17 16:19:00+00:00,6021.0400390625,6021.080078125,6020.4599609375,6020.93017578125,3489000.0
2025-06-17 16:20:00+00:00,6021.330078125,6021.7001953125,6020.8701171875,6021.009765625,3272000.0
2025-06-17 16:21:00+00:00,6019.9599609375,6021.39990234375,6019.31982421875,6021.2998046875,3699000.0
2025-06-17 16:22:00+00:00,6019.2998046875,6019.64013671875,6019.2998046875,6019.64013671875,3487000.0
2025-06-17 16:23:00+00:00,6019.06982421875,6019.41015625,6018.5498046875,6019.2900390625,3906000.0
2025-06-17 16:24:00+00:00,6018.60009765625,6019.7900390625,6018.60009765625,6019.080078125,3844000.0
2025-06-17 16:25:00+00:00,6019.580078125,6019.580078125,6018.27978515625,6018.64990234375,2965000.0
2025-06-17 16:26:00+00:00,6017.91015625,6019.72021484375,6017.89990234375,6019.7099609375,3333000.0
2025-06-17 16:27:00+00:00,6018.47021484375,6018.5498046875,6017.72021484375,6018.06982421875,3058000.0
2025-06-17 16:28:00+00:00,6019.4501953125,6019.68017578125,6018.4599609375,6018.5498046875,3020000.0
2025-06-17 16:29:00+00:00,6018.5,6019.93017578125,6018.5,6019.56982421875,3155000.0
2025-06-17 16:30:00+00:00,6018.06005859375,6018.97998046875,6018.06005859375,6018.43994140625,2922000.0
2025-06-17 16:31:00+00:00,6018.97998046875,6019.22998046875,6017.35009765625,6018.0400390625,3547000.0
2025-06-17 16:32:00+00:00,6020.0400390625,6020.22998046875,6018.8701171875,6018.93017578125,2560000.0
2025-06-17 16:33:00+00:00,6020.58984375,6021.08984375,6019.740234375,6020.08984375,3032000.0
2025-06-17 16:34:00+00:00,6021.64013671875,6021.64013671875,6020.35986328125,6020.580078125,2580000.0
2025-06-17 16:35:00+00:00,6022.22998046875,6022.33984375,6021.27001953125,6021.7001953125,2965000.0
2025-06-17 16:36:00+00:00,6022.10986328125,6022.56005859375,6021.6298828125,6022.2099609375,3233000.0
2025-06-17 16:37:00+00:00,6020.740234375,6022.18994140625,6020.72021484375,6022.08984375,2955000.0
2025-06-17 16:38:00+00:00,6021.759765625,6021.9599609375,6020.740234375,6020.759765625,3783000.0
2025-06-17 16:39:00+00:00,6020.41015625,6021.9599609375,6020.41015625,6021.83984375,3175000.0
2025-06-17 16:40:00+00:00,6019.56005859375,6020.419921875,6019.56005859375,6020.419921875,3018000.0
2025-06-17 16:41:00+00:00,6017.7900390625,6019.5400390625,6017.580078125,6019.5400390625,3719000.0
2025-06-17 16:42:00+00:00,6018.06005859375,6018.06005859375,6017.52978515625,6017.83984375,3562000.0
2025-06-17 16:43:00+00:00,6018.580078125,6018.68017578125,6017.1201171875,6018.02978515625,3257000.0
2025-06-17 16:44:00+00:00,6013.14013671875,6018.56982421875,6012.16015625,6018.56982421875,7668000.0
2025-06-17 16:45:00+00:00,6014.830078125,6016.33984375,6013.1298828125,6013.3798828125,5177000.0
2025-06-17 16:47:00+00:00,6015.4501953125,6017.08984375,6015.14990234375,6016.68994140625,6422000.0
2025-06-17 16:48:00+00:00,6014.080078125,6015.4501953125,6013.919921875,6015.4501953125,3529000.0
2025-06-17 16:49:00+00:00,6011.64990234375,6014.080078125,6009.41015625,6014.080078125,6293000.0
2025-06-17 16:50:00+00:00,6011.080078125,6012.93994140625,6009.3798828125,6011.60009765625,5352000.0
2025-06-17 16:51:00+00:00,6012.39990234375,6013.06005859375,6011.06005859375,6011.18994140625,3867000.0
2025-06-17 16:52:00+00:00,6010.43017578125,6012.740234375,6009.47998046875,6012.3798828125,5788000.0
2025-06-17 16:53:00+00:00,6009.1298828125,6010.14013671875,6009.08984375,6010.14013671875,3980000.0
2025-06-17 16:54:00+00:00,6010.52001953125,6010.919921875,6009.0,6009.25,4105000.0
2025-06-17 16:55:00+00:00,6007.5,6010.41015625,6007.3701171875,6010.41015625,4066000.0
2025-06-17 16:56:00+00:00,6007.4599609375,6008.169921875,6006.669921875,6007.490234375,4173000.0
2025-06-17 16:57:00+00:00,6005.91015625,6007.43994140625,6005.81982421875,6007.43994140625,4384000.0
2025-06-17 16:58:00+00:00,6004.66015625,6005.990234375,6004.60009765625,6005.990234375,4292000.0
2025-06-17 16:59:00+00:00,6004.16015625,6004.89013671875,6002.2001953125,6004.89013671875,5274000.0
2025-06-17 17:00:00+00:00,6002.64013671875,6004.0400390625,6002.080078125,6004.0400390625,4640000.0
2025-06-17 17:01:00+00:00,6001.93994140625,6003.43994140625,6001.259765625,6002.60986328125,3883000.0
2025-06-17 17:02:00+00:00,6004.8701171875,6004.8701171875,6001.9599609375,6002.0400390625,6104000.0
2025-06-17 17:03:00+00:00,6006.9599609375,6007.009765625,6004.7900390625,6004.93017578125,4368000.0
2025-06-17 17:04:00+00:00,6006.81005859375,6007.7900390625,6006.7001953125,6007.75,4299000.0
2025-06-17 17:05:00+00:00,6003.009765625,6006.7998046875,6002.9501953125,6006.7998046875,5371000.0
2025-06-17 17:06:00+00:00,6003.22021484375,6003.22021484375,6001.9599609375,6003.0,3804000.0
2025-06-17 17:07:00+00:00,6004.31005859375,6004.31005859375,6002.259765625,6003.06005859375,5116000.0
2025-06-17 17:08:00+00:00,6005.7998046875,6006.06982421875,6004.2900390625,6004.35009765625,4014000.0
2025-06-17 17:09:00+00:00,6006.27001953125,6006.27001953125,6005.1201171875,6005.77001953125,3707000.0
2025-06-17 17:10:00+00:00,6007.240234375,6007.77978515625,6005.58984375,6006.2099609375,3970000.0
2025-06-17 17:11:00+00:00,6006.18017578125,6007.240234375,6005.9501953125,6007.0498046875,4406000.0
2025-06-17 17:12:00+00:00,6006.58984375,6007.02001953125,6006.18017578125,6006.18994140625,3768000.0
2025-06-17 17:13:00+00:00,6006.43017578125,6007.5498046875,6006.43017578125,6006.58984375,4874000.0
2025-06-17 17:14:00+00:00,6006.56005859375,6007.25,6005.9501953125,6006.35009765625,3505000.0
2025-06-17 17:15:00+00:00,6006.240234375,6006.89013671875,6006.240234375,6006.5,3255000.0
2025-06-17 17:16:00+00:00,6005.240234375,6006.259765625,6004.06005859375,6006.259765625,5128000.0
2025-06-17 17:17:00+00:00,6005.080078125,6005.68017578125,6004.5498046875,6005.27978515625,4264000.0
2025-06-17 17:18:00+00:00,6005.7001953125,6005.85986328125,6004.02978515625,6004.97998046875,3345000.0
2025-06-17 17:19:00+00:00,6003.39990234375,6005.72998046875,6003.39990234375,6005.72021484375,3430000.0
2025-06-17 17:20:00+00:00,6002.33984375,6003.43017578125,6001.43017578125,6003.43017578125,4236000.0
2025-06-17 17:21:00+00:00,6001.41015625,6002.4599609375,6000.27978515625,6002.3798828125,3665000.0
2025-06-17 17:22:00+00:00,6001.22021484375,6001.41015625,6000.56005859375,6001.41015625,3626000.0
2025-06-17 17:23:00+00:00,6001.08984375,6001.85986328125,6001.06005859375,6001.77978515625,4060000.0
2025-06-17 17:24:00+00:00,6001.669921875,6003.5498046875,6001.0,6001.14990234375,5544000.0
2025-06-17 17:25:00+00:00,6000.02978515625,6000.02978515625,5999.60986328125,5999.7001953125,4603000.0
2025-06-17 17:26:00+00:00,5999.64990234375,6000.89990234375,5998.759765625,6000.06982421875,4995000.0
2025-06-17 17:27:00+00:00,5999.77978515625,5999.8701171875,5999.27001953125,5999.66015625,3357000.0
2025-06-17 17:28:00+00:00,5997.5400390625,5999.7099609375,5997.41015625,5999.7099609375,4221000.0
2025-06-17 17:29:00+00:00,5996.85986328125,5997.9599609375,5996.85986328125,5997.52978515625,4545000.0
2025-06-17 17:30:00+00:00,5996.14013671875,5996.81982421875,5992.759765625,5996.81982421875,7720000.0
2025-06-17 17:31:00+00:00,5998.81005859375,5998.81982421875,5996.22021484375,5996.22021484375,4558000.0
2025-06-17 17:32:00+00:00,5999.5,5999.580078125,5998.27001953125,5998.8798828125,4399000.0
2025-06-17 17:33:00+00:00,6001.1201171875,6001.66015625,5999.330078125,5999.509765625,4398000.0
2025-06-17 17:34:00+00:00,6002.18994140625,6002.68017578125,6001.18994140625,6001.18994140625,3761000.0
2025-06-17 17:35:00+00:00,6004.10009765625,6004.27001953125,6002.02978515625,6002.2001953125,4840000.0
2025-06-17 17:36:00+00:00,6003.97998046875,6004.10009765625,6003.56982421875,6004.06982421875,4671000.0
2025-06-17 17:37:00+00:00,6004.52978515625,6004.97021484375,6003.9501953125,6004.0400390625,3440000.0
2025-06-17 17:38:00+00:00,6001.56982421875,6005.1201171875,6001.52978515625,6004.58984375,4914000.0
2025-06-17 17:39:00+00:00,6000.4599609375,6001.7998046875,5999.419921875,6001.5400390625,4227000.0
2025-06-17 17:41:00+00:00,6001.740234375,6002.97021484375,6001.02978515625,6001.02978515625,8482000.0
2025-06-17 17:42:00+00:00,6000.5498046875,6001.93994140625,6000.33984375,6001.7099609375,3244000.0
2025-06-17 17:43:00+00:00,5998.990234375,6000.75,5998.9501953125,6000.75,3627000.0
2025-06-17 17:44:00+00:00,5996.10009765625,5999.10986328125,5995.27978515625,5998.72021484375,4633000.0
2025-06-17 17:45:00+00:00,5996.2001953125,5996.75,5994.83984375,5995.85009765625,3761000.0
2025-06-17 17:46:00+00:00,5992.8798828125,5996.06005859375,5989.1201171875,5996.06005859375,7697000.0
2025-06-17 17:47:00+00:00,5990.47998046875,5993.8701171875,5990.31005859375,5993.8701171875,4949000.0
2025-06-17 17:48:00+00:00,5988.14990234375,5990.52001953125,5987.75,5990.52001953125,4199000.0
2025-06-17 17:49:00+00:00,5987.64013671875,5988.10986328125,5984.27978515625,5988.10986328125,7189000.0
2025-06-17 17:50:00+00:00,5986.240234375,5987.56982421875,5985.330078125,5987.56982421875,5280000.0
2025-06-17 17:51:00+00:00,5984.759765625,5986.64013671875,5983.18017578125,5986.240234375,6542000.0
2025-06-17 17:52:00+00:00,5985.75,5986.740234375,5984.52001953125,5984.64990234375,4235000.0
2025-06-17 17:53:00+00:00,5988.93017578125,5989.08984375,5985.83984375,5986.0,4597000.0
2025-06-17 17:54:00+00:00,5988.2099609375,5988.9501953125,5987.0498046875,5988.9501953125,4432000.0
2025-06-17 17:55:00+00:00,5989.91015625,5990.81005859375,5988.2001953125,5988.22021484375,4163000.0
2025-06-17 17:56:00+00:00,5991.66015625,5991.759765625,5989.81982421875,5989.85009765625,3623000.0
2025-06-17 17:57:00+00:00,5991.2001953125,5992.2998046875,5991.2001953125,5991.72021484375,3678000.0
2025-06-17 17:58:00+00:00,5989.22021484375,5991.47021484375,5989.009765625,5991.2998046875,4253000.0
2025-06-17 17:59:00+00:00,5987.509765625,5989.18017578125,5987.490234375,5989.18017578125,4060000.0
2025-06-17 18:00:00+00:00,5983.18994140625,5987.35986328125,5979.85986328125,5987.35986328125,8603000.0
2025-06-17 18:01:00+00:00,5982.4599609375,5983.06005859375,5979.7099609375,5983.06005859375,4773000.0
2025-06-17 18:02:00+00:00,5982.2001953125,5983.02978515625,5978.56005859375,5982.31005859375,6691000.0
2025-06-17 18:03:00+00:00,5979.68994140625,5982.830078125,5979.58984375,5982.080078125,4131000.0
2025-06-17 18:04:00+00:00,5979.85009765625,5979.91015625,5978.66015625,5979.91015625,4900000.0
2025-06-17 18:05:00+00:00,5983.0498046875,5983.080078125,5979.9599609375,5979.9599609375,5714000.0
2025-06-17 18:06:00+00:00,5982.6298828125,5984.27978515625,5981.7998046875,5983.10009765625,6139000.0
2025-06-17 18:07:00+00:00,5985.47998046875,5985.52001953125,5982.259765625,5982.58984375,4000000.0
2025-06-17 18:08:00+00:00,5984.0,5985.52978515625,5983.91015625,5985.52978515625,4883000.0
2025-06-17 18:09:00+00:00,5985.68017578125,5985.68017578125,5983.5400390625,5983.77001953125,5144000.0
2025-06-17 18:10:00+00:00,5987.43994140625,5987.669921875,5985.509765625,5985.64990234375,4230000.0
2025-06-17 18:11:00+00:00,5986.990234375,5987.41015625,5986.27978515625,5987.41015625,3948000.0
2025-06-17 18:12:00+00:00,5984.2900390625,5987.18994140625,5983.6201171875,5986.97998046875,4703000.0
2025-06-17 18:13:00+00:00,5986.60009765625,5986.66015625,5984.10009765625,5984.31005859375,4260000.0
2025-06-17 18:14:00+00:00,5984.77001953125,5986.35986328125,5984.77001953125,5986.35009765625,3357000.0
2025-06-17 18:15:00+00:00,5981.85986328125,5985.02001953125,5981.580078125,5984.35986328125,6021000.0
2025-06-17 18:16:00+00:00,5982.02001953125,5983.22998046875,5981.10009765625,5981.740234375,4318000.0
2025-06-17 18:17:00+00:00,5984.81005859375,5984.9501953125,5981.259765625,5982.06982421875,4435000.0
2025-06-17 18:18:00+00:00,5983.68017578125,5984.77001953125,5982.64013671875,5984.77001953125,3125000.0
2025-06-17 18:19:00+00:00,5983.27001953125,5983.72021484375,5982.2001953125,5983.68017578125,3594000.0
2025-06-17 18:20:00+00:00,5983.7998046875,5983.7998046875,5982.39013671875,5983.31005859375,4169000.0
2025-06-17 18:21:00+00:00,5983.7099609375,5984.27001953125,5982.85986328125,5983.7998046875,3949000.0
2025-06-17 18:22:00+00:00,5982.97021484375,5983.81982421875,5982.490234375,5983.6201171875,3779000.0
2025-06-17 18:23:00+00:00,5982.41015625,5983.25,5981.77001953125,5983.02978515625,3791000.0
2025-06-17 18:24:00+00:00,5981.2001953125,5982.669921875,5981.1201171875,5982.31982421875,3859000.0
2025-06-17 18:25:00+00:00,5980.669921875,5981.7099609375,5979.2099609375,5981.2099609375,5086000.0
2025-06-17 18:26:00+00:00,5979.990234375,5980.93994140625,5978.43994140625,5980.5498046875,5331000.0
2025-06-17 18:27:00+00:00,5978.89013671875,5980.06005859375,5977.759765625,5979.81005859375,4462000.0
2025-06-17 18:28:00+00:00,5978.4501953125,5979.7900390625,5976.5,5978.8701171875,5730000.0
2025-06-17 18:29:00+00:00,5980.31005859375,5980.81982421875,5978.009765625,5978.5400390625,4128000.0
2025-06-17 18:30:00+00:00,5983.14013671875,5983.72021484375,5980.080078125,5980.330078125,5503000.0
2025-06-17 18:31:00+00:00,5983.60009765625,5984.35986328125,5982.9599609375,5983.2001953125,4256000.0
2025-06-17 18:32:00+00:00,5982.5400390625,5983.81982421875,5982.06982421875,5983.56005859375,3419000.0
2025-06-17 18:33:00+00:00,5981.990234375,5982.68994140625,5981.8701171875,5982.490234375,3076000.0
2025-06-17 18:34:00+00:00,5984.85009765625,5984.89990234375,5982.0400390625,5982.0400390625,4136000.0
2025-06-17 18:35:00+00:00,5985.75,5986.0,5984.759765625,5984.83984375,3888000.0
2025-06-17 18:36:00+00:00,5983.81005859375,5985.7998046875,5983.06982421875,5985.7998046875,4239000.0
2025-06-17 18:37:00+00:00,5983.8701171875,5984.31982421875,5982.10009765625,5983.77978515625,5463000.0
2025-06-17 18:38:00+00:00,5983.080078125,5985.18994140625,5983.080078125,5983.919921875,3964000.0
2025-06-17 18:39:00+00:00,5981.18994140625,5983.10986328125,5980.2900390625,5983.10986328125,4314000.0
2025-06-17 18:40:00+00:00,5979.39013671875,5981.39990234375,5978.91015625,5981.18017578125,3986000.0
2025-06-17 18:41:00+00:00,5978.080078125,5979.33984375,5977.8798828125,5979.330078125,5002000.0
2025-06-17 18:42:00+00:00,5978.14990234375,5978.5,5978.06982421875,5978.22998046875,3679000.0
2025-06-17 18:43:00+00:00,5978.33984375,5979.31982421875,5977.5400390625,5978.06982421875,4078000.0
2025-06-17 18:44:00+00:00,5978.68017578125,5978.72998046875,5974.7998046875,5978.3701171875,6442000.0
2025-06-17 18:45:00+00:00,5980.6201171875,5980.6201171875,5978.47998046875,5978.68994140625,4637000.0
2025-06-17 18:46:00+00:00,5981.77001953125,5981.89990234375,5980.10009765625,5980.64013671875,3896000.0
2025-06-17 18:47:00+00:00,5980.31005859375,5982.5,5980.02001953125,5981.83984375,4082000.0
2025-06-17 18:48:00+00:00,5979.9599609375,5980.4599609375,5978.85986328125,5980.31005859375,5183000.0
2025-06-17 18:49:00+00:00,5980.3798828125,5981.10986328125,5979.8701171875,5980.009765625,3233000.0
2025-06-17 18:50:00+00:00,5981.52001953125,5981.8701171875,5980.08984375,5980.3798828125,4562000.0
2025-06-17 18:51:00+00:00,5979.77978515625,5981.64990234375,5979.77978515625,5981.4599609375,4147000.0
2025-06-17 18:52:00+00:00,5979.52978515625,5980.22998046875,5979.47021484375,5979.75,3407000.0
2025-06-17 18:53:00+00:00,5980.1201171875,5980.1201171875,5978.93017578125,5979.5,3292000.0
2025-06-17 18:54:00+00:00,5981.27978515625,5981.27978515625,5979.2900390625,5980.10009765625,4134000.0
2025-06-17 18:55:00+00:00,5983.8798828125,5983.8798828125,5981.22998046875,5981.22998046875,4933000.0
2025-06-17 18:56:00+00:00,5984.43017578125,5984.85009765625,5983.81005859375,5983.81005859375,4921000.0
2025-06-17 18:57:00+00:00,5985.830078125,5985.830078125,5983.93017578125,5984.6201171875,4500000.0
2025-06-17 18:58:00+00:00,5986.919921875,5986.9599609375,5985.93017578125,5985.93017578125,4079000.0
2025-06-17 18:59:00+00:00,5987.7099609375,5987.7099609375,5986.72021484375,5986.89013671875,4430000.0
2025-06-17 19:00:00+00:00,5986.72021484375,5988.2998046875,5986.52001953125,5987.60986328125,4879000.0
2025-06-17 19:01:00+00:00,5985.759765625,5986.919921875,5985.75,5986.68994140625,4446000.0
2025-06-17 19:02:00+00:00,5986.64990234375,5987.259765625,5985.27978515625,5985.91015625,5139000.0
2025-06-17 19:03:00+00:00,5983.93017578125,5986.85986328125,5983.68994140625,5986.68017578125,4991000.0
2025-06-17 19:04:00+00:00,5982.72998046875,5983.39013671875,5982.64013671875,5983.35009765625,4270000.0
2025-06-17 19:05:00+00:00,5982.08984375,5982.830078125,5980.77001953125,5982.7998046875,6357000.0
2025-06-17 19:06:00+00:00,5982.56982421875,5982.77001953125,5981.7998046875,5981.8798828125,4010000.0
2025-06-17 19:07:00+00:00,5983.56982421875,5983.56982421875,5982.1201171875,5982.52978515625,4314000.0
2025-06-17 19:08:00+00:00,5984.27978515625,5984.27978515625,5982.89013671875,5983.56005859375,3811000.0
2025-06-17 19:09:00+00:00,5984.31005859375,5984.3798828125,5983.509765625,5984.1201171875,3529000.0
2025-06-17 19:10:00+00:00,5982.7900390625,5984.72021484375,5982.39013671875,5984.35986328125,6013000.0
2025-06-17 19:11:00+00:00,5986.509765625,5986.66015625,5982.7998046875,5982.7998046875,5606000.0
2025-06-17 19:12:00+00:00,5987.64990234375,5987.9599609375,5986.3798828125,5986.39990234375,4205000.0
2025-06-17 19:13:00+00:00,5985.9501953125,5987.68017578125,5985.9501953125,5987.66015625,4797000.0
2025-06-17 19:14:00+00:00,5985.85986328125,5986.43017578125,5985.85986328125,5985.93994140625,3771000.0
2025-06-17 19:15:00+00:00,5986.89990234375,5987.0400390625,5985.830078125,5985.830078125,4525000.0
2025-06-17 19:16:00+00:00,5986.56005859375,5987.02978515625,5986.1298828125,5986.89990234375,3985000.0
2025-06-17 19:17:00+00:00,5983.64013671875,5986.68017578125,5983.5400390625,5986.5498046875,5681000.0
2025-06-17 19:18:00+00:00,5983.919921875,5984.75,5983.58984375,5983.58984375,4841000.0
2025-06-17 19:19:00+00:00,5984.02001953125,5984.35986328125,5983.7099609375,5983.85009765625,4296000.0
2025-06-17 19:20:00+00:00,5986.830078125,5986.830078125,5983.9501953125,5983.97998046875,5297000.0
2025-06-17 19:21:00+00:00,5987.56005859375,5988.14013671875,5986.60986328125,5986.830078125,5767000.0
2025-06-17 19:22:00+00:00,5988.8701171875,5989.06982421875,5987.580078125,5987.60986328125,5115000.0
2025-06-17 19:23:00+00:00,5988.85986328125,5989.27001953125,5988.56005859375,5988.83984375,5219000.0
2025-06-17 19:24:00+00:00,5989.27978515625,5989.39990234375,5988.259765625,5988.7998046875,5165000.0
2025-06-17 19:25:00+00:00,5989.7900390625,5989.91015625,5989.18017578125,5989.31005859375,5362000.0
2025-06-17 19:26:00+00:00,5989.0,5989.669921875,5988.14013671875,5989.669921875,4751000.0
2025-06-17 19:27:00+00:00,5988.31005859375,5989.39013671875,5988.02001953125,5989.08984375,4334000.0
2025-06-17 19:28:00+00:00,5988.72021484375,5989.0498046875,5988.33984375,5988.3701171875,4866000.0
2025-06-17 19:29:00+00:00,5988.85009765625,5989.06982421875,5988.47021484375,5988.7001953125,5481000.0
2025-06-17 19:30:00+00:00,5988.77001953125,5989.89013671875,5988.77001953125,5988.83984375,6552000.0
2025-06-17 19:31:00+00:00,5986.47021484375,5988.97021484375,5986.02978515625,5988.85009765625,7045000.0
2025-06-17 19:32:00+00:00,5987.31982421875,5987.52978515625,5987.31982421875,5987.43994140625,7000000.0
2025-06-17 19:33:00+00:00,5987.22021484375,5987.7099609375,5986.31005859375,5987.31005859375,5718000.0
2025-06-17 19:34:00+00:00,5988.2900390625,5988.31982421875,5987.1298828125,5987.14990234375,6372000.0
2025-06-17 19:35:00+00:00,5989.43994140625,5989.64990234375,5988.2001953125,5988.2001953125,6204000.0
2025-06-17 19:36:00+00:00,5989.39013671875,5989.81005859375,5989.18994140625,5989.39990234375,6363000.0
2025-06-17 19:37:00+00:00,5989.68017578125,5990.1298828125,5989.14013671875,5989.509765625,6532000.0
2025-06-17 19:38:00+00:00,5989.1298828125,5989.72021484375,5988.4599609375,5989.64990234375,6177000.0
2025-06-17 19:39:00+00:00,5986.39013671875,5989.25,5986.33984375,5989.06005859375,7461000.0
2025-06-17 19:40:00+00:00,5985.35986328125,5987.02001953125,5985.27001953125,5986.419921875,8746000.0
2025-06-17 19:41:00+00:00,5984.47021484375,5985.5400390625,5982.64013671875,5985.35986328125,8923000.0
2025-06-17 19:42:00+00:00,5983.2099609375,5984.669921875,5983.080078125,5984.669921875,6675000.0
2025-06-17 19:43:00+00:00,5985.14990234375,5985.47998046875,5983.18994140625,5983.18994140625,7447000.0
2025-06-17 19:44:00+00:00,5985.66015625,5985.93994140625,5984.2099609375,5985.14013671875,6391000.0
2025-06-17 19:45:00+00:00,5988.0,5988.14013671875,5985.41015625,5985.68994140625,9023000.0
2025-06-17 19:46:00+00:00,5986.47021484375,5988.31982421875,5986.2998046875,5988.02001953125,8919000.0
2025-06-17 19:47:00+00:00,5988.0400390625,5988.39990234375,5986.08984375,5986.5400390625,8865000.0
2025-06-17 19:48:00+00:00,5988.9599609375,5989.06005859375,5987.919921875,5987.990234375,8874000.0
2025-06-17 19:49:00+00:00,5989.4501953125,5989.52978515625,5988.419921875,5988.919921875,9095000.0
2025-06-17 19:50:00+00:00,5989.68017578125,5990.77978515625,5987.33984375,5989.5,17353000.0
2025-06-17 19:51:00+00:00,5988.3798828125,5989.5498046875,5987.14013671875,5989.5498046875,14645000.0
2025-06-17 19:52:00+00:00,5986.18994140625,5987.990234375,5985.97021484375,5987.990234375,11931000.0
2025-06-17 19:53:00+00:00,5986.81005859375,5987.33984375,5985.35986328125,5986.14013671875,14690000.0
2025-06-17 19:54:00+00:00,5984.75,5986.7900390625,5983.31982421875,5986.7900390625,19527000.0
2025-06-17 19:55:00+00:00,5985.740234375,5986.16015625,5980.240234375,5984.7998046875,30580000.0
2025-06-17 19:56:00+00:00,5985.89990234375,5986.43994140625,5985.259765625,5985.740234375,20991000.0
2025-06-17 19:57:00+00:00,5983.77001953125,5984.83984375,5982.58984375,5984.72998046875,27092000.0
2025-06-17 19:58:00+00:00,5982.18017578125,5984.330078125,5982.18017578125,5983.89013671875,40245000.0
2025-06-17 19:59:00+00:00,5982.06005859375,5983.6298828125,5980.47021484375,5981.990234375,70045000.0
2025-06-18 13:30:00+00:00,5987.56005859375,5990.10009765625,5984.27001953125,5987.93017578125,0.0
2025-06-18 13:31:00+00:00,5983.9501953125,5988.16015625,5983.18994140625,5987.4501953125,11497284.0
2025-06-18 13:32:00+00:00,5983.93994140625,5985.47998046875,5983.3798828125,5983.830078125,9308825.0
2025-06-18 13:33:00+00:00,5983.33984375,5984.2099609375,5981.8701171875,5984.2099609375,10432167.0
2025-06-18 13:34:00+00:00,5981.81982421875,5983.5,5980.68017578125,5983.22998046875,6781242.0
2025-06-18 13:35:00+00:00,5985.85986328125,5985.85986328125,5981.91015625,5981.91015625,7573771.0
2025-06-18 13:36:00+00:00,5985.16015625,5985.2099609375,5983.52001953125,5983.52001953125,7398378.0
2025-06-18 13:37:00+00:00,5987.64990234375,5988.2998046875,5984.4599609375,5984.81982421875,6345586.0
2025-06-18 13:38:00+00:00,5987.14013671875,5988.72998046875,5986.93994140625,5987.5400390625,5703849.0
2025-06-18 13:39:00+00:00,5987.64990234375,5988.4501953125,5987.08984375,5987.43017578125,6078170.0
2025-06-18 13:40:00+00:00,5987.0400390625,5988.169921875,5986.18994140625,5987.830078125,7128712.0
2025-06-18 13:41:00+00:00,5988.259765625,5988.56982421875,5986.580078125,5986.97998046875,6616438.0
2025-06-18 13:42:00+00:00,5985.93017578125,5988.2998046875,5985.7998046875,5988.2998046875,6791123.0
2025-06-18 13:43:00+00:00,5987.52978515625,5987.52978515625,5985.9599609375,5985.9599609375,6240428.0
2025-06-18 13:44:00+00:00,5988.08984375,5989.4501953125,5987.5498046875,5987.60986328125,6041619.0
2025-06-18 13:45:00+00:00,5988.66015625,5988.66015625,5987.64013671875,5987.990234375,5763552.0
2025-06-18 13:46:00+00:00,5989.39013671875,5989.39013671875,5988.97998046875,5989.27978515625,4600113.0
2025-06-18 13:47:00+00:00,5992.27978515625,5992.35009765625,5990.16015625,5990.6201171875,9371669.0
2025-06-18 13:48:00+00:00,5993.2001953125,5993.27978515625,5992.0498046875,5992.43017578125,8208640.0
2025-06-18 13:49:00+00:00,5994.740234375,5995.06982421875,5993.25,5993.25,6122347.0
2025-06-18 13:50:00+00:00,5996.35009765625,5996.35009765625,5994.6298828125,5994.89013671875,6894423.0
2025-06-18 13:51:00+00:00,5996.66015625,5997.39013671875,5996.25,5996.509765625,6175592.0
2025-06-18 13:52:00+00:00,5998.64013671875,5999.169921875,5996.6201171875,5996.6201171875,7180963.0
2025-06-18 13:53:00+00:00,6000.4501953125,6000.81982421875,5998.68994140625,5998.7099609375,7361203.0
2025-06-18 13:54:00+00:00,5998.1201171875,6001.5400390625,5997.27978515625,6000.52978515625,7518760.0
2025-06-18 13:55:00+00:00,5998.81982421875,5998.81982421875,5997.9599609375,5998.16015625,7702443.0
2025-06-18 13:56:00+00:00,5998.47021484375,5999.5498046875,5998.47021484375,5998.81982421875,6785800.0
2025-06-18 13:57:00+00:00,5998.3701171875,5999.3798828125,5998.259765625,5998.56005859375,5794828.0
2025-06-18 13:58:00+00:00,5998.93017578125,5999.169921875,5998.2099609375,5998.22021484375,6455044.0
2025-06-18 13:59:00+00:00,5997.97021484375,5999.8798828125,5997.97021484375,5999.0498046875,6655944.0
2025-06-18 14:00:00+00:00,5995.1201171875,5998.740234375,5995.06005859375,5997.91015625,8105050.0
2025-06-18 14:01:00+00:00,5994.66015625,5995.60986328125,5994.509765625,5995.080078125,7188661.0
2025-06-18 14:02:00+00:00,5998.830078125,5998.830078125,5994.58984375,5994.60986328125,8230700.0
2025-06-18 14:03:00+00:00,6001.93017578125,6002.169921875,5998.35986328125,5998.759765625,7259731.0
2025-06-18 14:04:00+00:00,6002.490234375,6003.7001953125,6001.8798828125,6002.1298828125,6876310.0
2025-06-18 14:05:00+00:00,6001.2998046875,6002.2998046875,6000.4501953125,6002.2998046875,7360008.0
2025-06-18 14:06:00+00:00,6000.9501953125,6001.68017578125,6000.2998046875,6001.43994140625,6904234.0
2025-06-18 14:07:00+00:00,6001.25,6001.7900390625,6000.14013671875,6001.0,6888660.0
2025-06-18 14:08:00+00:00,6004.39990234375,6004.39990234375,6001.240234375,6001.2900390625,6476824.0
2025-06-18 14:09:00+00:00,6002.7900390625,6005.0,6002.64013671875,6004.3798828125,6548508.0
2025-06-18 14:10:00+00:00,6001.81005859375,6003.39013671875,6001.39990234375,6002.990234375,6542349.0
2025-06-18 14:11:00+00:00,6003.27001953125,6003.35986328125,6001.669921875,6001.7998046875,5711496.0
2025-06-18 14:12:00+00:00,6005.259765625,6005.259765625,6003.06005859375,6003.06005859375,6536007.0
2025-06-18 14:13:00+00:00,6006.77001953125,6006.7998046875,6005.14013671875,6005.14013671875,6074837.0
2025-06-18 14:14:00+00:00,6007.33984375,6007.93994140625,6006.72021484375,6006.72021484375,5995288.0
2025-06-18 14:15:00+00:00,6006.919921875,6008.10986328125,6006.60009765625,6007.31982421875,8131853.0
2025-06-18 14:16:00+00:00,6008.60986328125,6008.7099609375,6006.68994140625,6006.77001953125,6713855.0
2025-06-18 14:17:00+00:00,6009.3798828125,6009.43017578125,6008.509765625,6008.6201171875,6402923.0
2025-06-18 14:18:00+00:00,6011.35009765625,6011.7001953125,6009.47021484375,6009.47021484375,6267264.0
2025-06-18 14:19:00+00:00,6010.5498046875,6011.509765625,6010.39013671875,6011.47021484375,5719215.0
2025-06-18 14:20:00+00:00,6014.31005859375,6014.81982421875,6010.22021484375,6010.4501953125,7898023.0
2025-06-18 14:21:00+00:00,6012.2900390625,6014.64990234375,6012.2900390625,6014.2998046875,6981571.0
2025-06-18 14:22:00+00:00,6013.25,6013.75,6012.27001953125,6012.27001953125,5651351.0
2025-06-18 14:23:00+00:00,6012.52978515625,6013.18994140625,6011.66015625,6013.18994140625,5659793.0
2025-06-18 14:24:00+00:00,6013.52978515625,6014.10009765625,6012.58984375,6012.58984375,5953761.0
2025-06-18 14:25:00+00:00,6014.4599609375,6015.31982421875,6013.509765625,6013.509765625,6494580.0
2025-06-18 14:26:00+00:00,6016.240234375,6016.240234375,6015.14990234375,6015.14990234375,6126040.0
2025-06-18 14:27:00+00:00,6015.97021484375,6016.81005859375,6015.93017578125,6016.2998046875,5854580.0
2025-06-18 14:28:00+00:00,6015.60986328125,6016.68017578125,6015.56982421875,6015.9501953125,6054769.0
2025-06-18 14:29:00+00:00,6014.60986328125,6016.35009765625,6014.5498046875,6015.5400390625,5210985.0
2025-06-18 14:30:00+00:00,6014.72998046875,6015.259765625,6014.2900390625,6014.4501953125,6500175.0
2025-06-18 14:31:00+00:00,6016.75,6016.75,6014.7998046875,6014.7998046875,5868994.0
2025-06-18 14:32:00+00:00,6016.27978515625,6016.91015625,6016.18994140625,6016.64013671875,5451597.0
2025-06-18 14:33:00+00:00,6015.91015625,6016.7001953125,6015.7998046875,6016.25,5482114.0
2025-06-18 14:34:00+00:00,6017.740234375,6018.22998046875,6016.080078125,6016.080078125,7924918.0
2025-06-18 14:35:00+00:00,6017.740234375,6018.169921875,6016.85986328125,6017.81005859375,7477945.0
2025-06-18 14:36:00+00:00,6017.35009765625,6018.0498046875,6017.0498046875,6017.68017578125,6589683.0
2025-06-18 14:37:00+00:00,6016.080078125,6017.6201171875,6015.97998046875,6017.39990234375,6963534.0
2025-06-18 14:38:00+00:00,6018.009765625,6018.18017578125,6015.60986328125,6016.080078125,6841792.0
2025-06-18 14:39:00+00:00,6017.5,6018.25,6017.47998046875,6018.10009765625,5280619.0
2025-06-18 14:40:00+00:00,6014.830078125,6017.9599609375,6014.830078125,6017.60986328125,6194756.0
2025-06-18 14:41:00+00:00,6014.81005859375,6015.10986328125,6013.669921875,6014.669921875,6278926.0
2025-06-18 14:42:00+00:00,6017.56005859375,6017.56005859375,6016.56982421875,6016.60009765625,5901323.0
2025-06-18 14:43:00+00:00,6017.330078125,6017.97021484375,6017.1298828125,6017.580078125,5994470.0
2025-06-18 14:44:00+00:00,6016.52978515625,6017.169921875,6015.2998046875,6017.169921875,5489839.0
2025-06-18 14:45:00+00:00,6017.64990234375,6018.08984375,6016.64990234375,6016.64990234375,6159253.0
2025-06-18 14:46:00+00:00,6017.02978515625,6017.68994140625,6016.9599609375,6017.64990234375,5676710.0
2025-06-18 14:47:00+00:00,6017.27001953125,6017.2900390625,6016.7900390625,6017.0498046875,4940717.0
2025-06-18 14:48:00+00:00,6014.60986328125,6017.4501953125,6014.58984375,6017.2900390625,6307668.0
2025-06-18 14:49:00+00:00,6014.7998046875,6014.990234375,6013.22998046875,6014.490234375,5286667.0
2025-06-18 14:50:00+00:00,6015.64990234375,6016.25,6014.64013671875,6014.77001953125,4974639.0
2025-06-18 14:51:00+00:00,6014.41015625,6015.990234375,6014.41015625,6015.6201171875,4913343.0
2025-06-18 14:52:00+00:00,6012.5400390625,6013.4599609375,6012.490234375,6013.419921875,5445221.0
2025-06-18 14:53:00+00:00,6012.39990234375,6013.2998046875,6012.2900390625,6012.5400390625,4814703.0
2025-06-18 14:54:00+00:00,6012.64990234375,6012.91015625,6012.18017578125,6012.4599609375,4368397.0
2025-06-18 14:55:00+00:00,6012.22021484375,6012.93994140625,6012.14990234375,6012.47021484375,5396337.0
2025-06-18 14:56:00+00:00,6013.33984375,6013.39013671875,6011.93017578125,6012.27001953125,5237044.0
2025-06-18 14:57:00+00:00,6014.2099609375,6014.27001953125,6013.10986328125,6013.43994140625,4504498.0
2025-06-18 14:58:00+00:00,6013.93994140625,6014.2099609375,6013.330078125,6014.18994140625,4684182.0
2025-06-18 14:59:00+00:00,6015.06005859375,6015.18994140625,6013.93994140625,6013.93994140625,6085282.0
2025-06-18 15:00:00+00:00,6014.9501953125,6015.22021484375,6014.60009765625,6014.919921875,5292616.0
2025-06-18 15:01:00+00:00,6014.1298828125,6015.06982421875,6013.9501953125,6014.9599609375,5270363.0
2025-06-18 15:02:00+00:00,6014.18994140625,6014.41015625,6013.990234375,6014.259765625,4856548.0
2025-06-18 15:03:00+00:00,6013.919921875,6014.490234375,6013.009765625,6014.2001953125,4194476.0
2025-06-18 15:04:00+00:00,6015.02001953125,6015.1201171875,6013.91015625,6013.97021484375,4871373.0
2025-06-18 15:05:00+00:00,6014.7099609375,6015.02001953125,6014.330078125,6014.97998046875,4517343.0
2025-06-18 15:06:00+00:00,6011.77001953125,6014.759765625,6011.77001953125,6014.7099609375,5536543.0
2025-06-18 15:08:00+00:00,6011.83984375,6011.83984375,6011.22998046875,6011.240234375,8556382.0
2025-06-18 15:09:00+00:00,6011.81982421875,6011.830078125,6011.43017578125,6011.60986328125,3440044.0
2025-06-18 15:13:00+00:00,6010.66015625,6010.89990234375,6010.47021484375,6010.89990234375,20163974.0
2025-06-18 15:15:00+00:00,6010.10009765625,6010.72021484375,6010.08984375,6010.72021484375,7935203.0
2025-06-18 15:16:00+00:00,6009.89990234375,6009.919921875,6009.60986328125,6009.6298828125,3421273.0
2025-06-18 15:17:00+00:00,6010.02001953125,6010.25,6009.83984375,6009.83984375,6341292.0
2025-06-18 15:18:00+00:00,6010.0400390625,6010.0400390625,6009.47021484375,6009.89990234375,3318787.0
2025-06-18 15:21:00+00:00,6008.16015625,6008.419921875,6008.06982421875,6008.25,11371552.0
2025-06-18 15:22:00+00:00,6008.06005859375,6008.7001953125,6007.77978515625,6008.58984375,5900637.0
2025-06-18 15:24:00+00:00,6007.5,6007.58984375,6007.39013671875,6007.5400390625,11158372.0
2025-06-18 15:25:00+00:00,6006.759765625,6007.5,6006.759765625,6007.5,4201092.0
2025-06-18 15:27:00+00:00,6008.47021484375,6008.509765625,6007.169921875,6007.169921875,12483524.0
2025-06-18 15:28:00+00:00,6006.68017578125,6008.490234375,6006.14013671875,6008.41015625,5289850.0
2025-06-18 15:29:00+00:00,6006.72998046875,6006.81982421875,6006.72998046875,6006.81982421875,133754.0
2025-06-18 15:31:00+00:00,6009.33984375,6009.419921875,6009.009765625,6009.009765625,12763128.0
2025-06-18 15:32:00+00:00,6008.169921875,6009.4501953125,6008.02978515625,6009.31982421875,5774769.0
2025-06-18 15:33:00+00:00,6007.7900390625,6008.27001953125,6007.509765625,6008.240234375,1967354.0
2025-06-18 15:36:00+00:00,6005.97998046875,6006.43017578125,6005.9599609375,6006.2998046875,18965829.0
2025-06-18 15:37:00+00:00,6006.740234375,6006.81005859375,6005.759765625,6006.02001953125,4481138.0
2025-06-18 15:40:00+00:00,6006.009765625,6008.490234375,6004.7001953125,6008.009765625,18038993.0
2025-06-18 15:41:00+00:00,6007.2900390625,6007.419921875,6005.9599609375,6005.97021484375,4930992.0
2025-06-18 15:42:00+00:00,6007.240234375,6007.4599609375,6007.18017578125,6007.4599609375,298433.0
2025-06-18 15:43:00+00:00,6004.27978515625,6005.06982421875,6004.06982421875,6005.06982421875,6527650.0
2025-06-18 15:44:00+00:00,6005.5400390625,6005.5400390625,6003.33984375,6003.7099609375,6247768.0
2025-06-18 15:47:00+00:00,6007.08984375,6007.10986328125,6006.93994140625,6006.93994140625,13143404.0
2025-06-18 15:48:00+00:00,6007.06005859375,6007.1201171875,6006.64990234375,6006.89013671875,4396080.0
2025-06-18 15:49:00+00:00,6007.8701171875,6008.169921875,6006.85009765625,6007.06005859375,4025229.0
2025-06-18 15:50:00+00:00,6008.85986328125,6008.91015625,6007.35009765625,6007.8701171875,4532591.0
2025-06-18 15:51:00+00:00,6010.669921875,6010.669921875,6008.830078125,6008.919921875,4593247.0
2025-06-18 15:52:00+00:00,6010.89013671875,6010.990234375,6010.39990234375,6010.58984375,3952090.0
2025-06-18 15:53:00+00:00,6010.02978515625,6011.0,6009.490234375,6010.89990234375,4244600.0
2025-06-18 15:54:00+00:00,6010.77001953125,6010.89990234375,6009.4501953125,6010.02978515625,3701964.0
2025-06-18 15:55:00+00:00,6009.72998046875,6011.14990234375,6009.68017578125,6010.72021484375,4193609.0
2025-06-18 15:56:00+00:00,6009.4599609375,6010.240234375,6009.4599609375,6009.759765625,3975465.0
2025-06-18 15:57:00+00:00,6006.77978515625,6009.64013671875,6006.7099609375,6009.4501953125,4504860.0
2025-06-18 15:58:00+00:00,6003.4501953125,6006.740234375,6003.4501953125,6006.7001953125,5298204.0
2025-06-18 15:59:00+00:00,6003.39990234375,6003.830078125,6002.7099609375,6003.39013671875,4248245.0
2025-06-18 16:00:00+00:00,6001.14013671875,6003.419921875,6001.14013671875,6003.419921875,6249460.0
2025-06-18 16:02:00+00:00,6005.02001953125,6005.02001953125,6003.47021484375,6003.58984375,13141187.0
2025-06-18 16:03:00+00:00,6005.509765625,6005.6201171875,6004.93017578125,6004.93017578125,4108140.0
2025-06-18 16:04:00+00:00,6005.91015625,6005.9599609375,6005.89013671875,6005.9599609375,5391968.0
2025-06-18 16:05:00+00:00,6005.41015625,6005.97998046875,6005.22021484375,6005.93017578125,4344999.0
2025-06-18 16:06:00+00:00,6004.47021484375,6005.52001953125,6004.2998046875,6005.5,3687978.0
2025-06-18 16:07:00+00:00,6005.18017578125,6005.759765625,6004.56005859375,6004.56005859375,4186798.0
2025-06-18 16:08:00+00:00,6007.41015625,6007.43994140625,6004.89013671875,6005.2900390625,4284158.0
2025-06-18 16:09:00+00:00,6008.35009765625,6008.91015625,6007.7001953125,6007.7001953125,4049365.0
2025-06-18 16:10:00+00:00,6007.22998046875,6008.759765625,6007.22998046875,6008.35986328125,4360971.0
2025-06-18 16:11:00+00:00,6007.5,6008.39990234375,6006.6298828125,6007.14990234375,4469605.0
2025-06-18 16:12:00+00:00,6008.0498046875,6008.2998046875,6007.490234375,6007.58984375,3973781.0
2025-06-18 16:13:00+00:00,6008.669921875,6009.0,6007.990234375,6008.08984375,3290807.0
2025-06-18 16:14:00+00:00,6007.759765625,6008.68017578125,6007.759765625,6008.68017578125,3288506.0
2025-06-18 16:15:00+00:00,6008.22998046875,6008.52978515625,6007.580078125,6007.81005859375,3951721.0
2025-06-18 16:16:00+00:00,6006.06005859375,6008.02001953125,6005.7998046875,6007.85986328125,4901740.0
2025-06-18 16:17:00+00:00,6005.10009765625,6006.080078125,6004.56005859375,6006.009765625,3750000.0
2025-06-18 16:18:00+00:00,6006.2099609375,6006.72021484375,6005.25,6005.25,3966000.0
2025-06-18 16:19:00+00:00,6005.10009765625,6006.66015625,6005.009765625,6006.25,3628000.0
2025-06-18 16:20:00+00:00,6007.0400390625,6007.1201171875,6005.0400390625,6005.10009765625,4100000.0
2025-06-18 16:21:00+00:00,6006.1298828125,6006.990234375,6006.1298828125,6006.990234375,3525000.0
2025-06-18 16:22:00+00:00,6005.8701171875,6006.39990234375,6005.8701171875,6006.14013671875,3221000.0
2025-06-18 16:23:00+00:00,6005.52001953125,6005.759765625,6005.009765625,6005.759765625,4087000.0
2025-06-18 16:24:00+00:00,6005.64013671875,6005.68017578125,6004.669921875,6005.490234375,3805000.0
2025-06-18 16:25:00+00:00,6006.009765625,6006.2001953125,6005.52001953125,6005.7001953125,3116000.0
2025-06-18 16:26:00+00:00,6003.81005859375,6006.02001953125,6003.3701171875,6006.0,4910000.0
2025-06-18 16:27:00+00:00,6003.2900390625,6003.7998046875,6002.27978515625,6003.7998046875,4265000.0
2025-06-18 16:28:00+00:00,6000.89013671875,6003.330078125,6000.77978515625,6003.330078125,3910000.0
2025-06-18 16:29:00+00:00,6001.39990234375,6001.509765625,6000.64013671875,6000.9501953125,3746000.0
2025-06-18 16:30:00+00:00,6002.009765625,6002.2099609375,6000.75,6001.3798828125,4351000.0
2025-06-18 16:31:00+00:00,6003.2001953125,6003.52978515625,6001.91015625,6002.02001953125,3461000.0
2025-06-18 16:32:00+00:00,6001.72021484375,6003.4599609375,6001.60009765625,6003.27978515625,3592000.0
2025-06-18 16:33:00+00:00,6001.60986328125,6002.2099609375,6001.4501953125,6001.759765625,3455000.0
2025-06-18 16:34:00+00:00,6002.7998046875,6003.39013671875,6001.669921875,6001.669921875,3587000.0
2025-06-18 16:35:00+00:00,6001.7900390625,6002.97998046875,6001.740234375,6002.81982421875,2920000.0
2025-06-18 16:36:00+00:00,6002.0,6002.1201171875,6001.64013671875,6001.81982421875,2972000.0
2025-06-18 16:37:00+00:00,6001.60009765625,6002.1298828125,6000.89990234375,6002.0,3006000.0
2025-06-18 16:38:00+00:00,6001.85986328125,6001.85986328125,6001.10986328125,6001.10986328125,2999000.0
2025-06-18 16:39:00+00:00,6003.0,6003.0,6001.830078125,6001.8701171875,3178000.0
2025-06-18 16:40:00+00:00,6002.509765625,6003.6298828125,6002.22998046875,6002.97021484375,3396000.0
2025-06-18 16:41:00+00:00,6003.10009765625,6003.47998046875,6002.16015625,6002.52978515625,3198000.0
2025-06-18 16:42:00+00:00,6002.27978515625,6003.0498046875,6002.16015625,6003.0498046875,2854000.0
2025-06-18 16:43:00+00:00,6002.080078125,6002.25,6001.72021484375,6002.25,3116000.0
2025-06-18 16:44:00+00:00,6003.169921875,6003.2001953125,6001.509765625,6002.08984375,3347000.0
2025-06-18 16:45:00+00:00,6004.02978515625,6004.10009765625,6003.2900390625,6003.2900390625,3367000.0
2025-06-18 16:46:00+00:00,6003.64013671875,6004.47021484375,6003.60986328125,6004.009765625,3655000.0
2025-06-18 16:47:00+00:00,6003.08984375,6004.009765625,6003.02978515625,6003.580078125,3283000.0
2025-06-18 16:48:00+00:00,6001.68017578125,6003.16015625,6001.60986328125,6003.14990234375,3375000.0
2025-06-18 16:49:00+00:00,6001.72021484375,6002.06005859375,6001.5,6001.66015625,3218000.0
2025-06-18 16:50:00+00:00,6005.009765625,6005.009765625,6001.56005859375,6001.77001953125,4283000.0
2025-06-18 16:51:00+00:00,6006.240234375,6006.97998046875,6004.919921875,6005.1201171875,3585000.0
2025-06-18 16:52:00+00:00,6004.1201171875,6006.27978515625,6004.06005859375,6006.27978515625,3919000.0
2025-06-18 16:53:00+00:00,6003.22021484375,6004.10009765625,6002.97998046875,6004.06982421875,3033000.0
2025-06-18 16:54:00+00:00,6002.0400390625,6003.27978515625,6001.81005859375,6003.18994140625,2737000.0
2025-06-18 16:55:00+00:00,6002.77978515625,6003.009765625,6001.75,6001.9599609375,3531000.0
2025-06-18 16:56:00+00:00,6002.4501953125,6003.490234375,6002.4501953125,6002.7001953125,3418000.0
2025-06-18 16:57:00+00:00,6002.31005859375,6002.509765625,6001.7001953125,6002.509765625,7577000.0
2025-06-18 16:58:00+00:00,6003.08984375,6003.2998046875,6002.240234375,6002.2998046875,6255000.0
2025-06-18 17:00:00+00:00,6000.31982421875,6000.31982421875,6000.2001953125,6000.2001953125,9798000.0
2025-06-18 17:01:00+00:00,6001.81005859375,6001.81982421875,6000.2998046875,6000.35986328125,4167000.0
2025-06-18 17:02:00+00:00,6001.10009765625,6001.89990234375,6000.52978515625,6001.89990234375,3982000.0
2025-06-18 17:03:00+00:00,6001.89013671875,6002.10009765625,6001.1298828125,6001.2099609375,3728000.0
2025-06-18 17:04:00+00:00,6002.16015625,6003.02978515625,6001.77978515625,6001.77978515625,3021000.0
2025-06-18 17:05:00+00:00,6002.5,6002.5,6001.81982421875,6002.25,2979000.0
2025-06-18 17:06:00+00:00,6002.2900390625,6002.75,6001.419921875,6002.72021484375,4862000.0
2025-06-18 17:07:00+00:00,6001.14990234375,6002.35986328125,6000.7001953125,6002.35009765625,5031000.0
2025-06-18 17:08:00+00:00,6001.35009765625,6001.72998046875,6000.89990234375,6001.16015625,3831000.0
2025-06-18 17:09:00+00:00,6002.16015625,6002.2001953125,6001.18017578125,6001.39990234375,3930000.0
2025-06-18 17:10:00+00:00,6002.56982421875,6003.0,6002.22998046875,6002.22998046875,4293000.0
2025-06-18 17:11:00+00:00,6002.72021484375,6003.2001953125,6002.33984375,6002.72998046875,3839000.0
2025-06-18 17:12:00+00:00,6001.5,6002.72021484375,6001.08984375,6002.72021484375,3513000.0
2025-06-18 17:13:00+00:00,6000.06005859375,6001.89990234375,5999.81005859375,6001.6201171875,3738000.0
2025-06-18 17:14:00+00:00,6000.22998046875,6000.68017578125,5999.990234375,6000.10986328125,3293000.0
2025-06-18 17:15:00+00:00,6002.18994140625,6002.31982421875,6000.35986328125,6000.35986328125,3957000.0
2025-06-18 17:16:00+00:00,6001.77001953125,6002.14990234375,6001.39013671875,6002.14013671875,4177000.0
2025-06-18 17:17:00+00:00,6000.8701171875,6002.22998046875,6000.81982421875,6001.89990234375,3963000.0
2025-06-18 17:18:00+00:00,6001.3701171875,6001.4501953125,6000.830078125,6000.89990234375,3129000.0
2025-06-18 17:19:00+00:00,6001.10986328125,6001.97021484375,6001.02978515625,6001.35986328125,3578000.0
2025-06-18 17:20:00+00:00,6000.83984375,6000.97998046875,6000.81005859375,6000.91015625,3334000.0
2025-06-18 17:21:00+00:00,5998.56005859375,6000.85009765625,5998.52978515625,6000.85009765625,3797000.0
2025-06-18 17:22:00+00:00,5998.18994140625,5998.60009765625,5997.85986328125,5998.60009765625,3524000.0
2025-06-18 17:23:00+00:00,5997.06005859375,5998.1298828125,5997.0400390625,5998.1298828125,3634000.0
2025-06-18 17:24:00+00:00,5997.10986328125,5997.10986328125,5996.14990234375,5996.919921875,4048000.0
2025-06-18 17:25:00+00:00,5997.31982421875,5997.7900390625,5996.7099609375,5997.10986328125,4123000.0
2025-06-18 17:26:00+00:00,5997.56005859375,5997.58984375,5996.8798828125,5997.33984375,3275000.0
2025-06-18 17:27:00+00:00,5997.0498046875,5997.7099609375,5996.990234375,5997.580078125,3395000.0
2025-06-18 17:28:00+00:00,5995.8701171875,5997.02978515625,5995.0498046875,5997.009765625,4851000.0
2025-06-18 17:29:00+00:00,5994.77001953125,5995.89990234375,5994.77001953125,5995.89990234375,3010000.0
2025-06-18 17:30:00+00:00,5994.75,5996.2001953125,5994.259765625,5994.759765625,3891000.0
2025-06-18 17:31:00+00:00,5990.5400390625,5994.72998046875,5989.25,5994.72998046875,6412000.0
2025-06-18 17:32:00+00:00,5989.66015625,5990.43994140625,5989.0,5990.43994140625,4114000.0
2025-06-18 17:33:00+00:00,5987.990234375,5989.68994140625,5987.1298828125,5989.68994140625,4420000.0
2025-06-18 17:34:00+00:00,5989.8701171875,5990.2998046875,5987.5498046875,5987.919921875,4535000.0
2025-06-18 17:35:00+00:00,5988.25,5990.009765625,5987.2001953125,5989.85009765625,4568000.0
2025-06-18 17:36:00+00:00,5990.47998046875,5990.47998046875,5987.68994140625,5988.31005859375,4080000.0
2025-06-18 17:37:00+00:00,5992.68994140625,5992.7900390625,5990.330078125,5990.47998046875,4208000.0
2025-06-18 17:38:00+00:00,5993.66015625,5993.85009765625,5992.669921875,5992.68994140625,3399000.0
2025-06-18 17:39:00+00:00,5994.43017578125,5994.47021484375,5993.22998046875,5993.68017578125,3714000.0
2025-06-18 17:40:00+00:00,5994.240234375,5994.47998046875,5993.52978515625,5994.47021484375,3847000.0
2025-06-18 17:41:00+00:00,5995.60009765625,5995.64990234375,5994.27978515625,5994.27978515625,3580000.0
2025-06-18 17:42:00+00:00,5997.68017578125,5997.7900390625,5995.56005859375,5995.60986328125,3561000.0
2025-06-18 17:43:00+00:00,5998.77001953125,5998.77001953125,5997.77001953125,5997.77001953125,3045000.0
2025-06-18 17:44:00+00:00,5998.7001953125,5999.10986328125,5998.47998046875,5998.72021484375,3233000.0
2025-06-18 17:45:00+00:00,5998.91015625,5999.5400390625,5998.72998046875,5998.72998046875,3663000.0
2025-06-18 17:46:00+00:00,6000.85986328125,6000.85986328125,5998.83984375,5998.89013671875,3185000.0
2025-06-18 17:47:00+00:00,6001.5,6001.81982421875,6000.81005859375,6000.81005859375,3653000.0
2025-06-18 17:48:00+00:00,6003.169921875,6003.22021484375,6001.60986328125,6001.60986328125,4113000.0
2025-06-18 17:49:00+00:00,6000.97021484375,6002.0498046875,6000.97021484375,6002.02001953125,4956000.0
2025-06-18 17:50:00+00:00,5999.52001953125,6001.3798828125,5999.490234375,6001.0,3860000.0
2025-06-18 17:51:00+00:00,6002.25,6002.27001953125,5999.56982421875,5999.56982421875,4277000.0
2025-06-18 17:52:00+00:00,6003.509765625,6003.56005859375,6002.33984375,6002.33984375,3599000.0
2025-06-18 17:53:00+00:00,6003.8701171875,6004.66015625,6003.47021484375,6003.47021484375,4642000.0
2025-06-18 17:54:00+00:00,6004.009765625,6004.580078125,6003.8701171875,6003.8701171875,3505000.0
2025-06-18 17:55:00+00:00,6003.419921875,6003.830078125,6003.2001953125,6003.830078125,3281000.0
2025-06-18 17:56:00+00:00,6004.740234375,6005.27001953125,6003.43017578125,6003.43017578125,4012000.0
2025-06-18 17:57:00+00:00,6003.91015625,6004.759765625,6003.7900390625,6004.759765625,3303000.0
2025-06-18 17:58:00+00:00,6002.06005859375,6003.91015625,6001.669921875,6003.91015625,3474000.0
2025-06-18 17:59:00+00:00,6002.2900390625,6002.8701171875,6001.66015625,6002.02001953125,4406000.0
2025-06-18 18:00:00+00:00,6010.2900390625,6014.5498046875,6001.43994140625,6001.43994140625,14072000.0
2025-06-18 18:01:00+00:00,6006.7998046875,6011.35009765625,6006.7998046875,6010.35009765625,5982000.0
2025-06-18 18:02:00+00:00,5998.14013671875,6006.830078125,5998.14013671875,6006.830078125,6388000.0
2025-06-18 18:03:00+00:00,5999.35009765625,6001.1298828125,5997.89013671875,5997.97021484375,4395000.0
2025-06-18 18:04:00+00:00,5993.43017578125,6001.18994140625,5993.43017578125,5999.4599609375,5665000.0
2025-06-18 18:05:00+00:00,5994.22021484375,5995.830078125,5991.7998046875,5993.2900390625,6912000.0
2025-06-18 18:06:00+00:00,5997.8701171875,5997.8701171875,5993.7001953125,5994.39990234375,4546000.0
2025-06-18 18:07:00+00:00,5998.52978515625,5998.52978515625,5996.31982421875,5997.7998046875,4035000.0
2025-06-18 18:08:00+00:00,5998.27978515625,6001.25,5998.1298828125,6001.0400390625,5903000.0
2025-06-18 18:09:00+00:00,5996.68994140625,5998.080078125,5995.68994140625,5998.080078125,4215000.0
2025-06-18 18:10:00+00:00,5996.31005859375,5996.72021484375,5994.39013671875,5996.72021484375,4029000.0
2025-06-18 18:11:00+00:00,5999.31982421875,5999.31982421875,5996.169921875,5996.4599609375,4733000.0
2025-06-18 18:12:00+00:00,5997.740234375,6000.0400390625,5997.740234375,5999.31005859375,3833000.0
2025-06-18 18:13:00+00:00,5998.3701171875,5998.4599609375,5996.2001953125,5997.66015625,4430000.0
2025-06-18 18:14:00+00:00,6000.509765625,6000.97021484375,5997.68017578125,5998.31982421875,5333000.0
2025-06-18 18:15:00+00:00,6000.35009765625,6000.5498046875,5998.39013671875,6000.52978515625,4112000.0
2025-06-18 18:16:00+00:00,5999.47021484375,6001.27001953125,5999.4599609375,6000.14990234375,3919000.0
2025-06-18 18:17:00+00:00,6002.7001953125,6002.740234375,5999.490234375,5999.52001953125,3732000.0
2025-06-18 18:18:00+00:00,6000.25,6002.60986328125,6000.25,6002.60986328125,4663000.0
2025-06-18 18:19:00+00:00,5997.47021484375,6000.08984375,5997.47021484375,6000.08984375,3646000.0
2025-06-18 18:20:00+00:00,5997.14990234375,5997.68994140625,5995.93994140625,5997.5498046875,4344000.0
2025-06-18 18:21:00+00:00,5996.39990234375,5998.2998046875,5996.39990234375,5997.25,3488000.0
2025-06-18 18:22:00+00:00,5996.7998046875,5996.990234375,5995.4501953125,5996.31982421875,4827000.0
2025-06-18 18:23:00+00:00,5995.39990234375,5996.81982421875,5995.2900390625,5996.64990234375,3737000.0
2025-06-18 18:24:00+00:00,5996.14990234375,5996.5400390625,5993.60986328125,5995.41015625,5089000.0
2025-06-18 18:25:00+00:00,6000.240234375,6000.240234375,5995.97998046875,5996.27978515625,4570000.0
2025-06-18 18:26:00+00:00,5999.77001953125,6000.93017578125,5999.77001953125,6000.27978515625,4024000.0
2025-06-18 18:27:00+00:00,6000.60986328125,6000.60986328125,5998.47998046875,5999.7900390625,3596000.0
2025-06-18 18:28:00+00:00,5997.89990234375,6000.77001953125,5997.6201171875,6000.580078125,4806000.0
2025-06-18 18:29:00+00:00,5999.64990234375,6000.68017578125,5997.9599609375,5997.9599609375,4532000.0
2025-06-18 18:30:00+00:00,5997.7998046875,5999.89013671875,5997.72021484375,5999.080078125,4365000.0
2025-06-18 18:31:00+00:00,6000.52978515625,6000.7001953125,5997.66015625,5997.83984375,4056000.0
2025-06-18 18:32:00+00:00,6005.89990234375,6005.89990234375,6000.5498046875,6000.5498046875,5728000.0
2025-06-18 18:33:00+00:00,6007.06005859375,6007.27001953125,6005.77001953125,6005.93017578125,4950000.0
2025-06-18 18:34:00+00:00,6007.669921875,6008.2998046875,6007.1298828125,6007.1298828125,5596000.0
2025-06-18 18:35:00+00:00,5997.0400390625,6007.60009765625,5996.7099609375,6007.58984375,9419000.0
2025-06-18 18:36:00+00:00,6000.60986328125,6001.3798828125,5996.5400390625,5997.1298828125,5247000.0
2025-06-18 18:37:00+00:00,5999.4599609375,6000.81005859375,5999.10986328125,6000.60009765625,3626000.0
2025-06-18 18:38:00+00:00,6005.3701171875,6005.3701171875,5999.10986328125,5999.419921875,6128000.0
2025-06-18 18:39:00+00:00,6003.43017578125,6005.52001953125,6003.43017578125,6005.509765625,5016000.0
2025-06-18 18:40:00+00:00,6006.64990234375,6006.8701171875,6002.16015625,6003.4599609375,6064000.0
2025-06-18 18:41:00+00:00,6010.9599609375,6010.9599609375,6006.58984375,6006.669921875,5275000.0
2025-06-18 18:42:00+00:00,6012.52978515625,6013.25,6011.1201171875,6011.16015625,5966000.0
2025-06-18 18:43:00+00:00,6010.60009765625,6012.5,6010.14013671875,6012.47021484375,4877000.0
2025-06-18 18:44:00+00:00,6010.35986328125,6011.56005859375,6010.14990234375,6010.6201171875,4704000.0
2025-06-18 18:45:00+00:00,6004.18017578125,6010.27978515625,6004.0,6010.27978515625,6069000.0
2025-06-18 18:46:00+00:00,6004.47998046875,6004.47998046875,6001.080078125,6004.18994140625,5709000.0
2025-06-18 18:47:00+00:00,6004.2900390625,6005.8798828125,6003.77978515625,6004.81982421875,4985000.0
2025-06-18 18:48:00+00:00,6001.740234375,6004.39990234375,6000.77978515625,6004.22998046875,4717000.0
2025-06-18 18:49:00+00:00,6001.3798828125,6002.3798828125,6000.830078125,6001.77001953125,4211000.0
2025-06-18 18:50:00+00:00,5998.6298828125,6001.47998046875,5997.7900390625,6001.4501953125,5058000.0
2025-06-18 18:51:00+00:00,5998.81982421875,5998.8798828125,5995.3701171875,5998.6298828125,5997000.0
2025-06-18 18:52:00+00:00,5995.97021484375,5998.759765625,5995.97021484375,5998.759765625,4232000.0
2025-06-18 18:53:00+00:00,5990.89013671875,5992.72021484375,5990.39990234375,5992.72021484375,7717000.0
2025-06-18 18:54:00+00:00,5992.08984375,5992.10986328125,5988.77001953125,5991.10009765625,7015000.0
2025-06-18 18:55:00+00:00,5987.68994140625,5992.08984375,5986.740234375,5992.08984375,6195000.0
2025-06-18 18:56:00+00:00,5983.2001953125,5987.89990234375,5981.8701171875,5987.66015625,7526000.0
2025-06-18 18:57:00+00:00,5978.43017578125,5982.83984375,5977.06005859375,5982.77001953125,8035000.0
2025-06-18 18:58:00+00:00,5979.509765625,5982.10009765625,5973.919921875,5978.509765625,11125000.0
2025-06-18 18:59:00+00:00,5978.60986328125,5980.259765625,5975.97998046875,5979.31005859375,6506000.0
2025-06-18 19:00:00+00:00,5974.66015625,5978.60009765625,5973.66015625,5978.60009765625,9013000.0
2025-06-18 19:01:00+00:00,5978.18994140625,5979.18017578125,5971.89013671875,5974.35009765625,8171000.0
2025-06-18 19:02:00+00:00,5980.41015625,5981.31005859375,5976.81982421875,5978.18994140625,5991000.0
2025-06-18 19:03:00+00:00,5981.169921875,5982.6298828125,5980.490234375,5980.490234375,5812000.0
2025-06-18 19:04:00+00:00,5986.990234375,5987.35986328125,5981.3701171875,5981.3701171875,6015000.0
2025-06-18 19:05:00+00:00,5985.66015625,5989.27001953125,5985.509765625,5986.85009765625,6338000.0
2025-06-18 19:06:00+00:00,5985.0498046875,5987.77978515625,5984.759765625,5985.64990234375,4587000.0
2025-06-18 19:07:00+00:00,5982.5,5985.990234375,5981.47021484375,5985.18017578125,5374000.0
2025-06-18 19:08:00+00:00,5981.93017578125,5982.419921875,5980.72998046875,5982.41015625,3787000.0
2025-06-18 19:09:00+00:00,5979.91015625,5980.7900390625,5978.91015625,5980.759765625,5658000.0
2025-06-18 19:10:00+00:00,5980.2900390625,5980.2900390625,5978.56982421875,5980.06005859375,4563000.0
2025-06-18 19:11:00+00:00,5982.75,5982.8798828125,5980.35009765625,5980.39990234375,5751000.0
2025-06-18 19:12:00+00:00,5978.5,5982.77978515625,5978.5,5982.7099609375,7026000.0
2025-06-18 19:13:00+00:00,5989.490234375,5989.68017578125,5975.64013671875,5978.39990234375,12842000.0
2025-06-18 19:14:00+00:00,5990.1298828125,5993.22021484375,5988.97021484375,5989.330078125,6981000.0
2025-06-18 19:15:00+00:00,5988.169921875,5990.27978515625,5986.5,5990.18994140625,6949000.0
2025-06-18 19:16:00+00:00,5987.7001953125,5988.18017578125,5984.68017578125,5988.1201171875,5085000.0
2025-06-18 19:17:00+00:00,5984.93994140625,5988.47021484375,5984.85986328125,5987.35986328125,5255000.0
2025-06-18 19:18:00+00:00,5986.66015625,5986.66015625,5985.5400390625,5985.580078125,5056000.0
2025-06-18 19:19:00+00:00,5988.68994140625,5988.830078125,5985.58984375,5986.39990234375,7049000.0
2025-06-18 19:20:00+00:00,5989.3701171875,5989.43994140625,5987.83984375,5988.60986328125,5071000.0
2025-06-18 19:21:00+00:00,5992.27978515625,5992.31982421875,5989.419921875,5989.43017578125,5701000.0
2025-06-18 19:22:00+00:00,5992.9599609375,5994.83984375,5991.8798828125,5992.31005859375,7136000.0
2025-06-18 19:23:00+00:00,5993.7998046875,5994.4501953125,5992.93017578125,5992.93017578125,5484000.0
2025-06-18 19:24:00+00:00,5992.169921875,5994.81005859375,5992.169921875,5993.83984375,6160000.0
2025-06-18 19:25:00+00:00,5990.4501953125,5992.0,5987.85986328125,5992.0,8680000.0
2025-06-18 19:26:00+00:00,5987.89990234375,5990.83984375,5987.56982421875,5990.56005859375,4519000.0
2025-06-18 19:27:00+00:00,5983.509765625,5987.91015625,5983.5,5987.7900390625,6188000.0
2025-06-18 19:28:00+00:00,5977.66015625,5983.2099609375,5977.02001953125,5983.2099609375,8435000.0
2025-06-18 19:29:00+00:00,5975.81005859375,5977.509765625,5975.66015625,5977.41015625,5862000.0
2025-06-18 19:30:00+00:00,5978.41015625,5978.97998046875,5973.52001953125,5975.81982421875,10726000.0
2025-06-18 19:31:00+00:00,5982.31005859375,5982.31005859375,5978.419921875,5978.419921875,6218000.0
2025-06-18 19:32:00+00:00,5984.10986328125,5984.68994140625,5981.58984375,5982.47021484375,6340000.0
2025-06-18 19:33:00+00:00,5984.8798828125,5984.89013671875,5983.02978515625,5983.81982421875,5974000.0
2025-06-18 19:34:00+00:00,5984.66015625,5985.2998046875,5984.10009765625,5984.7001953125,5396000.0
2025-06-18 19:35:00+00:00,5986.89990234375,5986.9501953125,5983.25,5984.64013671875,7432000.0
2025-06-18 19:36:00+00:00,5988.18994140625,5989.47021484375,5987.2001953125,5987.2001953125,7055000.0
2025-06-18 19:37:00+00:00,5989.14013671875,5989.68994140625,5988.16015625,5988.16015625,6460000.0
2025-06-18 19:38:00+00:00,5988.22021484375,5990.08984375,5987.22021484375,5989.2099609375,6850000.0
2025-06-18 19:39:00+00:00,5988.1201171875,5988.7998046875,5987.2001953125,5988.10009765625,7113000.0
2025-06-18 19:40:00+00:00,5989.0498046875,5989.6298828125,5988.06982421875,5988.10009765625,7187000.0
2025-06-18 19:41:00+00:00,5989.740234375,5989.89990234375,5988.68994140625,5989.06005859375,6852000.0
2025-06-18 19:42:00+00:00,5988.33984375,5989.830078125,5986.16015625,5989.830078125,9670000.0
2025-06-18 19:43:00+00:00,5992.2001953125,5992.2001953125,5987.8701171875,5988.22021484375,8259000.0
2025-06-18 19:44:00+00:00,5993.35009765625,5993.35009765625,5991.77001953125,5992.18994140625,7659000.0
2025-06-18 19:45:00+00:00,5991.43994140625,5993.7001953125,5990.47021484375,5993.39990234375,10316000.0
2025-06-18 19:46:00+00:00,5990.1201171875,5991.3701171875,5988.8701171875,5991.3701171875,8984000.0
2025-06-18 19:47:00+00:00,5991.490234375,5991.52001953125,5990.3701171875,5991.43017578125,9265000.0
2025-06-18 19:48:00+00:00,5991.64990234375,5991.7001953125,5990.35986328125,5991.39990234375,8147000.0
2025-06-18 19:49:00+00:00,5989.60009765625,5992.009765625,5989.5498046875,5991.830078125,10511000.0
2025-06-18 19:50:00+00:00,5987.16015625,5992.81982421875,5987.16015625,5989.669921875,21805000.0
2025-06-18 19:51:00+00:00,5984.81005859375,5987.10009765625,5983.08984375,5987.10009765625,14842000.0
2025-06-18 19:52:00+00:00,5985.240234375,5986.33984375,5982.56982421875,5984.66015625,15738000.0
2025-06-18 19:53:00+00:00,5986.31005859375,5986.91015625,5984.08984375,5984.6201171875,15936000.0
2025-06-18 19:54:00+00:00,5982.0498046875,5986.06982421875,5982.0498046875,5986.06982421875,20783000.0
2025-06-18 19:55:00+00:00,5982.31005859375,5985.47998046875,5980.93017578125,5981.9501953125,29469000.0
2025-06-18 19:56:00+00:00,5983.72998046875,5984.1201171875,5981.18017578125,5982.31005859375,25180000.0
2025-06-18 19:57:00+00:00,5980.35009765625,5983.6201171875,5979.7998046875,5983.6201171875,28906000.0
2025-06-18 19:58:00+00:00,5978.47998046875,5981.27978515625,5978.18994140625,5980.27978515625,43179000.0
2025-06-18 19:59:00+00:00,5980.330078125,5981.27978515625,5977.39013671875,5978.60986328125,83417000.0
2025-06-20 13:30:00+00:00,6007.3798828125,6008.52978515625,5999.669921875,5999.669921875,403448589.0
2025-06-20 13:31:00+00:00,6002.759765625,6009.22021484375,6001.52978515625,6007.580078125,35277590.0
2025-06-20 13:32:00+00:00,6004.97998046875,6008.7900390625,6002.77978515625,6002.77978515625,15489972.0
2025-06-20 13:33:00+00:00,6003.16015625,6005.080078125,6002.6201171875,6005.080078125,22658731.0
2025-06-20 13:34:00+00:00,6006.39990234375,6006.39990234375,6001.52978515625,6002.830078125,12377569.0
2025-06-20 13:35:00+00:00,6008.6298828125,6009.85986328125,6006.56005859375,6006.56005859375,13293967.0
2025-06-20 13:36:00+00:00,6008.60986328125,6011.56982421875,6008.4501953125,6008.91015625,11364844.0
2025-06-20 13:37:00+00:00,6010.830078125,6011.5400390625,6008.759765625,6008.759765625,9742133.0
2025-06-20 13:38:00+00:00,6012.85009765625,6012.9501953125,6010.4599609375,6010.47021484375,9698222.0
2025-06-20 13:39:00+00:00,6014.830078125,6015.1201171875,6012.919921875,6012.919921875,9008439.0
2025-06-20 13:40:00+00:00,6016.18017578125,6017.06982421875,6014.759765625,6014.759765625,9044899.0
2025-06-20 13:41:00+00:00,6015.77978515625,6017.31982421875,6015.66015625,6016.080078125,7835856.0
2025-06-20 13:42:00+00:00,6015.72021484375,6016.33984375,6014.85009765625,6015.330078125,9278285.0
2025-06-20 13:43:00+00:00,6015.35986328125,6016.14990234375,6013.4501953125,6015.60009765625,7686812.0
2025-06-20 13:44:00+00:00,6017.02978515625,6018.2001953125,6015.77978515625,6015.77978515625,7026654.0
2025-06-20 13:45:00+00:00,6012.93017578125,6018.2001953125,6012.93017578125,6017.1201171875,8876756.0
2025-06-20 13:46:00+00:00,6010.2900390625,6012.93017578125,6010.2900390625,6012.7001953125,9581582.0
2025-06-20 13:47:00+00:00,6010.81982421875,6010.990234375,6009.81982421875,6010.2001953125,9319643.0
2025-06-20 13:48:00+00:00,6006.6298828125,6011.81982421875,6006.56982421875,6010.93017578125,7765933.0
2025-06-20 13:49:00+00:00,6004.0498046875,6006.6201171875,6003.7099609375,6006.5498046875,7416716.0
2025-06-20 13:50:00+00:00,6001.419921875,6004.2900390625,5999.9501953125,6004.08984375,7727808.0
2025-06-20 13:51:00+00:00,6001.27978515625,6002.0,6000.990234375,6001.5400390625,5008995.0
2025-06-20 13:52:00+00:00,6002.77001953125,6003.169921875,5999.77978515625,6000.10986328125,11095374.0
2025-06-20 13:53:00+00:00,5998.240234375,6002.669921875,5997.83984375,6002.669921875,6942947.0
2025-06-20 13:54:00+00:00,6000.97021484375,6002.14013671875,5998.91015625,5998.91015625,6117648.0
2025-06-20 13:55:00+00:00,6000.60986328125,6001.81982421875,6000.52978515625,6001.2099609375,7170818.0
2025-06-20 13:56:00+00:00,6000.8798828125,6001.27978515625,5999.740234375,6000.740234375,6595987.0
2025-06-20 13:57:00+00:00,6000.3798828125,6000.8701171875,5999.080078125,6000.8701171875,6777052.0
2025-06-20 13:58:00+00:00,5998.75,6000.33984375,5998.56005859375,6000.2099609375,6463890.0
2025-06-20 13:59:00+00:00,5996.85009765625,5998.68994140625,5995.89013671875,5998.68994140625,6733723.0
2025-06-20 14:00:00+00:00,5998.06005859375,5999.06982421875,5995.830078125,5996.93994140625,9201317.0
2025-06-20 14:01:00+00:00,5997.85009765625,5999.240234375,5996.3798828125,5998.06982421875,7768381.0
2025-06-20 14:02:00+00:00,5997.580078125,5999.0,5997.330078125,5997.7900390625,8711076.0
2025-06-20 14:03:00+00:00,5997.22021484375,5997.22021484375,5995.7099609375,5996.77978515625,7257951.0
2025-06-20 14:04:00+00:00,5998.7001953125,5999.0,5997.10009765625,5997.10009765625,7585587.0
2025-06-20 14:05:00+00:00,5996.77978515625,5999.3798828125,5996.77978515625,5998.75,8358450.0
2025-06-20 14:06:00+00:00,5995.27978515625,5996.7099609375,5993.9599609375,5996.7099609375,8298414.0
2025-06-20 14:07:00+00:00,5993.56005859375,5995.240234375,5993.41015625,5995.240234375,7449212.0
2025-06-20 14:08:00+00:00,5991.740234375,5993.75,5991.25,5993.60009765625,7020551.0
2025-06-20 14:09:00+00:00,5993.89013671875,5994.240234375,5991.7099609375,5991.89990234375,6743545.0
2025-06-20 14:10:00+00:00,5993.52001953125,5994.080078125,5992.14990234375,5993.7998046875,6841136.0
2025-06-20 14:11:00+00:00,5991.4599609375,5993.509765625,5990.2900390625,5993.419921875,7607329.0
2025-06-20 14:12:00+00:00,5993.56982421875,5993.56982421875,5990.72021484375,5991.35009765625,7068891.0
2025-06-20 14:13:00+00:00,5995.10009765625,5995.35986328125,5993.27001953125,5993.5,7305983.0
2025-06-20 14:14:00+00:00,5994.64990234375,5995.169921875,5994.06005859375,5995.169921875,6463021.0
2025-06-20 14:15:00+00:00,5994.009765625,5995.06982421875,5992.6201171875,5994.75,8086582.0
2025-06-20 14:16:00+00:00,5993.240234375,5993.3798828125,5992.41015625,5993.330078125,7524185.0
2025-06-20 14:17:00+00:00,5993.1298828125,5993.39013671875,5991.06982421875,5993.18017578125,6947071.0
2025-06-20 14:18:00+00:00,5996.2900390625,5996.419921875,5993.14013671875,5993.27001953125,6543815.0
2025-06-20 14:19:00+00:00,5996.2998046875,5996.9501953125,5995.8798828125,5996.31982421875,6091233.0
2025-06-20 14:20:00+00:00,5996.580078125,5996.97998046875,5995.06005859375,5996.2900390625,6363127.0
2025-06-20 14:21:00+00:00,5996.490234375,5997.47021484375,5996.4599609375,5996.490234375,7917820.0
2025-06-20 14:22:00+00:00,5995.18017578125,5996.5,5993.31005859375,5996.47021484375,6743315.0
2025-06-20 14:23:00+00:00,5990.0400390625,5995.10986328125,5989.93994140625,5995.06005859375,7076035.0
2025-06-20 14:24:00+00:00,5982.68994140625,5989.990234375,5982.47998046875,5989.990234375,8509594.0
2025-06-20 14:25:00+00:00,5981.580078125,5982.60009765625,5977.31005859375,5982.60009765625,9953560.0
2025-06-20 14:26:00+00:00,5979.6298828125,5981.43994140625,5978.27978515625,5981.43994140625,7460364.0
2025-06-20 14:27:00+00:00,5982.72021484375,5982.77001953125,5978.6201171875,5979.3701171875,7359465.0
2025-06-20 14:28:00+00:00,5986.81005859375,5986.81005859375,5982.7900390625,5982.7900390625,6795637.0
2025-06-20 14:29:00+00:00,5985.22998046875,5985.81005859375,5985.02978515625,5985.490234375,6207860.0
2025-06-20 14:30:00+00:00,5982.85009765625,5985.2099609375,5982.740234375,5985.2099609375,6169114.0
2025-06-20 14:31:00+00:00,5983.60009765625,5984.06982421875,5982.669921875,5982.89990234375,6302336.0
2025-06-20 14:32:00+00:00,5984.009765625,5985.60986328125,5983.7001953125,5983.7001953125,5719467.0
2025-06-20 14:33:00+00:00,5984.3701171875,5984.580078125,5983.16015625,5983.97998046875,5870124.0
2025-06-20 14:34:00+00:00,5981.6298828125,5984.47021484375,5981.60009765625,5984.41015625,5025523.0
2025-06-20 14:35:00+00:00,5983.240234375,5983.259765625,5981.259765625,5981.60986328125,6357190.0
2025-06-20 14:36:00+00:00,5983.77001953125,5984.9599609375,5982.83984375,5983.2998046875,6872162.0
2025-06-20 14:37:00+00:00,5986.39013671875,5986.669921875,5983.68994140625,5983.7998046875,5407911.0
2025-06-20 14:38:00+00:00,5987.6201171875,5987.66015625,5986.4501953125,5986.4501953125,5663371.0
2025-06-20 14:39:00+00:00,5986.43017578125,5987.7900390625,5986.10986328125,5987.5498046875,5562763.0
2025-06-20 14:40:00+00:00,5979.43994140625,5988.8701171875,5978.91015625,5986.39013671875,11049793.0
2025-06-20 14:41:00+00:00,5974.919921875,5980.06005859375,5974.10009765625,5979.33984375,11552305.0
2025-06-20 14:42:00+00:00,5973.39990234375,5974.89013671875,5971.830078125,5974.89013671875,8343000.0
2025-06-20 14:43:00+00:00,5975.35009765625,5975.85009765625,5972.43017578125,5973.35986328125,6473000.0
2025-06-20 14:44:00+00:00,5976.31982421875,5977.02978515625,5972.91015625,5973.9599609375,7869000.0
2025-06-20 14:45:00+00:00,5972.02978515625,5976.27001953125,5971.58984375,5976.27001953125,7706000.0
2025-06-20 14:46:00+00:00,5974.0400390625,5974.0498046875,5970.5,5972.02001953125,8146000.0
2025-06-20 14:47:00+00:00,5971.2900390625,5974.2099609375,5971.2900390625,5973.89990234375,6549000.0
2025-06-20 14:48:00+00:00,5972.52001953125,5972.52001953125,5969.60986328125,5971.22021484375,6768000.0
2025-06-20 14:49:00+00:00,5972.52978515625,5973.5400390625,5972.0400390625,5972.75,6109000.0
2025-06-20 14:50:00+00:00,5966.5,5972.58984375,5966.43017578125,5972.58984375,8352000.0
2025-06-20 14:51:00+00:00,5966.1298828125,5966.52001953125,5963.7900390625,5966.52001953125,7732000.0
2025-06-20 14:52:00+00:00,5968.330078125,5968.93994140625,5965.740234375,5965.91015625,6991000.0
2025-06-20 14:53:00+00:00,5967.27001953125,5970.10986328125,5967.27001953125,5968.27978515625,8163000.0
2025-06-20 14:54:00+00:00,5964.490234375,5967.2001953125,5963.72021484375,5967.18994140625,8835000.0
2025-06-20 14:55:00+00:00,5967.5,5967.56982421875,5963.81005859375,5964.6298828125,7666000.0
2025-06-20 14:56:00+00:00,5968.68994140625,5968.68994140625,5966.47021484375,5966.93017578125,7373000.0
2025-06-20 14:57:00+00:00,5969.7099609375,5969.81982421875,5967.60986328125,5968.6201171875,6303000.0
2025-06-20 14:58:00+00:00,5969.259765625,5971.419921875,5968.72998046875,5969.64013671875,7205000.0
2025-06-20 14:59:00+00:00,5967.56982421875,5969.35986328125,5966.89990234375,5969.35986328125,5970000.0
2025-06-20 15:00:00+00:00,5961.259765625,5967.56005859375,5960.77978515625,5967.56005859375,10095000.0
2025-06-20 15:01:00+00:00,5961.7001953125,5962.68994140625,5961.5498046875,5962.509765625,6601000.0
2025-06-20 15:02:00+00:00,5961.830078125,5963.2099609375,5960.1298828125,5961.89990234375,6229000.0
2025-06-20 15:03:00+00:00,5960.4501953125,5963.5498046875,5960.240234375,5961.77001953125,5890000.0
2025-06-20 15:04:00+00:00,5960.4501953125,5961.41015625,5959.18017578125,5960.56982421875,5225000.0
2025-06-20 15:05:00+00:00,5966.97998046875,5966.97998046875,5959.5498046875,5960.22998046875,7250000.0
2025-06-20 15:06:00+00:00,5965.830078125,5967.52001953125,5964.77001953125,5966.919921875,6281000.0
2025-06-20 15:07:00+00:00,5966.39013671875,5966.39013671875,5963.68017578125,5965.830078125,4792000.0
2025-06-20 15:08:00+00:00,5965.97998046875,5966.66015625,5965.39013671875,5966.39013671875,4354000.0
2025-06-20 15:09:00+00:00,5966.5,5966.5,5965.5498046875,5965.93017578125,5069000.0
2025-06-20 15:10:00+00:00,5969.64013671875,5969.8798828125,5966.02001953125,5966.5498046875,5695000.0
2025-06-20 15:11:00+00:00,5971.64013671875,5971.77978515625,5969.240234375,5969.509765625,6075000.0
2025-06-20 15:12:00+00:00,5970.990234375,5971.60009765625,5970.5,5971.52001953125,5474000.0
2025-06-20 15:13:00+00:00,5972.43994140625,5972.60986328125,5970.91015625,5971.0400390625,5442000.0
2025-06-20 15:14:00+00:00,5974.7900390625,5974.7900390625,5971.740234375,5972.5,5976000.0
2025-06-20 15:15:00+00:00,5974.3798828125,5974.97021484375,5973.85986328125,5974.81982421875,5560000.0
2025-06-20 15:16:00+00:00,5974.93017578125,5975.169921875,5974.35009765625,5974.35009765625,2665000.0
2025-06-20 15:18:00+00:00,5977.7900390625,5977.7900390625,5977.14990234375,5977.3798828125,12627000.0
2025-06-20 15:22:00+00:00,5974.77978515625,5975.22998046875,5974.56005859375,5974.56005859375,24425000.0
2025-06-20 15:23:00+00:00,5975.2001953125,5975.2001953125,5974.27001953125,5974.39013671875,2675000.0
2025-06-20 15:24:00+00:00,5976.4501953125,5976.4501953125,5976.27001953125,5976.31982421875,7088000.0
2025-06-20 15:25:00+00:00,5977.7900390625,5977.7900390625,5976.3798828125,5976.47998046875,3989000.0
2025-06-20 15:27:00+00:00,5977.4599609375,5978.240234375,5977.4599609375,5978.14990234375,10523000.0
2025-06-20 15:28:00+00:00,5977.2099609375,5977.5400390625,5977.10009765625,5977.509765625,784000.0
2025-06-20 15:29:00+00:00,5974.830078125,5975.7900390625,5974.81982421875,5975.7900390625,9359000.0
2025-06-20 15:30:00+00:00,5977.7099609375,5978.509765625,5976.0498046875,5976.0498046875,7675000.0
2025-06-20 15:33:00+00:00,5981.2900390625,5981.47021484375,5980.830078125,5980.830078125,14684000.0
2025-06-20 15:34:00+00:00,5981.830078125,5982.2900390625,5981.419921875,5981.419921875,6815000.0
2025-06-20 15:35:00+00:00,5980.97021484375,5982.47021484375,5980.9599609375,5982.009765625,5414000.0
2025-06-20 15:36:00+00:00,5982.31005859375,5982.47021484375,5982.31005859375,5982.35986328125,7412000.0
2025-06-20 15:37:00+00:00,5983.490234375,5983.81982421875,5982.2998046875,5982.2998046875,5317000.0
2025-06-20 15:38:00+00:00,5984.1298828125,5984.22998046875,5983.2900390625,5983.2900390625,4370000.0
2025-06-20 15:39:00+00:00,5986.43017578125,5986.43017578125,5983.93017578125,5984.1201171875,7541000.0
2025-06-20 15:40:00+00:00,5986.740234375,5986.9501953125,5986.0498046875,5986.41015625,4792000.0
2025-06-20 15:41:00+00:00,5986.93994140625,5986.9599609375,5986.72021484375,5986.740234375,1754000.0
2025-06-20 15:42:00+00:00,5984.64013671875,5984.93017578125,5984.43994140625,5984.93017578125,6854000.0
2025-06-20 15:43:00+00:00,5986.5498046875,5986.7998046875,5985.2099609375,5985.35009765625,6996000.0
2025-06-20 15:44:00+00:00,5986.7998046875,5986.81005859375,5986.580078125,5986.580078125,951000.0
2025-06-20 15:46:00+00:00,5983.8701171875,5984.02001953125,5983.740234375,5983.9501953125,12232000.0
2025-06-20 15:47:00+00:00,5985.18994140625,5985.43017578125,5982.35986328125,5983.8798828125,4988000.0
2025-06-20 15:48:00+00:00,5983.72021484375,5985.2001953125,5983.5400390625,5985.16015625,2490000.0
2025-06-20 15:50:00+00:00,5981.8701171875,5982.0,5981.7998046875,5982.0,9621000.0
2025-06-20 15:51:00+00:00,5979.740234375,5981.85986328125,5979.740234375,5981.85986328125,4367000.0
2025-06-20 15:52:00+00:00,5980.10986328125,5980.81982421875,5979.39013671875,5979.64013671875,3695000.0
2025-06-20 15:53:00+00:00,5976.8701171875,5980.10009765625,5976.3798828125,5980.10009765625,4880000.0
2025-06-20 15:54:00+00:00,5973.509765625,5976.77978515625,5973.31005859375,5976.77978515625,5106000.0
2025-06-20 15:55:00+00:00,5974.080078125,5974.31005859375,5972.7099609375,5973.35009765625,4366000.0
2025-06-20 15:56:00+00:00,5972.81005859375,5974.02001953125,5971.64013671875,5974.009765625,4613000.0
2025-06-20 15:57:00+00:00,5971.25,5972.6201171875,5971.22021484375,5972.6201171875,4823000.0
2025-06-20 15:58:00+00:00,5970.75,5971.60009765625,5970.31005859375,5971.39013671875,3996000.0
2025-06-20 15:59:00+00:00,5970.4599609375,5971.1201171875,5970.02001953125,5970.77978515625,5218000.0
2025-06-20 16:00:00+00:00,5969.81005859375,5971.52978515625,5969.22998046875,5970.60009765625,5780000.0
2025-06-20 16:01:00+00:00,5968.85009765625,5971.25,5968.830078125,5969.759765625,4822000.0
2025-06-20 16:02:00+00:00,5969.60986328125,5970.43994140625,5968.669921875,5968.81005859375,3461000.0
2025-06-20 16:03:00+00:00,5970.6201171875,5970.7001953125,5968.75,5969.740234375,5239000.0
2025-06-20 16:04:00+00:00,5970.39990234375,5970.58984375,5968.60009765625,5970.58984375,3851000.0
2025-06-20 16:05:00+00:00,5971.18994140625,5971.8798828125,5969.7001953125,5970.259765625,4182000.0
2025-06-20 16:06:00+00:00,5969.27978515625,5971.509765625,5969.240234375,5971.22998046875,5587000.0
2025-06-20 16:07:00+00:00,5970.60009765625,5970.830078125,5969.08984375,5969.35986328125,3632000.0
2025-06-20 16:08:00+00:00,5971.2099609375,5971.3701171875,5970.83984375,5971.10009765625,3522000.0
2025-06-20 16:09:00+00:00,5973.43994140625,5973.43994140625,5970.7998046875,5971.2001953125,5928000.0
2025-06-20 16:10:00+00:00,5975.06982421875,5975.18017578125,5972.81982421875,5973.35009765625,4097000.0
2025-06-20 16:11:00+00:00,5976.56982421875,5976.66015625,5974.990234375,5975.14990234375,3933000.0
2025-06-20 16:12:00+00:00,5973.83984375,5976.7099609375,5973.81005859375,5976.490234375,3904000.0
2025-06-20 16:13:00+00:00,5971.64013671875,5973.85009765625,5971.14013671875,5973.85009765625,5687000.0
2025-06-20 16:14:00+00:00,5969.81005859375,5971.60986328125,5969.2001953125,5971.60986328125,3658000.0
2025-06-20 16:15:00+00:00,5969.509765625,5970.56005859375,5968.75,5969.81982421875,3644000.0
2025-06-20 16:16:00+00:00,5967.8798828125,5968.35009765625,5967.8798828125,5967.89013671875,2274000.0
2025-06-20 16:17:00+00:00,5968.259765625,5968.43994140625,5966.18994140625,5967.39013671875,5077000.0
2025-06-20 16:18:00+00:00,5968.7001953125,5968.89013671875,5967.60986328125,5968.27001953125,3402000.0
2025-06-20 16:19:00+00:00,5971.240234375,5971.240234375,5969.08984375,5969.08984375,3350000.0
2025-06-20 16:20:00+00:00,5969.97021484375,5971.5498046875,5969.68994140625,5971.27978515625,3689000.0
2025-06-20 16:21:00+00:00,5970.330078125,5971.02001953125,5968.89990234375,5969.9501953125,4237000.0
2025-06-20 16:22:00+00:00,5971.31005859375,5971.35986328125,5969.64013671875,5970.419921875,3243000.0
2025-06-20 16:23:00+00:00,5968.490234375,5971.259765625,5967.72998046875,5971.25,4650000.0
2025-06-20 16:24:00+00:00,5972.72998046875,5972.72998046875,5968.490234375,5968.52978515625,4177000.0
2025-06-20 16:25:00+00:00,5971.4599609375,5973.2998046875,5970.5498046875,5972.56005859375,3857000.0
2025-06-20 16:26:00+00:00,5972.419921875,5972.7001953125,5971.39013671875,5971.509765625,2853000.0
2025-06-20 16:27:00+00:00,5974.2099609375,5974.35986328125,5971.72021484375,5972.35009765625,3868000.0
2025-06-20 16:28:00+00:00,5972.22021484375,5974.35986328125,5972.169921875,5974.2001953125,3538000.0
2025-06-20 16:29:00+00:00,5972.830078125,5972.8798828125,5971.64013671875,5972.27978515625,3509000.0
2025-06-20 16:30:00+00:00,5974.169921875,5974.27978515625,5972.81982421875,5972.81982421875,2975000.0
2025-06-20 16:31:00+00:00,5974.89013671875,5974.919921875,5973.06982421875,5974.10986328125,4741000.0
2025-06-20 16:32:00+00:00,5975.2099609375,5976.47998046875,5974.89013671875,5974.93017578125,3742000.0
2025-06-20 16:33:00+00:00,5974.97998046875,5975.419921875,5974.81005859375,5975.18994140625,3367000.0
2025-06-20 16:34:00+00:00,5975.52001953125,5976.16015625,5975.0400390625,5975.0400390625,4581000.0
2025-06-20 16:35:00+00:00,5977.009765625,5977.009765625,5975.009765625,5975.52978515625,3970000.0
2025-06-20 16:36:00+00:00,5977.68994140625,5978.06005859375,5976.9501953125,5976.9501953125,3360000.0
2025-06-20 16:37:00+00:00,5978.2001953125,5978.33984375,5977.10009765625,5977.5498046875,3303000.0
2025-06-20 16:38:00+00:00,5977.85986328125,5977.8798828125,5977.68994140625,5977.759765625,3341000.0
2025-06-20 16:39:00+00:00,5978.2001953125,5978.669921875,5977.93017578125,5977.93017578125,2939000.0
2025-06-20 16:40:00+00:00,5977.2001953125,5978.22998046875,5976.669921875,5978.2099609375,3310000.0
2025-06-20 16:41:00+00:00,5976.580078125,5977.85986328125,5976.5400390625,5977.27001953125,2630000.0
2025-06-20 16:42:00+00:00,5974.64013671875,5977.169921875,5974.580078125,5976.6201171875,3461000.0
2025-06-20 16:43:00+00:00,5974.509765625,5974.60009765625,5973.0498046875,5974.56982421875,3800000.0
2025-06-20 16:44:00+00:00,5975.77978515625,5975.81982421875,5974.08984375,5974.52001953125,2709000.0
2025-06-20 16:45:00+00:00,5977.35009765625,5977.43994140625,5974.990234375,5975.85009765625,3761000.0
2025-06-20 16:46:00+00:00,5977.2998046875,5978.64013671875,5977.22021484375,5977.43017578125,3251000.0
2025-06-20 16:47:00+00:00,5975.0400390625,5977.31005859375,5975.0400390625,5977.31005859375,4000000.0
2025-06-20 16:48:00+00:00,5974.080078125,5975.14013671875,5973.68994140625,5974.97998046875,4393000.0
2025-06-20 16:49:00+00:00,5973.740234375,5974.81005859375,5973.68994140625,5974.02001953125,3456000.0
2025-06-20 16:50:00+00:00,5975.6201171875,5976.0,5973.52978515625,5973.7998046875,3314000.0
2025-06-20 16:51:00+00:00,5974.52978515625,5975.5498046875,5973.56982421875,5975.5498046875,5963000.0
2025-06-20 16:52:00+00:00,5975.85009765625,5976.080078125,5974.39990234375,5974.52001953125,3129000.0
2025-06-20 16:53:00+00:00,5977.509765625,5977.60009765625,5975.0400390625,5975.83984375,3443000.0
2025-06-20 16:54:00+00:00,5978.60009765625,5978.93017578125,5977.6201171875,5977.6201171875,3025000.0
2025-06-20 16:55:00+00:00,5978.2900390625,5979.43994140625,5978.10009765625,5978.509765625,3080000.0
2025-06-20 16:56:00+00:00,5978.58984375,5978.72998046875,5977.68994140625,5978.25,6486000.0
2025-06-20 16:57:00+00:00,5979.72021484375,5980.08984375,5978.56982421875,5978.56982421875,2825000.0
2025-06-20 16:58:00+00:00,5979.52978515625,5980.33984375,5979.509765625,5979.81005859375,4834000.0
2025-06-20 16:59:00+00:00,5976.41015625,5979.9501953125,5973.6298828125,5979.47998046875,10143000.0
2025-06-20 17:00:00+00:00,5980.5498046875,5980.5498046875,5975.56982421875,5976.3798828125,5605000.0
2025-06-20 17:01:00+00:00,5980.27001953125,5981.22998046875,5980.0400390625,5980.5400390625,3238000.0
2025-06-20 17:02:00+00:00,5979.68994140625,5980.31005859375,5978.81005859375,5980.259765625,2991000.0
2025-06-20 17:03:00+00:00,5977.31005859375,5979.669921875,5977.27001953125,5979.5498046875,3505000.0
2025-06-20 17:04:00+00:00,5974.64013671875,5977.41015625,5974.5400390625,5977.31005859375,3693000.0
2025-06-20 17:05:00+00:00,5972.68994140625,5974.66015625,5972.509765625,5974.66015625,3947000.0
2025-06-20 17:06:00+00:00,5971.740234375,5972.77978515625,5971.47998046875,5972.75,3066000.0
2025-06-20 17:07:00+00:00,5972.580078125,5972.6298828125,5971.580078125,5971.68017578125,3508000.0
2025-06-20 17:08:00+00:00,5973.91015625,5974.27978515625,5972.58984375,5972.58984375,3815000.0
2025-06-20 17:09:00+00:00,5974.169921875,5974.68017578125,5973.740234375,5973.919921875,4120000.0
2025-06-20 17:10:00+00:00,5974.7001953125,5974.7001953125,5973.080078125,5974.14013671875,3402000.0
2025-06-20 17:11:00+00:00,5974.6201171875,5974.990234375,5974.2099609375,5974.64013671875,3749000.0
2025-06-20 17:12:00+00:00,5977.1298828125,5977.1298828125,5974.5,5974.5498046875,3702000.0
2025-06-20 17:13:00+00:00,5977.77978515625,5978.02001953125,5977.10986328125,5977.10986328125,3668000.0
2025-06-20 17:14:00+00:00,5977.35986328125,5978.06982421875,5977.14990234375,5977.83984375,4298000.0
2025-06-20 17:15:00+00:00,5979.740234375,5981.43994140625,5977.35009765625,5977.3798828125,7328000.0
2025-06-20 17:16:00+00:00,5977.3798828125,5980.0498046875,5977.3798828125,5979.8798828125,4947000.0
2025-06-20 17:17:00+00:00,5973.25,5977.39013671875,5973.0498046875,5977.39013671875,5430000.0
2025-06-20 17:18:00+00:00,5972.009765625,5973.56982421875,5971.91015625,5973.3701171875,3583000.0
2025-06-20 17:19:00+00:00,5971.5400390625,5972.81982421875,5971.509765625,5972.14990234375,3620000.0
2025-06-20 17:20:00+00:00,5971.740234375,5972.5498046875,5970.27001953125,5971.6201171875,4352000.0
2025-06-20 17:21:00+00:00,5970.669921875,5971.75,5970.5,5971.7099609375,2963000.0
2025-06-20 17:22:00+00:00,5971.16015625,5971.580078125,5970.52978515625,5970.68017578125,2662000.0
2025-06-20 17:23:00+00:00,5968.43017578125,5971.14990234375,5968.27001953125,5971.14990234375,4565000.0
2025-06-20 17:24:00+00:00,5969.2099609375,5969.419921875,5968.47021484375,5968.56982421875,2832000.0
2025-06-20 17:25:00+00:00,5969.1201171875,5969.83984375,5969.009765625,5969.16015625,3856000.0
2025-06-20 17:26:00+00:00,5966.6298828125,5969.27978515625,5966.52978515625,5969.16015625,3905000.0
2025-06-20 17:27:00+00:00,5963.68017578125,5963.77001953125,5963.56005859375,5963.75,5390000.0
2025-06-20 17:28:00+00:00,5960.330078125,5963.72021484375,5959.77001953125,5963.68994140625,6008000.0
2025-06-20 17:29:00+00:00,5959.68017578125,5961.06982421875,5959.64013671875,5960.2099609375,5639000.0
2025-06-20 17:30:00+00:00,5958.3701171875,5959.66015625,5956.14990234375,5959.66015625,7127000.0
2025-06-20 17:31:00+00:00,5959.68994140625,5959.759765625,5956.64013671875,5958.3701171875,4284000.0
2025-06-20 17:32:00+00:00,5959.02978515625,5959.66015625,5958.06005859375,5959.5400390625,3353000.0
2025-06-20 17:33:00+00:00,5957.14013671875,5959.009765625,5956.990234375,5959.009765625,3529000.0
2025-06-20 17:34:00+00:00,5958.4599609375,5958.81982421875,5956.97998046875,5957.1298828125,3790000.0
2025-06-20 17:35:00+00:00,5958.02978515625,5959.919921875,5957.9501953125,5958.5498046875,4280000.0
2025-06-20 17:36:00+00:00,5956.02978515625,5958.06982421875,5955.64990234375,5958.06982421875,5165000.0
2025-06-20 17:37:00+00:00,5955.39990234375,5956.009765625,5952.56005859375,5956.009765625,6025000.0
2025-06-20 17:38:00+00:00,5954.97021484375,5955.5400390625,5954.02978515625,5955.2099609375,3522000.0
2025-06-20 17:39:00+00:00,5953.8701171875,5954.740234375,5953.18994140625,5954.740234375,3695000.0
2025-06-20 17:40:00+00:00,5956.52978515625,5956.52978515625,5953.7998046875,5953.7998046875,3526000.0
2025-06-20 17:41:00+00:00,5958.43994140625,5958.43994140625,5955.9599609375,5956.580078125,3813000.0
2025-06-20 17:42:00+00:00,5961.39013671875,5961.830078125,5958.39990234375,5958.47998046875,4749000.0
2025-06-20 17:43:00+00:00,5960.91015625,5962.169921875,5960.7099609375,5961.330078125,4597000.0
2025-06-20 17:44:00+00:00,5958.419921875,5961.16015625,5958.39990234375,5960.91015625,3965000.0
2025-06-20 17:45:00+00:00,5959.02001953125,5960.0,5958.0,5958.080078125,3158000.0
2025-06-20 17:46:00+00:00,5959.85009765625,5960.5498046875,5958.9501953125,5958.9501953125,3791000.0
2025-06-20 17:47:00+00:00,5958.72998046875,5960.0400390625,5958.72998046875,5959.77978515625,3997000.0
2025-06-20 17:48:00+00:00,5958.009765625,5959.06005859375,5957.39990234375,5958.64013671875,3195000.0
2025-06-20 17:49:00+00:00,5958.419921875,5958.419921875,5957.39013671875,5957.97998046875,3367000.0
2025-06-20 17:50:00+00:00,5959.8701171875,5959.97021484375,5958.41015625,5958.43994140625,3274000.0
2025-06-20 17:51:00+00:00,5960.5400390625,5961.31005859375,5959.47998046875,5959.7900390625,3181000.0
2025-06-20 17:52:00+00:00,5959.990234375,5960.66015625,5959.10009765625,5960.4599609375,4890000.0
2025-06-20 17:53:00+00:00,5961.2099609375,5961.27001953125,5958.740234375,5959.97998046875,3393000.0
2025-06-20 17:54:00+00:00,5960.89013671875,5961.509765625,5960.52001953125,5961.22021484375,2687000.0
2025-06-20 17:55:00+00:00,5961.3798828125,5961.60986328125,5960.89013671875,5960.9599609375,3234000.0
2025-06-20 17:56:00+00:00,5962.1298828125,5963.02978515625,5961.64990234375,5961.68017578125,3836000.0
2025-06-20 17:57:00+00:00,5963.14013671875,5963.169921875,5962.0400390625,5962.08984375,2978000.0
2025-06-20 17:58:00+00:00,5963.75,5964.02978515625,5962.97998046875,5963.1201171875,2837000.0
2025-06-20 17:59:00+00:00,5963.91015625,5964.0498046875,5963.60009765625,5963.77978515625,3359000.0
2025-06-20 18:00:00+00:00,5963.830078125,5964.83984375,5963.02001953125,5963.89990234375,3838000.0
2025-06-20 18:01:00+00:00,5964.89013671875,5965.02978515625,5963.75,5963.8701171875,3755000.0
2025-06-20 18:02:00+00:00,5964.75,5965.990234375,5964.75,5964.919921875,4323000.0
2025-06-20 18:03:00+00:00,5964.35986328125,5964.81005859375,5964.14013671875,5964.77001953125,3344000.0
2025-06-20 18:04:00+00:00,5966.9599609375,5967.22998046875,5964.18017578125,5964.27001953125,4132000.0
2025-06-20 18:05:00+00:00,5966.0,5966.990234375,5965.830078125,5966.990234375,3663000.0
2025-06-20 18:06:00+00:00,5966.18017578125,5967.2900390625,5965.9501953125,5965.9501953125,4240000.0
2025-06-20 18:07:00+00:00,5966.77001953125,5967.31982421875,5966.2001953125,5966.240234375,3656000.0
2025-06-20 18:08:00+00:00,5966.1298828125,5967.35986328125,5965.759765625,5966.7998046875,3661000.0
2025-06-20 18:09:00+00:00,5966.60009765625,5966.60009765625,5965.64990234375,5966.14013671875,3608000.0
2025-06-20 18:10:00+00:00,5967.009765625,5967.68994140625,5966.5498046875,5966.5498046875,4313000.0
2025-06-20 18:11:00+00:00,5967.4599609375,5967.490234375,5966.43017578125,5966.990234375,3294000.0
2025-06-20 18:12:00+00:00,5967.259765625,5967.68994140625,5967.0,5967.5,3591000.0
2025-06-20 18:13:00+00:00,5967.39013671875,5967.75,5966.83984375,5967.2900390625,3538000.0
2025-06-20 18:14:00+00:00,5967.60009765625,5968.02001953125,5967.2099609375,5967.33984375,3333000.0
2025-06-20 18:15:00+00:00,5968.14990234375,5968.43017578125,5967.5,5967.5498046875,3429000.0
2025-06-20 18:16:00+00:00,5968.240234375,5968.39013671875,5967.39990234375,5968.18017578125,3705000.0
2025-06-20 18:17:00+00:00,5970.85986328125,5970.93017578125,5968.33984375,5968.33984375,4469000.0
2025-06-20 18:18:00+00:00,5972.77001953125,5972.81982421875,5970.93017578125,5970.93017578125,4483000.0
2025-06-20 18:19:00+00:00,5976.06982421875,5976.06982421875,5972.580078125,5972.740234375,5757000.0
2025-06-20 18:20:00+00:00,5975.08984375,5976.47998046875,5975.08984375,5976.10009765625,4440000.0
2025-06-20 18:21:00+00:00,5975.35986328125,5975.9501953125,5975.009765625,5975.14013671875,3188000.0
2025-06-20 18:22:00+00:00,5974.009765625,5975.52001953125,5974.009765625,5975.31982421875,3268000.0
2025-06-20 18:23:00+00:00,5974.97998046875,5975.5,5973.97021484375,5973.97021484375,4481000.0
2025-06-20 18:24:00+00:00,5975.85986328125,5975.9599609375,5974.97998046875,5974.97998046875,3260000.0
2025-06-20 18:25:00+00:00,5974.9501953125,5975.97021484375,5974.89013671875,5975.8798828125,3712000.0
2025-06-20 18:26:00+00:00,5975.27978515625,5975.31005859375,5974.52978515625,5974.919921875,4170000.0
2025-06-20 18:27:00+00:00,5974.64990234375,5975.56982421875,5974.47998046875,5975.2998046875,2952000.0
2025-06-20 18:28:00+00:00,5972.7900390625,5974.58984375,5972.4501953125,5974.58984375,4284000.0
2025-06-20 18:29:00+00:00,5972.2099609375,5973.77978515625,5971.60986328125,5972.830078125,4010000.0
2025-06-20 18:30:00+00:00,5973.330078125,5973.77978515625,5972.25,5972.25,4564000.0
2025-06-20 18:31:00+00:00,5972.169921875,5973.56005859375,5971.72021484375,5973.35986328125,4230000.0
2025-06-20 18:32:00+00:00,5975.27001953125,5975.27978515625,5972.27978515625,5972.27978515625,4522000.0
2025-06-20 18:33:00+00:00,5974.47021484375,5975.47998046875,5974.39013671875,5975.22021484375,5076000.0
2025-06-20 18:34:00+00:00,5974.41015625,5975.580078125,5974.41015625,5974.490234375,4176000.0
2025-06-20 18:35:00+00:00,5973.990234375,5974.56005859375,5973.18994140625,5974.4501953125,3641000.0
2025-06-20 18:36:00+00:00,5974.31005859375,5975.02978515625,5973.580078125,5973.93017578125,3669000.0
2025-06-20 18:37:00+00:00,5971.10009765625,5974.330078125,5971.10009765625,5974.22021484375,4539000.0
2025-06-20 18:38:00+00:00,5971.52001953125,5971.759765625,5970.75,5970.830078125,3142000.0
2025-06-20 18:39:00+00:00,5971.81005859375,5972.52978515625,5971.47021484375,5971.5498046875,3203000.0
2025-06-20 18:40:00+00:00,5970.740234375,5971.9501953125,5970.1201171875,5971.759765625,4167000.0
2025-06-20 18:41:00+00:00,5971.56982421875,5971.6298828125,5970.75,5970.75,3611000.0
2025-06-20 18:42:00+00:00,5971.93017578125,5972.4599609375,5971.509765625,5971.52001953125,4208000.0
2025-06-20 18:43:00+00:00,5969.14013671875,5972.0,5969.14013671875,5972.0,4473000.0
2025-06-20 18:44:00+00:00,5969.97021484375,5970.27978515625,5969.0,5969.1298828125,4053000.0
2025-06-20 18:45:00+00:00,5969.97021484375,5969.97021484375,5968.89990234375,5969.93994140625,3173000.0
2025-06-20 18:46:00+00:00,5971.5,5971.5,5970.009765625,5970.009765625,3813000.0
2025-06-20 18:47:00+00:00,5970.2900390625,5971.509765625,5970.22998046875,5971.509765625,3156000.0
2025-06-20 18:48:00+00:00,5969.2099609375,5970.39990234375,5969.14013671875,5970.27978515625,3142000.0
2025-06-20 18:49:00+00:00,5969.47021484375,5969.68017578125,5968.7998046875,5969.259765625,3409000.0
2025-06-20 18:50:00+00:00,5968.330078125,5969.47021484375,5968.330078125,5969.47021484375,3662000.0
2025-06-20 18:51:00+00:00,5968.47998046875,5968.64990234375,5967.93994140625,5968.330078125,3395000.0
2025-06-20 18:52:00+00:00,5967.72998046875,5968.580078125,5967.60986328125,5968.43017578125,3601000.0
2025-06-20 18:53:00+00:00,5967.4501953125,5967.8701171875,5966.85009765625,5967.77001953125,3286000.0
2025-06-20 18:54:00+00:00,5967.91015625,5968.7099609375,5967.4501953125,5967.490234375,4207000.0
2025-06-20 18:55:00+00:00,5966.919921875,5967.89013671875,5966.72998046875,5967.81982421875,4512000.0
2025-06-20 18:56:00+00:00,5958.25,5966.89013671875,5958.08984375,5966.89013671875,8407000.0
2025-06-20 18:57:00+00:00,5959.93994140625,5961.47998046875,5958.22998046875,5958.39013671875,6115000.0
2025-06-20 18:58:00+00:00,5959.25,5960.72998046875,5959.0400390625,5959.85009765625,6641000.0
2025-06-20 18:59:00+00:00,5959.43017578125,5959.43017578125,5958.2001953125,5959.240234375,4749000.0
2025-06-20 19:00:00+00:00,5959.4599609375,5959.740234375,5957.58984375,5959.35986328125,6428000.0
2025-06-20 19:01:00+00:00,5961.58984375,5962.5400390625,5959.5,5959.5,5469000.0
2025-06-20 19:02:00+00:00,5961.5,5963.27001953125,5961.43994140625,5961.47998046875,4149000.0
2025-06-20 19:03:00+00:00,5960.080078125,5961.64013671875,5960.080078125,5961.58984375,4365000.0
2025-06-20 19:04:00+00:00,5960.89013671875,5961.18994140625,5959.72021484375,5960.08984375,4317000.0
2025-06-20 19:05:00+00:00,5960.9599609375,5960.9599609375,5959.06982421875,5960.7099609375,5050000.0
2025-06-20 19:06:00+00:00,5961.58984375,5962.830078125,5960.89990234375,5960.93994140625,4914000.0
2025-06-20 19:07:00+00:00,5960.06982421875,5962.06005859375,5959.669921875,5961.6201171875,4820000.0
2025-06-20 19:08:00+00:00,5959.6201171875,5960.47021484375,5959.5498046875,5960.10986328125,3996000.0
2025-06-20 19:09:00+00:00,5960.0,5960.7099609375,5959.43017578125,5959.60986328125,5104000.0
2025-06-20 19:10:00+00:00,5960.4501953125,5960.58984375,5959.2001953125,5960.08984375,4088000.0
2025-06-20 19:11:00+00:00,5960.41015625,5960.830078125,5960.080078125,5960.330078125,4304000.0
2025-06-20 19:12:00+00:00,5961.47998046875,5962.009765625,5960.16015625,5960.16015625,5140000.0
2025-06-20 19:13:00+00:00,5961.330078125,5962.759765625,5961.02001953125,5961.490234375,6039000.0
2025-06-20 19:14:00+00:00,5960.3798828125,5961.330078125,5959.7900390625,5961.330078125,4382000.0
2025-06-20 19:15:00+00:00,5959.330078125,5960.5498046875,5958.60009765625,5960.4599609375,4624000.0
2025-06-20 19:16:00+00:00,5959.580078125,5960.58984375,5959.2998046875,5959.2998046875,4758000.0
2025-06-20 19:17:00+00:00,5960.58984375,5960.64013671875,5959.5,5959.6201171875,4938000.0
2025-06-20 19:18:00+00:00,5960.6298828125,5961.14013671875,5960.25,5960.740234375,4536000.0
2025-06-20 19:19:00+00:00,5961.4599609375,5961.91015625,5960.490234375,5960.7001953125,4660000.0
2025-06-20 19:20:00+00:00,5961.47021484375,5962.2099609375,5961.0498046875,5961.43994140625,4716000.0
2025-06-20 19:21:00+00:00,5959.85986328125,5961.52978515625,5959.2998046875,5961.4599609375,5381000.0
2025-06-20 19:22:00+00:00,5959.56982421875,5960.5498046875,5959.14990234375,5959.89990234375,5293000.0
2025-06-20 19:23:00+00:00,5961.06982421875,5961.64990234375,5959.33984375,5959.56005859375,5298000.0
2025-06-20 19:24:00+00:00,5961.0400390625,5962.669921875,5960.89013671875,5961.14013671875,4616000.0
2025-06-20 19:25:00+00:00,5960.22998046875,5961.580078125,5960.2099609375,5961.02978515625,5246000.0
2025-06-20 19:26:00+00:00,5959.330078125,5960.2900390625,5958.16015625,5960.2900390625,6416000.0
2025-06-20 19:27:00+00:00,5958.3798828125,5959.31005859375,5958.240234375,5959.2998046875,4921000.0
2025-06-20 19:28:00+00:00,5957.35009765625,5958.81982421875,5956.6201171875,5958.31982421875,6157000.0
2025-06-20 19:29:00+00:00,5958.39013671875,5958.93994140625,5957.25,5957.35009765625,6106000.0
2025-06-20 19:30:00+00:00,5960.18017578125,5960.580078125,5958.43017578125,5958.43994140625,6853000.0
2025-06-20 19:31:00+00:00,5960.4501953125,5961.0400390625,5959.43994140625,5960.330078125,7784000.0
2025-06-20 19:32:00+00:00,5959.83984375,5961.3701171875,5959.52001953125,5960.7099609375,7092000.0
2025-06-20 19:33:00+00:00,5959.60986328125,5960.169921875,5959.10009765625,5960.14990234375,6662000.0
2025-06-20 19:34:00+00:00,5960.75,5960.990234375,5959.35009765625,5959.58984375,7640000.0
2025-06-20 19:35:00+00:00,5959.5400390625,5961.22998046875,5959.47998046875,5960.81982421875,7077000.0
2025-06-20 19:36:00+00:00,5959.68017578125,5960.39013671875,5959.33984375,5959.68017578125,6315000.0
2025-06-20 19:37:00+00:00,5959.5400390625,5959.7099609375,5958.009765625,5959.7099609375,6821000.0
2025-06-20 19:38:00+00:00,5961.2099609375,5962.10986328125,5959.56005859375,5959.68994140625,7683000.0
2025-06-20 19:39:00+00:00,5959.169921875,5961.169921875,5959.08984375,5961.169921875,6495000.0
2025-06-20 19:40:00+00:00,5958.56005859375,5959.259765625,5957.18017578125,5959.0,8957000.0
2025-06-20 19:41:00+00:00,5958.9599609375,5959.5400390625,5958.72021484375,5958.72021484375,7343000.0
2025-06-20 19:42:00+00:00,5959.27978515625,5959.4501953125,5958.9599609375,5959.06005859375,8120000.0
2025-06-20 19:43:00+00:00,5959.5,5960.31005859375,5959.18017578125,5959.25,8516000.0
2025-06-20 19:44:00+00:00,5960.41015625,5960.9599609375,5959.3701171875,5959.77978515625,8314000.0
2025-06-20 19:45:00+00:00,5961.0400390625,5961.18994140625,5958.7998046875,5960.52001953125,10891000.0
2025-06-20 19:46:00+00:00,5959.8798828125,5960.990234375,5959.72998046875,5960.990234375,8641000.0
2025-06-20 19:47:00+00:00,5959.93994140625,5960.16015625,5958.740234375,5959.7001953125,9637000.0
2025-06-20 19:48:00+00:00,5960.35009765625,5961.56005859375,5959.8798828125,5959.8798828125,10841000.0
2025-06-20 19:49:00+00:00,5958.8701171875,5960.89990234375,5958.8701171875,5960.3701171875,11492000.0
2025-06-20 19:50:00+00:00,5962.0400390625,5963.60986328125,5958.7998046875,5958.7998046875,28484000.0
2025-06-20 19:51:00+00:00,5963.33984375,5964.89990234375,5961.8798828125,5962.10009765625,18953000.0
2025-06-20 19:52:00+00:00,5963.97021484375,5964.66015625,5963.27001953125,5963.43017578125,16452000.0
2025-06-20 19:53:00+00:00,5965.27978515625,5965.27978515625,5963.97998046875,5963.97998046875,19270000.0
2025-06-20 19:54:00+00:00,5965.89013671875,5967.72998046875,5963.97021484375,5965.580078125,30571000.0
2025-06-20 19:55:00+00:00,5970.43017578125,5973.240234375,5965.85009765625,5965.85009765625,40464000.0
2025-06-20 19:56:00+00:00,5969.31005859375,5972.68994140625,5969.31005859375,5970.60986328125,31989000.0
2025-06-20 19:57:00+00:00,5965.35009765625,5969.2998046875,5965.22998046875,5969.25,38143000.0
2025-06-20 19:58:00+00:00,5966.25,5966.43017578125,5965.35986328125,5965.43017578125,48959000.0
2025-06-20 19:59:00+00:00,5968.33984375,5969.009765625,5962.2099609375,5965.93017578125,112018000.0
2025-06-23 13:30:00+00:00,5965.7900390625,5970.31005859375,5965.7900390625,5969.669921875,0.0
2025-06-23 13:31:00+00:00,5965.83984375,5965.8798828125,5961.5,5965.8798828125,20852389.0
2025-06-23 13:32:00+00:00,5962.759765625,5967.1298828125,5960.97998046875,5965.60986328125,19551188.0
2025-06-23 13:33:00+00:00,5961.4599609375,5962.68994140625,5958.56005859375,5962.68994140625,13861054.0
2025-06-23 13:34:00+00:00,5963.52978515625,5964.08984375,5958.16015625,5961.64013671875,13264321.0
2025-06-23 13:35:00+00:00,5966.080078125,5966.080078125,5961.93017578125,5963.22021484375,11654369.0
2025-06-23 13:36:00+00:00,5971.97021484375,5973.47998046875,5966.0498046875,5966.2998046875,11296301.0
2025-06-23 13:37:00+00:00,5975.35009765625,5975.60009765625,5972.14013671875,5972.16015625,10835698.0
2025-06-23 13:38:00+00:00,5976.93994140625,5977.259765625,5975.10986328125,5975.7099609375,8905177.0
2025-06-23 13:39:00+00:00,5978.990234375,5978.990234375,5976.14013671875,5976.52978515625,9214773.0
2025-06-23 13:40:00+00:00,5978.259765625,5979.14990234375,5977.759765625,5979.14990234375,8995173.0
2025-06-23 13:41:00+00:00,5979.39013671875,5979.990234375,5978.18994140625,5978.18994140625,9320664.0
2025-06-23 13:42:00+00:00,5979.080078125,5980.06005859375,5978.83984375,5979.27978515625,9221947.0
2025-06-23 13:43:00+00:00,5979.580078125,5981.10986328125,5978.97021484375,5979.02978515625,9421634.0
2025-06-23 13:44:00+00:00,5977.93017578125,5979.4599609375,5977.6201171875,5979.4599609375,7187280.0
2025-06-23 13:45:00+00:00,5979.4599609375,5980.18994140625,5977.89013671875,5977.89013671875,9651639.0
2025-06-23 13:46:00+00:00,5978.85009765625,5979.169921875,5978.18017578125,5978.6201171875,6786004.0
2025-06-23 13:47:00+00:00,5983.22998046875,5983.60009765625,5980.93994140625,5980.93994140625,11929262.0
2025-06-23 13:48:00+00:00,5984.47998046875,5984.9501953125,5983.14013671875,5983.169921875,8387363.0
2025-06-23 13:49:00+00:00,5984.56005859375,5985.47998046875,5984.009765625,5984.56005859375,8527906.0
2025-06-23 13:50:00+00:00,5982.6201171875,5984.85986328125,5982.580078125,5984.60009765625,8531832.0
2025-06-23 13:51:00+00:00,5983.9501953125,5985.06982421875,5982.77001953125,5982.77001953125,7502133.0
2025-06-23 13:52:00+00:00,5985.3798828125,5986.2998046875,5983.1298828125,5983.68017578125,7825548.0
2025-06-23 13:53:00+00:00,5987.35009765625,5987.56005859375,5985.490234375,5985.490234375,7359571.0
2025-06-23 13:54:00+00:00,5987.919921875,5988.83984375,5987.25,5987.33984375,7199766.0
2025-06-23 13:55:00+00:00,5988.14013671875,5988.330078125,5987.06982421875,5988.169921875,8148419.0
2025-06-23 13:56:00+00:00,5988.33984375,5988.43994140625,5987.4599609375,5988.22998046875,6851257.0
2025-06-23 13:57:00+00:00,5985.8701171875,5988.14013671875,5985.47998046875,5988.14013671875,7216379.0
2025-06-23 13:58:00+00:00,5988.39013671875,5988.60009765625,5985.5498046875,5985.85986328125,7318660.0
2025-06-23 13:59:00+00:00,5989.8701171875,5989.8701171875,5988.35009765625,5988.43017578125,6965451.0
2025-06-23 14:00:00+00:00,5991.31005859375,5995.22021484375,5989.8701171875,5989.8701171875,9737938.0
2025-06-23 14:01:00+00:00,5994.509765625,5994.83984375,5991.27001953125,5991.27001953125,7768027.0
2025-06-23 14:02:00+00:00,5995.4501953125,5996.0498046875,5993.9599609375,5994.43994140625,8991641.0
2025-06-23 14:03:00+00:00,5994.58984375,5995.97021484375,5994.4599609375,5995.5400390625,8202805.0
2025-06-23 14:04:00+00:00,5996.31005859375,5996.72998046875,5994.56982421875,5994.56982421875,8692384.0
2025-06-23 14:05:00+00:00,5999.75,6000.06005859375,5996.259765625,5996.259765625,9199180.0
2025-06-23 14:06:00+00:00,6002.009765625,6002.259765625,5999.759765625,5999.759765625,8050419.0
2025-06-23 14:07:00+00:00,6000.75,6002.7099609375,6000.14990234375,6002.080078125,8497371.0
2025-06-23 14:08:00+00:00,6002.240234375,6002.77978515625,6000.6298828125,6000.85986328125,7863938.0
2025-06-23 14:09:00+00:00,6001.1201171875,6002.41015625,6000.31982421875,6002.22998046875,7507588.0
2025-06-23 14:10:00+00:00,5998.14990234375,6001.27978515625,5997.77978515625,6001.080078125,7241958.0
2025-06-23 14:11:00+00:00,5995.06982421875,5998.7099609375,5994.990234375,5997.91015625,7580551.0
2025-06-23 14:12:00+00:00,5997.47021484375,5998.02001953125,5994.14990234375,5994.919921875,8717515.0
2025-06-23 14:13:00+00:00,5999.18994140625,5999.25,5997.39990234375,5997.39990234375,7630682.0
2025-06-23 14:14:00+00:00,5999.68994140625,6000.330078125,5999.14013671875,5999.14013671875,8251153.0
2025-06-23 14:15:00+00:00,5998.06982421875,6000.47998046875,5998.02001953125,5999.64990234375,8355902.0
2025-06-23 14:16:00+00:00,5998.97998046875,5999.240234375,5997.509765625,5998.06005859375,7020140.0
2025-06-23 14:17:00+00:00,5999.72998046875,6000.5498046875,5998.6298828125,5998.85986328125,7494629.0
2025-06-23 14:18:00+00:00,6003.81982421875,6004.16015625,5999.77001953125,5999.77001953125,7439249.0
2025-06-23 14:19:00+00:00,6002.68994140625,6004.02001953125,6002.68017578125,6003.81005859375,6524444.0
2025-06-23 14:20:00+00:00,6005.2900390625,6005.52001953125,6002.6298828125,6002.6298828125,6985965.0
2025-06-23 14:21:00+00:00,6004.64013671875,6005.580078125,6004.18017578125,6005.2900390625,6178012.0
2025-06-23 14:22:00+00:00,6002.64990234375,6004.9501953125,6002.5498046875,6004.64990234375,7769995.0
2025-06-23 14:23:00+00:00,6001.89990234375,6003.68994140625,6001.85009765625,6002.66015625,7225674.0
2025-06-23 14:24:00+00:00,6003.0400390625,6003.60986328125,6001.43994140625,6001.81005859375,5794957.0
